Eigvals	117
3.158109533480425	1.4099240695911854	0.9376421872703925	0.8793053786213764	0.7740437451636969	0.7536864473965181	0.6818052311018896	0.6116641889898852	0.561121367112873	0.509182454130866	0.5015107543491037	0.4718157548218054	0.4435703323282193	0.4220023077647911	0.41890399555335917	0.39085026764051045	0.3765593665383522	0.3548171544557119	0.34467702305473463	0.3348484002703534	0.3183870297172308	0.298372285432104	0.2908061014227174	0.2868614867077341	0.27629553136265955	0.2727848218225218	0.2556167676709194	0.2534662722553568	0.24468093459030962	0.23830943481647862	0.23368506607087058	0.20809522028943242	0.20545584232136108	0.20226937350961646	0.19207938027892646	0.1856960589226941	0.18228581984738237	0.17018121971364977	0.166488433794585	0.1581925283358734	0.15332385451299468	0.1480367104255174	0.14456649789449652	0.1396314825524887	0.1337441320237098	0.12902409890358416	0.12296365353677097	0.11544817208896013	0.11368078612737159	0.10907583842533962	0.10021213129721222	0.09697694773513278	0.09370164014176775	0.09163370754507154	0.08781367894196337	0.08645179464782249	0.08234432645171569	0.08026642504505285	0.07774600931330343	0.07586332964816588	0.07432391768505694	0.07095213850992392	0.06938247359329215	0.06683934011831379	0.06530475877404535	0.0593937543621233	0.058656199438295656	0.05749450070549986	0.05666418467917389	0.054136740484225745	0.05208343139605044	0.05073879402125259	0.04871715909773993	0.046660273521930265	0.04428570366338421	0.04265157351999968	0.04137584620265679	0.04060510410521426	0.03869422706892963	0.03656739063853135	0.03646909965475805	0.03596859297481119	0.03433035195889948	0.033316888885621315	0.03165118205529807	0.030355064827665985	0.029454898831447474	0.027102320999756353	0.02606818922008719	0.024871256308536253	0.02271293096156002	0.02155245969946453	0.019793954227882264	0.01839685098353535	0.017162753982414056	0.016409461247446	0.014849431129464434	0.013844035707696422	0.013238733988826324	0.012152119081360909	0.01054483515321552	0.00993989781566637	0.0094354242800269	0.00808372664113534	0.005988139763550357	0.005378857110195161	0.0030443384570655752	0.0023683164200584885	0.0020198055946904422	8.408271893350569e-05	0.0	0.0	0.0	0.0	0.0	0.0	0.0

Proportion explained	117
0.13869198807694993	0.06191842625345645	0.04117762784308336	0.038615700245632344	0.03399301535845433	0.033099001370252686	0.029942255637528066	0.02686193164205786	0.02464228587777157	0.022361329177675245	0.02202441771739112	0.020720327888737736	0.019479897891557862	0.018532713452930193	0.018396647532565164	0.017164636021895715	0.01653703477366254	0.015582200691131894	0.01513688523628345	0.014705250038209125	0.013982330144430816	0.01310335978373632	0.012771082169140292	0.012597849907491753	0.012133833907664891	0.011979657087475306	0.011225702376134315	0.011131260913172753	0.010745442772992577	0.010465631081442222	0.01026254664496846	0.009138739332908931	0.009022828034140616	0.008882890615960247	0.008435385421896396	0.008155054572049574	0.008005290027103143	0.007473702683590791	0.007311529771211394	0.006947205605513719	0.006733392232470544	0.006501201259685191	0.0063488029119159115	0.006132076075269744	0.005873526350921721	0.005666240704151315	0.00540008932224255	0.005070038368562168	0.004992421594947016	0.0047901900557890485	0.0044009302311062	0.004258853449011762	0.004115014574244583	0.0040241989517956515	0.0038564380315808276	0.0037966293269482768	0.003616245168627751	0.0035249917545004837	0.0034143048182460876	0.0033316247899247736	0.0032640197548968325	0.003115944220404433	0.003047010592360702	0.0029353259804590108	0.0028679330875760866	0.002608344575926963	0.002575954008843349	0.002524936681834947	0.002488472404962197	0.002377476805716913	0.00228730339135099	0.0022282521048847597	0.0021394696976454633	0.002049139217739196	0.001944857269625	0.001873092577501513	0.001817067554933227	0.001783219535206344	0.0016993011871176272	0.0016058987355182552	0.0016015821746754352	0.0015796018520325018	0.0015076566262456062	0.0014631492375735545	0.0013899978191690486	0.0013330773503963994	0.001293545532297226	0.0011902293891666812	0.001144814310640951	0.001092249634419989	0.0009974643110752621	0.0009465008898449617	0.0008692741130937586	0.0008079187280277797	0.0007537219483560226	0.0007206402373168541	0.000652129732462915	0.0006079766439236465	0.0005813941274255658	0.0005336741923844453	0.00046308848247306514	0.0004365219681969735	0.0004143674365544504	0.00035500609052469857	0.0002629759987375003	0.00023621865495357389	0.00013369560128087814	0.00010400732121890877	8.870207017419143e-05	3.692588660454575e-06	0.0	0.0	0.0	0.0	0.0	0.0	0.0

Species	0	0

Site	117	117
SRR19621115	-0.12330627944903753	0.1425857074112205	0.1894169194722257	0.054524137687199076	-0.005905016200914296	0.15093460446899845	0.04294309894693071	-0.04855899700007373	-0.016099522707306923	-0.04780234954309505	-0.08478966425621734	-0.08695952952666904	-0.01564866923990634	0.006263860192936135	-0.005776455406930787	-0.05852933578909198	0.01101491419114777	0.012681909905766486	-0.03794382766917921	0.062011656298977445	0.005235306792215321	-0.06949253811729741	0.01037333930168914	0.055312689136042634	-0.020569854804433442	-0.07801947127176542	-0.024102879347883598	-0.06314688321706964	0.028101760785374793	-0.009112483496038609	-0.01088954260567118	0.08029557219883994	-0.005965417343510436	-0.013149364427773534	0.04220718426578795	0.009553369362134315	0.013819822341651649	-0.02365126243579147	0.03659180359194405	0.020216402632745274	0.010524186105041806	-0.037816865886754196	0.011136634344227325	0.005853875988323635	-0.002650169644325064	0.00963174999363798	0.00833196206824511	-0.006344483150131119	0.01406586957913675	0.08810983627765653	0.004844265195183719	-0.02769450873667927	-0.047295645634344435	-0.00714813710935517	0.009339987816643578	-0.00839071110838241	0.0033113633466399024	0.02998058233902505	-0.02975569777287084	0.016056675541838192	-0.002548486503756183	0.022227550274096	-0.02590826416248843	0.042961037738789905	-0.01989845535156367	-0.014821360127475319	-0.02921024024660941	-0.0032513440747086483	-0.008901608773692081	0.007809485943282773	-0.023846828193255076	0.01278998209510031	0.0029260469074545467	-0.018306764195056904	0.012276615326637607	-0.0031964998631858342	-0.025176843089470477	-0.029883555891980187	0.023426831941659596	-0.00278641126710666	0.00015819580465299162	-0.02669155726437218	0.007308214180904626	-0.028356230990522195	-0.0052658526759263085	-0.006949605598784282	-0.006510359656542334	-0.0007287578935082284	-0.03264994159051235	0.011020588921181065	0.03182262717183847	-0.01481163600514411	0.01564683736578129	0.02001415854815884	-0.010642884329167055	0.013219833514302731	-0.005547380301234709	-0.010395516248849374	-0.01652695112869528	-0.00032464116055194985	0.004903397947709876	0.009408994804185352	-0.0007847406116527817	0.017390858971936398	0.007885931520295517	0.003739483410877853	0.012283926008709777	0.0008558161507681505	0.008804572835050867	-0.0005380192579895898	0.0	0.0	0.0	0.0	0.0	0.0	0.0
SRR19621116	-0.13885370570782313	0.15930624338358193	0.19643918635451244	0.051557229954456524	0.0014523207377531602	0.17227080610210105	0.020503931502759632	-0.054992524256297116	-0.04590161651624833	-0.06240653236063955	-0.051832696960034265	-0.08408144998361365	-0.0243292546304521	0.009510049750608554	-0.03065192293002517	-0.07306026685581972	-0.02734573076837853	0.008911106943760776	-0.049374268368303394	0.08387588441488558	0.0055105625480367975	-0.049102834459813054	0.0005466479912609019	0.036266881858118855	-0.01785051486047387	-0.04868313186701501	-0.005407329378483281	-0.07787670181724723	0.0170886123992794	-0.020560311097183755	0.040298218722701125	0.09691928425055064	0.0233944887929273	-0.010897019110334975	0.03396102546853055	0.04177419009768763	-0.002864125213662648	-0.044133153006294126	0.026131227972743934	0.04936592912001649	0.016331308023630337	-0.06085088897788563	0.02646675755774775	-0.10484744473565243	-0.008837206941547689	0.011445968971072305	0.012998301859746226	0.012499716938895377	-0.002569252901457502	0.027995678749840255	-0.005964795220621578	-0.042084394436632096	-0.02623454244387117	0.0037409982118003014	-0.033943402516780546	-0.006453203123321705	-0.0029667405923093407	0.011871440604424811	-0.008458598500923004	0.022200789309791438	0.03836282837557347	0.028454500095911935	0.0240174384552231	0.02250851324075132	0.013745720798762823	0.019325624987083852	0.03935550428069728	0.04538941431996249	-0.007918724035355778	-0.00043688412883739525	0.009440224914840107	-0.024050888230726257	-0.007984775577228726	0.012460382359747795	-0.011951208983479808	-0.030958165375368277	0.028370147605242837	0.021851497059968	-0.03594963561968736	-0.004455207646317079	0.00469120423331483	0.01607990261853875	-0.016138979578593615	0.00660057296191119	0.014342582374131453	0.017850674819256906	-0.00017562632869082227	-0.002168967186396964	0.012676132789344378	-0.019769008570969325	-0.02668753373965908	0.015295925439988516	-0.003929186427690841	-0.009384263649949098	0.0004309659964400994	-0.006134047641514109	0.008716469633505038	0.009961653327866292	0.010270377715931868	0.0018450112922244958	-0.007254951034261523	-0.008088781336147792	-0.0021625968259941027	-0.01426333035114482	-0.005198793956349354	-0.0008074012644396669	-0.010315153745535084	-0.002944448766880497	-0.005272482980270122	0.00035236269980755896	0.0	0.0	0.0	0.0	0.0	0.0	0.0
SRR19621117	-0.08888200753708352	0.08242337235087391	0.19280655769278549	0.03151897793646406	-0.011842379459229455	0.1689404377127618	-0.022158120343248093	-0.07971041521342402	-0.052076372902019996	-0.0006227238173504152	-0.08408145480164225	-0.034425364503000315	-0.028569288438926043	-0.005786154896040681	-0.020703464184057815	-0.02585678968551433	-0.010683953968745143	0.08955803218383332	-0.07923167822261683	0.009350051556288985	0.004189573098225157	-0.05482307426640148	-0.03225886863806557	-0.012014782097535906	-0.036416084681579974	-0.0380304782943639	-0.015255423203576852	-0.13518981565508903	0.07449597630134892	0.023761620007727514	0.0665174500823512	0.04403188437204437	-0.008831641086684463	-0.020577338939861814	0.023321617950626438	0.019644270771630605	-0.00504436564540579	-0.019509288920077028	0.0031257260790928504	-0.08848866830827834	0.042335318378988324	-0.013334439273315728	-0.07982776904074382	0.0905876118449166	0.02576232098059803	-0.02008224114322088	-0.01936734378000009	-0.058946144286809866	-0.0022921580596682776	-0.0961989918407429	-0.00045407860837135813	0.01746117832381553	-0.0004899321169370749	0.02005271679529169	0.04907602558684896	0.041167285094438455	0.0527157647526714	0.009993572113571535	0.04176659659403843	-0.03373552263529242	-0.05074294325714468	-0.054943367254965805	-0.008356245053206661	-0.03603961841735647	-0.02128259608632325	0.013567020854131336	0.010859342840120191	-0.025162129703582697	0.013433723108842426	0.005383385340465241	-0.008910543835848574	0.0139954776225813	0.013878264870365373	-0.0015148935836932667	-0.0009437375678710583	0.013648990016178591	-0.005922157110772991	0.010209934899713443	0.013837567806737944	0.013236660283838407	0.00420627315330558	0.0095219107945482	0.003613701381678259	0.0064043706883556714	-0.0134126606383703	-0.007064828065854621	-0.002782918097527025	0.005042914275357239	0.016012368868621528	0.013240216746762377	-0.0006209517971824103	-0.008551862086113075	-0.015766959456760824	-0.00346899589663358	0.012913543231318783	-0.008968294106361189	0.007444430257567176	0.0011513193469449257	0.0007991175233940094	-0.0010941658490141292	-0.010165705340522658	-0.00480849771166934	0.003081732259538094	-0.0004235165594242049	0.0007268244055160274	-0.0005114110863173306	-0.004944383286176086	0.0018586478776855453	-0.0033581977754684293	-0.0001357510233121233	0.0	0.0	0.0	0.0	0.0	0.0	0.0
SRR19621118	0.20114113102293807	-0.06801977384529077	0.01692939119385949	-0.001711250541440525	0.021314237287087104	-0.21224977961830976	-0.04083228227040942	-0.0028235756232535053	-0.08760227703437252	-0.03899658704543113	-0.027965949857645927	-0.06434391793861145	0.0024319062459820656	-0.020310901077299947	0.08043014273754509	-0.012308978536186484	-0.048738026076704695	-0.000979075299006557	0.039400620113491186	-0.04307439985443989	0.08873744222202927	0.02018460666847004	0.07284021019216634	-0.02335910594521583	0.0919829087624303	-0.010158337631053893	-0.03285288006478918	0.00160637736077675	0.03142234557047446	-0.06422033505513504	-0.05198604341071232	-0.027381892851902727	-0.023281675848069634	0.012189908601830045	-0.019527722308270087	0.11203276263182392	0.013809582127629191	0.04900220107767918	-0.06108638245385968	0.03912799538320619	0.14271690235744391	-0.08281343551921948	-0.03535863254348837	0.004542699191632324	0.039594049207594885	0.06634332292750293	-0.03659846903674673	0.0488572807019305	0.004806968038646343	0.030534291328597737	-0.004767754250592204	0.024843926424450435	-0.005993595623108161	0.016395080550308905	0.01003927115484677	0.024140045019947178	0.04491578429613999	0.02502307545141973	-0.029239490084801853	0.020053222251768588	-0.010133274121768121	-0.004978010257538659	-0.02054427504482633	0.03360392719149303	-0.03069458901603682	0.0313944478875617	-0.007415371023727189	-0.001502170486596508	0.017779825669793935	-0.00861055194067523	0.025189343686696133	-0.013775162307092005	0.010531506223590803	0.018908627726672487	0.007285351408702183	-0.0048838158863299	-0.00117698133103725	-0.025967621190002437	-0.008599716106825155	-0.008276916193850027	0.009468970090549034	0.030909030777056645	0.0044721581491746175	0.0006315412710125006	-0.012871138143013367	0.011853302661199142	0.016149625827002332	0.0026714695877609143	0.007121266013584061	0.012793044094502591	-0.006843199626236932	-0.005110949960810573	-0.008697639582703162	0.0005795092500523632	0.01327920517876538	0.010748611540946973	0.008947929135791143	0.004950380543145501	0.0014400040420997045	-0.009869832060437931	-0.008878294883553189	-0.0024574091082767567	0.008330568534268633	4.482581332196012e-05	-0.0037730201011040264	0.004464780631077542	0.00623273229430024	-0.002755182072051896	-0.0012607942247564409	-0.0003447495688263369	0.0	0.0	0.0	0.0	0.0	0.0	0.0
SRR19621119	-0.14454944626286662	-0.0961319299896388	0.019892418406628632	0.08903481668982798	-0.030647819313593137	-0.00011319231311929507	-0.0360981910174969	0.09739472174627062	0.06885622203377835	0.001471797636804584	-0.08946709437602955	0.006194906681765624	-0.044377881281708546	-0.009039196619731876	-0.0379314253277953	0.013081950620441587	-0.046964160846776785	0.05618801012778118	-0.09802010798747507	-0.053671834820426846	-0.042311173083110755	0.020063705572329005	-0.008049207147751843	-0.0017333862610011649	0.056397435148631825	0.03305628696211976	0.04438084101076358	-0.03527618598960886	-0.07343636792170702	-0.025328437617458188	-0.041329728413231764	-0.032459442285533366	0.019906114878292486	-0.029412069675593767	-0.0489496880920411	-0.12695707545961155	0.038922544328346444	0.013504477737836721	0.018514621973026335	0.029033524239386127	0.023011923086656377	-0.04714228347915033	0.016569616233201474	-0.03243702513970019	-0.011095920840532347	0.029022404633707543	0.01653890344435532	0.02835253099547716	-0.01758778473813058	-0.018386251709577892	-0.006848347533485156	-0.029653960085098137	0.002817925290904865	-0.027383243980411708	0.009875258445232822	0.005192361835757282	0.02168177086468957	0.02467573825603333	-0.029131909875240867	0.006441219265476647	-0.010724727533913321	-0.05851216617006864	-0.012540060077793059	0.024647959119543397	-0.03327980826318862	0.0041495076831743714	0.0034102380862733347	0.004703424213426433	0.00620445425951378	2.170508101188432e-05	0.004328849380987988	0.010227252524044418	0.0315068386559009	-0.0038942093590632943	-0.029918324162859708	0.0036643171827611463	-0.0015645177673712482	-0.018169255958545117	-0.009059656885847771	0.016096428603546997	-0.019720963633712143	-0.015870430575563137	-0.021006206456077498	0.013728041716102084	0.011664407832311872	0.0124311608382839	0.01018642138116737	-0.0008162871961083959	-0.006891568628322103	-0.011968101731172092	-0.014290880523405616	0.00113208117314007	-0.007650186881071613	0.01461223099468782	0.010315957834792921	0.00984264969106897	0.008144704907976483	-0.002420240147198162	0.014344719273043429	0.019779440387779026	-0.0013574200308031515	0.016913157298847233	0.0024883038389202244	-0.002585850481637392	0.01631468214923726	0.002014341538372346	-0.002111668435554932	0.012765540530621294	-0.0052783280971542505	0.0021570934820459454	0.0	0.0	0.0	0.0	0.0	0.0	0.0
SRR19621120	-0.03889251288684586	-0.1567997781326691	-0.06335217375408535	0.11060063393628777	-0.00480739814564096	0.03336781000712265	-0.06541661825409495	0.09472017684310219	0.0047288547935666605	0.022667338443074385	-0.1361697307773579	-0.054128743965984084	0.00789097508035845	-0.01577390286385286	-0.014175443109576778	-0.02699589116955248	-0.0300244545160866	0.02413971432843447	-0.07292395926723338	-0.006974135622139586	-0.040788843654622264	0.04225466795857136	0.02173851560378739	-0.03346971976260692	0.026981157555524344	0.009636096290929342	0.04603243224806569	-0.07424393709381187	-0.04873504566634625	-0.003704015491898445	-0.04747624691270319	-0.014525206361946905	0.011963535645649009	-0.049318027819315886	-0.0210110750830223	-0.0919352136507471	0.027733057155003658	-0.0177424659028713	-0.0074859149252645835	0.026521161435186846	0.011883022461445777	-0.0018025580060310328	0.04690480880403711	-0.020502710404975012	0.014642205129523344	0.008716833831880414	0.00677754045627832	-0.029744538802151332	-0.06659928055969204	-0.040244210220522644	0.03600452883045397	0.01885205095606969	0.01719868291426004	0.04678230731651478	-0.0006052461335250724	0.019913148357245492	-0.04435046851502697	-0.023257036538670596	0.022869458775259942	0.035597638111596844	0.0075172171947158525	0.017689779758140758	-0.011810404448554149	0.04813993381908736	0.02962805051582801	-0.03483514659224958	-0.011696894489571718	0.019266428362944395	-0.015944374408991827	-0.037426897822072064	-0.0013154764933794082	0.019456320661948825	0.014815032442636112	-0.030681344616733126	0.03219756873916859	0.001251664764019707	-0.02478701170994548	0.0033858029861238634	0.0016649936028526925	0.012567162570102442	0.016163450565197662	0.033720423034509374	0.0031615884069413494	0.013011052279970455	-0.02925871215098846	0.0048053149870166244	0.013029724557291417	0.015391159852777609	0.0013194952572359105	0.002088870313438315	0.0227375291770997	0.004515563903596286	-0.008299056011815433	0.004286323411650882	-0.011293704907520364	0.00877928908220326	0.01115065243646483	0.012946277376094672	-0.013519028598527981	-0.0036739370929831476	-0.011096164993508406	-0.005027563480157218	-0.000373708440995567	0.00028190309738816195	-0.009639243949541337	-0.0028952947418412226	-0.0027489165482728344	-0.008247274096731462	0.0024846985201931837	-0.001367931396584722	0.0	0.0	0.0	0.0	0.0	0.0	0.0
SRR19621121	-0.014731652996907754	-0.20037098223647573	0.08275462174699495	0.10184513428291166	0.004835800689904352	0.07317655778868619	0.05372103271145281	0.013596835157414501	-0.05011598293582646	-0.009892337980730867	-0.043430772363301534	-0.020027968357242257	0.036409412052344735	0.0017992848673924003	-0.023459267215529527	-0.0012214642595920076	-0.06911833585226027	0.05930131277051434	-0.06234221100385278	-0.011750182957456438	-0.04198009622245823	0.08679601307618341	-0.022905741778888603	0.008985494120445912	0.06471245749711463	0.06368875114733095	0.03314566918460702	-0.06336570562356057	-0.07921495135774363	-0.02247603715355835	0.007195174546559169	-0.0543341465199593	0.07701901350760808	-0.04882007146112385	0.0012720537521321493	-0.06879624619267063	0.008024812663633337	0.025517314813083468	0.0065531967626650985	0.01892522927422955	0.038006014361724356	-0.03722614774448218	0.0412192532281236	-0.039692991002464914	0.016553740903283924	0.03708847449974412	-0.023984828518220057	0.01406792252810733	-0.023158045266592774	-0.04259687697713501	0.005125563424014319	0.05242158938321378	-0.04909115618264715	-0.02487166937965727	0.04405736234109686	-0.02901426767548955	0.014643573934683534	-0.025247457027376363	0.04625415098369372	-0.008511725257539597	0.002408985451864934	0.026546957223190143	0.006151313708236774	-0.04494593637367512	0.00463030777851841	0.005616795286712786	-0.007800750157257748	-0.03383024801534646	0.0009372989994562306	0.03468660676102831	-0.03279982603512163	-0.03020878193307016	-0.04533765991071783	0.01178584572621364	-0.001970022502266661	-0.012871793490478208	0.030263755825288473	0.004316634899508693	0.004450877047087154	-0.018614789924170178	0.008070302786931677	0.004268234647232443	0.007044921298952194	-0.019631031101439513	0.02326715139999473	-0.01105919826191713	-0.015270931651202264	0.0009630725157839988	-0.004674383003611342	0.005901295386804409	-0.004263234391191754	0.004985289573032232	0.016311655533697147	-0.013183663787279826	0.00813370754958475	-0.008962418246686045	-0.015353215499198299	0.00015426467236044012	-0.002342711731263984	-0.01644333347666982	0.009911105230586135	-0.006227527552585562	0.0010956816411296884	0.004041177755677883	-0.005695132939178477	0.006441991251268741	0.009667766937339721	-0.0019430471269232803	0.004926421580842326	-0.0005010862468852166	0.0	0.0	0.0	0.0	0.0	0.0	0.0
SRR19621125	-0.2027831345564351	0.15229327389203848	-0.09937352508046164	-0.005166233266987217	0.015512908761987685	-0.06616093897217552	0.015265453196883027	0.04085076204918801	-0.03579074443731005	-0.04704156110180429	0.01669187310499058	0.05866381078799988	-0.017142489868645305	0.09271792952101157	0.034431025133700444	-0.0027429594749988715	0.03176693335530283	-0.0034878806716367727	-0.03309779274795233	0.01147384793774473	-0.0783405187251906	-0.039399765710929284	0.026009814460832545	-0.03787570114547183	0.03094049495558778	0.0007705733439751931	0.11039504610322425	-0.05608676447445956	-0.014817103201619672	0.05562364942282357	-0.05034109404023545	0.034820623815235326	-0.03786197681813219	0.059241936992025894	-0.0026134170248460677	-0.005981755353413772	-0.0971522791107695	0.08879866325092067	-0.015591470993333871	-0.01129149714108952	0.004319973179286165	-0.012385856062318018	0.029250918443606017	0.035360850659360066	0.044667106438862944	0.03923508572378388	0.02631509153275155	-0.015164559058711833	0.028515157213507707	0.011458194401862224	0.02702910075937727	-0.0015977392910713885	-0.01938255745661087	-0.007549028775309669	0.010700116530782294	-0.0192741696754953	0.0340674069768032	0.03198401828622685	-0.001188768801342743	-0.03749208195749834	0.02526207953099551	-0.0011579541375243507	-0.026032552732893285	0.04950036813651101	0.0011730122184605844	-0.06431161568456689	-0.02296043725055179	-0.01012453488174703	0.023159310748236666	-0.005472445788430201	-0.03428261481451573	0.006379801247191305	0.01428976816109206	0.00455925388530547	0.016599879528903228	0.014061969430773459	0.0016456367193310665	0.03043494646986215	-0.0286967593935584	0.02180765679328785	-0.029083377187383623	-0.009993127028329482	0.011769999200012645	-0.0059204736465181765	0.004327207774204499	0.02012748853694059	-0.02873730611115936	-0.0038271618544456886	0.006337309955501958	-0.005847815050886785	-0.007654154782934268	-0.004603423505463919	-0.0004295497207937144	-0.045268553152398035	0.0037248184431061915	0.008122235432125946	-0.004188505005553257	-0.013817459689825505	0.001318938366901628	0.002571726232189971	-0.001689466874743024	-0.0016941522261196566	-0.007228032301388359	-0.011933767667487043	-0.00415849615944352	-0.0020525317943434133	-0.0002880093371239407	-0.003825301142014749	-9.053465965198057e-06	-0.0001438057311507349	0.0	0.0	0.0	0.0	0.0	0.0	0.0
SRR19621126	-0.1856237498096192	0.21966100409817949	-0.07135991460547947	-0.05587356178886918	0.028151172100297238	-0.08850512556603268	0.07137624004326601	0.014807374991774171	-0.018364531577304964	-0.07626335776581401	0.06430376693316968	-0.04256226765027369	-0.005118132418375773	0.05150687191086862	0.005732755499196003	0.04253054734491555	0.03520795250758499	0.014640464979789217	-0.055560142708694145	0.08941503137064202	-0.055915478320341945	-0.002608845268148542	-0.031361135401856824	-0.043721846351621525	0.06375074466871862	0.012026554993233355	0.11666567063337102	-0.05600249193664952	-0.028929760929053677	0.029700553442829267	0.001695270266844274	0.055372903749880964	0.007945160827552379	0.07695602889338092	0.03987517835107104	-0.00022346907225955878	-0.14364520368687225	0.004997580293791694	-0.039465791071956295	-0.00981514234961894	0.03699304054267371	0.014802684436272154	0.01071018901821475	-0.04501977482303886	-0.00305889062452784	-0.004999100261420895	-0.04450178589894897	0.010671496994377526	-0.020327511111512334	-0.025392633907120408	-0.07809852334038342	0.035656398186261526	0.048974226090763275	-0.029528402279312804	-0.0007252239562220807	-0.028000907822232104	-0.0119956367795551	-0.006158206625367666	-0.00022800323975407147	0.012244697369301647	-0.054141287382102304	-0.010075654295848616	-0.030780230740879107	-0.01769984841433043	0.03839769853219056	0.056716983738813134	-0.000568786541412151	0.0085531914112436	0.0056537325373041845	-0.028693974700645608	0.011594561442304144	0.01746557929146964	0.0012620741066710452	0.0034341102167908494	0.015292990588416967	-0.02082965687268467	-0.006841310761910297	0.011056133035314683	0.009849532282754467	-0.020616218843702037	-0.0164737259864707	0.006769853509417377	-0.01027883796217926	0.0016547677561942879	0.0008005784099157061	-0.0017603148818983586	0.02489350973806557	-0.010877645759254203	-0.00753022323950715	-0.002315003254178006	0.008978360708146265	0.01751710142107096	0.01056438270197139	0.031436651760166655	-0.016475457758455943	-0.0075605853375144165	-0.0012128713403160682	0.008986280973910778	-0.006474651337948127	0.0036121249339351714	0.002762032509185418	-0.003033330448842322	0.014081299255923925	0.007545441534696818	0.0001675297719657134	-0.0037444676224359353	0.0019126883103622583	0.003254497228657225	0.002417087888101872	0.0003983216686146589	0.0	0.0	0.0	0.0	0.0	0.0	0.0
SRR19621127	-0.11687432156723773	0.08883979864266241	-0.020757503481303136	0.00849353384955259	0.024156716539963544	-0.18050750092900994	0.05891176969983783	0.029397914000293488	0.11614632190287086	-0.07163128474353903	-0.02924444752553766	-0.00394793979378537	0.057057883388820424	0.032941982165078966	-0.015961339081602546	0.04612419250623295	0.017939686332630985	-0.038728440613441294	-0.026701386541422713	-0.010629395194425363	-0.09587386155761358	0.030590855992670852	0.011510543032303365	-0.08817905141549934	0.0992809144961844	-0.06790150798625542	0.0787554229766141	-0.06594508866407073	-0.01651139908455454	0.028874358229252335	0.009303116527064099	0.1069274705077368	-0.0650464554721722	0.0047927655779707885	-0.012572321549755789	0.03181965275300826	-0.009713397774470953	0.020866912989436243	-0.03721253736704803	0.009207848678442198	-0.0651749020198276	-0.020830379913987774	0.0038561248794876392	0.017244357253787156	0.04521978489807963	-0.05621307473553209	0.005843576656182324	0.06985999494335096	0.03744614295270607	-0.011608980458112431	0.04458326056673103	-0.005206199200009643	0.014731584677961486	0.04327661172372812	0.004333551403882782	-0.004049804604079024	-0.013234540743799858	-0.015329884344689371	0.015059823398698463	-0.0006142600246128826	-0.008570942687567869	0.031641842294661555	0.0244501180527388	-0.016083147060072127	-0.051359808239821184	-0.0185591166968362	0.0381567361892601	0.002554400516669044	-0.010822061247545638	0.037423019806181616	0.011489657662197965	-0.04723103671265461	-0.021019402790761563	-0.018229887040694	-0.02176134088302567	0.0024791116332369308	-0.0035752439388721203	-0.04038352434413071	0.03063548515351424	0.0032585657772651157	0.02853099883543075	-0.006548811306265881	0.0012415003043958557	0.004863110614315398	0.010101905862801385	-0.013216600087295223	0.00194282115391302	0.0017049892952705895	-0.016609692376317188	0.003789182627973679	0.00022772655101662616	-0.018096439181662368	-0.002658342965940819	-0.0008496941116900827	0.01053617149954306	-0.009918020023042913	0.00793465651577965	0.014150674262114206	0.002844431386783502	-0.0028348788992538414	-0.0033398180221089688	0.005013818059215033	-0.005563143680981476	0.0046031998510087215	0.0018664653046118794	0.008149254757700302	-0.001735355114750567	-0.0025792080169554058	-0.0043040713840765184	-0.00010200444779843396	0.0	0.0	0.0	0.0	0.0	0.0	0.0
SRR19621128	0.11358243456460847	-0.19966864044350827	0.04141867503536304	-0.10077469860935115	-0.1440965908704501	0.011856928423513359	0.0629217514086181	0.09285255688463118	-0.004066531724765358	-0.02817790863631483	0.029172714631691913	0.03230154736379534	-0.05050144514959772	-0.04111332970137322	0.059935157062181124	-0.0019284748357751038	0.10383180549123272	0.03190338209189078	-0.001080978389250086	0.08163931272796039	-0.007260315162022026	-0.033672706956203766	0.008999232417631507	0.02675915023698996	0.048279605819678384	0.03568632234171055	0.05416189427098159	0.019936172407319656	0.04415114415172045	0.01428758400016384	0.03509475037135442	0.05222707038876119	-0.03461049455653319	-0.007741629331048384	-0.08314573626172307	-0.0011913020380483962	0.04790124463727237	0.05652319090829545	0.01992683388310471	0.0583971338050562	0.031807182828559925	-0.026008253827063302	0.02060978061171874	-0.0006914318357971263	-0.04103459950427079	-0.05858326063882528	0.08170149053842443	-0.03434482648280744	-0.007535563850471457	0.01719891054562516	-0.029162704255967047	0.02212914600884256	0.009715264984226807	-0.01038526952082771	0.06916044687057729	0.01226173768083613	-0.014664996279133676	-0.01338468803100961	-0.010995176445651468	-0.02971196296208358	-0.004316826461683726	0.05675267580571651	0.04586186926296737	-0.024702535731422087	-0.02255147626913767	0.02244645948620947	-0.022487386480959902	-0.005881482417627746	0.048212052621223106	-0.04391948147844518	-0.021088626802103837	0.02194527238688968	0.00830399216699926	0.029189672057985946	-0.007891370070481511	-0.03340768254615017	-0.0002112321131841339	0.005942562454971009	0.013317557870488545	-0.0017098553693306216	0.01712966724815994	-0.015600602574044277	0.0022714105127780012	0.006801520386845799	-0.0032439491406581395	0.0018851079677875652	-0.029820932795263135	-0.02005728793642391	0.014648308879361409	0.012830257810216053	-0.010233138319091159	0.005021111160662306	-0.004795661759247008	0.010770706414903436	0.003835965536463068	0.0004887073934821169	0.025056588377181013	0.0025130924399544515	-0.005195390842803638	0.009541926427051895	0.007289088068522714	-0.004115685306450446	-0.008976387624971086	-0.007104015594738829	0.0026263418863365384	0.0022268934826181266	0.0017984828046062771	-0.0028021368235660597	0.0030198591914610846	-3.198482884306332e-05	0.0	0.0	0.0	0.0	0.0	0.0	0.0
SRR19621129	-0.3088176693808106	0.02830053617923937	0.017615032207707385	-0.07005293891055951	0.04831741631259085	0.011137489504067037	-0.012579955326497293	-0.012688540276110737	-0.06611113337416458	-0.012220806737468393	0.08654586236869641	-0.16278456165686592	0.054695804894776864	-0.03163189679574433	-0.01281861856705187	0.11580093353623847	0.02406607837821171	-0.021126995335049917	-0.03913677529243786	0.06285155930498143	0.08617304348744463	-0.051821427651951156	-0.08222321713395643	-0.023876753834398513	-0.02126433070294933	0.0016646454597495353	-0.02121801618830087	0.03168944768487967	-0.017994466913615906	-0.004067562153990072	0.017100279223578718	-0.023192983478846536	0.022299945812503094	-0.03500353873032209	0.010439589560422888	-0.03320699013017652	0.050040671959417464	0.06945724004290435	-0.04147013383518921	0.0044201073495513075	-0.010592727341646749	-0.020356718759391716	0.018057294865756728	0.020805374026799998	-0.018672089607705823	0.0027979473002981087	0.036999636137778	0.037121479778481736	0.025216934523993737	-0.0026249168074221297	0.001878356622612252	-0.028990885413326783	0.0031658778679804532	-0.03883846507056161	-0.0020617298630043997	-0.010299735001870095	0.013645953669342315	0.011026484991353279	0.02372453899813117	0.025288939715942284	0.0028597271238810468	-0.004909290499784011	0.023725179810554463	-0.0289159866352119	-0.03914507609689786	-0.04703196737086086	-0.012814232817612476	-0.029587541091901908	-0.01580897340003152	-0.004842219585787717	-0.007694370072518572	-0.00962827027801159	-0.0041306510992975476	-0.01541500535661589	0.03898810631192467	0.034463442231747694	-0.056494330008370605	-0.01649968260971127	-0.016276360883145494	-0.00022462614079118415	-0.013561393928219067	0.01911511035300016	0.03337184011443434	-0.013870079472066484	0.030425801335774917	0.024313794577477277	0.03311934195204988	-0.022893359292250653	0.02541069764125906	-0.0008635829917917804	-0.005009052134645994	0.021626472149124422	0.003008130310998963	0.026351544187069288	0.00028032170846813365	-0.010314169187306706	0.007508684490691399	-0.003365929881064312	0.00900448517907563	0.001489299047036577	0.00671744361479879	-0.006953272699527317	-0.007751699482900682	-0.00035908420548216375	-0.006138104514588914	0.004636091908899729	-0.007315762338137121	-0.0023107936041570592	0.0006959848551681982	6.385606435046398e-05	0.0	0.0	0.0	0.0	0.0	0.0	0.0
SRR19621130	-0.28862573895797117	0.08418234744211696	0.029198252577824272	-0.06469392655929437	0.04946333524594185	0.0019565031888594373	0.0031077601435348656	-0.007324390506227516	-0.06806371019147474	-0.025765215679553855	0.10416482141180954	-0.18262319886677292	0.06341018810329659	0.004109531825584506	-0.014207975404063475	0.08614787279995703	0.041648526095304575	-0.039869067340353594	-0.05277608900195123	0.08151763592654805	0.10807100957990866	-0.029759274547486014	-0.08312070272696458	-0.022757280951859412	5.82009775515984e-05	0.05375143853127665	0.012604104472920003	0.03872560824367744	-0.01640443470993193	0.018806327352581056	-0.0095173032225268	-0.04634899540146174	0.027424983434448137	-0.03373931163535446	0.0025192582947011904	-0.03256442394617837	0.010428748753492756	0.041264379163528736	-0.06423793073388466	-0.03348756176355205	0.015087173380523778	0.013659771959000542	0.005094849233542055	-0.020910247372589844	-0.035945450008814835	-0.039703108319972265	-0.0200541496951496	0.048850344428512195	-0.004518122406473249	-0.01671481046643878	-0.043549200580081625	0.015117300705567261	-0.025516083385283397	0.002351034302309933	-0.04079741609573016	0.06656728452925524	0.011043344931095097	-0.03801362692005529	-0.036032735041477006	0.0003891067749059547	0.0720597511083863	-0.01459913638505854	-0.033126186665182654	0.019929453830672215	0.010938523616047555	0.021501009234719225	0.013757196026643598	-0.007028650480854611	0.00666657834462891	0.026913026759107502	-0.014551033153344411	0.027364342723620295	0.011404648146029924	-0.008426071759487445	-0.008505261016667013	-0.0019212310225245094	0.0024125729963534047	0.000762022155426014	0.020701797312876	0.031319666524365936	0.03916675414357251	-0.0018676147332661512	-0.014161762380572976	0.016859202680933463	-0.021953349103693107	-0.03165795001184844	-0.046375429758445635	0.008810183887893251	-0.014624489158993968	0.000660986517642031	-0.008120280975486104	-0.013245223159095463	-0.0014804667307771306	-0.01934164816813366	0.0007024245266665177	0.0059577416351068516	0.0025560321441294707	0.00368859053418475	-0.0007942185154119378	0.0031149752222526393	-0.003239648301760817	0.0013906724862151074	-0.0002793457393193237	-0.0018994510738788687	0.0024656921411555484	-0.004923380247303905	0.0064799656537563475	-0.0024663912076884073	-0.002079499577759808	2.9307927689022998e-05	0.0	0.0	0.0	0.0	0.0	0.0	0.0
SRR19621131	-0.3007440859155321	0.0055176163024858805	0.016066216773485967	-0.02265610157884242	0.03891957893280918	-0.042425385390640266	-0.002989789072897444	-0.016596760464780022	-0.008177013003591463	0.019036765475225467	0.058122650521482425	-0.19000862201427113	0.07057920318965573	-0.022508155188034198	-0.016115492941818008	0.06450237943314205	0.004821732188058811	-0.02722425059247193	0.00188038551725264	0.021352890257327173	0.10094966089950137	-0.061928908349366645	-0.05158906090217275	-0.054145801999540444	-0.020280275518200448	-0.026579320222840354	-0.022326850560391517	0.03703486986851298	0.04630240787756668	0.0008206919459660003	0.019648052770978544	-0.056491405116386645	-0.029141028042689164	-0.05825976059244859	0.01848692100319292	-0.03612136709292089	0.05633662960509986	0.08414622393267848	-0.032895151517190385	0.031366800718538056	-0.06403627763206311	-0.03286477128970866	-0.009981899678866058	-0.00031331623019443513	0.04912688189897536	0.0028945199979821925	-0.008660737895642518	-0.076841921069701	0.017430038150784102	-0.02423142818589115	0.05764967858245892	0.01388985314951161	0.0015886267672908646	0.027999066791606273	0.016182765278818012	-0.04302839237252208	-0.010221979592789117	0.02191788372836036	0.021106125770350058	-0.017032022166376816	-0.056246035374263106	0.03045454139312621	0.012114774010985065	0.02021472451210016	0.031967167683932936	-0.010059263790510685	-0.007007389390346477	0.040476944322034095	0.019787692116310467	-0.035450857406370585	0.02584424997209928	-0.013026907930083707	0.00015655306439701458	0.022630149628482536	-0.03108036752734247	-0.034082096760568316	0.05073258610215695	0.00997379474234074	0.0024885741811344676	-0.025921829565290194	-0.03265568955118848	-0.016583695953485345	-0.0014857436187935271	0.009235231227084958	-0.010902616280249943	0.0072453875789840584	0.015306686193200313	0.010700351019062977	-0.017351355476030908	-0.003574392566837755	0.011336421182281023	-0.012628134779721972	-0.007291138464289463	-0.008998750281818258	0.006368925991973796	0.001768781010339694	-0.014695557973357504	0.0025544333575468424	-0.005570613891382247	-0.0031453236247919016	0.0005611078909366953	0.0047137103918511	0.009887121878718548	-0.0005737089542016867	0.002767947371439116	0.0008254622955814579	0.0020410006669917447	0.0037631176689805596	0.0009586327405509571	0.0003267460700787582	0.0	0.0	0.0	0.0	0.0	0.0	0.0
SRR19621132	0.2355011753602645	-0.05429870929832732	0.08029871702673946	0.007089293108233478	-0.035572761962044196	-0.06215411260994917	0.006761586928420914	0.10540035304638481	0.054241476828057376	0.02674551103239438	0.002860799816392122	-0.07487954273551574	0.054097225330492674	0.0799653315320465	-0.01065315880219341	-0.04648015720073614	-0.039439110421238086	-0.1108088471466484	0.002269020937743124	-0.03098985112609805	0.0619053877873295	-0.027450153125825102	-0.12089090819894394	0.00873768260453063	0.10585944480336378	-0.04610080588598251	0.11303024952311505	0.04341038262896193	0.03939045048871633	0.0009566590861401179	0.036356453686124765	0.011870466639078214	-0.027034311575621507	0.018568507645016517	-0.0012074471050467492	0.05021629466023144	0.016353085919795653	-0.006781593617651682	0.05179376486475157	-0.01037919319671392	0.051636624541997515	0.03528375090063809	-0.002325951909446984	0.0066410896754466745	0.01475478613420583	0.030547415935922542	0.03162830864468642	-0.017415163338621323	-0.05491358521941599	0.03358873693324399	0.05463015046517177	-0.023014363987192178	-0.05115774892225024	-0.044195918741293416	0.016790049528065003	0.016382857364464404	-0.004117032518301503	-0.020462382834106656	-0.00422672496146993	-0.006362825966917024	-0.024643497180354468	0.012576917801450344	-0.01183840944105268	-0.01641518605197837	0.04332138797850312	0.037129431693256054	-0.018882913638856486	9.320216113111563e-05	-0.024652125411399443	0.023535349720149652	-0.01167823112816328	-0.0072252694624882555	-0.009898594681458294	-0.004043222310507035	-0.0166333834657133	0.015350646654781537	-0.022715780389172085	0.01211924520968851	-0.017054822839946485	0.033505025184740855	-0.01590399749873836	-0.00525682637289355	0.022110362421432488	0.032321691033124544	-0.007787713583882189	-0.009482524584865896	-0.004807214933932157	0.009700541802286494	-0.004759469861668045	0.014739593261150883	0.008211883399742947	0.018849848987063163	-0.005382014450756282	0.0020814018679374355	-0.00470658842853443	-0.012402893714516607	-0.011993119772899215	-8.782031075237913e-05	0.008778332793377395	-0.008469423180667159	-0.0003102986142494855	0.0067837374952472015	-0.0019785882500111787	-0.004893057384434803	-0.008937747198147567	0.0008095604229717022	-0.007180675704638297	0.0030006102162633587	-0.00044185494161395314	0.0006103221454326213	0.0	0.0	0.0	0.0	0.0	0.0	0.0
SRR19621133	-0.14881941161431023	-0.04382814964672968	0.15648598577194106	0.036217769582773264	0.012906337263890824	-0.09435806819541663	0.08566412563256362	-0.1275164208692162	0.08382850769566687	-0.009807874824216254	-0.046507682232974204	0.036427052977325604	-0.06330894858220038	0.03175555771057156	-0.009918972787795875	0.006114930146288935	-0.037658862018526286	0.05073020341117196	-0.022167577244344108	0.07587641871132653	0.04823980100695196	0.0811955220395023	0.008590177510827237	0.04419019291654514	0.03851112808793271	-0.06512833756462276	0.009787484972767822	0.043947652638985556	-0.029299976487657507	0.06201366731184445	-0.0369440374951059	-0.10639474539754969	-0.02445042452277874	0.020772475987164925	-0.0041857962936785766	0.043050281360963866	0.02079474985752833	-0.013821466078367295	-0.016095792635844992	0.04648888446054188	-0.0404835028894248	0.018945773904710368	-0.0054764583554908495	-0.024712656286679742	0.008182109557597638	0.00864126878938091	-0.005680076293848334	-0.04303173329586644	-0.03763724652139482	-0.007261637007298064	-0.024821097064993625	-0.039668251935101304	0.02130540410611086	0.007112869592596819	-0.021094077723759437	-0.023715112112425076	0.023965503775417518	0.004321336224464185	0.021068260245247727	-0.029872846252466303	-0.011005586463348545	-0.004880914185857426	-0.037282434445587556	-0.02011438028183797	0.004725164751347802	-0.0226099838047194	0.0010390630939080422	-0.018363769930506185	0.004478239446790847	-0.000999808646867383	0.009347905409044871	0.020058154230007362	-0.00925726476706111	-0.012583618312680652	0.012723579610729759	-0.03194498817202935	0.00018095339487607224	-0.012477460590899082	-0.005426468557258154	0.011387141337154764	-0.018053234284029614	-0.0063381799870724995	-0.004349624655293268	-0.0015607962424618082	0.003770725720587655	-0.019550732828557803	-0.0025668519344219914	-0.00998345407132338	0.0011097685587638205	0.008107459745540212	-9.336534775582973e-05	-0.03503346810214485	-0.0033796396225089158	0.024418906595316477	-0.017138015976214255	-0.0014561889180415347	0.004429292046188251	-0.016213657791203206	-0.005832220229673369	0.00501975670588253	-0.016076568067056634	0.003909119514693084	-0.014654645193566353	-0.02253805474089258	-0.011531030152890129	-0.0007282910997123133	0.001974551322265827	-0.011661184915750846	-0.00559127840402033	0.0007296944352265032	0.0	0.0	0.0	0.0	0.0	0.0	0.0
SRR19621134	-0.14510377210905934	0.002102740188026758	0.13217401430351608	0.08088201028788429	-0.006932271696548762	-0.04466627648775266	0.09018878621112712	-0.10910335637638599	0.08864561896595757	-0.010923290836038416	-0.0529056643769367	0.023536941189999883	-0.05619328272393258	0.021906190606628732	-0.04268522267750307	0.002729123289095774	-0.007391121762045746	0.007477993245308738	-0.059182019880797174	0.06485999580042076	0.010484199764089546	0.08011381217515472	0.0071994797446356855	0.0587565226471661	0.04373388680576588	-0.07956054427567875	-0.006604099973028734	0.04938108283512315	-0.06603159453698983	0.03838280478851902	0.00906101095706418	-0.07449875311256364	0.023727797898801882	0.03747312780189882	-0.008020789781621344	0.02449861313088758	0.039810623443327364	0.005045795477386881	-0.004754356342803337	0.04531376948437401	-0.0263713611017063	0.04944259895520233	-0.05324718758199777	0.023488327944531772	0.012065237445641145	0.012369539872408943	-0.010036547560150882	0.008364262784269279	0.047520039685610305	0.029878656528201254	0.01039175538662293	0.03487849095267983	0.0226458466059316	-0.009166498665961996	0.006336431578961356	-0.005012659062637848	-0.007049893239697367	0.020391557948948334	-0.032095101655720465	-0.015527642156583815	0.01953606028835895	-0.03457093382126291	0.020981658468787658	-0.013352881816169332	-0.0038177394661166727	-0.00713138443994801	-0.01107172429364086	0.018576384187112126	-0.011118716431620948	0.00917580866678416	-0.02093873341446235	-0.008617717769411677	0.03341796251907792	0.00851538267244834	-0.03459078888645352	0.010507930972606112	-0.001553147818686777	0.02399583213233665	-5.952647554070111e-05	0.00018905829762505663	0.011794710976724267	0.013753448638911665	-0.018465533058748082	-0.012342926123161846	-0.011739331052318062	0.014457732417300874	-0.004327154838553773	0.010971202326106388	-0.009939556114334478	-0.001136687614210602	0.017347997219091242	0.033628925914185995	-0.02451623290225432	-0.009097241540465102	-0.0017506374171589972	-0.027526404337826656	0.019997690813485288	0.015497630635548107	-0.011179501594892212	0.010212345529280801	0.024604538865181953	-0.0011021245303374167	0.00916950670459145	0.010240522060185253	-0.010380171068415314	-0.00024023861108083105	0.004418874159661273	-0.0013265775517762848	-0.003157314924132106	-9.291104583959086e-05	0.0	0.0	0.0	0.0	0.0	0.0	0.0
SRR19621135	-0.19829675538966093	0.04421231632305851	-0.06812176544449429	0.06135776267691613	-0.015317148304843483	-0.07159789530646896	-0.07533408213270634	0.10770748927156906	4.043849567715196e-05	-0.026727216778423876	-0.004079248484138936	0.04816701354601918	0.033936744413095944	0.058870210585745965	0.0031574428691855806	0.04809581842557886	0.02483866368628116	-0.10255103707490293	-0.04422290680069048	-0.0015481650046617603	0.04398680174262399	-0.023987944481798085	0.03411417421576556	-0.06991478720381053	0.007124209451824717	0.03987302896724799	-0.00011926871891933903	0.029211164475432618	0.0028613935291754186	0.054036143190044676	0.014591436034789138	-0.014668465203320286	0.07234722822344355	0.008364528655762605	0.0035716799877274726	0.014693196050375593	-0.02129153831746624	-0.08593883134214728	0.03988024770790022	-0.0040261617215724	-0.002349377333818048	-0.06066735225443661	-0.012027418989950722	0.013477336202475146	0.0025327130113840736	0.0037874254542336313	0.011659531884569353	-0.0025558192258097394	0.03337917773131202	-0.0263294488467889	-0.008774357232414957	-0.029912201619582614	0.0006149099503483788	0.014368639652407854	0.03265071613125103	-0.020042825297323257	0.030600911532527607	0.03525221937166095	0.005554693735431753	-0.022761164614588415	0.02349320941737004	-0.006957082533386002	0.02929005562984304	0.03121574440914555	-0.015116536075611031	0.010008579831801036	-0.03154925651592295	-0.027795225434139474	-0.04104008957128554	0.00033064417611598773	-0.00014536488514972867	-0.0019651971767872508	-0.018822312468992127	0.018506549481887374	-0.01301410246302751	0.0018610468775963193	0.034463250089101914	0.032332208960649846	-0.013059100904688618	-0.02397875383767558	0.026244671970912778	0.020555211020391193	-0.008175173785803779	0.02033781579113268	-0.018606765439779335	-0.02489469035225297	0.0010728954954964058	0.0028936456989060054	0.004776963064986246	-0.006301477976941643	0.034857104681750926	0.0018215490978720314	-0.027210304255825737	0.026202010768208897	-0.015702266880946468	0.02362687624002978	0.006878379269317626	-0.015777299620077533	0.01742540239488585	0.0035478403572618716	0.014148696041718083	-0.013629788787587997	-0.011279121509998406	0.005404104718075111	0.00948597761690564	-0.0007140181313735776	-0.004054482730768881	-0.004704127394004229	0.0010375931477113007	-0.0012653701303972258	0.0	0.0	0.0	0.0	0.0	0.0	0.0
SRR19621136	-0.22164367238096905	0.07150225013974688	-0.05042522043971492	0.050718171990221654	0.02316229921782084	-0.047658448658879214	-0.03390177969872708	0.08158139832635886	-0.04310752518317647	-0.0013140869671973631	-0.002116640170502439	0.0699817651481361	4.5200808298444806e-05	0.06881493864616488	0.031904103584262586	0.07323756285779583	0.03418363773233548	-0.04467455615781524	-0.04311431556376844	-0.014083319765963552	0.06705641818520026	0.007028526501184688	0.020632179586976003	-0.029233482201015862	0.014450380472862645	0.04811199390830961	-0.009204715269961023	0.04528452745633347	-0.019133185724337132	0.0737290382278655	0.008070571216393235	-0.03761856582066863	0.12647186623887574	-0.016941262892254852	-0.011025954788756587	0.01801543536838976	-0.029469070774666824	-0.10111238433323724	0.023793985116204286	-0.01591037816065805	0.006267602058114519	-0.03156112818264374	-0.020175707800290363	0.018943227619212886	-0.01606154871855188	-0.03565980191225937	-0.02121808368660341	-0.05452368710623983	0.0036957854155715555	0.004430873663698235	0.008816154708129952	0.0036826249980150046	0.00757556114258176	-0.024358798288368483	0.0083035445910246	0.03314653047686469	-0.026835852791764404	0.01808380684545353	-0.004822208412660918	-0.00023769086616194562	-0.00041651249635309194	0.03182572129471634	0.005201636873020265	0.017575248387977433	-0.020100647787805747	0.015867734089041963	0.0011127598438984512	0.008783504057595884	0.004936164967506737	0.02348331765729524	-0.009935005058219239	-0.0410085980235554	0.0029275461682568456	-0.03767260559301257	-0.0050681195333953	-0.008962747892215999	0.017198794948811377	0.006447232765180669	0.0099813701366111	0.02140060254688251	0.0004844587199127049	-0.03873892667923604	-0.005573544161825059	-0.02328639833952565	0.008419953769311227	0.04901519921467056	0.014462378516027845	-0.008457786210997324	-0.0023450778845304212	0.035436330062525154	-0.028675812840238683	0.015289959269239334	-0.000158709896357253	0.004110863428007337	0.006667412880911831	-0.008067638329805558	0.0015454726212820943	-0.0067408766483444595	-0.02305581637022701	-0.01492086464397101	-0.025360485951641216	0.013546878364053059	-0.0050925109768613485	-0.00147095996957224	0.00010928309008197587	-0.0040184545817009264	0.003709892330775222	0.004426638079350996	0.00023011661472060723	5.4198427413094546e-05	0.0	0.0	0.0	0.0	0.0	0.0	0.0
SRR19621137	-0.20356482773644002	0.036386457221045165	-0.02156443576432788	0.0790229313633337	-0.006028931406779038	-0.05489420064279594	-0.047247165676284626	0.0958801290632658	-0.009368573889551446	-0.021657055682417187	0.022058474641423017	0.0923453062001833	0.004597654399880948	0.04868606785773682	0.05401427754209184	0.058708375891095024	0.021600537090416053	0.012936648271509183	-0.04498902951857279	-0.023941150664448265	0.06683030157155022	-0.0014905232623404381	0.05314153540773354	-0.05321575055524407	0.008493107049574674	0.020252560246507335	-0.04507928693343396	0.03980276226745435	0.007252914156016927	0.04864406985609852	0.027069664197721627	-0.008966155233873657	0.11021082280682826	-0.018800870637371694	-0.010217649192031497	0.020761932086205585	0.0046531108013743985	-0.09234153504515796	0.049274870620397586	0.007513909577752149	0.006034544703156936	-0.037181280137780263	-0.017881872657771355	-0.03912285518356955	0.062114074946209435	-0.04586469312729553	0.03953090537849361	-0.036890156166251076	-0.001873955277626669	0.028108033732067578	-0.001473659245207676	-0.027390977357526974	-0.02647268141982926	0.04712063361830585	0.008618262260735055	-0.015378957501800322	-0.025512046214316717	0.015531310274893321	-0.005953048801735023	0.04602675474346915	-0.03401457304056871	-0.014921793854348813	-0.020707063768122685	-0.036429446273711134	0.026272916304261554	0.0017830831172529512	0.012753006843440733	0.007667740735891779	0.04093632371586721	-0.005152321496598976	0.005890756015985696	0.018492804689287167	0.01298109778942947	0.030251077194654113	0.016848008932801924	0.0038480381482793448	-0.050108356392419465	-0.03422625912767397	0.005503651495532846	0.013173771935178227	-0.011187288226977884	0.006978622703840765	0.024635007654357714	0.002062458007668744	-0.0032881357392834727	-0.017629245362285915	-0.01228355888595712	-0.006455760890480734	0.009225508569752827	-0.03253003825263342	0.0005047378513960364	-0.01902245766449607	0.02162986509204702	-0.029351101828586162	0.0036069918347776796	-0.014342933261382132	-0.0010076773512301101	0.02236613517340758	0.006364859809360241	0.009672801610915247	0.010443638061526924	-0.007873061456141592	0.010037000843786342	0.0025693954286801664	-0.0054540047124291184	0.006385084028645684	0.0028402450128466976	-0.002470086299071571	-0.00032247607638747987	0.0006272048010249146	0.0	0.0	0.0	0.0	0.0	0.0	0.0
SRR19621138	-0.06393585007271498	0.26656877098373744	0.005206546991329734	0.029738038903656658	-0.01056686868692216	-0.007531927892629211	-0.09093550527656614	0.036232243529586025	0.02851999581022561	0.0062477885831360635	0.005398970440851584	0.09358798841486363	0.025771111188184904	0.019399039950051898	-0.03547003621099242	0.0045581741470609675	-0.02310240632906662	-0.09549041891632862	0.011243164954052772	0.136641585307	-0.011169918216323935	0.018203554747854504	0.10927651407425193	-0.05074304017105044	-0.016128269574607907	0.02531348336278508	0.01777200952609721	0.03334650351240386	0.004147919622477874	-0.1050062956125195	0.06822488359472262	-0.008666207895284234	-0.036579758609747035	-0.012650942584251684	0.012856428242048183	-0.022419266420644256	0.07772753990442903	0.01787105099976939	0.03717969411724965	-0.022718121415330524	0.037468012915269786	0.006287413945784692	0.03928611249794465	0.0008902289653152282	-0.008747730829522416	-0.006152761551153401	0.0067940868495976175	-0.007520410321777751	-0.03510430013998779	0.01365800459534729	-0.019741843936246794	0.03251381014702667	0.01626079319440792	-0.026224350060232063	-0.03467891291981728	-0.0074149441601188614	0.001898932875244552	0.02876353273988956	0.01709423598357682	-0.04258668712042267	-0.002600282663207841	-0.023648669025124455	-0.0239660633401844	-0.02831588248425458	-0.026488110335390565	-0.019716907561437395	-0.02367508769037045	0.023220905793582103	-0.035696586347821545	-0.019807362550501955	0.009888164798359031	-0.024723824259842927	-0.039975052522002195	-0.0030442404852016984	0.03241578359559047	0.009909757186861027	-0.008612828896128157	0.010132018697112182	-0.023122100444672528	-0.02075320116831095	0.014255851192552856	-0.02430792914495381	-0.0006979258887315321	-0.021460390973423556	-0.020560177341347678	-0.02033155425432618	-0.008221681222781807	0.025952715237868	0.006640190851820659	0.020526055299780827	-0.014593785168919748	-0.009308196285515647	-0.0005648915518982064	-0.003812915470721036	0.01739098549685686	0.01812484819567867	0.008325714921818004	0.02232085199059359	-0.017373780577681026	0.012956998963898958	-0.0026789618798663383	-0.005610353519564341	0.009951819215584223	-0.0054665869379414145	-0.011331047220186064	0.0022005737787707583	-0.00016946612954072315	0.007742764699861049	0.00048132218702354515	0.0005827350442178562	0.0	0.0	0.0	0.0	0.0	0.0	0.0
SRR19621139	0.1445416537946382	-0.035061293707194886	-0.11522577074895535	-0.2618102521123439	-0.06543108464179698	-0.04328273685243609	0.06980393045856084	0.02154801322707276	-0.00020597983332381288	0.0076397042979654385	-0.18199176073006695	0.012813362513145351	-0.03766641348996595	0.10126085542876476	-0.048380794685873786	0.0708438714302045	-0.10690817633661272	-0.022787876328127614	-0.06451597280117337	-0.028002523506362623	0.028549595055626122	-0.09104720295283492	0.004018899565145711	-0.04226327172053091	-0.007570429331384001	0.05248932321747341	-0.05646475077519694	-0.01989483641020866	0.0057767424904598495	-0.020167446235856017	0.02982501611582319	0.011436341356184852	-0.028341641440583792	0.04547386571402489	0.10017253245743149	-0.001857524985232994	0.03781722527814552	0.0017842671092615687	0.009459606862201948	0.014875989720467749	0.006669060143035147	-0.00041706494438302336	-0.04782400561944198	-0.02280668992774593	0.044013395653680114	0.06526509203510239	0.03387038039931564	0.028752334259376126	0.04085029916707832	-0.02593796355202118	-0.04811924916882451	-0.041114393185775436	0.010875986303565378	-0.030866702506749867	-0.003017095914994065	-0.013123925966902273	-0.07482864452016584	-0.008156344215628396	0.00291767260012549	0.013982686192696133	-0.0023920690255403256	-0.008519559795582162	0.06970903363450713	-0.01381532230122206	0.014876416843768907	-0.022030814320684804	-0.003728766452822216	-0.024006801164617814	-0.01100405737466183	-0.01964337312206712	-0.022593093621634874	0.0058245405987387205	0.02123149643431795	0.004054786498273887	-0.006874718924788713	0.023249755415276095	0.009129941704726606	0.009039883798455054	-0.011086243729001554	0.009279764112982255	0.00408980190081058	0.011269001617195965	-0.010348894785699652	-0.007303918607265504	-0.01094229168614856	-0.0033262475306569364	-0.02799472429991043	0.006414162816132057	-0.012584659523148347	0.006649658411709225	-0.013354958080311818	-0.02077007009208882	0.014215675588978858	0.01564209650406406	0.00024864664421416177	-0.007500072699691095	-0.008924869088892317	0.008109243616414501	-0.01232635156044428	-0.016986109120045938	-0.008028461068201395	0.001175154665501795	0.006411758443299781	-0.008265903618456161	0.0028322565374159603	-0.005199510477252493	0.005118912849071161	-0.0020568748288890314	-0.002670263675100105	0.00013466915084357997	0.0	0.0	0.0	0.0	0.0	0.0	0.0
SRR19621140	-0.11236599545067398	0.24692523660230992	0.06201891728765848	0.013831999438925609	-0.011331838198820676	-0.019372966508884887	-0.017971752665116025	0.01130064497707286	-0.033428115230201304	-0.04654827138235226	0.028210033920195686	0.1012009011339789	0.005183544683675648	0.00995300652645545	0.018197665647006832	0.009579328083077408	0.015226317087316338	-0.05271500324005562	0.03181215025382437	0.1421475894805872	-0.004825763966308229	-0.002025711778458143	0.12261244460170673	-0.0493755316222708	0.02392560334889803	0.037310622998861856	0.01028105892718179	0.017940515776035042	-0.0076944256969507	-0.10296519040611894	-0.02152144588898165	-0.02749047949333887	-0.05730106369262667	-0.047967769492116105	0.029400548202914756	-0.03600513813917266	0.03557433739812999	0.009463068157269406	0.06257244899309176	-0.04750340332443629	0.030050250132185156	0.07128142388535484	0.04192997484703004	0.00649653885771007	0.012406399823634525	0.0492777054142534	-0.06943864127143656	-0.052315244288860974	-0.014258814158764586	0.005376300592566934	0.02583920897782933	0.0001886400691448823	-0.02672590779727753	-0.026014193787250874	0.012215729771440803	0.04038249882886463	-0.042648911895384625	-0.023408055992457575	-0.004975725929870835	0.03299077254041578	-0.023799276306490032	0.0101526472538641	-0.005511364422780997	-0.006158139417633599	-0.009441272328633772	-0.010335551819218814	0.03860512604487946	-0.018121728091908387	0.01802257151501543	0.00016454657187339524	0.006495432684382103	0.006531612260916528	0.035276425154014704	0.006236491874586686	-0.03033109930435397	0.0015530662111686417	0.019440650048665638	-0.007263329768938157	0.014368957802762108	-0.021237352557274942	0.010936335104310269	0.03849349915046363	0.01629839526998683	0.0056606757696225215	0.012853145401629646	0.01420718061910637	-0.016190200516338932	-0.010140003809175619	-0.0012862900171742798	-4.06217401457257e-05	0.014386736750452876	0.0015728347784493594	0.005375700671611215	0.005112162775491691	-0.0017956889618816797	-0.01880270937171806	-0.007346978706711037	-0.014612102627526869	0.021002615482925042	0.005884302029569219	0.005350640219488324	0.019376638995019815	-0.013493032275392667	0.003881301551851116	0.008865355042901434	0.000712002699733298	-0.0027173223571063596	-0.005428576566568034	-0.003294601402935822	-8.02336495788118e-05	0.0	0.0	0.0	0.0	0.0	0.0	0.0
SRR19621141	-0.03925571368800246	0.16213450033345686	0.02390843604271486	0.039525814466433544	0.022730879054839212	-0.03478186004888522	-0.06745000567010152	0.024262353690608425	0.014452027126700996	-0.0036182778536396503	-0.0004916849860638357	0.14677639317786761	-0.029395497673484452	-0.02604794374407941	-0.004498099117778057	-0.00870286272103991	0.013075544962439968	-0.048700246992691126	0.037657596484046534	0.06533049046642453	-0.06872405240468607	0.03943270402239887	0.08455212702075504	-0.05362306235317168	0.05401829267521431	-0.0005359695968480864	-0.047436499754150235	0.02907239748813998	-0.020964225479206035	-0.05352361639550814	0.07593008453839924	-0.0031390127402469315	-0.04731775456853469	0.01141253132072637	0.02769744142780779	0.024796181323401386	0.08029882608468404	0.07349275693710401	-0.036791327008399474	0.013380104277453567	0.006126369315504155	-0.00784434217247337	-0.058666867668295195	-0.011211661199577115	-0.05010142345991619	-0.02408566850141184	0.056684472314814965	0.018621356700818305	0.01697802067705471	-0.057442257229324674	0.021688756993284892	-0.015430755748656629	-0.06640644633259421	0.015297640503451145	0.00032103446080286943	0.00839951418554461	0.05740076909869242	-0.00429656060538228	0.028123080229624568	0.058778497154296463	0.018469286810585954	-0.023632493700221642	0.015637942684861773	-0.0107899782106767	0.05624231147062691	0.022321532200639482	-0.026679624901693486	0.00039239107373617793	0.015984036382537627	0.03210767037238958	-0.019371221010288077	0.024963343945286945	-0.0006174937940835253	-0.027625057935164937	-0.001037534638920619	-0.027553061984521964	0.0037675764782008365	0.005788728749677093	0.004585539047935683	0.02847172149423393	-0.02547782413078191	-0.015529047476362768	-0.016984695559255223	-0.0012367042440547902	0.007693710107654051	0.004760915046915851	0.02651341695942789	-0.016402641693821225	-0.005106714606606499	-0.021856347604797925	0.009623695716881703	0.014338239760139508	0.0034277281312920078	0.000369195885821021	-0.01566624200729997	0.0035943512110392746	0.0011740916317821812	-0.006091873303221647	-0.006492756047524426	-0.022062435657586706	-0.007462511656288622	-0.01190404016727845	-0.0009543741075796828	0.0017871308033899013	0.004490776558048997	-0.0038489132357053886	0.004117638590967599	0.00046984748063340457	0.0015937380993794013	-0.00027001882540612953	0.0	0.0	0.0	0.0	0.0	0.0	0.0
SRR19621142	0.1825443024991138	0.124547999273329	-0.0213510246953537	-0.04358108467977914	0.1289996921093112	0.16935810807872495	-0.04383117168614107	0.08417065369067502	-0.030720948352588276	0.07447330987335377	-0.042458151122201894	-0.015757018237579568	-0.09868611642492614	0.058707879781323385	-0.09344773163909717	-0.008041652186013121	0.02147259152258455	-0.0338855346144498	0.029115223978026784	-0.026890711969394708	0.09935106806919837	0.02604512608736451	0.02594807711739693	0.02703364986133145	0.033708522301389536	-0.028286255032983258	0.05596036463365483	0.029528909768448113	-0.02036851789031911	-0.03387016664641011	0.039197236945689835	-0.029806839387376726	-0.014782067053134305	-0.0036397149928898667	-0.12182412941804155	-0.030526848314319024	-0.07896766343679834	0.06476867070586179	0.059906613445918584	-0.005557690592727616	-0.024030757268538955	-0.020488363015205797	0.0010244684743270158	0.032666905577438586	-0.019775226354182315	0.011973705312457521	0.006464986444220692	-0.0026550697135516244	0.0322101521849809	0.053541658967164	-0.05260903166570992	-0.027490136820560344	-0.020109232919532368	0.010062370332813833	-0.008238572130255658	-0.05195541579660598	0.001975773562472956	-0.004769535143002777	0.009620937749527858	0.025812045548890016	-0.0003530254181947038	-0.020799881531100527	0.005313882109713738	0.005051506176241818	0.0030056640228303855	-0.015340185945340505	0.0421478638374822	-0.004804465884261363	0.021374955117397787	-0.006903532591707881	-0.016301862868918885	-0.024909699369665427	0.002892054589960473	-0.019749116084427393	0.01807453499897329	-0.0009604432323331837	0.026960216116636165	-0.003267311445336359	0.021871931434923563	0.01843057090175985	-0.014036080695618396	-0.008975897615656944	-0.007161020315207463	0.034267249390249346	0.0013347203068644932	-0.017396614604972258	0.013620283837603383	0.036325347698629495	0.019254629021150157	0.013950831236530492	0.0072366678419326915	-0.014182796171353826	-0.00396662823913676	0.0040527129018895335	0.004432967120163135	-0.02043516589396865	0.009712690139691577	0.002494144261724403	0.016160721763786325	-0.004642549736755968	0.001699088156031262	-0.007256903468141912	0.010881482319730238	0.0051507993371438295	-0.0013862844668500116	-0.005417518645568818	0.0047163961723136385	0.0011430894616195853	0.0043103574217228146	-0.0005373901282970355	0.0	0.0	0.0	0.0	0.0	0.0	0.0
SRR19621143	0.19024563025238436	0.03828156939527879	-0.024053265392547533	-0.04659439132535496	0.1643193706082857	0.16997753710071203	-0.03969595047744724	0.12018150206824622	0.010979898289617523	0.07389353865748241	-0.06531096467034953	-0.04520910337028589	-0.09243734204190193	0.04648391754129054	-0.07056933877620636	0.019807496088003917	0.040577713500151234	-0.04202818501816166	0.0034847180211799856	-0.043421362287905614	0.09688844195814957	0.07990437629812668	-0.009959500574753479	0.010785808165451627	0.032227747540012563	-0.05383592091993974	0.03441420836569228	-0.0024762934877350777	-0.008754169667280706	-0.07528220358231796	0.02253519132278276	-0.04232498374852972	-0.012932308844778615	0.011066375072106697	-0.050100326852512256	0.004179611595039463	-0.048464324496129016	-0.011787381864339528	0.0240561974750902	-0.03414467872174072	-0.02053224360752943	-0.033862293423152584	-0.015836726751307494	0.021758565244193923	0.00401353615898537	-0.00010320419597432466	-0.012444150555212103	0.023896606070530752	0.05604785945077547	-0.011544426874494832	-0.0033265168486108737	0.05417534789641499	-0.0007203457651455033	-0.0029591572559764506	0.0065351901855992284	-0.0027381626722948055	0.02249132719924516	0.00026449055539215846	0.006391620668583893	0.01118256733497243	-0.004570471975826154	-0.0005464566204727694	-0.0034800292523722615	-0.025202284353773526	-0.011214409981628308	0.010333347240376479	-3.755499608757066e-05	-0.007366589319401589	0.002379447711750647	-0.0012305596270812482	0.0270599791020663	0.020201139449516493	-0.003475552831686052	0.020138289829226722	-0.020857559953471046	-0.0076337758299745186	-0.007417035358118641	-0.015825165108712395	-0.0023850145286134707	-0.023718522349314805	0.0019709481081728367	0.012339882109104599	0.0017274270766006422	-0.02768627422581686	0.0030499815695203603	0.02931451425520166	-0.009406969397042369	-0.011964314388564086	-0.024386242361178985	-0.005497845981514226	-0.015690364597328792	-0.01003644817387848	0.021165234984294946	0.004780741188006886	-0.01402447170585406	0.018150537458950882	-0.003898359648157098	-0.003264680936667694	-0.01912956075606715	0.013722903388288677	0.0019388204993196424	-0.0039038294645077124	-0.016802261134847726	-0.006730734606782085	0.0016293921884347135	-0.005807514142613659	-0.006318617985880135	-0.009549744707959384	-0.00041852416690635227	0.00045341655037794634	0.0	0.0	0.0	0.0	0.0	0.0	0.0
SRR19621144	0.21705140023741307	0.054408910920460254	-0.02394550229853893	0.039844819410908276	0.08866299253409228	0.14425184182469	-0.061676936847729825	0.10324133812006324	0.03466005926603379	0.10539889782738693	-0.018618848215837237	-0.06294954409893762	-0.04803302631931189	0.05513686812110894	-0.011262347381982873	0.04120655894580969	-0.022520675627654693	-0.044756751986436694	0.04682670832778866	0.004511501220311181	0.06057182068455778	0.08120934258057193	0.036281532914315615	-0.08146071425135093	-0.013736397126948845	-0.08411162979235749	0.015068576093100174	-0.04611113777649323	-0.0007565344979031293	-0.018864275926992132	0.0766384057030878	0.025478889369614368	-0.002488504632937331	0.005080374088807937	-0.05297631325998346	0.0306553632732915	-0.0055394081480504695	-0.007462952474540432	-0.0210366155458347	-0.016333538362508837	-0.06623795555043069	0.00039954273429358033	-0.04016434134058769	-0.026935695052876144	0.005115944893516812	0.0013620858744347998	-0.00520183080902459	0.0038818087758575896	-0.0318670194213117	-0.030086328328449312	-0.00036954634532174706	-0.02374464735238994	0.06359672105339305	-0.000991864128902357	-0.026440851995023128	0.04279004922159678	-0.00967097753978104	-0.0122675662028653	0.00496014939182973	-0.03439655903995579	0.011245692457395338	0.04402199866161969	0.00042096827863729805	0.013954727634569968	0.014712136211162831	-0.0154515119315941	-0.023558367408638568	0.013710958705247694	0.007668454644560036	-0.014610059301567838	-0.00470030755055327	0.028161615716380917	0.0014877874272675735	-0.0007578106865544568	0.005238503107209593	-0.002446297451208475	-0.01765801259858881	0.0005908200124858382	0.00011574769786882359	-0.004017589238307058	0.02346870396707262	0.022798108152879373	-0.005854109101599124	-0.01073463838540188	0.025658575596618736	-0.004069998363166809	-0.013850726981454441	-0.034653058345777275	-0.004916187899473503	-0.020115782987711044	0.008838193307743176	0.019234363864653565	-0.014381534943487442	-0.014418746579981163	0.006675142909257761	0.008868391721109805	-0.0022531498826761608	-0.0036329450001905787	-0.002005872406903018	-0.018009603990573334	0.0071140523287503135	0.011359434127165164	0.0049723742185509645	-0.0014585580658404362	0.0012508256163791525	0.012990532614794728	0.00466164629635653	0.007945845556729999	-0.0027621805032217663	0.0005290025242344271	0.0	0.0	0.0	0.0	0.0	0.0	0.0
SRR19621145	0.18606588569263266	0.04056213629288147	0.04803581890836317	-0.011739222681981505	0.027470333331814936	0.030589969980291065	0.0596503001566736	0.061343022517439914	0.09142574466093921	-0.014078548987943529	-0.10492264712697914	-0.03719483299557644	0.11539674323883065	-0.018262435706077995	-0.0192137468940247	0.015110268091412575	-0.085147825337907	-0.018312340006474543	0.008127591249436577	0.03929387021232907	-0.06303647996183792	0.030661147771521232	0.03438642950537192	0.06269457862116876	-0.10059482876074807	-0.03434086359308693	0.0017777002468748384	0.10159725996692216	-0.040790447002517195	-0.016355025343704425	-0.08812079227198716	0.02199334116485166	0.024973234214490506	-0.047564372755793005	0.030115412683275746	-0.0033158901324768127	-0.03715966685247847	0.03334755698239741	-0.001884796687044412	-0.032170173316923914	0.038997240730335926	-0.028263958629454897	0.017950168459827682	0.016576958830113987	-0.01730904532781289	-0.017382366265122955	0.030409249057203724	-0.029216982595281046	0.05006027841313982	-0.029865967126042156	-0.02451702886215591	0.030634474598313245	0.022088007611816805	0.008682566459188391	0.019852585102533737	-0.01236651631357681	-0.016088955688508044	0.007938113857539609	-0.03359614417905656	0.03445573469559411	-0.008634757702057148	-0.014571368388726412	0.010954588413668916	0.02040755103069342	0.00684497922966161	-0.0008037015942727686	0.008709192527361123	0.027448330073578265	0.012473001482728374	0.02455491200168717	0.028275796464433293	-0.006045862041295641	-0.0027012994059306644	-0.02054127485751084	-0.030916712323046457	0.015153747830446608	-0.018649487137804212	0.016668693868243496	0.01832754627374056	-0.02353851221485911	0.00026564944022751613	-0.007609243365634369	0.05006661278854282	0.019503573182449573	-0.0010975868812784834	-0.016554851507454598	-0.001922963168304185	-0.013891956786021897	-0.013464337916275614	0.012943143583017765	-0.021218959988738878	0.006778623551983922	-0.013021390293143665	-0.016159253120081273	-0.02634148533289711	-0.00945659989282199	-0.0002682559294971031	-0.003614152485294585	-0.006578253591128986	0.0007010208558740896	-0.008401320198711069	-0.028217747365497942	-0.007070402244879201	-0.007173303802793586	-0.0007294946601111874	0.0030637154435600275	-0.0013573326579513238	0.001785245009738424	-0.00020750679097797058	-0.0002854784579964171	0.0	0.0	0.0	0.0	0.0	0.0	0.0
SRR19621146	0.21768341264989272	-0.00022546262315523952	0.09246544714220109	-0.017806633636773112	0.053007579577158015	0.024026691910135442	0.043668808782402695	0.12432719303978833	0.10301376576150345	-0.013124117321053497	-0.026704379425413975	-0.1420894660693914	0.08116771695604247	0.028855164985701783	0.03557095431296349	0.03244813302464029	-0.05806804733122615	0.014104788398743625	0.0015410229119139033	0.07299234295279772	-0.046324122348620815	0.044708420006681786	0.0586323513641457	0.015508876988440176	-0.06825184592296701	0.02225928145510207	0.012066099326238536	0.08130984834952482	-0.019809299104029673	0.047918655307698246	-0.04638194531849514	0.046725095711640595	-0.03158059146556655	-0.07132851714485988	0.004985999853198564	0.05284556864174964	-0.021709654210465976	-0.03903042982822898	0.005327549635464513	-0.03306949743178875	0.003524187771184735	-0.009762256691012267	-0.03427358854155767	0.053055826867348756	0.03139871690634584	0.019916232292998638	-0.0006931742158415833	-0.006431944398811599	-0.03631469908495101	-0.014187450845762508	0.0071933404209433395	-0.03633106038717383	0.017761184782071844	-0.00025528096852841267	0.004338593758823853	0.02292289721326483	-0.004760372933966741	-0.02033272286276916	-0.026914725818448917	-0.03687564275619253	0.027479568155575954	-0.007848687501102488	-0.009779373671743636	-0.009635603837461842	0.03554941664296646	-0.003099722946591808	0.01395865333144139	-0.049757137672680266	0.009198031845896291	-0.010943468041737325	-0.008265168102069547	-0.008467418637737041	-0.0029958410679568697	0.008496356736200639	0.008554416397110624	0.006485247228969696	0.0060089742649143425	-0.016738278278673295	-0.03506279273215918	-0.0058104461352162665	-0.02322666507377748	-0.02280152676663353	-0.03419609080971557	-0.007706554079138588	0.0061930739318912355	0.010390572921618074	0.013454771819046595	0.010120986266734315	0.0027013439365699762	0.00017430467920331462	0.003497435814426749	0.01904714203700925	0.010286772768627347	0.008655409658975053	0.01028100101104605	0.0007506007782593893	0.007729909223027187	0.004871911829046054	0.01520284504397096	0.00417397074251537	0.011391792298464138	0.0030116028464367826	-0.00129418536306667	0.0022591403902952416	-0.005972887982386888	0.0059412663577593965	0.010298159222663389	-0.001753313987227753	0.0019091222124232293	-0.0009311195203093342	0.0	0.0	0.0	0.0	0.0	0.0	0.0
SRR19621147	0.21779922498963641	0.062114309118994855	0.05749081253490205	-0.008223682681171992	0.013884463396907463	0.03408990001282143	0.02682700174698581	0.06994177517819304	0.07409814869192911	-0.03973671147718663	-0.04200794312486532	-0.03079057480991473	0.10024275059388948	-0.016057027993124962	0.030900216447179007	0.028746448807845805	-0.08552432087319718	-0.05080069696393128	0.013428617851455545	0.015634719458477424	-0.07088118109831461	0.0275363010611548	0.0157413101204437	0.020941179522130295	-0.09176662544460601	-0.01656686090296972	-0.036349188624542485	0.10849340624070987	-0.04355305050908613	0.030850631992149682	-0.05905857916333285	0.049241678982347284	-0.008072893095556461	-0.052859816566713666	-0.014020037224355323	-0.02470370970756254	-0.02845321221731293	0.03384714651399665	-0.01804081983124312	-0.013552880778361153	0.01837109181001637	0.007767968553183707	-0.02278893687494687	-0.009661577408043352	-0.023400179195869304	-0.018406826194294377	0.034183571865991746	0.014253654844562614	0.009337325691914986	-0.03128928543033241	-0.026410050223909833	0.005613969591938778	0.00790242940658443	0.03095360682345029	0.019906062383811964	-0.008314812153831494	-0.003863312298028411	0.03368571183307858	-0.012533557465014908	0.012857452807731281	-0.024064388317531327	-0.003097107355468025	-0.02563901516887583	-0.005559843184475431	-0.0014112541820145328	0.010134879803911867	-0.004524647068952789	-0.005823669865842673	-0.0007703154438115358	-0.014647836497496514	-0.02921107105972494	-0.00027505992885118767	-0.0011280820880106475	0.023080735256207328	0.0030089591658648304	-0.021358515048618906	-0.0017724799075363475	0.00047973432262804965	-0.004145627833465008	0.016893229401074506	0.001153437092509181	0.00470643165161183	-0.022646383259339063	0.005831921397538647	0.0029101140937040065	0.01653260124722899	-0.0020527203793870093	-0.00868413858319241	0.021557915219671736	-0.007383811362392896	0.015228150924704408	-0.017450720606761352	0.003337417652987842	0.0006460764796150937	0.025339632181803847	0.008818838984844358	-0.009415515794343266	0.001044965290454462	-0.011996352129420474	-0.008265120605030875	-0.0009687815898982964	0.022269189950973742	0.0033264028411687436	0.001458324617923769	0.00783142582727603	-0.007654230420104199	-0.00751759366506404	-0.004149710489612073	0.0006488389691423801	0.0009294884985530728	0.0	0.0	0.0	0.0	0.0	0.0	0.0
SRR19621148	0.07167870124500493	-0.09909457001405649	0.03348887240497328	0.11834746479770104	-0.01657388739183435	0.04284039846846352	0.00887954170690121	0.047064202464613736	0.034666684309640546	0.03971355721173567	0.10652608770594213	0.06004275186346737	-0.016907893878860644	-0.08801781249891769	-0.012551562427096501	0.041282256411032156	0.06646887352010455	0.036871161064696116	-0.059674815908688776	0.0004990301529811886	0.003955905894013026	-0.02768727534155833	-0.006247939594392693	-0.0740334737694784	0.017369010897375314	-0.007411178660457496	-0.017518893109286827	0.04895277609533205	-0.06266190548783508	-0.04340584743347936	0.0012757486253635476	0.10511302551390891	-0.02651174205616969	-0.021488246954320753	-0.014490357049125742	-0.021278064392548555	0.003203764797193746	-0.04049791623067816	-0.04551224345024121	0.01594188992648103	-0.03387492052561195	0.019833926471813076	-0.031599132635988444	0.02080950604943373	0.016576370328808224	0.03607533390597411	0.0018560083993196751	-0.022470836258493554	0.012207865686473663	0.05207425638946943	-0.012417156700257007	0.03239317410074463	0.0022160163173802192	-0.0006222908869044713	0.008303471541879937	0.0059255746465412314	0.027751081698808196	-0.03221944842594687	-0.007599108357914391	0.030707952843818415	0.0036354250086686733	0.03594968075205312	-0.025600497956703952	-0.003662921623166651	-0.010444440857956375	0.006741600760121989	-0.004115790215836157	0.00994527996987914	0.0021293133385507285	-0.004760367382530101	-0.0390712441015292	-0.0031755512329321566	0.040525431178219065	-0.002554901886367875	0.020456680061630057	0.028022817245202513	0.016918754221893678	-0.025732364213289702	-0.02266421961522608	-0.011633912438585364	0.0025568216017757273	-0.009786131817552285	-0.0010226307654607972	0.019521007841603096	-0.017502166103407657	-0.007123723730544625	-0.006002427893358198	0.016194043073430003	-0.006380629882448946	0.004549048908203681	-0.012363948636867086	-0.005158667728650713	-0.027184408701902144	0.017778562995828598	-0.005983048638074185	-0.005963243066279058	-0.020508990742447174	-0.011402875463174745	-0.024175634368251875	-0.015463207399594139	-0.00047759098337817307	-0.007292793855853986	0.007847415843306508	0.00766549058814184	-0.007731660439651443	-0.004131908844535352	-0.013636155377305286	-0.0034097614049029006	-0.004104561729344953	0.0011723322103292825	0.0	0.0	0.0	0.0	0.0	0.0	0.0
SRR19621149	0.005832117290098128	-0.12308046982593807	-0.03530580243181433	0.1418462532720646	0.034471338975991715	-0.022049949917308145	0.07607854218396153	0.026540630626569972	0.030263682194393883	0.017815729275847975	0.07879225139709858	0.03955346051969129	-0.08169994051883189	-0.07045462236033384	0.004259039448037396	-0.025277600335444492	0.04849327281493897	0.03682955331612523	-0.0374704333006192	-0.0327298212325133	0.056174470467093146	-0.06396951100409289	0.001516505513239286	-0.06060633912264336	-0.01957027103940447	0.0006325039030231792	-0.02474723576676902	0.015555276317340926	-0.030059284369001377	-0.04899083829805096	-0.018683837501031076	0.03973802276730587	-0.07008989097703208	-0.009803120226275911	0.017369934403129953	-0.031055935889768273	0.00706098836648855	-0.036111799871563204	-0.018683042931072667	0.016852731333850804	-0.06218173712147509	0.012689500843008636	-0.015430729748645497	0.009644325980119856	0.008711374812827934	0.030276110039779605	0.02595682195602366	-0.033886828740919875	0.034854378747829325	0.017690560642532206	-0.05991595573271855	0.019375346204363993	-0.020572954073473912	0.002692784653932531	0.012746390176974124	0.007895649976232199	0.00012747802001102955	0.016985034112350812	-0.006394449604136329	-0.017093280886658756	-0.013028712979190697	-0.018914806995142967	-0.030797105295414177	0.008132585224115656	0.023591997044490876	0.022541739443274034	0.018345453716186497	-0.017217791537931484	-0.0024125883357045378	0.016846927299879487	-0.002141615049143765	-0.007765967740103871	-0.017509548290911513	-0.019229945854552837	-0.009553366280474556	0.01205889333005145	-0.006815874619940658	0.017710160994910892	0.00836533561495542	-0.008884362010834567	-0.01655597353582264	0.013213520448912938	0.023676644474733274	0.018970242240402824	0.009666452277813268	0.008945530883909567	-0.008973468565271644	-0.012220162952968343	-0.033595954074750925	-0.007077253646447474	-0.007861980309144409	0.01758295930934088	0.017785949057556146	0.010535009407100579	0.011874200302046976	0.024530632631148432	0.006483508873369122	0.012030553114269305	0.009441306038604427	0.005300560812456436	-0.004417215444047071	0.0054019922568602765	0.0011773362870183804	-0.02273918397931948	-0.007972235902203204	0.007845506182637024	0.007392090313957842	0.006490502383849928	-0.005916809499095682	-0.0034520220208914504	0.0	0.0	0.0	0.0	0.0	0.0	0.0
SRR19621150	0.15907581555877162	-0.015038116287366664	-0.08183940902934003	-0.1945876919902114	-0.0498245865407348	-0.055897544898314756	0.04861207770739715	-0.01305593233979683	0.014166907576530177	0.03604562027719054	-0.12688400614614936	0.06438014783329615	-0.06266736989837049	0.06607058150644422	-0.08619705559017594	0.08225436389635965	-0.14934806238253756	0.026927501258310664	-0.0574557549680988	0.02545549022843613	0.01972985028929053	-0.03149339020699667	-0.05338707156458128	0.04081956956621575	0.02938823817510158	0.0631585853089485	-0.03770133331353726	-0.0003126300009585053	-0.01624553531038528	-0.035485337810781184	0.004751909133259378	0.038783887361582545	0.02148534795973942	0.020922735113200554	0.07027156050899151	-0.019716644613615136	-0.002178482660005721	0.01760167063514877	-0.009072892640938659	0.006489862701528	-0.03661302178542297	0.030303876309444033	-0.05102159447654941	0.026440962709205713	-0.05825980351099088	-0.08770497899071625	-0.03626658681022581	-0.0322422411064392	0.012925852540402455	0.038953863819757566	0.004246923079707123	0.026360122800952034	-0.03189979767708206	-0.018875280233214303	0.007369480252611368	0.016682281372208962	0.0337015091255354	0.003072163086317867	0.03143311744237691	0.008631657896610695	0.0005589358115809212	0.05920057528111873	-0.03652471808571362	0.03975436773596948	0.01816822671118677	0.010361684203415046	-0.01640490027757469	-0.02246397227843486	0.02447325846201431	-0.005186114694629868	0.024201409702524945	-0.010245955343560518	-0.01363839867805418	0.01236433816137036	0.003111788356918721	0.0037644877734684767	0.010870089268810352	-0.025823564253725482	-0.02857745749553974	0.0032855262305481396	0.00949441576855655	0.017274256622776273	0.009230120414147829	0.013563344300331933	0.026900659986988096	-0.011941897175353548	0.02086031306336086	0.014863669946765563	0.011854202093107516	-0.010951080395049903	0.0074612661513837565	0.007054601605421528	-0.010660875445775046	-0.019105860270791104	-0.006756924293950715	0.009154851959936042	0.0065875342337929	0.0007966337398240602	-0.003855662257331718	0.03015171663850044	-0.006683089514729537	0.007496356107384271	-0.009166783305403037	0.013230697789147051	-0.005728803213464454	0.006271906375664075	0.0011514086708927398	0.0032682337889445518	-0.0009411678421029806	0.00016870941141982644	0.0	0.0	0.0	0.0	0.0	0.0	0.0
SRR19621151	0.09328216419092553	-0.11410478440721974	-0.02274466841357571	0.14975061457434807	0.0034973464475434673	0.0011976320871824717	-0.00014297186103794308	0.014209139352496306	0.08048475428361095	0.004527022660684099	0.07076150070162017	0.01533442320703668	-0.005227109725792687	-0.07841889466873472	-0.02628231969365634	0.028310135471353342	0.019058326135460296	-0.007492521811840149	-0.0643616993076971	-0.013484878197908513	-0.0029001362567213475	-0.058281947242629105	-0.008794110006873381	-0.05621315030273568	-0.0339056501477191	-0.033587974595660076	-0.019226219005738072	0.027157565492373033	-0.05194496586499449	-0.06807615568078049	4.4863230905295265e-05	0.07615714177410184	-0.015957124421515284	0.020790471771013518	0.004234734793387368	-0.02249989938425092	0.015114727442088834	-0.0269583511982636	-0.05816797716560389	0.04665065545977746	-0.05131874384201623	-0.003536279021956525	-0.05449436369841316	-0.020900873566135816	-0.0008785033480884516	0.06269453292875918	-0.03281156141228172	-0.010685767227063974	-0.016816270138061945	0.0021636140547525036	-0.04225531093698853	0.022592837078867053	-0.019534963596550717	-0.012318860530294965	-0.018339549378507732	-0.010559523745330354	-0.0015028645204622126	0.032268408958503	0.025637241316981748	-0.03800583009033319	0.009222685258155025	-0.015428686559974586	-0.008300557656124804	-0.006842886835929776	0.01793025452901923	0.009137069844539662	0.003649764623374739	-0.004932645170349709	-0.028433671639852207	0.0033715221036315648	0.012824834649236196	-0.023354805817672734	-0.017786726740179473	0.02242052661771057	0.0027495805702039532	-0.0006676890408780595	-0.012034998840423342	-0.0010163467419274127	-0.013707170529866307	0.006021681406952765	0.01106773090364865	-0.0019853685433097418	-0.015281682756538352	0.0007062417840006874	-0.013495023286259393	0.012606996718415739	-0.0022167525489668895	-0.01899063907387095	0.022657969664793817	0.013858598166578173	-0.002030521409322504	-0.015345600332473557	0.009394118844661632	-0.02733315164224112	-0.0036563261448712015	-0.02938388548287716	0.005529659516181359	-0.007320140209876003	0.013916650865327482	0.007249010446363149	-0.00472869369292339	-0.011436321206374998	-0.012686340016881502	0.012731008288232228	0.01595828937938384	-0.004607126883644045	0.00678428004559777	-0.004358334852203413	0.009018155909562285	0.001159051556716079	0.0	0.0	0.0	0.0	0.0	0.0	0.0
SRR19621152	0.14380492697901356	-0.019028947453634263	0.02417351212169547	0.06279569988424763	0.06252042275874507	0.0003340298172927187	-0.013770572310388989	0.03422817052555708	-0.0014977111635812747	-0.00748237055491809	0.11048945212351491	0.013738263639957712	-0.08711107234385432	0.052883209442428025	0.03609830443991021	-0.05459793513918134	0.009280196517502256	-0.058549929732386784	-0.06201768236433538	-0.02513751065172188	0.040054652132804035	-0.0036295522210834648	-0.08954589983476698	0.024289851673602043	0.004149264623148728	-0.03726071279655553	-0.043474460664143906	0.05127514054178513	-0.033473428865327115	0.011672670643669492	-0.03092540970778476	0.019860988631687268	-0.024844093276531858	0.10793111947499032	0.09740456757431608	-0.025437402385036445	0.019200551410501313	0.0038477265313232385	0.019166379645215833	-0.033347065660536086	0.07680053567618701	0.042289702818898885	0.012357093618915307	-0.03514013213004794	-0.016178926644616138	0.05258508688389751	0.026214601793704228	-0.04699001402929697	0.025865209582577455	-0.05803216821718335	0.008868851778975805	0.008292133966781539	0.028321815758957286	0.04459508393311639	0.02558822929577869	-0.007378858202363199	-0.02341754118654212	0.015333108280936232	0.03588358080420563	0.012357059827519414	0.07290125269447335	0.021643355337453818	0.009231737940424227	0.013518412988814158	-0.019114936229273283	-0.0013612572491747503	0.0433542503435134	0.0036093094911897974	0.030749454066849292	0.02282544618015941	0.006772143613971822	0.026013647023011066	-0.004017008568581708	-0.007260957785422554	0.008863932718494342	0.01869514836550531	0.02590237918775006	-0.0009678338741958005	0.030596749242926224	-0.007272378472889138	-0.003126378771547738	-0.016271601309311687	-0.014392850276879844	-0.009966392020369154	0.003964058067731943	-0.004389482692368913	0.023758054761611854	-0.009603257917730543	0.004750433565793409	0.006123332043195808	-0.0015558926571718858	-0.015600994696980059	0.003200996955012733	0.0001174693531878105	0.009976911153483448	0.015214311300296832	0.018402727072691454	0.007021337449337139	0.005682355801481418	0.0015582836162991683	0.010296099784683765	0.012528354069951368	0.004262491245336923	0.007104765320678187	-0.015569589552453699	0.012037137559645472	-0.006463782080779947	-0.0005600303767247542	0.007761554691442491	0.0009371613546372282	0.0	0.0	0.0	0.0	0.0	0.0	0.0
SRR19621153	0.18600926059574235	-0.0215461423790916	-0.02684688948377158	0.09023809993776936	-0.02345335416391317	0.05167758026893249	-0.02597230494703437	0.038565906420371804	0.08135762983566694	0.02897930546068879	0.05484935260948147	0.005472691087240566	0.005396483810207469	0.053380244393063866	0.0306473777244193	-0.025335911343206046	-5.526024645555766e-05	-0.12318655716667182	-0.04791349634124346	-0.055118988302616835	0.027564590955022273	-0.019094195685455645	-0.11808667159441394	0.00920652432826176	-0.014300125785884991	-0.07063256462024528	0.0044168017850604825	0.046461545942721415	0.03121016845130146	0.03565409191489213	-0.01949464794579548	-0.003679881395795883	0.011375764108789268	0.09149716822730589	0.02942972441085645	-0.02916875365600753	0.03251021910237865	0.02621746382743618	0.013328682335580877	-0.04626932574006541	0.057951799112120936	0.05668493589707622	0.01136557977930839	-0.030263948320646578	-0.01130932389408098	0.010444074592196777	0.02598915735233711	0.003676934017905075	-0.053783150988490895	0.018694211039552537	0.02633759136910798	-0.009807865919957862	0.0029908686866312916	-0.0030444621901303303	0.006461464616902461	-0.02128886285059432	0.0016769322349481487	0.0027575746757120745	0.022238249008221612	-0.010405668495738601	-0.04300651367766713	-0.009755255985825072	-0.03975934570319009	-0.006081636217896752	-0.049679652459363746	-0.0032139040839794675	0.004612118253831774	0.01989122818566906	-0.008769058527106677	-0.009700990231204146	0.00548181445999563	0.0058477985516767975	0.005384743454341112	-0.0034415204367917143	-0.016804380031449927	-0.019542428950688064	-0.01750095365880739	0.005225669993684154	-0.02204999435680932	-0.008392352139068015	0.021763483030158483	0.009659654619370111	0.00703424300410631	-0.015548469575323284	0.02284367411941824	0.010301838715137823	-0.005136374295565367	0.0071644332674285485	-0.00589166243228894	-0.01957846033916593	-0.0010929275538420326	0.00043266855552233493	-0.006422593350705936	-0.005257873816830517	0.000576341934449784	-0.007099459568061924	0.004691479377671532	-0.0014299636607088622	-0.0093365792640304	-0.0020097631857519654	-0.010954421184025152	-0.01614580819564409	-0.0016850257287685858	0.0036654967669573876	0.020387367337174226	-0.0077443380189449506	0.012233765676985711	-0.0033526186096687807	-0.0036811403030094798	-0.001064109358299444	0.0	0.0	0.0	0.0	0.0	0.0	0.0
SRR19621154	0.08225951891685661	0.09095515071857543	-0.192980330632099	0.08570783048615943	0.1470426279209963	-0.09363474360081425	-0.07360314669794062	-0.087075759841112	-0.05304479745632839	-0.016888434914774587	-0.1472090777270021	0.03275213295032579	0.037391956761065034	-0.13547877180503978	0.0772647489038505	0.006429467171449411	0.013448893312466844	0.03375764908197858	-0.01899090318364099	0.06416532209662619	0.01862073357178738	-0.024052594942510712	-0.06305847089704002	0.0011827997343957883	-0.025328731648378497	-0.02386759157044027	0.00018568936490493543	0.02690737172388858	0.032721110963325035	-0.019844938900274677	-0.007375550373767518	0.01048159800968797	0.023821933221332917	-0.0016861085596228613	-0.03324914563890334	0.023881597772136543	-0.017313602666503093	0.02381314576550727	0.008827712507583314	-0.0027516259966478243	0.002820364876146595	-0.02191895901079057	0.021852606944808835	0.0008827553338732348	0.002082658539043667	0.0500749357389831	-0.017414986586078665	-0.03082753195189019	-0.013005346778793375	0.01362888499976849	0.0013403908151888209	-0.010990378553580508	-0.004284374959224239	0.0017687329081178334	0.010374882784182174	-0.013013234340090421	-0.0005128382891882468	-0.04916067839934439	0.0021861469706014086	-0.03805522398406177	0.019656514155868294	0.0040885858836893834	0.03046766961362315	-0.004153756815656319	-0.00791196902819292	0.0007242269421013338	0.02761512372417802	-0.014146895330791722	0.0073772953013643465	-0.010198835796666665	0.0016502226977736238	0.0057143599668788075	0.006593407436563102	0.009162802647186354	-0.007677553590372905	0.016001138237014784	0.009114295634595908	-0.026961545530599765	-0.003267498714911535	0.01459375963996938	0.00952496594152975	0.010463299664319374	-0.006991455136479117	-0.01311952099739841	-0.0009170632922407712	0.010066425628397945	0.008247494200457664	-0.020531783449924134	0.007483386097029009	-0.011967712199891206	0.018335384529198025	0.01223372251330155	0.012295335300888622	-0.018501308651673588	-0.007624676650820233	-0.012387630367309685	0.016474945684177286	-0.004644010073825036	-0.02338934248154372	0.0043121304510186	-0.0009442786091673506	0.006532633168792454	0.004407229202703346	-0.0008449984693149346	-0.007026417738934002	-0.02441048062633921	-0.003469011873726101	0.007798199901727937	0.0015652692814380126	-0.0015489709081192317	0.0	0.0	0.0	0.0	0.0	0.0	0.0
SRR19621155	0.10253817568420884	0.07692653422112865	-0.16271059905853544	0.08518340543623842	0.13630205746175436	-0.08841242455246125	-0.06887569292130584	-0.07446091800209029	-0.05968433529935312	-0.003629838702311714	-0.13928800637742983	0.035272095799832245	0.012527620297477319	-0.12302674285306386	0.07974990954291511	0.050955263138765666	0.006321146307874486	0.07059262708430002	-0.019127463109749977	0.07548433748580036	0.013565656791159184	0.032906780546442624	-0.07928997778659283	0.0097744702291303	-0.008436129348580195	-0.04780721161008113	0.0032278452608809588	0.009370152590989065	0.02939646528111724	0.012762549942427844	-0.004263792927199619	0.009712063395122537	0.023675503613517276	0.04781692182811269	-0.04981935599918998	0.0009997583902796243	0.025074083400049126	-0.026169462180873387	-0.000746854708671703	-0.029425499095637086	-0.028031536337752426	0.029171306665044517	0.01567117778114183	0.013759119755039512	-0.04908809927289423	-0.003669857812056408	0.03481103803597066	0.0002556183344326897	-0.01223470638511107	-0.0021325798966310102	-0.016658420066892235	-0.022816494481942104	-0.020822383113118965	-0.060985982725489905	0.004513977585053391	0.0009836335957155015	-0.009597836500604584	-0.004144186656585664	-0.008345777570159005	-0.00036521570464455213	-0.014862984332619468	-0.005889376153196537	-0.025737248930664976	0.02788940954643503	0.02458602440213386	-0.0008556422028271718	0.0061790137668449015	-0.007219306021526779	-0.017894706426456092	0.00151312073167907	-0.0013609822188386939	-0.011687034486688275	0.007841748634947224	0.012611541854512019	-0.01104046685626661	-0.02432456116429029	0.0078025977377057945	0.009173816825025329	0.009026898649658603	-0.0191428154806135	-0.0025896261100214874	-0.02072102692571659	-0.0034916054101148774	-0.004635415166782089	0.02695106250004091	-0.023588617543319694	0.003288454031413948	0.022117719147733025	0.016708502570030218	0.005015331496952914	-0.016724224119058276	-0.005629553848212414	0.0059936581691442245	0.005577864106345894	0.02351916686878187	0.012678396773800497	-0.010110086755593255	0.0169554182923786	0.0061367534125352724	-0.017439513300122476	-0.0002945342111150218	-0.0020110702353280004	-0.0008275952716342514	0.0075433602271474404	0.0072224304191468676	0.013557813875367005	-0.007610423907662554	-0.014295526386578772	-0.004734977750100883	-0.0009986901042106416	0.0	0.0	0.0	0.0	0.0	0.0	0.0
SRR19621156	-0.21987429322642282	-0.052906230762534034	0.07296676826166652	0.044699045427208206	0.023898567781239312	-0.12461210102420864	0.09154840451480757	-0.05587013583155346	0.038075223845915114	0.05077428341850389	0.02516833889172551	0.006570441484715138	-0.06429595007090337	0.014616674170858976	-0.05723675320585728	0.001098023784551865	0.007536966364528796	0.07654271787665452	0.08643146273626216	-0.04814578117622594	0.044288631630869366	-0.012205529235993334	-0.037338926168760125	-0.06918931258559659	-0.06342115146782133	0.01807203827775276	0.026172144222730807	0.01758449919491252	-0.015605525853473681	-0.05189044188480036	0.026679486964095625	0.07384259292114112	0.013053770500840342	-0.007891869387344284	-0.019348981294236213	0.005892534083815725	0.011926906685863799	0.013263477287109983	0.05781423000298874	-0.012681609157418729	0.007837033893882408	-0.0018236828274188145	0.055314880272027266	0.04587246879975119	-0.0020977118389464773	-0.017257267714608723	0.007122644123292921	0.061198706155708764	-0.0025677321873042148	-0.01829790605696751	0.019079983436045413	-0.011681128475445494	-0.004565034758487778	-0.00342540021540024	0.0014162368677371527	0.0006206406274772025	-0.05702758709044029	0.02461384054197178	-0.011318524973925515	-0.012300263319973815	-0.010760551827163924	0.012875039193536891	0.01712548405818433	0.004662605960936182	0.01193003653242454	0.04437722372592979	0.015258065519736522	-0.011151124099849408	-0.012089982587638071	0.03490600168085516	-0.01801487620594076	0.02193727391203931	0.01590312956044125	-0.0056492416760258336	-0.01350769001871443	0.002442851098111748	-0.02574256188427647	0.006924846000792125	0.025407585579042023	-0.03343417056903308	-0.00953785166901538	0.01194509403051341	-0.021520318339715003	-0.0024759484080490324	-0.00046690181103253744	0.012415449305610032	0.018260015609556937	0.03672506933936009	0.028782139379106647	-0.013889294324513723	0.02925463285520814	0.005938428467552458	-0.0020523747367839204	-0.010929358856714776	0.016299178906087366	0.018045774341577683	-0.00582386608007809	-0.0026351755323876223	-0.011415892627890742	0.008095813548472464	-0.01538672699071577	-0.008284834058780163	-0.018061744646512824	-0.01216907593325772	-0.010169521502583392	-0.012190969709374349	0.00788837760641913	-0.002801091921697405	0.003302984096370273	0.0016058950076671312	0.0	0.0	0.0	0.0	0.0	0.0	0.0
SRR19621157	-0.18949825896722225	-0.015455079722865342	0.15740688143584045	0.06476807167890757	0.015791933052094375	-0.06867128554382845	0.14669096362602216	-0.11427944450579626	0.08400016438975294	-0.04802839706550985	-0.057283624527434324	0.013955993464435464	-0.019311945976453086	0.05413896576456939	-0.016710325273056742	0.040724659622498646	0.027024520842129807	0.01096882113132018	-0.03868549547005171	0.03180769414933087	0.011710474558168793	0.10474850624347436	0.02768757795882833	0.0737305116247381	0.0394202922011528	-0.04895239187657936	0.015174723127179917	0.05782503568557738	-0.01883668478539148	0.04201876228521547	-0.0072125157525355765	-0.06398750779724958	-0.02297029939340599	0.03362879126080518	-0.014881316058010565	0.025020849896089825	-0.0062193454567776455	0.00561373021157676	-0.0064592112465191405	0.023001375531696313	-0.00028805912567171903	0.008703768349152322	-0.03786921562112952	0.010698342126915386	0.0006500095723268359	0.015957141300264346	-0.0017331782046836992	-0.016825492824815283	0.007831676470211654	-1.527355564150967e-05	-0.030384169075709316	-0.016019040082760082	-0.025202178743769354	0.011062972274778387	0.0017410404462901846	0.03084364473293748	-0.014538167505392885	-0.03717352533406149	0.02273346562517762	-0.009079470379812785	-0.009710065191709555	0.02959172187509563	0.039359257466003675	0.016028867149021186	-0.017074580722199154	0.010091145629952112	0.010591789426408774	0.02154025266895744	-0.01672943223598296	-0.016707210982322345	-0.010725875478854428	0.01513799083467025	-0.018801761821207977	0.012209459643699296	0.04509628179800993	0.030124311729181723	-0.010601015459074901	0.004743664708789093	0.016255479147815898	-0.020366853114669188	0.004947292202644542	0.010465386889125992	0.024012381201416598	0.01632311247900034	-0.001261521636173726	0.01371189915182904	-0.018114010599004207	0.008305672754963581	0.02302774093380629	-0.020988371296365927	-0.019942160586330075	0.0023903668355234192	0.009561648433701575	-0.006995980381054842	0.007218305545063338	0.03327257691688927	-0.02812317190413654	-7.081907788724357e-05	0.013813323305694559	-0.0061785385557440505	-0.009421292991057085	-0.0030334686742533048	0.0046951362994015165	0.012993407684340253	0.01505056035551559	-0.008636547868540857	-0.006399357816900203	0.012519571486857724	0.005991697287673954	-0.0005640387826099151	0.0	0.0	0.0	0.0	0.0	0.0	0.0
SRR19621158	0.07856077274758835	0.02123189720133976	-0.05549630985248157	0.0786374520367452	-0.03831873408448189	-0.08229438597617428	0.1925549505097775	0.06777057480061617	-0.1079894438563913	-0.011191730892216499	0.029985938624351102	-0.07696141816007494	0.01947029060765725	-0.016109790111712423	-0.047133705571371726	-0.04382697121329695	0.004699834835938016	-0.06985569346651176	0.07804145436591439	-0.008830780792758898	-0.08073840553712827	0.04205517089190753	-0.03819736291582757	0.044092737712887464	0.046201132199898735	0.02111928170068897	-0.0879920480565846	-0.011130519438286586	-0.043934970234288835	0.028352454875694662	0.07382527668363392	0.0390342169922635	0.010671075450324185	0.017258024866425036	-0.016442908026392703	-0.0717507830664837	0.029112962687918055	-0.006776451948169504	0.01992354998120515	-0.046058567535189956	-0.015042843856479741	-0.013185939502025106	-0.00842545335720599	0.038715019690081696	0.03307939558583223	-0.0047772366601603455	-0.03044018327538494	0.021039937183008842	-0.016068697227436653	0.034624268917405845	-0.03073487421231	-0.049878322276723834	-0.030262963055353226	0.0004661685358065657	0.016587323287885196	0.0008400262647572409	-0.011685871759293516	-0.016562876911348084	-0.0028461064924533886	0.012146871226353289	-0.02158601902330526	-0.038781033996989685	-0.007944117616974094	0.037033022170616006	-0.0014601240718733377	-0.008345349706926259	-0.00601262940717139	0.01113175013551371	0.01490390967742803	0.031288003509770686	0.021890107676502443	0.0055394540891151095	0.005617828123527405	0.024137429424930624	0.02113862021345463	-0.023232499866394165	-0.003620875895962345	0.03321854365944287	0.002646984357628621	-0.016243698178625553	0.01547839439104907	0.014504472625127102	-0.011318178280170867	-0.005912762465474174	0.00949430441353606	0.005969219120382225	0.0035453135790421285	-0.026917314005046346	0.02851495095521243	0.001007503017678798	-0.015991667663952148	-0.03232163569216144	-0.021991205113034366	0.003931007656840427	-0.0015686749624054769	-0.007275591433591363	-0.013416643021050745	-0.017903413364342743	-0.02057819392735226	0.0007106317596582731	0.019438810970037773	0.0028545856156815133	0.0007223163701728906	-0.0038597064976008543	-0.016300350118558845	0.0017880665295766085	0.0027454219025110534	0.0057148805787387204	-0.004139801106579487	-0.0009163546688142111	0.0	0.0	0.0	0.0	0.0	0.0	0.0
SRR19621159	0.0725266095312817	0.013437350268336224	-0.10017149310710506	0.0802615308946178	-0.05723815168606815	-0.12028769464141259	0.1395982782333097	0.040906566451032716	-0.10382867344705646	0.003461034764489565	0.004637303272407838	-0.06866646141064872	-0.00671699542545171	-0.0020111065388752	-0.0329180878699559	-0.09045710606726744	-0.028071630218889466	-0.11994351350455655	0.10481726156714913	0.00947534112739377	-0.08517889733974315	0.035870650026130727	0.0016201572601693282	-0.0028607483530900583	-0.022776275689703397	-0.02316818563917619	-0.09738513029139896	-0.019241709006697204	0.004431248462836458	0.003213984893817894	0.05058422300687358	-0.025497865502458895	0.04432554962572364	-0.023775808315817284	0.0310594726104753	-0.00047104244854401835	-0.023005324852259604	0.0037740651328724787	-0.020317155846715923	0.00939999157016684	-0.007055513539115664	-0.07306486884990433	0.05871868811268247	-0.027277764060871325	-0.04735794060185813	0.030435982499787646	0.013843086637868502	-0.06441747427701149	-0.006664095388052288	0.01718008998139328	-0.0264307912715899	-0.008023198255445403	0.03690838790208057	-0.008971586177730142	-0.04249980902508432	-0.014849485052373566	0.03325831860317449	0.022244079700082797	0.012426946520762667	-0.06030067497292231	-0.01635016383439996	0.012835030196466372	0.012819169657478173	-0.05233239027514815	0.015687027555936248	0.0039481598968861865	-0.00484336619551564	0.009800687382005546	0.01748422420060853	0.00042448468005133093	-0.04001776820728183	0.010723204606105362	0.006679099078562608	-0.0059381187903651935	-0.006767698973479857	0.021793316979801074	-0.013623256404092333	-0.02772607819968916	0.025463941302118927	0.023666208845643494	0.00494679460865384	0.02859657512739643	-0.01486007668764525	0.027489237693192888	0.014996723210990073	0.0013018183117144535	0.0012640907133288108	0.01833422773414394	-0.03156141142216329	0.007410340827141594	-0.007852147126386736	-0.00551630429738468	-0.007303098585854376	0.0008162560762138412	0.0036587162981693627	0.0013428196906248293	0.0023109510635178124	0.0017619921545182736	0.01148293048079132	0.008095343874027602	-0.016077874791995236	0.002978942367280706	-0.013994834271054031	0.013397105913671171	2.4512147050338864e-05	-0.0024782532458096865	-0.00446186677607069	-0.0016018210991591406	0.0006921873147691662	-0.0004397423503759205	0.0	0.0	0.0	0.0	0.0	0.0	0.0
SRR19621160	0.01129803839025403	0.020109920296556113	-0.11045054281917832	0.052879055960911435	-0.0009159155076434266	-0.07458260428210096	0.2231477102323398	0.05375782022820775	-0.12128128066562803	-0.005813502153594963	-0.036945862292591475	-0.08617691200390858	-0.059879783315625365	0.03583098142223298	-0.07478564632782589	-0.06962958120385408	0.06601606019904682	-0.04867536163073951	0.10645642196733508	0.027271284659725645	-0.06326078913916515	0.08850689005676111	-0.029774101406767634	0.02223779243394345	0.02610855541739353	-0.020393017220625732	-0.0897640354006449	-0.026952381764794982	-0.005003482064780431	0.02894770115979501	0.04098202169581298	-0.003407796294377759	0.004213076791976825	0.03334561246073089	0.0306077775584606	-0.06452431267394695	0.017481368867049433	-0.01723580572944764	-0.009844810034797657	-0.03229389214205402	-0.05167669275647076	0.00881587544581883	-0.005692541198499135	0.013561035326428836	0.017484418890489444	-0.016881228117449156	-0.002871913372270023	-0.020612305537384898	-0.0011586487991404623	0.004312258667660682	0.017869014901851294	0.029101327475690792	-0.012069185486265609	-0.004950895667743176	0.018547297604164764	0.03875812312443738	0.011742682154213594	-0.0055336972554168445	-0.008753565826337718	0.017063028887780857	0.010445269179193027	-0.00888412841791441	0.0020890929791197587	0.019718060997120875	-0.023254494463833594	0.01636209089478514	0.01260966858301219	-0.01939499866067991	-0.020462224261554363	-0.04145125776879968	0.0179519028588979	-0.007439865458328184	0.01584430747406839	-0.013092953387089198	-0.02027579590292948	0.010604767457804622	0.009999052534962518	-0.03020652939384901	-0.026979402231276275	0.004011912532393433	-0.018458621047618036	-0.033639636677303	0.018610361400170413	-0.016146143242170573	-0.044319196811591965	-0.0031150845626785133	-0.005585436168073925	0.003006843233999511	0.015125542627622638	-0.002749706483861212	0.009254332927819157	0.02822471408297637	0.025136157315112758	-0.00486426377100677	0.0008430385765216918	0.0036133963604945986	0.011596107587158675	0.009160112934198347	0.009380126576443507	-0.006054597135242611	-0.0014642463915299274	-0.010595914375157068	0.011891133313582802	-0.01348202067789533	0.01223323577161917	0.0018918275238747379	-0.0009823040213818867	-0.007127951052226218	0.002353095792480575	0.0011365349391778603	0.0	0.0	0.0	0.0	0.0	0.0	0.0
SRR19621161	0.16043357735205288	-0.11487774673049786	-0.029015651089448008	-0.14871495924682418	-0.11606777936471127	-0.08739236499073273	0.030658539813475924	0.055009957958526014	-0.014777387319319053	0.07157919651943999	-0.14025358959187043	0.054402636509002636	-0.025275883257356312	0.056779797431448335	-0.03801438305286902	0.09062461815899502	-0.1007755767277488	0.02877109394463816	-0.05260372288068755	0.012422116063437473	0.050909663795514565	-0.027002434518015955	0.003764190415275748	-0.03690790842003113	-0.0365113924122021	0.0301288509098035	-0.004197376342997968	-0.031950314047103724	0.042298372345754086	-0.018927824875749982	0.003313390690125838	-0.004202700613275503	0.004447992943062995	0.02766608864055	0.0414911170026495	-0.024970682953147534	0.029146720691133214	0.025227147362256876	0.02294096827277913	0.007652299560393473	-0.03656055333054572	-0.008314372754769171	0.05049147258290058	-0.0008352497812065771	0.00969977019726597	-0.024198559984409465	-0.013132703305601208	-0.013391081083431296	-0.008319138889734632	0.013598137387062526	0.022231929993250944	-0.0043075520132997425	-0.006836455000534481	0.03534701418276547	-0.03081817768848171	-0.001278473291880672	0.04762698910081648	-0.01934717499668835	-0.07237328299556352	-0.048089258361247895	0.02935022067080989	-0.00992519239958458	-0.06955649434814008	-0.04425846097650268	-0.03561966663810815	0.016832521663447116	0.041055181914721	0.04569143608090576	-0.014315604090518973	0.011302739255163187	-0.014683124884213925	-0.006833983455811972	0.004403575622896979	-0.002565512261771165	0.027185539644252524	-0.02387162123821931	-0.01267439670414572	0.013668836934384575	0.0396957598630458	-0.02899391606681609	-0.015094181791265539	-0.016331630348281948	-0.004900642347180335	0.001662304257878481	-0.018233382096686762	0.02164065170112855	0.005550365420489281	-0.029964107677541974	-0.0017094947434151406	-0.0035853611641551474	0.006424397613980198	0.009850985275071101	-0.0001677119785326083	-0.0009643737231058159	0.0009720532499440671	-0.0016481286538897447	-0.002427663477397337	-0.014905006591401714	0.017330675657370134	-0.0213015852731256	0.01253989920863507	-0.007502315306500977	0.00536029514439919	0.0016772323939042335	-0.002015034755656468	-0.004523344753441825	-0.005964297284069884	-0.0023056860375100015	0.002939069995769426	-0.00034221295964454574	0.0	0.0	0.0	0.0	0.0	0.0	0.0
SRR19621162	0.023391679389530014	0.2230770453547452	0.1228473731285672	0.006529146530254403	-0.04867575396328948	-0.01720902690053121	0.03468855816000891	0.021661696646796225	0.061022907452163155	-0.013747014245776821	0.015417906310888125	0.06883274718175657	0.08276966020009734	-0.005850178029947663	0.04237955371171872	0.021086658958357988	0.04286885597306401	0.05394721412463581	0.05134347082514877	-0.11579168853881612	-0.03397551170933683	-0.04712015569834201	0.00027424033777356376	0.044685102691100535	0.047830445028088996	0.006925215310473161	-0.05331357538057346	0.029864967723842627	0.09974423662134148	-0.02699949057381529	-0.042532603241043895	-0.03970380854294332	0.0060643478935197065	0.005831739637272528	-0.003828908908766788	-0.08194894237737908	0.006095181439846748	-0.04908168242823967	-0.057975454772852555	-0.04537965211173828	-0.016483918420785542	0.0018587800023141614	-0.011495286569437024	0.026132791226977484	0.015796748060848985	0.0043200972341078175	0.0024458492432303603	0.0425621825615034	0.0041355124552425486	-0.04799503184798612	-0.006365009787191884	-0.01012277671269096	-0.02203656784930011	-0.06854261991923173	0.018659136985088948	0.016762880535274645	-0.00408206090235154	0.022118201677624322	-0.013312448607246724	-0.023102583343531238	0.0005929980254647032	0.04656062589831746	-0.011878603373700534	-0.008239489898945794	0.0034852010560641263	-0.028678202035697112	0.050338686820097886	0.028277161501166048	0.0010975758876514737	-0.03212285161411515	0.0039719380806615	-0.0075236312842955405	0.016520636019665958	0.011502914129972487	0.021093966901246992	-0.02086914974436905	0.0061503180523054994	-0.015487272323396285	0.007142290372256469	0.016902024662252692	-0.013285216569731377	0.021141636088803574	-0.014220878134409335	0.0009811225161521456	0.03562228894768853	0.005235753451094885	-0.020600546526901437	0.031072634985463032	-0.020431782202134426	-0.011508391477980079	0.0004396545826142804	0.004489677792805971	-0.008594887260291005	0.006633201546047091	-0.013999271801047245	0.007072361827776308	0.02706751795423939	-0.005648676346220583	-0.002325181932077225	-0.01109871613053476	0.004658182685691204	-0.022300932362587147	0.003753373876579271	0.0021711133913057245	-0.009099876493074505	0.00044798725579052803	0.0023201180873451254	0.0033429055540245595	0.0038633285001922544	0.00024110459418354548	0.0	0.0	0.0	0.0	0.0	0.0	0.0
SRR19621163	0.047412388388610865	0.2164501050016096	0.12636523159003477	-0.025861117097013286	-0.028351062927212938	-0.060961141052195175	-0.0011791265401775153	0.0067134693902272564	0.1370036439068206	-0.002037958778639253	-0.08583175449261364	0.04659877330813239	0.10883783717109222	0.016733832336410903	-0.03996221645125954	-0.01662919057010273	0.033753521877557945	-0.003246772185789826	0.07418872356261923	-0.14867465776279876	0.007342275936837226	-0.06790835498522552	-0.02268687046085895	0.045385615623851704	0.0557309130288717	-0.007328030635186614	0.00918391137859616	0.030286902576665962	0.0988866241835042	-0.04661742418617826	-0.00460926506888762	-0.030247179903447205	0.017534866248904237	-0.01870190332203569	-0.022812677393999035	-0.04555141419383562	-0.024437743248215793	-0.02966260476120115	-0.06794680132715875	0.012756709588488981	-0.04578590622977367	-0.03494332140971414	0.0025805323027489283	-0.016675001057152215	0.005672123452876002	0.00645013387169701	0.016542896256202914	0.009864853910636785	-0.02052947941086883	-0.010306851959763814	-0.03289516949075251	8.286525046560762e-05	0.0089747432553209	-0.019537410164146597	0.007307684091818151	0.0019486881506660244	0.024001031329103528	-0.009322121447299162	0.01026626356955047	-0.005498870583676125	0.025658299433661998	-0.006134588527662913	0.0038340231871984843	0.02205624561886866	0.012722352289016194	0.020979694651138532	-0.03032587599405092	0.040090303756511965	0.00953551933214825	0.02474985642694851	-0.03422456400416512	0.040353626127260636	-0.0014969086954461086	-0.03025659233196677	0.015011154323236797	0.011997091035955022	0.02843545445157354	0.010248981446580409	-0.00717410904831511	-0.03296792123262074	0.0018175645966204176	0.013078705956578892	0.030407020513150484	-0.027072553858462564	-0.026310969773529484	-0.01793480847184995	0.01386707657645423	-0.021959701082015896	0.01730162013438929	0.013892225105889474	0.009345164003481461	0.0018882482613638274	0.020428211786072542	-0.0019263085227858342	0.020111898232005702	-0.02521898189106952	0.0013988246188506878	0.009479742369322197	0.0006030068134497932	0.014710838724837293	0.0003859135770825113	0.020163575829126854	-0.0055939360648793015	-0.002579967283957635	0.0015857467393486809	0.0027886425829808385	-0.0031949418161143607	-0.004365746941432193	-0.00010973629540951837	-0.00015587771783331182	0.0	0.0	0.0	0.0	0.0	0.0	0.0
SRR19621164	0.020132752101849435	0.2906346248873196	0.11493807817141331	-0.052343422953698315	0.015387770955659923	0.02455658159600686	-0.004566787488538371	0.00618876565117111	0.009001991910976696	-0.019428115443027607	-0.03153192781465901	0.12480589405892373	0.012260248416261868	-0.01832903204905596	-0.06066072879583667	-0.03819050375837435	0.023896513880815942	0.007032478613955674	0.062048891434833865	-0.06897906494898356	0.009028648936398006	-0.0889634097527687	-0.08293964625055071	0.06232399498052336	0.09186594757486806	-0.053762241398227086	0.029181166741891043	0.03535167600926494	0.04086836802674047	-0.03820125566808365	-0.007651596911863412	-2.895191701432662e-05	0.03260945963285097	-0.02862822714457196	0.01590439703269612	-0.047435935369260544	0.0011616992442161544	0.01025565192584713	-0.03992939264773272	0.04236876819289967	0.013830202604842759	-0.005865053307571908	0.02124246201202389	-0.03706358177523095	0.004401092149618974	-0.036060960603552225	-0.014004959999429481	-0.04649547822203031	-0.05646312197189873	0.021350962367669892	-0.002667474130500578	0.043033174604878925	0.040749301510595755	0.06325991511029307	-0.02171359774786278	-0.002312552145264126	-0.012629859878134258	-0.017944003520444465	-0.013090742367034593	0.002030408300437284	0.02737733335207974	-0.021637501471479997	0.033701021772203736	-0.012548663011577232	0.017442623243859944	-0.015430496747348027	0.0034816058794852837	-0.09185099850075211	-0.013009036921817712	-0.01255116326212266	0.02066165192681419	-0.052156932606443454	0.010400915979353569	0.02744381992667145	-0.003771251381447915	0.015072893976332633	-0.02921364816230493	0.01203637299692273	0.022007269661322604	0.010290137678616218	0.007178655182271408	-0.016836214068585948	-0.021095151830082922	0.007159433452356471	-0.007448937475850221	0.018981649526782152	0.010316407341954603	-0.013443642789776188	0.003459154999233103	-0.013478641651434855	-0.005312490023983907	0.0016134397763733624	-0.01763717054791043	0.0021932578676076156	0.0014783016944352877	0.018884473100129532	-0.022305985339891785	-0.007273001681100507	-0.0015365094628397703	-0.0023385637708953164	-0.0005148460235484304	-0.003816970864132237	0.0059916374480829745	-0.00293407283927415	0.0028088892904209527	0.006659770479278072	0.004459781748017947	-0.0023216382366535097	-0.002442793981961735	-0.0004747673527795756	0.0	0.0	0.0	0.0	0.0	0.0	0.0
SRR19621165	0.20290817508916395	-0.07391653217408448	0.099783146427477	-0.0612933322742402	0.01233722635741773	-0.1061807857241538	-0.12823950806106985	-0.014454989733699911	-0.099039193223115	-0.013381254532784914	-0.04658806149828883	-0.00045352969712962756	0.13515396596581042	0.10003388044884949	-0.06880751658125712	-0.1306748611981387	0.15311124822723607	0.05212338196460711	-0.051407852661534234	-0.015577749453973782	-0.020983376967228386	-0.052429156997972695	0.022595590643877467	-0.022917594295102404	-0.030875575693738097	-0.02085492137207283	0.007463666126973297	0.019868423671818795	-0.06500182507502875	0.010786807880952518	0.021888093448463056	-0.03977317546422346	-0.015055631711985644	-0.005207618306833981	-0.01127851960757831	-0.056036864270424154	-0.02849528798399197	0.007201724107804046	-0.024298619480390568	0.016978945570971956	-0.009499042524817352	-0.007213007966721665	-0.022829120152762655	0.015021115874460828	0.009948737769065548	-0.002663784145809422	0.007032610580115166	-0.007919845303387399	0.052300516954082846	0.0155775917900356	0.02260370581218964	0.007918403898010256	-0.024847560392285004	0.00424711032027043	-0.018635593654829564	0.06078235425984067	-0.0325358016622649	-0.02667155992389429	-0.029526849354517073	-0.008935535269609806	-0.03356790562343417	-0.0014380306019527124	-0.0028326033877644824	-0.041879661321104815	0.005432915726445747	0.024243579433400213	-0.005114140168002816	0.017776170492290723	-0.006457669505721165	0.009156726800220142	0.020951124744645284	0.01397449789366467	-0.03440299757492118	0.006801895015068217	-0.011098134304404966	6.78843411353075e-05	-0.012710565217656098	0.015889526912488464	-0.03761369258585063	0.02060181394239951	0.0132252736684177	-0.006746613221096823	-0.028993885846288373	-0.02691388522832371	0.021010563000031346	0.015719721378992198	0.009410315306810023	0.011723988526725869	-0.006658388212866728	0.003144512423129405	0.0023563610328199325	-0.0222539748059768	0.0059026119403522296	-0.002051754082227922	-0.018374433032886574	0.014823251212614685	-0.003319608238220224	-0.00039977733043855513	0.009708430920891999	0.007613574687661788	0.0026975955780152413	0.004066322909605872	0.005053378812359922	0.0019176662209178267	-0.006097740869502877	0.00046105594861885874	-0.009059875426064616	-0.003393382408975423	0.005359339111345229	-0.000580690046397557	0.0	0.0	0.0	0.0	0.0	0.0	0.0
SRR19621166	0.165443752306516	-0.08580654409499738	0.10843060969101115	-0.08621341932738398	-0.015411699408650685	-0.12059520544281965	-0.17315035505254975	-0.0768326613481832	-0.18143990058224407	-0.007631753447855844	-0.10579005650680728	-0.0066016088298042775	0.058027160337863	0.10392880366610548	-0.06729983376327539	-0.07639161638895081	0.13162389125718493	0.008280337423543317	-0.03276818024362075	-0.00046556467143775855	-0.0034438164779051514	-0.0018790467629792385	-0.014326215438102715	-0.029644548026740082	-0.06293969106591144	-0.019118278423223813	-0.0051981231204445985	0.02821000866534268	-0.052927262740513056	-0.0005247689912105926	-0.019451321828942617	0.0033582209240665627	-0.029069217650002692	0.005184542018992966	-0.005832457162614922	0.0243646520902551	0.020712763096594446	-0.04953300581476355	-0.010214707415134956	0.011244856184849791	-0.018020085028244863	0.022624462234807463	0.04347121000372514	-0.024539022776318493	-0.021718506825770735	-0.0044492398367565415	-0.012647589878645978	0.04782271577544402	0.0024581233127147725	0.0005993151576222986	0.007197295852462411	0.008811836332465569	0.013379209374786594	-0.019623411813921438	-0.0072859655899432775	-0.027984968534103417	0.009043360618611935	0.03525992503269239	0.04031745838133366	-0.012421951300015105	-0.0037905614306708436	-0.043644800578923906	0.0026716598833289216	0.018035535479412623	0.031835840936399316	-0.001305272624578846	-0.008762330734700719	0.0012897834790334584	0.0008307792956759891	-0.023409379958071238	0.0026218275230782723	-0.005317762660461903	0.011196830725774407	0.006271286803465288	-0.005706741236511091	0.007849168839658817	-0.009311985309494966	-0.009623010386573542	0.04023141181516266	-0.01632780504459858	-0.021712488692802727	-0.0025847485851428487	0.010954787646775913	0.0443921486001369	0.002542279651788507	0.00974694022999938	-0.028225158868918934	-0.003026619663338996	0.022041555552381555	0.007814666474804395	-0.0017226909422364061	0.012033906730761143	0.005190813085639532	-0.010984541638174935	-0.0057676286366670805	-0.003006109408552406	0.017278955110870162	-0.008848552568917032	-0.02415715001546481	-0.013745001826415396	0.006867779234241923	0.010118667948921098	-0.007338828268968334	0.008275464221448878	0.004916064458743316	0.016381096216555556	0.001043710671884241	0.0041232509284164255	-0.002121755525180751	0.00026538514154511594	0.0	0.0	0.0	0.0	0.0	0.0	0.0
SRR19621167	0.2087667190456	-0.05333643593811258	0.09774396543910441	-0.04060673321096503	-0.06135246352769371	-0.08236808209731433	-0.1626820302227302	0.016409403340568313	-0.16988487603510635	0.01125558398258949	-0.03772282653770667	0.0043843230692028265	0.06377584289502031	0.09176924305435703	-0.07534443694858095	-0.07049786363010853	0.11570850462927253	0.011312612781990396	-0.01339704317857302	-0.006188415996074411	0.005845975246460473	0.022329217328291753	0.0121259726491692	-0.02827376722074966	-0.03716816166185829	-0.0370689502944695	-0.02428568230091404	0.020583089278652534	-0.045052601546662546	0.04193281647359693	-0.02000445200955031	0.030609382838121806	-0.028044527061684078	0.0034898855519846905	0.009342650335335602	0.01988622898258117	0.01807872955624743	-0.026101348012412276	-0.017151413962708893	0.03188098769222261	-0.0071982231425263875	0.013963823509671913	-0.0008391777224711396	0.007201121777595545	-0.05358270528696296	-0.010341884532002497	-0.024187430149102858	-0.003479578450863255	-0.029115717377757738	-0.02492978625650762	0.005365069636573508	-0.0025941968784438493	0.028108159956429745	0.008341972361111543	0.00848575767024041	-0.022269873257622023	0.004168683272561235	-0.023699398120616492	-0.010378080049265645	0.028660812291452623	-0.009807661296776462	0.03670130367136902	-0.011712898558548283	0.009091535746673141	-0.028282725422142753	-0.02976147320303952	0.03306866659875628	-0.015613894739337397	0.004707404082695149	0.008289283695693513	-0.02844875276983109	-0.0002401288909072156	0.013787382227611762	-0.0001466852638259376	0.015423775446629963	-0.0038131871402710734	0.03075601070975865	-0.007461909730526352	-0.014313282509783786	-0.003546302134881978	-0.01456917199157107	0.005887671296322941	0.01091554118317438	-0.02483251859236199	0.0023168114608235345	-0.041900484700866	0.012709046804451637	-0.0207937516054629	-0.010661116352949801	-0.008734983517839977	-0.007544424438408295	0.01022986780420101	-0.015968572886625156	0.009505509763477566	0.022898586504327363	-0.006608837977078938	-0.019837256337069294	0.008799507828488998	0.01219832567609954	0.01715497912697049	-0.0027673046251073404	-0.017804948535400184	-0.004855598835386523	-0.008709318424768929	0.0018365900219546615	-0.01800594280669577	0.011216378444059536	0.005946134317590708	-0.0025683399172224406	0.00017770526487427484	0.0	0.0	0.0	0.0	0.0	0.0	0.0
SRR19621168	-0.2705600920431676	-0.023637932471336293	-0.03777542098702431	-0.019623789559408602	0.02985361728830095	0.016671253660710535	-0.06820752105386414	0.1436175245196723	-0.002982215015217841	0.0106130522113315	-0.013337786982823098	0.022477000481225178	0.007949090821488118	-0.010226522088694255	0.026664372481877953	-0.04623500410928326	0.03508830230214099	0.0675061408460722	-0.04255330388228646	-0.09416327357966481	-0.03913146696564721	0.0028357446565844663	0.033470613213634585	0.06572501991771325	0.026164736984075947	-0.0030366300631820033	-0.05212645405637032	0.03679877113386647	0.025942538087983004	0.062147706306814536	0.047714239199514896	0.039973161415763105	0.00981207951831064	-0.06038416448904001	0.05204404914072332	0.08239192003517656	-0.009988658572494152	0.07435985099761262	0.009982812287164699	0.01308640241492696	-0.026421146781098102	0.049341489893168326	0.013558175956388504	0.012433507456833049	-0.02677341286414211	0.02079753487113051	-0.032390072787270706	-0.028147521038229522	0.009858284702477205	0.027695399759067152	0.0030449630124337688	0.003997632530334388	0.00529706845372628	-0.004144520324980001	0.02046591932682728	0.002945866753660518	0.024047333880273594	0.006344529497220305	-0.012700010710779561	-0.004609983738555964	0.002383422666616953	0.008336583425689043	-0.036466152836315435	0.004638484183973596	0.02726065766467348	-0.03741384683451872	-0.026663087654693548	0.006877891083861466	-0.05225454654583989	-0.014874139600400635	-0.0034915318056024562	0.01803006989619103	-0.004973625928913683	-0.022100551531050956	-0.039701301866982855	0.0036158054064664292	0.011973910167573409	0.01056167283248833	0.03617700848105555	0.0041517092745399055	0.04739673989266186	0.03353856962317875	0.0005986587943591894	0.014162894642962956	0.023593867733730674	0.016966087221180228	0.008438853064056489	-0.00351268960405851	0.019458520253448876	0.016821904724353402	-0.012338795998894866	-0.0016878390239044075	0.03304486894652904	0.010214823666343418	0.007066419336244041	0.008618950108346839	-0.0038603616255998697	0.0012633519988393684	0.008410262212371506	0.0017480983998989633	0.006140279508353797	-0.012466085031351696	0.019567566564560487	-0.003783170665644445	-0.005945179793833513	-0.004566844565489685	0.004295114133089782	-0.002052014512244669	-0.0023443155167917765	0.0022344213179530063	0.0	0.0	0.0	0.0	0.0	0.0	0.0
SRR19621169	-0.27517560347729686	-0.04057024327831806	-0.03462583215775227	-0.009165046034109526	0.06286807937139248	0.009323867456676063	-0.07538958133328026	0.16941180874245532	0.011840502758275391	-0.015574530072310702	-0.032946744003073763	0.005056499875005371	0.004754289445516393	-0.017252771653565445	0.026321538694877158	0.010609072125120973	0.024777437077718734	0.07951780376531997	-0.035668922417967736	-0.08484276664306159	0.0011011680664387961	0.03845706263831418	0.0020059748571206806	0.07845868837189673	0.033386636945424625	-0.014720085545582722	-0.055417796179059356	0.013254854906832805	-0.002251064297391193	0.028767889668000163	0.06354728788028018	0.007963647628731807	-0.03784546584501617	-0.045407525533685454	0.04365983847635763	0.04214037904143669	-0.013119717911995758	0.06302135588812591	0.01654894298636717	-0.015662382575437245	0.013134940100485376	0.04556084512305595	0.02839906480355241	0.0011616274927643017	-0.02938086939123363	0.0019196276987705522	-0.012413829717094758	0.03194569272577515	-0.003981750631060166	-0.0044511085815554146	-0.01014274957803061	0.009622123419869675	0.008639480910187748	0.0011767741419509029	-0.03794206011566904	-0.009485410881558937	-0.03546946965169174	0.004033507137208693	0.008976276840231057	-0.008219424807015454	-0.021885272277473437	-0.006310315957379525	0.009848653905959652	-0.0019606796109678587	-0.018400454473529268	0.014559730887056555	-0.008922082867288563	0.009966891829689531	-0.0027779835623523473	0.0016977621405281525	0.013183714843925123	-0.005016087740266205	0.01210672479297889	0.005346850363422711	-0.0038903458499870472	-0.013717873792549403	0.003671913323341022	-0.0018638096989812931	-0.027741312346901942	-0.0017779728614456427	-0.003965451834692933	-0.022216357887688058	-0.00903147323413943	-0.004419260322753673	-0.04630560054631575	-0.01511508853652611	-0.020089598928597584	0.0012736748397710797	-0.008206409917653406	-0.048081088968827124	-0.006603217433473835	0.0036177035040953925	0.01220381889974749	0.010872726216900497	0.02050309194850102	-0.019988377844201436	0.00865960654767888	-0.03698455603108439	0.0021790545255109548	0.005303981712542964	-0.02135085293326076	-0.0019601152034862913	-0.01076268454224705	0.016684892623628413	-0.012871587269347992	0.012649241469207605	-0.004837810846906946	0.0030503620175564086	0.0025053764113847745	-0.0019275301161669795	0.0	0.0	0.0	0.0	0.0	0.0	0.0
SRR19621170	-0.2725138172659965	-0.040071262215666516	-0.035555385958129626	0.010987117391666901	0.05695515498944963	0.004082858712793271	-0.0394761636687404	0.17003279233192306	0.026169790274797766	-0.0006519872651248898	-0.028862144818784748	-0.013834973034725034	-0.00487997857736425	-0.037224848058659596	0.04908287925715026	-0.008980530151200369	0.030280409982340193	0.07159541024554872	-0.042097193116009235	-0.10064252184170329	0.00015224259668685116	0.01819459356653567	0.02528428017715048	0.06318251422644083	0.05235190326162462	0.01729007756178704	-0.06630733459782034	0.006482035381498382	0.02652122312475787	0.0412051718712054	0.04761091979982794	0.00829004893320307	-0.05751137937414456	-0.05677932661704985	0.07074461350504911	0.04968361219085362	-0.005472965623826129	0.03530077599560591	0.02694960907003302	-0.0014496724116577586	-0.010604659886440625	0.03385002299705109	0.065451278219764	0.009910253311159493	-0.021914219531950933	0.017326773582099234	-0.020081710558678998	0.010008292104345293	-0.008800581907929438	0.004125001448813383	-0.024690497592563875	-0.01087791826729413	-0.018443585435565672	-0.0018482544114890038	-0.025927007645850632	0.013463679484801087	-0.01630657425890447	0.010404825428982219	0.02296260710856422	-0.0191194041995978	0.014726451106988938	-0.02019484688766744	0.00679133178716734	0.0011816674286124107	-0.00962029831327201	0.02930177119787054	0.016083673569467907	-0.006279236491626647	0.011718346333337796	0.006177759792155231	0.002148488198723858	0.00504966759718152	-0.01616903982581809	0.03460471387999595	0.03658265590998689	0.009510624126484653	-0.004972861587383424	-0.01815245485106955	-0.0006341129700370062	-0.012027023449941266	-0.02852896377650716	-0.009127642420115014	0.0002175382831756523	-0.01608397465811612	0.015473783400860605	-0.012599970030272726	0.007547331761493083	0.0045460265566987425	-0.012188957200298223	0.02492452020063523	0.0052934774416028224	0.007981611786332807	-0.04317249997877857	-0.019486554772015524	-0.03425845487039025	-0.0003957242576254208	-0.006911540031668603	0.031219240253426633	-0.010578751506219338	-0.007507033462841457	0.014431761935843626	0.012037782652671396	-0.008092115972783413	-0.012979871470896569	0.018971960082874856	-0.006168493219262072	-0.0028583943770884475	-0.0018016328825674883	-0.001472272771148375	4.1913222507593984e-05	0.0	0.0	0.0	0.0	0.0	0.0	0.0
SRR19621171	-0.2494939669227234	-0.07018975870910113	-0.09108529015769613	-0.011358405816117308	0.05889309356761394	-0.039596493534514825	-0.06483284886950616	0.07568331029374845	0.0781204299096388	0.0020120066663111462	0.007411905563899209	-0.01200098581458191	0.026500302155043776	0.05715912593413601	-0.019382738165221153	-0.020135380565737566	-0.005896723709335998	0.026631131720011983	0.07423956205346428	0.008726447406147104	-0.057353012333875325	0.011032395800569698	-0.01410614327484201	-0.010999518206519435	-0.11270556649675038	-0.06597069192904731	0.05719755207634314	-0.0623678698507706	0.01790040205454654	-0.02188174911634052	0.011865842538064665	-0.011008366228869648	0.0016368304485733175	-0.010111271629076827	-0.0065292030105109115	-0.020480099243218686	0.07976310926116058	-0.04799712203907798	-0.04214309252498724	-0.011340618412676357	0.04702073085815993	0.033079680886000155	-0.08871007744465341	0.0005461042760478445	-0.0055378531581616874	-0.01880627711473129	0.043969596486696606	0.007191889355440415	-0.03597749098116943	0.04895645239454102	-0.015042134928436791	0.011934872944712552	-0.017909105507206854	0.00030464101859555926	-0.012164886342358011	-0.00592692253465643	-0.017028722772478796	0.010331456246548926	-0.01639658678680131	-0.018045515181199248	0.006542901315930997	-0.018861864273827182	0.010423798891892724	0.03386666312358857	-0.07085258101316422	-0.00344426160774192	-0.005125847988807685	-0.019569780904951928	0.03607969516124874	-0.009228516714624659	0.010562096275543484	0.015232010533937693	-0.04799085432587959	0.04117389794384224	0.03043821527636945	0.0038168951006515963	0.04155554443851799	0.012769209731048248	0.04294850182320068	0.01821129366075056	-0.006568920690953571	0.017525462368896766	-0.005797124252095087	0.02171408620728886	-0.001654640388811049	0.0009830211037507712	0.019785747624314506	0.013622795874467979	-0.020228568115167305	0.00022023946006381707	-0.007746120506858008	0.025151424599833234	0.031148619392306894	-0.001089184228832746	-0.016486428948311708	-0.01449785909023405	-0.01577925172834935	-0.008147424373365386	-0.001441435568186867	-0.0003255406092365993	4.6870746289206644e-05	-0.0003158150928487315	-0.0022725063110590666	0.00034273400573955735	-0.007694255168550989	-0.002229084963638698	-0.0015709906283121549	-0.004012364890134317	-0.003934448505126057	0.0007505738623806832	0.0	0.0	0.0	0.0	0.0	0.0	0.0
SRR19621172	0.07743178263372019	0.1542892178269399	-0.11270162221660278	-0.149428201419383	0.021765636043604347	-0.020434555278369043	0.19555359324350807	-0.04715822106491977	0.027937743662189436	0.11237250483445038	0.0514482671234215	0.0749560525559455	0.06121295688486959	-0.039076072539094384	-0.007169614784169639	-0.04773201307835397	0.05206090367097128	-0.039823310821213195	-0.12667955131488795	-0.02315774733708153	0.07694844984668585	0.03737307420566894	0.026223711737402684	0.03976012350427261	-0.0389433760193089	0.03928728463827694	-0.02569579090992997	-0.026045828418769575	-0.05810965322002043	-0.012438609788057269	-0.041757163639655794	0.0557779323097966	0.010158851190880358	-0.06700494159149577	-0.04579984375131236	-0.013291434243777473	-0.01867119186278583	-0.007204152012928972	0.006466892340618708	-0.011329398103463296	0.03406609594053651	0.00911189696321502	-0.025202685999255518	-0.006497460713968523	0.019935071457127997	0.02593869976430474	-0.06321902009691101	-0.0026780722151979112	-0.040330827598014624	0.0024082660323163853	0.06391046151752824	0.02388453123141493	-0.04598680189032778	0.04301168083964023	-0.04332547537340618	-0.025926584665696653	0.036543515522701485	0.019148252339960408	-0.027386853462681143	-0.03553971868759794	-0.011888591272283993	0.027243491610391194	0.06518115447346223	0.0020742773672071525	-0.012977847276843734	0.003842324176091077	-0.026317438602169244	0.01039855172192604	-0.02000381650231372	0.01467171952881243	0.047940540042373775	0.04701299059429116	0.01450571101913109	-0.008752646327538992	0.017926352568075083	0.008126350209256774	0.00016533440358116268	0.01877595797345834	0.010380089336078403	0.017399189512015953	-0.02788526891243405	-0.007956975396763885	-0.004454876588276105	0.00844847068412168	0.03253430119849762	-0.029128129042981427	-0.01476484023202683	-0.0031850324081835984	0.006730064964223208	-0.00478715277801007	-0.008002160452376905	0.009369615558235553	0.003369692237673839	0.019123597476169936	0.013181600093632746	-0.006907215521001254	0.008227146195827158	0.010112110081012022	-0.00719210068757038	-0.0022101292546293496	-0.0006250184156044265	-0.0009215216161019891	0.0011243166885289305	-0.0027518421384924063	0.004838232177380865	0.002711839202117879	0.00036695758149181705	-0.004150465388535615	0.0015271487641677474	2.268422405185986e-05	0.0	0.0	0.0	0.0	0.0	0.0	0.0
SRR19621173	-0.2957767360516635	-0.06762883868619236	-0.06277862953861657	-0.09770284554310074	0.046253647084198116	-0.050248124273188505	0.018646353727466935	0.1013649303615816	0.024659933485639253	-0.0003588314899907975	0.022016288947744638	-0.0033635304033804154	0.007766304822591723	0.08435964596928436	0.048589724437373645	-0.029509162668010742	-0.028168911962585256	0.06067123933678702	0.09310354504910028	0.0067539618036036855	-0.036968778251941684	-0.0073031754160467945	-0.011354225938133188	0.016285727079121418	-0.07763203103538324	-0.03568181368049797	0.03412696078990589	-0.07558160433632459	0.03213186019058961	-0.012599937710022342	-0.02258229610613998	-0.039608208396009745	0.019976445877938783	-0.03342840159090175	-0.01617046129199996	0.0012526320060384764	0.025666156419875262	-0.042526951438997075	-0.030001953316979885	-0.028406635883915354	0.03724890576684043	0.05135300892742607	-0.05258800697491662	-0.045108412062632636	-0.04976394591422487	0.017113412706324563	-0.014426741475134163	-1.5490627631220785e-05	0.017207210727110536	0.050428954344583055	-0.01563984035649711	0.006847027457206941	0.0005245320935738798	0.013401867181409155	-0.022573298246274864	-0.004322974149467693	0.007727508849122812	-0.05054620789145954	0.021417873724194857	0.028348559389461313	-0.008370300459675148	0.02199928947389157	0.012970102712485504	-0.02383281554544537	0.0026490658012980352	0.010623149939788516	0.001476037345882001	-0.020063855634417205	-0.029322218476974263	0.02280027004111159	-0.01414812722573021	0.00914688249654125	-0.013462516009580684	-0.04615122346338789	0.0018163229024558327	-0.005101568182284886	0.014880416329010228	-0.0073037044058187105	-0.025960192558970363	-0.030632239023023887	-0.024303733184232085	-0.014532843469164732	0.011314218518040674	0.029527963783271213	0.013031954740040635	0.047597274121106814	-0.020940758757703598	-0.01387810572481155	0.008692297773401868	0.00151916670836981	0.023433782897736986	-0.03796527744515266	-0.028506863343338094	-0.006708781220762872	0.01562658886838721	0.0006863758722405785	0.025588114782962957	0.0059482770924841645	-0.005555713478845106	0.005370242919160099	0.004838415312975003	-0.008716805735915774	0.012628671904298332	-0.0017961905153044196	0.005768282018485752	0.0014437117095573054	0.0006049877630710237	0.0001701709526198641	-6.105883969578672e-05	-0.0005931644991842484	0.0	0.0	0.0	0.0	0.0	0.0	0.0
SRR19621174	-0.30830141705013375	-0.061967960661238344	-0.05802227507154366	-0.08220126094135356	0.022392970264754543	-0.06548640941929498	-0.005915386386478565	0.10298086454905392	-0.0015377461616773462	-0.010703864495803343	0.049514259078249856	0.012406128742849241	0.02484550360344655	0.07615669848815218	0.034874344398185195	-0.0351732974977392	-0.050428943356875464	0.053992154946709475	0.0754009338800049	0.01006216914614367	-0.031070960827735982	-0.01734755413272166	-0.028015863490748544	0.018717629274211597	-0.07276525167475008	-0.039271049710708716	0.04129017273992205	-0.08756845328396061	0.006753923082269289	-0.013433180615597716	-0.029647611149027597	-0.04683707776789334	-0.021047182118148603	-0.028608364530556547	-0.06252516979462759	-0.02813179714225869	0.04004972128619931	-0.017773495570910607	0.006883294843397234	-0.011521064590172285	0.027073800819652112	0.046977150962940625	-0.062483452857780494	-0.03107336287311503	-0.011349389481939184	0.04172837098440826	-0.008029534766130145	-0.011789673067219978	0.05334935297542755	0.019255506077947144	-0.010987699767315003	0.0059673468197864515	-0.0024638796704980885	0.008120717478826023	0.026295460000868225	-0.055896380691034066	0.05076224949276353	0.036707840754195996	-0.004080943377228292	-0.00941083480665258	0.014803549140187132	0.028386480625955997	-0.001199045860299946	-0.017076027712656018	0.05336905168294073	0.008034008150681973	0.02962644201719271	0.01976381281551246	0.007263542481560493	-0.004269255428327798	0.008004854997374362	-0.03285755101767162	0.051830789108735925	-0.001040885056577764	-0.021867083658543007	0.010092659606340147	-0.04027528508291469	-0.0014525202125288757	-0.001176109750104225	0.002984762612313026	0.033953640318287306	-0.005474801569801446	-0.006959726211718134	-0.05018829215846179	-0.007474675790646417	-0.046795574329156674	0.0033359466947811838	-0.0006226247193554144	0.020364321413352177	-0.0011811580149624502	-0.01462977770860592	0.012385108695969626	-0.00542607468071356	0.005569205676425895	-0.008002454159331212	0.01210936097481106	-0.014161232546726391	0.0013175353292612275	0.0024344297372733896	-0.010082918488572961	0.00096928935647983	0.011022864468094052	-0.011178913749940619	-0.0005763966832788948	-0.0005369357717010772	-0.0030760226333315047	-0.002112720686655254	0.003610951021373992	0.0028996251551770278	-0.000371920368613543	0.0	0.0	0.0	0.0	0.0	0.0	0.0
SRR19621175	0.07921173041470025	0.07316109068652175	-0.19748199477988734	0.08208016911030575	0.13203264797274683	-0.08928045446842904	-0.08421926300997984	-0.06740674117115471	-0.05117544138591375	-0.024512437089584237	-0.16882583409761884	0.030429438602985626	0.02664876497952812	-0.13961999984513274	0.0809445953760501	0.01910175720270757	-0.021112610144510675	0.022843144573419936	-0.026999914160376143	0.04266062104334694	-0.026405723698066822	-0.004536668013147099	-0.08359017131985275	-0.0007036269876319223	-0.035867321588309194	-0.05733400662125997	0.0033814393196175832	0.005974100318831385	0.04127940814367191	-0.0032192532862538	0.017189229921498708	-0.0006051270545786604	0.01764111148390313	0.019535173919182594	-0.026892007314931323	0.002110614067712196	0.009275347746874451	0.003677921971920681	0.018394744836118745	-0.03535282761967605	-0.0006991832736829035	0.002077883334785214	0.017984963916390973	-0.001139801430250826	0.020237494023527765	-0.0031099660139888023	0.018375489559747923	0.005826251856029358	0.002624403814213353	0.00785565148500026	0.008714136155241515	0.010606996446342101	0.003995279277207026	0.009393663688191793	0.020751770925508436	0.0012873474473359806	0.014160263785321849	-0.011260759593858846	-0.009406254407544872	0.011620002278828106	-0.00798783878794381	0.012916305087711652	0.029080613025688838	-0.019593851724021335	0.007037685137834168	0.0075478743445000305	-0.01713739893826742	0.01626946898554609	-0.0015402047202456948	0.030449385666347927	-0.0011831239771250433	0.019345472915454708	-0.0023941989487993123	-0.01373711884565857	0.017438343632515417	0.01913537313043677	0.010774173328847992	-0.00016524663966914653	-0.012670221358181712	-0.0003464569115699165	0.0024209729450026867	-0.0037338927885965864	-0.010539359024427652	0.0070511372283305	-0.016391473879699973	0.010636179744715932	-0.020595461480211286	-0.00018929821242257044	-0.025647807988235984	-0.004978250609775945	-0.005201477723567671	-0.01010345727049898	-0.015692162748767346	0.014664288635617756	-0.013204987546558465	0.0010641259333637083	-0.014375859704927182	-0.005210058215325862	0.019729806177322836	0.01685843968770379	0.009453797621010937	-0.003665611442572077	-0.0009156385213225766	-0.011783048170282197	-0.003140581896735366	0.01205713742436936	0.010107782830531058	0.006759840399663201	0.005821113012300597	0.002808341553143204	0.0	0.0	0.0	0.0	0.0	0.0	0.0
SRR19621176	-0.20248430334754067	-0.049158726118201206	0.026794496459009932	0.030664468227832455	0.037963855371657924	-0.07343261357935191	0.09550429804610225	-0.09099928747783172	0.05477035937260471	0.08934125374431856	-0.0029461583258203624	0.004090375298473524	-0.08361431648092167	0.07796194519746669	-0.04802035130913806	-0.022116363402110362	0.032087694343137366	0.09921138804498648	0.11530837794338847	-0.03243133654065105	0.008484092706360073	-0.047457365177785975	0.013737879001218154	-0.06008214313438079	-0.09542749396524096	0.014299264444227614	0.006786823799711813	0.05730965494795169	-0.03977404557309822	-0.022478221982313192	0.010613269334924492	0.040166428505291424	0.0745451235668742	0.02404859834640994	-0.0030893463947899305	0.04291700003018923	-0.04447725105053356	0.03167692673662222	0.042436515891444815	-0.007150357894794375	0.029447699965413666	-0.017519984842829076	0.03724955403575722	-0.0024023245183074347	-0.033169447113144165	0.00363151723873393	0.01804956767400343	-0.0038684788108369664	-0.008537550276308361	-0.00719177001606094	0.021406184467874664	0.033889472937679084	0.009700049890747587	-0.03898739901617983	0.023185712543238146	0.026534033642581965	0.024981798657038787	-0.013993701670493552	-0.011920832398199393	0.011031852311315508	0.03958199870638066	-0.032045961725455666	0.0006085083293266724	-0.012331950304710933	-0.011530625600583962	-0.036222661740700095	-0.0327093309864716	-0.0034886603317284643	-0.0008840895966139376	-0.008494469005524035	-0.006127579384166808	0.0036642024183192942	0.012771912123222333	0.02445748861873934	-0.001618432012683683	-0.018271019358074913	0.0052760088474728545	0.0074038443993064956	-0.012365376211191903	0.0018804292346576864	-0.00544234236529569	0.01597628880866917	0.0112291157928998	-0.010030781139703154	0.012384644474614468	-0.00739001615840824	0.005307669823617534	0.0025281764780211977	-0.037597703173196176	-0.022068892480121807	-0.00971852240117183	-0.007359904461772838	-0.02162021878514274	0.002862275417770393	0.00970651158666055	-0.016151614307976406	-0.013522671331784602	0.012054174740922489	-0.001777948330910703	-0.0011267041534068324	-0.006770748327784484	0.010023730870577764	0.01927483409753654	0.006892391223598271	0.005359118014874133	0.009210404322450226	-0.004666685915235541	-0.004366690860286635	0.005313436288602053	-0.0007518594494641927	0.0	0.0	0.0	0.0	0.0	0.0	0.0
SRR19621177	-0.2074046438251382	-0.051742316871418746	0.05955812373748659	0.052795059301272984	0.0619085053505231	-0.08390331225769222	0.09298176851769202	-0.0886440343679281	0.07731903506179273	0.06845489153721541	-0.029795560603351028	0.03375213172729839	-0.0887041437327354	0.045886715692361434	-0.05570065676903079	-0.005655310763555298	0.015616047599416543	0.08188139471960942	0.11721610875717854	-0.05135774067262813	0.04832844585775475	-0.021920635515766073	-0.015373465440541507	-0.04412449379872922	-0.0820622143478292	0.0003858450107699322	-0.0025487230465056202	0.06334296124918139	-0.02679434632678188	-0.03446394172541724	-0.0015041802215376345	0.0555208199585201	0.03435156475882662	-0.010442868230127472	-0.014665254705517331	0.0186265458069523	-0.017984947873819435	0.056190047890418544	0.010464900505048981	-0.02763957739299039	0.03549913234543759	-0.016706464997280117	0.03257507922197098	0.004561586927001314	0.007107927433819627	-0.01537809212236204	-0.001636495838099748	-0.002788339641246933	-0.041962711004623406	-0.0364441085698418	0.03437771159321361	-0.008407417644781591	-0.014073201433762306	0.0066243355811361065	0.002972584406917777	-0.01797031784126404	-0.017354430094623736	-0.018201619352466017	0.02155205290302834	0.003211003746404241	-0.023481133176206294	0.015544600157809185	-0.008435322372015866	0.02311978842895248	0.011529605972807793	0.003990285692060002	0.011847254241684676	0.004027051086309042	-0.004039328918301186	-0.01780060915420917	0.013777391321634355	-0.017800441609286493	-0.011610493048079661	-0.017906640648784007	0.020770920718285745	-0.0031389636307417607	0.008596630269666585	-0.006455827442593002	-0.029824391238644943	0.024862765050995578	0.026378712961575984	-0.0035593617536005015	-0.012511738234649544	-0.005549019918510505	-0.018957520476338904	-0.011297841967614918	-0.014051901873450026	-0.027591827292548474	0.004654393465209428	0.03206217198947505	-0.01609283547515343	-0.011073627528831169	0.017142375637762927	0.00947387136354455	-0.03477355550094368	0.0057648111214123905	0.022779837626554125	-0.003423411528395179	0.016647637615787945	-0.011014100071492993	0.016417465701033345	0.0014645992159623028	-0.0028521632206446853	0.01047657757146681	0.00464969548857239	-0.0004339757088147779	0.0007210802266864627	0.006212343082162208	-0.009112979075652523	-1.1061900170222182e-05	0.0	0.0	0.0	0.0	0.0	0.0	0.0
SRR19621178	0.09335150063540545	0.11189481279028546	-0.15242633449374401	0.11128631745097563	0.02326140230494684	0.029573110858635746	0.01603948924610509	0.03135889302896846	0.04623294156216904	0.05593923011694343	0.011022860177551818	-0.14722844879857497	0.07179906137459233	0.045892676813929896	0.016914900388484866	-0.019396458566304512	0.02528262147147671	0.07841616030589664	-0.008802216142076175	-0.003521911510365798	-0.056367089442026244	-0.059311131395587136	0.030061416783521366	0.049346075425155414	0.006508416896330534	0.07077268885505482	0.044837477918166405	0.028383545662015727	-0.041468169857863446	-0.028162363375914247	-0.056545297532904014	0.007090809659665105	0.026906573457972996	0.07485785163278472	0.01758757207024532	0.03774735729903964	0.01095783462127062	-0.02658945436386538	0.042301028972482335	0.04423034399317038	-0.06719155960294651	0.03201808685791339	0.022124568579455016	-0.005026048756689254	-0.002956150032789281	0.03523805556451228	0.012997204711303362	-0.010775621047196466	0.004270474228702668	0.010061810316039057	0.022505823117499046	-0.012548708182371245	0.0032658651779217487	0.0019394277266325712	0.009808027161317196	0.051328764026141414	0.06783990542252492	0.007953908731086453	0.0012407945886469568	0.025456998056432065	0.05097926631351252	0.0005794463190501772	0.02529953002522734	-0.059276546530713375	-0.0047239955326550155	0.003434397989557833	0.018468056290786503	-0.018976395050824175	0.00677505915280871	-0.020197668983103368	0.042108748050150246	-0.001383506211498935	-0.023638180930459607	0.00992048950540726	0.002882512360175093	-0.040845480546063136	-5.7676597530589096e-05	0.013514820605738928	0.016656012164189906	0.016653133391604978	-0.004123731714838343	0.018318891288967583	0.033169109287412145	-0.009123637432864888	-0.024695038501292805	-0.001211518875023993	-0.001907103565196978	0.0195376874257823	0.01144593006590821	-0.0019495413292527953	0.018609582952724295	-0.019798069544135044	0.003712777171546367	0.011441416587197094	0.010662790675811525	-0.002226499767617617	-0.0007846290333602241	-0.002066295097343917	-0.013803186308463881	-0.008556835636360586	-0.005195208983132903	-0.0018989497012644255	-0.012849893449081237	0.0008691775254095019	0.0013281767345395775	-0.00027923223997395875	0.0008062428637800092	0.011695914878740015	-0.0058284609941833985	0.000614864876532767	0.0	0.0	0.0	0.0	0.0	0.0	0.0
SRR19621179	-0.0036296892216416844	0.20422666229089573	-0.09348839163952924	0.05475981725884136	-0.027459058543928595	0.051150963966935324	0.014390061974539717	0.02945173994964574	-0.046998418279418946	0.03476600341810379	0.00037910289370426535	-0.14834904744397673	-0.03967767201574782	-0.010419015736923064	0.026807875813752956	-0.029887788957213536	0.08872132957186102	0.0899389068564424	-0.001800617170734715	-0.02526994966898934	-0.008893484381827023	-0.05415392624336344	0.04529801855807529	0.09326576222270314	0.027146982794207047	0.12377730600184914	0.03428627484650548	0.015812877752710588	-0.08692196994503416	-0.10096723851389364	-0.08819131761536259	-0.05616651253317257	-0.05223172318915525	0.07899621059409967	0.02764303542624804	0.0741135686192037	0.09991512310259293	-0.019821068721256874	0.03173235582096911	-0.05600161599293983	-0.03308685579622233	-0.0060770608285078695	-0.02973637184905711	-0.031285054151513655	0.03183871444870469	-0.11194759005266224	-0.0036926940925105273	-0.005824342603554728	-0.033122309112104904	-0.007579164856412811	-0.01340384206519592	0.003338134339472712	0.03509855218341044	0.03273306279960077	0.02367795694321739	-0.07455748817340424	-0.005720121313554908	-0.02148257978005813	-0.012036085547339178	-0.02762414394662485	-0.029750288971778893	-0.005636781873882509	0.010394292035578748	0.022555938732120782	0.0005495093704336045	0.012948053451968528	-0.01822018393456462	0.022034884212971968	-0.01187787692571813	0.03190125580932814	-0.04299424715178606	-0.0025145666379265126	0.002051018435344822	0.008381992593302896	-0.0033644834055091472	0.02333161760868185	-0.0052946106717982	-0.013162039264869906	-0.01643809954624153	0.009007159695803856	0.011205332771202172	0.00878361200473702	-0.00651036519384419	-0.0017684276115282952	0.016870611635774337	0.007021787971738302	0.007258866595569854	0.0026123063534940322	-0.006786333671088982	0.004964662299737802	-0.0036560560844289504	0.0003191077982793934	-0.0003096518270301254	-0.008129107098008133	0.0008630638133707935	0.0008284143558689114	0.0034080037505803194	-0.00848888402780175	0.009355251788124781	-0.007572231531643521	-0.0026968521894325057	9.443141473055734e-05	0.006104486208667636	0.00012269639322846397	0.002464452584183164	-0.001474158279011786	-0.0036170567237625113	-0.0034362192656528035	0.0017949935438071492	-0.00016040926160861176	0.0	0.0	0.0	0.0	0.0	0.0	0.0
SRR19621180	0.07921605900410786	0.17814198674721768	-0.14258947003554806	-0.18811540737355315	0.04760022445769343	0.006885916047019255	0.16987339959873748	-0.051512315714749984	0.01536825926968405	0.097592929458726	0.0749154564387451	0.016798825543721963	0.024017925602953884	-0.021362993093340978	-0.00796013015802927	-0.009749195994977597	0.09990326907064309	0.00816216263807499	-0.08791881366611892	0.007462828524786486	0.07066695579215142	0.07765944969391596	-0.011384903551648267	0.020328902005207216	-0.0031995735459241954	0.02052705211516367	-0.06534408178972156	-0.09453323730911287	-0.0014372496221611475	-0.04508864847480187	-0.01859719731599827	-0.024716521658201165	0.004795033262706	-0.04452048607165945	0.011016644253442495	0.030614280117813458	-0.05591125554076651	-0.05995219592639294	-0.03300964915173865	0.084349512135257	0.0461978048929668	0.05416908460077886	0.002219972943484988	0.03186865963479278	-0.06658105528015686	0.029136195040878266	0.10484364510906337	0.0405281806529899	-0.06730300477957214	-0.01208859750387254	0.013418304008734444	-0.02603186447371163	-0.00461785680685943	0.027773641797794225	0.04900479211816334	0.027945862736494204	-0.015154277209979205	0.015128169109909785	-0.005433824140831592	-0.006824162473519235	-0.02362848112276926	-0.04414357649004221	-0.010599147122411697	-0.005670560059093039	0.016682066176873695	-0.03290173124128326	0.0015803210921458534	0.017975310084791356	0.026958034626556156	-0.006864872399534514	-0.026894314409154827	-0.046939562065583605	-0.018924617448951186	-0.011720510223475148	-0.01956039365672792	-0.0060562719934889285	0.006518914226067592	-0.01564124569588141	-0.007589502872383465	-0.029730067654999196	0.026773091622987417	-0.0062403495092095505	0.002356750076563761	-0.0010641158413467724	-0.0085922044569035	0.005193641881141987	0.008535611917992621	-0.00206984508216772	-0.007792866585235325	-0.0012223289015679951	0.013080827230029386	-0.006806768500001824	-0.0034760107843482962	-0.014532336473271432	-0.010639120481157347	0.003934059191268698	-0.0049790077349830915	-0.010410431171525611	0.007860080516357476	0.0009045971735654389	0.001049985278573803	0.002671513122484753	0.0004458991813297421	-0.0018868296397264689	-0.003437706875203977	-0.0021543098401094495	-0.002550413291913944	0.0031890285148070572	0.0006032926367827029	0.000526099797898939	0.0	0.0	0.0	0.0	0.0	0.0	0.0
SRR19621181	0.1775883993493765	0.05920706483986699	-0.023746417655784734	0.11665450799880711	-0.035977547713557434	0.0825000133101176	-0.058477002089964356	-0.0012489294310438475	0.037029702425400476	0.0631454653708578	0.03592052290862647	-0.04332425783192228	0.037084975954663445	0.06075595037017744	0.04266020990301391	-0.033960319939419434	-0.05530388849914548	0.0862180963181167	0.01837065683402916	-0.009407598315165184	-0.026038898929181084	-0.01918661101205136	0.06112171560762322	0.018530653923384027	0.006056665878529433	0.0722892036090513	-0.0011093017294796204	-0.03755757033737444	-0.01573338312048989	-0.06467505298146949	0.0007000885726974613	-0.019483128206983374	0.12322877204194192	0.10016361461904513	-0.0192538331016957	0.055124694336565236	0.021154427312452425	0.05333850103897562	-0.10318566812835764	0.016596566438858238	-0.012442599185732423	0.008106316664373982	0.024867875665064067	0.015244320620516113	-0.01934447132247902	0.02793734987336933	0.024738540111517448	-0.013610176266226695	0.031916235037772585	-0.01537317823666233	0.017326913048196432	-0.05195024697530486	-0.0065959125734863485	0.005161198950056006	-0.06679730707054544	0.059378990857781935	-0.012481278777830975	0.032358725446419774	0.034976822752002826	-0.003654613376356602	-0.0705945263939084	0.039754666626642135	-0.005723440346068275	0.0179542571510741	-0.021394803280144217	0.002870534551973569	0.01094224923377861	-0.020245727048910384	0.01409229417648056	0.00011108877710824359	0.006845689265603009	-0.007136248847573861	0.01540007475406898	-0.015491274866777184	-0.015002513564285416	0.025669083134858856	-0.00574974436632501	0.01667427951474727	0.01983943036165427	-0.016820672027457975	0.00041787407961389815	-0.034459077192595104	-0.013754658082731179	0.016030196541065096	-0.014198461565016108	-0.009554655120440588	-0.012212008768062207	-0.005218858481743896	0.011891336048535319	-0.0064135675040102565	-0.01442738536875036	0.011786692303236299	-0.005850955868945708	0.010379183245260161	-0.008803998433535402	-0.0086711651354221	-0.011432711530649278	0.0024444584740627487	-0.0014686534381444134	0.014491974022930938	0.01607058678531067	0.004594961266109766	0.0049661703264924015	-0.005588932241252294	-0.0011577634732695696	-0.0034490699885468957	0.002191978981489788	-0.006135519690214516	0.0045689372644540935	-0.0004769020203790724	0.0	0.0	0.0	0.0	0.0	0.0	0.0
SRR19621182	-0.0458390186612473	-0.1602262340231045	-0.15947961201299857	0.07369202057662229	-0.05043361548927085	0.013806446746302485	-0.06759089361847512	-0.04226241224134432	0.06970973286251317	-0.07298480476190855	0.027222389058265867	0.053877824059600524	0.09419965558387976	0.019310696240701506	-0.07589124990371045	-0.0404085836928044	0.03259402584386094	-0.024436493868398797	0.04892820970080497	0.043641267807767746	0.02156690801423012	-0.010125200716272374	-0.023310721637273393	0.028002941547218992	0.05013450663407631	-0.02725518744161394	-0.07587497486928438	-0.04331776437670214	-0.013519981854728554	-0.04757458238479756	0.025992374711076245	0.006178637863293582	0.03917312766866655	-0.0216228869512362	-0.0036998003967914066	0.015327381658320078	-0.016894070931822748	0.03132258277677125	0.058067912641148585	0.061668047514097546	0.02020618643194888	0.04429679812095722	-0.03037342451379767	0.030536073407848873	0.02775762553361716	-0.03595415426588244	0.026782624473034197	0.012593105629406126	0.018936066491892712	-0.08813894422996847	-0.01502484884401711	-0.04191117406577528	0.02287674700063927	0.020578888218461176	-0.020987255519802486	-0.03138582276240976	0.05143439876849667	-0.03246840025271059	-0.0013284869266854686	0.013124351796014582	0.024905306935066727	0.008851636234616813	0.0016050797494421565	0.04066400887189257	0.012558841806949746	0.010849632231263838	0.03324951156049532	0.0012384113922174445	-0.0034679207861409043	-0.011454487599337178	0.021211537330834477	0.00912649150057236	0.024089208293341643	0.027186347319161235	0.028008834144462733	-0.01573706550246963	-0.03671470165088656	0.01750777450001998	-0.014486130244521864	-0.016050361024292605	0.013432806338871514	-0.021997856026313066	0.007475911474955738	0.0055781134699218965	0.02563777327864562	0.026907544380408144	-0.02252490709679022	0.018174759713031074	-0.027818243695592833	0.04851191451574974	0.017158743823292924	0.008916760839278687	0.013077206986810194	0.002946482295505748	0.01489946285431149	-0.01302035237324439	-0.008579478747323411	-0.005184691552447131	0.004125185269090199	0.014527631458589041	-0.006309576886591621	0.004156908591243515	0.007208984533900443	0.0023439746131754613	0.00012242556974694025	-0.0005557240145033744	-0.00021782235205331817	-0.0007579112402580089	-0.0004934576036615197	-0.00030333294817320034	0.0	0.0	0.0	0.0	0.0	0.0	0.0
SRR19621183	-0.036392883689353166	-0.11220926962154204	-0.1779803250923974	0.038645548184907896	-0.020385043837039974	0.1552584143458129	-0.053042427647565324	-0.054641873966668565	0.13540687998395337	-0.1128710050674634	0.007043756751016833	0.03743913267638123	0.11115174969405517	0.0142890774017509	-0.10110503372204901	-0.05086402450899444	-0.017130195383241294	0.022152419775675548	0.11564244865101665	0.07396612903045316	0.10540103706381389	-0.03865158969902028	0.0006315684206914944	0.018079784850583844	0.06254309052569465	0.035847871040807514	-0.059372788417077785	-0.01275122976733806	0.0036394221712405996	0.02132437097551831	-0.03510532795613422	0.03376555455748394	0.012507558318838348	0.01451612127478139	-0.011115409196832184	-0.012554400804925493	-0.04082872589227314	0.012330864265568533	-0.010553582399904034	0.013847169856618219	-0.0030095545609078486	0.015809444682703917	-0.013507005037584707	-0.05426472799699712	0.015915336506661337	-0.0009349006170845629	-0.04960192672951879	0.004307155053833557	-0.0028836911550368005	0.018953053342075837	0.00511053024419135	-0.012064841189686058	0.023646318207787072	0.00035356292636782287	-0.001246359996099168	0.008140954891716833	-0.011821023803593076	-0.006533398774164832	-0.011227643792309965	-0.0011679165717477637	-0.04384785066089727	-0.0493866813444289	-0.008916878263153205	0.007733920254928116	-0.027727414476735466	-0.0017309890089760457	-0.02965370291460634	-0.02400625892899068	-0.007401833772480574	0.0016835927496635802	-0.02576936562550696	0.014383062898344947	0.009830257486462128	0.006083253108047834	-0.02575740240693411	-0.0009721835932862401	0.0275878787008664	-0.01610449294441257	0.008648701911500951	0.0017661708461750225	-0.02241237387716807	-0.009471987378136261	0.009795328983290944	-0.014745209700158426	0.009460481488190804	-0.0034310439291038494	-0.01819826033487999	-0.01644249192238018	0.0008324127199675392	-0.0017310762623034023	0.0024921651282769543	0.002261041666834171	-0.007548730991752691	-0.006950622637549216	-0.0020794053040071973	0.020953689986053646	0.005929003234856966	0.022239774357202247	0.01144574342365727	-0.023931641008138	-0.0032230201035862876	-0.011851973249310211	-0.024403464580279324	0.011040003225748043	-0.01933073270043606	-0.0018790781305829834	-0.004569827615922238	0.004480092029088064	0.0035344704538790486	0.0011123233033824788	0.0	0.0	0.0	0.0	0.0	0.0	0.0
SRR19621184	-0.055659401682057054	-0.15730778783762073	-0.16833439003354897	0.06533803759131059	-0.020994797151092155	0.07438717665137445	-0.06861424016448893	-0.043940205083873154	0.09714443359408927	-0.12027344451493002	-0.011328965703345715	0.01050556030081913	0.12450670338923882	0.0031615968070246737	-0.08075834676466988	-0.04817011218761071	0.027019074311368855	0.012024120309144454	0.08536195796534449	0.08610389148308392	0.08900003003382984	-0.016773672354994964	-0.01181405941609778	0.039118536758530414	0.04848811161227989	0.03527037002867362	-0.056539548054195934	-0.021112428880285444	-0.016616582274514256	0.008910484036060774	-0.01598261271607259	0.02866289533384116	-0.04621101508467256	0.004441179752403124	0.0037967054834833237	-0.008976551988856147	-0.03938491287825714	-0.0053452960355083266	0.06122891064762908	0.020837790058863624	0.04425331937271678	-0.012333506557763201	-0.04503638453742527	0.02857111257713625	0.0199341005842867	-0.01781874535569281	-0.026863239797576283	0.01680853802153324	-0.013050227207610662	-0.012994451370923185	0.016052711603379167	-0.0017495680315638713	0.007907785260510168	-0.04533953925394597	0.003901523220767192	0.0038990767540038143	-0.01274284155235158	0.006167945702570491	0.004286474061478825	-0.02639091507274407	0.02881194743899025	0.03885089420573743	-0.0151191205363965	-0.04971830521891381	-0.0015496510535085285	-0.02118817194580967	0.003761542214814679	0.03188445882215752	0.009028211306485883	0.014312152866699724	-0.022451759252671396	-0.013508039001434938	-0.01050466730768272	-0.02853961425435528	-0.006967819516182419	0.015178833646886197	-0.0033464296699890123	0.0027566425769372624	0.01630257321516416	0.006016071777045552	-0.014181459227895698	0.01557071875225573	-0.008678744135366808	0.022839230692332124	-0.024439785533170343	-0.009567011034026619	0.03928156095861746	0.001974047049693842	0.01700945935760457	-0.03372567344906263	-0.025432253622555447	-0.010575478830846573	0.0027884977166327536	-0.002116694705049274	-0.014181195265077044	0.006385648834416021	0.0047756378738930275	-0.012381402211372633	-0.01627485982057543	0.009154442612374874	0.008628645061315854	0.0075388691298610795	0.017005636163381632	-0.012501734659526849	0.01907132880608686	0.0062053107893125375	0.00397946705400116	-0.004527476073190756	-0.0015211416839456765	-0.0008154647892524882	0.0	0.0	0.0	0.0	0.0	0.0	0.0
SRR19621185	0.11681359134328129	-0.06097885978518138	-0.06993743506942558	-0.07653522981873416	0.09146446744297539	0.15130537645561862	-0.09413863082947456	-0.17962700350053892	0.07246162951461138	-0.03507301349167077	0.034976077618906795	0.028099052577122936	-0.0058652986045439936	0.1127334797735949	-0.05006241174724683	0.1074574839549932	0.036655200103564364	0.047391285980022936	0.0802958260029627	-0.006258984256925023	0.006679435808263706	0.11505673085908957	0.011771144203933872	-0.073039363794526	0.08154338105881721	0.03325132025495259	-0.05573950371631116	-0.0265022614603417	0.03169728681804862	0.08876835481726976	-0.06293637242188348	0.031985742983379487	-0.06227052253607798	-0.0031725838345958955	0.029522705165818158	-0.009238403807810122	0.06480909819434442	-0.010177278592872612	-0.03507050325409758	-0.10779107562792489	-0.01579785637379021	-0.05020103911444908	0.060697466062289394	-0.07595104289108413	-0.07218628697752592	0.04148382984604949	0.026574485136625352	-0.015491313126733708	0.010903348554858415	0.016672466484899243	-0.0010122798542319378	0.02089395252667512	-0.005143010378742335	0.043470117117732625	0.053817841616404016	0.020569467491246305	0.01069867188288145	0.032166646778452136	-0.0378302798867651	-0.01653584709393453	-0.015687424645656766	0.013363366393627604	0.017725706039013557	0.016509505264767577	0.01916078839019878	0.02304217286415597	-0.008882510871153245	-0.0044171845073832485	-0.042133346299627304	0.008175977432118963	0.008546808280863077	-0.01610331964126745	0.004860859836924419	0.011355366689792236	0.019532270514137133	-0.007528561886763914	-0.016649708706799698	0.002839360676991496	0.0005986264949385154	0.016021835461165684	0.0012981273244657204	0.002394913953959436	0.002525165045122021	0.003127644212750943	0.0017946894024298019	0.00801157114736404	0.0005519982441049862	0.01838584130913373	0.0023096466877448965	0.0067581629294680805	-0.0002343364352157782	-0.005980937775355419	0.00358666438738562	0.002377095472075064	-0.0010579663746107973	-0.025834038746303807	-0.006890860740986353	-0.007146335639083242	-0.0002953748597819834	0.013961063611721718	0.006767372975228792	0.003918276911853981	0.0047987325784943835	-0.007196533767853905	-0.0020177714509123407	-0.003350475290979634	-0.0011718597915147226	0.002562774243984066	0.0008049734854311147	-0.0006650336922027129	0.0	0.0	0.0	0.0	0.0	0.0	0.0
SRR19621186	0.17347637980769218	-0.008490714324181655	-0.03684232636357471	-0.05222156461915677	0.0682622384115481	0.10826409314597558	-0.04852200327071775	-0.13019449676227	0.0758143673367903	0.04077146779577542	0.03241019281681514	-0.026400683814542157	0.014580437528665866	0.058939562725167094	0.038045827813879225	0.15287139567920655	0.07084019991862127	-0.00888313765083068	0.008731222473476925	-0.029805897161082014	-0.14420065019512265	-0.007722729774873417	0.013445790637982527	-0.00567485155917722	-0.009746147719730968	0.01985493485501617	-0.014564190649932114	-0.006755310489274864	-0.010494512203790994	-0.004073092607988906	0.09519848318307025	-0.03708243885079523	-0.019155760632042492	-0.03234512962919767	0.004782014705834628	-0.025151007702868843	0.02687483554062154	-0.030529448713059168	-0.00944473989147338	0.09229508133646189	0.0703185164978325	-0.02914238538910124	0.04233706641425577	0.06141061144589661	-0.03617737744125161	-0.016976135407137827	-0.06235535113252215	-0.01835044944714352	0.009312438674710374	0.06186438716058371	-0.0018906101458273186	-0.024071309882741525	0.03879898542754979	-0.020695006033841508	0.03730606504090965	-0.017083080907148367	0.0025414508115794827	-0.03209738679905234	0.0334301950678835	-0.04341115343179628	0.006189354051747128	0.003654093666021715	-0.015565807430221274	0.0402026547173982	0.012824937279469177	-0.007099782625877603	0.030930916240006972	0.005980445101827591	0.022474448075698317	0.05504299555308304	0.031128088444918045	0.015107436214071552	0.0023752599885142507	0.020351033191215503	-0.020616514315395202	0.01990537943391075	-0.02199482450471551	0.02953751845293994	-0.014643639700271062	0.009023390555961299	-0.01036657090779843	-0.0047771687117893055	0.013307041934414367	0.0016182228461540055	-0.015884168010897568	0.0022756938693762594	-0.002387814405753337	-0.008597504832381234	-0.00677176151112015	-0.020129284704672117	0.006631240776034045	-0.009078146150325562	0.005187013274908772	0.01472177019103263	-0.00029429073538558365	0.005496949538319001	0.012792664559746645	0.015955395968274378	0.0065403026002382285	-0.02039564652810132	-0.00888017665714984	-0.0010378929586483288	0.0047495420916401805	0.002821047173372088	0.0003468094082425534	-0.00290094268635589	0.0014337160371544646	-0.003788333574784584	0.00026063619687862274	0.0009939308971188402	0.0	0.0	0.0	0.0	0.0	0.0	0.0
SRR19621187	0.11766847710478398	0.014393439085493967	-0.10214014382373356	0.007258142776399642	0.09158530195945268	0.06124401176966289	-0.020450921675028	-0.19089641927630355	0.06543866089752236	0.02629365042151396	-0.00851351990682031	-0.07892440966616265	0.019841738807148346	0.06339689822123645	0.009335293899876203	0.15181669525361516	0.06226050874200606	0.020437352237401046	0.0185243258406567	-0.07665404514540443	-0.1099696710657937	-0.026088846020774745	-0.0013749391155958974	0.005242512084426418	-0.02084345291918232	0.038965207410706644	0.0045810787899104	0.012981046172844436	0.015236972106769832	0.058880983279445825	0.06662187631476894	-0.018419213241428634	-0.04859150150501779	0.03232134033759925	-0.00919105684892267	-0.03962073136124181	-0.0078841833739026	-0.022404584107131212	0.026479866162427177	0.05028890401755933	0.08014199848336792	0.02781994953365036	0.011986033543943979	0.04359610016652368	0.07626816091595952	0.003957026433448621	0.009333171044666707	-0.05962612643833635	-0.0005501499891113624	0.010869221328880978	-0.023613653949953458	0.03234752168889048	-0.0398775101389345	0.028292893076076762	-0.08976939337225824	-0.009103342598368425	-0.010044287285549892	0.028598672852492825	-0.0040093488489126835	0.05916278842036392	0.008654315026442608	-0.005304992293986176	0.009000817957825527	-0.023047661864758446	-0.005533903974017173	0.016281981760719176	-0.015708026907001637	0.013083695006286722	-0.014449875517404186	-0.023530270966476016	-0.03549975009380526	0.00688482766783806	0.0010804544392320286	-0.01671592322306978	-0.013709359638843276	-0.025542960262388014	0.008226194669384106	-0.03888847389576266	0.0016210189784927101	-0.006925107364384278	0.008070612969075032	0.015025810097901498	-0.016859184391861497	-0.004390962445884124	0.016505529481233818	-0.014145631889409852	0.0026403950424769822	-0.011236580774731582	0.006262226063492031	0.023943969883492566	-0.004239098685938328	0.023342644805816506	-0.013158338871577455	-0.010932323752104399	0.011432375829007465	0.009748958479329654	-0.0006548528310046608	-0.018295177800785736	0.004163806695369478	0.005085638324506758	0.002649249300314515	-0.00444014328366735	-0.00654268966299748	-0.005973664383344249	0.0005061136927483228	0.008184317370908502	0.0007905793226205059	0.00030296629144682663	-0.0014815490564866712	-0.0003861063558464886	0.0	0.0	0.0	0.0	0.0	0.0	0.0
SRR19621188	0.07541436921180154	0.14092227525289636	-0.09072706719897282	-0.1719669681837553	-0.09145120998827604	-0.03309493151395088	0.0668690807728832	-0.09720517078430636	0.12337807591344686	0.12035749173841379	0.06695898916239147	0.08028350208068352	0.09934658010472167	-0.04937998078712972	0.02058452284480433	-0.09557961725770747	0.0723910840132933	-0.0442600572853938	-0.10112958560502687	-0.07118706390308374	0.014793919188485207	0.07874616740977188	-0.01701144300087653	0.031089602861579645	-0.06792680640597425	-0.04202018391918958	-0.007161624390411841	-0.08774156750240186	-0.019548052458166414	0.04954156244829132	-0.02320088313285876	0.024718774305573576	0.011297201953629092	-0.023642403308536876	-0.07548474497230521	0.05475161522255056	0.12011435808919657	0.05423121774241454	0.03746856695357365	-0.05017161426203168	-0.0076820111353321655	-0.06538530750318435	0.027526143415808897	-0.046969241389559616	0.058120222446506935	-0.01480507563327128	-0.037988423050656736	-0.028176970788683177	0.058485918322583666	-0.019584314551682407	-0.03867640529960598	-0.010404602489078194	0.0278736075806033	-0.062399118117738045	-0.020972435690139284	0.0066254318408738785	-0.027313069141358	-0.003160730356078522	0.03514573174571188	0.03425962354075718	0.03285150153399492	0.009537617117486583	-0.05757115857165256	0.0026312919419534454	-0.0033997621756240337	0.017342064131316857	0.003392999787959219	-0.03550218636493233	0.010519259588476057	-0.006880040207902093	-0.02665811264274423	-0.005900008519012476	-0.006660574784265382	0.008143764325590103	-0.009161172436108872	-0.01783715704154228	0.0003296533756074089	0.002154781325441909	-0.008604965602429609	0.010551661228519056	-0.005184661613820125	0.007336904263148954	0.01046949659253919	0.0033545492057510664	-0.028680016214130816	0.018867289969779537	0.011970177136413629	0.0074449059842044175	-0.000765604218328685	-0.0006228282726793327	0.0027048022696336146	0.003093597085641553	-0.003202502711844069	-0.0003362646427269146	-0.007770721195394308	0.004943317351350536	-0.007471881774372101	0.0008245570788020842	0.005305367292877999	0.001248553358598318	0.002461438426637406	-0.0007836741216701768	-0.0008579159644065257	0.004381440711558087	-0.0015815203413421528	0.00180874013783476	-3.097154278926861e-05	0.0021252517771779113	0.00042152707957779134	-0.00015739365250288894	0.0	0.0	0.0	0.0	0.0	0.0	0.0
SRR19621189	0.14641790912702826	-0.039935194889202094	-0.018690173492879044	0.026314937648288645	-0.13361990686329905	0.07118169988013028	-0.08070511785946005	0.015392617146061426	-0.09415529565003115	0.04602640324350763	0.05072075585531264	-9.624192944620316e-05	-0.09807821586492624	0.04244783410726473	0.10809561930403681	0.03919541678425917	-0.0004479037277216731	0.0035581013074742155	0.04083907398938015	-0.04730537304878519	-0.01347658940504077	0.11286737104027732	-0.08581638757059849	-0.04660187316865544	-0.003520894894036832	-0.027965743459669894	0.014911834174875876	0.011921816115277484	-0.022677632297467745	-0.023467615421333736	-0.08991843934227313	0.04796029714189354	-0.02250046188164373	-0.06507589581656742	0.012245800441319074	0.007411261759676311	-0.031479632792399175	0.049018957214378024	-0.04550210045666919	0.04850353719454586	0.04736961850979437	0.030554407406040263	-0.015224956093369374	-0.04147483597743533	0.07536973150646316	-0.11418099660322988	-0.005309706402233817	-0.06171764404111812	0.010213552373991597	0.006559515024403011	-0.009676438347335701	-0.06818068257732761	-0.030592981590785474	-0.06555559606487624	-0.0151275254080066	0.030607854353924855	0.02311357631919348	0.018966662515333417	-0.019196472101456804	-0.019650634999351994	-0.011913965642286065	-0.048998979382046594	0.05256249445512878	-0.023100464286447655	0.016130109523817385	-0.023265370269421454	0.022863057866248992	0.011267221257467663	-0.044023997482331774	0.022792568628705386	0.003880847359795642	-0.011001928433175578	0.01972768685486649	-0.003959345102930953	0.024218446210937453	-0.002327957314288774	0.03977758709369278	0.0010219658079803381	0.007748338437188125	-0.010350106194016998	0.016713576272180307	0.0029972362719248176	0.013164268732004684	-0.01138712111439286	-0.010175864470969612	0.003981874506359268	0.002349616908424118	0.002536132348141389	0.0009266679788317615	-0.009065773709084412	0.009477895919887375	-0.0034892286525068828	0.005703820656521493	0.0024845561008853658	-0.01107099253345583	0.006078838022095639	0.0007614627776569641	0.00965280856988735	-0.009269047749874772	0.010338393163006308	-0.0031559954250963006	0.003817572498337068	-0.0029162284882016678	0.00233968269970339	-8.171041845990706e-06	0.0013987013246686269	-0.0005819256536262244	-0.00010011269618403828	0.0029866149690168163	-0.00024544091877733127	0.0	0.0	0.0	0.0	0.0	0.0	0.0
SRR19621190	-0.07826241829661304	0.1821890194178181	-0.012273420523492298	-0.031208670307552096	-0.1707261987638806	0.04991718663184008	-0.05876055162437279	-0.029028028346530815	-0.04555112795520673	-0.03645474590449173	-0.006474681402702162	0.011287193160050859	-0.136987901771184	0.042136857682656695	0.06038353775869016	-0.005641213292370143	0.026745399876954	-0.06874003211368086	0.03906961962405439	0.008451414826722016	-0.030311127262438894	0.021267632034182676	-0.0704354261705721	0.00514284782382616	-0.03760023627923334	-0.00043012425549946	0.031365091029668925	0.0040511532570909675	0.0685707295077519	-0.020770032045686556	-0.08500530293733667	0.03288930466175942	0.08786659500516326	-0.03886197959293984	-0.02539872467221138	-0.04869147632895823	0.021897297308821277	0.03699773809584844	0.03760186850481095	0.08718906710803304	-0.043605079813870004	0.06849942153783567	-0.0005631518451134123	0.033650656061045794	-0.002817793201506828	0.062236347977321	-0.06288269347319375	0.008390664204807156	0.05221531154363797	-0.030051815272410104	0.00599852052853662	-0.02858392043301891	0.05730142977292972	0.04437666710677705	0.04217200394457422	0.036136593943149824	-0.006433170008838596	0.005892165574791405	-0.009346429788338427	0.021030201142219703	-0.008373615619626844	0.000688091631431572	-0.0058176600872488025	-0.002858160745037074	-0.00473830506758575	0.019981976035534924	-0.04267717318590837	0.015465316332477672	-0.017732921175485406	0.03397912090393293	-0.009909522994025175	0.01513743794442844	-0.05382025001989563	0.034934025719401726	0.00575751810977758	-0.004221415478207835	-0.014988385601247134	-0.04492885667364472	-0.015496196748862174	-0.007528626610349967	-0.018005286601299183	-0.0001940709223695151	-0.01803675905271475	0.015780767022488238	3.256636659629549e-05	-0.022060402063216033	0.0007581495794126643	0.012495164120783608	0.0008159431712142132	0.0028371996300262945	-0.025609543381692305	0.007098127078623057	0.007273919082317	-0.0056007309614365414	-0.004313260673422076	-0.006645340834558171	0.008670677415182638	-0.009603983864773293	0.0008492550193690429	-0.01098721821526184	-0.002040951457434611	0.0016527628335629143	0.00668604542290778	-0.006169234984340199	-0.0015461654734589252	-0.0022855727380982085	0.0011724759371209217	-0.0006304544277558969	-0.0015425414769335078	-0.0009210481399741782	0.0	0.0	0.0	0.0	0.0	0.0	0.0
SRR19621191	-0.10909305419484264	0.09526372491328278	-0.031877519116050204	0.035359334747495016	-0.0869270176569748	0.10691105224205787	-0.0680226904940137	-0.06691598159476805	-0.04696393326598501	-0.02567060056066253	-0.04461142077676685	-0.031867164053660815	-0.11409502139137365	0.06235033277900891	0.09488586793694671	0.04884963013115242	0.07220246851881172	-0.024093040255494455	0.04507954772513619	-0.03161335113432351	-0.04989609588757294	0.07819391735348916	-0.04236087372661617	-0.015005881196374395	0.008110432854189241	0.015856223118048445	-0.06070631034367084	0.035659841731238325	0.04538897838387101	0.016588689655081118	-0.11278967403843716	0.04052044227951235	0.028753318664086168	-0.03776110269208497	0.04574553815344151	0.007424862645495586	0.041141080100840596	0.005369497862938398	0.08255755629915007	0.040964010055749706	-0.0412968008684064	-0.03344499497421566	-0.05660156779553884	-0.017530265155778678	0.036467064115574745	0.04854960744909487	0.022606543642469935	0.09627892101942102	-0.005665968621127212	0.007518546440513964	-0.0016093199473874555	0.07209055465870245	-0.02875175829552252	-0.021095057409438317	-0.039488737993865174	-0.010314821547000983	-0.012430605542618307	-0.049245361059623884	-0.004350190772790036	-0.03432618307155226	-0.023788394564908392	0.008671350225112421	-0.02394682235112813	-0.021063460021342163	0.00939531346399248	0.00036197005279983756	-0.005021706482653045	-0.007676586817625171	0.0676101714162846	-0.03050669500522181	0.024141918915575624	-0.0014881619654059583	-0.0005726049977226949	-0.04169800816747654	-0.002407319399718326	0.02284211094524787	-0.00040452154129758436	0.04816524079947592	0.007445603873649697	0.006822411352877707	0.006894677551040827	-0.018048618819087536	-0.0006725345840801606	0.001738366240394624	0.005275218450502101	-0.003886813729696107	0.012247067424670613	-0.011426418797929534	0.0035479059321246466	0.011160788843030135	0.014298133464928283	-0.0027034759449181787	-0.013944059489637353	-0.00017798714981813593	0.005918901357648796	0.005415044056714648	-0.007583963651408541	0.003518737268489563	0.007896743632175872	0.00679412777717739	-0.003719434975197369	-0.004229549402560193	-0.005951789991699493	0.007498352274936405	-0.0010062373100784797	-0.000186687768861044	-0.0037401081530787114	-0.001126414909927991	-0.0019332508189752087	0.0001459538589063456	0.0	0.0	0.0	0.0	0.0	0.0	0.0
SRR19621192	0.16922827333645796	-0.07517108553177793	0.044639353189820784	0.0005914898076998927	-0.019975096902542816	-0.05838693518099465	-0.017190112117246886	-0.012871518981090709	-0.04052191329625408	-0.05481822335365724	0.09698510262568587	0.025263702318509714	-0.07335114097921507	-0.10645488392443535	-0.097261099247429	0.1549567161896486	0.037681060478075484	0.03920448660578566	-0.03521277240427319	-0.03744816859879138	-0.06236767708696971	-0.05801303006246484	0.026748720725837734	0.051072713555177694	0.042514840015553605	-0.08800207639678755	-0.010253510245983893	0.0004429736035340281	-0.028563535697359907	0.02042749428579657	0.00985243837891555	0.004302938156395651	0.022835504110874018	-0.006686031328177117	-0.021809878259621326	-0.02712497949472729	-0.0005870828032011472	-0.0011426383711254675	0.049885470397435905	-0.08199428984898546	0.001044220947153258	0.03031966284056038	-0.023619044995887187	-0.04967625429339116	-0.04502364653597051	0.016742226437455848	-0.02411861532443056	0.0034821870664116868	0.00844193657097321	-0.030103885531677355	0.04837361939856914	-0.050905126971034755	0.011055335308269536	-0.017097643636452622	-0.07012957719397085	-0.016252183657583404	0.04225083224557225	0.0026451973768805543	-0.08563626912691094	0.01440205122573724	-0.05102982574470447	0.012469571637654088	0.028155263882221646	0.007985069851453783	-0.00016579588635959119	-0.016784248142987863	0.0016272035296413297	-0.028295159758283072	0.04337379466279491	-0.013327815995333739	-0.029732712019763675	-0.011723275666268353	-0.05818463061900955	0.0025879691800367657	-0.015662301544057053	0.0013382720947393034	-0.007197768668586054	0.020857568932758554	-0.005588246077799665	-0.01407363110993575	0.010173082522261392	0.021000609984563302	0.018726476016748945	-0.0032191283293567627	-0.027825567909731765	-0.007339273315632638	0.005268577949331216	0.00030790160800377224	1.5091726412786083e-05	0.007377630336765591	0.004689832121976578	-0.0015154637566436307	-0.00015058182460987436	-0.008193289263401248	-0.006732068204883133	0.007542847611482596	0.014814922171996491	0.007783151838043279	-0.0040427943761300504	-0.007357122798644744	-0.008793240819623195	0.012231985725408902	0.007948940773128674	-0.004556232299431237	-0.001070961913096334	-0.00034881377881235343	0.0010738159437872524	-0.0011000619731951196	0.004665358995358063	8.686704380528251e-05	0.0	0.0	0.0	0.0	0.0	0.0	0.0
SRR19621193	0.1827793779792981	-0.0841165067241686	0.026845701265917562	-0.013586578456318402	-0.06570942928060212	-0.1142089654624763	-0.029595363391036442	0.0071882654602104246	-0.004044185872105685	-0.09337692524834981	0.08945564048873711	-0.05384491051249093	-0.062019545337236234	-0.06554773796326135	-0.12183983080712121	0.11009485063621267	0.022895359359081727	-0.05940611384250958	0.030669236791409496	-0.026293569368672796	0.0014724151023656228	-0.05127370499056291	0.0624136622516262	0.06255177211508921	-0.01649373751017017	-0.05759737532796325	0.01774763401501382	-0.10798196497991018	0.024697747697798082	-0.043129650383167316	-0.05264699092184308	-0.05562253918106645	0.01975834329332256	-0.041832557228004365	0.01823248961842657	0.07257568338949195	-0.03796324904905946	-0.02848936732196458	0.06828019251695304	0.004203187938370671	-0.004232017078105309	0.021727362664285137	0.049829078478538534	-0.019717070535444664	0.021965956844126104	0.004411447785548169	0.09082512554041623	-0.0391820356613028	0.01774605739016347	-0.048829805228000026	-0.03339549052957126	0.08810801049264871	-0.008060157142125626	-0.03499189370874793	-0.024468933147190054	0.027468814248677826	-0.001355140578558926	-0.011285137001999809	-0.002828977282081843	-0.021477812230748412	-0.007398697644116197	0.012557835760971832	-0.014311574135911527	0.032381907454495144	-0.00018244653859596813	-0.03597805082634811	-0.0043590023348930316	0.007166536370400159	-0.017863772500507778	0.04922937359425018	0.024401036645740545	0.019536365383766796	0.006877332640098186	0.014126477358138274	-0.0014305298984122188	0.006390764909601753	0.014685237793434912	-0.031096716284140496	-0.006061848901449407	0.0196261681948617	-0.005394009561077516	-0.01708666916364505	-0.021484638883387936	-0.00019259780910653982	0.005891129363239404	0.00508318986066243	-0.0006026817319989548	-0.0013593855332059087	0.03713639021349939	-0.017690359428169475	0.010157776722052175	-0.00355802440050457	-0.00022589308321838754	0.012650022416147344	-0.00512642269211397	-0.009268986228631915	-0.011174714173770943	0.004144012990313968	-0.0051063156890682766	-0.007812823657762437	0.006612694656921408	-0.008212443423720631	-0.0003540696713753578	0.0019677196088877334	0.000469514419431014	0.00088333166270866	0.002419454010529258	0.003990408893412446	-0.002745303220259843	-9.24797090877871e-06	0.0	0.0	0.0	0.0	0.0	0.0	0.0
SRR19621194	0.1921250548056525	-0.053918301699915905	0.0050769773303650356	-0.025409787777820103	-0.07821441328556179	-0.0956231908420458	-0.08299074279466533	-0.03270501703537296	-0.021070419677059096	-0.0856640584681039	0.06518931143201678	-0.03844253286784925	-0.03213118227403825	-0.08524422239948705	-0.13205215736407314	0.17762643412243015	0.036851247544730376	-0.03418988161441048	-0.008397884135232089	-0.03885626432888566	-0.07860480600988796	-0.05006989825846699	0.05855993725191724	0.08117160142420914	-0.022825139498093217	-0.06403966916611264	0.0025428950320050873	-0.0476713858407087	-0.02620702052664163	-0.038005630028355795	-0.0385190071569923	-0.010921003986411704	0.07140170360170088	-0.0134501839060713	-0.023824118268730633	0.04236768225919105	-0.023268222119617023	0.05582635938206039	0.013829865343106098	-0.04381025563313913	-0.00810664750497244	-0.009418194776593843	-0.0486567381610345	-0.0226049903219501	-0.012643588146772487	-0.0005356026270049498	-0.03596541689453413	0.010948587563004134	-0.0374069045634065	0.05699906046649963	0.023022552035980935	-0.05134659135923359	-0.010938788993540933	0.039956053674276515	0.06839103460059592	0.026012830060365234	-0.05481255614039582	0.018639970905852718	0.07234440685406178	-0.00856965571137431	0.04559626700317716	-0.025995458664101967	-0.009955925525444288	-0.039868973296200934	0.0004795364445462813	0.03587896703259276	-0.016007304442100332	0.010344906786532874	-0.015690990866328414	-0.03753836409369927	0.010637925631886288	-0.0033910584253618644	0.03860265863835634	-0.03698646155298319	0.019920129570638313	-0.003190801339085256	0.011644547786058222	0.017646978303091337	0.0066293889853357955	-0.007859607851565826	-0.008271257640536359	-0.009635396177805804	-0.0001278187841495976	-0.006013276312282918	0.014111381714514608	-0.010236499939837121	0.0002503953723310055	0.006819612163549286	-0.028919879750274574	-0.0002878411197672959	-0.007206007237509018	0.0021096721433722524	0.0049560109419753305	-0.007353752289227017	0.005029143206211358	0.008885056498329916	-0.0012404806870802121	-0.002674952240773876	0.0029951565841846847	0.0037588297169956013	0.005609204664436699	-0.0015097711099479577	-0.004679556733983549	-0.004969409992055008	-0.0015363394117912249	-0.0018480019843995108	-0.0020829348464315653	-0.002017425824893972	-0.0017689459841486181	-0.00015997675079223848	0.0	0.0	0.0	0.0	0.0	0.0	0.0
SRR19621195	0.20299424194428475	-0.047297616013532856	0.05632253997369821	-0.016943428960110866	-0.08241260637107535	-0.031014699037907174	-0.0783462206901874	-0.05953950032593362	0.10931950353751521	0.0816892952437665	0.14860546471752203	-0.042177468946303594	0.05624558935951233	0.043229723051435555	0.025434707608143148	-0.0754328770265095	-0.0904744210030639	0.023253525370542327	-0.028664310335273842	0.07737205571497777	-0.03622744642870227	0.009695110563544274	-0.049271377274316755	-0.031446421259900874	0.11991721310112678	-0.023317810419688077	0.01894815569562908	-0.02277003959194074	0.01826344441970677	-0.032011755212092374	0.009941418151648241	0.005743231229982259	0.0971318528787517	-0.05889382920145896	0.009442898258631864	0.05657620138663817	0.02451441790984783	-0.05698395358614006	-0.0070974826297912005	-0.03532642866326291	-0.041174311436411606	0.04105413541550388	0.09540398886539546	0.06766153544500986	-0.03170843032109213	-0.004244561034629461	0.00603281572679736	-0.0013281285397372816	0.07931732433441921	0.006251553526574327	-0.027949846202987363	0.006310399640491516	-0.05416071934222704	0.022297569611678718	0.01501554769400635	-0.06701141166794604	-0.014814795833816492	-0.049816532921348466	-0.03096520638243066	-0.007987731290672574	-0.00971809252334201	-0.036135265692576704	0.021563499553941053	-0.005923403593810038	-0.018897657760950985	-0.0017412149509401385	-0.006981417452300989	0.0009175959672309057	-0.0013566422970231092	-0.04531133929863708	0.01229486470438933	0.019003597831223375	0.020518563530176823	-0.02141488026477504	0.019415004744449845	0.009409126756312555	0.020697119783342006	0.0015948737947686338	-0.01271438723837457	0.007033600430135534	-0.003671688296619628	0.02171813590302715	-0.02590150679487392	-0.005848900685915948	-0.006298379089015553	-0.006020641800862366	0.020555902486334796	-0.015568906582844327	-0.004162358007498106	-0.0038992742259819227	-0.012253577039781438	-0.004200715426376994	0.007092563575331979	-0.01847123477293946	0.0008934996496327676	0.014331956336132158	0.005694359839209552	-0.0027372874069776015	-0.0023468699089400323	-0.006313363043269733	-0.00908635447559178	0.0036951465298583805	0.00018820116690372953	-0.0012005372682104762	0.007308257214457983	0.0061312935118969835	0.002881544746773297	0.0007349037458328859	-0.0003181100942639612	0.00014287256217749712	0.0	0.0	0.0	0.0	0.0	0.0	0.0
SRR19621196	0.17301689600195436	-0.012325113682932551	-0.08623575833019746	-0.028330933744990617	0.024222476939731882	-0.09282367084564493	-0.04114200093894697	-0.040324219542045056	0.03594735010661432	0.1643990958871293	0.015864956536872817	-0.11441329805521612	-0.14426096555197543	0.021818615584697706	0.02666982644372822	-0.07579723460081741	-0.031820109855656906	0.05675810588866092	0.0034735396434903395	0.07887021493205341	-0.050041384126259525	-0.07257114695794502	0.07016175056745588	-0.06003475748624578	0.06985748521494994	-0.07546370814394839	-0.06918973667836191	0.03535137313467066	0.08655100200607796	0.031362424662380005	-0.02898509944118373	-0.04090188064508097	-0.048292399287276376	-0.08390880182972232	-0.008772564271512748	-0.011545401889896422	-0.06674021826983634	-0.048483528983234436	-0.035213204978802724	0.013201415629890233	-0.01082552224809849	0.008781532819697027	0.01360343088923063	-0.04156396264316188	0.022475741884636972	-0.02980057939474513	-0.061653803443294485	-0.001037634775382708	-0.044089980228478265	-0.06126885914778496	0.003164503419064361	-0.01109727992462694	-0.021874815078890737	-0.03190981453481514	0.010993689802389189	-0.04197781371107707	-0.008771735576914975	0.03632722982152601	0.0046066494912994135	0.0442355681368165	0.04508168615191429	0.013532964303296887	-0.006277381570965503	-0.00961339454911987	-0.05086833746358895	0.025169599925863147	-0.02816065122034768	-0.007962786682098839	0.014555940453360216	0.00043561427474762463	-0.01377640561364979	0.008485319361968731	-0.007026496312852932	0.0030701660283444787	-0.01704188936392934	0.025099650227095854	-0.022065116041222986	0.027037442624249515	-0.00299273030708436	-0.00882832845906532	0.025443248195113843	-0.043076012887551744	0.012509948956268481	0.011025457933797753	0.015482581927863339	0.008861616244149766	-0.0022538969648476436	0.022820370412374346	0.008599886773758773	-0.016899422786090638	-0.006970179348057561	-0.007726693584907743	0.0033201354852232536	-0.0011182669456211722	-0.005702137800684487	-0.007569121825378489	-0.004569745432582674	-0.005964121225711603	0.0014139395061434532	-0.002274324914042501	0.007987774834209536	-0.0018766088883739947	-0.0007948480924801638	9.878196228270377e-05	-0.003949521390502067	-0.005046122391805834	-0.0003818783342834193	0.002166790952281904	-0.00031195027703898466	-0.00011488734821459853	0.0	0.0	0.0	0.0	0.0	0.0	0.0
SRR19621197	0.0967151564912849	0.02303101465948227	-0.07359462553145821	0.022223349712317566	-0.062265316168088246	-0.047620921273821545	-0.07558340264224428	-0.10997189189615013	0.050136166343619074	0.16002588805673615	0.12124958688616665	-0.04928786601264096	-0.05793929882676772	0.026111520217598976	0.07427096069789474	-0.13871825915828115	-0.07582747996402077	0.06129433170204413	-0.095073648255302	0.06114898612425447	-0.06998531345655272	-0.09274980219471339	0.043812095815248475	-0.009411623076681494	0.04624186927095303	-0.04537505377046815	-0.04672106244009931	0.05022256321944586	0.024356816411410246	0.044771754326722306	0.04143328692601514	-0.06902863393398986	0.010710171802910538	-0.018531122884372038	-0.005828489579598347	-0.08258544829050725	-0.05092222589111352	0.04914983387139185	0.0956271685100432	-0.04591649880950809	0.018673954114668517	-0.03374276909973919	-0.07409022120454822	-0.014442153546309509	-0.00916270157194293	-0.024358721454173646	0.03658380650261144	0.07757150547162715	0.006411417075769075	0.03552129371804442	0.014792323226148561	0.02253984620010989	0.03694084209952047	0.024105597126186477	-0.0044892962517914525	0.04121530372232636	-0.01970339482453446	0.0025772484630983213	0.010046186655645543	-0.03108834619168842	-0.007837585567559922	0.009067260137608455	-0.0026755723936788683	0.021001854528110916	0.045685562392275704	-0.0161867997665693	0.007684583120090877	-0.0031894752910365328	-0.028163209136060963	0.02796558006914111	0.000910284585980621	-0.030544901815081453	0.005942689611031123	0.011943285500073876	0.023061418593204257	-0.013550701895762081	0.021917991205498248	-0.03400996468171041	0.018596712807613096	-0.0056812430169252736	-0.01787439379520621	0.018276357139563954	0.008858395010360568	-0.0016066086253529051	-0.014234442389624397	-0.00040648671322013417	-0.012708662944899191	-0.024927399521901587	0.005037951116910834	0.010541702785375728	-0.0006349225869173455	0.01233869769961142	0.003447880693526865	0.009684137125154299	0.0017042061029724533	-0.002297655701348349	-0.006362552002093155	0.004225719470694185	-0.0026695478773210825	0.004875741665550548	-0.004774681589567735	-0.004935565067606515	-0.005244572079212712	-0.0007448509459664167	0.0037590754447208523	-0.0013634543078811982	-0.0030699602773088825	-0.0013611821192597658	-0.00032388184174609956	-8.16789536892026e-05	0.0	0.0	0.0	0.0	0.0	0.0	0.0
SRR19621198	-0.17291039553931284	-0.0755970495713313	-0.09809203357187245	-0.11258736321417075	0.06657903765915162	0.09833544439073114	0.11758262655692671	-0.08325089630067883	-0.1375638824601225	-0.0759586807804949	0.11114603388035094	0.00947093876043703	0.04117753703352062	-0.0011047198450243882	-0.10822215871704503	-0.04711529640299527	-0.0982939266653922	0.008874790158664821	-0.09373012091146658	-0.08550554467389367	-0.050292498754569655	0.00835347047683336	0.08835308466117318	-0.049734730054766065	-0.020770523740585287	-0.01592310202788263	0.05337586360416909	0.11194984915039163	0.1144692734750344	-0.018634776400449162	-0.034800521962815044	-0.005298918908006585	-0.009834572339776837	0.027940349392018816	-0.015251882959238593	0.006432806232705956	0.018238714047064997	-0.014834606743466719	0.04317207603365429	0.024323479208755935	-0.004103996169910642	-0.025912250818510882	-0.010641861161516317	0.011892510133385032	-0.01569228501169169	0.020553757789704523	-0.007901148691200384	0.020547407466063677	-0.04267727909087223	-0.0010753901850921923	-0.033532132541976956	-0.023891995707317547	0.013216838192321804	-0.02340505209606718	0.018416744802732282	0.0031279139790540895	0.04695378615544903	-0.04223801393740053	0.01728594846236209	0.03614473250666123	-0.053880916897828826	0.01674204819667267	0.008553204248030084	-0.003197430890641531	-0.0006131329142297057	-0.01950629691573661	0.026240537838463023	0.007666369680894403	-0.050334241611884704	-0.004391696915036824	-0.00158833555437634	0.03967647394867492	0.006588664157344721	0.015535428962994794	-0.0012616138719810733	0.006089509899452364	0.004672656046002546	0.003106707608190825	0.016681237885990408	0.017372822813037814	0.022246107028239582	-0.04030781651098314	-0.012950749242062975	-0.0003771091475403078	-0.02098817044675828	0.010546344138472668	0.03016091762402079	-0.0010287043725121995	-0.017738018811655792	-0.008233600374892841	-0.006201642036245097	0.008766187003505102	-0.0027813071287776697	-0.02425438781340773	0.0020070289862249044	0.00441470026826363	0.004737533477137443	0.0035759652890215137	-0.006659106085745112	0.003799788088524253	0.011815184477269956	0.004346606125902642	-0.013468612073483368	0.00048662223394817174	-0.002735085206920189	0.007757806511245288	-0.00024543596428228847	-0.0022317687490953737	-0.0019617512404623504	-0.0006185690180594095	0.0	0.0	0.0	0.0	0.0	0.0	0.0
SRR19621199	-0.15471422256104445	-0.1300005902651553	-0.12419424810697068	-0.06020931440336543	0.05045321136391353	0.07503604699399496	0.04850809657569367	-0.01727233935761846	-0.09522043341178087	-0.09455207669731108	0.06748223738866775	0.010030162101492789	0.0441125526011796	-0.02390011055715526	-0.05679320407166103	-0.06927565192413392	-0.07593243563569847	0.022516427714578152	-0.05467088594089988	-0.040890733498059856	-0.029246473899386564	0.07170970902025985	0.010927250993708223	-0.03408532421145983	0.04963279515427301	-0.05146631984717016	0.07460520757000229	0.07249138552056283	0.09360852573565123	-0.051802721353066676	-0.1163308120530246	0.028513936262440635	-0.017031921842440984	0.0008415706589051297	0.025058879104010202	-0.00711611704339509	0.005737794564858842	-0.03727511385372893	0.013134474085980627	0.0027517436974320297	-0.024907155201551113	-0.05507862173015787	-0.016353349704737178	0.06332190426685451	-0.07421578358957297	-0.032708840910110365	0.009385925571341987	-0.0512901840724659	0.02141702312799317	0.003581919342096277	0.06286360888011126	0.006631437680594525	0.011823265080316262	-0.021495063860854095	-0.07971046083205477	0.007615057619592327	-0.03619344697620971	0.01207450417169472	0.05070094084910003	-0.013378562933217472	0.033672549669499	-0.0417909488611116	0.01530918244356789	0.01020634104508329	-0.013669173769942167	0.03705628916632231	-0.017485688695611408	0.01280351772593922	0.03967695613571951	0.012077142369070678	-0.017719669867245585	-0.024607916660258567	0.018830753146196113	0.0056675662170047065	0.002283756572039392	-0.017010640137618275	-0.014385116868485249	-0.002321023922369586	-0.012445047106925466	-0.010882526187703908	-0.0023799839142691916	0.027128528660732953	-0.0021785212772091537	-0.01594414322415956	0.01311737092374077	-0.013100668058931803	-0.028107492125324533	-0.007570344725036363	0.01081936266933511	0.001987591064829574	0.01032468204466131	-0.007877182793019985	0.007752016014866698	0.016597818375201672	-0.0028871809072054822	-0.00019960774508705008	-0.0027918920535262835	-0.006486106849079265	0.00788166743029383	-0.006545160677018086	0.00041532662761705857	-0.003520621629232701	0.020606389980018493	-0.0028355249012442865	-0.002408880831821219	-0.002941154566588259	0.0023413695498489956	0.000990097910984067	-0.0004606779413775336	0.0005957846742897185	0.0	0.0	0.0	0.0	0.0	0.0	0.0
SRR19621200	0.19322633709261153	0.061509443404375516	0.00957008919172484	-0.0403745277025375	0.05371787064925135	0.07050061100464418	-0.005557948103071592	-0.0066390707450201545	-0.0721513391374736	-0.094540126550159	0.08890038752691284	0.08744862244539271	-0.031228390437478395	0.0063747699668365194	-0.0036752061631441005	-0.062211271132834686	-0.10694110606434326	0.04498033473795536	0.0177884106855524	-0.03398938077633163	-0.01953504917386609	-0.06711119888085676	-0.06501231816826185	-0.08857961647273362	0.02648569187054876	0.014697285120022625	0.004744923269112772	-0.05165004812930614	-0.10684555051313925	0.056925424797715306	0.027415606073193634	-0.05078683018285704	0.022566848087745277	-0.048345841978564785	-0.009597202603673445	0.06806554318548919	0.06304434332805825	0.049173536603144385	-0.0015010617951155792	-0.01581477440979663	-0.01787076776272283	-0.009666440492302256	-0.023466174094893977	0.08703546057445362	0.03436876043031382	0.04420744697936748	0.0003026592035544216	-0.026679565306972353	-0.06944485474864877	-0.0007294919551563371	-0.03423041331848608	0.015912196727482182	0.05941281752372021	-0.021662984192054764	0.0006550131633974215	0.020878673494218594	-0.008772208428593394	-0.008395402777744292	-0.05529891539496881	0.02023792172398625	0.03166485647032795	-0.007234794879361998	0.032356178211610645	0.030874508064399047	0.010906122980782423	0.03319953674799894	0.0022962509037381305	0.059548177394656204	-0.0014830878181025737	-0.032468838645931114	-0.005718015306423141	-0.023419822358708636	-0.03849335405303053	-0.013486204932367567	-0.0012300505061223616	0.010408915792763877	-0.0021863095833071647	-0.00198948981278395	0.019603967806761994	3.355776185383859e-05	-0.01806759986023794	-0.018836828733118993	0.02308871685154902	-0.018258974843014534	0.026296695173294575	-0.004835290012042816	-0.009714738502513644	0.0028735208843013002	0.007994410296456108	-0.02163688624145376	0.009919981704635933	-0.018217621622364597	-0.000787430604397745	0.0041351829939617335	-0.0064036470859333075	-0.00033062823244218856	0.004709893354849429	-0.0034138848129099757	0.001958632807733089	0.008044043128462403	0.0004456791287568198	-0.00485646119853608	-0.010374864994760324	0.008280620283518536	0.004524474614672355	0.0002610473172355511	0.00041758441349580225	-0.0039077967340013	-0.001734268204232635	0.0002464133616219706	0.0	0.0	0.0	0.0	0.0	0.0	0.0
SRR19621201	0.12117233738206633	0.13759450687865363	-0.03748994941575196	-0.09229112014102336	0.0420830480779181	0.1442527300050134	0.006441804396591719	-0.012200349244090495	-0.0936215529057236	-0.15255466300421644	0.04250561881931837	0.08826555749522912	-0.01953244218488882	-0.012477852435336948	-0.009597866885595586	-0.05346807026103273	-0.08055749132039317	0.027431431569452915	0.057661133033629464	-0.02746072612867625	-0.039714030174843054	-0.06050906464393246	-0.06216180169552844	-0.06470605483283327	-0.01413036412817791	-0.015774265433209807	-0.01610268431499132	0.014988311947638812	-0.10687894142137189	0.07515780236448347	-0.028406394949596354	-0.07928824940997924	-0.011908155632014738	-0.026665358909208632	-0.01861725322356052	0.04982410996153873	-0.01362660330588742	0.014454026730654008	-0.01635464019834799	0.010742043241997947	-0.06190051313134262	-0.017024523665268246	0.002765686655171999	0.021900675655291087	0.018807189026339495	-0.01204834573288252	0.04774555112102072	0.022440044990969	-0.05361326623491757	0.007493869301120993	-0.01632353280390824	-0.005454488027640845	-0.06628122513322708	0.030779079169710406	0.0016149935015895194	-0.026081050200136784	-0.02899570884784734	0.030870925579144316	0.009639354955544127	-0.005163276957683339	0.008989863917392977	0.040802874249986486	-0.03852203933901043	-0.03871442852362765	-0.033526905327893514	-0.021169375609168692	-0.0009607224079053956	-0.029612884372672475	-0.00193853283646937	0.042710573619525224	0.030094399104835388	0.03968683695770316	0.018750040026534787	0.007884467754597179	-0.009337739745246093	-0.019327822634073778	-0.001244184737165932	0.003420188313075015	-0.020489088487724474	-0.03752211085690975	0.008056065160795857	0.026515018598367857	-0.0008615099859631548	0.01176044276720323	-0.029373329700571767	0.004597797286822481	-0.007339664503763306	0.009732835213787443	-0.0010635967088200022	0.01829637085565699	-0.008755445391800124	0.024873598723723103	-0.003701771172079325	0.00406134513191982	-0.006237148133320963	0.000731553132358625	0.010363353212348398	0.008699694051319325	0.0008491013287784892	-0.009272950621718514	-0.01084010991622781	0.009929711030235013	0.010747965505200487	0.0027028419964693147	0.003400696161811774	0.0007762888705016937	-0.0027948637412407687	0.005124224414109169	0.003057316101230775	0.000319700181885712	0.0	0.0	0.0	0.0	0.0	0.0	0.0
SRR19621202	-0.21532995811179348	-0.06726574900541743	0.09681681826019846	-0.17133659316070463	-0.030058806234258315	0.07307542763218275	-0.05687798937463141	-0.01609984537747778	0.05062098537947099	0.08767891482715325	-0.08121258602555355	-0.06581320536657173	0.037186048072367736	-0.19743943566925565	-0.015031919179128444	-0.06705557772228742	0.01492429492664507	-0.09594763360236575	0.04756038662747332	-0.04304300817624782	-0.04206088728770432	-0.02566840949627513	0.03629046623880759	-0.10849804619768053	0.04483778743027912	0.034007394799187955	-0.016103421573563495	0.005968700051047643	-0.016668896625116773	0.034346998098502966	-0.0020027535769626638	-0.02950564144753463	0.039090396884420786	0.07002575828711477	0.027763255638011047	0.024292594728428013	-0.015505907628698003	0.009596355554939557	0.016349504351160792	0.03108687902449927	0.0033902791798670387	0.02703476924086048	-0.029744557584141608	-0.014107435859335013	-0.0018704518196058012	0.013214154185522032	-0.01678626322720796	-0.034423007751509534	0.010042319897669315	0.025181182298070065	0.017990016295826566	0.03956887046899875	0.03386501602520889	-0.03226824321694027	0.0328570962439381	-0.019960531018485397	-0.0025233412893554104	0.03076415707894181	-0.029836400506223996	-0.021960887451244093	-0.019169924948792827	-0.022597259520535932	0.03401130518116439	0.019347553309392983	-0.0025257509550236455	0.005722861698463466	0.055303286891719844	-0.036252904189085576	0.02282781981236508	0.023600479727260763	0.004216180675094504	0.01840703646200954	-0.014122440444777541	-0.06884149928441477	0.044404260173645356	-0.0507601791196725	-0.018432623790948073	-0.013942188775456093	-0.02503583762035119	-0.008877628408271488	0.019697272728159763	-0.00488719959329919	-0.0038936516035667536	0.014775879091198596	0.0031300940874146683	-0.005951189067568309	-0.013099564879893548	0.014521715135459277	0.0035262497234345817	-0.013996562602361632	-0.007963576331224822	0.01014241252959907	0.006968645832038101	-0.011988425308526372	0.0023291143601741164	0.007242865779494417	-0.010146688586729348	-0.003485338315037515	-0.0024383647625250424	-0.00034782368519289085	0.01370879116024243	0.0036751719641561964	-0.0005063144419055515	0.0032736052008622007	2.6574901733515592e-05	-0.0006982683193164747	-0.003793080683149465	-0.0015505494737852604	-0.0014160633302821026	0.00023552908578861452	0.0	0.0	0.0	0.0	0.0	0.0	0.0
SRR19621203	0.1710933046704726	0.07994924714793925	-0.017087400895892866	-0.06946650065707731	0.052668183041442516	0.04428801816718072	0.1283185912456322	0.031465446764869995	0.029200089501780022	-0.12114186716600059	0.008368199428644136	0.006529709692064192	-0.02146047371342695	-0.05521089941377508	0.13229622393805965	0.0024502584056879397	-0.07603208302678366	-0.006714362245242219	0.06255635304132359	-0.05473989595621041	-0.016128077370784536	-0.08119257567307428	-0.08831607045394144	-0.026411425454170377	-0.004617167163052604	-0.006556505613644954	0.03326693693205836	0.036344185060169176	-0.12024434081870372	-0.014682341546188322	0.08118273699337222	-0.050075586208559175	-0.0743849854713024	-0.02241059923843239	-0.02487939916785629	0.042856334056782484	0.00840526779628964	-0.09781255987857639	0.04636647655264243	0.05677358316878006	0.02198447402822141	-0.021230254165787336	0.011409576436449367	-0.08627533285131822	-0.05504035399854708	-0.01933598221154503	-0.06956836150365946	0.026602619516898247	0.08948630783768825	-0.04778062618173489	0.06801013312179506	0.005304471742011683	-0.018677722325202185	-0.006229677470093635	0.006281809491345974	0.047029565131126945	-0.004446418679032063	-0.0097257202491526	0.017355325274708497	-0.027925662908227237	-0.02035244162408956	-0.02197893963618612	-0.020772528836872424	0.021106620536898085	-0.014697239124886751	-0.023536196774975492	-0.016742173801215073	0.004233181822653494	-0.0074875067900687965	-0.04370934716449839	-0.018138536330958008	0.008226660551814865	0.01043616428521393	-0.004808248737374334	0.022023600382992625	-0.004860748536016195	-0.0015218587003491115	-0.006002685508245717	0.021782788677190197	0.0026826556401647206	0.0014142365844223297	-0.021133253542848205	-0.0034482496844933947	0.0009595170500212171	0.002594297777057064	-0.010288512915592633	0.008460060280734925	-0.001078787953671131	-2.2945112846792974e-05	0.008875434505877236	0.0036911688657009956	-0.002335713318785834	0.0053637030116458805	-0.006016452945483205	0.001201935980735191	-0.009357704282501258	-0.008952935957917012	-0.005000478067795538	0.004340303247772748	0.0130370652426625	0.0041146204770575335	-0.012494796108368901	0.004596705018377695	-0.005901610838876549	-0.0022584030616302417	-0.0031776891886406092	-0.0015399041567422628	0.0015747162130095936	-0.001744399126116456	-0.0007059495325263475	0.0	0.0	0.0	0.0	0.0	0.0	0.0
SRR19621204	-0.12519851881337596	-0.0012972305819042437	-0.03432966010958235	0.028655964823925396	-0.23315538477802386	-0.10566422416716519	-0.06767535633307935	-0.04862228122684346	0.11557893197818732	-0.08449074847071888	-0.0238650803035902	-0.04987607407787193	-0.030479917735443604	-0.04115936035575294	-0.03556711874404352	-0.05115245662363879	-0.06504853567989818	0.024952497313281627	-0.020259546276757464	-0.022684640361263036	0.05824470101544867	0.04642970642087625	-0.08307338176462531	-0.01024730683373916	-0.012678638196582952	0.053010781807846685	0.012570116285275369	-0.010675450366147818	-0.0006845712191079039	-0.006139207046707722	0.0020119392504953436	-0.026347933755064952	-0.09480026633991911	-0.005078014909258547	-0.04686136667130814	0.008420406604297501	-0.01698997506382947	-0.033976618886882956	0.02383631489804695	-0.05993247612217886	-0.02059998766266741	-0.010268735008171706	0.06262573818506294	0.017611147032701016	-0.009846242277355196	-0.025844908997279994	-0.02575709061454339	0.008878219777604151	-0.012362525622335713	0.06750089639078831	-0.022485837665723686	0.01287111542999728	0.024556612937595663	0.02300251250591877	0.00027142546816493726	0.06876785296495698	0.026558805927621904	0.07933633243755642	0.02034480600820677	0.05746651293725541	-0.00875846573741213	-0.0018734788230792112	0.03397980087132434	-0.022161561739499527	0.030643978628778858	-0.043835378064709954	0.028084621053100476	0.0121498514763882	0.047109064972810276	-0.005393661907336409	0.008379085529852427	0.026632160475187495	-0.023123237352689705	0.006495749834527342	0.0022148192691985244	0.02809155771565375	0.009213358634282208	0.026619175144720356	-0.026991838064405846	-0.006287186079742814	0.021390390562173643	-0.02167095169949444	-0.021799640314854974	0.001778865376291077	0.015302938879617412	0.002650685895869101	0.00078177372326868	-0.020697266566240092	-0.009706293839919463	0.009678044348335635	0.008019882215882602	0.009466053637600365	0.007013979746845046	0.0014547095651127647	0.00945381560014558	-0.003494213392915193	-0.0031081100740226186	-0.003702815178914013	0.0010273339110795337	-0.014869147391238511	-0.005949021177532479	-0.010109579977470922	0.005735630608321352	0.007069752147553048	0.002706784775547623	-0.0037129473180483475	0.002249935188884618	-0.00342273928768103	0.0011623861523778762	-0.00020438186822833215	0.0	0.0	0.0	0.0	0.0	0.0	0.0
SRR19621205	-0.10678124390053977	0.1041105228654922	-0.0523414931222016	0.050974862822033014	-0.2247787142824429	0.016444235185786537	-0.12745690761124176	-0.05497942867410634	0.06444105179109952	-0.07593038744433693	0.02760018184824508	-0.03443930122128965	-0.06554755854604315	-0.0064595118650092225	-0.06026644478868419	-0.057704567520252034	-0.02234033914948241	0.002179240952824309	-0.059878247451658075	-0.04492637768850378	-0.03326342454412895	0.08969440024033656	-0.036931157625367084	0.01792912964448381	-0.07954365852511076	0.10856291016161469	-0.017474549025141478	0.014790766343976282	0.015982239620978816	-0.03046754098472146	0.0860909994317149	-0.020838042372762357	-0.021555878103537842	0.02539401878327537	-0.02314376678938399	0.04339004362798396	-0.09439468941690636	0.010502106729331788	-0.08985544338560512	-0.039213556249352924	-0.005111233579554443	-0.04515984400620915	-0.062083890142297656	-0.038442555026607324	-0.033003795177412164	0.03949058676348079	0.007938426773256884	-0.05544730312558201	0.010251457162737154	-0.006775968232343885	0.05914154852490625	0.007339229936611816	-0.046202056285349	-0.04675789553576218	0.01790388641961272	-0.05882605292455589	-0.049088110260566704	-0.06214266139884831	-0.03797117990854007	0.020358378333768547	0.021903219030566076	-0.00904476091815703	-0.009769876130846336	-0.0007632239246673668	0.005651977612305929	-0.018067942404235156	-0.002461680811338638	0.01208807852829869	-0.0020285285113953245	0.005359352574743888	0.022074030793790028	-0.008942455061451457	-0.019052457990041044	0.029397697038251014	0.009518454917303899	0.003636530980320663	-0.028260505662276166	-0.02419645008184457	0.023165101814696998	-0.008821176397054376	0.004620238160328334	-0.011383331174571052	0.0020188712729062226	0.000331175212880609	-0.012584404846213607	0.0005707928745202584	-0.007572511790011289	0.003162419594177649	-0.0009013482060681481	0.004089110747888909	0.012632743743893468	0.005286105925649083	-0.014606535326228598	0.009310177678980503	0.019174493651754172	0.008954657594843896	0.009148813246240579	-0.008262972010306045	-0.0003038610925412103	-0.00016259091953068882	0.002045797837021828	0.003964939299033277	-0.006814521424073089	-0.00996760898096448	0.0009727485188298115	0.00010402013160997876	0.001397546234461334	-0.0010667321558110268	-0.00398055540809269	0.0003388899406645392	0.0	0.0	0.0	0.0	0.0	0.0	0.0
SRR19621206	-0.1109586561177074	0.08687603292138063	-0.010052157389089784	0.03517169769252485	-0.2155696670929844	-0.03035709971374489	-0.10003112915477595	-0.02805438236844621	0.020141946510920314	-0.08802883980383311	0.0030955035586033622	-0.05023119258775424	-0.07692486189528702	-0.06152233572617705	-0.0172872085639659	-0.014834685020049936	-0.025650135391244132	-0.02622339372014366	-0.05638804166702636	-0.03561086953793131	-0.01400172888067711	0.08444763531204302	-0.047572100354532125	-0.011571315155926883	-0.08713509985132976	0.04943319999409609	-0.006760772180831689	0.03629859213968793	0.02700761157943735	-0.065487174655634	0.06914672815861396	-0.04553947725287402	-0.08087129732612389	-0.00146441648169847	-0.02612648505816895	-0.0117868035350902	-0.04356959529858388	-0.03951981800920835	0.00021101298142228454	0.020299917404824924	0.021208449482282538	0.013714298130043262	0.023894987733212473	0.047889654376350656	-0.005075157732763571	0.00627852693406534	0.024977255304716013	0.0218989195495472	-0.014885691703335358	-0.018272857431468607	-0.018663506992217273	-0.025720500446911945	0.026146881444337484	0.053023276496643124	-0.019317079032145797	-0.008552777516299027	0.016694047817030593	0.0007477414010039753	-0.02847198311951452	-0.02558368596032051	0.003158809707921456	0.052645530274335425	-0.0004001452625075454	0.020091250235671494	-0.030096732209803738	0.04237667862276398	-0.01694429212750714	-0.05504015274136192	-0.02763674364523311	-0.01155859993850331	-0.010300267088316188	-0.020282265553325966	0.03339880284730254	-0.038411778757651734	-0.027894376904049077	-0.029885932338473736	0.007027688159816232	0.019916593953275087	-0.00022616450326439728	0.025028236980781257	-0.02838530017982209	0.020507469012737936	0.029689267018143433	-0.020526320159677886	0.008656185449793284	0.007045502084717805	0.0022133603560415445	0.0040174317750001935	0.0052416181323221	-0.010302088440287667	-0.012405192951628815	-0.02337517011336264	0.012226985519623793	-0.013076793616957825	-0.023791427287665617	-0.009044010878858788	-0.011194243713270938	0.016022124837965293	-0.00434323068048223	0.0018728113320772672	0.011669393670153797	-0.0011743877161230656	0.004825157670334959	0.011102553489035652	-0.0041398600699793855	0.00629030510723478	-0.002423338732529423	0.002281322122162238	0.00045577035332944733	-0.00014227188438671416	0.0	0.0	0.0	0.0	0.0	0.0	0.0
SRR19621207	-0.14798770390286772	-0.07553884440327222	-0.06686048589475893	0.041621495319423815	0.10088370535125882	0.10017760732811189	0.03930423609120373	-0.03774254789003597	-0.1043450777193849	-0.011610162110163696	0.038031360555579555	0.014380051948149364	0.026166382295991247	-0.03626373920736465	-0.14259392876167815	-0.03577451613213891	-0.07723473394904874	0.00015545687159031842	-0.05821826706520058	-0.054977986671742696	-0.045693309159876835	0.049296721597170905	0.055370104195940635	-0.024951167051207084	-0.02712993370834901	-0.02626111078787792	0.01913127405430661	0.05918542524205689	0.10051369697878892	-0.0265992504030424	0.08643370731849116	0.0053718145250241595	0.028656643445188975	0.05708957060029642	-0.03285465191812175	0.03053474581049473	0.04365003697937005	-0.009472239783045353	-0.04741010211948676	0.01803051061853578	0.0312128963654018	0.07976693016689372	0.04744096084322002	-0.074405731228127	0.09920512095786149	-0.05731490139092166	-0.019190855728811004	0.038940767659519065	0.03283489270173804	-0.009750012437201208	-0.01082457487470981	-0.00045745734146993857	-0.008936361076550138	0.030242672203713794	0.0566820182311	0.027103710851639654	-0.026725285249960935	0.00637015632772341	-0.05503341886859799	-0.03842194997749263	0.03434289142649251	-0.004445860478999405	-0.029506198933677737	-0.006480235291506306	0.022309954791154742	-0.020791216370173806	-0.012033360425465616	-0.002922971483382495	0.04121365491913804	-0.010486460766658563	0.012858367430954563	-0.012088832240314524	-0.01577898663562315	-0.020345967081970753	-0.0116061775899734	0.019989643101771364	0.008883076198555356	-0.006887319699155682	-0.018993641364398933	0.0002233811118967942	-0.021945578963682707	0.0034503852034468373	0.009873013042368645	0.011597110136321398	0.023684273126023028	-0.01074106828644782	-0.0008922164518510859	-0.002855074534835197	0.01652936108461367	0.012046337644749484	0.0029681988613639546	-0.002962818330196257	-0.008986183513111999	0.02258054452224235	0.0014015779530169572	-0.005027332407801591	-0.0003815466174212584	-0.006209691209832481	-0.003165639256832646	0.004247362090633549	-0.012111621666535318	0.0036975931369103497	-0.0028217001129034916	0.002524769959807524	0.007891831372310705	-0.006027446715850216	-0.0017476583219685191	0.001225017763731949	0.005974746719554934	-0.0007257456237118885	0.0	0.0	0.0	0.0	0.0	0.0	0.0
SRR19621208	0.024774532318001332	-0.15916637377127213	0.06749594405255407	-0.01581358795081646	-0.05756449680850209	0.07967205680484266	0.04036061016916016	-0.018046105892649843	-0.028173429397034235	-0.02225252286493379	0.006716103535313814	0.12104611147161798	0.05029067171701544	0.028667148634096258	0.07159775145707512	0.023936886902778075	0.027870758057091764	0.008690656983973517	-0.0014479735851962343	0.0408644838344638	-0.01357212164014719	0.02430322687110541	-0.0444206892695993	-0.02226527508421243	-0.04607739608040279	-0.018006665072567832	-0.019933426615633774	0.017329203275795048	-0.007290143181399615	-0.08211712410457789	-0.002232123420482114	-0.07795547725715925	0.0038706353263046624	-0.04306322542287531	0.08541287770159149	0.028168035106825272	-0.080056019564283	-0.022087296475667154	-0.0017826620554386979	-0.07959148354178568	-0.026169697815050814	0.013095133967255226	0.03807446604621753	-0.00976991603130922	0.11703963991603594	-0.003413301518936868	0.021554400755032583	0.03595511142128075	0.004018655157083187	0.05337006694760132	0.009663514222628917	0.000726105345603365	0.012122934568420679	0.009381066147264172	-0.017087305281789752	0.010855668505120515	0.047600812022814604	-0.03211661270601639	0.05835917611654119	0.00019763399819097498	0.0005332078226573284	-0.004636512234759303	0.01676487439048075	0.056260114569497484	0.008461737658607119	0.01511500594944277	-0.004230013834869222	-0.015546281908573429	0.0066695056436959195	-0.022251491493780237	-0.022952207023295618	-0.016332142378657356	-0.02241446184340488	0.0029099880487672416	-0.016586290851841146	-0.028941810992850037	-0.02339556205997252	-0.005372322886619501	0.003846465887588759	0.003282125008207706	0.013820599926760255	-0.003257358566644139	0.0008272260944559924	0.015277354881996134	-0.0012048028641909313	-0.016538227128179532	0.018874390092885385	0.007187333356105985	-0.013922633383195363	-0.016020013773399743	-0.022152759479598546	0.004017984244773312	-0.004964447820896411	0.012212783762917486	0.020241474002385736	-0.003395465960288329	0.01438500404828525	-0.0076633891757205905	-0.003931685380763193	-0.002818081987373394	0.01246891246775129	0.004830081571369687	-0.0025679727674781847	-0.011809054405145498	0.0013275938360599211	-0.009922907892904015	-0.0009630325833094616	0.00045125207570250494	0.006576112307498805	0.001246069927593041	0.0	0.0	0.0	0.0	0.0	0.0	0.0
SRR19621209	0.05992287006819705	-0.14344543393150647	-0.023773975476043978	-0.11052659488472047	-0.0406904241832104	0.10957812735542635	0.1122347722707552	0.11156772498511879	0.06573854982876651	-0.0032243384694960226	0.0014365081196487815	0.03302272278200954	-0.009020889300391815	-0.07463210824511185	0.037345316964213844	0.029291121461331768	0.11403239391251734	0.06952885939957963	0.0010775435836192038	0.0882401525121768	-0.0026860872415189647	0.02134375965997479	-0.00894676221882551	-0.01866140390161079	-0.026362555591288483	-0.06466033990976058	0.002020708426176842	0.00426914276078468	0.021713323349661296	-0.05291845819738478	0.03659865647986644	-0.07459902691645119	0.0018262003128014434	0.020322154690497893	0.0838402976889909	-0.0031482424188128987	-0.017674476004325135	-0.00751971174224096	-0.04125819322623411	0.004804031685442647	-0.017502875148287276	-0.05576160841863802	0.030867785765604137	0.00875778421192522	0.04653383072992246	0.01738936315117873	0.026552126358295215	0.020903696148963834	0.0010329246043745788	0.03551975014185171	0.07137568215651412	-0.026446613697040117	0.07913747919901201	-0.03154156614130973	0.01968629671735309	-0.023361581832126298	-0.0034179743139254423	0.008103426272572324	-0.02166091200347514	0.072033258356181	-0.009630360591994555	8.951335952615109e-05	-0.03192926065781149	-0.02012660163822959	-0.004320272325090889	0.019172214171703405	-0.012173920544475155	-0.008858902570720263	-0.016294619585265107	0.02351019653528967	0.025483994840046542	0.011655004110517151	0.004726927069129879	0.00136516334798023	0.021591929355892017	0.014296976404698717	0.030090107757221148	0.022372118248526647	0.02526439202381197	0.0259161467851903	-0.0010481971247274856	0.00766730905043503	-0.028937807196156743	-0.013666927708895191	0.015486595289722998	-0.01786799203628716	-0.01553512577737041	0.002775606341842717	0.034045947324994955	0.01854703106086506	0.00826750707876037	0.005626410769670717	-0.006393059653432508	-0.01777076683612895	-0.0032858149877978554	0.0027450474259298344	-0.001422074428057849	-0.0006385018878567676	0.004382206310782705	0.011248915692836096	-0.018586849684292278	0.00274761496439685	0.004304651532995183	0.0038275926271893685	0.005822914945232586	0.0031593235175834066	0.00018282874651741305	0.003546274646729608	-0.000926044510801663	-0.001359052139998222	0.0	0.0	0.0	0.0	0.0	0.0	0.0
SRR19621210	0.0985258888524323	-0.1729947178333569	-0.01220388188810183	-0.029266972477119235	-0.13662437546209538	0.08961522185741082	0.004560338186184663	0.05476034246008618	0.04017072924827283	0.040585219153624376	0.04379294626628481	0.06169237007501642	0.09128645490462087	-0.01403038111297846	0.11127173448645822	0.024234444207942882	0.06816503243557036	0.011234775231988172	0.023313452126252642	0.03970141429313161	0.0003473376367632125	0.04375208243068005	-0.004633573633019683	-0.014953430780306635	-0.08040161750898096	-0.10207884077920987	0.0832898383431502	-0.011132392552351983	0.027838539761241694	-0.02528315206678103	0.04492016406327814	-0.04999814446101439	0.04535918841988248	0.1014524648657281	0.09007496903893113	0.006920632517500284	-0.02380197194785028	0.03796197048990403	0.026348314785794455	0.008487367540157338	-0.05262809816164933	-0.04675362683741196	-0.003637039745629286	0.01216354374032544	-0.04916528590528003	-0.00703554553242297	-0.11451552595014997	0.03323520540241704	-0.07215704413456794	-0.04261483742394058	-0.059839689696735185	0.021714269657681088	-0.08061433581236274	0.030114120170449284	0.0032541283104260523	0.009239614498956855	-0.01884989543313736	0.038764262897167875	-0.034471198363928666	0.0028932418972632307	0.006118941448956283	0.004214654610119362	0.0488850097724461	0.013719432512184692	0.00839340521811756	-0.03054970500164215	-0.006966866260204882	0.017979964865971174	0.019065723601985985	0.009998843721083015	-0.016050245422249778	-0.01263156907174021	0.02069208331025612	0.006022254306939683	-0.016170788617892614	0.004567564061090367	-0.010476250130108365	-0.023613848958617685	-0.012272598530254818	0.0131485073448291	-0.010297329938195605	-0.0026297884112105583	0.013010215484740842	0.0013975481444401742	-0.00972997827161045	0.012893389072326532	0.011437466441353902	0.009188004301641014	0.004120010766725366	0.014333194766063262	0.0076367698861128305	-0.011962659572989533	0.0016895865676331175	0.00832096336490493	0.00248317254538643	0.008252767886382515	-0.0037143856282064705	0.002779228758483199	0.003094048033723378	0.002386018053075528	0.0037014544460317305	-0.00018555856425912838	0.001198288459800651	-0.0018058042256480097	-0.004844712597072077	0.00509089862270246	-0.00240483432457817	0.0007366298995532274	-0.004692111517155119	-0.00030054252449815226	0.0	0.0	0.0	0.0	0.0	0.0	0.0
SRR19621211	0.04612764299255652	0.033878895347239785	-0.0352159257023982	0.13642307956117208	0.023946781890267003	0.13021213747147706	0.030257020151364337	0.03937055387587755	-0.017766999585126397	-0.04366726363676222	-0.012098409367510242	0.04786263793173537	-0.06629072335598482	-0.039318271208200174	-0.021909754458456415	-0.03332152928607653	0.027625632851402987	-0.045731710303331424	-0.039280911690303816	-0.023684182109503793	0.024555707813615667	-0.05028348721024911	0.03849460313200481	0.021720537953910077	-0.06219701335519933	-0.020998267461527945	-0.046490180101353334	-0.02641478055740764	-0.010423236260054562	0.03465094575945842	-0.06004774638972211	-0.040693776336421704	-0.007443346509804007	0.03005034672242583	0.022670522579014092	-0.026746709644482898	-0.012333767968181523	-0.01506529253017356	-0.05487055901078633	-0.027917271594514247	0.06305836762926004	0.01785484960383207	0.04398154350429894	0.059224948919970766	-0.019734292031306132	-0.060612053628025075	-0.02556135792732867	0.05136575434876437	0.06294610299549377	0.00859466951280792	0.013970469251266816	0.024880973528456734	0.00591151860203797	-0.013487995515385823	0.010150302680576088	-0.015887279708433764	0.016432396312906175	-0.012853754410529394	0.003156550357044128	-0.00012003133904514853	0.004121358477755163	0.02570263828740251	0.03110342442680982	-0.0347606625601121	0.008529001684809915	0.007109645609915565	-0.02131125206252272	0.0352608966944582	-0.013448594198448748	-0.03961990284947254	-0.0006766666429147595	-0.014100002700654977	-0.005834496325125668	-0.0008148666038279407	0.03052911333185242	-0.017712761727184622	-0.0034483183982224135	0.0008892160077551206	-0.01014472442215189	-0.0012782309639571942	-0.0017175900429096608	-0.0032416400245820027	0.0003568618799705245	0.02440043351994274	-0.020446026362814156	0.018675889662186945	-0.002982568965633755	-0.002784062235196064	0.014511950066257898	-0.00911728603342216	0.005145869745526281	0.0029818032483742204	-0.006650974633889929	-0.0006687227916847162	-0.005808225756919513	-0.00810486517989899	-0.021413110079301644	0.01573760948644254	0.02476558349766248	-0.011166100552425062	-0.005953961435109581	0.026015135750097836	-0.012967064678774213	0.0005787787600216088	-0.011710157998349808	-0.0013602131996354552	0.013131378693416181	-0.00431918864897484	-0.007742749483271332	0.0003502947332934321	0.0	0.0	0.0	0.0	0.0	0.0	0.0
SRR19621212	-0.0007311515697018875	0.0335080323180914	0.053385776134387365	0.14641553614547692	-0.023910908496646493	-0.03595180686509174	-0.01065421273066446	0.04897749549154161	0.11330891808625512	0.013266064651756986	0.018679726580543114	0.01842216711553782	-0.07905560177829177	-0.025448320500826155	-0.008706225845757205	0.005718405503614585	-0.010789788804776533	-0.08573397454784623	-0.02180666072008365	-0.028407093756655916	0.04096262957980451	-0.04522861524449094	0.05121316081753572	-0.0542196848570981	-0.05295384457315244	0.01868896760137251	0.01056065505719698	-0.07097266749466215	0.027534706446245585	0.10898103126345976	-0.051428268634796936	-0.0011998931177603274	-0.025862921854203722	0.02531010389145324	0.03121112455381692	0.006988858684281314	0.03921513422480603	-0.007452300814987163	-0.027182928001825812	0.022189236495975522	0.01126740403430588	-0.04974355942375337	-0.000733764695783803	0.028646927321090622	-0.04688698298499547	-0.031055460459659113	-0.03102975976206029	0.0372716926830339	-0.030510228239855445	0.023746586810836228	0.019169649571364432	-0.016925527240222935	0.024923263778463885	0.0009835472186060432	-0.02303128376653626	-0.004059527898553748	0.020333918731810497	-0.08809398882497249	-0.0024627160624879655	0.002520260020929932	0.006138029363609802	-0.03484369624993823	0.009734519837129939	-0.010416840664703695	0.03684622249342889	-0.01669549360667071	0.00860187356752355	-0.014508270228178716	0.012142102979342496	-0.016481620463984364	0.017847177276408978	0.02109993868724367	0.02207199111676358	0.006648116008497345	-0.02981045812407441	-0.0020998821286888525	0.015246064633901074	-0.02075404152987435	-0.002414734195240589	-0.027264460479040277	0.0032813531765218656	0.0038376477583065907	0.004979673531865188	-0.006430162690857768	0.014245323805090252	-0.002425466007464721	-0.0001173420974352135	0.02935157593492594	0.019074411022028084	0.017910242009334148	-0.024959137673635737	0.0009493484399347616	0.008177937236893777	-0.002007523027420366	-0.012520283113576086	-0.00836827610970835	-0.00706572949061215	-0.01536999964858082	-0.007245314454674014	0.0023021649302288273	-0.000139381583211255	-0.0023155904823405245	-0.0003022039005671584	-0.013041800670210109	0.0005698934698575718	0.010505492817755927	-0.003372763252863043	0.00444368929410991	0.015078123322783342	-0.0001954074982376434	0.0	0.0	0.0	0.0	0.0	0.0	0.0
SRR19621213	0.09902032385593001	-0.008815401026923193	-0.04019542440376502	0.15289467874479168	0.024175025175496183	0.03946100458092135	0.03517576552188785	0.015549146739846566	0.06046742793485656	-0.016134216149456655	-0.031161115581557645	0.029070876829509276	-0.05402013841720514	-0.009928975437395697	-0.02433323417135853	-0.038827135794433885	-0.03583309622336074	-0.09008928205338469	-0.019199614956019562	-0.017474615285060748	0.05551622753747124	-0.07834993909842676	0.08146294264673033	-0.016864542581812126	-0.0923243682037013	-0.019267623167181076	-0.013142299064766829	-0.06409161716977609	0.016323106930556594	0.10648631802211972	-0.07233132956179521	-0.06814351009647039	-0.018448020054836138	0.00741566367731518	-0.001253464033063578	-0.00920992094601026	0.005865433938913402	0.045933099660767855	-0.043061627523888535	0.04275513412817404	0.00020279878204212577	0.028187109204796845	0.07154805878181213	0.014455677114720884	-0.005328755362788103	-0.044056182312227944	0.0035432745548169436	0.018185182155855687	0.006881436064532678	0.012979429811511735	-0.0031123612159735083	-0.003333511727740581	-0.04339517211481654	-0.0285366391242667	0.004454150253668783	-0.0014412851453883423	-0.006265501630780159	-0.012897496218972085	0.0005529414410353776	0.008362512892694053	-0.026686164497705656	0.006936044694375393	0.019976466634217746	0.005504199677808866	0.015552904709483293	0.04058144519617524	-0.002509901616240197	-0.02285403478573346	0.005715312544806471	0.009981118345084753	-0.0005894940129497386	-0.026308619079352037	-0.014328279016378963	0.008664524799611242	-0.004434852970109451	0.01745169702464194	-0.0060486420446752495	0.006048157928275688	0.008221361751683996	0.016792780066419703	-0.0024341888027323995	0.008020740384351356	-0.008915123969289823	-0.018756029355869525	0.00611795205187645	-0.027217476496193625	0.005853487696620113	-0.018400132665883483	-0.015593368832185601	0.001416426234888658	0.016385943812002916	-0.0026351488813526193	0.00925791203403655	0.0003537198568429029	0.02749843362897	0.007264131130276694	0.012141117466959336	-0.009283238944592114	-0.015171546862812683	0.006988615075103087	0.013645652407840322	-0.008515921343191747	0.015948725916144227	0.003862960766485226	7.221914321557989e-05	-0.0070193414423857575	-0.010684340456105165	0.0019348887110344868	-0.007923207385827653	0.00048048110872280886	0.0	0.0	0.0	0.0	0.0	0.0	0.0
SRR19621214	0.08327508569173647	-0.026698927515062535	0.07799063996784275	0.14445596965602645	-0.049196610524299494	0.010765057900178324	0.10782431557834665	-0.07696769594712896	-0.03734902128237782	-0.009053005450796086	-0.04068421329088303	-0.026687503701678533	0.12790995283358442	0.018092652338703327	0.11170801256743702	0.04423142429308694	-0.05276121420023764	-0.05285960107077349	-0.011856292456156794	-0.05736573261011175	0.014082766964640314	-0.00689928678660626	0.027450713943758042	-0.06776290788987278	-0.018576607265293414	0.02410506108450025	-0.028699085718368652	-0.03852554844867995	0.03104342268222547	-0.007375037093356417	0.05773198657683311	0.022103429980354403	-0.006331243455093737	-0.031389814907000727	-0.04222710762591866	0.03132272867741169	-0.040435084784238344	0.024782330878692416	0.04514473140247939	0.0282965591153834	-0.05060591667503497	0.0502962218747805	-0.0176592931199242	-0.06956826388733273	-0.06181936707908372	-0.024996866303863326	0.023406321930959276	0.016991900236574365	-0.009551043394657493	0.0013733559152298452	-0.02002032041964834	0.054618223326880176	0.038146119159718606	0.012564799675080547	-0.0036529161462037123	-0.015531300582194258	-0.0012760316257254213	0.002170476212700711	0.013520227533291303	0.03847688951187472	-0.01962128629707236	-0.017157553149380143	-0.0052295094596290885	-0.016940558617713285	-0.027260301322430916	0.01199665188264666	0.021385125661324896	0.0048309008183226665	-0.012198186686223345	0.01165524529263921	0.013645976566210732	-0.017152925383774838	0.014876997923290326	0.016245943351593527	0.01610296305436772	0.03072076835060053	0.02712303556324668	0.022099197588993574	-0.005759561027781049	0.02789669975132232	-0.017989142169012557	0.006682455548364482	0.03744556158005046	-0.01946735349657855	0.008072003549340664	-0.0020994746434470257	-0.011148375345759246	0.020563699186832266	0.009081986197158547	-0.00070321390359742	0.00010938121014987914	0.009712720692269276	-0.00521837630530853	-0.0019318389231570443	-0.01416400020333829	0.023362247590877988	0.015067687375263442	-0.030733137130548868	0.0056545470364710556	-0.0018070904206770803	0.003115146688244326	0.02113561838763004	0.011216778533610658	-0.004464844566509313	-0.005306179922236725	-0.002914420314875667	0.007410291931747837	-0.007249914925467695	0.0025015551376220886	0.0005026674818214262	0.0	0.0	0.0	0.0	0.0	0.0	0.0
SRR19621215	0.019079614657114406	-0.041869288424076126	0.08377692423233604	0.09681571127977562	-0.030441111209295553	0.028515608338165993	0.13372150328769628	-0.09259555734174023	-0.09128333634274634	-0.012394465668733355	-0.051225006541507405	0.03234706581129823	0.08137021309001831	0.052498848214983136	0.1271257627045768	0.04888417776912395	-0.020645325736905456	-0.0013132356592657783	-0.009475964914868152	-0.06109299705640572	0.03260433204298668	-0.031205188733301657	0.032536013979949874	-0.06769173723057419	0.022086348623782007	0.02144827631738823	-0.027952683967556242	-0.06059647949536421	0.023901618564965386	-0.0269431614161036	-0.00778908255530321	-0.025903859214599766	-0.03734820489125266	-0.009261368022744227	-0.02683959511915351	-0.013127733751138886	-0.05137006661547375	0.05444105172817855	0.004742503998728503	-0.03516372016246799	-0.03639067819139665	0.07395565171108266	-0.031048064588082926	-0.01407316445572847	-0.047155729260968705	-0.013924751167227198	0.016254203185344776	-0.03199648266923852	0.0015673257322336585	0.025344886447069	0.03644030552117319	-0.010942960061517685	0.0272967697296245	0.018110619711805644	-0.007481277812653302	-0.024090491118966523	-0.02017778261711163	-0.01497019722515596	-0.009110095231578299	0.009832599106570384	0.03755752600030049	-0.028424641909654425	-0.013124748811020232	0.0058638724805366435	-0.024877640319897077	-0.0005766408351007472	-0.024368815975610043	0.021038706257650565	0.033742351539622566	0.006783444352655708	0.0009970870702454473	0.010316484861031905	-0.008839210042793044	-0.001545936339110967	-0.017478305474429464	-0.0060701331709793705	-0.0067733246315588615	0.0023041600562150157	-0.016072239772439354	0.016888227559438255	0.011976167640120163	0.005680551072356793	-0.028624726184841326	0.015353496748434748	-0.012363142390132639	0.02088272726491777	0.01896284162270733	0.010811920345904094	0.01158016215626843	0.0076143789065110335	-0.009468165292822302	-0.0031801301112134206	0.014220243040933866	0.020245682953588365	0.003070677352296553	-0.005644924048773147	-0.013494010090771091	0.0333975858701937	-0.007790484189950762	0.001810725295176116	0.011629129860679764	-0.015890093634100946	-0.024819067983631142	0.0014254996739912816	0.006697330404469404	0.004525528733212175	0.0007116369098981513	0.005304924513817704	0.0016639037920780997	-0.0012850850290683925	0.0	0.0	0.0	0.0	0.0	0.0	0.0
SRR19621216	0.07071898626261744	-0.0888579430094605	0.14294710816022316	0.13770584426969854	-0.038087019608388915	0.04131596170566992	0.10238601202138613	-0.03622921429921218	-0.10356524951577373	-0.012743578496380865	0.003041596449786234	-0.011506164839250719	0.11960308420681309	0.04914320415964564	0.09762233623838724	0.03832813944244136	0.012580060276633104	0.015611101518029335	-0.005609761713872449	-0.05370459443395959	0.041129991977860124	0.023018701564245257	0.056152268614737454	-0.03771860588645422	0.023914299633347538	0.0324304382312244	-0.012237106411354419	-0.053678635695310194	0.02405379856008267	-0.030962668388093566	-0.01841114068459163	-0.02122019590020791	-0.04478059634944522	0.03544685092249245	-0.047001712940929245	-0.02957713742010176	-0.0075447098071418466	0.005448139318920245	0.04989744788822525	-0.0411111797726492	0.007500628669435634	0.02937301768910525	-0.007397737710434766	0.014503157327802618	-0.015936375288424533	0.0020820613867864593	0.00093607259382159	0.0004394442637628231	0.002342092171247455	-0.001200229013370306	-0.0122689420192699	-0.04672953040030858	0.014263482732848451	-0.05101357174749992	0.010178083974149153	-0.03417446544470479	-0.015347061649421546	0.025686056279441996	-0.021013735049157486	-0.016031436428743353	0.051384106579768926	0.02598166929361746	0.01545306431873332	-0.0019631492258771594	0.025004063855745235	0.0018717776583188999	-0.03805640113522929	-0.050306891008578956	-0.01608704449623837	-0.010003689451473355	0.04337437072601416	0.011780302302634528	-0.012618096130918148	-0.011731766968185188	-0.0011634846937611644	0.0005383448929000908	-0.004096488832920073	-0.028584929262923296	0.013894270205404576	-0.02895416818830192	-0.00026605044674892273	-0.023685622768630992	-0.015781219983520108	0.011530923471602767	-0.006288996482362606	-0.008207678259451687	0.009467151699442074	-0.033065269093387764	-0.018546465048868657	-0.0007673406038429173	0.0020815554329104455	-0.0016305726058330197	-0.006626969631333085	-0.02397033325849395	-0.009457015649688436	-0.008122553944906397	-0.0067537597006702855	-0.0053168135629608915	0.004697899696664393	0.006762522636899562	-0.02243691006503489	-0.00977629980226636	0.018698120431387397	0.007774367214064704	-0.005174746068075503	-0.002895665990551898	-0.0059656529089159764	-0.0008096025154772593	-0.005007055185946186	0.0010935537406915644	0.0	0.0	0.0	0.0	0.0	0.0	0.0
SRR19621217	-0.297822892628751	-0.072344768412348	0.0480442354689757	-0.04744522015629307	0.0332125568954627	0.007246100059241654	-0.0850450704163923	0.0025904189198021174	-0.06821116133421466	0.10075757590919225	0.06052338263059088	0.035058977758001666	0.011809302235146684	0.040119020020855184	0.08328038219993268	0.02697617495451943	-0.07915650073647587	-0.0484471162982623	-0.003161294995470463	-0.004170139903156854	-0.011287301376061331	-0.0351295892563755	0.013439692207805097	0.12246176481585798	-0.0210877742456237	-0.018302488702836343	-0.07292953625406402	-0.008415956558106712	-0.02014722951718208	0.014731447018689987	0.01369594221226198	0.017397661862508147	-0.05746505034003133	0.07108540624053554	-0.06236292376684274	0.004389383559860931	-0.01416340115761589	-0.018572120735980677	-0.019568342924303646	-0.005362942461934651	-0.03452229845188803	-0.041363445695911626	0.022340458400583622	-0.012828562057185298	0.033711041905903384	0.02703001748837939	0.0063751083256694974	-0.026033710816819728	-0.019090400747195153	-0.009931353065116506	-0.010540438444568655	0.03774039631734414	0.020527435990983414	-0.014089135680460437	0.016508062014430492	0.05558142074292603	0.005982543023791154	-0.05774409505816379	-0.017382674410578745	0.02404507102572325	-0.009490896215045187	-0.004491048662927574	0.02690255479799213	-0.012639695889661535	-0.04230630945860179	-0.016263086087507886	-0.02580024839498538	0.006880467382452025	-0.003045342237914184	0.027705134701417417	-0.0067358626999802435	-0.04912773260201531	0.04349794288699062	0.0037581784207455803	0.008214556123165578	-0.019757142616265953	-0.02414438173347812	0.031953445009393136	-0.019002603445873387	-0.029233975617181867	-0.012797484237236475	0.0013558117949839872	-0.025907008985574312	0.04082530333176381	0.019696906034873472	-0.03746800636121967	0.01875038175142786	-0.0007527694066525664	-0.00563587170149059	0.011231914289973671	0.021997045625575456	-0.002844070430897146	0.03555222080808819	-0.01647082344486217	-0.014652517056989655	0.007847125212997545	0.008873989547481077	0.003626268204841443	-0.0014792666883429455	-8.596543653129993e-06	-0.008743143754672889	0.004581587643056397	-0.00503183449927342	-0.0002866685198585175	0.0007052244509183577	-0.0004266397789533364	0.0018788373029768404	0.0018868156072643647	-5.754508688511506e-05	0.0006316756767758909	0.0	0.0	0.0	0.0	0.0	0.0	0.0
SRR19621218	-0.27958487481986727	-0.10495322161687261	0.060970149227678766	-0.11605958967001588	0.057017111684653274	-0.015152161461958106	-0.11015135028855155	-0.013020006407025586	-0.0332993340707264	0.08977640557202324	0.08326866951616196	0.07028017581776992	0.00457528901622999	0.03178117550575177	0.0666625757550398	0.04928056257477485	-0.09125712050487512	-0.06317579092485975	0.0029987229265581263	0.026912073052883814	-0.026562855377815813	-0.028667166892056232	-0.022432337726519223	0.08826540882748686	0.005541301788412549	-0.019115749882812814	-0.07136549494803691	0.004086909333913756	-0.05038407766338387	-0.04105716036464777	-0.036872670044703404	0.06079709764836037	-0.05152152735437539	0.039706274356428026	-0.043897139633282456	-0.0034481054551126727	-0.03811668893490106	-0.033743824575040576	-7.905550404928954e-05	0.022935705971027256	-0.023955384993634265	-0.03393905330552554	0.0304181431232541	-0.01086841308875111	-0.0005561773596964669	-0.04742640639321408	0.010758982374875872	-0.0014979391407717946	-0.04356197422395315	-0.01656808812009682	-0.011408700352065591	-0.02053499564822569	-0.0050286080259205074	-0.018918551531943783	0.0331672832815513	-0.0038900647209223413	0.023628964918444486	-0.011731395625953324	0.01350407932180303	0.01137405882638448	-0.00873767625079848	-0.009002187677887867	0.010516235129716936	0.010318232710242287	-0.004269131081306411	0.005748877828985061	0.0004439319644138311	0.014827968442107013	0.008565229842733007	-0.02088987722745121	0.03743158898559438	0.017251861864142157	-0.053884534983417554	-0.04225714786292092	-0.03860329526329217	0.020119534558421873	-0.008642426221749284	-0.023036444036720907	0.018627750537966125	0.013918031484126146	-0.03938557101985766	0.034397596167552176	-0.028811869411670736	-0.036671733564347844	-0.02837793757572288	0.018921257551149446	-0.03842420127097033	0.013847165382691744	0.0036776488731560847	0.013017946594769849	-0.008039952676694669	0.010559538595814393	-0.019834122753332357	-0.0012423372385651375	0.01197463964546419	-0.003463549591030201	-0.02007122484538471	-0.0036717200065177823	0.006586029068580096	0.0007377827619886879	0.011209785461338108	-0.0012081720056621784	0.007910856756243444	0.005155856511219542	-0.004392298268596188	-0.004508567890737238	0.0003749314683514202	-0.004147388022156822	-0.0004214810732020227	-0.0009333305207379104	0.0	0.0	0.0	0.0	0.0	0.0	0.0
SRR19621219	-0.2854401532726508	-0.07009258976841705	0.060209521434128624	-0.05895750566280373	0.021748330454085245	0.017093119242061455	-0.07010578191952622	-0.012812760137821755	-0.06953767894948824	0.04780882931839658	0.05493967863622797	0.04115963035843271	0.025096406760478522	0.027294303853706972	0.0558964642664107	0.043146923448323486	-0.09940332857987119	-0.062022885086182644	0.038481924095286384	0.029618459210773166	-0.011749662842338046	-0.003731883317276209	0.00817997980161858	0.11490079357881032	-0.0059107385732108325	-0.03328251695219332	-0.05564907117300921	-0.05532594389798996	-0.0360420845506749	-0.03842620779194257	-0.019428218138546213	0.016737640258571385	-0.030541367425852627	0.08457558721957363	-0.059330977402054404	-0.017632466846555554	-0.01240541600913859	-0.019801343624788435	-0.015525565048551269	0.03305636042186867	-0.032361557847783884	-0.029814182535799337	0.04044388712340699	0.0714954644125542	0.012778826935086427	0.014208075829202202	0.0001366797839328447	0.019996943815912927	-0.0011858428905941847	-0.01648461966116532	0.06585080346116168	0.025575409996755807	0.0017026209428311681	0.01850310605596303	-0.022891278438667433	-0.017316217348800154	-0.05253085801706023	0.02993030187472284	-0.03363855783433867	-0.011860103077439444	-0.002407418713273209	-0.020447623755656456	-0.025471126432234543	-0.015818391842186835	0.056409150733854094	0.03770378719457702	0.01544570719629235	-0.029778226769951687	-0.012732371919594804	-0.0068597022012675	-0.028425630821522174	0.03413998384872374	-0.007578514974864643	0.028561227191848552	0.0273344837982983	0.009698585403699743	0.041722045710324174	-0.004051029880776746	-0.005007233719821441	0.023146642241177164	0.054351499493660554	-0.02304969947225672	0.05455855252855006	0.002464454123344702	0.008415110023279678	0.01474689154021999	0.015331134671223169	-0.0017172379947712154	-0.006812230815981759	-0.014678739446656763	-0.010604555076941998	-0.004728965689562997	-0.007761389423070547	0.014320646522617603	0.003771908820247415	-0.008316770214970225	0.009681589504486629	0.0030207587719576334	-0.00451626622361714	-0.0010569099114083181	-0.0020130290859777596	-0.002475454616981312	-0.0007107272658688492	-0.0037493313013097196	0.006093969911791218	0.00232330980871352	-0.00032195639134091527	0.0021864399136884696	0.0002893767326072481	0.00012014848255857004	0.0	0.0	0.0	0.0	0.0	0.0	0.0
SRR19621220	0.1998323468004626	0.09607073380846655	0.09807950528689151	0.032666024412343286	0.02006503034863156	-0.016770685051569468	-0.004897751889862422	0.06620892888690999	-0.1042839380201413	0.09139313592932291	0.10847123574257996	0.06476926094571822	0.06295453371144463	-0.09213874322820971	-0.0498761136643631	0.023003215159476512	-0.056841912667408	0.1134724899701299	0.04891981578712106	0.041383798386267046	0.04044692536844801	0.06579250128924143	-0.017810900293819352	0.00759817236192465	-0.01597231109625473	0.04593878426409177	0.027077269307892577	-0.01634606680241129	0.029836471312855037	0.07426465323369533	0.008765409933287841	0.0022220317354691176	-0.020467603351355893	0.021626988090253388	0.035418053539111004	-0.03841061484893435	-0.03624635003596523	0.004517816146483298	0.009227112566552126	0.035180696925477525	0.03272773121668828	-0.018490128212118505	0.0013628317107961716	-0.05691498939096817	0.018958763918701375	-0.003201387981510726	0.02141886757273987	-0.0071330266074833455	0.04633653385038517	0.020059171800601662	0.020906106154325116	-0.013080898847784536	0.02047380346280711	0.03936954694936397	-0.01826367482247071	0.01196821031611637	0.0024160785514913863	-0.023742378560495884	0.007372521670703025	-0.02030974484484591	-0.0003608357044333471	0.014642479441060592	0.007353324684317487	0.0016065785188014506	0.018745846663094454	0.0003422784134214926	-0.01637188196618327	-0.005156913302416248	0.019413201689703043	0.011283643429838158	-0.014782064002874396	0.023275850381764794	0.003602235289826551	-0.0015711851207649498	0.007964544635940632	0.03255224496323075	-0.004075332273399917	0.013786919548946454	-0.010317955808253992	-0.028532914817459558	-0.012042455150826999	0.003716785544350671	0.002079757307152143	-0.026884603925670495	-0.010712956533578838	0.013426380796235314	0.011065056766629796	0.04457811242133454	-0.009613169427957844	0.009653423193817933	-0.009882624442338657	-0.0006879368433079973	0.014357352312791137	-0.003647266368271582	0.0017827767810720235	-0.002680351020359194	0.011151855019626572	-0.015109100234023629	-0.00016760615188694326	-0.005383912292180033	0.007829152946821162	-0.008781562098648063	-0.007954296668868278	0.015380328747788172	0.011176160244505386	0.002965212961515859	0.003694145539498925	0.000373445390164781	-0.016442524294664775	0.0007097674495933008	0.0	0.0	0.0	0.0	0.0	0.0	0.0
SRR19621221	0.07126519407332593	-0.14879589137123264	-0.023843394818035758	-0.09716451650693048	-0.1568178515618178	0.07142148157874796	0.139711500856818	0.07104247141027696	-0.018685680702199996	-0.06380970844729394	-0.025011018756297274	0.017916344384514934	-0.03445116741798281	-0.013413010777198257	0.06740686316531856	-0.012141446395300636	0.12090370159713858	0.04181991254133611	0.03687472629461204	0.07842425016155612	-0.008369010319553541	-0.05718189893500809	0.0012696054266785135	0.022180506446439992	0.004974111735645696	0.030104012015889546	0.02247919176354085	0.044072106752686586	0.08722775886974629	0.06989571801584832	0.011954337127736853	-0.014980442485032176	-0.018780578122016906	0.048250443820116284	-0.0945561815313875	0.010779505339415043	0.029140431678916574	0.011468013152846556	0.01839777460124918	0.005682906733690427	0.021990228499788274	-0.052006750766263106	-0.0015599292326593773	0.010549835723724652	-0.019846304196487915	0.0018842717115879304	0.005543439411632987	-0.031746656920550335	0.01072296846875338	-0.05575597625736845	-0.006247615405335613	0.001149261219782615	-0.02788636642432192	0.04609722932911211	-0.03492071817435298	-0.003906800460443299	0.0054261780388142325	-0.0017657724124829955	0.006699778680751133	0.014345624915246028	0.006915721463121326	-0.036805275660783045	-0.04461601822930596	0.018804769830673102	0.013768270342644209	-0.003661409648887889	0.01248532788736221	-0.0034404151319803564	-0.03470171413693057	-0.005597891061444241	0.0419787441256909	-0.03911160161043255	-0.028059607212465726	-0.040033149497426306	0.01041990127754176	0.04814854291615839	0.014220201367677324	0.0030569552976932595	-0.014471079241427449	-0.022606320851927847	0.007179560790207125	0.02843163837877025	-0.012539200617189885	0.002613522863490773	0.01773840270861425	-0.003004198250584076	-0.004894281217288784	0.006144148237449002	-0.025522720110762967	-0.03231935473185091	0.0013738915695933763	0.0037468496069174807	0.003960972994169001	0.0022356479383342826	0.0068723633265739366	-0.01835310370656856	-0.004598296865453334	0.005306778985549043	-0.017879679053203538	-0.008774815641750902	0.0031626603736134655	0.013768993700099867	-0.014370602799735026	0.005230877868419642	-0.001260987915333891	-0.0018832692690938415	0.0019081652738134327	0.0001522661599256468	0.002404498184139655	0.0015955993523653813	0.0	0.0	0.0	0.0	0.0	0.0	0.0
SRR19621222	0.23223190548204697	0.11671222687345646	0.043113440948410506	0.048149756347966755	-0.06438320044831371	-0.07121114881453244	-0.040568448200256756	0.07250673269347628	-0.0775539835928689	0.12202422504015478	0.06678855863327887	-0.021084188649030104	0.07355051272098373	-0.09116405422586761	-0.09953677944903602	0.05653258992089578	-0.0808400388238271	0.05008629320683029	0.09596335756352867	0.020833143562987926	0.05640547775990849	0.041598810888046664	0.006854907647211741	0.008739441265527833	-0.05435551583638675	0.06218123887287029	0.021419991206050967	-0.013273330821895607	0.06487122550739963	0.09193678180050018	-0.02824816447486518	-0.0018358321956573698	-0.05660791163247781	0.02615874607384662	0.002285564033285305	0.012765508351364955	-0.004818952337622591	-0.02011381732772876	0.038051552349676526	0.05640666544259564	-0.029106451422970726	0.049307171376512436	-0.010248360998411466	0.018936844027584842	0.023540518308599084	0.03522932579677028	-0.036520753923626297	0.011765451009172171	0.013602958070875085	0.004206011602300359	0.0030611304139733005	0.023787832088467072	-0.036104681397138606	0.002748134380105148	0.030626356353861583	-0.01945134134628619	-0.00470969159150823	-0.009021666869426764	0.04364596081597923	0.02973248502324383	-0.0065673349860073905	-0.016012059149933727	0.0031427410207164243	0.03893921310644532	-0.012185251262024408	-0.0033853394719162546	-0.007568501432883492	0.003440315647108169	-0.004157798818156597	0.004200723725879253	-0.023682344709961833	-0.026767850247563132	-0.01746041182225166	-0.0016776910624039913	0.017974173189881863	-0.0227372252219795	-0.022746216049800646	0.022176010001171687	0.03336941139604653	0.02235576675613309	0.013841954322188089	0.0073674112043679825	-0.024908079097702707	-0.01446721070062969	-0.004509924351141975	0.018056948204696558	-0.024256551816954144	-0.01665084612484851	-0.007643729592704335	-0.012503164498327819	-0.0056711641148201285	0.0058106969420879066	-0.011186540530907507	0.01191300461462331	-0.013224332529501831	-0.007649781359552069	0.010358725722642858	0.018998245208960676	0.008810101942686503	0.01795527953973955	-0.02297971746926239	0.003624435965533089	0.005308812250809893	-0.004476577060567283	0.003954078754986693	0.0067278176428881235	-0.00527055534734613	-0.0010545623662486237	0.007536117423602064	0.0003881420030610682	0.0	0.0	0.0	0.0	0.0	0.0	0.0
SRR19621223	0.07512179922691288	0.19237660557635475	0.13450786996848163	0.033685467267326984	-0.022459338815868847	-0.027229588489670185	-0.0514741098227371	0.045385956278529344	-0.04647044343187055	0.09167494278366319	0.07876482906626983	0.07677956907947422	0.026494234109002514	-0.0953460119655674	-0.06099960135762395	0.043723468887422554	-0.04797361863247733	0.13886742445579114	0.05781083574164859	0.026690011613099487	0.00633043158288966	0.07291194365376877	-0.03933102640527146	0.009559864642980014	-0.0033246161509757153	0.033442011828066845	0.030946142564287488	-0.030210099009219393	0.0010804654095067452	0.07066088911896565	0.017540019209379032	0.0052318897822867345	-0.004227845082168507	0.028990273408087838	0.05250376985698485	-0.03444305534228904	0.006965568234056597	-0.009177695551766478	0.035507333529426845	0.02715605858533476	0.016649551716219336	-0.03598479042764405	-0.027671928570842403	0.004483969246423217	-0.0030604812187992715	-0.006421760224236333	0.032198044033434826	0.026986631222702125	0.011221671676458845	-0.0019099503021114438	0.007881026877359778	0.0002127731010106734	0.027499537005834778	-0.030197654878972666	-0.016316997476125583	-0.021434150573964406	-0.006572939666481442	0.01932103773320045	0.015526594346390938	-0.0032835803506930375	0.020510511292768856	-0.011434196645200156	0.002952447975649448	-0.010600555075824358	-0.039664743760161936	0.012725447303626208	0.0042245915877839775	0.02732003005471318	-0.02876973933481823	-0.021627700287183207	0.03982003009548011	0.017075248297687685	0.0024622870712983917	-0.000805685921971168	-0.04122652124806149	0.009113939730027365	0.004845076031912843	-0.02646006790529845	-0.031890258695688775	0.026266022158497975	0.011173531370902757	-0.009565401245908737	0.023668460317963207	0.055020633280127115	0.013315135622789432	-0.013208904634290943	0.000800379312255642	-0.02590543122384558	-0.006916498184430772	0.012825478896942218	0.015103184929348491	-0.008150488822724516	0.008488493116903539	-0.006025877092952368	0.011120164229530662	0.009141959360477066	-0.016242568725461756	0.0018218172145802894	-0.006389484553182004	-0.00919830103064891	0.013629134121152204	0.011807849191781003	-0.0006228567474266931	-0.0031742093634759593	-0.00768208575154954	-0.014072982080627785	0.003396206567146471	-0.0013087372519846384	0.0057418867383974385	-0.0013303589608293796	0.0	0.0	0.0	0.0	0.0	0.0	0.0
SRR19621224	-0.031232316272137062	-0.1538462357650811	-0.016072172009952486	0.08991714960970455	0.07426615226637587	0.00910814965605198	0.026927492148875545	-0.07746336415136364	-0.07141824617163166	0.10117865767752023	-0.003739539030049742	0.08663389419761132	-0.053334343925373576	-0.001683720884069112	-0.004320756509458689	0.0014248065753003772	0.02428449587895095	-0.09096472864760408	0.05431713295996646	0.0069629400821756005	-0.014534033525637532	-0.0507063796980247	-0.012977667836344863	0.07541706459535515	0.005017981281772652	0.1103276242685648	0.0834518859281353	0.00636139983849464	0.033508336493366216	-0.007973214661588983	-0.015237886559487676	-0.0309448588619456	-0.023935191541890864	-0.08475194777236444	0.035543588510988766	0.036052056391648685	-0.019218623699003557	0.0003504023896631598	-0.041406185949634376	-0.04687929068180698	-0.01267142205490266	-0.037827406702322555	-0.007856660537912301	-0.012078959007294587	-0.00923533059396347	0.04460608820102953	-0.021531234864534492	0.02536678494577628	0.02387157343098705	-0.014488836387235552	-0.0018266838161263912	-0.058883078177723355	0.006349552538857805	0.042620328931687726	0.013403077933114052	-0.011783679755934685	-0.0073467876279238705	0.001893836812822106	-0.0026913254656229526	-0.01122295853366517	0.0021862487955990077	-0.004586331822045474	-0.014047934542128482	-0.020414028649471935	-0.027324421535401575	-0.0009456508703914263	0.05952085058749007	0.021835571734480773	0.0007032902270509061	-0.006443628991794784	-0.03187609321907895	-0.0002335045886875776	-0.019048040330777314	0.009166978793155709	-0.012454474837128781	-0.0063401219033582526	0.003136691245176388	0.0006154469086310419	-0.027283092858451378	0.018851815547963613	-0.003176847751135467	-0.006610770229579518	0.00431750837564798	0.009917314016511235	0.0019360988572348617	-0.006465033030747534	-0.016609889453478525	-0.01743155468608143	0.01383775065974444	0.002472945800991783	0.022567875780120695	0.026557996887038793	0.004871160413149002	0.006750670763484946	-0.008453707740250858	0.011985197861711172	-0.024180906135490825	0.00316247329917293	-0.028360285484076188	0.018509105975012423	-0.008624151506651192	-0.009049846997174503	0.009054138296724298	0.012197996354741008	-0.0005036069134859662	0.01864461360831718	0.0010534782516426683	-0.0032339719495116702	-0.003092027213143252	0.0011058860657055436	0.0	0.0	0.0	0.0	0.0	0.0	0.0
SRR19621225	-0.04389235492984367	-0.12546725663488154	-0.015943710563554845	0.10275057085512601	0.0781255410745277	0.04498552466650381	0.025151558399088194	-0.07851342127747998	-0.07731828731191774	0.09950737040282036	-0.03518855503757913	0.08416374563770869	-0.051193826470481076	-0.01863403220505973	-0.03921995866243164	-0.030804178417040425	0.010915289349459543	-0.09568032252828956	0.010488796029084963	0.05367831995221595	-0.024428899471875105	-0.010769272576062194	-0.03437912740646996	0.10018201870798273	0.01934934027483381	0.08487606137987178	0.12098849456913635	-0.001580793643183472	0.014375277303798407	0.03064078844069118	0.022593639729369855	-0.009631138035249379	-0.00741965371904085	-0.08419984701196073	0.03482846119720438	0.048066305250516916	0.0010455900199270668	-0.016152296905612304	-0.03874782547071852	0.01934088632501904	-0.011420259231488603	0.03331002447783029	-0.04083817310947704	0.002250571814798985	-0.019209954053481276	-0.022400097634730557	0.001453091581198958	0.0196065362265942	-0.002590561498717409	-0.017538848630948633	0.0029085343795515798	0.007055178786072208	0.03346907097363992	-0.0479279108233194	-0.012873988514696354	0.013823349193938184	-0.025903822391415646	0.0619274676008779	-0.027292409474354615	0.02681124703752983	-0.015221907577301793	0.034615644939595125	-0.012331973685371112	0.010019353951721788	0.0024525059821970847	0.005954209828485154	-0.004308800361976559	-0.008715898457543315	0.0011059185060740518	-0.001617932107221269	0.030398460034269333	-0.006422545449009773	0.029821813458110122	0.00016542432462461883	0.029387599998714417	0.007766632248474674	-0.0066035471311253	0.007909198132550208	0.002255095921298113	0.003733635117724686	-0.01142479722612741	0.0318899207580878	-0.010820223710673534	-0.006975594750009422	-0.02178335240333202	0.005158041198605357	0.02022934672548513	-0.0068069270992712145	-0.027764236458894444	0.01144455953912595	-0.0020930978407155297	-0.031177240233469246	-0.00041577035118315123	-0.017151638427396764	0.02316902653955673	-0.0089545575692058	0.005442477997259893	-0.00485912937041274	0.012134023072067275	-0.017264761551311104	0.014851313007599749	-0.008944837307764427	-0.011080784805987957	-0.010443766636547436	0.0059426307237613425	0.0024783830719081893	-0.0036340177136453657	0.002708978523255124	0.007650966379249614	-0.00017350761659771114	0.0	0.0	0.0	0.0	0.0	0.0	0.0
SRR19621226	0.03140647124357472	-0.20042320843109673	-0.008417379103249694	0.11109544484494518	0.02989873488408138	-0.01793417264481319	-0.004183319961666752	-0.059279418482136116	-0.0007333235801254813	0.11657985765378125	-0.030105328559537015	0.05350349980548597	0.04320891711776259	-0.0017820904690522398	-0.01969202487002764	-0.020174389564422433	0.032747960994842784	-0.11093600454918459	-0.013105902916432446	0.016700705876958398	-0.04691610063304969	-0.05506603656380132	-0.04977869917786974	0.06507995798867613	-0.0026790944919729987	0.09236226293498104	0.10243679501768575	0.0038702280661184803	0.03209840168280791	0.012866262624540811	0.023900715241714134	0.022115160310853064	-0.034740652748750385	-0.041801170703454814	0.03558248811722972	0.012589206844838607	0.016702388835088962	0.0012734781079329562	-0.008555071941322089	-0.02988635282655988	-0.02298362275802886	-0.042734490119658956	-0.029939893743397356	-0.007920215464588667	0.013407355804655744	0.00927651012688368	0.027937919544603413	0.012726327479162506	0.010835952650530561	0.0029177211059664065	-0.01699730924734114	0.012693552933670919	-0.008732196272118284	0.023979717440208482	-0.01693750756936787	0.01402996706079162	-0.0010380320182307038	0.007077920802325721	-0.0036041071751784304	0.008605032900061968	-0.0006989285315573186	-0.017810906412644732	0.004159773107978908	-0.0017633434930449461	0.0017709100285819106	-0.029894466170714038	-0.029535854259078544	-0.010194758057975668	0.001429278884387206	-0.005664302771169391	0.015053243764409103	0.02279050839438948	0.006347914701734391	-0.009372487779697698	-0.010664926713000041	-0.024421144010547197	-0.00026878742623908145	-0.019524571517202688	0.02522045189052435	-0.03527467866478019	0.016191875742156126	-0.03392296836920775	0.012815820557793215	-0.02192804510405572	0.016543035922143547	0.0024062104455150534	0.0030548087228611863	0.01816283115592926	0.014628024483928323	-0.024010680327161544	-0.01369996399761321	-0.0025510118381208823	-0.00903058772905188	0.004407013436238323	-0.01888718962147653	-0.0047858862173315335	0.01441080010912936	0.010942842831939989	0.022014178110937317	-0.0022577030173577834	-0.0065510449463278796	0.017699062486406864	0.01257427940920031	0.009646101618707383	-0.007384571973245461	-0.018212048368523824	0.002349261562609791	0.000610151594905894	-0.005649642158239179	-0.0008517029871825456	0.0	0.0	0.0	0.0	0.0	0.0	0.0
SRR19621227	0.2186127581496997	-0.06537538271089732	0.07878360659108889	-0.11841397805045434	0.25080363569805353	-0.1052155697503205	-0.027172896174246203	0.014595880900560057	0.08690962676541862	-0.15205245807886342	0.03973908409761502	-0.07027368841069456	-0.102762718279961	-0.032381045621311166	0.08094170620426912	-0.05823333807676783	0.021796485262314723	-0.01166552297334643	0.021199348384746436	-0.016656536115502045	0.0255699334744464	0.039225611453589715	0.0317853314802084	0.015514172216419956	-0.012269751902667232	0.06714388854786581	0.023009673528304853	-0.07959541206295076	0.07282795188210658	-0.012298949500611533	0.016279723801200817	0.01074881124638935	-0.00023650913464475954	0.009845804697972256	0.026353371264147517	-0.027837670029721318	0.02374168190526345	-0.03697434462722426	0.012887910426356676	0.001154757100543344	-0.05319349991880756	0.0155527370976345	0.00548054673153295	0.013743753969675187	0.017994259765442305	-0.007040449214049502	-5.524251483206614e-05	-0.006409761395622466	-0.014243882471034718	-0.02947311811490092	0.03125464791550677	-0.015692149065999753	-0.004498600100214099	-0.003312854113132506	-0.009850274574989451	-0.0015765822368154483	-0.007651255135747683	-0.002973239045693943	-0.009893742898505396	0.023411966737009713	0.00841994079063277	-0.01898363101198374	0.007382698723763458	-0.017802254760597488	0.023850515024819947	-0.0271016972017363	-0.012150463756147619	0.007512614299373797	-0.0071224281929853405	0.020508694184958005	0.000647662858318773	-0.019005495115528393	0.011112680205236482	0.008635141424291339	0.0061752269187361495	-0.022160557232021667	-0.006983370054088317	0.020762324446619244	-0.006354134384144213	0.009074622652786832	-0.022374187001506163	0.008108271980569666	0.021630338938561762	0.022041146872882125	-0.01728345932510663	0.0008854375706488782	-0.0009798712187124134	-0.01494575555148405	-0.010064245454447876	0.013416105812333661	-0.04376978679652362	0.00895466414633701	-0.009972501532062252	0.0023434049556373326	0.011055534150949746	0.01989326437433735	0.004215705364273958	0.0014825253729298493	-0.007336228548448816	0.017829938664808705	0.006564146916755441	0.0016684484129930355	-0.0045726656143273365	0.030779827021640532	-0.00047063067491898527	-0.016918408947814954	0.0043646227974165385	-0.004840629407973221	0.002333680945788142	0.0005034745325482515	0.0	0.0	0.0	0.0	0.0	0.0	0.0
SRR19621228	0.20300137075289756	-0.10395641621314176	0.10683240809798174	-0.10880812624396209	0.2269621663526127	-0.1333402191145463	-0.06462960487181524	-0.03050777481599145	0.04719162674626858	-0.14195414771855308	0.06383848281042845	0.013068699776491251	-0.0742850938130361	-0.029204622276957415	0.09797564779723732	-0.11812336985309407	0.0069074450632663365	0.007518491097037766	-0.015869529205477673	0.015173665838789664	0.055587331920808836	0.04016417391378273	0.05425355269857811	0.03048083451340568	-0.05189808585094907	0.08325697120639476	-0.008615666191809665	-0.022987537545298208	0.019379160732168808	-0.03414253566709445	-0.0014346273825393008	0.012046024524482469	0.02795547641958339	0.016497596937255634	0.02910750785123237	-0.09123592120226394	-0.045729446823935566	0.04659331403382835	0.01546288802291655	0.022306123445940282	-0.033700090202144276	-0.017172258874020404	-0.02396061537379623	-0.023062417498178996	0.011814684434633177	-0.031136662420511548	-0.004592710609726095	-0.026323821200486725	0.025249892038964643	0.023239592996388832	-0.05161480940636286	-0.021602164828631015	-0.004817235242318726	0.006478102535775597	0.006042305671583439	0.01630463662866718	-0.02415845501331699	-0.008301800426050833	0.0028519389839404595	-0.026826264614693087	-0.011390600932949203	-0.0011363489347614502	0.0010541170483707525	0.011015319385027034	-0.03438645573726039	-0.0013060135890863305	-9.365340784852384e-05	-0.0008413326277984393	-0.017047172189064343	-0.019264181641426837	0.006020284920755163	0.013493833795639879	-0.012723159921661266	-0.02088656043516786	-0.007053482195356638	-0.006991288359813452	-0.016897595494418903	0.012299901902920993	-0.0034668181007092088	0.017426483613297978	0.027705840827898516	0.0007217696505244632	0.013389383647693567	-0.013012077448428777	0.00723526429540724	-0.013586705952061217	0.019196799137612058	0.011478033671272718	0.002178024243718545	-0.001608152478871011	0.02735877037657321	0.009080057893668158	-0.021141424324007826	-0.005115579153631723	0.001869992378574563	-0.023614712673345816	-0.006189138935228246	-0.009720624714550145	0.004615993175905271	-0.02184434020136523	-0.011044933031802087	-0.0005804795547649513	0.0017718472941877297	-0.012218228639768871	0.0031960673367782823	0.012173286250608716	0.0011220880764020388	0.001992164790856718	0.00029471378776539593	0.0007925642398834429	0.0	0.0	0.0	0.0	0.0	0.0	0.0
SRR19621229	0.2270791763239495	-0.07589661569233763	0.1775459891778179	-0.07307344979423183	0.1517099053487141	-0.033207114644747425	-0.05223404111016486	-0.04039819053768245	0.0517572783303535	-0.1285008764449326	0.06742371352105825	-0.02152425154045848	-0.019049603949759873	0.008674562426875707	0.05066749069929677	-0.022541280895792378	-0.013272712575807855	-0.05693099350848156	-0.023681056691899273	-0.016686831450062098	-0.020515142937551634	0.056266449664512726	-0.015592253109312062	0.03716738545414142	-0.02856986591408232	0.11171520899736544	-0.010177256106175326	0.02029441720986874	0.021999422892954142	0.018703966540181752	0.05675252952744744	0.04676412224435446	0.09555940476557888	0.02049900562860918	-0.01281796996763035	-0.006734652074739756	0.026566260088283243	0.01498343525541246	0.004419848678752298	-0.005267011826749064	-0.008185130814602298	0.0226971678404528	-0.0030720362481648704	0.01302424236696151	0.022390890752119176	-0.022740729173381262	-0.01935678815788	0.030722982756670087	-0.040580457526293176	0.013675419382833467	0.03504545557538763	0.03188992003195408	0.019742055999848292	-0.012659343858261361	-0.011375858960233033	-0.04622129130003911	0.05935768119923526	0.03395892087056373	0.012972963305481654	0.023674270673106793	0.004880337185573874	0.010714784288815182	-0.009533344556720278	-0.0027448048849181817	0.004033028472570547	-0.007267143609981995	-0.0019334837309861212	-0.0028789511929475857	0.013905325840089845	-0.00046180817131303995	-0.026303975582479103	-0.018635334833488344	0.017293450505884923	0.004701185981057405	0.0036246942733045473	0.03324991274375441	0.01860953054856509	-0.014755875151750338	0.007533360484548027	-0.02062503235550068	0.004681264634322723	-0.004465444540696635	-0.02716670731996088	0.002761524051595533	-0.003594726781470234	0.017199829282001356	-0.028642941942853047	0.0032799805709226126	-0.0073170554034557855	-0.014798548162021322	0.024155964385614626	-0.013384007819540453	0.02711362742138579	0.007440795685246027	-0.01873588493313003	-0.0004375972099373499	-0.007394758099477804	0.012812747717685044	0.0014173221028153382	0.0017305247067988898	-0.004204820319128207	-0.0018203181258396543	-0.0003663717705035319	-0.018719916157569447	0.0018980288418447655	-0.0019798405779643366	-0.009770983930696569	0.005903964583842762	-0.004542086512218097	-0.0013256395241557813	0.0	0.0	0.0	0.0	0.0	0.0	0.0
SRR19621230	0.10719381385036365	-0.05915059407135674	-0.014718305613496846	0.0879264951989173	-0.06098936701021198	-0.06391977039767517	0.051022744216359106	0.00339693805110311	-0.09703026080821359	0.0020454393575473234	-0.00725242463269188	-0.023181117753612857	-0.03723359859794668	-0.021984764478791163	0.06805640488319907	0.03289029999830481	-0.03852958268436668	0.029503196220935148	0.024740278889406237	-0.02020116677649053	0.06631771707720656	0.017186726483581247	0.008931977861019857	0.007306934577711007	0.0856773368718982	-0.03789176515259455	-0.02948741404796954	-0.005757846137623586	0.006708598645945157	-0.05528567976470222	-0.012314513771497497	0.05466969623826459	0.043606803396390545	-0.0008354741206767007	0.004052198073465503	0.015989382513635946	0.03006520497204079	-0.03196955661181423	-0.06432502293597153	-0.01764884439254505	0.07992651900428017	-0.03405761446827189	-0.025094354694954114	0.060099143045709166	-0.016800886067474378	-0.029008985342392567	-0.0321779909246394	0.008376113151203504	0.021588356439652193	0.020350332971275226	-0.03276837765615216	0.04137896752808788	0.030598679162099327	0.030517962077119255	-0.02024752438489323	-0.02626873573318435	-0.04770416656084195	0.0042004987789125816	0.008613068170677767	0.02287302757145502	0.007617949887417355	0.013168104274109386	-0.018431267315835623	-0.01902681985508081	0.0210310715643384	-0.08010109820395167	0.0067599763884537796	-0.00860127541219332	-0.03559386311914468	0.0064993371768677834	-0.015069918852735424	0.02420329117989998	-0.03847146482575014	-0.006066373122728109	-0.024980843927738673	-0.04473168468272408	-0.015734988649262698	0.03643006608203888	0.0025950081596824606	0.017059583314080133	-0.031020201164757167	-0.012476939943773583	0.0025264193714606706	-0.010661601402565593	0.0014682602248152212	-0.018248920311754825	-0.015596289958420677	0.016593933686612196	-0.0055036075685697405	0.0008852912006442568	0.015204820821544127	0.01249784410325534	0.009620267347996182	-0.0034514096782937704	0.0010335726516346204	-0.004637256722395338	0.0029472367876708966	-0.007450655828012181	0.004760943679157006	0.004768581562539952	0.012916638923771656	0.010767006334907252	-0.007963362097032288	-0.0045432830928173445	0.01008531240799478	-0.0070689997577387895	-0.012903827581258472	0.007695475601921175	-0.0010187493211588287	0.0004195868292170749	0.0	0.0	0.0	0.0	0.0	0.0	0.0
SRR19621231	-0.03198556667105653	0.02343319469102343	-0.1659136395708942	-0.11191217990466701	-0.21107806994058476	0.030237085188178168	-0.05034396460664706	-0.17689478623418906	-0.06438385792164689	-0.039211961486394956	-0.021207547833361186	-0.060811024982778586	-0.014993167745536821	-0.05719518678238647	0.12764950950237447	-0.024806953658735843	-0.04942310298186271	-0.0031530851551148298	0.09960177091428302	-0.08716716466883069	0.15848008966142518	0.00695174591996198	0.1919734066263703	0.09414464974751499	0.010642360696553506	-0.08954987151423313	0.15398338582306476	0.04503822821249009	-0.11066603661920203	0.0736918439873112	0.10160556093420228	0.07085248576947333	0.02485546676274508	-0.03694770475521537	0.07590103070588441	-0.09155716068428854	0.01883884927573522	-0.03595264041120179	-0.049550845129683344	-0.0272126474635734	-0.011902751424268582	0.03008785116110405	0.015312807684210186	0.011943066328077635	0.015444581821082036	0.020950335996287824	0.04378608122214464	0.007016286674060305	-0.0066502009870447795	-0.010575921756140224	0.006064302185459308	-0.0037294022684541874	-0.0022477902653011243	-0.006800429858716506	0.014413391707670854	-0.01199143123200011	0.027007424505966535	-0.014967636262035003	0.017595799909624312	-0.0046524919045769055	0.010973872012394381	-0.006433032056602495	-0.009694384766430555	-0.0022250389706592404	0.0007313429666340162	0.019362058398670026	0.0056836743293466	0.0024661186742825636	0.012001872518862053	0.0012424793687318184	0.010841032263230726	-0.005636405596584701	-0.0003621404458881792	-0.002127662461570277	-0.006539616084647821	0.009235105158040314	-9.556508044846145e-05	-0.006013792095584484	0.0006418040407720553	-0.007176613937147466	0.006148666918707337	-0.002507140093144431	-0.004834932027792541	-0.0016649369150640377	0.0029355818656207826	0.007154891520694678	-0.0014832707913455755	0.0027235398150341258	-0.0014143959815844094	-0.004458272953022908	-0.0014814618403711276	-0.0013591570022836242	-0.0024473200496606027	0.0004496258838325613	-0.0016733627084332195	0.0009439962120694129	0.00042936989355420104	-0.0014880153243918748	0.0011985400588286701	0.002153350689929052	-0.0029622140049496344	-0.00032233371469051825	-6.659789418043332e-05	0.0017533426063923816	0.0007041685943482156	-0.0016913687903344111	0.0010275529004426542	-0.0008480834303292897	0.0006990730564794686	7.823425541269234e-05	0.0	0.0	0.0	0.0	0.0	0.0	0.0
SRR19621232	0.1334195889520295	-0.0685551068281403	0.044914873949970936	-0.10380409834929072	-0.116628723102475	0.08486250371061582	0.05894203137971589	0.10699935514324307	-0.01751134706455148	-0.060052068929517956	-0.042220911007812834	0.027459764437797	-0.09013949936250978	0.015515873977892124	-0.008671727837934752	0.02479991885263485	0.015102977394708781	0.04396649998979942	-0.026599773283500727	0.12727628184555254	-0.005373813618371728	-0.062121367784527155	0.027813837339289837	0.014562114425096369	0.004507426423721449	0.06396737390491262	-0.03329220409641145	0.06117019794130601	0.03775883034582181	0.062156059094398766	0.017728073703845614	0.050659334572604124	0.03902999121915401	0.001240187258895124	-0.13576207207524893	0.01495236078178071	0.01677013128115048	-0.024224370711502977	-0.08245040259205193	-0.04538780818631493	0.003045556674151107	0.06931231092259739	0.03167859172724294	-0.022425837084274397	0.03541706273390477	0.04570475751108807	0.00040267325277742387	0.03697819218773804	-0.013058436411527612	0.004170850106201704	0.016535036184956386	0.029849848367056814	0.013683357750494582	-0.016962282671381036	-0.03571216418098175	-0.012672994033718776	-0.007929814266353372	0.008466080060786616	0.05910978280856931	-0.03397249769612443	0.010605515458720304	-0.025548074399905894	0.04637010295297948	0.01845625592837043	0.0003597923751886618	-0.00402290541489553	0.015876615443019586	0.027342206449447144	0.005040617034123416	0.03783649570339423	0.010239421150730264	0.018249303120144562	0.008805440091936999	0.003249883095119843	-0.017291630952103502	-0.029439227895650424	-0.006823151866486931	-0.018891292385197083	0.0025649222176751135	0.021533600619828185	0.0011375193880017564	0.0043162960786866005	0.029320347001052273	-0.0158546049220353	-0.010897360219188081	0.011136130794897363	0.03945514948944525	0.0074068763463566905	-0.011872692302955524	0.01882019694619413	0.012669328063092285	-0.00735669886278968	-0.00043709227459709103	-0.0077444057374887005	-0.005649247126451998	0.016624320583978395	-0.018813441021515043	-0.00963267271802097	0.014113494206635779	0.007671975940138789	-0.004737726306412388	-0.006502170320672767	0.013290387325852835	0.002122369822732342	0.00010157362035198243	0.0037121022312161965	0.0004991597675291613	0.0004977751732445129	-0.0023210778634482018	-0.0005467343075608738	0.0	0.0	0.0	0.0	0.0	0.0	0.0
SRR19621233	-0.2373705440790885	-0.06661519568463183	0.07925279614170627	-0.16911778205530578	-0.011734786024894014	0.07538370725882743	-0.03931655516930136	-0.010712120498698033	0.019144120407053235	0.09046677792827212	-0.08793192659236257	-0.048877150607851624	-0.005629145332196674	-0.18396119418103676	0.0335121470202149	-0.025577230668055406	0.0381428155339367	-0.09296208832441534	0.059483069292648606	-0.009947989193963641	-0.05548372480774426	0.034550507125660476	0.026972685579398317	-0.08353941048794071	0.06002088966229908	0.035179515942855726	-0.008404887817251164	-0.024783145473910678	-0.024849876254357715	0.012143286936880486	-0.04963873107147261	-0.01820441763443303	0.04765637380674674	0.043155400960745494	-0.018911476984949434	0.009564151454051801	-0.03915336913358273	-0.0013188346639420275	0.0019874004100759435	-0.02138552953153163	0.011508236026518749	0.03857214694198163	-0.03113544663863246	-0.004961256048597571	-0.0029818721495187025	-0.03367125502261013	0.040495633531428855	-0.0007255360021634489	-0.0040344361126114486	0.022519674662304163	0.02305645976773422	0.014034383956911737	-0.042296110108561595	0.01086503180814363	-0.016873913420022885	0.021891815303813553	0.0020005981658360356	-0.00035434559040570035	0.01579466213523299	0.0009627435738237713	0.026579131819062348	0.020079951518660266	-0.012891241273894178	0.009118962285075138	-0.003126549741011901	0.0033931794761946723	0.04173549902095356	0.014068380115694694	-0.05545724739754238	-0.04094948014914223	-0.03554231884017935	0.015879728722584367	-0.01033698872945496	0.05991610986942499	-0.040650344172154594	0.040362851960044924	-0.016998005870941486	0.0245939221285476	0.007404874743598148	-0.018051421955615987	-0.040458997848281206	0.0024415470123787986	-0.00848659579746829	-0.011276708623946396	0.001621430406534163	-0.014186319889704015	0.018975210899785804	-0.020494131593599065	0.0005285253377209658	0.013159811036787964	-0.007580693750738999	-0.027405114812649265	-0.0022086316276940347	0.007182251122296495	-0.006312680715713601	-0.010338263793832961	0.00821300513501276	-0.0008721707596569477	0.004205431662361537	0.002236091623337853	-0.015344336778521145	0.0028001723977113843	-0.0011842129735174002	0.003937285504349349	-0.006182931979685136	0.0030583610358617544	0.005823167103602649	0.0049554657033767675	-0.0014615831216704663	-0.00029785189369226604	0.0	0.0	0.0	0.0	0.0	0.0	0.0
SRR19621234	-0.23349148917361948	-0.10185939939031581	0.1619856021675773	-0.15269101910504201	0.021267538602935395	0.02593077641627946	-0.02217088201213364	-0.029925246300051046	0.021589288807796255	0.0801930925586997	-0.0770503268434452	-0.023714482171091997	-0.009029277206165085	-0.14724982303519937	-0.030945331377173254	-0.04390801618888003	0.009718807132077095	-0.03631810730627868	0.05628840301499803	-0.0203289830517533	-0.036061519208019185	-0.01131751720898361	-0.02658216174053623	-0.0807893874388986	0.042034412483990514	0.025187970844014626	-0.005950750732113337	0.008403726776527032	-0.05995316818063248	0.006819245896298843	-0.05168500009194305	0.010455483692814658	-0.005118824730876944	0.045984758864015506	0.0036548947940979798	-0.0070473940235077125	-0.01619559238328275	-0.04392769511807308	0.014654045185987433	-0.04510051847320965	0.04263808513200915	0.035870955137932016	0.017497735168498993	0.02378093847625508	-0.0049578747614481096	0.02960386555130607	-0.012796791425753427	-0.0052487530382036756	0.0195457568299664	-0.013469126571785894	-0.06802954637239783	-0.07821090944865067	0.005480312608766583	0.03453476604980606	-0.03821271886512069	-0.0018834938790730433	0.0037718871132128994	-0.03042353797477724	0.014778312988662652	-0.0024594679163051788	-0.006928747806136055	0.029205284424409724	-0.02550267756697858	-0.03371344191146828	0.006450350584142174	-0.016405596494646596	-0.08384248239733498	0.03374712290990278	0.03345029257785642	0.02425745119817272	0.04415650661760449	-0.05306844449648773	0.017584446974743807	0.027788971884164584	0.0065782277860170005	0.005135286661574306	0.028488480735392067	-0.008217159787808397	0.021724830035035985	0.027853421343333844	0.013962949769186609	-0.015371983133855079	0.022552548148760246	-0.011171258895663783	-0.0019801339343188287	0.015390023971906747	-0.005195168819989102	0.0068136975480851915	-0.001132740202432521	-0.0074360536262759154	0.01972094606823835	0.018702677130433547	0.005449543942971612	-0.0010109668868566433	0.01231870939475272	0.006547994015844531	0.0067881508505830785	0.001748315800577183	0.0016546874148886993	0.003303879447481584	0.005493583995962704	-0.007518516040020249	-0.00017840980924262016	-0.009669419452919513	0.005149148546980343	-0.0016493385176018093	-0.00177323396906406	-0.0016196041354354272	0.0014860204431505232	0.00023631198080415272	0.0	0.0	0.0	0.0	0.0	0.0	0.0

Biplot	0	0

Site constraints	0	0
