Sample	0	1	2	3	4	5	6	7	8	9	10	11	12	13	14	15	16	17	18	19	20	21	22	23	24	25	26	27	28	29	30	31	32	33	34	35	36	37	38	39	40	41	42	43	44	45	46	47	48	49	50	51	52	53	54	55	56	57	58	59	60	61	62	63	64	65	66	67	68	69	70	71	72	73	74	75	76	77	78	79	80	81	82	83	84	85	86	87	88	89	90	91	92	93	94	95	96	97	98	99	100
SRR19621115_1	(0.0, 0.0)	(1.0, 0.0)	(2.0, 0.0)	(3.0, 0.0)	(4.0, 0.0)	(5.0, 0.0)	(6.0, 0.0)	(7.0, 0.0)	(8.0, 0.0)	(9.0, 0.0)	(10.0, 0.0)	(11.0, 0.0)	(12.0, 0.0)	(13.0, 0.0)	(14.0, 0.0)	(15.0, 0.0)	(16.0, 0.0)	(17.0, 0.0)	(18.0, 0.0)	(19.0, 0.0)	(20.0, 0.0)	(21.0, 0.0)	(22.0, 0.0)	(23.0, 0.0)	(24.0, 0.0)	(25.0, 0.0)	(26.0, 0.0)	(27.0, 0.0)	(28.0, 0.0)	(29.0, 0.0)	(30.0, 0.0)	(31.0, 0.0)	(32.0, 0.0)	(33.0, 0.0)	(34.0, 0.0)	(35.0, 0.0)	(36.0, 1.6666666666666665)	(37.0, 1.6666666666666665)	(38.0, 1.0)	(39.0, 5.333333333333332)	(40.0, 19.999999999999996)	(41.0, 26.333333333333307)	(42.0, 31.66666666666662)	(43.0, 36.999999999999986)	(44.0, 53.66666666666677)	(45.0, 77.66666666666664)	(46.0, 152.3333333333333)	(47.0, 219.3333333333352)	(48.0, 606.3333333333323)	(49.0, 1564.3333333332569)	(50.0, 3349.666666667072)	(51.0, 5749.6666666659075)	(52.0, 3508.333333333811)	(53.0, 1550.9999999999266)	(54.0, 1157.6666666666827)	(55.0, 722.0000000000122)	(56.0, 355.9999999999972)	(57.0, 2518.0000000000273)	(58.0, 2522.3333333333626)	(59.0, 399.3333333333281)	(60.0, 121.66666666666602)	(61.0, 40.00000000000001)	(62.0, 22.999999999999986)	(63.0, 36.66666666666665)	(64.0, 126.99999999999928)	(65.0, 44.66666666666671)	(66.0, 15.000000000000009)	(67.0, 24.99999999999998)	(68.0, 125.99999999999929)	(69.0, 279.0000000000016)	(70.0, 36.333333333333314)	(71.0, 9.333333333333332)	(72.0, 1.6666666666666665)	(73.0, 1.3333333333333333)	(74.0, 0.6666666666666666)	(75.0, 0.3333333333333333)	(76.0, 0.0)	(77.0, 0.0)	(78.0, 0.0)	(79.0, 0.0)	(80.0, 0.0)	(81.0, 0.0)	(82.0, 0.0)	(83.0, 0.0)	(84.0, 0.0)	(85.0, 0.0)	(86.0, 0.0)	(87.0, 0.0)	(88.0, 0.0)	(89.0, 0.0)	(90.0, 0.0)	(91.0, 0.0)	(92.0, 0.0)	(93.0, 0.0)	(94.0, 0.0)	(95.0, 0.0)	(96.0, 0.0)	(97.0, 0.0)	(98.0, 0.0)	(99.0, 0.0)	(100.0, 0.0)
SRR19621115_2	(0.0, 0.0)	(1.0, 0.0)	(2.0, 0.0)	(3.0, 0.0)	(4.0, 0.0)	(5.0, 0.0)	(6.0, 0.0)	(7.0, 0.0)	(8.0, 0.0)	(9.0, 0.0)	(10.0, 0.0)	(11.0, 0.0)	(12.0, 0.0)	(13.0, 0.0)	(14.0, 0.0)	(15.0, 0.0)	(16.0, 0.0)	(17.0, 0.0)	(18.0, 0.0)	(19.0, 0.0)	(20.0, 0.0)	(21.0, 0.0)	(22.0, 0.0)	(23.0, 0.0)	(24.0, 0.0)	(25.0, 0.0)	(26.0, 0.0)	(27.0, 0.0)	(28.0, 0.0)	(29.0, 0.3333333333333333)	(30.0, 0.3333333333333333)	(31.0, 0.3333333333333333)	(32.0, 0.0)	(33.0, 0.0)	(34.0, 0.0)	(35.0, 0.3333333333333333)	(36.0, 1.3333333333333333)	(37.0, 2.333333333333333)	(38.0, 2.6666666666666665)	(39.0, 7.499999999999997)	(40.0, 20.83333333333333)	(41.0, 31.999999999999957)	(42.0, 32.16666666666663)	(43.0, 42.00000000000002)	(44.0, 54.166666666666785)	(45.0, 63.00000000000018)	(46.0, 92.66666666666643)	(47.0, 257.33333333333616)	(48.0, 561.6666666666606)	(49.0, 1661.9999999999013)	(50.0, 3950.166666667345)	(51.0, 3428.8333333337746)	(52.0, 2836.000000000172)	(53.0, 2358.999999999955)	(54.0, 1416.3333333332905)	(55.0, 1011.3333333333784)	(56.0, 678.3333333333405)	(57.0, 325.9999999999989)	(58.0, 160.3333333333335)	(59.0, 228.6666666666688)	(60.0, 1330.33333333331)	(61.0, 2670.0000000000964)	(62.0, 707.6666666666772)	(63.0, 180.66666666666742)	(64.0, 64.3333333333335)	(65.0, 35.33333333333331)	(66.0, 49.00000000000007)	(67.0, 118.99999999999939)	(68.0, 50.00000000000008)	(69.0, 24.333333333333314)	(70.0, 23.66666666666665)	(71.0, 78.3333333333333)	(72.0, 255.3333333333362)	(73.0, 54.00000000000011)	(74.0, 9.333333333333332)	(75.0, 0.6666666666666666)	(76.0, 0.3333333333333333)	(77.0, 0.6666666666666666)	(78.0, 1.0)	(79.0, 0.0)	(80.0, 0.0)	(81.0, 0.0)	(82.0, 0.0)	(83.0, 0.0)	(84.0, 0.0)	(85.0, 0.0)	(86.0, 0.0)	(87.0, 0.0)	(88.0, 0.0)	(89.0, 0.3333333333333333)	(90.0, 0.3333333333333333)	(91.0, 0.0)	(92.0, 0.3333333333333333)	(93.0, 0.3333333333333333)	(94.0, 0.0)	(95.0, 0.0)	(96.0, 0.0)	(97.0, 0.0)	(98.0, 0.0)	(99.0, 0.0)	(100.0, 0.0)
SRR19621116_1	(0.0, 0.0)	(1.0, 0.0)	(2.0, 0.0)	(3.0, 0.0)	(4.0, 0.0)	(5.0, 0.0)	(6.0, 0.0)	(7.0, 0.0)	(8.0, 0.0)	(9.0, 0.0)	(10.0, 0.0)	(11.0, 0.0)	(12.0, 0.0)	(13.0, 0.0)	(14.0, 0.0)	(15.0, 0.0)	(16.0, 0.0)	(17.0, 0.0)	(18.0, 0.0)	(19.0, 0.0)	(20.0, 0.0)	(21.0, 0.0)	(22.0, 0.0)	(23.0, 0.0)	(24.0, 0.0)	(25.0, 0.0)	(26.0, 0.0)	(27.0, 0.0)	(28.0, 0.0)	(29.0, 0.0)	(30.0, 0.0)	(31.0, 0.0)	(32.0, 0.0)	(33.0, 0.0)	(34.0, 0.0)	(35.0, 0.3333333333333333)	(36.0, 1.0)	(37.0, 2.333333333333333)	(38.0, 3.0)	(39.0, 7.33333333333333)	(40.0, 13.666666666666673)	(41.0, 26.333333333333307)	(42.0, 36.333333333333314)	(43.0, 41.000000000000014)	(44.0, 50.66666666666675)	(45.0, 63.66666666666684)	(46.0, 112.99999999999947)	(47.0, 433.33333333332615)	(48.0, 850.3333333333601)	(49.0, 1271.3333333333235)	(50.0, 4281.33333333391)	(51.0, 5437.333333332858)	(52.0, 3212.66666666701)	(53.0, 1613.3333333332457)	(54.0, 1341.3333333333076)	(55.0, 586.3333333333301)	(56.0, 285.00000000000125)	(57.0, 1713.9999999998895)	(58.0, 1650.3333333332373)	(59.0, 228.6666666666688)	(60.0, 91.66666666666644)	(61.0, 39.333333333333336)	(62.0, 25.33333333333331)	(63.0, 18.333333333333336)	(64.0, 42.00000000000002)	(65.0, 30.666666666666625)	(66.0, 29.333333333333297)	(67.0, 50.00000000000008)	(68.0, 346.3333333333311)	(69.0, 861.000000000028)	(70.0, 113.66666666666613)	(71.0, 17.33333333333334)	(72.0, 10.0)	(73.0, 6.999999999999997)	(74.0, 2.333333333333333)	(75.0, 1.3333333333333333)	(76.0, 1.3333333333333333)	(77.0, 0.0)	(78.0, 0.0)	(79.0, 0.0)	(80.0, 0.0)	(81.0, 0.0)	(82.0, 0.0)	(83.0, 0.0)	(84.0, 0.0)	(85.0, 0.0)	(86.0, 0.0)	(87.0, 0.0)	(88.0, 0.0)	(89.0, 0.0)	(90.0, 0.0)	(91.0, 0.0)	(92.0, 0.0)	(93.0, 0.0)	(94.0, 0.0)	(95.0, 0.0)	(96.0, 0.0)	(97.0, 0.0)	(98.0, 0.0)	(99.0, 0.0)	(100.0, 0.0)
SRR19621116_2	(0.0, 0.0)	(1.0, 0.0)	(2.0, 0.0)	(3.0, 0.0)	(4.0, 0.0)	(5.0, 0.0)	(6.0, 0.0)	(7.0, 0.0)	(8.0, 0.0)	(9.0, 0.0)	(10.0, 0.0)	(11.0, 0.0)	(12.0, 0.0)	(13.0, 0.0)	(14.0, 0.0)	(15.0, 0.0)	(16.0, 0.0)	(17.0, 0.0)	(18.0, 0.0)	(19.0, 0.0)	(20.0, 0.0)	(21.0, 0.0)	(22.0, 0.0)	(23.0, 0.0)	(24.0, 0.0)	(25.0, 0.0)	(26.0, 0.0)	(27.0, 0.0)	(28.0, 0.0)	(29.0, 0.0)	(30.0, 0.0)	(31.0, 0.3333333333333333)	(32.0, 0.3333333333333333)	(33.0, 0.0)	(34.0, 0.8333333333333333)	(35.0, 0.8333333333333333)	(36.0, 1.3333333333333333)	(37.0, 3.3333333333333335)	(38.0, 3.1666666666666665)	(39.0, 5.499999999999999)	(40.0, 19.833333333333332)	(41.0, 27.16666666666664)	(42.0, 29.66666666666663)	(43.0, 43.66666666666671)	(44.0, 57.1666666666668)	(45.0, 69.16666666666677)	(46.0, 102.83333333333296)	(47.0, 454.83333333332496)	(48.0, 674.0000000000067)	(49.0, 1081.8333333333667)	(50.0, 3056.000000000272)	(51.0, 4033.8333333340497)	(52.0, 3995.000000000699)	(53.0, 2630.000000000078)	(54.0, 1495.6666666666058)	(55.0, 1008.333333333378)	(56.0, 547.666666666659)	(57.0, 219.00000000000185)	(58.0, 145.66666666666643)	(59.0, 165.33333333333366)	(60.0, 570.6666666666616)	(61.0, 1791.3333333332052)	(62.0, 545.6666666666588)	(63.0, 120.3333333333327)	(64.0, 51.66666666666676)	(65.0, 35.33333333333331)	(66.0, 47.66666666666673)	(67.0, 81.66666666666659)	(68.0, 56.00000000000012)	(69.0, 39.66666666666667)	(70.0, 61.66666666666683)	(71.0, 194.66666666666782)	(72.0, 778.3333333333519)	(73.0, 178.66666666666737)	(74.0, 20.66666666666666)	(75.0, 4.0)	(76.0, 1.3333333333333333)	(77.0, 0.6666666666666666)	(78.0, 1.0)	(79.0, 0.3333333333333333)	(80.0, 0.3333333333333333)	(81.0, 0.3333333333333333)	(82.0, 0.3333333333333333)	(83.0, 0.3333333333333333)	(84.0, 0.0)	(85.0, 0.0)	(86.0, 0.0)	(87.0, 0.0)	(88.0, 0.0)	(89.0, 0.0)	(90.0, 0.0)	(91.0, 0.0)	(92.0, 0.0)	(93.0, 0.0)	(94.0, 0.0)	(95.0, 0.3333333333333333)	(96.0, 0.3333333333333333)	(97.0, 0.3333333333333333)	(98.0, 0.0)	(99.0, 0.3333333333333333)	(100.0, 0.5)
SRR19621117_1	(0.0, 0.0)	(1.0, 0.0)	(2.0, 0.0)	(3.0, 0.0)	(4.0, 0.0)	(5.0, 0.0)	(6.0, 0.0)	(7.0, 0.0)	(8.0, 0.0)	(9.0, 0.0)	(10.0, 0.0)	(11.0, 0.0)	(12.0, 0.0)	(13.0, 0.0)	(14.0, 0.0)	(15.0, 0.0)	(16.0, 0.0)	(17.0, 0.0)	(18.0, 0.0)	(19.0, 0.0)	(20.0, 0.0)	(21.0, 0.0)	(22.0, 0.0)	(23.0, 0.0)	(24.0, 0.0)	(25.0, 0.0)	(26.0, 0.0)	(27.0, 0.0)	(28.0, 0.0)	(29.0, 0.0)	(30.0, 0.0)	(31.0, 0.0)	(32.0, 0.0)	(33.0, 0.0)	(34.0, 0.0)	(35.0, 0.0)	(36.0, 0.6666666666666666)	(37.0, 1.0)	(38.0, 3.0)	(39.0, 6.999999999999997)	(40.0, 15.333333333333343)	(41.0, 33.66666666666663)	(42.0, 35.33333333333331)	(43.0, 35.99999999999998)	(44.0, 46.66666666666672)	(45.0, 251.00000000000276)	(46.0, 1147.3333333333517)	(47.0, 1583.3333333332525)	(48.0, 1144.000000000019)	(49.0, 846.0000000000263)	(50.0, 1497.333333333272)	(51.0, 2527.333333333365)	(52.0, 2231.6666666665637)	(53.0, 1962.3333333331664)	(54.0, 2113.3333333331766)	(55.0, 4795.666666666775)	(56.0, 1010.6666666667116)	(57.0, 1769.9999999998768)	(58.0, 1779.9999999998745)	(59.0, 329.33333333333206)	(60.0, 90.66666666666646)	(61.0, 35.66666666666664)	(62.0, 21.333333333333325)	(63.0, 24.333333333333314)	(64.0, 54.00000000000011)	(65.0, 27.333333333333304)	(66.0, 20.999999999999993)	(67.0, 34.3333333333333)	(68.0, 216.00000000000176)	(69.0, 705.3333333333436)	(70.0, 97.99999999999969)	(71.0, 11.333333333333336)	(72.0, 5.333333333333332)	(73.0, 3.3333333333333335)	(74.0, 1.3333333333333333)	(75.0, 1.0)	(76.0, 0.0)	(77.0, 0.0)	(78.0, 0.0)	(79.0, 0.0)	(80.0, 0.0)	(81.0, 0.0)	(82.0, 0.0)	(83.0, 0.0)	(84.0, 0.0)	(85.0, 0.0)	(86.0, 0.0)	(87.0, 0.0)	(88.0, 0.0)	(89.0, 0.0)	(90.0, 0.0)	(91.0, 0.0)	(92.0, 0.0)	(93.0, 0.0)	(94.0, 0.0)	(95.0, 0.0)	(96.0, 0.0)	(97.0, 0.0)	(98.0, 0.0)	(99.0, 0.0)	(100.0, 0.0)
SRR19621117_2	(0.0, 0.0)	(1.0, 0.0)	(2.0, 0.0)	(3.0, 0.0)	(4.0, 0.0)	(5.0, 0.0)	(6.0, 0.0)	(7.0, 0.0)	(8.0, 0.0)	(9.0, 0.0)	(10.0, 0.0)	(11.0, 0.0)	(12.0, 0.0)	(13.0, 0.0)	(14.0, 0.0)	(15.0, 0.0)	(16.0, 0.0)	(17.0, 0.0)	(18.0, 0.0)	(19.0, 0.0)	(20.0, 0.0)	(21.0, 0.0)	(22.0, 0.0)	(23.0, 0.0)	(24.0, 0.0)	(25.0, 0.0)	(26.0, 0.0)	(27.0, 0.0)	(28.0, 0.0)	(29.0, 0.0)	(30.0, 0.0)	(31.0, 0.0)	(32.0, 0.0)	(33.0, 0.0)	(34.0, 0.0)	(35.0, 0.0)	(36.0, 0.0)	(37.0, 0.6666666666666666)	(38.0, 3.5)	(39.0, 7.166666666666664)	(40.0, 13.33333333333334)	(41.0, 19.666666666666664)	(42.0, 25.999999999999975)	(43.0, 51.16666666666675)	(44.0, 52.83333333333343)	(45.0, 85.66666666666653)	(46.0, 720.6666666666787)	(47.0, 2100.8333333331707)	(48.0, 1128.8333333333562)	(49.0, 709.6666666666774)	(50.0, 1421.6666666666229)	(51.0, 1560.666666666591)	(52.0, 1762.9999999998784)	(53.0, 1818.333333333199)	(54.0, 1746.6666666665487)	(55.0, 1227.6666666666667)	(56.0, 4167.166666667346)	(57.0, 4077.8333333340697)	(58.0, 399.9999999999947)	(59.0, 196.33333333333454)	(60.0, 1355.3333333333044)	(61.0, 1850.3333333331918)	(62.0, 432.99999999999284)	(63.0, 116.33333333333276)	(64.0, 49.00000000000007)	(65.0, 34.666666666666636)	(66.0, 46.00000000000005)	(67.0, 70.33333333333341)	(68.0, 47.00000000000006)	(69.0, 37.33333333333332)	(70.0, 47.33333333333339)	(71.0, 148.33333333333317)	(72.0, 629.0000000000016)	(73.0, 136.66666666666617)	(74.0, 17.000000000000007)	(75.0, 5.333333333333332)	(76.0, 3.0)	(77.0, 1.6666666666666665)	(78.0, 1.0)	(79.0, 1.3333333333333333)	(80.0, 0.0)	(81.0, 0.0)	(82.0, 0.3333333333333333)	(83.0, 0.3333333333333333)	(84.0, 0.0)	(85.0, 0.3333333333333333)	(86.0, 0.3333333333333333)	(87.0, 0.0)	(88.0, 0.0)	(89.0, 0.0)	(90.0, 0.6666666666666666)	(91.0, 0.6666666666666666)	(92.0, 0.0)	(93.0, 0.0)	(94.0, 0.0)	(95.0, 0.0)	(96.0, 0.0)	(97.0, 0.3333333333333333)	(98.0, 0.0)	(99.0, 0.0)	(100.0, 0.0)
SRR19621118_1	(0.0, 0.0)	(1.0, 0.0)	(2.0, 0.0)	(3.0, 0.0)	(4.0, 0.0)	(5.0, 0.0)	(6.0, 0.0)	(7.0, 0.0)	(8.0, 0.0)	(9.0, 0.0)	(10.0, 0.0)	(11.0, 0.0)	(12.0, 0.0)	(13.0, 0.0)	(14.0, 0.0)	(15.0, 0.0)	(16.0, 0.0)	(17.0, 0.0)	(18.0, 0.0)	(19.0, 0.0)	(20.0, 0.0)	(21.0, 0.0)	(22.0, 0.0)	(23.0, 0.0)	(24.0, 0.0)	(25.0, 0.0)	(26.0, 0.0)	(27.0, 0.0)	(28.0, 0.0)	(29.0, 0.0)	(30.0, 0.0)	(31.0, 0.0)	(32.0, 0.0)	(33.0, 0.0)	(34.0, 0.0)	(35.0, 0.0)	(36.0, 0.6666666666666666)	(37.0, 1.6666666666666665)	(38.0, 3.666666666666667)	(39.0, 11.000000000000002)	(40.0, 18.000000000000004)	(41.0, 24.99999999999998)	(42.0, 33.66666666666663)	(43.0, 47.66666666666673)	(44.0, 55.666666666666785)	(45.0, 121.66666666666602)	(46.0, 408.3333333333276)	(47.0, 657.3333333333381)	(48.0, 805.333333333355)	(49.0, 598.9999999999982)	(50.0, 774.3333333333514)	(51.0, 2013.9999999998213)	(52.0, 4914.333333333334)	(53.0, 7258.999999997868)	(54.0, 9053.666666665253)	(55.0, 5931.333333332409)	(56.0, 894.6666666666985)	(57.0, 175.33333333333394)	(58.0, 64.3333333333335)	(59.0, 39.66666666666667)	(60.0, 22.999999999999986)	(61.0, 14.000000000000007)	(62.0, 6.999999999999997)	(63.0, 18.000000000000004)	(64.0, 61.33333333333349)	(65.0, 48.3333333333334)	(66.0, 21.666666666666657)	(67.0, 5.333333333333332)	(68.0, 3.3333333333333335)	(69.0, 2.6666666666666665)	(70.0, 1.3333333333333333)	(71.0, 0.6666666666666666)	(72.0, 0.3333333333333333)	(73.0, 0.0)	(74.0, 0.0)	(75.0, 0.0)	(76.0, 0.0)	(77.0, 0.0)	(78.0, 0.0)	(79.0, 0.0)	(80.0, 0.0)	(81.0, 0.0)	(82.0, 0.0)	(83.0, 0.0)	(84.0, 0.0)	(85.0, 0.0)	(86.0, 0.0)	(87.0, 0.3333333333333333)	(88.0, 0.3333333333333333)	(89.0, 0.0)	(90.0, 0.0)	(91.0, 0.0)	(92.0, 0.0)	(93.0, 0.0)	(94.0, 0.0)	(95.0, 0.0)	(96.0, 0.0)	(97.0, 0.0)	(98.0, 0.0)	(99.0, 0.0)	(100.0, 0.0)
SRR19621118_2	(0.0, 0.0)	(1.0, 0.0)	(2.0, 0.0)	(3.0, 0.0)	(4.0, 0.0)	(5.0, 0.0)	(6.0, 0.0)	(7.0, 0.0)	(8.0, 0.0)	(9.0, 0.0)	(10.0, 0.0)	(11.0, 0.0)	(12.0, 0.0)	(13.0, 0.0)	(14.0, 0.0)	(15.0, 0.0)	(16.0, 0.0)	(17.0, 0.0)	(18.0, 0.0)	(19.0, 0.0)	(20.0, 0.0)	(21.0, 0.0)	(22.0, 0.0)	(23.0, 0.0)	(24.0, 0.0)	(25.0, 0.0)	(26.0, 0.0)	(27.0, 0.0)	(28.0, 0.0)	(29.0, 0.0)	(30.0, 0.0)	(31.0, 0.0)	(32.0, 0.0)	(33.0, 0.0)	(34.0, 0.0)	(35.0, 0.3333333333333333)	(36.0, 0.6666666666666666)	(37.0, 1.6666666666666665)	(38.0, 3.5000000000000004)	(39.0, 9.166666666666666)	(40.0, 24.49999999999998)	(41.0, 31.16666666666662)	(42.0, 34.83333333333331)	(43.0, 52.33333333333343)	(44.0, 59.666666666666806)	(45.0, 68.66666666666677)	(46.0, 191.1666666666677)	(47.0, 1007.0000000000446)	(48.0, 709.6666666666774)	(49.0, 405.9999999999944)	(50.0, 380.33333333332916)	(51.0, 1044.6666666667084)	(52.0, 1537.9999999999295)	(53.0, 4785.333333333451)	(54.0, 7077.333333331367)	(55.0, 8364.333333330665)	(56.0, 6512.666666665214)	(57.0, 1138.666666666687)	(58.0, 219.66666666666853)	(59.0, 84.66666666666654)	(60.0, 43.00000000000003)	(61.0, 28.666666666666632)	(62.0, 16.333333333333343)	(63.0, 13.33333333333334)	(64.0, 10.333333333333334)	(65.0, 8.33333333333333)	(66.0, 18.666666666666668)	(67.0, 64.66666666666683)	(68.0, 32.333333333333286)	(69.0, 9.333333333333332)	(70.0, 3.0)	(71.0, 1.9999999999999998)	(72.0, 1.3333333333333333)	(73.0, 0.3333333333333333)	(74.0, 0.0)	(75.0, 0.3333333333333333)	(76.0, 0.3333333333333333)	(77.0, 0.3333333333333333)	(78.0, 0.0)	(79.0, 0.0)	(80.0, 0.0)	(81.0, 0.0)	(82.0, 0.0)	(83.0, 0.0)	(84.0, 0.0)	(85.0, 0.0)	(86.0, 0.0)	(87.0, 0.0)	(88.0, 0.0)	(89.0, 0.0)	(90.0, 0.0)	(91.0, 0.3333333333333333)	(92.0, 0.3333333333333333)	(93.0, 0.6666666666666666)	(94.0, 0.0)	(95.0, 0.0)	(96.0, 0.0)	(97.0, 0.0)	(98.0, 0.0)	(99.0, 0.0)	(100.0, 0.0)
SRR19621119_1	(0.0, 0.0)	(1.0, 0.0)	(2.0, 0.0)	(3.0, 0.0)	(4.0, 0.0)	(5.0, 0.0)	(6.0, 0.0)	(7.0, 0.0)	(8.0, 0.0)	(9.0, 0.0)	(10.0, 0.0)	(11.0, 0.0)	(12.0, 0.0)	(13.0, 0.0)	(14.0, 0.0)	(15.0, 0.0)	(16.0, 0.0)	(17.0, 0.0)	(18.0, 0.0)	(19.0, 0.0)	(20.0, 0.0)	(21.0, 0.0)	(22.0, 0.0)	(23.0, 0.0)	(24.0, 0.0)	(25.0, 0.0)	(26.0, 0.0)	(27.0, 0.0)	(28.0, 0.0)	(29.0, 0.0)	(30.0, 0.0)	(31.0, 0.0)	(32.0, 0.0)	(33.0, 0.0)	(34.0, 0.0)	(35.0, 0.0)	(36.0, 0.3333333333333333)	(37.0, 1.9999999999999998)	(38.0, 1.3333333333333333)	(39.0, 5.333333333333332)	(40.0, 14.666666666666675)	(41.0, 28.3333333333333)	(42.0, 43.00000000000003)	(43.0, 50.00000000000008)	(44.0, 54.33333333333344)	(45.0, 154.66666666666669)	(46.0, 454.6666666666583)	(47.0, 432.6666666666595)	(48.0, 430.66666666665964)	(49.0, 576.9999999999957)	(50.0, 2463.3333333333358)	(51.0, 5724.333333332597)	(52.0, 6883.999999998209)	(53.0, 5851.666666665815)	(54.0, 4575.000000000309)	(55.0, 2711.000000000115)	(56.0, 747.000000000015)	(57.0, 220.00000000000188)	(58.0, 103.33333333333294)	(59.0, 35.33333333333331)	(60.0, 15.000000000000009)	(61.0, 11.000000000000002)	(62.0, 11.66666666666667)	(63.0, 18.333333333333336)	(64.0, 15.333333333333343)	(65.0, 9.666666666666666)	(66.0, 5.999999999999998)	(67.0, 6.999999999999997)	(68.0, 25.999999999999975)	(69.0, 67.66666666666679)	(70.0, 8.999999999999998)	(71.0, 1.9999999999999998)	(72.0, 0.3333333333333333)	(73.0, 0.3333333333333333)	(74.0, 0.3333333333333333)	(75.0, 0.3333333333333333)	(76.0, 0.0)	(77.0, 0.3333333333333333)	(78.0, 0.0)	(79.0, 0.0)	(80.0, 0.0)	(81.0, 0.0)	(82.0, 0.0)	(83.0, 0.0)	(84.0, 0.0)	(85.0, 0.0)	(86.0, 0.0)	(87.0, 0.0)	(88.0, 0.0)	(89.0, 0.0)	(90.0, 0.0)	(91.0, 0.0)	(92.0, 0.0)	(93.0, 0.0)	(94.0, 0.0)	(95.0, 0.0)	(96.0, 0.0)	(97.0, 0.0)	(98.0, 0.0)	(99.0, 0.0)	(100.0, 0.0)
SRR19621119_2	(0.0, 0.0)	(1.0, 0.0)	(2.0, 0.0)	(3.0, 0.0)	(4.0, 0.0)	(5.0, 0.0)	(6.0, 0.0)	(7.0, 0.0)	(8.0, 0.0)	(9.0, 0.0)	(10.0, 0.0)	(11.0, 0.0)	(12.0, 0.0)	(13.0, 0.0)	(14.0, 0.0)	(15.0, 0.0)	(16.0, 0.0)	(17.0, 0.0)	(18.0, 0.0)	(19.0, 0.0)	(20.0, 0.0)	(21.0, 0.0)	(22.0, 0.0)	(23.0, 0.0)	(24.0, 0.0)	(25.0, 0.0)	(26.0, 0.0)	(27.0, 0.3333333333333333)	(28.0, 0.0)	(29.0, 0.0)	(30.0, 0.0)	(31.0, 0.0)	(32.0, 0.0)	(33.0, 0.0)	(34.0, 0.3333333333333333)	(35.0, 1.0)	(36.0, 1.6666666666666665)	(37.0, 1.9999999999999998)	(38.0, 3.0)	(39.0, 8.999999999999998)	(40.0, 20.999999999999993)	(41.0, 24.333333333333314)	(42.0, 28.99999999999996)	(43.0, 53.166666666666764)	(44.0, 52.666666666666764)	(45.0, 63.50000000000018)	(46.0, 111.4999999999995)	(47.0, 516.6666666666555)	(48.0, 516.3333333333221)	(49.0, 778.1666666666853)	(50.0, 1794.3333333332046)	(51.0, 2883.3333333335268)	(52.0, 3772.333333333931)	(53.0, 5999.999999999013)	(54.0, 6134.333333332224)	(55.0, 4492.000000000385)	(56.0, 2485.6666666666792)	(57.0, 950.6666666667048)	(58.0, 211.00000000000162)	(59.0, 72.33333333333339)	(60.0, 100.33333333333299)	(61.0, 98.66666666666634)	(62.0, 25.666666666666643)	(63.0, 15.000000000000009)	(64.0, 18.333333333333336)	(65.0, 16.00000000000001)	(66.0, 8.666666666666664)	(67.0, 14.666666666666675)	(68.0, 11.333333333333336)	(69.0, 5.333333333333332)	(70.0, 3.666666666666667)	(71.0, 15.666666666666677)	(72.0, 60.66666666666682)	(73.0, 11.66666666666667)	(74.0, 1.0)	(75.0, 0.3333333333333333)	(76.0, 0.0)	(77.0, 0.0)	(78.0, 0.0)	(79.0, 0.0)	(80.0, 0.0)	(81.0, 0.0)	(82.0, 0.3333333333333333)	(83.0, 1.0)	(84.0, 0.0)	(85.0, 0.3333333333333333)	(86.0, 0.0)	(87.0, 0.0)	(88.0, 0.0)	(89.0, 0.0)	(90.0, 0.0)	(91.0, 0.0)	(92.0, 0.0)	(93.0, 0.0)	(94.0, 0.3333333333333333)	(95.0, 0.3333333333333333)	(96.0, 0.0)	(97.0, 0.0)	(98.0, 0.0)	(99.0, 0.3333333333333333)	(100.0, 0.5)
SRR19621120_1	(0.0, 0.0)	(1.0, 0.0)	(2.0, 0.0)	(3.0, 0.0)	(4.0, 0.0)	(5.0, 0.0)	(6.0, 0.0)	(7.0, 0.0)	(8.0, 0.0)	(9.0, 0.0)	(10.0, 0.0)	(11.0, 0.0)	(12.0, 0.0)	(13.0, 0.0)	(14.0, 0.0)	(15.0, 0.0)	(16.0, 0.0)	(17.0, 0.0)	(18.0, 0.0)	(19.0, 0.0)	(20.0, 0.0)	(21.0, 0.0)	(22.0, 0.0)	(23.0, 0.0)	(24.0, 0.0)	(25.0, 0.0)	(26.0, 0.0)	(27.0, 0.0)	(28.0, 0.0)	(29.0, 0.0)	(30.0, 0.0)	(31.0, 0.0)	(32.0, 0.0)	(33.0, 0.0)	(34.0, 0.0)	(35.0, 0.3333333333333333)	(36.0, 0.3333333333333333)	(37.0, 1.0)	(38.0, 2.6666666666666665)	(39.0, 10.333333333333334)	(40.0, 27.333333333333304)	(41.0, 28.666666666666632)	(42.0, 36.333333333333314)	(43.0, 49.33333333333341)	(44.0, 67.33333333333346)	(45.0, 122.99999999999933)	(46.0, 224.66666666666868)	(47.0, 247.00000000000264)	(48.0, 270.0000000000021)	(49.0, 446.99999999999204)	(50.0, 2307.6666666665983)	(51.0, 6718.666666665026)	(52.0, 7946.333333330576)	(53.0, 6824.66666666493)	(54.0, 6087.6666666656)	(55.0, 3981.6666666673596)	(56.0, 1137.333333333354)	(57.0, 501.3333333333223)	(58.0, 276.00000000000176)	(59.0, 61.000000000000156)	(60.0, 27.666666666666636)	(61.0, 17.66666666666667)	(62.0, 18.333333333333336)	(63.0, 20.999999999999993)	(64.0, 32.333333333333286)	(65.0, 29.333333333333297)	(66.0, 16.333333333333343)	(67.0, 14.333333333333341)	(68.0, 76.33333333333333)	(69.0, 221.0000000000019)	(70.0, 28.666666666666632)	(71.0, 5.666666666666665)	(72.0, 3.3333333333333335)	(73.0, 1.0)	(74.0, 0.0)	(75.0, 0.6666666666666666)	(76.0, 0.3333333333333333)	(77.0, 0.0)	(78.0, 0.0)	(79.0, 0.0)	(80.0, 0.0)	(81.0, 0.0)	(82.0, 0.0)	(83.0, 0.0)	(84.0, 0.0)	(85.0, 0.0)	(86.0, 0.0)	(87.0, 0.3333333333333333)	(88.0, 0.3333333333333333)	(89.0, 0.0)	(90.0, 0.0)	(91.0, 0.0)	(92.0, 0.0)	(93.0, 0.0)	(94.0, 0.0)	(95.0, 0.0)	(96.0, 0.0)	(97.0, 0.0)	(98.0, 0.0)	(99.0, 0.0)	(100.0, 0.0)
SRR19621120_2	(0.0, 0.0)	(1.0, 0.0)	(2.0, 0.0)	(3.0, 0.0)	(4.0, 0.0)	(5.0, 0.0)	(6.0, 0.0)	(7.0, 0.0)	(8.0, 0.0)	(9.0, 0.0)	(10.0, 0.0)	(11.0, 0.0)	(12.0, 0.0)	(13.0, 0.0)	(14.0, 0.0)	(15.0, 0.0)	(16.0, 0.0)	(17.0, 0.0)	(18.0, 0.0)	(19.0, 0.0)	(20.0, 0.0)	(21.0, 0.0)	(22.0, 0.0)	(23.0, 0.3333333333333333)	(24.0, 0.0)	(25.0, 0.0)	(26.0, 0.3333333333333333)	(27.0, 0.0)	(28.0, 0.0)	(29.0, 0.0)	(30.0, 0.0)	(31.0, 0.3333333333333333)	(32.0, 0.3333333333333333)	(33.0, 0.0)	(34.0, 0.0)	(35.0, 0.3333333333333333)	(36.0, 1.3333333333333333)	(37.0, 4.0)	(38.0, 5.666666666666665)	(39.0, 12.333333333333337)	(40.0, 23.499999999999982)	(41.0, 31.166666666666625)	(42.0, 47.000000000000064)	(43.0, 48.50000000000007)	(44.0, 61.16666666666683)	(45.0, 74.83333333333336)	(46.0, 95.83333333333307)	(47.0, 270.66666666666873)	(48.0, 324.1666666666657)	(49.0, 409.4999999999942)	(50.0, 1237.166666666665)	(51.0, 4352.166666667179)	(52.0, 4072.666666667401)	(53.0, 7027.999999998078)	(54.0, 6824.333333331597)	(55.0, 6061.333333332291)	(56.0, 3840.0000000006285)	(57.0, 1291.9999999999854)	(58.0, 343.9999999999979)	(59.0, 124.9999999999993)	(60.0, 285.6666666666679)	(61.0, 297.00000000000057)	(62.0, 57.333333333333464)	(63.0, 26.66666666666664)	(64.0, 32.66666666666662)	(65.0, 21.333333333333325)	(66.0, 17.000000000000007)	(67.0, 34.3333333333333)	(68.0, 21.99999999999999)	(69.0, 13.33333333333334)	(70.0, 18.666666666666668)	(71.0, 60.66666666666682)	(72.0, 192.00000000000108)	(73.0, 44.66666666666671)	(74.0, 6.333333333333331)	(75.0, 1.3333333333333333)	(76.0, 1.9999999999999998)	(77.0, 0.6666666666666666)	(78.0, 1.0)	(79.0, 0.0)	(80.0, 0.6666666666666666)	(81.0, 0.3333333333333333)	(82.0, 0.0)	(83.0, 0.0)	(84.0, 0.6666666666666666)	(85.0, 0.0)	(86.0, 0.0)	(87.0, 0.0)	(88.0, 0.0)	(89.0, 0.0)	(90.0, 0.0)	(91.0, 0.0)	(92.0, 0.0)	(93.0, 0.0)	(94.0, 0.0)	(95.0, 0.0)	(96.0, 0.0)	(97.0, 0.0)	(98.0, 0.3333333333333333)	(99.0, 0.0)	(100.0, 0.0)
SRR19621121_1	(0.0, 0.0)	(1.0, 0.0)	(2.0, 0.0)	(3.0, 0.0)	(4.0, 0.0)	(5.0, 0.0)	(6.0, 0.0)	(7.0, 0.0)	(8.0, 0.0)	(9.0, 0.0)	(10.0, 0.0)	(11.0, 0.0)	(12.0, 0.0)	(13.0, 0.0)	(14.0, 0.0)	(15.0, 0.0)	(16.0, 0.0)	(17.0, 0.0)	(18.0, 0.0)	(19.0, 0.0)	(20.0, 0.0)	(21.0, 0.0)	(22.0, 0.0)	(23.0, 0.0)	(24.0, 0.0)	(25.0, 0.0)	(26.0, 0.0)	(27.0, 0.0)	(28.0, 0.0)	(29.0, 0.0)	(30.0, 0.0)	(31.0, 0.0)	(32.0, 0.0)	(33.0, 0.0)	(34.0, 0.0)	(35.0, 0.0)	(36.0, 0.3333333333333333)	(37.0, 1.3333333333333333)	(38.0, 1.9999999999999998)	(39.0, 5.333333333333332)	(40.0, 8.33333333333333)	(41.0, 13.666666666666673)	(42.0, 27.999999999999968)	(43.0, 24.666666666666647)	(44.0, 29.66666666666663)	(45.0, 194.00000000000114)	(46.0, 452.6666666666584)	(47.0, 310.33333333333314)	(48.0, 317.33333333333275)	(49.0, 406.9999999999943)	(50.0, 1425.3333333332885)	(51.0, 3596.333333333851)	(52.0, 4007.0000000007044)	(53.0, 3583.333333333845)	(54.0, 4067.333333334065)	(55.0, 3031.0000000002606)	(56.0, 709.3333333333441)	(57.0, 163.3333333333336)	(58.0, 63.333333333333506)	(59.0, 18.000000000000004)	(60.0, 11.333333333333336)	(61.0, 10.0)	(62.0, 6.666666666666664)	(63.0, 8.33333333333333)	(64.0, 11.66666666666667)	(65.0, 9.333333333333332)	(66.0, 4.666666666666666)	(67.0, 3.0)	(68.0, 23.999999999999982)	(69.0, 64.00000000000017)	(70.0, 9.666666666666666)	(71.0, 1.3333333333333333)	(72.0, 1.0)	(73.0, 0.0)	(74.0, 0.0)	(75.0, 0.0)	(76.0, 0.0)	(77.0, 0.0)	(78.0, 0.0)	(79.0, 0.0)	(80.0, 0.0)	(81.0, 0.0)	(82.0, 0.0)	(83.0, 0.0)	(84.0, 0.0)	(85.0, 0.0)	(86.0, 0.0)	(87.0, 0.0)	(88.0, 0.0)	(89.0, 0.0)	(90.0, 0.0)	(91.0, 0.0)	(92.0, 0.0)	(93.0, 0.0)	(94.0, 0.0)	(95.0, 0.0)	(96.0, 0.0)	(97.0, 0.0)	(98.0, 0.0)	(99.0, 0.0)	(100.0, 0.0)
SRR19621121_2	(0.0, 0.0)	(1.0, 0.0)	(2.0, 0.0)	(3.0, 0.0)	(4.0, 0.0)	(5.0, 0.0)	(6.0, 0.0)	(7.0, 0.0)	(8.0, 0.0)	(9.0, 0.0)	(10.0, 0.0)	(11.0, 0.0)	(12.0, 0.0)	(13.0, 0.0)	(14.0, 0.0)	(15.0, 0.0)	(16.0, 0.0)	(17.0, 0.0)	(18.0, 0.0)	(19.0, 0.0)	(20.0, 0.0)	(21.0, 0.0)	(22.0, 0.0)	(23.0, 0.0)	(24.0, 0.0)	(25.0, 0.0)	(26.0, 0.0)	(27.0, 0.0)	(28.0, 0.0)	(29.0, 0.0)	(30.0, 0.0)	(31.0, 0.0)	(32.0, 0.0)	(33.0, 0.0)	(34.0, 0.0)	(35.0, 0.0)	(36.0, 0.0)	(37.0, 0.6666666666666666)	(38.0, 2.333333333333333)	(39.0, 6.166666666666665)	(40.0, 13.500000000000005)	(41.0, 18.000000000000004)	(42.0, 19.666666666666664)	(43.0, 31.499999999999957)	(44.0, 38.333333333333336)	(45.0, 40.16666666666668)	(46.0, 97.99999999999969)	(47.0, 508.4999999999886)	(48.0, 417.83333333332706)	(49.0, 382.9999999999957)	(50.0, 858.5000000000276)	(51.0, 1793.8333333332048)	(52.0, 2468.5000000000045)	(53.0, 3609.833333333857)	(54.0, 3727.3333333339106)	(55.0, 4150.666666667362)	(56.0, 3033.0000000002615)	(57.0, 862.6666666666948)	(58.0, 177.333333333334)	(59.0, 46.333333333333385)	(60.0, 52.666666666666764)	(61.0, 49.33333333333341)	(62.0, 16.00000000000001)	(63.0, 9.333333333333332)	(64.0, 14.333333333333341)	(65.0, 7.33333333333333)	(66.0, 6.666666666666664)	(67.0, 12.333333333333337)	(68.0, 6.999999999999997)	(69.0, 4.999999999999999)	(70.0, 3.0)	(71.0, 15.000000000000009)	(72.0, 58.33333333333347)	(73.0, 10.0)	(74.0, 1.3333333333333333)	(75.0, 1.0)	(76.0, 0.6666666666666666)	(77.0, 0.3333333333333333)	(78.0, 0.3333333333333333)	(79.0, 0.3333333333333333)	(80.0, 0.0)	(81.0, 0.0)	(82.0, 0.0)	(83.0, 0.0)	(84.0, 0.0)	(85.0, 0.0)	(86.0, 0.3333333333333333)	(87.0, 0.3333333333333333)	(88.0, 0.0)	(89.0, 0.0)	(90.0, 0.0)	(91.0, 0.0)	(92.0, 0.0)	(93.0, 0.0)	(94.0, 0.0)	(95.0, 0.0)	(96.0, 0.0)	(97.0, 0.0)	(98.0, 0.0)	(99.0, 0.0)	(100.0, 0.0)
SRR19621122_1	(0.0, 0.0)	(1.0, 0.0)	(2.0, 0.0)	(3.0, 0.0)	(4.0, 0.0)	(5.0, 0.0)	(6.0, 0.0)	(7.0, 0.0)	(8.0, 0.0)	(9.0, 0.0)	(10.0, 0.0)	(11.0, 0.0)	(12.0, 0.0)	(13.0, 0.0)	(14.0, 0.0)	(15.0, 0.0)	(16.0, 0.0)	(17.0, 0.0)	(18.0, 0.0)	(19.0, 0.0)	(20.0, 0.0)	(21.0, 0.0)	(22.0, 0.0)	(23.0, 0.0)	(24.0, 0.0)	(25.0, 0.0)	(26.0, 0.0)	(27.0, 0.0)	(28.0, 0.3333333333333333)	(29.0, 0.0)	(30.0, 0.0)	(31.0, 0.0)	(32.0, 0.0)	(33.0, 0.0)	(34.0, 0.0)	(35.0, 1.0)	(36.0, 1.3333333333333333)	(37.0, 1.3333333333333333)	(38.0, 4.666666666666666)	(39.0, 9.333333333333332)	(40.0, 16.00000000000001)	(41.0, 27.666666666666636)	(42.0, 33.66666666666663)	(43.0, 41.33333333333335)	(44.0, 45.666666666666714)	(45.0, 118.66666666666606)	(46.0, 332.9999999999985)	(47.0, 385.9999999999955)	(48.0, 292.00000000000085)	(49.0, 547.666666666659)	(50.0, 1530.3333333332646)	(51.0, 2727.6666666667893)	(52.0, 4128.333333334049)	(53.0, 4824.666666666749)	(54.0, 5045.333333333215)	(55.0, 2076.3333333331598)	(56.0, 453.99999999999164)	(57.0, 447.66666666665867)	(58.0, 224.000000000002)	(59.0, 45.00000000000004)	(60.0, 25.33333333333331)	(61.0, 17.33333333333334)	(62.0, 14.666666666666675)	(63.0, 10.666666666666668)	(64.0, 16.00000000000001)	(65.0, 14.000000000000007)	(66.0, 17.000000000000007)	(67.0, 46.333333333333385)	(68.0, 450.9999999999918)	(69.0, 438.33333333332587)	(70.0, 71.3333333333334)	(71.0, 33.999999999999964)	(72.0, 14.666666666666675)	(73.0, 6.333333333333331)	(74.0, 3.0)	(75.0, 0.6666666666666666)	(76.0, 0.3333333333333333)	(77.0, 0.3333333333333333)	(78.0, 0.0)	(79.0, 0.0)	(80.0, 0.0)	(81.0, 0.0)	(82.0, 0.0)	(83.0, 0.0)	(84.0, 0.0)	(85.0, 0.0)	(86.0, 0.0)	(87.0, 0.0)	(88.0, 0.0)	(89.0, 0.0)	(90.0, 0.0)	(91.0, 0.0)	(92.0, 0.3333333333333333)	(93.0, 0.3333333333333333)	(94.0, 0.0)	(95.0, 0.0)	(96.0, 0.0)	(97.0, 0.0)	(98.0, 0.0)	(99.0, 0.0)	(100.0, 0.0)
SRR19621122_2	(0.0, 0.0)	(1.0, 0.0)	(2.0, 0.0)	(3.0, 0.0)	(4.0, 0.0)	(5.0, 0.0)	(6.0, 0.0)	(7.0, 0.0)	(8.0, 0.0)	(9.0, 0.0)	(10.0, 0.0)	(11.0, 0.0)	(12.0, 0.0)	(13.0, 0.0)	(14.0, 0.0)	(15.0, 0.0)	(16.0, 0.0)	(17.0, 0.0)	(18.0, 0.0)	(19.0, 0.0)	(20.0, 0.0)	(21.0, 0.0)	(22.0, 0.0)	(23.0, 0.0)	(24.0, 0.0)	(25.0, 0.0)	(26.0, 0.0)	(27.0, 0.0)	(28.0, 0.3333333333333333)	(29.0, 0.6666666666666666)	(30.0, 0.6666666666666666)	(31.0, 0.3333333333333333)	(32.0, 0.0)	(33.0, 0.3333333333333333)	(34.0, 1.0)	(35.0, 1.3333333333333333)	(36.0, 0.6666666666666666)	(37.0, 1.3333333333333333)	(38.0, 4.0)	(39.0, 8.999999999999998)	(40.0, 20.66666666666666)	(41.0, 27.166666666666636)	(42.0, 37.49999999999999)	(43.0, 50.16666666666674)	(44.0, 45.83333333333338)	(45.0, 50.833333333333414)	(46.0, 109.49999999999955)	(47.0, 379.66666666666254)	(48.0, 416.8333333333271)	(49.0, 444.1666666666589)	(50.0, 848.1666666666932)	(51.0, 1932.3333333331732)	(52.0, 1985.1666666664946)	(53.0, 3225.000000000349)	(54.0, 4689.333333333539)	(55.0, 4800.333333333438)	(56.0, 2488.333333333347)	(57.0, 649.0000000000039)	(58.0, 197.33333333333456)	(59.0, 205.3333333333348)	(60.0, 191.66666666666774)	(61.0, 177.00000000000065)	(62.0, 37.66666666666666)	(63.0, 22.999999999999986)	(64.0, 21.666666666666657)	(65.0, 19.0)	(66.0, 33.999999999999964)	(67.0, 35.99999999999998)	(68.0, 34.3333333333333)	(69.0, 37.99999999999999)	(70.0, 51.33333333333342)	(71.0, 170.3333333333338)	(72.0, 361.66666666666356)	(73.0, 221.0000000000019)	(74.0, 48.000000000000064)	(75.0, 9.333333333333332)	(76.0, 2.333333333333333)	(77.0, 0.3333333333333333)	(78.0, 0.3333333333333333)	(79.0, 0.3333333333333333)	(80.0, 0.3333333333333333)	(81.0, 0.3333333333333333)	(82.0, 0.0)	(83.0, 0.0)	(84.0, 0.0)	(85.0, 0.0)	(86.0, 0.0)	(87.0, 0.0)	(88.0, 0.0)	(89.0, 0.0)	(90.0, 0.3333333333333333)	(91.0, 0.0)	(92.0, 0.0)	(93.0, 0.0)	(94.0, 0.0)	(95.0, 0.0)	(96.0, 0.0)	(97.0, 0.0)	(98.0, 0.0)	(99.0, 0.0)	(100.0, 0.0)
SRR19621123_1	(0.0, 0.0)	(1.0, 0.0)	(2.0, 0.0)	(3.0, 0.0)	(4.0, 0.0)	(5.0, 0.0)	(6.0, 0.0)	(7.0, 0.0)	(8.0, 0.0)	(9.0, 0.0)	(10.0, 0.0)	(11.0, 0.0)	(12.0, 0.0)	(13.0, 0.0)	(14.0, 0.0)	(15.0, 0.0)	(16.0, 0.0)	(17.0, 0.0)	(18.0, 0.0)	(19.0, 0.0)	(20.0, 0.0)	(21.0, 0.0)	(22.0, 0.0)	(23.0, 0.0)	(24.0, 0.0)	(25.0, 0.0)	(26.0, 0.0)	(27.0, 0.0)	(28.0, 0.0)	(29.0, 0.0)	(30.0, 0.0)	(31.0, 0.0)	(32.0, 0.3333333333333333)	(33.0, 0.0)	(34.0, 0.3333333333333333)	(35.0, 0.6666666666666666)	(36.0, 1.0)	(37.0, 1.9999999999999998)	(38.0, 1.3333333333333333)	(39.0, 6.999999999999997)	(40.0, 14.666666666666675)	(41.0, 36.333333333333314)	(42.0, 41.000000000000014)	(43.0, 36.333333333333314)	(44.0, 44.000000000000036)	(45.0, 143.33333333333303)	(46.0, 569.9999999999949)	(47.0, 970.6666666667071)	(48.0, 621.0000000000007)	(49.0, 608.666666666666)	(50.0, 1486.3333333332746)	(51.0, 3625.6666666671977)	(52.0, 5183.666666666422)	(53.0, 4402.3333333338)	(54.0, 4864.000000000046)	(55.0, 2130.9999999998513)	(56.0, 490.99999999998954)	(57.0, 667.0000000000059)	(58.0, 450.6666666666585)	(59.0, 65.00000000000016)	(60.0, 32.99999999999996)	(61.0, 20.999999999999993)	(62.0, 11.66666666666667)	(63.0, 14.666666666666675)	(64.0, 37.33333333333332)	(65.0, 21.99999999999999)	(66.0, 19.0)	(67.0, 39.333333333333336)	(68.0, 466.3333333333243)	(69.0, 459.3333333333247)	(70.0, 76.33333333333333)	(71.0, 33.999999999999964)	(72.0, 19.333333333333332)	(73.0, 9.666666666666666)	(74.0, 1.9999999999999998)	(75.0, 0.6666666666666666)	(76.0, 0.6666666666666666)	(77.0, 0.0)	(78.0, 0.0)	(79.0, 0.0)	(80.0, 0.0)	(81.0, 0.0)	(82.0, 0.0)	(83.0, 0.0)	(84.0, 0.0)	(85.0, 0.0)	(86.0, 0.0)	(87.0, 0.0)	(88.0, 0.0)	(89.0, 0.0)	(90.0, 0.0)	(91.0, 0.0)	(92.0, 0.0)	(93.0, 0.0)	(94.0, 0.0)	(95.0, 0.0)	(96.0, 0.0)	(97.0, 0.0)	(98.0, 0.0)	(99.0, 0.0)	(100.0, 0.0)
SRR19621123_2	(0.0, 0.0)	(1.0, 0.0)	(2.0, 0.0)	(3.0, 0.0)	(4.0, 0.0)	(5.0, 0.0)	(6.0, 0.0)	(7.0, 0.0)	(8.0, 0.0)	(9.0, 0.0)	(10.0, 0.0)	(11.0, 0.0)	(12.0, 0.0)	(13.0, 0.0)	(14.0, 0.0)	(15.0, 0.0)	(16.0, 0.0)	(17.0, 0.0)	(18.0, 0.0)	(19.0, 0.0)	(20.0, 0.0)	(21.0, 0.0)	(22.0, 0.0)	(23.0, 0.0)	(24.0, 0.0)	(25.0, 0.0)	(26.0, 0.0)	(27.0, 0.0)	(28.0, 0.0)	(29.0, 0.0)	(30.0, 0.0)	(31.0, 0.0)	(32.0, 0.0)	(33.0, 0.0)	(34.0, 0.6666666666666666)	(35.0, 0.3333333333333333)	(36.0, 0.6666666666666666)	(37.0, 2.1666666666666665)	(38.0, 1.9999999999999998)	(39.0, 7.499999999999997)	(40.0, 15.666666666666677)	(41.0, 22.33333333333332)	(42.0, 30.499999999999957)	(43.0, 59.00000000000015)	(44.0, 49.16666666666674)	(45.0, 66.50000000000014)	(46.0, 165.166666666667)	(47.0, 729.8333333333464)	(48.0, 926.1666666667021)	(49.0, 552.3333333333262)	(50.0, 748.3333333333485)	(51.0, 2440.4999999999923)	(52.0, 2695.1666666667747)	(53.0, 3910.6666666673273)	(54.0, 4853.333333333389)	(55.0, 4644.3333333335795)	(56.0, 2507.3333333333558)	(57.0, 581.9999999999962)	(58.0, 172.0000000000005)	(59.0, 178.66666666666737)	(60.0, 394.33333333332837)	(61.0, 425.3333333333266)	(62.0, 72.00000000000006)	(63.0, 27.333333333333304)	(64.0, 23.66666666666665)	(65.0, 15.333333333333343)	(66.0, 36.333333333333314)	(67.0, 51.66666666666676)	(68.0, 36.333333333333314)	(69.0, 35.66666666666664)	(70.0, 49.00000000000007)	(71.0, 160.00000000000017)	(72.0, 398.99999999999477)	(73.0, 249.33333333333604)	(74.0, 51.66666666666676)	(75.0, 10.666666666666668)	(76.0, 4.0)	(77.0, 1.6666666666666665)	(78.0, 1.0)	(79.0, 1.3333333333333333)	(80.0, 1.3333333333333333)	(81.0, 0.6666666666666666)	(82.0, 0.0)	(83.0, 0.0)	(84.0, 0.0)	(85.0, 0.3333333333333333)	(86.0, 0.0)	(87.0, 0.0)	(88.0, 0.3333333333333333)	(89.0, 0.0)	(90.0, 0.0)	(91.0, 0.0)	(92.0, 0.0)	(93.0, 0.0)	(94.0, 0.0)	(95.0, 0.0)	(96.0, 0.0)	(97.0, 0.3333333333333333)	(98.0, 0.3333333333333333)	(99.0, 0.0)	(100.0, 0.5)
SRR19621124_1	(0.0, 0.0)	(1.0, 0.0)	(2.0, 0.0)	(3.0, 0.0)	(4.0, 0.0)	(5.0, 0.0)	(6.0, 0.0)	(7.0, 0.0)	(8.0, 0.0)	(9.0, 0.0)	(10.0, 0.0)	(11.0, 0.0)	(12.0, 0.0)	(13.0, 0.0)	(14.0, 0.0)	(15.0, 0.0)	(16.0, 0.0)	(17.0, 0.0)	(18.0, 0.0)	(19.0, 0.0)	(20.0, 0.0)	(21.0, 0.0)	(22.0, 0.0)	(23.0, 0.0)	(24.0, 0.0)	(25.0, 0.0)	(26.0, 0.0)	(27.0, 0.0)	(28.0, 0.0)	(29.0, 0.0)	(30.0, 0.0)	(31.0, 0.0)	(32.0, 0.0)	(33.0, 0.0)	(34.0, 0.0)	(35.0, 0.0)	(36.0, 1.3333333333333333)	(37.0, 2.333333333333333)	(38.0, 6.999999999999997)	(39.0, 10.333333333333334)	(40.0, 20.33333333333333)	(41.0, 28.666666666666632)	(42.0, 35.33333333333331)	(43.0, 42.00000000000002)	(44.0, 55.666666666666785)	(45.0, 59.33333333333348)	(46.0, 68.66666666666677)	(47.0, 82.33333333333324)	(48.0, 107.66666666666622)	(49.0, 283.666666666668)	(50.0, 947.6666666667045)	(51.0, 3080.66666666695)	(52.0, 3654.000000000544)	(53.0, 7851.999999997329)	(54.0, 7847.333333330666)	(55.0, 2546.3333333333735)	(56.0, 466.9999999999909)	(57.0, 198.3333333333346)	(58.0, 110.66666666666617)	(59.0, 43.333333333333364)	(60.0, 35.33333333333331)	(61.0, 32.333333333333286)	(62.0, 26.99999999999997)	(63.0, 38.666666666666664)	(64.0, 74.00000000000003)	(65.0, 44.33333333333337)	(66.0, 47.66666666666673)	(67.0, 101.6666666666663)	(68.0, 1080.6666666667002)	(69.0, 1030.000000000045)	(70.0, 166.66666666666703)	(71.0, 74.00000000000003)	(72.0, 50.333333333333414)	(73.0, 25.999999999999975)	(74.0, 8.666666666666664)	(75.0, 1.6666666666666665)	(76.0, 0.3333333333333333)	(77.0, 0.0)	(78.0, 0.0)	(79.0, 0.0)	(80.0, 0.3333333333333333)	(81.0, 0.0)	(82.0, 0.0)	(83.0, 0.0)	(84.0, 0.0)	(85.0, 0.0)	(86.0, 0.0)	(87.0, 0.0)	(88.0, 0.0)	(89.0, 0.0)	(90.0, 0.0)	(91.0, 0.0)	(92.0, 0.0)	(93.0, 0.0)	(94.0, 0.0)	(95.0, 0.0)	(96.0, 0.0)	(97.0, 0.0)	(98.0, 0.0)	(99.0, 0.0)	(100.0, 0.0)
SRR19621124_2	(0.0, 0.0)	(1.0, 0.0)	(2.0, 0.0)	(3.0, 0.0)	(4.0, 0.0)	(5.0, 0.0)	(6.0, 0.0)	(7.0, 0.0)	(8.0, 0.0)	(9.0, 0.0)	(10.0, 0.0)	(11.0, 0.0)	(12.0, 0.0)	(13.0, 0.0)	(14.0, 0.0)	(15.0, 0.0)	(16.0, 0.0)	(17.0, 0.0)	(18.0, 0.0)	(19.0, 0.0)	(20.0, 0.0)	(21.0, 0.0)	(22.0, 0.0)	(23.0, 0.0)	(24.0, 0.0)	(25.0, 0.0)	(26.0, 0.0)	(27.0, 0.0)	(28.0, 0.0)	(29.0, 0.0)	(30.0, 0.3333333333333333)	(31.0, 0.0)	(32.0, 0.3333333333333333)	(33.0, 0.0)	(34.0, 0.3333333333333333)	(35.0, 0.3333333333333333)	(36.0, 0.6666666666666666)	(37.0, 1.3333333333333333)	(38.0, 2.6666666666666665)	(39.0, 6.999999999999997)	(40.0, 27.8333333333333)	(41.0, 34.166666666666636)	(42.0, 42.33333333333336)	(43.0, 50.333333333333414)	(44.0, 64.66666666666681)	(45.0, 58.6666666666668)	(46.0, 61.3333333333335)	(47.0, 65.8333333333335)	(48.0, 97.4999999999997)	(49.0, 203.3333333333347)	(50.0, 463.99999999999113)	(51.0, 1497.9999999999386)	(52.0, 1680.999999999897)	(53.0, 3452.3333333337855)	(54.0, 8226.333333330414)	(55.0, 6420.666666665297)	(56.0, 2792.3333333334854)	(57.0, 721.6666666666788)	(58.0, 177.00000000000065)	(59.0, 103.66666666666627)	(60.0, 87.99999999999983)	(61.0, 74.66666666666669)	(62.0, 34.3333333333333)	(63.0, 32.333333333333286)	(64.0, 45.00000000000004)	(65.0, 42.00000000000002)	(66.0, 70.33333333333341)	(67.0, 103.9999999999996)	(68.0, 72.33333333333339)	(69.0, 73.00000000000004)	(70.0, 113.66666666666613)	(71.0, 416.66666666666043)	(72.0, 921.3333333333682)	(73.0, 521.9999999999894)	(74.0, 109.99999999999952)	(75.0, 17.000000000000007)	(76.0, 4.999999999999999)	(77.0, 1.9999999999999998)	(78.0, 1.0)	(79.0, 1.3333333333333333)	(80.0, 1.0)	(81.0, 0.3333333333333333)	(82.0, 0.3333333333333333)	(83.0, 0.0)	(84.0, 0.0)	(85.0, 0.0)	(86.0, 0.3333333333333333)	(87.0, 0.0)	(88.0, 0.0)	(89.0, 0.0)	(90.0, 0.0)	(91.0, 0.0)	(92.0, 0.3333333333333333)	(93.0, 0.3333333333333333)	(94.0, 1.0)	(95.0, 0.6666666666666666)	(96.0, 0.0)	(97.0, 0.0)	(98.0, 0.0)	(99.0, 0.3333333333333333)	(100.0, 0.5)
SRR19621125_1	(0.0, 0.0)	(1.0, 0.0)	(2.0, 0.0)	(3.0, 0.0)	(4.0, 0.0)	(5.0, 0.0)	(6.0, 0.0)	(7.0, 0.0)	(8.0, 0.0)	(9.0, 0.0)	(10.0, 0.0)	(11.0, 0.0)	(12.0, 0.0)	(13.0, 0.0)	(14.0, 0.0)	(15.0, 0.0)	(16.0, 0.0)	(17.0, 0.0)	(18.0, 0.0)	(19.0, 0.0)	(20.0, 0.0)	(21.0, 0.0)	(22.0, 0.0)	(23.0, 0.0)	(24.0, 0.0)	(25.0, 0.0)	(26.0, 0.0)	(27.0, 0.0)	(28.0, 0.0)	(29.0, 0.0)	(30.0, 0.0)	(31.0, 0.0)	(32.0, 0.0)	(33.0, 0.0)	(34.0, 0.0)	(35.0, 0.3333333333333333)	(36.0, 0.6666666666666666)	(37.0, 1.0)	(38.0, 1.6666666666666665)	(39.0, 8.999999999999998)	(40.0, 23.333333333333318)	(41.0, 32.66666666666662)	(42.0, 42.33333333333336)	(43.0, 44.66666666666671)	(44.0, 57.6666666666668)	(45.0, 133.6666666666661)	(46.0, 409.3333333333275)	(47.0, 481.99999999999005)	(48.0, 1021.3333333333795)	(49.0, 838.6666666666921)	(50.0, 1880.333333333185)	(51.0, 2435.333333333323)	(52.0, 6050.999999998967)	(53.0, 10087.3333333338)	(54.0, 5671.333333332645)	(55.0, 1632.3333333332414)	(56.0, 393.3333333333284)	(57.0, 116.66666666666609)	(58.0, 42.00000000000002)	(59.0, 22.33333333333332)	(60.0, 26.99999999999997)	(61.0, 48.3333333333334)	(62.0, 33.999999999999964)	(63.0, 16.333333333333343)	(64.0, 26.99999999999997)	(65.0, 23.999999999999982)	(66.0, 12.333333333333337)	(67.0, 16.00000000000001)	(68.0, 79.66666666666661)	(69.0, 182.0000000000008)	(70.0, 32.99999999999996)	(71.0, 6.999999999999997)	(72.0, 2.6666666666666665)	(73.0, 1.6666666666666665)	(74.0, 0.3333333333333333)	(75.0, 0.3333333333333333)	(76.0, 0.6666666666666666)	(77.0, 0.3333333333333333)	(78.0, 0.0)	(79.0, 0.0)	(80.0, 0.0)	(81.0, 0.0)	(82.0, 0.0)	(83.0, 0.0)	(84.0, 0.0)	(85.0, 0.0)	(86.0, 0.0)	(87.0, 0.0)	(88.0, 0.0)	(89.0, 0.0)	(90.0, 0.0)	(91.0, 0.0)	(92.0, 0.0)	(93.0, 0.0)	(94.0, 0.0)	(95.0, 0.0)	(96.0, 0.0)	(97.0, 0.0)	(98.0, 0.0)	(99.0, 0.0)	(100.0, 0.0)
SRR19621125_2	(0.0, 0.0)	(1.0, 0.0)	(2.0, 0.0)	(3.0, 0.0)	(4.0, 0.0)	(5.0, 0.0)	(6.0, 0.0)	(7.0, 0.0)	(8.0, 0.0)	(9.0, 0.0)	(10.0, 0.0)	(11.0, 0.0)	(12.0, 0.0)	(13.0, 0.0)	(14.0, 0.0)	(15.0, 0.0)	(16.0, 0.0)	(17.0, 0.0)	(18.0, 0.0)	(19.0, 0.0)	(20.0, 0.0)	(21.0, 0.0)	(22.0, 0.0)	(23.0, 0.0)	(24.0, 0.0)	(25.0, 0.0)	(26.0, 0.0)	(27.0, 0.0)	(28.0, 0.0)	(29.0, 0.0)	(30.0, 0.0)	(31.0, 0.0)	(32.0, 0.0)	(33.0, 0.0)	(34.0, 0.3333333333333333)	(35.0, 1.3333333333333333)	(36.0, 1.0)	(37.0, 1.6666666666666665)	(38.0, 4.666666666666666)	(39.0, 9.666666666666666)	(40.0, 20.83333333333333)	(41.0, 26.333333333333307)	(42.0, 36.49999999999998)	(43.0, 49.33333333333341)	(44.0, 90.66666666666647)	(45.0, 249.83333333333604)	(46.0, 162.1666666666669)	(47.0, 357.66666666666384)	(48.0, 962.0000000000394)	(49.0, 682.3333333333411)	(50.0, 1051.6666666667068)	(51.0, 1996.3333333331589)	(52.0, 2741.5000000001287)	(53.0, 5454.833333332843)	(54.0, 8820.999999998163)	(55.0, 6088.999999998932)	(56.0, 2562.333333333381)	(57.0, 612.9999999999998)	(58.0, 181.66666666666745)	(59.0, 64.66666666666683)	(60.0, 32.66666666666662)	(61.0, 28.3333333333333)	(62.0, 25.33333333333331)	(63.0, 25.666666666666643)	(64.0, 42.33333333333336)	(65.0, 19.0)	(66.0, 19.999999999999996)	(67.0, 39.333333333333336)	(68.0, 26.333333333333307)	(69.0, 15.000000000000009)	(70.0, 17.000000000000007)	(71.0, 45.00000000000004)	(72.0, 154.33333333333334)	(73.0, 45.666666666666714)	(74.0, 9.333333333333332)	(75.0, 3.0)	(76.0, 1.3333333333333333)	(77.0, 0.3333333333333333)	(78.0, 0.3333333333333333)	(79.0, 0.3333333333333333)	(80.0, 0.6666666666666666)	(81.0, 0.3333333333333333)	(82.0, 0.0)	(83.0, 0.3333333333333333)	(84.0, 0.0)	(85.0, 0.0)	(86.0, 0.0)	(87.0, 0.0)	(88.0, 0.0)	(89.0, 0.0)	(90.0, 0.3333333333333333)	(91.0, 0.3333333333333333)	(92.0, 0.0)	(93.0, 0.0)	(94.0, 0.0)	(95.0, 0.0)	(96.0, 0.0)	(97.0, 0.0)	(98.0, 0.3333333333333333)	(99.0, 0.0)	(100.0, 0.0)
SRR19621126_1	(0.0, 0.0)	(1.0, 0.0)	(2.0, 0.0)	(3.0, 0.0)	(4.0, 0.0)	(5.0, 0.0)	(6.0, 0.0)	(7.0, 0.0)	(8.0, 0.0)	(9.0, 0.0)	(10.0, 0.0)	(11.0, 0.0)	(12.0, 0.0)	(13.0, 0.0)	(14.0, 0.0)	(15.0, 0.0)	(16.0, 0.0)	(17.0, 0.0)	(18.0, 0.0)	(19.0, 0.0)	(20.0, 0.0)	(21.0, 0.0)	(22.0, 0.0)	(23.0, 0.0)	(24.0, 0.0)	(25.0, 0.0)	(26.0, 0.0)	(27.0, 0.0)	(28.0, 0.0)	(29.0, 0.0)	(30.0, 0.0)	(31.0, 0.0)	(32.0, 0.0)	(33.0, 0.0)	(34.0, 0.0)	(35.0, 0.3333333333333333)	(36.0, 1.0)	(37.0, 1.0)	(38.0, 1.9999999999999998)	(39.0, 4.666666666666666)	(40.0, 13.666666666666673)	(41.0, 18.666666666666668)	(42.0, 25.999999999999975)	(43.0, 33.66666666666663)	(44.0, 39.66666666666667)	(45.0, 50.00000000000008)	(46.0, 111.66666666666616)	(47.0, 135.3333333333328)	(48.0, 190.00000000000102)	(49.0, 1460.3333333332805)	(50.0, 6402.666666665314)	(51.0, 2559.3333333333794)	(52.0, 3698.666666667231)	(53.0, 6393.666666665322)	(54.0, 4407.666666667128)	(55.0, 1983.3333333331616)	(56.0, 434.6666666666594)	(57.0, 146.9999999999998)	(58.0, 45.33333333333338)	(59.0, 18.666666666666668)	(60.0, 25.33333333333331)	(61.0, 40.33333333333334)	(62.0, 23.66666666666665)	(63.0, 12.666666666666671)	(64.0, 16.00000000000001)	(65.0, 11.333333333333336)	(66.0, 4.999999999999999)	(67.0, 7.33333333333333)	(68.0, 65.66666666666681)	(69.0, 148.99999999999986)	(70.0, 21.333333333333325)	(71.0, 4.666666666666666)	(72.0, 1.9999999999999998)	(73.0, 1.0)	(74.0, 0.6666666666666666)	(75.0, 0.6666666666666666)	(76.0, 0.0)	(77.0, 0.0)	(78.0, 0.0)	(79.0, 0.0)	(80.0, 0.0)	(81.0, 0.0)	(82.0, 0.0)	(83.0, 0.0)	(84.0, 0.0)	(85.0, 0.0)	(86.0, 0.0)	(87.0, 0.0)	(88.0, 0.0)	(89.0, 0.0)	(90.0, 0.0)	(91.0, 0.0)	(92.0, 0.0)	(93.0, 0.0)	(94.0, 0.0)	(95.0, 0.0)	(96.0, 0.0)	(97.0, 0.0)	(98.0, 0.0)	(99.0, 0.0)	(100.0, 0.0)
SRR19621126_2	(0.0, 0.0)	(1.0, 0.0)	(2.0, 0.0)	(3.0, 0.0)	(4.0, 0.0)	(5.0, 0.0)	(6.0, 0.0)	(7.0, 0.0)	(8.0, 0.0)	(9.0, 0.0)	(10.0, 0.0)	(11.0, 0.0)	(12.0, 0.0)	(13.0, 0.0)	(14.0, 0.0)	(15.0, 0.0)	(16.0, 0.0)	(17.0, 0.0)	(18.0, 0.0)	(19.0, 0.0)	(20.0, 0.0)	(21.0, 0.0)	(22.0, 0.0)	(23.0, 0.0)	(24.0, 0.0)	(25.0, 0.0)	(26.0, 0.0)	(27.0, 0.0)	(28.0, 0.0)	(29.0, 0.3333333333333333)	(30.0, 0.3333333333333333)	(31.0, 1.0)	(32.0, 0.6666666666666666)	(33.0, 0.6666666666666666)	(34.0, 0.0)	(35.0, 1.5)	(36.0, 1.8333333333333333)	(37.0, 1.6666666666666665)	(38.0, 2.333333333333333)	(39.0, 4.999999999999999)	(40.0, 18.333333333333336)	(41.0, 22.33333333333332)	(42.0, 22.666666666666654)	(43.0, 36.499999999999986)	(44.0, 49.50000000000008)	(45.0, 67.83333333333346)	(46.0, 48.8333333333334)	(47.0, 100.16666666666634)	(48.0, 199.33333333333462)	(49.0, 274.3333333333352)	(50.0, 922.0000000000349)	(51.0, 5877.833333332458)	(52.0, 7504.166666664311)	(53.0, 5303.499999999646)	(54.0, 4470.000000000405)	(55.0, 3737.0000000005816)	(56.0, 1998.3333333331582)	(57.0, 347.99999999999767)	(58.0, 129.33333333333263)	(59.0, 78.66666666666663)	(60.0, 24.99999999999998)	(61.0, 23.66666666666665)	(62.0, 13.666666666666673)	(63.0, 12.000000000000004)	(64.0, 37.99999999999999)	(65.0, 11.000000000000002)	(66.0, 8.999999999999998)	(67.0, 20.33333333333333)	(68.0, 10.0)	(69.0, 7.33333333333333)	(70.0, 9.666666666666666)	(71.0, 36.999999999999986)	(72.0, 139.33333333333292)	(73.0, 36.66666666666665)	(74.0, 3.0)	(75.0, 1.3333333333333333)	(76.0, 1.0)	(77.0, 0.6666666666666666)	(78.0, 0.0)	(79.0, 0.0)	(80.0, 0.3333333333333333)	(81.0, 0.0)	(82.0, 0.0)	(83.0, 0.3333333333333333)	(84.0, 0.0)	(85.0, 0.0)	(86.0, 0.0)	(87.0, 0.0)	(88.0, 0.0)	(89.0, 0.0)	(90.0, 0.0)	(91.0, 0.3333333333333333)	(92.0, 0.3333333333333333)	(93.0, 0.0)	(94.0, 0.0)	(95.0, 0.0)	(96.0, 0.0)	(97.0, 0.0)	(98.0, 0.0)	(99.0, 0.0)	(100.0, 0.0)
SRR19621127_1	(0.0, 0.0)	(1.0, 0.0)	(2.0, 0.0)	(3.0, 0.0)	(4.0, 0.0)	(5.0, 0.0)	(6.0, 0.0)	(7.0, 0.0)	(8.0, 0.0)	(9.0, 0.0)	(10.0, 0.0)	(11.0, 0.0)	(12.0, 0.0)	(13.0, 0.0)	(14.0, 0.0)	(15.0, 0.0)	(16.0, 0.0)	(17.0, 0.0)	(18.0, 0.0)	(19.0, 0.0)	(20.0, 0.0)	(21.0, 0.0)	(22.0, 0.0)	(23.0, 0.0)	(24.0, 0.0)	(25.0, 0.0)	(26.0, 0.0)	(27.0, 0.0)	(28.0, 0.0)	(29.0, 0.0)	(30.0, 0.0)	(31.0, 0.0)	(32.0, 0.0)	(33.0, 0.0)	(34.0, 0.0)	(35.0, 0.0)	(36.0, 0.6666666666666666)	(37.0, 0.6666666666666666)	(38.0, 3.3333333333333335)	(39.0, 8.666666666666664)	(40.0, 19.999999999999996)	(41.0, 29.99999999999996)	(42.0, 35.66666666666664)	(43.0, 45.00000000000004)	(44.0, 52.666666666666764)	(45.0, 60.00000000000015)	(46.0, 92.99999999999976)	(47.0, 142.66666666666634)	(48.0, 631.6666666666686)	(49.0, 865.0000000000284)	(50.0, 1579.99999999992)	(51.0, 3118.3333333336336)	(52.0, 7486.666666664328)	(53.0, 7006.999999998097)	(54.0, 5011.333333333246)	(55.0, 2736.6666666667934)	(56.0, 583.6666666666631)	(57.0, 146.9999999999998)	(58.0, 62.00000000000016)	(59.0, 26.66666666666664)	(60.0, 17.66666666666667)	(61.0, 19.333333333333332)	(62.0, 10.0)	(63.0, 9.333333333333332)	(64.0, 14.666666666666675)	(65.0, 11.000000000000002)	(66.0, 4.999999999999999)	(67.0, 3.666666666666667)	(68.0, 19.333333333333332)	(69.0, 46.333333333333385)	(70.0, 4.333333333333333)	(71.0, 0.6666666666666666)	(72.0, 0.6666666666666666)	(73.0, 0.3333333333333333)	(74.0, 0.0)	(75.0, 0.0)	(76.0, 0.0)	(77.0, 0.0)	(78.0, 0.0)	(79.0, 0.0)	(80.0, 0.0)	(81.0, 0.0)	(82.0, 0.0)	(83.0, 0.0)	(84.0, 0.0)	(85.0, 0.0)	(86.0, 0.0)	(87.0, 0.0)	(88.0, 0.0)	(89.0, 0.0)	(90.0, 0.0)	(91.0, 0.0)	(92.0, 0.0)	(93.0, 0.0)	(94.0, 0.0)	(95.0, 0.0)	(96.0, 0.0)	(97.0, 0.0)	(98.0, 0.0)	(99.0, 0.0)	(100.0, 0.0)
SRR19621127_2	(0.0, 0.0)	(1.0, 0.0)	(2.0, 0.0)	(3.0, 0.0)	(4.0, 0.0)	(5.0, 0.0)	(6.0, 0.0)	(7.0, 0.0)	(8.0, 0.0)	(9.0, 0.0)	(10.0, 0.0)	(11.0, 0.0)	(12.0, 0.0)	(13.0, 0.0)	(14.0, 0.0)	(15.0, 0.0)	(16.0, 0.0)	(17.0, 0.0)	(18.0, 0.0)	(19.0, 0.0)	(20.0, 0.0)	(21.0, 0.0)	(22.0, 0.0)	(23.0, 0.0)	(24.0, 0.0)	(25.0, 0.0)	(26.0, 0.0)	(27.0, 0.0)	(28.0, 0.0)	(29.0, 0.0)	(30.0, 0.0)	(31.0, 0.0)	(32.0, 0.0)	(33.0, 0.0)	(34.0, 0.0)	(35.0, 0.3333333333333333)	(36.0, 1.3333333333333333)	(37.0, 2.6666666666666665)	(38.0, 4.166666666666667)	(39.0, 5.666666666666666)	(40.0, 20.83333333333333)	(41.0, 33.99999999999997)	(42.0, 41.50000000000003)	(43.0, 48.8333333333334)	(44.0, 56.66666666666679)	(45.0, 64.66666666666683)	(46.0, 69.00000000000011)	(47.0, 101.66666666666632)	(48.0, 401.6666666666613)	(49.0, 608.4999999999992)	(50.0, 814.833333333356)	(51.0, 1736.9999999998843)	(52.0, 2587.333333333392)	(53.0, 6768.999999998314)	(54.0, 6881.999999998211)	(55.0, 5032.66666666656)	(56.0, 3222.500000000348)	(57.0, 635.166666666669)	(58.0, 187.00000000000094)	(59.0, 66.00000000000014)	(60.0, 32.66666666666662)	(61.0, 21.666666666666657)	(62.0, 14.333333333333341)	(63.0, 12.000000000000004)	(64.0, 17.000000000000007)	(65.0, 6.999999999999997)	(66.0, 8.666666666666664)	(67.0, 12.333333333333337)	(68.0, 5.666666666666665)	(69.0, 3.666666666666667)	(70.0, 4.999999999999999)	(71.0, 11.333333333333336)	(72.0, 39.66666666666667)	(73.0, 7.666666666666663)	(74.0, 0.6666666666666666)	(75.0, 0.0)	(76.0, 0.3333333333333333)	(77.0, 0.0)	(78.0, 0.0)	(79.0, 0.0)	(80.0, 0.0)	(81.0, 0.0)	(82.0, 0.0)	(83.0, 0.0)	(84.0, 0.0)	(85.0, 0.0)	(86.0, 0.0)	(87.0, 0.0)	(88.0, 0.0)	(89.0, 0.0)	(90.0, 0.0)	(91.0, 0.0)	(92.0, 0.0)	(93.0, 0.0)	(94.0, 0.0)	(95.0, 0.0)	(96.0, 0.0)	(97.0, 0.0)	(98.0, 0.0)	(99.0, 0.0)	(100.0, 0.0)
SRR19621128_1	(0.0, 0.0)	(1.0, 0.0)	(2.0, 0.0)	(3.0, 0.0)	(4.0, 0.0)	(5.0, 0.0)	(6.0, 0.0)	(7.0, 0.0)	(8.0, 0.0)	(9.0, 0.0)	(10.0, 0.0)	(11.0, 0.0)	(12.0, 0.0)	(13.0, 0.0)	(14.0, 0.0)	(15.0, 0.0)	(16.0, 0.0)	(17.0, 0.0)	(18.0, 0.0)	(19.0, 0.0)	(20.0, 0.0)	(21.0, 0.0)	(22.0, 0.0)	(23.0, 0.0)	(24.0, 0.0)	(25.0, 0.0)	(26.0, 0.0)	(27.0, 0.0)	(28.0, 0.0)	(29.0, 0.0)	(30.0, 0.3333333333333333)	(31.0, 0.6666666666666666)	(32.0, 0.6666666666666666)	(33.0, 0.0)	(34.0, 0.0)	(35.0, 0.0)	(36.0, 0.6666666666666666)	(37.0, 1.3333333333333333)	(38.0, 4.999999999999999)	(39.0, 12.333333333333337)	(40.0, 24.666666666666647)	(41.0, 23.66666666666665)	(42.0, 37.99999999999999)	(43.0, 82.9999999999999)	(44.0, 85.99999999999986)	(45.0, 91.33333333333312)	(46.0, 148.33333333333317)	(47.0, 120.99999999999936)	(48.0, 144.6666666666664)	(49.0, 398.99999999999477)	(50.0, 1469.999999999945)	(51.0, 3358.6666666670762)	(52.0, 5461.333333332836)	(53.0, 6911.666666664851)	(54.0, 5389.999999999568)	(55.0, 3609.333333333857)	(56.0, 895.0000000000318)	(57.0, 496.9999999999892)	(58.0, 414.99999999999386)	(59.0, 92.66666666666643)	(60.0, 36.333333333333314)	(61.0, 19.0)	(62.0, 9.666666666666666)	(63.0, 13.33333333333334)	(64.0, 37.99999999999999)	(65.0, 63.66666666666684)	(66.0, 40.66666666666668)	(67.0, 6.333333333333331)	(68.0, 3.3333333333333335)	(69.0, 2.6666666666666665)	(70.0, 0.6666666666666666)	(71.0, 0.6666666666666666)	(72.0, 0.6666666666666666)	(73.0, 0.3333333333333333)	(74.0, 0.3333333333333333)	(75.0, 0.0)	(76.0, 0.0)	(77.0, 0.0)	(78.0, 0.0)	(79.0, 0.0)	(80.0, 0.0)	(81.0, 0.0)	(82.0, 0.0)	(83.0, 0.0)	(84.0, 0.0)	(85.0, 0.0)	(86.0, 0.0)	(87.0, 0.0)	(88.0, 0.0)	(89.0, 0.0)	(90.0, 0.0)	(91.0, 0.0)	(92.0, 0.0)	(93.0, 0.0)	(94.0, 0.0)	(95.0, 0.0)	(96.0, 0.0)	(97.0, 0.0)	(98.0, 0.0)	(99.0, 0.0)	(100.0, 0.0)
SRR19621128_2	(0.0, 0.0)	(1.0, 0.0)	(2.0, 0.0)	(3.0, 0.0)	(4.0, 0.0)	(5.0, 0.0)	(6.0, 0.0)	(7.0, 0.0)	(8.0, 0.0)	(9.0, 0.0)	(10.0, 0.0)	(11.0, 0.0)	(12.0, 0.0)	(13.0, 0.0)	(14.0, 0.0)	(15.0, 0.0)	(16.0, 0.0)	(17.0, 0.0)	(18.0, 0.0)	(19.0, 0.0)	(20.0, 0.0)	(21.0, 0.0)	(22.0, 0.0)	(23.0, 0.0)	(24.0, 0.0)	(25.0, 0.0)	(26.0, 0.0)	(27.0, 0.3333333333333333)	(28.0, 0.0)	(29.0, 0.6666666666666666)	(30.0, 0.3333333333333333)	(31.0, 0.0)	(32.0, 0.0)	(33.0, 0.0)	(34.0, 0.0)	(35.0, 0.0)	(36.0, 1.3333333333333333)	(37.0, 2.333333333333333)	(38.0, 3.0)	(39.0, 6.333333333333331)	(40.0, 22.833333333333318)	(41.0, 60.66666666666683)	(42.0, 62.8333333333335)	(43.0, 49.00000000000008)	(44.0, 57.00000000000013)	(45.0, 75.33333333333334)	(46.0, 82.99999999999991)	(47.0, 168.83333333333374)	(48.0, 269.3333333333354)	(49.0, 330.33333333333195)	(50.0, 441.9999999999923)	(51.0, 1348.4999999999727)	(52.0, 3348.333333333738)	(53.0, 4714.666666666849)	(54.0, 5974.999999999036)	(55.0, 5146.166666666457)	(56.0, 4161.500000000686)	(57.0, 1566.999999999923)	(58.0, 293.3333333333341)	(59.0, 116.66666666666609)	(60.0, 329.9999999999987)	(61.0, 375.66666666666276)	(62.0, 93.99999999999974)	(63.0, 30.999999999999957)	(64.0, 19.999999999999996)	(65.0, 15.333333333333343)	(66.0, 14.333333333333341)	(67.0, 37.33333333333332)	(68.0, 49.33333333333341)	(69.0, 16.00000000000001)	(70.0, 3.3333333333333335)	(71.0, 1.6666666666666665)	(72.0, 1.3333333333333333)	(73.0, 0.0)	(74.0, 0.3333333333333333)	(75.0, 0.0)	(76.0, 0.0)	(77.0, 0.6666666666666666)	(78.0, 0.3333333333333333)	(79.0, 0.0)	(80.0, 0.0)	(81.0, 0.0)	(82.0, 0.0)	(83.0, 0.0)	(84.0, 0.0)	(85.0, 0.3333333333333333)	(86.0, 0.0)	(87.0, 0.0)	(88.0, 0.0)	(89.0, 0.0)	(90.0, 0.0)	(91.0, 0.0)	(92.0, 0.0)	(93.0, 0.0)	(94.0, 0.0)	(95.0, 0.0)	(96.0, 0.3333333333333333)	(97.0, 0.3333333333333333)	(98.0, 0.0)	(99.0, 0.0)	(100.0, 0.0)
SRR19621129_1	(0.0, 0.0)	(1.0, 0.0)	(2.0, 0.0)	(3.0, 0.0)	(4.0, 0.0)	(5.0, 0.0)	(6.0, 0.0)	(7.0, 0.0)	(8.0, 0.0)	(9.0, 0.0)	(10.0, 0.0)	(11.0, 0.0)	(12.0, 0.0)	(13.0, 0.0)	(14.0, 0.0)	(15.0, 0.0)	(16.0, 0.0)	(17.0, 0.0)	(18.0, 0.0)	(19.0, 0.0)	(20.0, 0.0)	(21.0, 0.0)	(22.0, 0.0)	(23.0, 0.0)	(24.0, 0.0)	(25.0, 0.0)	(26.0, 0.0)	(27.0, 0.0)	(28.0, 0.0)	(29.0, 0.0)	(30.0, 0.0)	(31.0, 0.0)	(32.0, 0.0)	(33.0, 0.0)	(34.0, 0.0)	(35.0, 0.0)	(36.0, 0.3333333333333333)	(37.0, 1.0)	(38.0, 1.3333333333333333)	(39.0, 3.0)	(40.0, 7.666666666666663)	(41.0, 12.000000000000004)	(42.0, 16.00000000000001)	(43.0, 20.999999999999993)	(44.0, 32.99999999999996)	(45.0, 108.6666666666662)	(46.0, 198.66666666666794)	(47.0, 170.00000000000045)	(48.0, 645.0000000000034)	(49.0, 1142.3333333333528)	(50.0, 1486.3333333332746)	(51.0, 2113.66666666651)	(52.0, 3035.333333333596)	(53.0, 3579.6666666671767)	(54.0, 2666.0000000000946)	(55.0, 1798.9999999998702)	(56.0, 504.66666666665543)	(57.0, 622.6666666666675)	(58.0, 572.3333333333285)	(59.0, 152.3333333333333)	(60.0, 41.000000000000014)	(61.0, 10.666666666666668)	(62.0, 1.9999999999999998)	(63.0, 3.0)	(64.0, 4.999999999999999)	(65.0, 6.333333333333331)	(66.0, 5.333333333333332)	(67.0, 9.333333333333332)	(68.0, 50.66666666666675)	(69.0, 168.66666666666708)	(70.0, 20.999999999999993)	(71.0, 1.6666666666666665)	(72.0, 0.6666666666666666)	(73.0, 0.0)	(74.0, 0.0)	(75.0, 0.3333333333333333)	(76.0, 0.0)	(77.0, 0.0)	(78.0, 0.0)	(79.0, 0.0)	(80.0, 0.0)	(81.0, 0.0)	(82.0, 0.0)	(83.0, 0.0)	(84.0, 0.0)	(85.0, 0.0)	(86.0, 0.0)	(87.0, 0.0)	(88.0, 0.0)	(89.0, 0.0)	(90.0, 0.0)	(91.0, 0.0)	(92.0, 0.0)	(93.0, 0.0)	(94.0, 0.0)	(95.0, 0.0)	(96.0, 0.0)	(97.0, 0.0)	(98.0, 0.0)	(99.0, 0.0)	(100.0, 0.0)
SRR19621129_2	(0.0, 0.0)	(1.0, 0.0)	(2.0, 0.0)	(3.0, 0.0)	(4.0, 0.0)	(5.0, 0.0)	(6.0, 0.0)	(7.0, 0.0)	(8.0, 0.0)	(9.0, 0.0)	(10.0, 0.0)	(11.0, 0.0)	(12.0, 0.0)	(13.0, 0.0)	(14.0, 0.0)	(15.0, 0.0)	(16.0, 0.0)	(17.0, 0.0)	(18.0, 0.0)	(19.0, 0.0)	(20.0, 0.0)	(21.0, 0.0)	(22.0, 0.0)	(23.0, 0.0)	(24.0, 0.0)	(25.0, 0.0)	(26.0, 0.0)	(27.0, 0.0)	(28.0, 0.0)	(29.0, 0.0)	(30.0, 0.0)	(31.0, 0.0)	(32.0, 0.0)	(33.0, 0.0)	(34.0, 0.0)	(35.0, 0.0)	(36.0, 0.0)	(37.0, 0.3333333333333333)	(38.0, 1.0)	(39.0, 4.0)	(40.0, 7.666666666666663)	(41.0, 9.666666666666666)	(42.0, 15.666666666666677)	(43.0, 22.49999999999999)	(44.0, 24.833333333333318)	(45.0, 77.99999999999997)	(46.0, 90.16666666666647)	(47.0, 203.83333333333476)	(48.0, 265.666666666669)	(49.0, 605.1666666666656)	(50.0, 659.5000000000051)	(51.0, 1974.666666666497)	(52.0, 3051.333333333603)	(53.0, 3218.6666666670126)	(54.0, 3051.0000000002697)	(55.0, 2082.3333333331625)	(56.0, 1663.3333333332343)	(57.0, 929.6666666667024)	(58.0, 150.66666666666657)	(59.0, 82.66666666666657)	(60.0, 323.6666666666657)	(61.0, 579.3333333333293)	(62.0, 188.00000000000097)	(63.0, 40.33333333333334)	(64.0, 13.33333333333334)	(65.0, 8.999999999999998)	(66.0, 10.0)	(67.0, 11.000000000000002)	(68.0, 9.333333333333332)	(69.0, 6.999999999999997)	(70.0, 10.0)	(71.0, 32.99999999999996)	(72.0, 147.99999999999983)	(73.0, 26.99999999999997)	(74.0, 3.0)	(75.0, 1.3333333333333333)	(76.0, 1.3333333333333333)	(77.0, 0.0)	(78.0, 0.0)	(79.0, 0.0)	(80.0, 0.3333333333333333)	(81.0, 0.3333333333333333)	(82.0, 0.0)	(83.0, 0.0)	(84.0, 0.0)	(85.0, 0.0)	(86.0, 0.0)	(87.0, 0.0)	(88.0, 0.0)	(89.0, 0.0)	(90.0, 0.0)	(91.0, 0.0)	(92.0, 0.0)	(93.0, 0.0)	(94.0, 0.0)	(95.0, 0.0)	(96.0, 0.0)	(97.0, 0.0)	(98.0, 0.0)	(99.0, 0.0)	(100.0, 0.0)
SRR19621130_1	(0.0, 0.0)	(1.0, 0.0)	(2.0, 0.0)	(3.0, 0.0)	(4.0, 0.0)	(5.0, 0.0)	(6.0, 0.0)	(7.0, 0.0)	(8.0, 0.0)	(9.0, 0.0)	(10.0, 0.0)	(11.0, 0.0)	(12.0, 0.0)	(13.0, 0.0)	(14.0, 0.0)	(15.0, 0.0)	(16.0, 0.0)	(17.0, 0.0)	(18.0, 0.0)	(19.0, 0.0)	(20.0, 0.0)	(21.0, 0.0)	(22.0, 0.0)	(23.0, 0.0)	(24.0, 0.0)	(25.0, 0.0)	(26.0, 0.0)	(27.0, 0.0)	(28.0, 0.0)	(29.0, 0.0)	(30.0, 0.0)	(31.0, 0.0)	(32.0, 0.0)	(33.0, 0.0)	(34.0, 0.0)	(35.0, 0.0)	(36.0, 1.0)	(37.0, 1.6666666666666665)	(38.0, 1.6666666666666665)	(39.0, 4.999999999999999)	(40.0, 16.333333333333343)	(41.0, 27.666666666666636)	(42.0, 31.999999999999954)	(43.0, 39.66666666666667)	(44.0, 44.66666666666671)	(45.0, 116.66666666666609)	(46.0, 324.66666666666566)	(47.0, 355.6666666666639)	(48.0, 1157.6666666666827)	(49.0, 2973.3333333335677)	(50.0, 3779.333333333934)	(51.0, 1885.3333333331839)	(52.0, 2553.66666666671)	(53.0, 3060.3333333336072)	(54.0, 3215.666666667011)	(55.0, 5211.666666666397)	(56.0, 1572.333333333255)	(57.0, 2921.0000000002105)	(58.0, 3251.0000000003606)	(59.0, 818.6666666666898)	(60.0, 173.33333333333388)	(61.0, 43.00000000000003)	(62.0, 21.333333333333325)	(63.0, 10.666666666666668)	(64.0, 7.666666666666663)	(65.0, 7.666666666666663)	(66.0, 8.999999999999998)	(67.0, 17.33333333333334)	(68.0, 99.333333333333)	(69.0, 326.66666666666555)	(70.0, 53.66666666666677)	(71.0, 6.666666666666664)	(72.0, 3.3333333333333335)	(73.0, 2.6666666666666665)	(74.0, 1.0)	(75.0, 0.6666666666666666)	(76.0, 0.6666666666666666)	(77.0, 0.0)	(78.0, 0.0)	(79.0, 0.0)	(80.0, 0.0)	(81.0, 0.0)	(82.0, 0.0)	(83.0, 0.0)	(84.0, 0.0)	(85.0, 0.0)	(86.0, 0.0)	(87.0, 0.0)	(88.0, 0.0)	(89.0, 0.0)	(90.0, 0.0)	(91.0, 0.0)	(92.0, 0.0)	(93.0, 0.0)	(94.0, 0.0)	(95.0, 0.0)	(96.0, 0.0)	(97.0, 0.3333333333333333)	(98.0, 0.3333333333333333)	(99.0, 0.0)	(100.0, 0.0)
SRR19621130_2	(0.0, 0.0)	(1.0, 0.0)	(2.0, 0.0)	(3.0, 0.0)	(4.0, 0.0)	(5.0, 0.0)	(6.0, 0.0)	(7.0, 0.0)	(8.0, 0.0)	(9.0, 0.0)	(10.0, 0.0)	(11.0, 0.0)	(12.0, 0.0)	(13.0, 0.0)	(14.0, 0.0)	(15.0, 0.0)	(16.0, 0.0)	(17.0, 0.0)	(18.0, 0.0)	(19.0, 0.0)	(20.0, 0.0)	(21.0, 0.0)	(22.0, 0.0)	(23.0, 0.0)	(24.0, 0.0)	(25.0, 0.0)	(26.0, 0.3333333333333333)	(27.0, 0.3333333333333333)	(28.0, 0.6666666666666666)	(29.0, 0.3333333333333333)	(30.0, 0.6666666666666666)	(31.0, 0.6666666666666666)	(32.0, 0.3333333333333333)	(33.0, 0.3333333333333333)	(34.0, 0.0)	(35.0, 0.0)	(36.0, 0.6666666666666666)	(37.0, 1.9999999999999998)	(38.0, 1.9999999999999998)	(39.0, 7.9999999999999964)	(40.0, 19.0)	(41.0, 24.333333333333314)	(42.0, 33.16666666666663)	(43.0, 51.16666666666676)	(44.0, 51.83333333333343)	(45.0, 74.00000000000003)	(46.0, 100.83333333333299)	(47.0, 363.3333333333302)	(48.0, 423.66666666666003)	(49.0, 1013.3333333333786)	(50.0, 1134.0000000000214)	(51.0, 4058.6666666673946)	(52.0, 3868.666666667308)	(53.0, 3130.333333333639)	(54.0, 3083.666666666951)	(55.0, 2468.0000000000045)	(56.0, 4155.000000000691)	(57.0, 3709.3333333339024)	(58.0, 436.6666666666593)	(59.0, 256.3333333333362)	(60.0, 1791.3333333332052)	(61.0, 3276.666666667039)	(62.0, 1133.3333333333549)	(63.0, 216.00000000000176)	(64.0, 64.00000000000017)	(65.0, 34.3333333333333)	(66.0, 27.666666666666636)	(67.0, 26.333333333333307)	(68.0, 20.33333333333333)	(69.0, 18.333333333333336)	(70.0, 24.99999999999998)	(71.0, 67.66666666666679)	(72.0, 291.66666666666754)	(73.0, 63.00000000000017)	(74.0, 8.999999999999998)	(75.0, 1.0)	(76.0, 0.0)	(77.0, 1.0)	(78.0, 0.3333333333333333)	(79.0, 0.0)	(80.0, 0.6666666666666666)	(81.0, 0.6666666666666666)	(82.0, 0.3333333333333333)	(83.0, 0.0)	(84.0, 0.0)	(85.0, 0.0)	(86.0, 0.3333333333333333)	(87.0, 0.0)	(88.0, 0.0)	(89.0, 0.3333333333333333)	(90.0, 0.3333333333333333)	(91.0, 0.0)	(92.0, 0.0)	(93.0, 0.0)	(94.0, 0.0)	(95.0, 0.0)	(96.0, 0.0)	(97.0, 0.3333333333333333)	(98.0, 0.3333333333333333)	(99.0, 0.0)	(100.0, 0.0)
SRR19621131_1	(0.0, 0.0)	(1.0, 0.0)	(2.0, 0.0)	(3.0, 0.0)	(4.0, 0.0)	(5.0, 0.0)	(6.0, 0.0)	(7.0, 0.0)	(8.0, 0.0)	(9.0, 0.0)	(10.0, 0.0)	(11.0, 0.0)	(12.0, 0.0)	(13.0, 0.0)	(14.0, 0.0)	(15.0, 0.0)	(16.0, 0.0)	(17.0, 0.0)	(18.0, 0.0)	(19.0, 0.0)	(20.0, 0.0)	(21.0, 0.0)	(22.0, 0.0)	(23.0, 0.0)	(24.0, 0.0)	(25.0, 0.0)	(26.0, 0.0)	(27.0, 0.0)	(28.0, 0.0)	(29.0, 0.0)	(30.0, 0.0)	(31.0, 0.0)	(32.0, 0.0)	(33.0, 0.0)	(34.0, 0.0)	(35.0, 0.0)	(36.0, 1.3333333333333333)	(37.0, 1.6666666666666665)	(38.0, 3.0)	(39.0, 12.333333333333337)	(40.0, 22.999999999999986)	(41.0, 24.333333333333314)	(42.0, 35.66666666666664)	(43.0, 49.00000000000007)	(44.0, 61.66666666666683)	(45.0, 289.66666666666765)	(46.0, 472.99999999999056)	(47.0, 608.3333333333326)	(48.0, 1265.3333333333248)	(49.0, 1846.3333333331927)	(50.0, 2936.333333333551)	(51.0, 3449.333333333784)	(52.0, 4345.000000000518)	(53.0, 5604.333333332706)	(54.0, 5742.999999999247)	(55.0, 3288.333333333711)	(56.0, 683.6666666666745)	(57.0, 884.0000000000306)	(58.0, 941.0000000000371)	(59.0, 378.9999999999959)	(60.0, 71.00000000000007)	(61.0, 17.66666666666667)	(62.0, 6.999999999999997)	(63.0, 4.999999999999999)	(64.0, 5.666666666666665)	(65.0, 4.0)	(66.0, 5.333333333333332)	(67.0, 10.0)	(68.0, 35.99999999999998)	(69.0, 115.33333333333277)	(70.0, 13.33333333333334)	(71.0, 1.9999999999999998)	(72.0, 1.3333333333333333)	(73.0, 1.0)	(74.0, 1.0)	(75.0, 0.0)	(76.0, 0.0)	(77.0, 0.0)	(78.0, 0.0)	(79.0, 0.0)	(80.0, 0.0)	(81.0, 0.0)	(82.0, 0.0)	(83.0, 0.0)	(84.0, 0.0)	(85.0, 0.0)	(86.0, 0.0)	(87.0, 0.0)	(88.0, 0.0)	(89.0, 0.0)	(90.0, 0.0)	(91.0, 0.0)	(92.0, 0.0)	(93.0, 0.0)	(94.0, 0.0)	(95.0, 0.0)	(96.0, 0.0)	(97.0, 0.3333333333333333)	(98.0, 0.0)	(99.0, 0.0)	(100.0, 0.0)
SRR19621131_2	(0.0, 0.0)	(1.0, 0.0)	(2.0, 0.0)	(3.0, 0.0)	(4.0, 0.0)	(5.0, 0.0)	(6.0, 0.0)	(7.0, 0.0)	(8.0, 0.0)	(9.0, 0.0)	(10.0, 0.0)	(11.0, 0.0)	(12.0, 0.0)	(13.0, 0.0)	(14.0, 0.0)	(15.0, 0.0)	(16.0, 0.0)	(17.0, 0.0)	(18.0, 0.0)	(19.0, 0.0)	(20.0, 0.0)	(21.0, 0.0)	(22.0, 0.0)	(23.0, 0.0)	(24.0, 0.0)	(25.0, 0.0)	(26.0, 0.0)	(27.0, 0.0)	(28.0, 0.0)	(29.0, 0.0)	(30.0, 0.0)	(31.0, 0.0)	(32.0, 0.3333333333333333)	(33.0, 0.3333333333333333)	(34.0, 0.0)	(35.0, 0.0)	(36.0, 1.6666666666666665)	(37.0, 4.5)	(38.0, 4.833333333333333)	(39.0, 8.666666666666664)	(40.0, 18.999999999999996)	(41.0, 28.499999999999968)	(42.0, 39.83333333333334)	(43.0, 50.50000000000008)	(44.0, 56.50000000000012)	(45.0, 188.00000000000097)	(46.0, 270.66666666666873)	(47.0, 483.66666666665657)	(48.0, 727.6666666666796)	(49.0, 1289.3333333333194)	(50.0, 1737.4999999998843)	(51.0, 2631.833333333412)	(52.0, 4244.333333333943)	(53.0, 5058.999999999869)	(54.0, 4829.833333333411)	(55.0, 4505.16666666704)	(56.0, 3735.6666666672477)	(57.0, 1152.0000000000173)	(58.0, 220.33333333333522)	(59.0, 120.3333333333327)	(60.0, 239.00000000000242)	(61.0, 950.6666666667048)	(62.0, 503.6666666666555)	(63.0, 79.33333333333329)	(64.0, 21.333333333333325)	(65.0, 10.666666666666668)	(66.0, 10.666666666666668)	(67.0, 11.333333333333336)	(68.0, 9.333333333333332)	(69.0, 8.666666666666664)	(70.0, 8.33333333333333)	(71.0, 25.33333333333331)	(72.0, 102.33333333333296)	(73.0, 21.99999999999999)	(74.0, 1.9999999999999998)	(75.0, 0.3333333333333333)	(76.0, 0.6666666666666666)	(77.0, 0.0)	(78.0, 0.0)	(79.0, 0.0)	(80.0, 0.0)	(81.0, 0.0)	(82.0, 0.0)	(83.0, 0.0)	(84.0, 0.0)	(85.0, 0.3333333333333333)	(86.0, 0.0)	(87.0, 0.0)	(88.0, 0.0)	(89.0, 0.0)	(90.0, 0.0)	(91.0, 0.0)	(92.0, 0.0)	(93.0, 0.0)	(94.0, 0.0)	(95.0, 0.0)	(96.0, 0.0)	(97.0, 0.0)	(98.0, 0.0)	(99.0, 0.0)	(100.0, 0.0)
SRR19621132_1	(0.0, 0.0)	(1.0, 0.0)	(2.0, 0.0)	(3.0, 0.0)	(4.0, 0.0)	(5.0, 0.0)	(6.0, 0.0)	(7.0, 0.0)	(8.0, 0.0)	(9.0, 0.0)	(10.0, 0.0)	(11.0, 0.0)	(12.0, 0.0)	(13.0, 0.0)	(14.0, 0.0)	(15.0, 0.0)	(16.0, 0.0)	(17.0, 0.0)	(18.0, 0.0)	(19.0, 0.0)	(20.0, 0.0)	(21.0, 0.0)	(22.0, 0.0)	(23.0, 0.0)	(24.0, 0.0)	(25.0, 0.0)	(26.0, 0.0)	(27.0, 0.0)	(28.0, 0.0)	(29.0, 0.0)	(30.0, 0.0)	(31.0, 0.0)	(32.0, 0.0)	(33.0, 0.0)	(34.0, 0.0)	(35.0, 0.0)	(36.0, 1.6666666666666665)	(37.0, 1.6666666666666665)	(38.0, 1.9999999999999998)	(39.0, 8.33333333333333)	(40.0, 19.333333333333332)	(41.0, 23.333333333333318)	(42.0, 32.99999999999996)	(43.0, 45.666666666666714)	(44.0, 58.000000000000135)	(45.0, 74.33333333333336)	(46.0, 174.3333333333339)	(47.0, 166.66666666666703)	(48.0, 181.3333333333341)	(49.0, 208.33333333333488)	(50.0, 608.9999999999993)	(51.0, 1202.3333333333392)	(52.0, 3762.000000000593)	(53.0, 5523.33333333278)	(54.0, 5512.33333333279)	(55.0, 4175.333333334006)	(56.0, 1185.6666666666763)	(57.0, 1297.6666666666508)	(58.0, 1324.3333333333114)	(59.0, 300.3333333333337)	(60.0, 77.33333333333331)	(61.0, 53.66666666666677)	(62.0, 27.333333333333304)	(63.0, 13.33333333333334)	(64.0, 14.333333333333341)	(65.0, 12.333333333333337)	(66.0, 12.000000000000004)	(67.0, 19.0)	(68.0, 85.99999999999986)	(69.0, 240.00000000000244)	(70.0, 37.33333333333332)	(71.0, 4.666666666666666)	(72.0, 1.0)	(73.0, 1.0)	(74.0, 0.3333333333333333)	(75.0, 0.3333333333333333)	(76.0, 0.3333333333333333)	(77.0, 0.0)	(78.0, 0.0)	(79.0, 0.0)	(80.0, 0.0)	(81.0, 0.0)	(82.0, 0.0)	(83.0, 0.0)	(84.0, 0.0)	(85.0, 0.0)	(86.0, 0.0)	(87.0, 0.0)	(88.0, 0.0)	(89.0, 0.0)	(90.0, 0.0)	(91.0, 0.0)	(92.0, 0.0)	(93.0, 0.0)	(94.0, 0.0)	(95.0, 0.0)	(96.0, 0.0)	(97.0, 0.0)	(98.0, 0.0)	(99.0, 0.0)	(100.0, 0.0)
SRR19621132_2	(0.0, 0.0)	(1.0, 0.0)	(2.0, 0.0)	(3.0, 0.0)	(4.0, 0.0)	(5.0, 0.0)	(6.0, 0.0)	(7.0, 0.0)	(8.0, 0.0)	(9.0, 0.0)	(10.0, 0.0)	(11.0, 0.0)	(12.0, 0.0)	(13.0, 0.0)	(14.0, 0.0)	(15.0, 0.0)	(16.0, 0.0)	(17.0, 0.0)	(18.0, 0.0)	(19.0, 0.0)	(20.0, 0.0)	(21.0, 0.0)	(22.0, 0.0)	(23.0, 0.0)	(24.0, 0.0)	(25.0, 0.0)	(26.0, 0.3333333333333333)	(27.0, 0.3333333333333333)	(28.0, 0.0)	(29.0, 0.0)	(30.0, 0.0)	(31.0, 0.0)	(32.0, 0.0)	(33.0, 0.0)	(34.0, 0.0)	(35.0, 0.0)	(36.0, 1.6666666666666665)	(37.0, 4.0)	(38.0, 3.3333333333333335)	(39.0, 10.0)	(40.0, 23.333333333333318)	(41.0, 28.166666666666632)	(42.0, 34.83333333333331)	(43.0, 38.833333333333336)	(44.0, 57.500000000000135)	(45.0, 94.83333333333307)	(46.0, 78.16666666666664)	(47.0, 185.83333333333422)	(48.0, 211.00000000000162)	(49.0, 125.83333333333263)	(50.0, 311.3333333333331)	(51.0, 749.0000000000152)	(52.0, 849.33333333336)	(53.0, 3201.666666667005)	(54.0, 5064.666666666531)	(55.0, 5239.666666666371)	(56.0, 4493.000000000384)	(57.0, 1548.8333333332605)	(58.0, 348.1666666666643)	(59.0, 190.6666666666677)	(60.0, 1065.000000000037)	(61.0, 1289.999999999986)	(62.0, 352.33333333333076)	(63.0, 97.99999999999969)	(64.0, 63.00000000000017)	(65.0, 28.666666666666632)	(66.0, 19.0)	(67.0, 21.333333333333325)	(68.0, 19.666666666666664)	(69.0, 20.33333333333333)	(70.0, 24.666666666666647)	(71.0, 57.6666666666668)	(72.0, 203.66666666666808)	(73.0, 52.33333333333343)	(74.0, 6.999999999999997)	(75.0, 1.3333333333333333)	(76.0, 1.3333333333333333)	(77.0, 0.3333333333333333)	(78.0, 0.3333333333333333)	(79.0, 1.6666666666666665)	(80.0, 1.0)	(81.0, 0.0)	(82.0, 0.0)	(83.0, 0.0)	(84.0, 0.6666666666666666)	(85.0, 0.0)	(86.0, 0.3333333333333333)	(87.0, 0.3333333333333333)	(88.0, 0.0)	(89.0, 0.0)	(90.0, 0.0)	(91.0, 0.0)	(92.0, 0.0)	(93.0, 0.0)	(94.0, 0.0)	(95.0, 0.0)	(96.0, 0.0)	(97.0, 0.0)	(98.0, 0.0)	(99.0, 0.0)	(100.0, 0.0)
SRR19621133_1	(0.0, 0.0)	(1.0, 0.0)	(2.0, 0.0)	(3.0, 0.0)	(4.0, 0.0)	(5.0, 0.0)	(6.0, 0.0)	(7.0, 0.0)	(8.0, 0.0)	(9.0, 0.0)	(10.0, 0.0)	(11.0, 0.0)	(12.0, 0.0)	(13.0, 0.0)	(14.0, 0.0)	(15.0, 0.0)	(16.0, 0.0)	(17.0, 0.0)	(18.0, 0.0)	(19.0, 0.0)	(20.0, 0.0)	(21.0, 0.0)	(22.0, 0.0)	(23.0, 0.0)	(24.0, 0.0)	(25.0, 0.0)	(26.0, 0.0)	(27.0, 0.0)	(28.0, 0.0)	(29.0, 0.0)	(30.0, 0.0)	(31.0, 0.0)	(32.0, 0.0)	(33.0, 0.0)	(34.0, 0.0)	(35.0, 0.0)	(36.0, 0.3333333333333333)	(37.0, 0.6666666666666666)	(38.0, 2.6666666666666665)	(39.0, 8.999999999999998)	(40.0, 15.333333333333343)	(41.0, 21.333333333333325)	(42.0, 31.33333333333329)	(43.0, 41.666666666666686)	(44.0, 49.00000000000007)	(45.0, 88.99999999999982)	(46.0, 276.00000000000176)	(47.0, 292.33333333333417)	(48.0, 372.66666666666293)	(49.0, 498.6666666666558)	(50.0, 1623.3333333332434)	(51.0, 3377.3333333337514)	(52.0, 5051.999999999875)	(53.0, 6715.666666665029)	(54.0, 5182.999999999756)	(55.0, 2329.999999999942)	(56.0, 523.6666666666563)	(57.0, 155.33333333333337)	(58.0, 49.00000000000007)	(59.0, 34.99999999999997)	(60.0, 45.33333333333338)	(61.0, 18.333333333333336)	(62.0, 11.333333333333336)	(63.0, 26.99999999999997)	(64.0, 91.33333333333312)	(65.0, 28.666666666666632)	(66.0, 9.666666666666666)	(67.0, 6.666666666666664)	(68.0, 39.333333333333336)	(69.0, 99.99999999999966)	(70.0, 12.666666666666671)	(71.0, 3.0)	(72.0, 1.0)	(73.0, 0.3333333333333333)	(74.0, 1.0)	(75.0, 0.3333333333333333)	(76.0, 0.3333333333333333)	(77.0, 0.0)	(78.0, 0.0)	(79.0, 0.0)	(80.0, 0.0)	(81.0, 0.0)	(82.0, 0.0)	(83.0, 0.0)	(84.0, 0.3333333333333333)	(85.0, 0.0)	(86.0, 0.0)	(87.0, 0.0)	(88.0, 0.0)	(89.0, 0.0)	(90.0, 0.0)	(91.0, 0.0)	(92.0, 0.0)	(93.0, 0.0)	(94.0, 0.0)	(95.0, 0.0)	(96.0, 0.0)	(97.0, 0.0)	(98.0, 0.0)	(99.0, 0.0)	(100.0, 0.0)
SRR19621133_2	(0.0, 0.0)	(1.0, 0.0)	(2.0, 0.0)	(3.0, 0.0)	(4.0, 0.0)	(5.0, 0.0)	(6.0, 0.0)	(7.0, 0.0)	(8.0, 0.0)	(9.0, 0.0)	(10.0, 0.0)	(11.0, 0.0)	(12.0, 0.0)	(13.0, 0.0)	(14.0, 0.0)	(15.0, 0.0)	(16.0, 0.0)	(17.0, 0.0)	(18.0, 0.0)	(19.0, 0.0)	(20.0, 0.0)	(21.0, 0.0)	(22.0, 0.0)	(23.0, 0.0)	(24.0, 0.0)	(25.0, 0.0)	(26.0, 0.0)	(27.0, 0.0)	(28.0, 0.0)	(29.0, 0.0)	(30.0, 0.0)	(31.0, 0.0)	(32.0, 0.0)	(33.0, 0.0)	(34.0, 0.3333333333333333)	(35.0, 0.3333333333333333)	(36.0, 0.6666666666666666)	(37.0, 1.9999999999999998)	(38.0, 3.0)	(39.0, 5.666666666666665)	(40.0, 15.666666666666677)	(41.0, 25.333333333333314)	(42.0, 28.99999999999996)	(43.0, 36.16666666666666)	(44.0, 51.66666666666676)	(45.0, 61.500000000000156)	(46.0, 103.33333333333294)	(47.0, 323.6666666666657)	(48.0, 379.4999999999959)	(49.0, 465.6666666666577)	(50.0, 676.6666666666738)	(51.0, 1698.4999999998931)	(52.0, 2825.3333333335004)	(53.0, 4458.333333333749)	(54.0, 6311.999999998729)	(55.0, 5437.333333332858)	(56.0, 2752.500000000134)	(57.0, 913.1666666667006)	(58.0, 162.00000000000023)	(59.0, 49.33333333333341)	(60.0, 33.33333333333329)	(61.0, 25.33333333333331)	(62.0, 42.66666666666669)	(63.0, 36.333333333333314)	(64.0, 11.333333333333336)	(65.0, 26.99999999999997)	(66.0, 71.66666666666673)	(67.0, 35.33333333333331)	(68.0, 22.666666666666654)	(69.0, 8.666666666666664)	(70.0, 7.666666666666663)	(71.0, 24.666666666666647)	(72.0, 92.99999999999976)	(73.0, 16.666666666666675)	(74.0, 1.3333333333333333)	(75.0, 0.0)	(76.0, 0.3333333333333333)	(77.0, 0.3333333333333333)	(78.0, 0.0)	(79.0, 0.0)	(80.0, 0.0)	(81.0, 0.3333333333333333)	(82.0, 0.0)	(83.0, 0.0)	(84.0, 0.0)	(85.0, 0.0)	(86.0, 0.0)	(87.0, 0.0)	(88.0, 0.0)	(89.0, 0.0)	(90.0, 0.0)	(91.0, 0.3333333333333333)	(92.0, 0.3333333333333333)	(93.0, 0.0)	(94.0, 0.0)	(95.0, 0.0)	(96.0, 0.0)	(97.0, 0.0)	(98.0, 0.0)	(99.0, 0.0)	(100.0, 0.0)
SRR19621134_1	(0.0, 0.0)	(1.0, 0.0)	(2.0, 0.0)	(3.0, 0.0)	(4.0, 0.0)	(5.0, 0.0)	(6.0, 0.0)	(7.0, 0.0)	(8.0, 0.0)	(9.0, 0.0)	(10.0, 0.0)	(11.0, 0.0)	(12.0, 0.0)	(13.0, 0.0)	(14.0, 0.0)	(15.0, 0.0)	(16.0, 0.0)	(17.0, 0.0)	(18.0, 0.0)	(19.0, 0.0)	(20.0, 0.0)	(21.0, 0.0)	(22.0, 0.0)	(23.0, 0.0)	(24.0, 0.0)	(25.0, 0.0)	(26.0, 0.0)	(27.0, 0.0)	(28.0, 0.0)	(29.0, 0.0)	(30.0, 0.0)	(31.0, 0.0)	(32.0, 0.0)	(33.0, 0.0)	(34.0, 0.0)	(35.0, 0.0)	(36.0, 1.0)	(37.0, 1.0)	(38.0, 3.0)	(39.0, 10.0)	(40.0, 17.33333333333334)	(41.0, 22.33333333333332)	(42.0, 29.66666666666663)	(43.0, 45.33333333333338)	(44.0, 43.00000000000003)	(45.0, 61.66666666666683)	(46.0, 223.00000000000196)	(47.0, 321.66666666666583)	(48.0, 477.9999999999903)	(49.0, 485.3333333333232)	(50.0, 1212.0000000000036)	(51.0, 2536.6666666667024)	(52.0, 4757.000000000144)	(53.0, 7157.333333331294)	(54.0, 5605.3333333327055)	(55.0, 2918.000000000209)	(56.0, 700.0000000000097)	(57.0, 195.66666666666785)	(58.0, 56.66666666666679)	(59.0, 46.333333333333385)	(60.0, 105.33333333333292)	(61.0, 40.33333333333334)	(62.0, 25.666666666666643)	(63.0, 52.33333333333343)	(64.0, 150.33333333333323)	(65.0, 46.333333333333385)	(66.0, 11.66666666666667)	(67.0, 6.999999999999997)	(68.0, 17.33333333333334)	(69.0, 46.00000000000005)	(70.0, 6.333333333333331)	(71.0, 1.3333333333333333)	(72.0, 1.0)	(73.0, 0.3333333333333333)	(74.0, 0.0)	(75.0, 0.0)	(76.0, 0.0)	(77.0, 0.3333333333333333)	(78.0, 0.3333333333333333)	(79.0, 0.0)	(80.0, 0.0)	(81.0, 0.0)	(82.0, 0.0)	(83.0, 0.0)	(84.0, 0.0)	(85.0, 0.0)	(86.0, 0.0)	(87.0, 0.0)	(88.0, 0.0)	(89.0, 0.0)	(90.0, 0.0)	(91.0, 0.0)	(92.0, 0.0)	(93.0, 0.0)	(94.0, 0.0)	(95.0, 0.0)	(96.0, 0.0)	(97.0, 0.0)	(98.0, 0.0)	(99.0, 0.0)	(100.0, 0.0)
SRR19621134_2	(0.0, 0.0)	(1.0, 0.0)	(2.0, 0.0)	(3.0, 0.0)	(4.0, 0.0)	(5.0, 0.0)	(6.0, 0.0)	(7.0, 0.0)	(8.0, 0.0)	(9.0, 0.0)	(10.0, 0.0)	(11.0, 0.0)	(12.0, 0.0)	(13.0, 0.0)	(14.0, 0.0)	(15.0, 0.0)	(16.0, 0.0)	(17.0, 0.0)	(18.0, 0.0)	(19.0, 0.0)	(20.0, 0.0)	(21.0, 0.0)	(22.0, 0.0)	(23.0, 0.0)	(24.0, 0.0)	(25.0, 0.0)	(26.0, 0.0)	(27.0, 0.0)	(28.0, 0.0)	(29.0, 0.0)	(30.0, 0.0)	(31.0, 0.0)	(32.0, 0.3333333333333333)	(33.0, 0.3333333333333333)	(34.0, 0.6666666666666666)	(35.0, 1.0)	(36.0, 0.6666666666666666)	(37.0, 1.3333333333333333)	(38.0, 3.666666666666667)	(39.0, 9.666666666666666)	(40.0, 18.33333333333334)	(41.0, 25.33333333333331)	(42.0, 28.166666666666636)	(43.0, 43.00000000000003)	(44.0, 53.333333333333435)	(45.0, 58.33333333333347)	(46.0, 96.99999999999972)	(47.0, 242.6666666666692)	(48.0, 457.6666666666581)	(49.0, 534.6666666666575)	(50.0, 514.9999999999886)	(51.0, 1267.1666666666579)	(52.0, 2206.999999999886)	(53.0, 4301.3333333338915)	(54.0, 6837.666666664918)	(55.0, 5703.666666665949)	(56.0, 3120.3333333336345)	(57.0, 1511.9999999999354)	(58.0, 232.33333333333556)	(59.0, 78.99999999999996)	(60.0, 35.99999999999998)	(61.0, 32.333333333333286)	(62.0, 98.33333333333302)	(63.0, 91.99999999999977)	(64.0, 30.999999999999957)	(65.0, 39.0)	(66.0, 115.99999999999943)	(67.0, 47.33333333333339)	(68.0, 15.333333333333343)	(69.0, 5.666666666666665)	(70.0, 4.999999999999999)	(71.0, 10.333333333333334)	(72.0, 41.666666666666686)	(73.0, 5.999999999999998)	(74.0, 1.0)	(75.0, 0.0)	(76.0, 0.6666666666666666)	(77.0, 0.3333333333333333)	(78.0, 0.3333333333333333)	(79.0, 0.0)	(80.0, 0.0)	(81.0, 0.0)	(82.0, 0.0)	(83.0, 0.0)	(84.0, 0.0)	(85.0, 0.0)	(86.0, 0.0)	(87.0, 0.0)	(88.0, 0.0)	(89.0, 0.0)	(90.0, 0.0)	(91.0, 0.0)	(92.0, 0.0)	(93.0, 0.0)	(94.0, 0.0)	(95.0, 0.3333333333333333)	(96.0, 0.0)	(97.0, 0.0)	(98.0, 0.0)	(99.0, 0.0)	(100.0, 0.5)
SRR19621135_1	(0.0, 0.0)	(1.0, 0.0)	(2.0, 0.0)	(3.0, 0.0)	(4.0, 0.0)	(5.0, 0.0)	(6.0, 0.0)	(7.0, 0.0)	(8.0, 0.0)	(9.0, 0.0)	(10.0, 0.0)	(11.0, 0.0)	(12.0, 0.0)	(13.0, 0.0)	(14.0, 0.0)	(15.0, 0.0)	(16.0, 0.0)	(17.0, 0.0)	(18.0, 0.0)	(19.0, 0.0)	(20.0, 0.0)	(21.0, 0.0)	(22.0, 0.0)	(23.0, 0.0)	(24.0, 0.0)	(25.0, 0.0)	(26.0, 0.0)	(27.0, 0.0)	(28.0, 0.0)	(29.0, 0.0)	(30.0, 0.0)	(31.0, 0.0)	(32.0, 0.0)	(33.0, 0.0)	(34.0, 0.0)	(35.0, 0.0)	(36.0, 0.3333333333333333)	(37.0, 0.6666666666666666)	(38.0, 2.333333333333333)	(39.0, 8.999999999999998)	(40.0, 16.333333333333343)	(41.0, 19.666666666666664)	(42.0, 25.999999999999975)	(43.0, 33.999999999999964)	(44.0, 46.00000000000005)	(45.0, 60.333333333333485)	(46.0, 210.33333333333493)	(47.0, 314.3333333333329)	(48.0, 376.6666666666627)	(49.0, 534.9999999999909)	(50.0, 1546.333333333261)	(51.0, 2519.333333333361)	(52.0, 2891.3333333335304)	(53.0, 4536.000000000345)	(54.0, 3730.0000000005784)	(55.0, 1924.9999999998415)	(56.0, 688.666666666675)	(57.0, 424.33333333332666)	(58.0, 304.3333333333335)	(59.0, 51.66666666666676)	(60.0, 32.99999999999996)	(61.0, 18.666666666666668)	(62.0, 8.666666666666664)	(63.0, 10.666666666666668)	(64.0, 17.33333333333334)	(65.0, 26.99999999999997)	(66.0, 26.66666666666664)	(67.0, 55.33333333333345)	(68.0, 311.9999999999997)	(69.0, 982.6666666667085)	(70.0, 140.33333333333294)	(71.0, 19.333333333333332)	(72.0, 8.666666666666664)	(73.0, 3.0)	(74.0, 1.6666666666666665)	(75.0, 1.0)	(76.0, 0.0)	(77.0, 0.3333333333333333)	(78.0, 0.0)	(79.0, 0.0)	(80.0, 0.0)	(81.0, 0.0)	(82.0, 0.0)	(83.0, 0.0)	(84.0, 0.0)	(85.0, 0.0)	(86.0, 0.0)	(87.0, 0.0)	(88.0, 0.0)	(89.0, 0.0)	(90.0, 0.0)	(91.0, 0.0)	(92.0, 0.0)	(93.0, 0.0)	(94.0, 0.0)	(95.0, 0.0)	(96.0, 0.0)	(97.0, 0.0)	(98.0, 0.0)	(99.0, 0.0)	(100.0, 0.0)
SRR19621135_2	(0.0, 0.0)	(1.0, 0.0)	(2.0, 0.0)	(3.0, 0.0)	(4.0, 0.0)	(5.0, 0.0)	(6.0, 0.0)	(7.0, 0.0)	(8.0, 0.0)	(9.0, 0.0)	(10.0, 0.0)	(11.0, 0.0)	(12.0, 0.0)	(13.0, 0.0)	(14.0, 0.0)	(15.0, 0.0)	(16.0, 0.0)	(17.0, 0.0)	(18.0, 0.0)	(19.0, 0.0)	(20.0, 0.0)	(21.0, 0.3333333333333333)	(22.0, 0.0)	(23.0, 0.0)	(24.0, 0.0)	(25.0, 0.0)	(26.0, 0.0)	(27.0, 0.0)	(28.0, 0.0)	(29.0, 0.0)	(30.0, 0.0)	(31.0, 0.0)	(32.0, 0.0)	(33.0, 0.0)	(34.0, 0.0)	(35.0, 0.6666666666666666)	(36.0, 1.3333333333333333)	(37.0, 2.1666666666666665)	(38.0, 1.6666666666666665)	(39.0, 6.999999999999997)	(40.0, 12.83333333333334)	(41.0, 20.166666666666664)	(42.0, 23.499999999999986)	(43.0, 35.33333333333331)	(44.0, 39.0)	(45.0, 51.33333333333342)	(46.0, 73.6666666666667)	(47.0, 282.33333333333474)	(48.0, 431.8333333333262)	(49.0, 376.8333333333294)	(50.0, 617.666666666667)	(51.0, 1840.9999999998606)	(52.0, 2585.3333333333912)	(53.0, 2419.6666666666492)	(54.0, 3977.0000000006908)	(55.0, 3680.6666666672227)	(56.0, 2069.66666666649)	(57.0, 945.3333333333709)	(58.0, 220.33333333333522)	(59.0, 87.6666666666665)	(60.0, 168.0000000000004)	(61.0, 311.6666666666664)	(62.0, 76.99999999999999)	(63.0, 22.999999999999986)	(64.0, 18.333333333333336)	(65.0, 20.66666666666666)	(66.0, 26.66666666666664)	(67.0, 44.33333333333337)	(68.0, 53.0000000000001)	(69.0, 45.666666666666714)	(70.0, 57.6666666666668)	(71.0, 220.66666666666856)	(72.0, 909.3333333333668)	(73.0, 169.6666666666671)	(74.0, 11.333333333333336)	(75.0, 5.333333333333332)	(76.0, 4.0)	(77.0, 2.333333333333333)	(78.0, 0.0)	(79.0, 0.0)	(80.0, 0.0)	(81.0, 0.0)	(82.0, 0.0)	(83.0, 0.0)	(84.0, 0.0)	(85.0, 0.0)	(86.0, 0.0)	(87.0, 0.0)	(88.0, 0.0)	(89.0, 0.0)	(90.0, 0.3333333333333333)	(91.0, 0.0)	(92.0, 0.0)	(93.0, 0.0)	(94.0, 0.0)	(95.0, 0.0)	(96.0, 0.0)	(97.0, 0.0)	(98.0, 0.0)	(99.0, 0.0)	(100.0, 0.0)
SRR19621136_1	(0.0, 0.0)	(1.0, 0.0)	(2.0, 0.0)	(3.0, 0.0)	(4.0, 0.0)	(5.0, 0.0)	(6.0, 0.0)	(7.0, 0.0)	(8.0, 0.0)	(9.0, 0.0)	(10.0, 0.0)	(11.0, 0.0)	(12.0, 0.0)	(13.0, 0.0)	(14.0, 0.0)	(15.0, 0.0)	(16.0, 0.0)	(17.0, 0.0)	(18.0, 0.0)	(19.0, 0.0)	(20.0, 0.0)	(21.0, 0.0)	(22.0, 0.0)	(23.0, 0.0)	(24.0, 0.0)	(25.0, 0.0)	(26.0, 0.0)	(27.0, 0.0)	(28.0, 0.0)	(29.0, 0.0)	(30.0, 0.0)	(31.0, 0.0)	(32.0, 0.0)	(33.0, 0.0)	(34.0, 0.3333333333333333)	(35.0, 0.3333333333333333)	(36.0, 1.0)	(37.0, 1.0)	(38.0, 1.9999999999999998)	(39.0, 6.999999999999997)	(40.0, 15.000000000000009)	(41.0, 27.333333333333304)	(42.0, 28.999999999999964)	(43.0, 38.33333333333333)	(44.0, 54.33333333333344)	(45.0, 95.99999999999972)	(46.0, 260.0000000000027)	(47.0, 356.33333333333053)	(48.0, 642.3333333333364)	(49.0, 910.6666666667003)	(50.0, 2309.9999999999327)	(51.0, 4003.0000000007026)	(52.0, 4536.666666667011)	(53.0, 6539.666666665189)	(54.0, 4675.000000000218)	(55.0, 2401.3333333333076)	(56.0, 850.0000000000267)	(57.0, 450.3333333333252)	(58.0, 275.0000000000018)	(59.0, 54.66666666666678)	(60.0, 32.66666666666662)	(61.0, 11.000000000000002)	(62.0, 6.666666666666664)	(63.0, 5.666666666666665)	(64.0, 11.333333333333336)	(65.0, 16.666666666666675)	(66.0, 19.0)	(67.0, 51.66666666666676)	(68.0, 279.3333333333349)	(69.0, 842.6666666666925)	(70.0, 121.99999999999935)	(71.0, 16.333333333333343)	(72.0, 7.33333333333333)	(73.0, 4.333333333333333)	(74.0, 1.9999999999999998)	(75.0, 0.6666666666666666)	(76.0, 0.0)	(77.0, 0.0)	(78.0, 0.0)	(79.0, 0.0)	(80.0, 0.0)	(81.0, 0.0)	(82.0, 0.0)	(83.0, 0.0)	(84.0, 0.0)	(85.0, 0.0)	(86.0, 0.0)	(87.0, 0.0)	(88.0, 0.0)	(89.0, 0.0)	(90.0, 0.0)	(91.0, 0.0)	(92.0, 0.0)	(93.0, 0.0)	(94.0, 0.0)	(95.0, 0.0)	(96.0, 0.0)	(97.0, 0.0)	(98.0, 0.0)	(99.0, 0.0)	(100.0, 0.0)
SRR19621136_2	(0.0, 0.0)	(1.0, 0.0)	(2.0, 0.0)	(3.0, 0.0)	(4.0, 0.0)	(5.0, 0.0)	(6.0, 0.0)	(7.0, 0.0)	(8.0, 0.0)	(9.0, 0.0)	(10.0, 0.0)	(11.0, 0.0)	(12.0, 0.0)	(13.0, 0.0)	(14.0, 0.0)	(15.0, 0.0)	(16.0, 0.0)	(17.0, 0.0)	(18.0, 0.0)	(19.0, 0.0)	(20.0, 0.0)	(21.0, 0.0)	(22.0, 0.0)	(23.0, 0.0)	(24.0, 0.0)	(25.0, 0.0)	(26.0, 0.0)	(27.0, 0.0)	(28.0, 0.0)	(29.0, 0.0)	(30.0, 0.0)	(31.0, 0.0)	(32.0, 0.6666666666666666)	(33.0, 0.6666666666666666)	(34.0, 0.6666666666666666)	(35.0, 0.6666666666666666)	(36.0, 0.3333333333333333)	(37.0, 2.6666666666666665)	(38.0, 4.0)	(39.0, 5.499999999999999)	(40.0, 17.500000000000004)	(41.0, 26.833333333333307)	(42.0, 33.16666666666663)	(43.0, 45.33333333333338)	(44.0, 54.83333333333345)	(45.0, 60.33333333333349)	(46.0, 101.99999999999964)	(47.0, 309.83333333333314)	(48.0, 522.8333333333229)	(49.0, 636.8333333333359)	(50.0, 878.8333333333633)	(51.0, 3237.8333333336877)	(52.0, 4631.000000000258)	(53.0, 3522.666666667151)	(54.0, 5390.333333332901)	(55.0, 4853.666666666722)	(56.0, 2642.333333333417)	(57.0, 1108.6666666666938)	(58.0, 243.00000000000253)	(59.0, 98.99999999999967)	(60.0, 204.33333333333476)	(61.0, 276.00000000000176)	(62.0, 59.33333333333348)	(63.0, 16.666666666666675)	(64.0, 14.000000000000007)	(65.0, 16.00000000000001)	(66.0, 25.33333333333331)	(67.0, 37.66666666666666)	(68.0, 46.00000000000005)	(69.0, 36.333333333333314)	(70.0, 52.666666666666764)	(71.0, 174.3333333333339)	(72.0, 785.0000000000193)	(73.0, 148.66666666666652)	(74.0, 15.000000000000009)	(75.0, 3.666666666666667)	(76.0, 3.3333333333333335)	(77.0, 1.3333333333333333)	(78.0, 0.3333333333333333)	(79.0, 0.0)	(80.0, 0.0)	(81.0, 0.3333333333333333)	(82.0, 0.3333333333333333)	(83.0, 0.3333333333333333)	(84.0, 0.3333333333333333)	(85.0, 0.3333333333333333)	(86.0, 0.0)	(87.0, 0.3333333333333333)	(88.0, 0.3333333333333333)	(89.0, 0.0)	(90.0, 0.0)	(91.0, 0.0)	(92.0, 0.0)	(93.0, 0.0)	(94.0, 0.0)	(95.0, 0.0)	(96.0, 0.0)	(97.0, 0.0)	(98.0, 0.0)	(99.0, 0.0)	(100.0, 0.0)
SRR19621137_1	(0.0, 0.0)	(1.0, 0.0)	(2.0, 0.0)	(3.0, 0.0)	(4.0, 0.0)	(5.0, 0.0)	(6.0, 0.0)	(7.0, 0.0)	(8.0, 0.0)	(9.0, 0.0)	(10.0, 0.0)	(11.0, 0.0)	(12.0, 0.0)	(13.0, 0.0)	(14.0, 0.0)	(15.0, 0.0)	(16.0, 0.0)	(17.0, 0.0)	(18.0, 0.0)	(19.0, 0.0)	(20.0, 0.0)	(21.0, 0.0)	(22.0, 0.0)	(23.0, 0.0)	(24.0, 0.0)	(25.0, 0.0)	(26.0, 0.0)	(27.0, 0.0)	(28.0, 0.0)	(29.0, 0.0)	(30.0, 0.0)	(31.0, 0.0)	(32.0, 0.0)	(33.0, 0.0)	(34.0, 0.0)	(35.0, 0.0)	(36.0, 0.6666666666666666)	(37.0, 2.333333333333333)	(38.0, 4.666666666666666)	(39.0, 8.33333333333333)	(40.0, 17.66666666666667)	(41.0, 29.333333333333297)	(42.0, 33.999999999999964)	(43.0, 35.66666666666664)	(44.0, 53.0000000000001)	(45.0, 106.99999999999956)	(46.0, 282.33333333333474)	(47.0, 305.66666666666674)	(48.0, 425.3333333333266)	(49.0, 597.9999999999981)	(50.0, 1785.3333333332066)	(51.0, 2421.66666666665)	(52.0, 2331.666666666609)	(53.0, 4521.000000000358)	(54.0, 3981.333333334026)	(55.0, 2153.333333333195)	(56.0, 1066.6666666667033)	(57.0, 1720.6666666665546)	(58.0, 1577.9999999999204)	(59.0, 209.00000000000156)	(60.0, 81.33333333333326)	(61.0, 33.999999999999964)	(62.0, 22.33333333333332)	(63.0, 16.00000000000001)	(64.0, 23.66666666666665)	(65.0, 24.333333333333314)	(66.0, 25.999999999999975)	(67.0, 47.33333333333339)	(68.0, 220.00000000000188)	(69.0, 615.6666666666667)	(70.0, 86.33333333333319)	(71.0, 19.666666666666664)	(72.0, 5.666666666666665)	(73.0, 4.999999999999999)	(74.0, 3.3333333333333335)	(75.0, 1.9999999999999998)	(76.0, 0.6666666666666666)	(77.0, 0.3333333333333333)	(78.0, 0.0)	(79.0, 0.0)	(80.0, 0.0)	(81.0, 0.0)	(82.0, 0.0)	(83.0, 0.0)	(84.0, 0.0)	(85.0, 0.0)	(86.0, 0.0)	(87.0, 0.0)	(88.0, 0.0)	(89.0, 0.0)	(90.0, 0.0)	(91.0, 0.0)	(92.0, 0.0)	(93.0, 0.0)	(94.0, 0.0)	(95.0, 0.0)	(96.0, 0.0)	(97.0, 0.0)	(98.0, 0.0)	(99.0, 0.0)	(100.0, 0.0)
SRR19621137_2	(0.0, 0.0)	(1.0, 0.0)	(2.0, 0.0)	(3.0, 0.0)	(4.0, 0.0)	(5.0, 0.0)	(6.0, 0.0)	(7.0, 0.0)	(8.0, 0.0)	(9.0, 0.0)	(10.0, 0.0)	(11.0, 0.0)	(12.0, 0.0)	(13.0, 0.0)	(14.0, 0.0)	(15.0, 0.0)	(16.0, 0.0)	(17.0, 0.0)	(18.0, 0.0)	(19.0, 0.0)	(20.0, 0.0)	(21.0, 0.0)	(22.0, 0.0)	(23.0, 0.0)	(24.0, 0.0)	(25.0, 0.0)	(26.0, 0.0)	(27.0, 0.0)	(28.0, 0.0)	(29.0, 0.0)	(30.0, 0.3333333333333333)	(31.0, 0.0)	(32.0, 0.0)	(33.0, 0.0)	(34.0, 0.0)	(35.0, 0.3333333333333333)	(36.0, 0.6666666666666666)	(37.0, 2.6666666666666665)	(38.0, 3.0)	(39.0, 6.999999999999997)	(40.0, 19.499999999999996)	(41.0, 25.999999999999975)	(42.0, 32.66666666666663)	(43.0, 44.333333333333364)	(44.0, 56.50000000000012)	(45.0, 64.3333333333335)	(46.0, 110.1666666666662)	(47.0, 362.83333333333024)	(48.0, 340.9999999999981)	(49.0, 428.33333333332644)	(50.0, 730.8333333333466)	(51.0, 2014.3333333331548)	(52.0, 1778.166666666542)	(53.0, 1845.8333333331932)	(54.0, 3796.500000000609)	(55.0, 4223.666666667295)	(56.0, 2300.9999999999286)	(57.0, 1422.3333333332891)	(58.0, 383.333333333329)	(59.0, 204.33333333333476)	(60.0, 672.0000000000065)	(61.0, 1685.3333333332293)	(62.0, 457.6666666666581)	(63.0, 104.99999999999959)	(64.0, 40.33333333333334)	(65.0, 32.333333333333286)	(66.0, 31.66666666666662)	(67.0, 48.000000000000064)	(68.0, 43.6666666666667)	(69.0, 33.66666666666663)	(70.0, 53.0000000000001)	(71.0, 144.33333333333306)	(72.0, 557.6666666666601)	(73.0, 120.99999999999936)	(74.0, 13.000000000000005)	(75.0, 6.666666666666664)	(76.0, 4.999999999999999)	(77.0, 0.6666666666666666)	(78.0, 0.3333333333333333)	(79.0, 0.3333333333333333)	(80.0, 0.0)	(81.0, 0.0)	(82.0, 0.3333333333333333)	(83.0, 0.3333333333333333)	(84.0, 0.0)	(85.0, 0.0)	(86.0, 0.0)	(87.0, 0.0)	(88.0, 0.0)	(89.0, 0.0)	(90.0, 0.0)	(91.0, 0.0)	(92.0, 0.0)	(93.0, 0.0)	(94.0, 0.0)	(95.0, 0.0)	(96.0, 0.0)	(97.0, 0.0)	(98.0, 0.0)	(99.0, 0.0)	(100.0, 0.0)
SRR19621138_1	(0.0, 0.0)	(1.0, 0.0)	(2.0, 0.0)	(3.0, 0.0)	(4.0, 0.0)	(5.0, 0.0)	(6.0, 0.0)	(7.0, 0.0)	(8.0, 0.0)	(9.0, 0.0)	(10.0, 0.0)	(11.0, 0.0)	(12.0, 0.0)	(13.0, 0.0)	(14.0, 0.0)	(15.0, 0.0)	(16.0, 0.0)	(17.0, 0.0)	(18.0, 0.0)	(19.0, 0.0)	(20.0, 0.0)	(21.0, 0.0)	(22.0, 0.0)	(23.0, 0.0)	(24.0, 0.0)	(25.0, 0.0)	(26.0, 0.0)	(27.0, 0.0)	(28.0, 0.0)	(29.0, 0.0)	(30.0, 0.0)	(31.0, 0.0)	(32.0, 0.0)	(33.0, 0.0)	(34.0, 0.0)	(35.0, 0.0)	(36.0, 0.3333333333333333)	(37.0, 1.3333333333333333)	(38.0, 1.3333333333333333)	(39.0, 4.666666666666666)	(40.0, 11.333333333333336)	(41.0, 19.999999999999996)	(42.0, 23.999999999999982)	(43.0, 33.999999999999964)	(44.0, 43.333333333333364)	(45.0, 84.66666666666654)	(46.0, 263.3333333333358)	(47.0, 222.66666666666862)	(48.0, 574.9999999999955)	(49.0, 1020.6666666667128)	(50.0, 2320.9999999999377)	(51.0, 4709.666666666853)	(52.0, 4287.000000000571)	(53.0, 3083.3333333336177)	(54.0, 2412.3333333333126)	(55.0, 1253.999999999994)	(56.0, 605.3333333333322)	(57.0, 716.6666666666782)	(58.0, 514.6666666666553)	(59.0, 118.99999999999939)	(60.0, 234.00000000000227)	(61.0, 201.33333333333468)	(62.0, 42.33333333333336)	(63.0, 25.666666666666643)	(64.0, 24.333333333333314)	(65.0, 22.999999999999986)	(66.0, 20.999999999999993)	(67.0, 25.33333333333331)	(68.0, 117.66666666666607)	(69.0, 424.33333333332666)	(70.0, 59.33333333333348)	(71.0, 5.999999999999998)	(72.0, 3.666666666666667)	(73.0, 1.9999999999999998)	(74.0, 0.6666666666666666)	(75.0, 0.3333333333333333)	(76.0, 0.3333333333333333)	(77.0, 0.0)	(78.0, 0.0)	(79.0, 0.0)	(80.0, 0.0)	(81.0, 0.0)	(82.0, 0.0)	(83.0, 0.0)	(84.0, 0.0)	(85.0, 0.0)	(86.0, 0.0)	(87.0, 0.3333333333333333)	(88.0, 0.3333333333333333)	(89.0, 0.0)	(90.0, 0.0)	(91.0, 0.0)	(92.0, 0.0)	(93.0, 0.0)	(94.0, 0.0)	(95.0, 0.0)	(96.0, 0.3333333333333333)	(97.0, 0.0)	(98.0, 0.0)	(99.0, 0.0)	(100.0, 0.0)
SRR19621138_2	(0.0, 0.0)	(1.0, 0.0)	(2.0, 0.0)	(3.0, 0.0)	(4.0, 0.0)	(5.0, 0.0)	(6.0, 0.0)	(7.0, 0.0)	(8.0, 0.0)	(9.0, 0.0)	(10.0, 0.0)	(11.0, 0.0)	(12.0, 0.0)	(13.0, 0.0)	(14.0, 0.0)	(15.0, 0.0)	(16.0, 0.0)	(17.0, 0.0)	(18.0, 0.0)	(19.0, 0.0)	(20.0, 0.0)	(21.0, 0.0)	(22.0, 0.0)	(23.0, 0.0)	(24.0, 0.0)	(25.0, 0.0)	(26.0, 0.3333333333333333)	(27.0, 0.3333333333333333)	(28.0, 0.0)	(29.0, 0.0)	(30.0, 0.0)	(31.0, 0.6666666666666666)	(32.0, 1.0)	(33.0, 0.0)	(34.0, 0.0)	(35.0, 1.1666666666666665)	(36.0, 4.0)	(37.0, 3.5)	(38.0, 3.0)	(39.0, 6.333333333333331)	(40.0, 17.16666666666667)	(41.0, 23.166666666666654)	(42.0, 26.333333333333307)	(43.0, 42.833333333333364)	(44.0, 42.00000000000003)	(45.0, 41.66666666666669)	(46.0, 75.50000000000001)	(47.0, 388.99999999999534)	(48.0, 465.499999999991)	(49.0, 559.8333333333271)	(50.0, 850.8333333333602)	(51.0, 3647.1666666672077)	(52.0, 4096.333333334078)	(53.0, 3365.6666666670794)	(54.0, 3467.666666667126)	(55.0, 2549.333333333375)	(56.0, 1100.3333333333624)	(57.0, 448.3333333333253)	(58.0, 171.33333333333383)	(59.0, 113.66666666666613)	(60.0, 374.99999999999613)	(61.0, 708.0000000000106)	(62.0, 332.3333333333319)	(63.0, 65.00000000000016)	(64.0, 35.33333333333331)	(65.0, 22.666666666666654)	(66.0, 22.666666666666654)	(67.0, 36.66666666666665)	(68.0, 27.999999999999968)	(69.0, 19.333333333333332)	(70.0, 33.999999999999964)	(71.0, 88.99999999999982)	(72.0, 374.6666666666628)	(73.0, 84.33333333333321)	(74.0, 9.333333333333332)	(75.0, 1.9999999999999998)	(76.0, 1.3333333333333333)	(77.0, 0.0)	(78.0, 0.3333333333333333)	(79.0, 0.3333333333333333)	(80.0, 0.0)	(81.0, 0.0)	(82.0, 0.3333333333333333)	(83.0, 0.0)	(84.0, 0.0)	(85.0, 0.0)	(86.0, 0.0)	(87.0, 0.0)	(88.0, 0.3333333333333333)	(89.0, 0.3333333333333333)	(90.0, 0.0)	(91.0, 0.0)	(92.0, 0.0)	(93.0, 0.0)	(94.0, 0.0)	(95.0, 0.0)	(96.0, 0.0)	(97.0, 0.0)	(98.0, 0.0)	(99.0, 0.0)	(100.0, 0.0)
SRR19621139_1	(0.0, 0.0)	(1.0, 0.0)	(2.0, 0.0)	(3.0, 0.0)	(4.0, 0.0)	(5.0, 0.0)	(6.0, 0.0)	(7.0, 0.0)	(8.0, 0.0)	(9.0, 0.0)	(10.0, 0.0)	(11.0, 0.0)	(12.0, 0.0)	(13.0, 0.0)	(14.0, 0.0)	(15.0, 0.0)	(16.0, 0.0)	(17.0, 0.0)	(18.0, 0.0)	(19.0, 0.0)	(20.0, 0.0)	(21.0, 0.0)	(22.0, 0.0)	(23.0, 0.0)	(24.0, 0.0)	(25.0, 0.0)	(26.0, 0.0)	(27.0, 0.0)	(28.0, 0.0)	(29.0, 0.0)	(30.0, 0.0)	(31.0, 0.0)	(32.0, 0.0)	(33.0, 0.0)	(34.0, 0.0)	(35.0, 0.0)	(36.0, 0.0)	(37.0, 0.0)	(38.0, 2.333333333333333)	(39.0, 5.666666666666665)	(40.0, 14.333333333333341)	(41.0, 16.00000000000001)	(42.0, 25.33333333333331)	(43.0, 43.6666666666667)	(44.0, 61.66666666666683)	(45.0, 165.0000000000003)	(46.0, 1541.9999999999286)	(47.0, 3069.666666666945)	(48.0, 2677.0000000000996)	(49.0, 1221.3333333333348)	(50.0, 791.6666666666868)	(51.0, 1924.6666666665083)	(52.0, 3192.000000000334)	(53.0, 3658.333333333879)	(54.0, 1702.999999999892)	(55.0, 958.000000000039)	(56.0, 306.33333333333337)	(57.0, 66.33333333333347)	(58.0, 34.99999999999997)	(59.0, 14.000000000000007)	(60.0, 7.9999999999999964)	(61.0, 9.333333333333332)	(62.0, 4.333333333333333)	(63.0, 1.6666666666666665)	(64.0, 5.333333333333332)	(65.0, 4.999999999999999)	(66.0, 2.333333333333333)	(67.0, 1.3333333333333333)	(68.0, 1.0)	(69.0, 1.0)	(70.0, 0.6666666666666666)	(71.0, 0.3333333333333333)	(72.0, 0.0)	(73.0, 0.0)	(74.0, 0.0)	(75.0, 0.0)	(76.0, 0.0)	(77.0, 0.0)	(78.0, 0.0)	(79.0, 0.0)	(80.0, 0.0)	(81.0, 0.0)	(82.0, 0.0)	(83.0, 0.0)	(84.0, 0.0)	(85.0, 0.0)	(86.0, 0.0)	(87.0, 0.0)	(88.0, 0.0)	(89.0, 0.0)	(90.0, 0.0)	(91.0, 0.0)	(92.0, 0.0)	(93.0, 0.0)	(94.0, 0.0)	(95.0, 0.0)	(96.0, 0.0)	(97.0, 0.0)	(98.0, 0.0)	(99.0, 0.0)	(100.0, 0.0)
SRR19621139_2	(0.0, 0.0)	(1.0, 0.0)	(2.0, 0.0)	(3.0, 0.0)	(4.0, 0.0)	(5.0, 0.0)	(6.0, 0.0)	(7.0, 0.0)	(8.0, 0.0)	(9.0, 0.0)	(10.0, 0.0)	(11.0, 0.0)	(12.0, 0.0)	(13.0, 0.0)	(14.0, 0.0)	(15.0, 0.0)	(16.0, 0.0)	(17.0, 0.0)	(18.0, 0.0)	(19.0, 0.0)	(20.0, 0.0)	(21.0, 0.0)	(22.0, 0.0)	(23.0, 0.0)	(24.0, 0.0)	(25.0, 0.0)	(26.0, 0.0)	(27.0, 0.0)	(28.0, 0.0)	(29.0, 0.3333333333333333)	(30.0, 0.0)	(31.0, 0.0)	(32.0, 0.0)	(33.0, 0.0)	(34.0, 0.3333333333333333)	(35.0, 0.3333333333333333)	(36.0, 2.6666666666666665)	(37.0, 3.0)	(38.0, 2.8333333333333335)	(39.0, 7.666666666666664)	(40.0, 19.83333333333333)	(41.0, 28.499999999999964)	(42.0, 35.49999999999998)	(43.0, 48.83333333333341)	(44.0, 68.00000000000011)	(45.0, 85.66666666666654)	(46.0, 299.3333333333338)	(47.0, 2270.1666666665815)	(48.0, 2787.0000000001496)	(49.0, 1620.4999999999109)	(50.0, 629.8333333333351)	(51.0, 808.6666666666887)	(52.0, 1065.000000000037)	(53.0, 2561.666666666714)	(54.0, 3668.666666667217)	(55.0, 1869.999999999854)	(56.0, 1381.999999999965)	(57.0, 689.0000000000084)	(58.0, 145.99999999999977)	(59.0, 39.333333333333336)	(60.0, 31.33333333333329)	(61.0, 27.666666666666636)	(62.0, 11.000000000000002)	(63.0, 5.333333333333332)	(64.0, 6.333333333333331)	(65.0, 1.9999999999999998)	(66.0, 3.3333333333333335)	(67.0, 6.333333333333331)	(68.0, 2.333333333333333)	(69.0, 0.6666666666666666)	(70.0, 0.3333333333333333)	(71.0, 0.0)	(72.0, 0.0)	(73.0, 0.0)	(74.0, 0.3333333333333333)	(75.0, 0.0)	(76.0, 0.0)	(77.0, 0.3333333333333333)	(78.0, 0.0)	(79.0, 0.0)	(80.0, 0.0)	(81.0, 0.0)	(82.0, 0.0)	(83.0, 0.0)	(84.0, 0.0)	(85.0, 0.0)	(86.0, 0.0)	(87.0, 0.0)	(88.0, 0.0)	(89.0, 0.0)	(90.0, 0.0)	(91.0, 0.0)	(92.0, 0.0)	(93.0, 0.0)	(94.0, 0.0)	(95.0, 0.0)	(96.0, 0.0)	(97.0, 0.0)	(98.0, 0.0)	(99.0, 0.0)	(100.0, 0.0)
SRR19621140_1	(0.0, 0.0)	(1.0, 0.0)	(2.0, 0.0)	(3.0, 0.0)	(4.0, 0.0)	(5.0, 0.0)	(6.0, 0.0)	(7.0, 0.0)	(8.0, 0.0)	(9.0, 0.0)	(10.0, 0.0)	(11.0, 0.0)	(12.0, 0.0)	(13.0, 0.0)	(14.0, 0.0)	(15.0, 0.0)	(16.0, 0.0)	(17.0, 0.0)	(18.0, 0.0)	(19.0, 0.0)	(20.0, 0.0)	(21.0, 0.0)	(22.0, 0.0)	(23.0, 0.0)	(24.0, 0.0)	(25.0, 0.0)	(26.0, 0.0)	(27.0, 0.0)	(28.0, 0.0)	(29.0, 0.0)	(30.0, 0.0)	(31.0, 0.0)	(32.0, 0.0)	(33.0, 0.0)	(34.0, 0.0)	(35.0, 0.0)	(36.0, 0.6666666666666666)	(37.0, 0.6666666666666666)	(38.0, 2.6666666666666665)	(39.0, 5.999999999999998)	(40.0, 9.666666666666666)	(41.0, 18.000000000000004)	(42.0, 36.999999999999986)	(43.0, 42.66666666666669)	(44.0, 45.33333333333338)	(45.0, 74.33333333333336)	(46.0, 173.33333333333388)	(47.0, 198.66666666666794)	(48.0, 304.00000000000017)	(49.0, 1253.6666666666608)	(50.0, 4625.66666666693)	(51.0, 5898.999999999105)	(52.0, 5076.66666666652)	(53.0, 2596.3333333333962)	(54.0, 1913.3333333331775)	(55.0, 1338.3333333333082)	(56.0, 575.9999999999956)	(57.0, 673.6666666666733)	(58.0, 636.3333333333358)	(59.0, 285.33333333333456)	(60.0, 323.3333333333324)	(61.0, 276.3333333333351)	(62.0, 58.33333333333347)	(63.0, 41.000000000000014)	(64.0, 26.66666666666664)	(65.0, 19.0)	(66.0, 19.0)	(67.0, 23.999999999999982)	(68.0, 103.9999999999996)	(69.0, 354.99999999999727)	(70.0, 55.000000000000114)	(71.0, 6.666666666666664)	(72.0, 3.666666666666667)	(73.0, 1.9999999999999998)	(74.0, 0.3333333333333333)	(75.0, 0.3333333333333333)	(76.0, 0.3333333333333333)	(77.0, 0.0)	(78.0, 0.0)	(79.0, 0.0)	(80.0, 0.0)	(81.0, 0.0)	(82.0, 0.0)	(83.0, 0.0)	(84.0, 0.0)	(85.0, 0.0)	(86.0, 0.0)	(87.0, 0.0)	(88.0, 0.0)	(89.0, 0.0)	(90.0, 0.0)	(91.0, 0.0)	(92.0, 0.0)	(93.0, 0.0)	(94.0, 0.0)	(95.0, 0.0)	(96.0, 0.0)	(97.0, 0.0)	(98.0, 0.0)	(99.0, 0.0)	(100.0, 0.0)
SRR19621140_2	(0.0, 0.0)	(1.0, 0.0)	(2.0, 0.0)	(3.0, 0.0)	(4.0, 0.0)	(5.0, 0.0)	(6.0, 0.0)	(7.0, 0.0)	(8.0, 0.0)	(9.0, 0.0)	(10.0, 0.0)	(11.0, 0.0)	(12.0, 0.0)	(13.0, 0.0)	(14.0, 0.0)	(15.0, 0.0)	(16.0, 0.0)	(17.0, 0.0)	(18.0, 0.0)	(19.0, 0.0)	(20.0, 0.0)	(21.0, 0.0)	(22.0, 0.0)	(23.0, 0.0)	(24.0, 0.0)	(25.0, 0.0)	(26.0, 0.0)	(27.0, 0.0)	(28.0, 0.0)	(29.0, 0.0)	(30.0, 0.0)	(31.0, 0.0)	(32.0, 0.0)	(33.0, 0.0)	(34.0, 0.0)	(35.0, 0.0)	(36.0, 1.3333333333333333)	(37.0, 2.333333333333333)	(38.0, 4.666666666666667)	(39.0, 8.999999999999998)	(40.0, 18.000000000000004)	(41.0, 23.999999999999982)	(42.0, 27.83333333333331)	(43.0, 35.333333333333314)	(44.0, 44.50000000000004)	(45.0, 45.50000000000005)	(46.0, 71.50000000000007)	(47.0, 241.66666666666916)	(48.0, 269.0000000000021)	(49.0, 311.9999999999997)	(50.0, 971.3333333333738)	(51.0, 6777.666666664973)	(52.0, 6709.333333331701)	(53.0, 3648.000000000541)	(54.0, 2620.333333333407)	(55.0, 1907.8333333331789)	(56.0, 1124.5000000000236)	(57.0, 500.999999999989)	(58.0, 169.33333333333377)	(59.0, 126.99999999999928)	(60.0, 426.9999999999932)	(61.0, 865.0000000000284)	(62.0, 548.6666666666591)	(63.0, 105.99999999999957)	(64.0, 41.000000000000014)	(65.0, 32.333333333333286)	(66.0, 33.66666666666663)	(67.0, 26.99999999999997)	(68.0, 24.99999999999998)	(69.0, 20.66666666666666)	(70.0, 33.999999999999964)	(71.0, 79.33333333333329)	(72.0, 321.99999999999915)	(73.0, 71.00000000000007)	(74.0, 5.666666666666665)	(75.0, 1.9999999999999998)	(76.0, 0.6666666666666666)	(77.0, 0.3333333333333333)	(78.0, 0.6666666666666666)	(79.0, 1.3333333333333333)	(80.0, 0.6666666666666666)	(81.0, 0.0)	(82.0, 0.0)	(83.0, 0.0)	(84.0, 0.0)	(85.0, 0.0)	(86.0, 0.0)	(87.0, 0.0)	(88.0, 0.0)	(89.0, 0.3333333333333333)	(90.0, 0.0)	(91.0, 0.6666666666666666)	(92.0, 0.0)	(93.0, 0.0)	(94.0, 0.0)	(95.0, 0.0)	(96.0, 0.0)	(97.0, 0.0)	(98.0, 0.0)	(99.0, 0.3333333333333333)	(100.0, 0.5)
SRR19621141_1	(0.0, 0.0)	(1.0, 0.0)	(2.0, 0.0)	(3.0, 0.0)	(4.0, 0.0)	(5.0, 0.0)	(6.0, 0.0)	(7.0, 0.0)	(8.0, 0.0)	(9.0, 0.0)	(10.0, 0.0)	(11.0, 0.0)	(12.0, 0.0)	(13.0, 0.0)	(14.0, 0.0)	(15.0, 0.0)	(16.0, 0.0)	(17.0, 0.0)	(18.0, 0.0)	(19.0, 0.0)	(20.0, 0.0)	(21.0, 0.0)	(22.0, 0.0)	(23.0, 0.0)	(24.0, 0.0)	(25.0, 0.0)	(26.0, 0.0)	(27.0, 0.0)	(28.0, 0.0)	(29.0, 0.0)	(30.0, 0.0)	(31.0, 0.0)	(32.0, 0.0)	(33.0, 0.0)	(34.0, 0.0)	(35.0, 0.0)	(36.0, 2.6666666666666665)	(37.0, 4.666666666666666)	(38.0, 4.333333333333333)	(39.0, 13.666666666666673)	(40.0, 41.33333333333335)	(41.0, 61.000000000000156)	(42.0, 67.00000000000013)	(43.0, 88.66666666666649)	(44.0, 116.33333333333276)	(45.0, 379.66666666666254)	(46.0, 1407.6666666666258)	(47.0, 770.333333333351)	(48.0, 1088.0000000000318)	(49.0, 1121.6666666666908)	(50.0, 1388.6666666666301)	(51.0, 3297.333333333715)	(52.0, 6431.666666665287)	(53.0, 5776.666666665883)	(54.0, 4447.000000000426)	(55.0, 2215.6666666665565)	(56.0, 1009.0000000000448)	(57.0, 5966.333333332377)	(58.0, 6224.3333333321425)	(59.0, 1226.666666666667)	(60.0, 395.3333333333283)	(61.0, 220.33333333333522)	(62.0, 107.33333333333289)	(63.0, 104.99999999999959)	(64.0, 67.00000000000013)	(65.0, 50.00000000000008)	(66.0, 33.999999999999964)	(67.0, 49.33333333333341)	(68.0, 153.66666666666666)	(69.0, 488.333333333323)	(70.0, 64.66666666666683)	(71.0, 8.33333333333333)	(72.0, 3.666666666666667)	(73.0, 1.0)	(74.0, 1.9999999999999998)	(75.0, 1.6666666666666665)	(76.0, 0.0)	(77.0, 0.0)	(78.0, 0.0)	(79.0, 0.0)	(80.0, 0.0)	(81.0, 0.0)	(82.0, 0.0)	(83.0, 0.0)	(84.0, 0.0)	(85.0, 0.0)	(86.0, 0.0)	(87.0, 0.0)	(88.0, 0.0)	(89.0, 0.0)	(90.0, 0.0)	(91.0, 0.0)	(92.0, 0.0)	(93.0, 0.0)	(94.0, 0.0)	(95.0, 0.0)	(96.0, 0.0)	(97.0, 0.0)	(98.0, 0.0)	(99.0, 0.0)	(100.0, 0.0)
SRR19621141_2	(0.0, 0.0)	(1.0, 0.0)	(2.0, 0.0)	(3.0, 0.0)	(4.0, 0.0)	(5.0, 0.0)	(6.0, 0.0)	(7.0, 0.0)	(8.0, 0.0)	(9.0, 0.0)	(10.0, 0.0)	(11.0, 0.0)	(12.0, 0.0)	(13.0, 0.0)	(14.0, 0.0)	(15.0, 0.0)	(16.0, 0.0)	(17.0, 0.0)	(18.0, 0.0)	(19.0, 0.0)	(20.0, 0.0)	(21.0, 0.0)	(22.0, 0.0)	(23.0, 0.0)	(24.0, 0.0)	(25.0, 0.0)	(26.0, 0.0)	(27.0, 0.0)	(28.0, 0.0)	(29.0, 0.3333333333333333)	(30.0, 0.3333333333333333)	(31.0, 0.0)	(32.0, 0.0)	(33.0, 0.0)	(34.0, 0.3333333333333333)	(35.0, 0.3333333333333333)	(36.0, 1.4999999999999998)	(37.0, 5.833333333333332)	(38.0, 7.33333333333333)	(39.0, 18.000000000000004)	(40.0, 40.33333333333335)	(41.0, 57.500000000000135)	(42.0, 62.16666666666683)	(43.0, 90.49999999999982)	(44.0, 110.83333333333286)	(45.0, 133.6666666666661)	(46.0, 309.6666666666665)	(47.0, 1834.9999999998624)	(48.0, 1202.1666666666727)	(49.0, 596.6666666666647)	(50.0, 655.5000000000047)	(51.0, 1380.3333333332987)	(52.0, 2881.1666666668593)	(53.0, 5562.833333332745)	(54.0, 4832.0000000000755)	(55.0, 4108.333333334067)	(56.0, 3222.6666666670144)	(57.0, 1126.0000000000232)	(58.0, 510.3333333333218)	(59.0, 582.666666666663)	(60.0, 1544.999999999928)	(61.0, 6672.999999998401)	(62.0, 2732.0000000001246)	(63.0, 573.3333333333286)	(64.0, 212.333333333335)	(65.0, 142.333333333333)	(66.0, 111.99999999999949)	(67.0, 79.99999999999994)	(68.0, 57.333333333333464)	(69.0, 37.99999999999999)	(70.0, 38.666666666666664)	(71.0, 99.333333333333)	(72.0, 450.3333333333252)	(73.0, 93.99999999999974)	(74.0, 13.000000000000005)	(75.0, 4.333333333333333)	(76.0, 1.0)	(77.0, 0.6666666666666666)	(78.0, 0.0)	(79.0, 1.0)	(80.0, 0.0)	(81.0, 0.0)	(82.0, 0.0)	(83.0, 0.0)	(84.0, 1.0)	(85.0, 0.6666666666666666)	(86.0, 0.0)	(87.0, 0.0)	(88.0, 0.0)	(89.0, 0.0)	(90.0, 0.0)	(91.0, 0.3333333333333333)	(92.0, 0.0)	(93.0, 0.0)	(94.0, 0.3333333333333333)	(95.0, 0.0)	(96.0, 0.0)	(97.0, 0.0)	(98.0, 0.0)	(99.0, 0.3333333333333333)	(100.0, 0.5)
SRR19621142_1	(0.0, 0.0)	(1.0, 0.0)	(2.0, 0.0)	(3.0, 0.0)	(4.0, 0.0)	(5.0, 0.0)	(6.0, 0.0)	(7.0, 0.0)	(8.0, 0.0)	(9.0, 0.0)	(10.0, 0.0)	(11.0, 0.0)	(12.0, 0.0)	(13.0, 0.0)	(14.0, 0.0)	(15.0, 0.0)	(16.0, 0.0)	(17.0, 0.0)	(18.0, 0.0)	(19.0, 0.0)	(20.0, 0.0)	(21.0, 0.0)	(22.0, 0.0)	(23.0, 0.0)	(24.0, 0.0)	(25.0, 0.0)	(26.0, 0.0)	(27.0, 0.0)	(28.0, 0.0)	(29.0, 0.0)	(30.0, 0.0)	(31.0, 0.0)	(32.0, 0.0)	(33.0, 0.3333333333333333)	(34.0, 0.3333333333333333)	(35.0, 0.0)	(36.0, 0.3333333333333333)	(37.0, 1.6666666666666665)	(38.0, 3.3333333333333335)	(39.0, 10.0)	(40.0, 21.666666666666657)	(41.0, 29.333333333333297)	(42.0, 46.333333333333385)	(43.0, 65.66666666666681)	(44.0, 88.99999999999982)	(45.0, 1028.0000000000455)	(46.0, 4870.333333333374)	(47.0, 4092.000000000743)	(48.0, 2620.0000000000737)	(49.0, 956.3333333333721)	(50.0, 1109.6666666666936)	(51.0, 2828.3333333335017)	(52.0, 2366.666666666625)	(53.0, 3247.3333333336923)	(54.0, 3184.666666666997)	(55.0, 1849.333333333192)	(56.0, 1173.0000000000125)	(57.0, 200.33333333333465)	(58.0, 92.99999999999976)	(59.0, 39.333333333333336)	(60.0, 23.333333333333318)	(61.0, 19.0)	(62.0, 8.999999999999998)	(63.0, 4.666666666666666)	(64.0, 5.666666666666665)	(65.0, 1.9999999999999998)	(66.0, 1.6666666666666665)	(67.0, 3.0)	(68.0, 14.333333333333341)	(69.0, 43.6666666666667)	(70.0, 5.333333333333332)	(71.0, 0.0)	(72.0, 0.6666666666666666)	(73.0, 0.3333333333333333)	(74.0, 0.0)	(75.0, 0.3333333333333333)	(76.0, 0.3333333333333333)	(77.0, 0.0)	(78.0, 0.0)	(79.0, 0.0)	(80.0, 0.0)	(81.0, 0.0)	(82.0, 0.0)	(83.0, 0.0)	(84.0, 0.0)	(85.0, 0.0)	(86.0, 0.0)	(87.0, 0.0)	(88.0, 0.0)	(89.0, 0.0)	(90.0, 0.0)	(91.0, 0.0)	(92.0, 0.0)	(93.0, 0.0)	(94.0, 0.0)	(95.0, 0.0)	(96.0, 0.0)	(97.0, 0.0)	(98.0, 0.0)	(99.0, 0.0)	(100.0, 0.0)
SRR19621142_2	(0.0, 0.0)	(1.0, 0.0)	(2.0, 0.0)	(3.0, 0.0)	(4.0, 0.0)	(5.0, 0.0)	(6.0, 0.0)	(7.0, 0.0)	(8.0, 0.0)	(9.0, 0.0)	(10.0, 0.0)	(11.0, 0.0)	(12.0, 0.0)	(13.0, 0.0)	(14.0, 0.0)	(15.0, 0.0)	(16.0, 0.0)	(17.0, 0.0)	(18.0, 0.0)	(19.0, 0.0)	(20.0, 0.0)	(21.0, 0.0)	(22.0, 0.0)	(23.0, 0.0)	(24.0, 0.0)	(25.0, 0.0)	(26.0, 0.0)	(27.0, 0.0)	(28.0, 0.0)	(29.0, 0.0)	(30.0, 0.0)	(31.0, 0.0)	(32.0, 0.0)	(33.0, 0.6666666666666666)	(34.0, 1.0)	(35.0, 0.6666666666666666)	(36.0, 1.1666666666666665)	(37.0, 4.833333333333333)	(38.0, 4.0)	(39.0, 10.833333333333334)	(40.0, 25.166666666666647)	(41.0, 41.16666666666668)	(42.0, 55.00000000000011)	(43.0, 65.16666666666683)	(44.0, 85.99999999999986)	(45.0, 161.00000000000023)	(46.0, 823.5000000000238)	(47.0, 5456.666666666174)	(48.0, 4164.833333334016)	(49.0, 1484.9999999999416)	(50.0, 857.6666666666943)	(51.0, 1790.8333333332055)	(52.0, 1522.8333333332664)	(53.0, 1844.6666666665265)	(54.0, 3415.3333333337687)	(55.0, 3386.000000000422)	(56.0, 2247.666666666571)	(57.0, 1186.3333333333428)	(58.0, 168.66666666666708)	(59.0, 52.33333333333343)	(60.0, 28.999999999999964)	(61.0, 32.333333333333286)	(62.0, 16.666666666666675)	(63.0, 6.333333333333331)	(64.0, 4.666666666666666)	(65.0, 3.0)	(66.0, 1.6666666666666665)	(67.0, 3.0)	(68.0, 1.9999999999999998)	(69.0, 3.0)	(70.0, 3.0)	(71.0, 8.33333333333333)	(72.0, 41.000000000000014)	(73.0, 8.33333333333333)	(74.0, 0.3333333333333333)	(75.0, 0.0)	(76.0, 0.0)	(77.0, 0.3333333333333333)	(78.0, 0.3333333333333333)	(79.0, 0.3333333333333333)	(80.0, 0.3333333333333333)	(81.0, 0.0)	(82.0, 0.0)	(83.0, 0.0)	(84.0, 0.0)	(85.0, 0.0)	(86.0, 0.0)	(87.0, 0.0)	(88.0, 0.0)	(89.0, 0.0)	(90.0, 0.0)	(91.0, 0.0)	(92.0, 0.0)	(93.0, 0.0)	(94.0, 0.0)	(95.0, 0.0)	(96.0, 0.0)	(97.0, 0.0)	(98.0, 0.0)	(99.0, 0.0)	(100.0, 0.0)
SRR19621143_1	(0.0, 0.0)	(1.0, 0.0)	(2.0, 0.0)	(3.0, 0.0)	(4.0, 0.0)	(5.0, 0.0)	(6.0, 0.0)	(7.0, 0.0)	(8.0, 0.0)	(9.0, 0.0)	(10.0, 0.0)	(11.0, 0.0)	(12.0, 0.0)	(13.0, 0.0)	(14.0, 0.0)	(15.0, 0.0)	(16.0, 0.0)	(17.0, 0.0)	(18.0, 0.0)	(19.0, 0.0)	(20.0, 0.0)	(21.0, 0.0)	(22.0, 0.0)	(23.0, 0.0)	(24.0, 0.0)	(25.0, 0.0)	(26.0, 0.0)	(27.0, 0.0)	(28.0, 0.0)	(29.0, 0.0)	(30.0, 0.0)	(31.0, 0.0)	(32.0, 0.0)	(33.0, 0.0)	(34.0, 0.0)	(35.0, 0.0)	(36.0, 1.3333333333333333)	(37.0, 3.0)	(38.0, 2.6666666666666665)	(39.0, 8.666666666666664)	(40.0, 17.66666666666667)	(41.0, 24.99999999999998)	(42.0, 29.66666666666663)	(43.0, 46.66666666666672)	(44.0, 74.00000000000003)	(45.0, 502.99999999998886)	(46.0, 2330.3333333332753)	(47.0, 2352.9999999999523)	(48.0, 1821.6666666665317)	(49.0, 836.6666666666919)	(50.0, 1041.666666666709)	(51.0, 3824.000000000621)	(52.0, 3884.6666666673154)	(53.0, 3854.000000000635)	(54.0, 3379.666666667086)	(55.0, 1789.666666666539)	(56.0, 965.6666666667065)	(57.0, 640.3333333333362)	(58.0, 526.3333333333233)	(59.0, 72.33333333333339)	(60.0, 29.66666666666663)	(61.0, 14.333333333333341)	(62.0, 8.666666666666664)	(63.0, 7.33333333333333)	(64.0, 7.666666666666663)	(65.0, 3.0)	(66.0, 2.6666666666666665)	(67.0, 4.333333333333333)	(68.0, 17.66666666666667)	(69.0, 68.66666666666677)	(70.0, 6.666666666666664)	(71.0, 0.3333333333333333)	(72.0, 0.3333333333333333)	(73.0, 1.0)	(74.0, 0.6666666666666666)	(75.0, 0.3333333333333333)	(76.0, 0.0)	(77.0, 0.0)	(78.0, 0.0)	(79.0, 0.0)	(80.0, 0.0)	(81.0, 0.0)	(82.0, 0.0)	(83.0, 0.0)	(84.0, 0.0)	(85.0, 0.0)	(86.0, 0.0)	(87.0, 0.0)	(88.0, 0.0)	(89.0, 0.0)	(90.0, 0.0)	(91.0, 0.0)	(92.0, 0.0)	(93.0, 0.0)	(94.0, 0.0)	(95.0, 0.0)	(96.0, 0.0)	(97.0, 0.0)	(98.0, 0.0)	(99.0, 0.0)	(100.0, 0.0)
SRR19621143_2	(0.0, 0.0)	(1.0, 0.0)	(2.0, 0.0)	(3.0, 0.0)	(4.0, 0.0)	(5.0, 0.0)	(6.0, 0.0)	(7.0, 0.0)	(8.0, 0.0)	(9.0, 0.0)	(10.0, 0.0)	(11.0, 0.0)	(12.0, 0.0)	(13.0, 0.0)	(14.0, 0.0)	(15.0, 0.0)	(16.0, 0.0)	(17.0, 0.0)	(18.0, 0.0)	(19.0, 0.0)	(20.0, 0.0)	(21.0, 0.0)	(22.0, 0.0)	(23.0, 0.0)	(24.0, 0.0)	(25.0, 0.0)	(26.0, 0.0)	(27.0, 0.0)	(28.0, 0.0)	(29.0, 0.0)	(30.0, 0.0)	(31.0, 0.6666666666666666)	(32.0, 1.3333333333333333)	(33.0, 1.0)	(34.0, 0.6666666666666666)	(35.0, 0.6666666666666666)	(36.0, 1.9999999999999998)	(37.0, 3.666666666666667)	(38.0, 6.499999999999998)	(39.0, 12.333333333333337)	(40.0, 19.166666666666664)	(41.0, 33.33333333333329)	(42.0, 42.33333333333336)	(43.0, 52.00000000000009)	(44.0, 60.66666666666682)	(45.0, 91.99999999999979)	(46.0, 404.83333333332774)	(47.0, 2749.6666666667993)	(48.0, 2432.3333333333217)	(49.0, 1093.0000000000307)	(50.0, 849.6666666666935)	(51.0, 1705.666666666558)	(52.0, 1528.4999999999318)	(53.0, 2518.6666666666943)	(54.0, 4231.000000000622)	(55.0, 4294.000000000565)	(56.0, 2600.0000000000646)	(57.0, 1127.3333333333562)	(58.0, 238.33333333333573)	(59.0, 104.33333333333293)	(60.0, 163.00000000000026)	(61.0, 531.3333333333238)	(62.0, 152.3333333333333)	(63.0, 39.0)	(64.0, 10.333333333333334)	(65.0, 5.333333333333332)	(66.0, 7.9999999999999964)	(67.0, 4.666666666666666)	(68.0, 4.0)	(69.0, 3.666666666666667)	(70.0, 4.666666666666666)	(71.0, 13.000000000000005)	(72.0, 57.6666666666668)	(73.0, 12.333333333333337)	(74.0, 1.9999999999999998)	(75.0, 0.3333333333333333)	(76.0, 0.0)	(77.0, 0.3333333333333333)	(78.0, 0.3333333333333333)	(79.0, 0.0)	(80.0, 0.0)	(81.0, 0.0)	(82.0, 0.0)	(83.0, 0.0)	(84.0, 0.0)	(85.0, 0.0)	(86.0, 0.0)	(87.0, 0.3333333333333333)	(88.0, 0.0)	(89.0, 0.0)	(90.0, 0.3333333333333333)	(91.0, 0.3333333333333333)	(92.0, 0.0)	(93.0, 0.0)	(94.0, 0.0)	(95.0, 0.0)	(96.0, 0.3333333333333333)	(97.0, 0.0)	(98.0, 0.0)	(99.0, 0.0)	(100.0, 0.0)
SRR19621144_1	(0.0, 0.0)	(1.0, 0.0)	(2.0, 0.0)	(3.0, 0.0)	(4.0, 0.0)	(5.0, 0.0)	(6.0, 0.0)	(7.0, 0.0)	(8.0, 0.0)	(9.0, 0.0)	(10.0, 0.0)	(11.0, 0.0)	(12.0, 0.0)	(13.0, 0.0)	(14.0, 0.0)	(15.0, 0.0)	(16.0, 0.0)	(17.0, 0.0)	(18.0, 0.0)	(19.0, 0.0)	(20.0, 0.0)	(21.0, 0.0)	(22.0, 0.0)	(23.0, 0.0)	(24.0, 0.0)	(25.0, 0.0)	(26.0, 0.0)	(27.0, 0.0)	(28.0, 0.0)	(29.0, 0.0)	(30.0, 0.0)	(31.0, 0.0)	(32.0, 0.0)	(33.0, 0.0)	(34.0, 0.0)	(35.0, 0.3333333333333333)	(36.0, 2.333333333333333)	(37.0, 2.6666666666666665)	(38.0, 4.666666666666666)	(39.0, 14.333333333333341)	(40.0, 37.33333333333332)	(41.0, 47.66666666666673)	(42.0, 55.33333333333345)	(43.0, 73.6666666666667)	(44.0, 96.33333333333304)	(45.0, 136.99999999999952)	(46.0, 318.3333333333327)	(47.0, 277.66666666666833)	(48.0, 385.3333333333289)	(49.0, 704.0000000000101)	(50.0, 2376.333333333296)	(51.0, 4899.000000000015)	(52.0, 7900.333333330618)	(53.0, 8137.666666663736)	(54.0, 7954.333333330569)	(55.0, 6780.66666666497)	(56.0, 2336.999999999945)	(57.0, 1440.9999999999516)	(58.0, 1221.0000000000016)	(59.0, 175.33333333333394)	(60.0, 80.99999999999993)	(61.0, 49.66666666666674)	(62.0, 35.33333333333331)	(63.0, 19.999999999999996)	(64.0, 39.333333333333336)	(65.0, 20.33333333333333)	(66.0, 15.666666666666677)	(67.0, 26.99999999999997)	(68.0, 109.66666666666619)	(69.0, 317.33333333333275)	(70.0, 49.00000000000007)	(71.0, 7.9999999999999964)	(72.0, 3.0)	(73.0, 1.3333333333333333)	(74.0, 1.3333333333333333)	(75.0, 0.6666666666666666)	(76.0, 0.0)	(77.0, 0.0)	(78.0, 0.0)	(79.0, 0.3333333333333333)	(80.0, 0.3333333333333333)	(81.0, 0.0)	(82.0, 0.0)	(83.0, 0.0)	(84.0, 0.0)	(85.0, 0.0)	(86.0, 0.0)	(87.0, 0.0)	(88.0, 0.0)	(89.0, 0.0)	(90.0, 0.0)	(91.0, 0.0)	(92.0, 0.0)	(93.0, 0.0)	(94.0, 0.0)	(95.0, 0.0)	(96.0, 0.0)	(97.0, 0.0)	(98.0, 0.3333333333333333)	(99.0, 0.3333333333333333)	(100.0, 0.0)
SRR19621144_2	(0.0, 0.0)	(1.0, 0.0)	(2.0, 0.0)	(3.0, 0.0)	(4.0, 0.0)	(5.0, 0.0)	(6.0, 0.0)	(7.0, 0.0)	(8.0, 0.0)	(9.0, 0.0)	(10.0, 0.0)	(11.0, 0.0)	(12.0, 0.0)	(13.0, 0.0)	(14.0, 0.0)	(15.0, 0.0)	(16.0, 0.0)	(17.0, 0.0)	(18.0, 0.0)	(19.0, 0.0)	(20.0, 0.0)	(21.0, 0.0)	(22.0, 0.0)	(23.0, 0.0)	(24.0, 0.0)	(25.0, 0.3333333333333333)	(26.0, 0.3333333333333333)	(27.0, 0.0)	(28.0, 0.0)	(29.0, 0.0)	(30.0, 0.0)	(31.0, 0.0)	(32.0, 0.0)	(33.0, 0.5)	(34.0, 0.5)	(35.0, 0.6666666666666666)	(36.0, 1.6666666666666665)	(37.0, 4.0)	(38.0, 3.666666666666667)	(39.0, 15.833333333333345)	(40.0, 35.16666666666664)	(41.0, 52.5000000000001)	(42.0, 60.66666666666681)	(43.0, 78.33333333333331)	(44.0, 97.16666666666637)	(45.0, 97.49999999999972)	(46.0, 144.33333333333306)	(47.0, 344.1666666666645)	(48.0, 283.8333333333347)	(49.0, 401.6666666666613)	(50.0, 1299.3333333333171)	(51.0, 2290.999999999924)	(52.0, 3049.3333333336022)	(53.0, 6769.999999998314)	(54.0, 8689.333333331257)	(55.0, 8348.499999997304)	(56.0, 7027.999999998078)	(57.0, 2708.333333333447)	(58.0, 521.9999999999894)	(59.0, 218.00000000000182)	(60.0, 537.9999999999912)	(61.0, 1228.3333333333333)	(62.0, 322.9999999999991)	(63.0, 99.333333333333)	(64.0, 59.66666666666681)	(65.0, 28.666666666666632)	(66.0, 45.33333333333338)	(67.0, 24.99999999999998)	(68.0, 21.99999999999999)	(69.0, 22.666666666666654)	(70.0, 27.666666666666636)	(71.0, 67.66666666666679)	(72.0, 287.33333333333445)	(73.0, 59.00000000000014)	(74.0, 4.999999999999999)	(75.0, 1.0)	(76.0, 0.3333333333333333)	(77.0, 0.3333333333333333)	(78.0, 0.6666666666666666)	(79.0, 0.6666666666666666)	(80.0, 0.0)	(81.0, 0.3333333333333333)	(82.0, 0.3333333333333333)	(83.0, 0.0)	(84.0, 0.0)	(85.0, 0.0)	(86.0, 0.3333333333333333)	(87.0, 0.6666666666666666)	(88.0, 0.3333333333333333)	(89.0, 0.0)	(90.0, 0.0)	(91.0, 0.0)	(92.0, 0.0)	(93.0, 0.0)	(94.0, 0.0)	(95.0, 0.0)	(96.0, 0.0)	(97.0, 0.3333333333333333)	(98.0, 0.0)	(99.0, 0.3333333333333333)	(100.0, 1.5)
SRR19621145_1	(0.0, 0.0)	(1.0, 0.0)	(2.0, 0.0)	(3.0, 0.0)	(4.0, 0.0)	(5.0, 0.0)	(6.0, 0.0)	(7.0, 0.0)	(8.0, 0.0)	(9.0, 0.0)	(10.0, 0.0)	(11.0, 0.0)	(12.0, 0.0)	(13.0, 0.0)	(14.0, 0.0)	(15.0, 0.0)	(16.0, 0.0)	(17.0, 0.0)	(18.0, 0.0)	(19.0, 0.0)	(20.0, 0.0)	(21.0, 0.0)	(22.0, 0.0)	(23.0, 0.0)	(24.0, 0.0)	(25.0, 0.0)	(26.0, 0.0)	(27.0, 0.0)	(28.0, 0.0)	(29.0, 0.0)	(30.0, 0.0)	(31.0, 0.0)	(32.0, 0.0)	(33.0, 0.0)	(34.0, 0.3333333333333333)	(35.0, 0.0)	(36.0, 0.6666666666666666)	(37.0, 1.9999999999999998)	(38.0, 1.9999999999999998)	(39.0, 5.999999999999998)	(40.0, 13.33333333333334)	(41.0, 17.66666666666667)	(42.0, 23.999999999999982)	(43.0, 32.66666666666662)	(44.0, 40.33333333333334)	(45.0, 53.333333333333435)	(46.0, 105.66666666666625)	(47.0, 118.99999999999939)	(48.0, 158.6666666666668)	(49.0, 272.6666666666686)	(50.0, 780.0000000000188)	(51.0, 2357.9999999999545)	(52.0, 5417.9999999995425)	(53.0, 4028.666666667381)	(54.0, 3272.666666667037)	(55.0, 2577.000000000054)	(56.0, 976.3333333333744)	(57.0, 247.00000000000264)	(58.0, 124.9999999999993)	(59.0, 35.33333333333331)	(60.0, 39.333333333333336)	(61.0, 108.99999999999953)	(62.0, 76.33333333333333)	(63.0, 26.66666666666664)	(64.0, 17.000000000000007)	(65.0, 16.666666666666675)	(66.0, 14.333333333333341)	(67.0, 33.999999999999964)	(68.0, 176.6666666666673)	(69.0, 549.6666666666592)	(70.0, 66.6666666666668)	(71.0, 8.999999999999998)	(72.0, 4.333333333333333)	(73.0, 3.0)	(74.0, 1.3333333333333333)	(75.0, 1.0)	(76.0, 0.6666666666666666)	(77.0, 0.6666666666666666)	(78.0, 0.0)	(79.0, 0.0)	(80.0, 0.0)	(81.0, 0.0)	(82.0, 0.0)	(83.0, 0.0)	(84.0, 0.0)	(85.0, 0.0)	(86.0, 0.0)	(87.0, 0.0)	(88.0, 0.0)	(89.0, 0.0)	(90.0, 0.0)	(91.0, 0.0)	(92.0, 0.0)	(93.0, 0.0)	(94.0, 0.0)	(95.0, 0.0)	(96.0, 0.0)	(97.0, 0.0)	(98.0, 0.0)	(99.0, 0.0)	(100.0, 0.0)
SRR19621145_2	(0.0, 0.0)	(1.0, 0.0)	(2.0, 0.0)	(3.0, 0.0)	(4.0, 0.0)	(5.0, 0.0)	(6.0, 0.0)	(7.0, 0.0)	(8.0, 0.0)	(9.0, 0.0)	(10.0, 0.0)	(11.0, 0.0)	(12.0, 0.0)	(13.0, 0.0)	(14.0, 0.0)	(15.0, 0.0)	(16.0, 0.0)	(17.0, 0.0)	(18.0, 0.0)	(19.0, 0.0)	(20.0, 0.0)	(21.0, 0.0)	(22.0, 0.0)	(23.0, 0.0)	(24.0, 0.0)	(25.0, 0.0)	(26.0, 0.0)	(27.0, 0.0)	(28.0, 0.0)	(29.0, 0.0)	(30.0, 0.0)	(31.0, 0.0)	(32.0, 0.0)	(33.0, 0.0)	(34.0, 0.0)	(35.0, 0.0)	(36.0, 0.0)	(37.0, 0.6666666666666666)	(38.0, 1.0)	(39.0, 5.499999999999999)	(40.0, 13.500000000000007)	(41.0, 19.666666666666664)	(42.0, 27.49999999999997)	(43.0, 38.83333333333333)	(44.0, 45.500000000000036)	(45.0, 42.83333333333336)	(46.0, 62.00000000000016)	(47.0, 125.4999999999993)	(48.0, 152.83333333333331)	(49.0, 220.16666666666856)	(50.0, 372.99999999999625)	(51.0, 870.8333333333625)	(52.0, 1529.666666666598)	(53.0, 4818.000000000088)	(54.0, 4079.3333333340706)	(55.0, 3298.000000000382)	(56.0, 2598.0000000000637)	(57.0, 1201.6666666666727)	(58.0, 333.33333333333184)	(59.0, 136.33333333333283)	(60.0, 107.99999999999955)	(61.0, 90.66666666666646)	(62.0, 32.99999999999996)	(63.0, 45.00000000000004)	(64.0, 111.33333333333283)	(65.0, 36.999999999999986)	(66.0, 20.66666666666666)	(67.0, 29.333333333333297)	(68.0, 33.999999999999964)	(69.0, 30.333333333333293)	(70.0, 38.33333333333333)	(71.0, 123.99999999999932)	(72.0, 489.9999999999896)	(73.0, 97.99999999999969)	(74.0, 11.000000000000002)	(75.0, 2.6666666666666665)	(76.0, 2.333333333333333)	(77.0, 2.333333333333333)	(78.0, 1.6666666666666665)	(79.0, 0.6666666666666666)	(80.0, 0.0)	(81.0, 0.3333333333333333)	(82.0, 0.3333333333333333)	(83.0, 0.0)	(84.0, 0.0)	(85.0, 0.0)	(86.0, 0.0)	(87.0, 0.0)	(88.0, 0.0)	(89.0, 0.0)	(90.0, 0.0)	(91.0, 0.0)	(92.0, 0.0)	(93.0, 0.0)	(94.0, 0.0)	(95.0, 0.0)	(96.0, 0.0)	(97.0, 0.0)	(98.0, 0.0)	(99.0, 0.0)	(100.0, 0.5)
SRR19621146_1	(0.0, 0.0)	(1.0, 0.0)	(2.0, 0.0)	(3.0, 0.0)	(4.0, 0.0)	(5.0, 0.0)	(6.0, 0.0)	(7.0, 0.0)	(8.0, 0.0)	(9.0, 0.0)	(10.0, 0.0)	(11.0, 0.0)	(12.0, 0.0)	(13.0, 0.0)	(14.0, 0.0)	(15.0, 0.0)	(16.0, 0.0)	(17.0, 0.0)	(18.0, 0.0)	(19.0, 0.0)	(20.0, 0.0)	(21.0, 0.0)	(22.0, 0.0)	(23.0, 0.0)	(24.0, 0.0)	(25.0, 0.0)	(26.0, 0.0)	(27.0, 0.0)	(28.0, 0.0)	(29.0, 0.0)	(30.0, 0.0)	(31.0, 0.0)	(32.0, 0.0)	(33.0, 0.0)	(34.0, 0.0)	(35.0, 0.0)	(36.0, 0.0)	(37.0, 0.6666666666666666)	(38.0, 1.6666666666666665)	(39.0, 4.666666666666666)	(40.0, 10.333333333333334)	(41.0, 15.333333333333343)	(42.0, 19.666666666666664)	(43.0, 21.99999999999999)	(44.0, 33.66666666666663)	(45.0, 57.333333333333464)	(46.0, 222.00000000000193)	(47.0, 193.33333333333445)	(48.0, 230.00000000000216)	(49.0, 277.0000000000017)	(50.0, 1196.0000000000073)	(51.0, 2479.0000000000095)	(52.0, 3134.0000000003074)	(53.0, 3044.0000000002665)	(54.0, 3520.000000000483)	(55.0, 3024.333333333591)	(56.0, 1078.3333333333674)	(57.0, 186.0000000000009)	(58.0, 73.00000000000004)	(59.0, 27.666666666666636)	(60.0, 46.333333333333385)	(61.0, 137.33333333333286)	(62.0, 84.99999999999987)	(63.0, 28.3333333333333)	(64.0, 8.999999999999998)	(65.0, 4.999999999999999)	(66.0, 5.666666666666665)	(67.0, 14.000000000000007)	(68.0, 74.33333333333336)	(69.0, 243.66666666666922)	(70.0, 37.66666666666666)	(71.0, 5.333333333333332)	(72.0, 3.666666666666667)	(73.0, 2.333333333333333)	(74.0, 1.0)	(75.0, 0.3333333333333333)	(76.0, 0.0)	(77.0, 0.0)	(78.0, 0.0)	(79.0, 0.0)	(80.0, 0.0)	(81.0, 0.0)	(82.0, 0.0)	(83.0, 0.0)	(84.0, 0.0)	(85.0, 0.0)	(86.0, 0.0)	(87.0, 0.0)	(88.0, 0.0)	(89.0, 0.0)	(90.0, 0.0)	(91.0, 0.0)	(92.0, 0.0)	(93.0, 0.0)	(94.0, 0.0)	(95.0, 0.0)	(96.0, 0.0)	(97.0, 0.0)	(98.0, 0.0)	(99.0, 0.0)	(100.0, 0.0)
SRR19621146_2	(0.0, 0.0)	(1.0, 0.0)	(2.0, 0.0)	(3.0, 0.0)	(4.0, 0.0)	(5.0, 0.0)	(6.0, 0.0)	(7.0, 0.0)	(8.0, 0.0)	(9.0, 0.0)	(10.0, 0.0)	(11.0, 0.0)	(12.0, 0.0)	(13.0, 0.0)	(14.0, 0.0)	(15.0, 0.0)	(16.0, 0.0)	(17.0, 0.0)	(18.0, 0.0)	(19.0, 0.0)	(20.0, 0.0)	(21.0, 0.0)	(22.0, 0.0)	(23.0, 0.0)	(24.0, 0.0)	(25.0, 0.0)	(26.0, 0.0)	(27.0, 0.0)	(28.0, 0.0)	(29.0, 0.0)	(30.0, 0.0)	(31.0, 0.6666666666666666)	(32.0, 0.6666666666666666)	(33.0, 0.0)	(34.0, 0.0)	(35.0, 0.0)	(36.0, 1.3333333333333333)	(37.0, 3.5000000000000004)	(38.0, 2.8333333333333335)	(39.0, 4.999999999999999)	(40.0, 12.000000000000004)	(41.0, 16.16666666666668)	(42.0, 18.333333333333336)	(43.0, 26.833333333333307)	(44.0, 27.333333333333304)	(45.0, 34.666666666666636)	(46.0, 68.00000000000011)	(47.0, 280.33333333333485)	(48.0, 215.8333333333351)	(49.0, 186.50000000000094)	(50.0, 574.9999999999955)	(51.0, 1350.8333333333055)	(52.0, 1588.9999999999181)	(53.0, 2658.833333333425)	(54.0, 2981.666666666905)	(55.0, 3277.6666666670394)	(56.0, 3100.666666666959)	(57.0, 1478.3333333332764)	(58.0, 363.66666666666345)	(59.0, 115.6666666666661)	(60.0, 58.000000000000135)	(61.0, 48.666666666666735)	(62.0, 29.99999999999996)	(63.0, 50.50000000000008)	(64.0, 142.833333333333)	(65.0, 33.33333333333329)	(66.0, 16.00000000000001)	(67.0, 14.666666666666675)	(68.0, 15.333333333333343)	(69.0, 15.333333333333343)	(70.0, 16.333333333333343)	(71.0, 56.00000000000012)	(72.0, 214.6666666666684)	(73.0, 52.33333333333343)	(74.0, 8.999999999999998)	(75.0, 3.0)	(76.0, 0.3333333333333333)	(77.0, 0.6666666666666666)	(78.0, 0.3333333333333333)	(79.0, 0.3333333333333333)	(80.0, 0.3333333333333333)	(81.0, 0.0)	(82.0, 0.0)	(83.0, 0.0)	(84.0, 0.3333333333333333)	(85.0, 0.0)	(86.0, 0.0)	(87.0, 0.0)	(88.0, 0.0)	(89.0, 0.0)	(90.0, 0.0)	(91.0, 0.0)	(92.0, 0.0)	(93.0, 0.0)	(94.0, 0.0)	(95.0, 0.0)	(96.0, 0.0)	(97.0, 0.0)	(98.0, 0.0)	(99.0, 0.0)	(100.0, 0.0)
SRR19621147_1	(0.0, 0.0)	(1.0, 0.0)	(2.0, 0.0)	(3.0, 0.0)	(4.0, 0.0)	(5.0, 0.0)	(6.0, 0.0)	(7.0, 0.0)	(8.0, 0.0)	(9.0, 0.0)	(10.0, 0.0)	(11.0, 0.0)	(12.0, 0.0)	(13.0, 0.0)	(14.0, 0.0)	(15.0, 0.0)	(16.0, 0.0)	(17.0, 0.0)	(18.0, 0.0)	(19.0, 0.0)	(20.0, 0.0)	(21.0, 0.0)	(22.0, 0.0)	(23.0, 0.0)	(24.0, 0.0)	(25.0, 0.0)	(26.0, 0.0)	(27.0, 0.0)	(28.0, 0.0)	(29.0, 0.0)	(30.0, 0.0)	(31.0, 0.0)	(32.0, 0.0)	(33.0, 0.0)	(34.0, 0.0)	(35.0, 0.0)	(36.0, 0.0)	(37.0, 1.0)	(38.0, 2.6666666666666665)	(39.0, 5.999999999999998)	(40.0, 13.666666666666673)	(41.0, 21.99999999999999)	(42.0, 28.3333333333333)	(43.0, 34.99999999999997)	(44.0, 42.00000000000002)	(45.0, 55.33333333333345)	(46.0, 137.33333333333286)	(47.0, 205.66666666666814)	(48.0, 236.33333333333567)	(49.0, 271.33333333333536)	(50.0, 797.3333333333541)	(51.0, 2268.999999999914)	(52.0, 4380.33333333382)	(53.0, 5031.666666666561)	(54.0, 4710.3333333335195)	(55.0, 2698.000000000109)	(56.0, 936.0000000000365)	(57.0, 288.3333333333344)	(58.0, 131.3333333333327)	(59.0, 48.3333333333334)	(60.0, 47.00000000000006)	(61.0, 104.66666666666626)	(62.0, 78.3333333333333)	(63.0, 26.99999999999997)	(64.0, 18.333333333333336)	(65.0, 18.000000000000004)	(66.0, 22.666666666666654)	(67.0, 47.66666666666673)	(68.0, 254.00000000000284)	(69.0, 850.3333333333601)	(70.0, 107.99999999999955)	(71.0, 15.000000000000009)	(72.0, 10.666666666666668)	(73.0, 2.6666666666666665)	(74.0, 2.6666666666666665)	(75.0, 0.3333333333333333)	(76.0, 1.0)	(77.0, 0.6666666666666666)	(78.0, 0.0)	(79.0, 0.0)	(80.0, 0.0)	(81.0, 0.0)	(82.0, 0.0)	(83.0, 0.0)	(84.0, 0.0)	(85.0, 0.0)	(86.0, 0.0)	(87.0, 0.0)	(88.0, 0.0)	(89.0, 0.0)	(90.0, 0.0)	(91.0, 0.0)	(92.0, 0.0)	(93.0, 0.0)	(94.0, 0.0)	(95.0, 0.0)	(96.0, 0.0)	(97.0, 0.0)	(98.0, 0.0)	(99.0, 0.0)	(100.0, 0.0)
SRR19621147_2	(0.0, 0.0)	(1.0, 0.0)	(2.0, 0.0)	(3.0, 0.0)	(4.0, 0.0)	(5.0, 0.0)	(6.0, 0.0)	(7.0, 0.0)	(8.0, 0.0)	(9.0, 0.0)	(10.0, 0.0)	(11.0, 0.0)	(12.0, 0.0)	(13.0, 0.0)	(14.0, 0.0)	(15.0, 0.0)	(16.0, 0.0)	(17.0, 0.0)	(18.0, 0.3333333333333333)	(19.0, 0.3333333333333333)	(20.0, 0.0)	(21.0, 0.0)	(22.0, 0.0)	(23.0, 0.0)	(24.0, 0.0)	(25.0, 0.0)	(26.0, 0.0)	(27.0, 0.0)	(28.0, 0.0)	(29.0, 0.0)	(30.0, 0.0)	(31.0, 0.0)	(32.0, 0.0)	(33.0, 0.0)	(34.0, 0.0)	(35.0, 0.0)	(36.0, 0.0)	(37.0, 0.6666666666666666)	(38.0, 3.0)	(39.0, 6.666666666666664)	(40.0, 14.666666666666675)	(41.0, 22.166666666666654)	(42.0, 25.99999999999998)	(43.0, 30.666666666666625)	(44.0, 44.66666666666671)	(45.0, 45.66666666666672)	(46.0, 69.16666666666677)	(47.0, 211.16666666666828)	(48.0, 231.5000000000022)	(49.0, 195.16666666666785)	(50.0, 366.6666666666633)	(51.0, 932.5000000000362)	(52.0, 1524.833333333266)	(53.0, 3937.500000000673)	(54.0, 4925.99999999999)	(55.0, 4808.666666666763)	(56.0, 2869.000000000187)	(57.0, 1178.3333333333446)	(58.0, 334.6666666666651)	(59.0, 174.00000000000057)	(60.0, 114.66666666666612)	(61.0, 92.99999999999976)	(62.0, 40.33333333333334)	(63.0, 47.66666666666673)	(64.0, 111.66666666666616)	(65.0, 40.66666666666668)	(66.0, 32.99999999999996)	(67.0, 33.66666666666663)	(68.0, 41.666666666666686)	(69.0, 43.333333333333364)	(70.0, 59.33333333333348)	(71.0, 187.33333333333428)	(72.0, 753.6666666666824)	(73.0, 160.3333333333335)	(74.0, 21.666666666666657)	(75.0, 4.0)	(76.0, 1.6666666666666665)	(77.0, 1.6666666666666665)	(78.0, 1.6666666666666665)	(79.0, 1.3333333333333333)	(80.0, 0.3333333333333333)	(81.0, 0.6666666666666666)	(82.0, 1.0)	(83.0, 0.3333333333333333)	(84.0, 0.0)	(85.0, 0.3333333333333333)	(86.0, 0.0)	(87.0, 0.0)	(88.0, 0.0)	(89.0, 0.0)	(90.0, 0.0)	(91.0, 0.0)	(92.0, 0.0)	(93.0, 0.0)	(94.0, 0.0)	(95.0, 0.0)	(96.0, 0.0)	(97.0, 0.0)	(98.0, 0.0)	(99.0, 0.0)	(100.0, 0.0)
SRR19621148_1	(0.0, 0.0)	(1.0, 0.0)	(2.0, 0.0)	(3.0, 0.0)	(4.0, 0.0)	(5.0, 0.0)	(6.0, 0.0)	(7.0, 0.0)	(8.0, 0.0)	(9.0, 0.0)	(10.0, 0.0)	(11.0, 0.0)	(12.0, 0.0)	(13.0, 0.0)	(14.0, 0.0)	(15.0, 0.0)	(16.0, 0.0)	(17.0, 0.0)	(18.0, 0.0)	(19.0, 0.0)	(20.0, 0.0)	(21.0, 0.0)	(22.0, 0.0)	(23.0, 0.0)	(24.0, 0.0)	(25.0, 0.0)	(26.0, 0.0)	(27.0, 0.0)	(28.0, 0.0)	(29.0, 0.0)	(30.0, 0.0)	(31.0, 0.0)	(32.0, 0.0)	(33.0, 0.0)	(34.0, 0.0)	(35.0, 0.3333333333333333)	(36.0, 0.3333333333333333)	(37.0, 0.6666666666666666)	(38.0, 2.6666666666666665)	(39.0, 6.999999999999997)	(40.0, 19.0)	(41.0, 21.99999999999999)	(42.0, 20.66666666666666)	(43.0, 23.999999999999982)	(44.0, 44.33333333333337)	(45.0, 72.33333333333339)	(46.0, 193.0000000000011)	(47.0, 132.66666666666606)	(48.0, 289.000000000001)	(49.0, 440.9999999999924)	(50.0, 1704.9999999998915)	(51.0, 3956.3333333340147)	(52.0, 4107.666666667401)	(53.0, 3740.66666666725)	(54.0, 4822.333333333418)	(55.0, 3332.0000000003974)	(56.0, 953.3333333333718)	(57.0, 551.6666666666595)	(58.0, 428.99999999999307)	(59.0, 79.99999999999994)	(60.0, 30.333333333333293)	(61.0, 19.333333333333332)	(62.0, 8.666666666666664)	(63.0, 7.9999999999999964)	(64.0, 24.99999999999998)	(65.0, 31.66666666666662)	(66.0, 19.666666666666664)	(67.0, 40.33333333333334)	(68.0, 213.33333333333502)	(69.0, 614.6666666666666)	(70.0, 90.99999999999979)	(71.0, 11.333333333333336)	(72.0, 4.333333333333333)	(73.0, 1.3333333333333333)	(74.0, 1.9999999999999998)	(75.0, 1.3333333333333333)	(76.0, 0.3333333333333333)	(77.0, 0.0)	(78.0, 0.0)	(79.0, 0.0)	(80.0, 0.0)	(81.0, 0.0)	(82.0, 0.0)	(83.0, 0.0)	(84.0, 0.0)	(85.0, 0.0)	(86.0, 0.0)	(87.0, 0.0)	(88.0, 0.0)	(89.0, 0.0)	(90.0, 0.0)	(91.0, 0.0)	(92.0, 0.0)	(93.0, 0.0)	(94.0, 0.0)	(95.0, 0.0)	(96.0, 0.0)	(97.0, 0.0)	(98.0, 0.0)	(99.0, 0.0)	(100.0, 0.0)
SRR19621148_2	(0.0, 0.0)	(1.0, 0.0)	(2.0, 0.0)	(3.0, 0.0)	(4.0, 0.0)	(5.0, 0.0)	(6.0, 0.0)	(7.0, 0.0)	(8.0, 0.0)	(9.0, 0.0)	(10.0, 0.0)	(11.0, 0.0)	(12.0, 0.0)	(13.0, 0.0)	(14.0, 0.0)	(15.0, 0.0)	(16.0, 0.0)	(17.0, 0.0)	(18.0, 0.0)	(19.0, 0.0)	(20.0, 0.0)	(21.0, 0.0)	(22.0, 0.0)	(23.0, 0.0)	(24.0, 0.0)	(25.0, 0.0)	(26.0, 0.0)	(27.0, 0.0)	(28.0, 0.0)	(29.0, 0.0)	(30.0, 0.0)	(31.0, 0.0)	(32.0, 0.0)	(33.0, 0.0)	(34.0, 0.0)	(35.0, 0.3333333333333333)	(36.0, 1.3333333333333333)	(37.0, 3.666666666666667)	(38.0, 3.0)	(39.0, 9.333333333333332)	(40.0, 18.833333333333336)	(41.0, 21.83333333333332)	(42.0, 28.166666666666636)	(43.0, 35.166666666666636)	(44.0, 40.83333333333334)	(45.0, 43.66666666666669)	(46.0, 60.66666666666682)	(47.0, 239.6666666666691)	(48.0, 293.33333333333405)	(49.0, 321.16666666666583)	(50.0, 923.6666666667018)	(51.0, 2066.333333333155)	(52.0, 3064.0000000002756)	(53.0, 3200.1666666670044)	(54.0, 3424.1666666671063)	(55.0, 4530.666666667016)	(56.0, 3623.6666666671968)	(57.0, 1283.9999999999873)	(58.0, 283.3333333333347)	(59.0, 104.66666666666626)	(60.0, 255.3333333333362)	(61.0, 421.66666666666015)	(62.0, 115.33333333333277)	(63.0, 33.999999999999964)	(64.0, 16.666666666666675)	(65.0, 16.666666666666675)	(66.0, 20.66666666666666)	(67.0, 45.00000000000004)	(68.0, 54.33333333333344)	(69.0, 34.666666666666636)	(70.0, 39.333333333333336)	(71.0, 129.99999999999932)	(72.0, 552.6666666666596)	(73.0, 123.33333333333266)	(74.0, 12.666666666666671)	(75.0, 4.999999999999999)	(76.0, 3.3333333333333335)	(77.0, 1.3333333333333333)	(78.0, 1.0)	(79.0, 1.0)	(80.0, 1.0)	(81.0, 1.0)	(82.0, 0.0)	(83.0, 0.3333333333333333)	(84.0, 0.0)	(85.0, 0.3333333333333333)	(86.0, 0.3333333333333333)	(87.0, 0.0)	(88.0, 0.0)	(89.0, 0.0)	(90.0, 0.0)	(91.0, 0.0)	(92.0, 0.0)	(93.0, 0.0)	(94.0, 0.3333333333333333)	(95.0, 0.0)	(96.0, 0.0)	(97.0, 0.0)	(98.0, 0.0)	(99.0, 0.3333333333333333)	(100.0, 0.5)
SRR19621149_1	(0.0, 0.0)	(1.0, 0.0)	(2.0, 0.0)	(3.0, 0.0)	(4.0, 0.0)	(5.0, 0.0)	(6.0, 0.0)	(7.0, 0.0)	(8.0, 0.0)	(9.0, 0.0)	(10.0, 0.0)	(11.0, 0.0)	(12.0, 0.0)	(13.0, 0.0)	(14.0, 0.0)	(15.0, 0.0)	(16.0, 0.0)	(17.0, 0.0)	(18.0, 0.0)	(19.0, 0.0)	(20.0, 0.0)	(21.0, 0.0)	(22.0, 0.0)	(23.0, 0.0)	(24.0, 0.0)	(25.0, 0.0)	(26.0, 0.0)	(27.0, 0.0)	(28.0, 0.0)	(29.0, 0.0)	(30.0, 0.0)	(31.0, 0.0)	(32.0, 0.0)	(33.0, 0.3333333333333333)	(34.0, 0.3333333333333333)	(35.0, 0.0)	(36.0, 0.6666666666666666)	(37.0, 1.0)	(38.0, 2.333333333333333)	(39.0, 8.999999999999998)	(40.0, 16.00000000000001)	(41.0, 29.66666666666663)	(42.0, 37.66666666666666)	(43.0, 37.99999999999999)	(44.0, 82.33333333333324)	(45.0, 232.6666666666689)	(46.0, 828.3333333333576)	(47.0, 546.9999999999923)	(48.0, 714.0000000000113)	(49.0, 713.0000000000111)	(50.0, 1732.3333333332187)	(51.0, 4961.999999999957)	(52.0, 4886.000000000026)	(53.0, 4954.333333333298)	(54.0, 5687.999999999297)	(55.0, 4203.666666667314)	(56.0, 1137.0000000000207)	(57.0, 333.33333333333184)	(58.0, 197.00000000000122)	(59.0, 45.33333333333338)	(60.0, 25.33333333333331)	(61.0, 10.333333333333334)	(62.0, 7.33333333333333)	(63.0, 5.333333333333332)	(64.0, 20.66666666666666)	(65.0, 20.999999999999993)	(66.0, 12.666666666666671)	(67.0, 14.333333333333341)	(68.0, 80.99999999999993)	(69.0, 224.000000000002)	(70.0, 26.333333333333307)	(71.0, 5.333333333333332)	(72.0, 3.666666666666667)	(73.0, 1.0)	(74.0, 0.6666666666666666)	(75.0, 0.0)	(76.0, 0.3333333333333333)	(77.0, 0.0)	(78.0, 0.0)	(79.0, 0.0)	(80.0, 0.0)	(81.0, 0.0)	(82.0, 0.0)	(83.0, 0.0)	(84.0, 0.0)	(85.0, 0.0)	(86.0, 0.0)	(87.0, 0.0)	(88.0, 0.0)	(89.0, 0.0)	(90.0, 0.0)	(91.0, 0.0)	(92.0, 0.0)	(93.0, 0.0)	(94.0, 0.0)	(95.0, 0.0)	(96.0, 0.0)	(97.0, 0.0)	(98.0, 0.0)	(99.0, 0.0)	(100.0, 0.0)
SRR19621149_2	(0.0, 0.0)	(1.0, 0.0)	(2.0, 0.0)	(3.0, 0.0)	(4.0, 0.0)	(5.0, 0.0)	(6.0, 0.0)	(7.0, 0.0)	(8.0, 0.0)	(9.0, 0.0)	(10.0, 0.0)	(11.0, 0.0)	(12.0, 0.0)	(13.0, 0.0)	(14.0, 0.0)	(15.0, 0.0)	(16.0, 0.0)	(17.0, 0.0)	(18.0, 0.0)	(19.0, 0.0)	(20.0, 0.0)	(21.0, 0.0)	(22.0, 0.0)	(23.0, 0.0)	(24.0, 0.0)	(25.0, 0.0)	(26.0, 0.0)	(27.0, 0.0)	(28.0, 0.0)	(29.0, 0.0)	(30.0, 0.0)	(31.0, 0.0)	(32.0, 0.0)	(33.0, 0.0)	(34.0, 0.0)	(35.0, 0.3333333333333333)	(36.0, 1.1666666666666665)	(37.0, 2.5)	(38.0, 3.666666666666667)	(39.0, 9.5)	(40.0, 17.000000000000007)	(41.0, 24.16666666666665)	(42.0, 32.33333333333329)	(43.0, 44.1666666666667)	(44.0, 49.66666666666674)	(45.0, 88.49999999999983)	(46.0, 186.83333333333425)	(47.0, 970.666666666707)	(48.0, 885.0000000000306)	(49.0, 610.4999999999995)	(50.0, 779.0000000000185)	(51.0, 1957.8333333331675)	(52.0, 4213.5000000006385)	(53.0, 4237.666666667283)	(54.0, 4724.16666666684)	(55.0, 5008.1666666665815)	(56.0, 4290.6666666672345)	(57.0, 2007.6666666664894)	(58.0, 383.9999999999956)	(59.0, 144.99999999999974)	(60.0, 81.66666666666659)	(61.0, 194.33333333333448)	(62.0, 51.66666666666676)	(63.0, 15.333333333333343)	(64.0, 12.666666666666671)	(65.0, 8.666666666666664)	(66.0, 7.9999999999999964)	(67.0, 27.666666666666636)	(68.0, 29.66666666666663)	(69.0, 15.666666666666677)	(70.0, 13.000000000000005)	(71.0, 42.66666666666669)	(72.0, 201.66666666666802)	(73.0, 35.99999999999998)	(74.0, 4.666666666666666)	(75.0, 2.6666666666666665)	(76.0, 2.6666666666666665)	(77.0, 0.3333333333333333)	(78.0, 0.0)	(79.0, 0.6666666666666666)	(80.0, 0.3333333333333333)	(81.0, 0.0)	(82.0, 0.0)	(83.0, 0.0)	(84.0, 0.0)	(85.0, 0.0)	(86.0, 0.3333333333333333)	(87.0, 0.3333333333333333)	(88.0, 0.0)	(89.0, 0.0)	(90.0, 0.0)	(91.0, 0.0)	(92.0, 0.0)	(93.0, 0.0)	(94.0, 0.0)	(95.0, 0.0)	(96.0, 0.0)	(97.0, 0.0)	(98.0, 0.0)	(99.0, 0.0)	(100.0, 0.5)
SRR19621150_1	(0.0, 0.0)	(1.0, 0.0)	(2.0, 0.0)	(3.0, 0.0)	(4.0, 0.0)	(5.0, 0.0)	(6.0, 0.0)	(7.0, 0.0)	(8.0, 0.0)	(9.0, 0.0)	(10.0, 0.0)	(11.0, 0.0)	(12.0, 0.0)	(13.0, 0.0)	(14.0, 0.0)	(15.0, 0.0)	(16.0, 0.0)	(17.0, 0.0)	(18.0, 0.0)	(19.0, 0.0)	(20.0, 0.0)	(21.0, 0.0)	(22.0, 0.0)	(23.0, 0.0)	(24.0, 0.0)	(25.0, 0.0)	(26.0, 0.0)	(27.0, 0.0)	(28.0, 0.0)	(29.0, 0.0)	(30.0, 0.0)	(31.0, 0.0)	(32.0, 0.0)	(33.0, 0.0)	(34.0, 0.3333333333333333)	(35.0, 0.0)	(36.0, 0.3333333333333333)	(37.0, 1.0)	(38.0, 1.9999999999999998)	(39.0, 7.33333333333333)	(40.0, 13.000000000000005)	(41.0, 19.666666666666664)	(42.0, 29.66666666666663)	(43.0, 46.66666666666672)	(44.0, 58.666666666666806)	(45.0, 200.666666666668)	(46.0, 963.3333333333729)	(47.0, 1951.3333333331689)	(48.0, 1587.9999999999181)	(49.0, 583.9999999999965)	(50.0, 682.333333333341)	(51.0, 1623.3333333332434)	(52.0, 4341.000000000522)	(53.0, 6616.666666665119)	(54.0, 3406.000000000431)	(55.0, 1645.3333333332384)	(56.0, 517.999999999989)	(57.0, 163.66666666666694)	(58.0, 101.99999999999963)	(59.0, 24.666666666666647)	(60.0, 11.66666666666667)	(61.0, 16.00000000000001)	(62.0, 11.66666666666667)	(63.0, 12.333333333333337)	(64.0, 22.666666666666654)	(65.0, 15.666666666666677)	(66.0, 5.666666666666665)	(67.0, 1.6666666666666665)	(68.0, 1.0)	(69.0, 0.6666666666666666)	(70.0, 0.3333333333333333)	(71.0, 0.0)	(72.0, 0.0)	(73.0, 0.0)	(74.0, 0.0)	(75.0, 0.3333333333333333)	(76.0, 0.0)	(77.0, 0.0)	(78.0, 0.0)	(79.0, 0.0)	(80.0, 0.0)	(81.0, 0.0)	(82.0, 0.0)	(83.0, 0.0)	(84.0, 0.0)	(85.0, 0.0)	(86.0, 0.0)	(87.0, 0.0)	(88.0, 0.0)	(89.0, 0.0)	(90.0, 0.0)	(91.0, 0.0)	(92.0, 0.0)	(93.0, 0.0)	(94.0, 0.0)	(95.0, 0.0)	(96.0, 0.0)	(97.0, 0.0)	(98.0, 0.0)	(99.0, 0.0)	(100.0, 0.0)
SRR19621150_2	(0.0, 0.0)	(1.0, 0.0)	(2.0, 0.0)	(3.0, 0.0)	(4.0, 0.0)	(5.0, 0.0)	(6.0, 0.0)	(7.0, 0.0)	(8.0, 0.0)	(9.0, 0.0)	(10.0, 0.0)	(11.0, 0.0)	(12.0, 0.0)	(13.0, 0.0)	(14.0, 0.0)	(15.0, 0.0)	(16.0, 0.0)	(17.0, 0.0)	(18.0, 0.0)	(19.0, 0.0)	(20.0, 0.0)	(21.0, 0.0)	(22.0, 0.0)	(23.0, 0.3333333333333333)	(24.0, 0.0)	(25.0, 0.0)	(26.0, 0.0)	(27.0, 0.0)	(28.0, 0.0)	(29.0, 0.0)	(30.0, 0.0)	(31.0, 0.0)	(32.0, 0.0)	(33.0, 0.0)	(34.0, 0.0)	(35.0, 0.3333333333333333)	(36.0, 1.0)	(37.0, 1.9999999999999998)	(38.0, 3.3333333333333335)	(39.0, 10.0)	(40.0, 16.66666666666667)	(41.0, 19.333333333333332)	(42.0, 30.999999999999957)	(43.0, 42.33333333333336)	(44.0, 63.333333333333506)	(45.0, 73.83333333333337)	(46.0, 256.5000000000029)	(47.0, 1593.8333333332503)	(48.0, 1583.999999999919)	(49.0, 720.8333333333454)	(50.0, 475.9999999999904)	(51.0, 752.6666666666823)	(52.0, 1221.0000000000016)	(53.0, 3472.166666667128)	(54.0, 6199.499999998831)	(55.0, 3172.333333333658)	(56.0, 2279.1666666665856)	(57.0, 1267.8333333333244)	(58.0, 201.66666666666802)	(59.0, 57.333333333333464)	(60.0, 87.99999999999983)	(61.0, 85.66666666666653)	(62.0, 15.666666666666677)	(63.0, 10.666666666666668)	(64.0, 15.333333333333343)	(65.0, 7.9999999999999964)	(66.0, 10.0)	(67.0, 22.33333333333332)	(68.0, 10.0)	(69.0, 4.666666666666666)	(70.0, 1.6666666666666665)	(71.0, 0.6666666666666666)	(72.0, 0.3333333333333333)	(73.0, 0.0)	(74.0, 0.0)	(75.0, 0.0)	(76.0, 0.0)	(77.0, 0.0)	(78.0, 0.0)	(79.0, 0.0)	(80.0, 0.0)	(81.0, 0.3333333333333333)	(82.0, 0.3333333333333333)	(83.0, 0.0)	(84.0, 0.0)	(85.0, 0.0)	(86.0, 0.0)	(87.0, 0.0)	(88.0, 0.0)	(89.0, 0.0)	(90.0, 0.0)	(91.0, 0.0)	(92.0, 0.0)	(93.0, 0.0)	(94.0, 0.0)	(95.0, 0.0)	(96.0, 0.0)	(97.0, 0.3333333333333333)	(98.0, 0.3333333333333333)	(99.0, 0.3333333333333333)	(100.0, 0.5)
SRR19621151_1	(0.0, 0.0)	(1.0, 0.0)	(2.0, 0.0)	(3.0, 0.0)	(4.0, 0.0)	(5.0, 0.0)	(6.0, 0.0)	(7.0, 0.0)	(8.0, 0.0)	(9.0, 0.0)	(10.0, 0.0)	(11.0, 0.0)	(12.0, 0.0)	(13.0, 0.0)	(14.0, 0.0)	(15.0, 0.0)	(16.0, 0.0)	(17.0, 0.0)	(18.0, 0.0)	(19.0, 0.0)	(20.0, 0.0)	(21.0, 0.0)	(22.0, 0.0)	(23.0, 0.0)	(24.0, 0.0)	(25.0, 0.0)	(26.0, 0.0)	(27.0, 0.0)	(28.0, 0.0)	(29.0, 0.0)	(30.0, 0.0)	(31.0, 0.0)	(32.0, 0.0)	(33.0, 0.0)	(34.0, 0.0)	(35.0, 0.0)	(36.0, 0.3333333333333333)	(37.0, 0.6666666666666666)	(38.0, 1.0)	(39.0, 6.333333333333331)	(40.0, 13.000000000000005)	(41.0, 16.00000000000001)	(42.0, 22.999999999999986)	(43.0, 26.66666666666664)	(44.0, 30.666666666666625)	(45.0, 49.33333333333341)	(46.0, 139.33333333333292)	(47.0, 119.33333333333272)	(48.0, 175.0000000000006)	(49.0, 286.3333333333345)	(50.0, 1730.6666666665524)	(51.0, 3468.6666666671263)	(52.0, 3555.666666667166)	(53.0, 3721.333333333908)	(54.0, 3719.6666666672404)	(55.0, 2654.000000000089)	(56.0, 921.3333333333682)	(57.0, 1795.6666666665376)	(58.0, 1670.9999999998993)	(59.0, 165.0000000000003)	(60.0, 59.66666666666681)	(61.0, 17.66666666666667)	(62.0, 9.333333333333332)	(63.0, 6.333333333333331)	(64.0, 11.66666666666667)	(65.0, 13.000000000000005)	(66.0, 9.333333333333332)	(67.0, 22.33333333333332)	(68.0, 106.99999999999956)	(69.0, 345.9999999999978)	(70.0, 47.00000000000006)	(71.0, 6.333333333333331)	(72.0, 3.3333333333333335)	(73.0, 1.6666666666666665)	(74.0, 1.0)	(75.0, 0.6666666666666666)	(76.0, 0.6666666666666666)	(77.0, 0.0)	(78.0, 0.0)	(79.0, 0.0)	(80.0, 0.0)	(81.0, 0.0)	(82.0, 0.0)	(83.0, 0.0)	(84.0, 0.0)	(85.0, 0.0)	(86.0, 0.0)	(87.0, 0.0)	(88.0, 0.0)	(89.0, 0.0)	(90.0, 0.0)	(91.0, 0.0)	(92.0, 0.0)	(93.0, 0.0)	(94.0, 0.0)	(95.0, 0.0)	(96.0, 0.0)	(97.0, 0.0)	(98.0, 0.0)	(99.0, 0.0)	(100.0, 0.0)
SRR19621151_2	(0.0, 0.0)	(1.0, 0.0)	(2.0, 0.0)	(3.0, 0.0)	(4.0, 0.0)	(5.0, 0.0)	(6.0, 0.0)	(7.0, 0.0)	(8.0, 0.0)	(9.0, 0.0)	(10.0, 0.0)	(11.0, 0.0)	(12.0, 0.0)	(13.0, 0.0)	(14.0, 0.0)	(15.0, 0.0)	(16.0, 0.0)	(17.0, 0.0)	(18.0, 0.0)	(19.0, 0.0)	(20.0, 0.0)	(21.0, 0.0)	(22.0, 0.0)	(23.0, 0.0)	(24.0, 0.0)	(25.0, 0.0)	(26.0, 0.0)	(27.0, 0.0)	(28.0, 0.0)	(29.0, 0.0)	(30.0, 0.0)	(31.0, 0.0)	(32.0, 0.0)	(33.0, 0.0)	(34.0, 0.0)	(35.0, 0.0)	(36.0, 0.6666666666666666)	(37.0, 1.6666666666666665)	(38.0, 2.8333333333333335)	(39.0, 6.166666666666665)	(40.0, 12.666666666666671)	(41.0, 16.00000000000001)	(42.0, 22.33333333333332)	(43.0, 29.999999999999964)	(44.0, 32.83333333333329)	(45.0, 36.66666666666666)	(46.0, 59.166666666666806)	(47.0, 210.33333333333493)	(48.0, 186.0000000000009)	(49.0, 149.66666666666654)	(50.0, 581.4999999999962)	(51.0, 1968.1666666664985)	(52.0, 2409.6666666666447)	(53.0, 2673.6666666667647)	(54.0, 3823.333333333954)	(55.0, 3537.6666666671576)	(56.0, 2816.6666666668298)	(57.0, 1340.666666666641)	(58.0, 243.33333333333587)	(59.0, 117.33333333333275)	(60.0, 642.0000000000031)	(61.0, 1837.666666666528)	(62.0, 442.99999999999227)	(63.0, 81.66666666666659)	(64.0, 31.999999999999954)	(65.0, 17.000000000000007)	(66.0, 16.333333333333343)	(67.0, 24.99999999999998)	(68.0, 24.666666666666647)	(69.0, 17.000000000000007)	(70.0, 19.999999999999996)	(71.0, 72.66666666666671)	(72.0, 311.3333333333331)	(73.0, 72.00000000000006)	(74.0, 8.666666666666664)	(75.0, 1.6666666666666665)	(76.0, 1.3333333333333333)	(77.0, 0.6666666666666666)	(78.0, 0.3333333333333333)	(79.0, 0.3333333333333333)	(80.0, 0.0)	(81.0, 0.0)	(82.0, 0.0)	(83.0, 0.0)	(84.0, 0.0)	(85.0, 0.0)	(86.0, 0.0)	(87.0, 0.0)	(88.0, 0.0)	(89.0, 0.0)	(90.0, 0.0)	(91.0, 0.0)	(92.0, 0.0)	(93.0, 0.0)	(94.0, 0.0)	(95.0, 0.3333333333333333)	(96.0, 0.0)	(97.0, 0.3333333333333333)	(98.0, 0.0)	(99.0, 0.0)	(100.0, 0.0)
SRR19621152_1	(0.0, 0.0)	(1.0, 0.0)	(2.0, 0.0)	(3.0, 0.0)	(4.0, 0.0)	(5.0, 0.0)	(6.0, 0.0)	(7.0, 0.0)	(8.0, 0.0)	(9.0, 0.0)	(10.0, 0.0)	(11.0, 0.0)	(12.0, 0.0)	(13.0, 0.0)	(14.0, 0.0)	(15.0, 0.0)	(16.0, 0.0)	(17.0, 0.0)	(18.0, 0.0)	(19.0, 0.0)	(20.0, 0.0)	(21.0, 0.0)	(22.0, 0.0)	(23.0, 0.0)	(24.0, 0.0)	(25.0, 0.0)	(26.0, 0.0)	(27.0, 0.0)	(28.0, 0.0)	(29.0, 0.0)	(30.0, 0.0)	(31.0, 0.3333333333333333)	(32.0, 0.0)	(33.0, 0.0)	(34.0, 0.0)	(35.0, 0.3333333333333333)	(36.0, 0.3333333333333333)	(37.0, 1.0)	(38.0, 3.0)	(39.0, 8.999999999999998)	(40.0, 14.333333333333341)	(41.0, 28.3333333333333)	(42.0, 33.66666666666663)	(43.0, 34.99999999999997)	(44.0, 42.33333333333336)	(45.0, 228.6666666666688)	(46.0, 1138.0000000000205)	(47.0, 1064.0000000000373)	(48.0, 1490.3333333332737)	(49.0, 1226.0000000000005)	(50.0, 766.0000000000172)	(51.0, 1320.6666666666456)	(52.0, 3252.666666667028)	(53.0, 5036.999999999889)	(54.0, 5259.33333333302)	(55.0, 4233.666666667286)	(56.0, 992.0000000000429)	(57.0, 357.9999999999971)	(58.0, 232.6666666666689)	(59.0, 35.99999999999998)	(60.0, 15.666666666666677)	(61.0, 13.33333333333334)	(62.0, 8.999999999999998)	(63.0, 16.666666666666675)	(64.0, 31.999999999999954)	(65.0, 12.666666666666671)	(66.0, 12.000000000000004)	(67.0, 18.333333333333336)	(68.0, 119.33333333333272)	(69.0, 374.3333333333295)	(70.0, 50.66666666666675)	(71.0, 8.33333333333333)	(72.0, 1.6666666666666665)	(73.0, 1.3333333333333333)	(74.0, 0.3333333333333333)	(75.0, 0.3333333333333333)	(76.0, 0.3333333333333333)	(77.0, 0.0)	(78.0, 0.0)	(79.0, 0.0)	(80.0, 0.0)	(81.0, 0.0)	(82.0, 0.0)	(83.0, 0.0)	(84.0, 0.0)	(85.0, 0.0)	(86.0, 0.0)	(87.0, 0.0)	(88.0, 0.0)	(89.0, 0.0)	(90.0, 0.0)	(91.0, 0.0)	(92.0, 0.0)	(93.0, 0.0)	(94.0, 0.0)	(95.0, 0.0)	(96.0, 0.0)	(97.0, 0.0)	(98.0, 0.0)	(99.0, 0.0)	(100.0, 0.0)
SRR19621152_2	(0.0, 0.0)	(1.0, 0.0)	(2.0, 0.0)	(3.0, 0.0)	(4.0, 0.0)	(5.0, 0.0)	(6.0, 0.0)	(7.0, 0.0)	(8.0, 0.0)	(9.0, 0.0)	(10.0, 0.0)	(11.0, 0.0)	(12.0, 0.0)	(13.0, 0.0)	(14.0, 0.0)	(15.0, 0.0)	(16.0, 0.0)	(17.0, 0.0)	(18.0, 0.0)	(19.0, 0.0)	(20.0, 0.0)	(21.0, 0.0)	(22.0, 0.0)	(23.0, 0.0)	(24.0, 0.0)	(25.0, 0.0)	(26.0, 0.0)	(27.0, 0.0)	(28.0, 0.0)	(29.0, 0.0)	(30.0, 1.3333333333333333)	(31.0, 1.6666666666666665)	(32.0, 1.3333333333333333)	(33.0, 1.0)	(34.0, 1.3333333333333333)	(35.0, 0.3333333333333333)	(36.0, 1.9999999999999998)	(37.0, 2.6666666666666665)	(38.0, 4.666666666666666)	(39.0, 10.166666666666666)	(40.0, 18.0)	(41.0, 27.333333333333307)	(42.0, 26.999999999999975)	(43.0, 46.00000000000005)	(44.0, 80.49999999999993)	(45.0, 308.1666666666666)	(46.0, 317.33333333333275)	(47.0, 1410.3333333332919)	(48.0, 1577.8333333332541)	(49.0, 1013.5000000000451)	(50.0, 720.1666666666787)	(51.0, 972.333333333374)	(52.0, 868.3333333333621)	(53.0, 2769.0000000001414)	(54.0, 4670.500000000223)	(55.0, 4941.166666666643)	(56.0, 4490.666666667053)	(57.0, 1429.8333333332876)	(58.0, 259.1666666666694)	(59.0, 81.66666666666659)	(60.0, 230.00000000000216)	(61.0, 233.66666666666893)	(62.0, 31.66666666666662)	(63.0, 14.666666666666675)	(64.0, 10.333333333333334)	(65.0, 13.33333333333334)	(66.0, 28.999999999999964)	(67.0, 36.333333333333314)	(68.0, 29.333333333333297)	(69.0, 19.999999999999996)	(70.0, 25.33333333333331)	(71.0, 73.33333333333337)	(72.0, 333.66666666666515)	(73.0, 68.66666666666677)	(74.0, 5.999999999999998)	(75.0, 2.333333333333333)	(76.0, 0.6666666666666666)	(77.0, 1.3333333333333333)	(78.0, 0.3333333333333333)	(79.0, 0.6666666666666666)	(80.0, 0.6666666666666666)	(81.0, 0.0)	(82.0, 0.0)	(83.0, 0.0)	(84.0, 0.3333333333333333)	(85.0, 0.0)	(86.0, 0.0)	(87.0, 0.0)	(88.0, 0.0)	(89.0, 0.0)	(90.0, 0.3333333333333333)	(91.0, 0.3333333333333333)	(92.0, 0.0)	(93.0, 0.0)	(94.0, 0.0)	(95.0, 0.0)	(96.0, 0.0)	(97.0, 0.3333333333333333)	(98.0, 1.3333333333333333)	(99.0, 0.6666666666666666)	(100.0, 0.5)
SRR19621153_1	(0.0, 0.0)	(1.0, 0.0)	(2.0, 0.0)	(3.0, 0.0)	(4.0, 0.0)	(5.0, 0.0)	(6.0, 0.0)	(7.0, 0.0)	(8.0, 0.0)	(9.0, 0.0)	(10.0, 0.0)	(11.0, 0.0)	(12.0, 0.0)	(13.0, 0.0)	(14.0, 0.0)	(15.0, 0.0)	(16.0, 0.0)	(17.0, 0.0)	(18.0, 0.0)	(19.0, 0.0)	(20.0, 0.0)	(21.0, 0.0)	(22.0, 0.0)	(23.0, 0.0)	(24.0, 0.0)	(25.0, 0.0)	(26.0, 0.0)	(27.0, 0.0)	(28.0, 0.0)	(29.0, 0.0)	(30.0, 0.0)	(31.0, 0.0)	(32.0, 0.0)	(33.0, 0.0)	(34.0, 0.0)	(35.0, 0.0)	(36.0, 0.3333333333333333)	(37.0, 0.6666666666666666)	(38.0, 1.9999999999999998)	(39.0, 5.666666666666665)	(40.0, 18.666666666666668)	(41.0, 27.666666666666636)	(42.0, 31.33333333333329)	(43.0, 40.66666666666668)	(44.0, 70.33333333333341)	(45.0, 80.99999999999993)	(46.0, 196.33333333333454)	(47.0, 171.66666666666717)	(48.0, 300.3333333333337)	(49.0, 382.9999999999957)	(50.0, 1138.666666666687)	(51.0, 2386.6666666666342)	(52.0, 3614.0000000005257)	(53.0, 5859.9999999991405)	(54.0, 5674.333333332643)	(55.0, 3986.666666667362)	(56.0, 1197.3333333333403)	(57.0, 885.3333333333641)	(58.0, 748.0000000000151)	(59.0, 114.66666666666612)	(60.0, 61.66666666666683)	(61.0, 32.66666666666662)	(62.0, 25.666666666666643)	(63.0, 31.999999999999954)	(64.0, 54.33333333333344)	(65.0, 24.333333333333314)	(66.0, 21.666666666666657)	(67.0, 39.333333333333336)	(68.0, 177.333333333334)	(69.0, 558.3333333333269)	(70.0, 67.66666666666679)	(71.0, 10.333333333333334)	(72.0, 4.666666666666666)	(73.0, 1.9999999999999998)	(74.0, 1.9999999999999998)	(75.0, 1.0)	(76.0, 1.0)	(77.0, 0.3333333333333333)	(78.0, 0.0)	(79.0, 0.0)	(80.0, 0.0)	(81.0, 0.0)	(82.0, 0.3333333333333333)	(83.0, 0.3333333333333333)	(84.0, 0.0)	(85.0, 0.0)	(86.0, 0.0)	(87.0, 0.0)	(88.0, 0.0)	(89.0, 0.0)	(90.0, 0.0)	(91.0, 0.0)	(92.0, 0.0)	(93.0, 0.0)	(94.0, 0.0)	(95.0, 0.0)	(96.0, 0.0)	(97.0, 0.0)	(98.0, 0.0)	(99.0, 0.0)	(100.0, 0.0)
SRR19621153_2	(0.0, 0.0)	(1.0, 0.0)	(2.0, 0.0)	(3.0, 0.0)	(4.0, 0.0)	(5.0, 0.0)	(6.0, 0.0)	(7.0, 0.0)	(8.0, 0.0)	(9.0, 0.0)	(10.0, 0.0)	(11.0, 0.0)	(12.0, 0.0)	(13.0, 0.0)	(14.0, 0.0)	(15.0, 0.0)	(16.0, 0.0)	(17.0, 0.0)	(18.0, 0.0)	(19.0, 0.0)	(20.0, 0.0)	(21.0, 0.0)	(22.0, 0.0)	(23.0, 0.0)	(24.0, 0.0)	(25.0, 0.0)	(26.0, 0.0)	(27.0, 0.0)	(28.0, 0.0)	(29.0, 0.6666666666666666)	(30.0, 0.3333333333333333)	(31.0, 0.0)	(32.0, 0.0)	(33.0, 0.0)	(34.0, 0.0)	(35.0, 0.0)	(36.0, 0.6666666666666666)	(37.0, 3.0)	(38.0, 4.833333333333333)	(39.0, 9.666666666666666)	(40.0, 24.333333333333318)	(41.0, 34.83333333333331)	(42.0, 41.50000000000002)	(43.0, 54.16666666666678)	(44.0, 61.000000000000156)	(45.0, 108.66666666666622)	(46.0, 103.99999999999962)	(47.0, 203.83333333333476)	(48.0, 213.83333333333505)	(49.0, 248.00000000000267)	(50.0, 695.8333333333426)	(51.0, 1922.3333333331757)	(52.0, 1165.166666666681)	(53.0, 2978.33333333357)	(54.0, 5295.333333332987)	(55.0, 5676.833333332641)	(56.0, 4308.833333333884)	(57.0, 1448.6666666666165)	(58.0, 289.66666666666765)	(59.0, 170.3333333333338)	(60.0, 692.0000000000088)	(61.0, 741.0000000000143)	(62.0, 127.66666666666593)	(63.0, 52.00000000000009)	(64.0, 36.333333333333314)	(65.0, 34.3333333333333)	(66.0, 50.00000000000008)	(67.0, 65.00000000000016)	(68.0, 45.33333333333338)	(69.0, 37.99999999999999)	(70.0, 45.00000000000004)	(71.0, 122.666666666666)	(72.0, 481.66666666665674)	(73.0, 101.6666666666663)	(74.0, 11.000000000000002)	(75.0, 2.6666666666666665)	(76.0, 1.0)	(77.0, 1.0)	(78.0, 0.6666666666666666)	(79.0, 0.6666666666666666)	(80.0, 0.0)	(81.0, 0.0)	(82.0, 0.0)	(83.0, 0.6666666666666666)	(84.0, 0.6666666666666666)	(85.0, 0.0)	(86.0, 0.0)	(87.0, 0.0)	(88.0, 0.0)	(89.0, 0.0)	(90.0, 0.0)	(91.0, 0.0)	(92.0, 0.3333333333333333)	(93.0, 0.3333333333333333)	(94.0, 0.0)	(95.0, 0.0)	(96.0, 0.0)	(97.0, 0.0)	(98.0, 0.0)	(99.0, 0.3333333333333333)	(100.0, 1.0)
SRR19621154_1	(0.0, 0.0)	(1.0, 0.0)	(2.0, 0.0)	(3.0, 0.0)	(4.0, 0.0)	(5.0, 0.0)	(6.0, 0.0)	(7.0, 0.0)	(8.0, 0.0)	(9.0, 0.0)	(10.0, 0.0)	(11.0, 0.0)	(12.0, 0.0)	(13.0, 0.0)	(14.0, 0.0)	(15.0, 0.0)	(16.0, 0.0)	(17.0, 0.0)	(18.0, 0.0)	(19.0, 0.0)	(20.0, 0.0)	(21.0, 0.0)	(22.0, 0.0)	(23.0, 0.0)	(24.0, 0.0)	(25.0, 0.0)	(26.0, 0.0)	(27.0, 0.0)	(28.0, 0.0)	(29.0, 0.0)	(30.0, 0.0)	(31.0, 0.0)	(32.0, 0.0)	(33.0, 0.0)	(34.0, 0.0)	(35.0, 0.3333333333333333)	(36.0, 1.6666666666666665)	(37.0, 1.9999999999999998)	(38.0, 2.333333333333333)	(39.0, 6.999999999999997)	(40.0, 15.333333333333343)	(41.0, 22.33333333333332)	(42.0, 27.333333333333304)	(43.0, 35.33333333333331)	(44.0, 48.3333333333334)	(45.0, 79.66666666666661)	(46.0, 156.66666666666674)	(47.0, 314.66666666666623)	(48.0, 339.9999999999981)	(49.0, 245.33333333333593)	(50.0, 1101.3333333333621)	(51.0, 2840.0000000001737)	(52.0, 4525.333333333688)	(53.0, 6802.999999998283)	(54.0, 6029.999999998986)	(55.0, 2705.6666666667793)	(56.0, 411.99999999999403)	(57.0, 471.6666666666573)	(58.0, 311.6666666666664)	(59.0, 70.00000000000009)	(60.0, 35.66666666666664)	(61.0, 36.66666666666665)	(62.0, 22.666666666666654)	(63.0, 13.000000000000005)	(64.0, 36.66666666666665)	(65.0, 32.66666666666662)	(66.0, 14.666666666666675)	(67.0, 7.666666666666663)	(68.0, 29.99999999999996)	(69.0, 97.33333333333303)	(70.0, 15.000000000000009)	(71.0, 3.666666666666667)	(72.0, 1.3333333333333333)	(73.0, 0.3333333333333333)	(74.0, 0.6666666666666666)	(75.0, 0.0)	(76.0, 0.0)	(77.0, 0.0)	(78.0, 0.0)	(79.0, 0.0)	(80.0, 0.0)	(81.0, 0.0)	(82.0, 0.0)	(83.0, 0.0)	(84.0, 0.0)	(85.0, 0.0)	(86.0, 0.0)	(87.0, 0.0)	(88.0, 0.0)	(89.0, 0.0)	(90.0, 0.3333333333333333)	(91.0, 0.3333333333333333)	(92.0, 0.0)	(93.0, 0.0)	(94.0, 0.0)	(95.0, 0.0)	(96.0, 0.0)	(97.0, 0.0)	(98.0, 0.0)	(99.0, 0.0)	(100.0, 0.0)
SRR19621154_2	(0.0, 0.0)	(1.0, 0.0)	(2.0, 0.0)	(3.0, 0.0)	(4.0, 0.0)	(5.0, 0.0)	(6.0, 0.0)	(7.0, 0.0)	(8.0, 0.0)	(9.0, 0.0)	(10.0, 0.0)	(11.0, 0.0)	(12.0, 0.0)	(13.0, 0.0)	(14.0, 0.0)	(15.0, 0.0)	(16.0, 0.0)	(17.0, 0.0)	(18.0, 0.0)	(19.0, 0.0)	(20.0, 0.0)	(21.0, 0.0)	(22.0, 0.0)	(23.0, 0.0)	(24.0, 0.0)	(25.0, 0.0)	(26.0, 0.0)	(27.0, 0.0)	(28.0, 0.0)	(29.0, 0.0)	(30.0, 0.0)	(31.0, 0.0)	(32.0, 0.0)	(33.0, 0.3333333333333333)	(34.0, 0.0)	(35.0, 1.1666666666666665)	(36.0, 2.5)	(37.0, 2.5)	(38.0, 2.5)	(39.0, 5.333333333333332)	(40.0, 17.16666666666667)	(41.0, 23.833333333333318)	(42.0, 27.49999999999997)	(43.0, 38.33333333333333)	(44.0, 44.33333333333337)	(45.0, 52.50000000000009)	(46.0, 72.16666666666673)	(47.0, 180.1666666666674)	(48.0, 355.4999999999972)	(49.0, 234.00000000000227)	(50.0, 414.16666666666055)	(51.0, 1301.9999999999832)	(52.0, 2488.8333333333476)	(53.0, 4528.833333333685)	(54.0, 6976.333333331459)	(55.0, 5909.666666665762)	(56.0, 2448.999999999996)	(57.0, 473.6666666666572)	(58.0, 197.6666666666679)	(59.0, 192.66666666666777)	(60.0, 261.33333333333593)	(61.0, 254.33333333333618)	(62.0, 51.000000000000085)	(63.0, 32.99999999999996)	(64.0, 32.66666666666662)	(65.0, 16.00000000000001)	(66.0, 17.33333333333334)	(67.0, 38.666666666666664)	(68.0, 20.66666666666666)	(69.0, 9.666666666666666)	(70.0, 7.33333333333333)	(71.0, 21.333333333333325)	(72.0, 84.66666666666654)	(73.0, 14.666666666666675)	(74.0, 3.0)	(75.0, 0.6666666666666666)	(76.0, 0.0)	(77.0, 0.0)	(78.0, 0.0)	(79.0, 0.0)	(80.0, 0.0)	(81.0, 0.0)	(82.0, 0.0)	(83.0, 0.0)	(84.0, 0.0)	(85.0, 0.0)	(86.0, 0.0)	(87.0, 0.3333333333333333)	(88.0, 0.0)	(89.0, 0.0)	(90.0, 0.0)	(91.0, 0.0)	(92.0, 0.0)	(93.0, 0.0)	(94.0, 0.0)	(95.0, 0.0)	(96.0, 0.0)	(97.0, 0.0)	(98.0, 0.0)	(99.0, 0.0)	(100.0, 0.5)
SRR19621155_1	(0.0, 0.0)	(1.0, 0.0)	(2.0, 0.0)	(3.0, 0.0)	(4.0, 0.0)	(5.0, 0.0)	(6.0, 0.0)	(7.0, 0.0)	(8.0, 0.0)	(9.0, 0.0)	(10.0, 0.0)	(11.0, 0.0)	(12.0, 0.0)	(13.0, 0.0)	(14.0, 0.0)	(15.0, 0.0)	(16.0, 0.0)	(17.0, 0.0)	(18.0, 0.0)	(19.0, 0.0)	(20.0, 0.0)	(21.0, 0.0)	(22.0, 0.0)	(23.0, 0.0)	(24.0, 0.0)	(25.0, 0.0)	(26.0, 0.0)	(27.0, 0.0)	(28.0, 0.0)	(29.0, 0.0)	(30.0, 0.0)	(31.0, 0.0)	(32.0, 0.0)	(33.0, 0.0)	(34.0, 0.0)	(35.0, 0.0)	(36.0, 0.6666666666666666)	(37.0, 0.6666666666666666)	(38.0, 3.0)	(39.0, 7.666666666666663)	(40.0, 17.66666666666667)	(41.0, 21.99999999999999)	(42.0, 27.333333333333304)	(43.0, 37.99999999999999)	(44.0, 55.33333333333345)	(45.0, 293.0000000000008)	(46.0, 855.3333333333607)	(47.0, 702.3333333333433)	(48.0, 751.0000000000155)	(49.0, 422.9999999999934)	(50.0, 1513.3333333332685)	(51.0, 3690.666666667227)	(52.0, 5150.999999999785)	(53.0, 4845.333333333397)	(54.0, 3714.000000000571)	(55.0, 1861.3333333331893)	(56.0, 324.33333333333235)	(57.0, 1161.0000000000152)	(58.0, 1036.6666666667102)	(59.0, 111.66666666666616)	(60.0, 49.33333333333341)	(61.0, 25.999999999999975)	(62.0, 11.333333333333336)	(63.0, 8.999999999999998)	(64.0, 12.333333333333337)	(65.0, 11.66666666666667)	(66.0, 16.666666666666675)	(67.0, 18.000000000000004)	(68.0, 82.9999999999999)	(69.0, 225.00000000000202)	(70.0, 28.999999999999964)	(71.0, 2.6666666666666665)	(72.0, 1.6666666666666665)	(73.0, 0.6666666666666666)	(74.0, 0.0)	(75.0, 0.3333333333333333)	(76.0, 0.3333333333333333)	(77.0, 0.0)	(78.0, 0.0)	(79.0, 0.0)	(80.0, 0.0)	(81.0, 0.0)	(82.0, 0.0)	(83.0, 0.0)	(84.0, 0.0)	(85.0, 0.0)	(86.0, 0.0)	(87.0, 0.0)	(88.0, 0.0)	(89.0, 0.0)	(90.0, 0.0)	(91.0, 0.0)	(92.0, 0.0)	(93.0, 0.0)	(94.0, 0.0)	(95.0, 0.0)	(96.0, 0.0)	(97.0, 0.0)	(98.0, 0.0)	(99.0, 0.0)	(100.0, 0.0)
SRR19621155_2	(0.0, 0.0)	(1.0, 0.0)	(2.0, 0.0)	(3.0, 0.0)	(4.0, 0.0)	(5.0, 0.0)	(6.0, 0.0)	(7.0, 0.0)	(8.0, 0.0)	(9.0, 0.0)	(10.0, 0.0)	(11.0, 0.0)	(12.0, 0.0)	(13.0, 0.0)	(14.0, 0.0)	(15.0, 0.0)	(16.0, 0.0)	(17.0, 0.0)	(18.0, 0.0)	(19.0, 0.0)	(20.0, 0.0)	(21.0, 0.0)	(22.0, 0.0)	(23.0, 0.0)	(24.0, 0.0)	(25.0, 0.0)	(26.0, 0.0)	(27.0, 0.3333333333333333)	(28.0, 0.0)	(29.0, 0.0)	(30.0, 0.3333333333333333)	(31.0, 0.0)	(32.0, 0.3333333333333333)	(33.0, 1.0)	(34.0, 1.3333333333333333)	(35.0, 1.0)	(36.0, 1.0)	(37.0, 2.1666666666666665)	(38.0, 5.333333333333333)	(39.0, 8.166666666666664)	(40.0, 15.166666666666675)	(41.0, 26.499999999999975)	(42.0, 30.666666666666625)	(43.0, 39.16666666666667)	(44.0, 47.00000000000006)	(45.0, 53.66666666666677)	(46.0, 195.00000000000117)	(47.0, 935.6666666667031)	(48.0, 957.500000000039)	(49.0, 477.166666666657)	(50.0, 698.8333333333429)	(51.0, 1427.6666666666213)	(52.0, 2975.3333333335686)	(53.0, 5076.499999999854)	(54.0, 4936.833333333314)	(55.0, 3798.0000000006094)	(56.0, 1718.3333333332218)	(57.0, 319.99999999999926)	(58.0, 154.0)	(59.0, 170.66666666666714)	(60.0, 983.0000000000418)	(61.0, 1059.666666666705)	(62.0, 121.66666666666602)	(63.0, 29.99999999999996)	(64.0, 22.666666666666654)	(65.0, 14.333333333333341)	(66.0, 14.000000000000007)	(67.0, 23.999999999999982)	(68.0, 17.66666666666667)	(69.0, 16.666666666666675)	(70.0, 17.000000000000007)	(71.0, 51.33333333333342)	(72.0, 206.33333333333482)	(73.0, 44.000000000000036)	(74.0, 4.0)	(75.0, 2.333333333333333)	(76.0, 1.3333333333333333)	(77.0, 0.6666666666666666)	(78.0, 0.6666666666666666)	(79.0, 0.6666666666666666)	(80.0, 0.3333333333333333)	(81.0, 0.0)	(82.0, 0.0)	(83.0, 0.0)	(84.0, 0.0)	(85.0, 0.0)	(86.0, 0.3333333333333333)	(87.0, 0.3333333333333333)	(88.0, 0.0)	(89.0, 0.0)	(90.0, 0.3333333333333333)	(91.0, 0.0)	(92.0, 0.0)	(93.0, 0.0)	(94.0, 0.0)	(95.0, 0.0)	(96.0, 0.0)	(97.0, 0.0)	(98.0, 0.0)	(99.0, 0.6666666666666666)	(100.0, 1.5)
SRR19621156_1	(0.0, 0.0)	(1.0, 0.0)	(2.0, 0.0)	(3.0, 0.0)	(4.0, 0.0)	(5.0, 0.0)	(6.0, 0.0)	(7.0, 0.0)	(8.0, 0.0)	(9.0, 0.0)	(10.0, 0.0)	(11.0, 0.0)	(12.0, 0.0)	(13.0, 0.0)	(14.0, 0.0)	(15.0, 0.0)	(16.0, 0.0)	(17.0, 0.0)	(18.0, 0.0)	(19.0, 0.0)	(20.0, 0.0)	(21.0, 0.0)	(22.0, 0.0)	(23.0, 0.0)	(24.0, 0.0)	(25.0, 0.0)	(26.0, 0.0)	(27.0, 0.0)	(28.0, 0.0)	(29.0, 0.0)	(30.0, 0.0)	(31.0, 0.0)	(32.0, 0.0)	(33.0, 0.0)	(34.0, 0.0)	(35.0, 0.3333333333333333)	(36.0, 0.3333333333333333)	(37.0, 0.6666666666666666)	(38.0, 1.3333333333333333)	(39.0, 6.999999999999997)	(40.0, 19.999999999999996)	(41.0, 22.666666666666654)	(42.0, 28.3333333333333)	(43.0, 40.33333333333334)	(44.0, 61.33333333333349)	(45.0, 86.66666666666652)	(46.0, 439.99999999999244)	(47.0, 536.3333333333244)	(48.0, 629.6666666666683)	(49.0, 587.6666666666636)	(50.0, 1177.666666666678)	(51.0, 2187.6666666665437)	(52.0, 3378.333333333752)	(53.0, 6274.333333332097)	(54.0, 6298.666666665408)	(55.0, 4644.0000000002465)	(56.0, 1273.333333333323)	(57.0, 270.66666666666873)	(58.0, 89.9999999999998)	(59.0, 35.99999999999998)	(60.0, 20.33333333333333)	(61.0, 14.666666666666675)	(62.0, 7.33333333333333)	(63.0, 4.0)	(64.0, 9.666666666666666)	(65.0, 11.66666666666667)	(66.0, 10.666666666666668)	(67.0, 21.666666666666657)	(68.0, 96.66666666666637)	(69.0, 285.6666666666679)	(70.0, 41.33333333333335)	(71.0, 5.999999999999998)	(72.0, 3.3333333333333335)	(73.0, 1.0)	(74.0, 1.0)	(75.0, 0.3333333333333333)	(76.0, 0.0)	(77.0, 0.3333333333333333)	(78.0, 0.0)	(79.0, 0.0)	(80.0, 0.0)	(81.0, 0.0)	(82.0, 0.0)	(83.0, 0.0)	(84.0, 0.0)	(85.0, 0.0)	(86.0, 0.0)	(87.0, 0.0)	(88.0, 0.0)	(89.0, 0.0)	(90.0, 0.0)	(91.0, 0.0)	(92.0, 0.0)	(93.0, 0.0)	(94.0, 0.0)	(95.0, 0.0)	(96.0, 0.0)	(97.0, 0.0)	(98.0, 0.0)	(99.0, 0.0)	(100.0, 0.0)
SRR19621156_2	(0.0, 0.0)	(1.0, 0.0)	(2.0, 0.0)	(3.0, 0.0)	(4.0, 0.0)	(5.0, 0.0)	(6.0, 0.0)	(7.0, 0.0)	(8.0, 0.0)	(9.0, 0.0)	(10.0, 0.0)	(11.0, 0.0)	(12.0, 0.0)	(13.0, 0.0)	(14.0, 0.0)	(15.0, 0.0)	(16.0, 0.0)	(17.0, 0.0)	(18.0, 0.0)	(19.0, 0.0)	(20.0, 0.0)	(21.0, 0.0)	(22.0, 0.0)	(23.0, 0.0)	(24.0, 0.0)	(25.0, 0.0)	(26.0, 0.0)	(27.0, 0.0)	(28.0, 0.0)	(29.0, 0.0)	(30.0, 0.0)	(31.0, 0.0)	(32.0, 0.0)	(33.0, 0.0)	(34.0, 0.0)	(35.0, 0.3333333333333333)	(36.0, 1.3333333333333333)	(37.0, 1.6666666666666665)	(38.0, 0.3333333333333333)	(39.0, 4.333333333333333)	(40.0, 15.000000000000009)	(41.0, 25.33333333333331)	(42.0, 22.49999999999999)	(43.0, 34.666666666666636)	(44.0, 46.50000000000006)	(45.0, 66.83333333333347)	(46.0, 97.9999999999997)	(47.0, 527.1666666666567)	(48.0, 632.8333333333354)	(49.0, 533.4999999999908)	(50.0, 543.6666666666586)	(51.0, 1533.333333333264)	(52.0, 2005.6666666664898)	(53.0, 3716.3333333339056)	(54.0, 6073.999999998946)	(55.0, 5363.999999999592)	(56.0, 4308.333333333885)	(57.0, 2503.0000000000205)	(58.0, 409.66666666666083)	(59.0, 138.3333333333329)	(60.0, 39.0)	(61.0, 17.66666666666667)	(62.0, 10.0)	(63.0, 9.666666666666666)	(64.0, 7.9999999999999964)	(65.0, 8.33333333333333)	(66.0, 12.000000000000004)	(67.0, 21.99999999999999)	(68.0, 24.666666666666647)	(69.0, 15.333333333333343)	(70.0, 15.333333333333343)	(71.0, 59.66666666666681)	(72.0, 258.6666666666694)	(73.0, 47.00000000000006)	(74.0, 3.3333333333333335)	(75.0, 2.6666666666666665)	(76.0, 1.9999999999999998)	(77.0, 1.3333333333333333)	(78.0, 0.0)	(79.0, 0.0)	(80.0, 0.0)	(81.0, 0.0)	(82.0, 0.0)	(83.0, 0.0)	(84.0, 0.0)	(85.0, 0.0)	(86.0, 0.0)	(87.0, 0.0)	(88.0, 0.0)	(89.0, 0.0)	(90.0, 0.3333333333333333)	(91.0, 0.0)	(92.0, 0.0)	(93.0, 0.0)	(94.0, 0.0)	(95.0, 0.0)	(96.0, 0.0)	(97.0, 0.0)	(98.0, 0.0)	(99.0, 0.0)	(100.0, 0.0)
SRR19621157_1	(0.0, 0.0)	(1.0, 0.0)	(2.0, 0.0)	(3.0, 0.0)	(4.0, 0.0)	(5.0, 0.0)	(6.0, 0.0)	(7.0, 0.0)	(8.0, 0.0)	(9.0, 0.0)	(10.0, 0.0)	(11.0, 0.0)	(12.0, 0.0)	(13.0, 0.0)	(14.0, 0.0)	(15.0, 0.0)	(16.0, 0.0)	(17.0, 0.0)	(18.0, 0.0)	(19.0, 0.0)	(20.0, 0.0)	(21.0, 0.0)	(22.0, 0.0)	(23.0, 0.0)	(24.0, 0.0)	(25.0, 0.0)	(26.0, 0.0)	(27.0, 0.0)	(28.0, 0.0)	(29.0, 0.0)	(30.0, 0.0)	(31.0, 0.0)	(32.0, 0.0)	(33.0, 0.0)	(34.0, 0.3333333333333333)	(35.0, 0.3333333333333333)	(36.0, 0.3333333333333333)	(37.0, 0.3333333333333333)	(38.0, 3.0)	(39.0, 5.999999999999998)	(40.0, 12.000000000000004)	(41.0, 19.666666666666664)	(42.0, 21.99999999999999)	(43.0, 31.66666666666662)	(44.0, 38.666666666666664)	(45.0, 57.6666666666668)	(46.0, 239.00000000000242)	(47.0, 257.66666666666947)	(48.0, 317.33333333333275)	(49.0, 389.9999999999953)	(50.0, 1258.999999999993)	(51.0, 3134.0000000003074)	(52.0, 4945.333333333306)	(53.0, 5702.999999999283)	(54.0, 4416.66666666712)	(55.0, 1936.6666666665055)	(56.0, 553.9999999999931)	(57.0, 182.66666666666748)	(58.0, 50.00000000000008)	(59.0, 25.33333333333331)	(60.0, 31.66666666666662)	(61.0, 21.99999999999999)	(62.0, 10.333333333333334)	(63.0, 14.333333333333341)	(64.0, 50.66666666666675)	(65.0, 22.666666666666654)	(66.0, 3.3333333333333335)	(67.0, 1.9999999999999998)	(68.0, 23.66666666666665)	(69.0, 68.33333333333344)	(70.0, 8.999999999999998)	(71.0, 1.6666666666666665)	(72.0, 0.6666666666666666)	(73.0, 0.3333333333333333)	(74.0, 0.3333333333333333)	(75.0, 0.3333333333333333)	(76.0, 0.0)	(77.0, 0.0)	(78.0, 0.0)	(79.0, 0.0)	(80.0, 0.0)	(81.0, 0.0)	(82.0, 0.0)	(83.0, 0.0)	(84.0, 0.0)	(85.0, 0.0)	(86.0, 0.0)	(87.0, 0.0)	(88.0, 0.0)	(89.0, 0.0)	(90.0, 0.0)	(91.0, 0.0)	(92.0, 0.0)	(93.0, 0.0)	(94.0, 0.0)	(95.0, 0.0)	(96.0, 0.0)	(97.0, 0.0)	(98.0, 0.0)	(99.0, 0.0)	(100.0, 0.0)
SRR19621157_2	(0.0, 0.0)	(1.0, 0.0)	(2.0, 0.0)	(3.0, 0.0)	(4.0, 0.0)	(5.0, 0.0)	(6.0, 0.0)	(7.0, 0.0)	(8.0, 0.0)	(9.0, 0.0)	(10.0, 0.0)	(11.0, 0.0)	(12.0, 0.0)	(13.0, 0.0)	(14.0, 0.0)	(15.0, 0.0)	(16.0, 0.0)	(17.0, 0.0)	(18.0, 0.0)	(19.0, 0.0)	(20.0, 0.0)	(21.0, 0.0)	(22.0, 0.0)	(23.0, 0.0)	(24.0, 0.0)	(25.0, 0.0)	(26.0, 0.0)	(27.0, 0.0)	(28.0, 0.0)	(29.0, 0.0)	(30.0, 0.0)	(31.0, 0.0)	(32.0, 0.0)	(33.0, 0.0)	(34.0, 0.0)	(35.0, 0.0)	(36.0, 0.6666666666666666)	(37.0, 0.6666666666666666)	(38.0, 1.6666666666666665)	(39.0, 5.666666666666665)	(40.0, 13.000000000000005)	(41.0, 14.333333333333341)	(42.0, 22.33333333333332)	(43.0, 39.66666666666668)	(44.0, 42.333333333333364)	(45.0, 45.833333333333385)	(46.0, 103.1666666666663)	(47.0, 268.6666666666688)	(48.0, 239.33333333333576)	(49.0, 317.33333333333275)	(50.0, 613.3333333333331)	(51.0, 1537.833333333263)	(52.0, 2896.5000000001996)	(53.0, 4579.166666666973)	(54.0, 4942.333333333309)	(55.0, 4414.166666667123)	(56.0, 2313.9999999999345)	(57.0, 815.0000000000227)	(58.0, 183.6666666666675)	(59.0, 57.6666666666668)	(60.0, 28.3333333333333)	(61.0, 19.666666666666664)	(62.0, 26.99999999999997)	(63.0, 25.666666666666643)	(64.0, 14.000000000000007)	(65.0, 16.00000000000001)	(66.0, 26.99999999999997)	(67.0, 18.666666666666668)	(68.0, 14.333333333333341)	(69.0, 5.999999999999998)	(70.0, 5.666666666666665)	(71.0, 16.666666666666675)	(72.0, 60.66666666666682)	(73.0, 13.666666666666673)	(74.0, 1.3333333333333333)	(75.0, 1.0)	(76.0, 0.3333333333333333)	(77.0, 0.3333333333333333)	(78.0, 0.3333333333333333)	(79.0, 0.3333333333333333)	(80.0, 0.3333333333333333)	(81.0, 0.6666666666666666)	(82.0, 0.3333333333333333)	(83.0, 0.0)	(84.0, 0.0)	(85.0, 0.0)	(86.0, 0.0)	(87.0, 0.0)	(88.0, 0.0)	(89.0, 0.3333333333333333)	(90.0, 0.3333333333333333)	(91.0, 0.0)	(92.0, 0.0)	(93.0, 0.0)	(94.0, 0.0)	(95.0, 0.0)	(96.0, 0.0)	(97.0, 0.0)	(98.0, 0.0)	(99.0, 0.0)	(100.0, 0.0)
SRR19621158_1	(0.0, 0.0)	(1.0, 0.0)	(2.0, 0.0)	(3.0, 0.0)	(4.0, 0.0)	(5.0, 0.0)	(6.0, 0.0)	(7.0, 0.0)	(8.0, 0.0)	(9.0, 0.0)	(10.0, 0.0)	(11.0, 0.0)	(12.0, 0.0)	(13.0, 0.0)	(14.0, 0.0)	(15.0, 0.0)	(16.0, 0.0)	(17.0, 0.0)	(18.0, 0.0)	(19.0, 0.0)	(20.0, 0.0)	(21.0, 0.0)	(22.0, 0.0)	(23.0, 0.0)	(24.0, 0.0)	(25.0, 0.0)	(26.0, 0.0)	(27.0, 0.0)	(28.0, 0.0)	(29.0, 0.0)	(30.0, 0.0)	(31.0, 0.0)	(32.0, 0.0)	(33.0, 0.0)	(34.0, 0.0)	(35.0, 0.0)	(36.0, 1.6666666666666665)	(37.0, 2.333333333333333)	(38.0, 3.3333333333333335)	(39.0, 5.999999999999998)	(40.0, 18.000000000000004)	(41.0, 25.999999999999975)	(42.0, 33.33333333333329)	(43.0, 48.3333333333334)	(44.0, 55.33333333333345)	(45.0, 58.33333333333347)	(46.0, 100.99999999999964)	(47.0, 120.66666666666603)	(48.0, 160.00000000000017)	(49.0, 454.6666666666583)	(50.0, 1159.333333333349)	(51.0, 2290.333333333257)	(52.0, 7466.666666664346)	(53.0, 8577.99999999772)	(54.0, 5979.333333332365)	(55.0, 4431.666666667106)	(56.0, 832.6666666666914)	(57.0, 313.9999999999996)	(58.0, 58.666666666666806)	(59.0, 28.3333333333333)	(60.0, 31.999999999999954)	(61.0, 45.666666666666714)	(62.0, 25.999999999999975)	(63.0, 17.66666666666667)	(64.0, 33.33333333333329)	(65.0, 26.99999999999997)	(66.0, 8.33333333333333)	(67.0, 4.333333333333333)	(68.0, 1.6666666666666665)	(69.0, 1.9999999999999998)	(70.0, 0.3333333333333333)	(71.0, 0.0)	(72.0, 0.0)	(73.0, 0.0)	(74.0, 0.0)	(75.0, 0.0)	(76.0, 0.0)	(77.0, 0.0)	(78.0, 0.0)	(79.0, 0.0)	(80.0, 0.0)	(81.0, 0.0)	(82.0, 0.0)	(83.0, 0.0)	(84.0, 0.0)	(85.0, 0.0)	(86.0, 0.0)	(87.0, 0.0)	(88.0, 0.0)	(89.0, 0.0)	(90.0, 0.0)	(91.0, 0.0)	(92.0, 0.0)	(93.0, 0.0)	(94.0, 0.0)	(95.0, 0.0)	(96.0, 0.0)	(97.0, 0.0)	(98.0, 0.0)	(99.0, 0.0)	(100.0, 0.0)
SRR19621158_2	(0.0, 0.0)	(1.0, 0.0)	(2.0, 0.0)	(3.0, 0.0)	(4.0, 0.0)	(5.0, 0.0)	(6.0, 0.0)	(7.0, 0.0)	(8.0, 0.0)	(9.0, 0.0)	(10.0, 0.0)	(11.0, 0.0)	(12.0, 0.0)	(13.0, 0.0)	(14.0, 0.0)	(15.0, 0.0)	(16.0, 0.0)	(17.0, 0.0)	(18.0, 0.0)	(19.0, 0.0)	(20.0, 0.0)	(21.0, 0.0)	(22.0, 0.0)	(23.0, 0.0)	(24.0, 0.0)	(25.0, 0.0)	(26.0, 0.0)	(27.0, 0.0)	(28.0, 0.0)	(29.0, 0.0)	(30.0, 0.0)	(31.0, 0.0)	(32.0, 0.0)	(33.0, 0.0)	(34.0, 0.0)	(35.0, 0.0)	(36.0, 0.6666666666666666)	(37.0, 1.9999999999999998)	(38.0, 2.5)	(39.0, 6.166666666666665)	(40.0, 19.999999999999996)	(41.0, 29.333333333333297)	(42.0, 35.49999999999998)	(43.0, 49.3333333333334)	(44.0, 61.50000000000015)	(45.0, 61.00000000000015)	(46.0, 61.33333333333349)	(47.0, 94.6666666666664)	(48.0, 140.6666666666663)	(49.0, 303.66666666666686)	(50.0, 586.9999999999969)	(51.0, 1305.3333333333157)	(52.0, 1813.6666666665335)	(53.0, 6447.999999998606)	(54.0, 8336.666666663948)	(55.0, 5577.666666666064)	(56.0, 5266.666666666347)	(57.0, 2527.6666666666983)	(58.0, 292.00000000000085)	(59.0, 97.66666666666636)	(60.0, 40.33333333333334)	(61.0, 35.33333333333331)	(62.0, 24.99999999999998)	(63.0, 22.999999999999986)	(64.0, 43.333333333333364)	(65.0, 15.333333333333343)	(66.0, 18.666666666666668)	(67.0, 32.99999999999996)	(68.0, 12.000000000000004)	(69.0, 3.666666666666667)	(70.0, 1.0)	(71.0, 1.0)	(72.0, 0.3333333333333333)	(73.0, 0.6666666666666666)	(74.0, 0.3333333333333333)	(75.0, 0.3333333333333333)	(76.0, 0.6666666666666666)	(77.0, 0.3333333333333333)	(78.0, 0.0)	(79.0, 0.0)	(80.0, 0.0)	(81.0, 0.0)	(82.0, 0.0)	(83.0, 0.0)	(84.0, 0.0)	(85.0, 0.0)	(86.0, 0.0)	(87.0, 0.0)	(88.0, 0.0)	(89.0, 0.0)	(90.0, 0.0)	(91.0, 0.3333333333333333)	(92.0, 0.3333333333333333)	(93.0, 0.0)	(94.0, 0.0)	(95.0, 0.0)	(96.0, 0.3333333333333333)	(97.0, 0.3333333333333333)	(98.0, 0.0)	(99.0, 0.0)	(100.0, 0.0)
SRR19621159_1	(0.0, 0.0)	(1.0, 0.0)	(2.0, 0.0)	(3.0, 0.0)	(4.0, 0.0)	(5.0, 0.0)	(6.0, 0.0)	(7.0, 0.0)	(8.0, 0.0)	(9.0, 0.0)	(10.0, 0.0)	(11.0, 0.0)	(12.0, 0.0)	(13.0, 0.0)	(14.0, 0.0)	(15.0, 0.0)	(16.0, 0.0)	(17.0, 0.0)	(18.0, 0.0)	(19.0, 0.0)	(20.0, 0.0)	(21.0, 0.0)	(22.0, 0.0)	(23.0, 0.0)	(24.0, 0.0)	(25.0, 0.0)	(26.0, 0.0)	(27.0, 0.0)	(28.0, 0.0)	(29.0, 0.0)	(30.0, 0.0)	(31.0, 0.3333333333333333)	(32.0, 0.0)	(33.0, 0.0)	(34.0, 0.3333333333333333)	(35.0, 0.3333333333333333)	(36.0, 1.0)	(37.0, 4.666666666666666)	(38.0, 6.666666666666664)	(39.0, 21.333333333333325)	(40.0, 45.666666666666714)	(41.0, 67.66666666666679)	(42.0, 79.99999999999994)	(43.0, 125.99999999999929)	(44.0, 153.66666666666666)	(45.0, 144.99999999999974)	(46.0, 253.33333333333616)	(47.0, 383.9999999999956)	(48.0, 712.000000000011)	(49.0, 1503.9999999999372)	(50.0, 3948.0000000006776)	(51.0, 10182.000000000638)	(52.0, 14557.33333334193)	(53.0, 13437.333333339893)	(54.0, 14011.666666674271)	(55.0, 18351.000000004762)	(56.0, 2732.0000000001246)	(57.0, 568.9999999999948)	(58.0, 161.33333333333354)	(59.0, 79.99999999999994)	(60.0, 77.33333333333331)	(61.0, 99.99999999999966)	(62.0, 69.0000000000001)	(63.0, 43.00000000000003)	(64.0, 79.66666666666661)	(65.0, 61.66666666666683)	(66.0, 23.999999999999982)	(67.0, 11.333333333333336)	(68.0, 4.0)	(69.0, 3.3333333333333335)	(70.0, 1.3333333333333333)	(71.0, 1.0)	(72.0, 0.3333333333333333)	(73.0, 0.3333333333333333)	(74.0, 0.3333333333333333)	(75.0, 0.0)	(76.0, 0.0)	(77.0, 0.6666666666666666)	(78.0, 0.3333333333333333)	(79.0, 0.0)	(80.0, 0.0)	(81.0, 0.0)	(82.0, 0.0)	(83.0, 0.0)	(84.0, 0.0)	(85.0, 0.0)	(86.0, 0.0)	(87.0, 0.0)	(88.0, 0.0)	(89.0, 0.0)	(90.0, 0.0)	(91.0, 0.0)	(92.0, 0.0)	(93.0, 0.0)	(94.0, 0.0)	(95.0, 0.0)	(96.0, 0.0)	(97.0, 0.0)	(98.0, 0.0)	(99.0, 0.0)	(100.0, 0.0)
SRR19621159_2	(0.0, 0.0)	(1.0, 0.0)	(2.0, 0.0)	(3.0, 0.0)	(4.0, 0.0)	(5.0, 0.0)	(6.0, 0.0)	(7.0, 0.0)	(8.0, 0.0)	(9.0, 0.0)	(10.0, 0.0)	(11.0, 0.0)	(12.0, 0.0)	(13.0, 0.0)	(14.0, 0.0)	(15.0, 0.0)	(16.0, 0.0)	(17.0, 0.0)	(18.0, 0.0)	(19.0, 0.0)	(20.0, 0.0)	(21.0, 0.3333333333333333)	(22.0, 0.3333333333333333)	(23.0, 0.0)	(24.0, 0.0)	(25.0, 0.0)	(26.0, 0.0)	(27.0, 0.0)	(28.0, 0.0)	(29.0, 0.0)	(30.0, 0.0)	(31.0, 0.0)	(32.0, 0.0)	(33.0, 0.6666666666666666)	(34.0, 0.3333333333333333)	(35.0, 0.0)	(36.0, 2.1666666666666665)	(37.0, 5.166666666666667)	(38.0, 6.833333333333332)	(39.0, 24.166666666666647)	(40.0, 56.333333333333464)	(41.0, 68.50000000000011)	(42.0, 98.16666666666639)	(43.0, 115.83333333333279)	(44.0, 149.8333333333332)	(45.0, 149.99999999999991)	(46.0, 185.00000000000088)	(47.0, 309.49999999999983)	(48.0, 647.1666666666705)	(49.0, 922.3333333333683)	(50.0, 1587.6666666665851)	(51.0, 4458.000000000415)	(52.0, 8625.666666664474)	(53.0, 12809.833333338753)	(54.0, 12992.166666672418)	(55.0, 11730.000000003454)	(56.0, 18158.000000005464)	(57.0, 12233.333333337703)	(58.0, 1109.3333333333603)	(59.0, 298.66666666666714)	(60.0, 122.99999999999933)	(61.0, 86.33333333333319)	(62.0, 76.0)	(63.0, 60.333333333333485)	(64.0, 97.99999999999969)	(65.0, 44.000000000000036)	(66.0, 38.33333333333333)	(67.0, 76.0)	(68.0, 27.666666666666636)	(69.0, 6.999999999999997)	(70.0, 1.9999999999999998)	(71.0, 1.9999999999999998)	(72.0, 1.0)	(73.0, 0.6666666666666666)	(74.0, 0.6666666666666666)	(75.0, 1.0)	(76.0, 1.0)	(77.0, 0.6666666666666666)	(78.0, 0.3333333333333333)	(79.0, 0.6666666666666666)	(80.0, 1.0)	(81.0, 0.6666666666666666)	(82.0, 1.0)	(83.0, 1.3333333333333333)	(84.0, 0.0)	(85.0, 0.0)	(86.0, 0.0)	(87.0, 0.0)	(88.0, 0.3333333333333333)	(89.0, 0.0)	(90.0, 0.6666666666666666)	(91.0, 0.6666666666666666)	(92.0, 0.6666666666666666)	(93.0, 0.3333333333333333)	(94.0, 0.0)	(95.0, 0.3333333333333333)	(96.0, 0.3333333333333333)	(97.0, 0.6666666666666666)	(98.0, 0.0)	(99.0, 0.0)	(100.0, 0.5)
SRR19621160_1	(0.0, 0.0)	(1.0, 0.0)	(2.0, 0.0)	(3.0, 0.0)	(4.0, 0.0)	(5.0, 0.0)	(6.0, 0.0)	(7.0, 0.0)	(8.0, 0.0)	(9.0, 0.0)	(10.0, 0.0)	(11.0, 0.0)	(12.0, 0.0)	(13.0, 0.0)	(14.0, 0.0)	(15.0, 0.0)	(16.0, 0.0)	(17.0, 0.0)	(18.0, 0.0)	(19.0, 0.0)	(20.0, 0.0)	(21.0, 0.0)	(22.0, 0.0)	(23.0, 0.0)	(24.0, 0.0)	(25.0, 0.0)	(26.0, 0.0)	(27.0, 0.0)	(28.0, 0.0)	(29.0, 0.0)	(30.0, 0.0)	(31.0, 0.0)	(32.0, 0.0)	(33.0, 0.0)	(34.0, 0.0)	(35.0, 0.3333333333333333)	(36.0, 1.6666666666666665)	(37.0, 2.6666666666666665)	(38.0, 3.3333333333333335)	(39.0, 5.999999999999998)	(40.0, 15.666666666666677)	(41.0, 19.333333333333332)	(42.0, 25.666666666666643)	(43.0, 36.333333333333314)	(44.0, 42.66666666666669)	(45.0, 69.33333333333343)	(46.0, 864.0000000000283)	(47.0, 1354.9999999999711)	(48.0, 925.3333333333686)	(49.0, 561.6666666666606)	(50.0, 1090.666666666698)	(51.0, 3032.666666666928)	(52.0, 3941.6666666673414)	(53.0, 4168.666666667345)	(54.0, 3570.6666666671726)	(55.0, 2623.000000000075)	(56.0, 418.99999999999363)	(57.0, 129.66666666666598)	(58.0, 38.666666666666664)	(59.0, 13.000000000000005)	(60.0, 13.000000000000005)	(61.0, 14.000000000000007)	(62.0, 11.66666666666667)	(63.0, 6.333333333333331)	(64.0, 10.0)	(65.0, 8.33333333333333)	(66.0, 4.0)	(67.0, 1.6666666666666665)	(68.0, 1.6666666666666665)	(69.0, 0.0)	(70.0, 0.0)	(71.0, 0.3333333333333333)	(72.0, 0.0)	(73.0, 0.0)	(74.0, 0.0)	(75.0, 0.0)	(76.0, 0.0)	(77.0, 0.0)	(78.0, 0.0)	(79.0, 0.0)	(80.0, 0.0)	(81.0, 0.0)	(82.0, 0.0)	(83.0, 0.0)	(84.0, 0.0)	(85.0, 0.0)	(86.0, 0.0)	(87.0, 0.0)	(88.0, 0.0)	(89.0, 0.0)	(90.0, 0.0)	(91.0, 0.0)	(92.0, 0.0)	(93.0, 0.0)	(94.0, 0.0)	(95.0, 0.0)	(96.0, 0.0)	(97.0, 0.0)	(98.0, 0.0)	(99.0, 0.0)	(100.0, 0.0)
SRR19621160_2	(0.0, 0.0)	(1.0, 0.0)	(2.0, 0.0)	(3.0, 0.0)	(4.0, 0.0)	(5.0, 0.0)	(6.0, 0.0)	(7.0, 0.0)	(8.0, 0.0)	(9.0, 0.0)	(10.0, 0.0)	(11.0, 0.0)	(12.0, 0.0)	(13.0, 0.0)	(14.0, 0.0)	(15.0, 0.0)	(16.0, 0.0)	(17.0, 0.0)	(18.0, 0.0)	(19.0, 0.0)	(20.0, 0.0)	(21.0, 0.0)	(22.0, 0.0)	(23.0, 0.0)	(24.0, 0.0)	(25.0, 0.0)	(26.0, 0.0)	(27.0, 0.0)	(28.0, 0.0)	(29.0, 0.0)	(30.0, 0.0)	(31.0, 0.0)	(32.0, 0.0)	(33.0, 0.3333333333333333)	(34.0, 0.0)	(35.0, 0.0)	(36.0, 0.6666666666666666)	(37.0, 2.333333333333333)	(38.0, 4.0)	(39.0, 6.999999999999997)	(40.0, 17.000000000000007)	(41.0, 25.166666666666647)	(42.0, 32.66666666666663)	(43.0, 33.16666666666663)	(44.0, 46.66666666666672)	(45.0, 57.83333333333347)	(46.0, 144.49999999999974)	(47.0, 1092.500000000031)	(48.0, 1577.9999999999209)	(49.0, 564.4999999999944)	(50.0, 628.3333333333348)	(51.0, 1161.166666666682)	(52.0, 2663.500000000093)	(53.0, 3338.3333333337337)	(54.0, 4191.3333333339915)	(55.0, 3444.0000000004484)	(56.0, 2804.333333333491)	(57.0, 1190.0000000000086)	(58.0, 183.6666666666675)	(59.0, 52.666666666666764)	(60.0, 23.333333333333318)	(61.0, 15.000000000000009)	(62.0, 13.000000000000005)	(63.0, 9.333333333333332)	(64.0, 15.666666666666677)	(65.0, 7.666666666666663)	(66.0, 4.666666666666666)	(67.0, 7.666666666666663)	(68.0, 3.3333333333333335)	(69.0, 0.3333333333333333)	(70.0, 0.3333333333333333)	(71.0, 0.3333333333333333)	(72.0, 0.3333333333333333)	(73.0, 0.0)	(74.0, 0.3333333333333333)	(75.0, 0.3333333333333333)	(76.0, 0.0)	(77.0, 0.0)	(78.0, 0.0)	(79.0, 0.0)	(80.0, 0.0)	(81.0, 0.0)	(82.0, 0.0)	(83.0, 0.3333333333333333)	(84.0, 0.0)	(85.0, 0.0)	(86.0, 0.0)	(87.0, 0.0)	(88.0, 0.0)	(89.0, 0.0)	(90.0, 0.0)	(91.0, 0.0)	(92.0, 0.0)	(93.0, 0.0)	(94.0, 0.0)	(95.0, 0.0)	(96.0, 0.0)	(97.0, 0.0)	(98.0, 0.0)	(99.0, 0.0)	(100.0, 0.0)
SRR19621161_1	(0.0, 0.0)	(1.0, 0.0)	(2.0, 0.0)	(3.0, 0.0)	(4.0, 0.0)	(5.0, 0.0)	(6.0, 0.0)	(7.0, 0.0)	(8.0, 0.0)	(9.0, 0.0)	(10.0, 0.0)	(11.0, 0.0)	(12.0, 0.0)	(13.0, 0.0)	(14.0, 0.0)	(15.0, 0.0)	(16.0, 0.0)	(17.0, 0.0)	(18.0, 0.0)	(19.0, 0.0)	(20.0, 0.0)	(21.0, 0.0)	(22.0, 0.0)	(23.0, 0.0)	(24.0, 0.0)	(25.0, 0.0)	(26.0, 0.0)	(27.0, 0.0)	(28.0, 0.0)	(29.0, 0.0)	(30.0, 0.0)	(31.0, 1.0)	(32.0, 0.0)	(33.0, 1.0)	(34.0, 0.0)	(35.0, 0.0)	(36.0, 0.3333333333333333)	(37.0, 0.6666666666666666)	(38.0, 2.6666666666666665)	(39.0, 8.666666666666664)	(40.0, 16.666666666666675)	(41.0, 21.99999999999999)	(42.0, 25.999999999999975)	(43.0, 51.000000000000085)	(44.0, 66.00000000000014)	(45.0, 306.00000000000006)	(46.0, 1533.6666666665972)	(47.0, 1604.9999999999143)	(48.0, 929.6666666667024)	(49.0, 530.6666666666571)	(50.0, 1576.3333333332541)	(51.0, 2633.0000000000796)	(52.0, 2966.3333333335645)	(53.0, 3280.6666666670408)	(54.0, 3234.000000000353)	(55.0, 2574.6666666667197)	(56.0, 603.333333333332)	(57.0, 83.66666666666656)	(58.0, 36.333333333333314)	(59.0, 16.333333333333343)	(60.0, 10.0)	(61.0, 13.666666666666673)	(62.0, 8.33333333333333)	(63.0, 7.666666666666663)	(64.0, 30.999999999999957)	(65.0, 26.333333333333307)	(66.0, 9.333333333333332)	(67.0, 3.0)	(68.0, 0.6666666666666666)	(69.0, 0.6666666666666666)	(70.0, 0.3333333333333333)	(71.0, 0.0)	(72.0, 0.0)	(73.0, 0.0)	(74.0, 0.0)	(75.0, 0.0)	(76.0, 0.0)	(77.0, 0.0)	(78.0, 0.0)	(79.0, 0.0)	(80.0, 0.0)	(81.0, 0.0)	(82.0, 0.0)	(83.0, 0.0)	(84.0, 0.0)	(85.0, 0.0)	(86.0, 0.0)	(87.0, 0.0)	(88.0, 0.3333333333333333)	(89.0, 0.3333333333333333)	(90.0, 0.0)	(91.0, 0.0)	(92.0, 0.0)	(93.0, 0.0)	(94.0, 0.0)	(95.0, 0.0)	(96.0, 0.0)	(97.0, 0.0)	(98.0, 0.0)	(99.0, 0.0)	(100.0, 0.0)
SRR19621161_2	(0.0, 0.0)	(1.0, 0.0)	(2.0, 0.0)	(3.0, 0.0)	(4.0, 0.0)	(5.0, 0.0)	(6.0, 0.0)	(7.0, 0.0)	(8.0, 0.0)	(9.0, 0.0)	(10.0, 0.0)	(11.0, 0.0)	(12.0, 0.0)	(13.0, 0.0)	(14.0, 0.0)	(15.0, 0.0)	(16.0, 0.0)	(17.0, 0.0)	(18.0, 0.0)	(19.0, 0.0)	(20.0, 0.0)	(21.0, 0.0)	(22.0, 0.0)	(23.0, 0.0)	(24.0, 0.0)	(25.0, 0.0)	(26.0, 0.0)	(27.0, 0.0)	(28.0, 0.6666666666666666)	(29.0, 0.0)	(30.0, 0.0)	(31.0, 0.0)	(32.0, 0.6666666666666666)	(33.0, 1.0)	(34.0, 0.3333333333333333)	(35.0, 0.0)	(36.0, 0.6666666666666666)	(37.0, 1.0)	(38.0, 3.5)	(39.0, 8.33333333333333)	(40.0, 17.833333333333336)	(41.0, 28.3333333333333)	(42.0, 36.83333333333332)	(43.0, 44.83333333333338)	(44.0, 64.66666666666683)	(45.0, 78.66666666666663)	(46.0, 256.5000000000029)	(47.0, 1954.8333333331682)	(48.0, 1463.666666666613)	(49.0, 508.3333333333219)	(50.0, 607.6666666666658)	(51.0, 1557.1666666665922)	(52.0, 1803.8333333332025)	(53.0, 2619.000000000073)	(54.0, 3386.666666667089)	(55.0, 3113.000000000298)	(56.0, 2785.0000000001487)	(57.0, 868.0000000000288)	(58.0, 150.33333333333323)	(59.0, 38.33333333333333)	(60.0, 18.666666666666668)	(61.0, 16.666666666666675)	(62.0, 10.333333333333334)	(63.0, 7.9999999999999964)	(64.0, 8.999999999999998)	(65.0, 5.333333333333332)	(66.0, 10.0)	(67.0, 32.333333333333286)	(68.0, 13.666666666666673)	(69.0, 3.666666666666667)	(70.0, 1.0)	(71.0, 1.3333333333333333)	(72.0, 0.3333333333333333)	(73.0, 0.3333333333333333)	(74.0, 0.6666666666666666)	(75.0, 0.0)	(76.0, 0.0)	(77.0, 0.0)	(78.0, 0.0)	(79.0, 0.3333333333333333)	(80.0, 0.0)	(81.0, 0.0)	(82.0, 0.0)	(83.0, 0.0)	(84.0, 0.0)	(85.0, 0.0)	(86.0, 0.0)	(87.0, 0.0)	(88.0, 0.0)	(89.0, 0.3333333333333333)	(90.0, 0.0)	(91.0, 0.0)	(92.0, 0.0)	(93.0, 0.0)	(94.0, 0.0)	(95.0, 0.0)	(96.0, 0.0)	(97.0, 0.0)	(98.0, 0.3333333333333333)	(99.0, 0.0)	(100.0, 0.0)
SRR19621162_1	(0.0, 0.0)	(1.0, 0.0)	(2.0, 0.0)	(3.0, 0.0)	(4.0, 0.0)	(5.0, 0.0)	(6.0, 0.0)	(7.0, 0.0)	(8.0, 0.0)	(9.0, 0.0)	(10.0, 0.0)	(11.0, 0.0)	(12.0, 0.0)	(13.0, 0.0)	(14.0, 0.0)	(15.0, 0.0)	(16.0, 0.0)	(17.0, 0.0)	(18.0, 0.0)	(19.0, 0.0)	(20.0, 0.0)	(21.0, 0.0)	(22.0, 0.0)	(23.0, 0.0)	(24.0, 0.0)	(25.0, 0.0)	(26.0, 0.0)	(27.0, 0.0)	(28.0, 0.0)	(29.0, 0.0)	(30.0, 0.0)	(31.0, 0.0)	(32.0, 0.0)	(33.0, 0.0)	(34.0, 0.0)	(35.0, 0.0)	(36.0, 0.3333333333333333)	(37.0, 1.0)	(38.0, 1.0)	(39.0, 4.999999999999999)	(40.0, 13.33333333333334)	(41.0, 22.33333333333332)	(42.0, 27.666666666666636)	(43.0, 36.333333333333314)	(44.0, 34.666666666666636)	(45.0, 116.66666666666609)	(46.0, 368.66666666666316)	(47.0, 279.6666666666682)	(48.0, 592.3333333333308)	(49.0, 881.666666666697)	(50.0, 1584.6666666665856)	(51.0, 1676.999999999898)	(52.0, 3222.333333333681)	(53.0, 4056.6666666673937)	(54.0, 3675.6666666672204)	(55.0, 2329.333333333275)	(56.0, 562.6666666666607)	(57.0, 996.0000000000433)	(58.0, 901.3333333333659)	(59.0, 155.33333333333337)	(60.0, 88.99999999999982)	(61.0, 77.99999999999997)	(62.0, 43.333333333333364)	(63.0, 17.66666666666667)	(64.0, 15.333333333333343)	(65.0, 10.0)	(66.0, 7.666666666666663)	(67.0, 25.999999999999975)	(68.0, 214.33333333333505)	(69.0, 212.00000000000165)	(70.0, 42.00000000000002)	(71.0, 20.66666666666666)	(72.0, 13.000000000000005)	(73.0, 4.999999999999999)	(74.0, 1.9999999999999998)	(75.0, 0.3333333333333333)	(76.0, 0.3333333333333333)	(77.0, 0.0)	(78.0, 0.0)	(79.0, 0.0)	(80.0, 0.0)	(81.0, 0.0)	(82.0, 0.0)	(83.0, 0.0)	(84.0, 0.0)	(85.0, 0.0)	(86.0, 0.0)	(87.0, 0.0)	(88.0, 0.0)	(89.0, 0.3333333333333333)	(90.0, 0.3333333333333333)	(91.0, 0.0)	(92.0, 0.0)	(93.0, 0.0)	(94.0, 0.0)	(95.0, 0.0)	(96.0, 0.0)	(97.0, 0.0)	(98.0, 0.0)	(99.0, 0.0)	(100.0, 0.0)
SRR19621162_2	(0.0, 0.0)	(1.0, 0.0)	(2.0, 0.0)	(3.0, 0.0)	(4.0, 0.0)	(5.0, 0.0)	(6.0, 0.0)	(7.0, 0.0)	(8.0, 0.0)	(9.0, 0.0)	(10.0, 0.0)	(11.0, 0.0)	(12.0, 0.0)	(13.0, 0.0)	(14.0, 0.0)	(15.0, 0.0)	(16.0, 0.0)	(17.0, 0.0)	(18.0, 0.0)	(19.0, 0.0)	(20.0, 0.0)	(21.0, 0.0)	(22.0, 0.0)	(23.0, 0.0)	(24.0, 0.0)	(25.0, 0.0)	(26.0, 0.0)	(27.0, 0.0)	(28.0, 0.0)	(29.0, 0.0)	(30.0, 0.0)	(31.0, 0.0)	(32.0, 0.0)	(33.0, 0.0)	(34.0, 0.0)	(35.0, 0.0)	(36.0, 0.8333333333333333)	(37.0, 1.6666666666666665)	(38.0, 3.0)	(39.0, 8.166666666666664)	(40.0, 15.333333333333343)	(41.0, 21.833333333333325)	(42.0, 24.333333333333318)	(43.0, 33.8333333333333)	(44.0, 46.333333333333385)	(45.0, 95.83333333333306)	(46.0, 117.16666666666609)	(47.0, 684.6666666666746)	(48.0, 580.6666666666628)	(49.0, 474.16666666665714)	(50.0, 836.1666666666919)	(51.0, 1595.3333333332498)	(52.0, 2734.6666666667925)	(53.0, 3292.0000000003793)	(54.0, 2786.3333333334826)	(55.0, 2536.333333333369)	(56.0, 2743.0000000001296)	(57.0, 1538.3333333332628)	(58.0, 218.00000000000182)	(59.0, 120.99999999999936)	(60.0, 242.33333333333584)	(61.0, 965.0000000000398)	(62.0, 313.6666666666663)	(63.0, 90.66666666666646)	(64.0, 82.66666666666657)	(65.0, 34.99999999999997)	(66.0, 19.0)	(67.0, 18.333333333333336)	(68.0, 14.333333333333341)	(69.0, 10.666666666666668)	(70.0, 23.333333333333318)	(71.0, 89.66666666666647)	(72.0, 183.00000000000082)	(73.0, 120.66666666666603)	(74.0, 28.3333333333333)	(75.0, 4.333333333333333)	(76.0, 1.9999999999999998)	(77.0, 1.3333333333333333)	(78.0, 0.0)	(79.0, 0.0)	(80.0, 0.3333333333333333)	(81.0, 0.0)	(82.0, 0.3333333333333333)	(83.0, 0.3333333333333333)	(84.0, 0.0)	(85.0, 0.3333333333333333)	(86.0, 0.6666666666666666)	(87.0, 0.3333333333333333)	(88.0, 0.0)	(89.0, 0.0)	(90.0, 0.0)	(91.0, 0.0)	(92.0, 0.0)	(93.0, 0.0)	(94.0, 0.0)	(95.0, 0.0)	(96.0, 0.0)	(97.0, 0.0)	(98.0, 0.0)	(99.0, 0.0)	(100.0, 1.0)
SRR19621163_1	(0.0, 0.0)	(1.0, 0.0)	(2.0, 0.0)	(3.0, 0.0)	(4.0, 0.0)	(5.0, 0.0)	(6.0, 0.0)	(7.0, 0.0)	(8.0, 0.0)	(9.0, 0.0)	(10.0, 0.0)	(11.0, 0.0)	(12.0, 0.0)	(13.0, 0.0)	(14.0, 0.0)	(15.0, 0.0)	(16.0, 0.0)	(17.0, 0.0)	(18.0, 0.0)	(19.0, 0.0)	(20.0, 0.0)	(21.0, 0.0)	(22.0, 0.0)	(23.0, 0.0)	(24.0, 0.0)	(25.0, 0.0)	(26.0, 0.0)	(27.0, 0.0)	(28.0, 0.0)	(29.0, 0.0)	(30.0, 0.0)	(31.0, 0.0)	(32.0, 0.0)	(33.0, 0.0)	(34.0, 0.0)	(35.0, 0.0)	(36.0, 0.3333333333333333)	(37.0, 1.0)	(38.0, 3.0)	(39.0, 7.9999999999999964)	(40.0, 17.000000000000007)	(41.0, 25.999999999999975)	(42.0, 30.666666666666625)	(43.0, 39.66666666666667)	(44.0, 48.666666666666735)	(45.0, 173.33333333333388)	(46.0, 600.3333333333317)	(47.0, 529.3333333333236)	(48.0, 2065.6666666664883)	(49.0, 2069.66666666649)	(50.0, 1584.9999999999188)	(51.0, 1823.9999999998645)	(52.0, 4522.000000000357)	(53.0, 5219.66666666639)	(54.0, 4409.333333333793)	(55.0, 3448.3333333337837)	(56.0, 819.0000000000232)	(57.0, 2506.000000000022)	(58.0, 2278.666666666585)	(59.0, 222.66666666666862)	(60.0, 71.66666666666673)	(61.0, 36.66666666666665)	(62.0, 21.666666666666657)	(63.0, 12.666666666666671)	(64.0, 5.666666666666665)	(65.0, 6.666666666666664)	(66.0, 11.333333333333336)	(67.0, 19.0)	(68.0, 199.00000000000128)	(69.0, 190.6666666666677)	(70.0, 40.00000000000001)	(71.0, 19.0)	(72.0, 6.666666666666664)	(73.0, 6.333333333333331)	(74.0, 3.0)	(75.0, 0.6666666666666666)	(76.0, 0.0)	(77.0, 0.0)	(78.0, 0.0)	(79.0, 0.3333333333333333)	(80.0, 0.3333333333333333)	(81.0, 0.0)	(82.0, 0.0)	(83.0, 0.0)	(84.0, 0.0)	(85.0, 0.0)	(86.0, 0.0)	(87.0, 0.0)	(88.0, 0.0)	(89.0, 0.0)	(90.0, 0.0)	(91.0, 0.0)	(92.0, 0.0)	(93.0, 0.0)	(94.0, 0.0)	(95.0, 0.0)	(96.0, 0.0)	(97.0, 0.0)	(98.0, 0.0)	(99.0, 0.0)	(100.0, 0.0)
SRR19621163_2	(0.0, 0.0)	(1.0, 0.0)	(2.0, 0.0)	(3.0, 0.0)	(4.0, 0.0)	(5.0, 0.0)	(6.0, 0.0)	(7.0, 0.0)	(8.0, 0.0)	(9.0, 0.0)	(10.0, 0.0)	(11.0, 0.0)	(12.0, 0.0)	(13.0, 0.0)	(14.0, 0.0)	(15.0, 0.0)	(16.0, 0.0)	(17.0, 0.0)	(18.0, 0.0)	(19.0, 0.0)	(20.0, 0.0)	(21.0, 0.0)	(22.0, 0.0)	(23.0, 0.0)	(24.0, 0.0)	(25.0, 0.0)	(26.0, 0.0)	(27.0, 0.0)	(28.0, 0.0)	(29.0, 0.0)	(30.0, 0.0)	(31.0, 0.3333333333333333)	(32.0, 0.3333333333333333)	(33.0, 0.0)	(34.0, 0.0)	(35.0, 0.0)	(36.0, 0.8333333333333333)	(37.0, 1.9999999999999998)	(38.0, 4.166666666666667)	(39.0, 7.83333333333333)	(40.0, 14.166666666666675)	(41.0, 18.666666666666668)	(42.0, 29.66666666666663)	(43.0, 47.833333333333385)	(44.0, 71.33333333333339)	(45.0, 131.66666666666606)	(46.0, 243.5000000000025)	(47.0, 2161.4999999998654)	(48.0, 2157.833333333197)	(49.0, 653.0000000000043)	(50.0, 870.000000000029)	(51.0, 1674.1666666665653)	(52.0, 2446.499999999995)	(53.0, 3944.8333333340097)	(54.0, 4128.500000000715)	(55.0, 3306.6666666670526)	(56.0, 3831.333333333958)	(57.0, 2439.999999999992)	(58.0, 324.999999999999)	(59.0, 251.3333333333361)	(60.0, 1133.1666666666883)	(61.0, 2437.499999999991)	(62.0, 531.6666666666572)	(63.0, 104.33333333333293)	(64.0, 51.66666666666676)	(65.0, 31.999999999999954)	(66.0, 18.333333333333336)	(67.0, 12.000000000000004)	(68.0, 14.333333333333341)	(69.0, 15.666666666666677)	(70.0, 27.999999999999968)	(71.0, 74.33333333333336)	(72.0, 168.66666666666708)	(73.0, 110.33333333333285)	(74.0, 24.99999999999998)	(75.0, 2.333333333333333)	(76.0, 0.0)	(77.0, 1.0)	(78.0, 0.0)	(79.0, 0.0)	(80.0, 0.0)	(81.0, 0.0)	(82.0, 0.0)	(83.0, 0.0)	(84.0, 0.0)	(85.0, 0.0)	(86.0, 0.0)	(87.0, 0.0)	(88.0, 0.0)	(89.0, 0.0)	(90.0, 0.0)	(91.0, 0.0)	(92.0, 0.0)	(93.0, 0.0)	(94.0, 0.0)	(95.0, 0.0)	(96.0, 0.0)	(97.0, 0.0)	(98.0, 0.0)	(99.0, 0.3333333333333333)	(100.0, 0.0)
SRR19621164_1	(0.0, 0.0)	(1.0, 0.0)	(2.0, 0.0)	(3.0, 0.0)	(4.0, 0.0)	(5.0, 0.0)	(6.0, 0.0)	(7.0, 0.0)	(8.0, 0.0)	(9.0, 0.0)	(10.0, 0.0)	(11.0, 0.0)	(12.0, 0.0)	(13.0, 0.0)	(14.0, 0.0)	(15.0, 0.0)	(16.0, 0.0)	(17.0, 0.0)	(18.0, 0.0)	(19.0, 0.0)	(20.0, 0.0)	(21.0, 0.0)	(22.0, 0.0)	(23.0, 0.0)	(24.0, 0.0)	(25.0, 0.0)	(26.0, 0.0)	(27.0, 0.0)	(28.0, 0.0)	(29.0, 0.0)	(30.0, 0.0)	(31.0, 0.0)	(32.0, 0.3333333333333333)	(33.0, 0.3333333333333333)	(34.0, 0.0)	(35.0, 0.0)	(36.0, 1.0)	(37.0, 1.9999999999999998)	(38.0, 3.0)	(39.0, 8.33333333333333)	(40.0, 16.666666666666675)	(41.0, 30.666666666666625)	(42.0, 27.666666666666636)	(43.0, 37.66666666666666)	(44.0, 52.00000000000009)	(45.0, 286.6666666666678)	(46.0, 1165.6666666666808)	(47.0, 326.66666666666555)	(48.0, 202.00000000000136)	(49.0, 453.66666666665833)	(50.0, 1346.6666666666397)	(51.0, 2444.999999999994)	(52.0, 4144.666666667367)	(53.0, 2570.3333333333844)	(54.0, 2425.9999999999854)	(55.0, 3973.000000000689)	(56.0, 1088.6666666666983)	(57.0, 884.333333333364)	(58.0, 383.6666666666623)	(59.0, 113.3333333333328)	(60.0, 73.33333333333337)	(61.0, 110.33333333333285)	(62.0, 71.3333333333334)	(63.0, 39.333333333333336)	(64.0, 19.0)	(65.0, 5.999999999999998)	(66.0, 2.6666666666666665)	(67.0, 3.3333333333333335)	(68.0, 3.666666666666667)	(69.0, 7.33333333333333)	(70.0, 18.666666666666668)	(71.0, 15.000000000000009)	(72.0, 5.999999999999998)	(73.0, 4.999999999999999)	(74.0, 3.3333333333333335)	(75.0, 1.9999999999999998)	(76.0, 0.6666666666666666)	(77.0, 0.0)	(78.0, 0.0)	(79.0, 0.0)	(80.0, 0.0)	(81.0, 0.0)	(82.0, 0.0)	(83.0, 0.0)	(84.0, 0.0)	(85.0, 0.0)	(86.0, 0.0)	(87.0, 0.0)	(88.0, 0.0)	(89.0, 0.0)	(90.0, 0.0)	(91.0, 0.0)	(92.0, 0.0)	(93.0, 0.0)	(94.0, 0.0)	(95.0, 0.0)	(96.0, 0.0)	(97.0, 0.0)	(98.0, 0.0)	(99.0, 0.0)	(100.0, 0.0)
SRR19621164_2	(0.0, 0.0)	(1.0, 0.0)	(2.0, 0.0)	(3.0, 0.0)	(4.0, 0.0)	(5.0, 0.0)	(6.0, 0.0)	(7.0, 0.0)	(8.0, 0.0)	(9.0, 0.0)	(10.0, 0.0)	(11.0, 0.0)	(12.0, 0.0)	(13.0, 0.0)	(14.0, 0.0)	(15.0, 0.0)	(16.0, 0.0)	(17.0, 0.0)	(18.0, 0.0)	(19.0, 0.0)	(20.0, 0.0)	(21.0, 0.0)	(22.0, 0.0)	(23.0, 0.0)	(24.0, 0.0)	(25.0, 0.0)	(26.0, 0.0)	(27.0, 0.0)	(28.0, 0.0)	(29.0, 0.0)	(30.0, 0.0)	(31.0, 0.0)	(32.0, 0.0)	(33.0, 0.3333333333333333)	(34.0, 0.0)	(35.0, 0.0)	(36.0, 0.3333333333333333)	(37.0, 0.3333333333333333)	(38.0, 2.5)	(39.0, 7.999999999999997)	(40.0, 15.166666666666675)	(41.0, 20.999999999999993)	(42.0, 32.333333333333286)	(43.0, 47.00000000000006)	(44.0, 90.16666666666647)	(45.0, 287.00000000000114)	(46.0, 210.5000000000016)	(47.0, 906.0000000000332)	(48.0, 370.33333333332973)	(49.0, 289.1666666666677)	(50.0, 398.33333333332814)	(51.0, 1139.166666666687)	(52.0, 2473.5000000000073)	(53.0, 2372.166666666628)	(54.0, 2705.6666666667793)	(55.0, 3120.3333333336345)	(56.0, 3708.0000000005684)	(57.0, 3027.6666666669257)	(58.0, 640.3333333333362)	(59.0, 654.0000000000044)	(60.0, 277.333333333335)	(61.0, 179.0000000000007)	(62.0, 53.0000000000001)	(63.0, 46.333333333333385)	(64.0, 110.33333333333285)	(65.0, 44.66666666666671)	(66.0, 10.333333333333334)	(67.0, 3.666666666666667)	(68.0, 4.333333333333333)	(69.0, 3.3333333333333335)	(70.0, 1.3333333333333333)	(71.0, 2.333333333333333)	(72.0, 11.000000000000002)	(73.0, 30.333333333333293)	(74.0, 8.33333333333333)	(75.0, 1.0)	(76.0, 0.0)	(77.0, 0.0)	(78.0, 0.0)	(79.0, 0.0)	(80.0, 0.0)	(81.0, 0.3333333333333333)	(82.0, 0.3333333333333333)	(83.0, 0.0)	(84.0, 0.0)	(85.0, 0.3333333333333333)	(86.0, 0.3333333333333333)	(87.0, 0.0)	(88.0, 0.0)	(89.0, 0.0)	(90.0, 0.0)	(91.0, 0.0)	(92.0, 0.0)	(93.0, 0.0)	(94.0, 0.0)	(95.0, 0.0)	(96.0, 0.6666666666666666)	(97.0, 0.3333333333333333)	(98.0, 0.0)	(99.0, 0.0)	(100.0, 0.0)
SRR19621165_1	(0.0, 0.0)	(1.0, 0.0)	(2.0, 0.0)	(3.0, 0.0)	(4.0, 0.0)	(5.0, 0.0)	(6.0, 0.0)	(7.0, 0.0)	(8.0, 0.0)	(9.0, 0.0)	(10.0, 0.0)	(11.0, 0.0)	(12.0, 0.0)	(13.0, 0.0)	(14.0, 0.0)	(15.0, 0.0)	(16.0, 0.0)	(17.0, 0.0)	(18.0, 0.0)	(19.0, 0.0)	(20.0, 0.0)	(21.0, 0.0)	(22.0, 0.0)	(23.0, 0.0)	(24.0, 0.0)	(25.0, 0.0)	(26.0, 0.0)	(27.0, 0.0)	(28.0, 0.0)	(29.0, 0.0)	(30.0, 0.0)	(31.0, 0.0)	(32.0, 0.0)	(33.0, 0.0)	(34.0, 0.0)	(35.0, 0.3333333333333333)	(36.0, 1.3333333333333333)	(37.0, 1.3333333333333333)	(38.0, 1.6666666666666665)	(39.0, 7.9999999999999964)	(40.0, 25.999999999999975)	(41.0, 33.33333333333329)	(42.0, 44.66666666666671)	(43.0, 65.00000000000016)	(44.0, 76.33333333333333)	(45.0, 153.33333333333331)	(46.0, 975.0000000000409)	(47.0, 1841.3333333331939)	(48.0, 1431.6666666666204)	(49.0, 3886.333333333983)	(50.0, 3727.666666667244)	(51.0, 3232.666666667019)	(52.0, 3689.3333333338933)	(53.0, 4266.00000000059)	(54.0, 4241.333333333946)	(55.0, 1978.666666666496)	(56.0, 413.9999999999939)	(57.0, 1193.6666666666745)	(58.0, 1139.3333333333535)	(59.0, 198.66666666666794)	(60.0, 57.333333333333464)	(61.0, 29.66666666666663)	(62.0, 12.000000000000004)	(63.0, 9.666666666666666)	(64.0, 16.00000000000001)	(65.0, 14.333333333333341)	(66.0, 5.666666666666665)	(67.0, 4.666666666666666)	(68.0, 3.0)	(69.0, 2.333333333333333)	(70.0, 1.6666666666666665)	(71.0, 7.9999999999999964)	(72.0, 8.666666666666664)	(73.0, 4.0)	(74.0, 1.3333333333333333)	(75.0, 0.6666666666666666)	(76.0, 0.3333333333333333)	(77.0, 0.0)	(78.0, 0.0)	(79.0, 0.0)	(80.0, 0.0)	(81.0, 0.0)	(82.0, 0.0)	(83.0, 0.0)	(84.0, 0.0)	(85.0, 0.0)	(86.0, 0.0)	(87.0, 0.0)	(88.0, 0.0)	(89.0, 0.0)	(90.0, 0.0)	(91.0, 0.0)	(92.0, 0.0)	(93.0, 0.0)	(94.0, 0.0)	(95.0, 0.0)	(96.0, 0.0)	(97.0, 0.0)	(98.0, 0.0)	(99.0, 0.0)	(100.0, 0.0)
SRR19621165_2	(0.0, 0.0)	(1.0, 0.0)	(2.0, 0.0)	(3.0, 0.0)	(4.0, 0.0)	(5.0, 0.0)	(6.0, 0.0)	(7.0, 0.0)	(8.0, 0.0)	(9.0, 0.0)	(10.0, 0.0)	(11.0, 0.0)	(12.0, 0.0)	(13.0, 0.0)	(14.0, 0.0)	(15.0, 0.0)	(16.0, 0.0)	(17.0, 0.0)	(18.0, 0.0)	(19.0, 0.0)	(20.0, 0.0)	(21.0, 0.0)	(22.0, 0.0)	(23.0, 0.0)	(24.0, 0.0)	(25.0, 0.0)	(26.0, 0.0)	(27.0, 0.0)	(28.0, 0.0)	(29.0, 0.0)	(30.0, 0.0)	(31.0, 0.0)	(32.0, 0.0)	(33.0, 0.0)	(34.0, 0.0)	(35.0, 0.0)	(36.0, 1.1666666666666665)	(37.0, 3.166666666666667)	(38.0, 5.499999999999999)	(39.0, 13.33333333333334)	(40.0, 30.166666666666625)	(41.0, 44.50000000000004)	(42.0, 51.833333333333435)	(43.0, 68.16666666666679)	(44.0, 82.33333333333326)	(45.0, 112.83333333333283)	(46.0, 364.1666666666634)	(47.0, 1778.9999999998747)	(48.0, 1794.3333333332046)	(49.0, 3925.3333333340006)	(50.0, 1718.1666666665553)	(51.0, 1745.4999999998824)	(52.0, 2556.5000000000446)	(53.0, 3371.666666667082)	(54.0, 3913.333333333995)	(55.0, 3988.3333333340292)	(56.0, 2367.333333333292)	(57.0, 587.9999999999969)	(58.0, 170.3333333333338)	(59.0, 166.66666666666703)	(60.0, 1017.3333333333791)	(61.0, 1153.3333333333503)	(62.0, 204.6666666666681)	(63.0, 61.000000000000156)	(64.0, 31.66666666666662)	(65.0, 10.333333333333334)	(66.0, 8.999999999999998)	(67.0, 21.333333333333325)	(68.0, 10.666666666666668)	(69.0, 4.333333333333333)	(70.0, 1.9999999999999998)	(71.0, 1.3333333333333333)	(72.0, 2.333333333333333)	(73.0, 2.333333333333333)	(74.0, 3.3333333333333335)	(75.0, 13.000000000000005)	(76.0, 11.333333333333336)	(77.0, 0.3333333333333333)	(78.0, 0.0)	(79.0, 0.0)	(80.0, 0.3333333333333333)	(81.0, 0.3333333333333333)	(82.0, 0.3333333333333333)	(83.0, 0.0)	(84.0, 0.0)	(85.0, 0.0)	(86.0, 0.0)	(87.0, 0.3333333333333333)	(88.0, 0.0)	(89.0, 0.0)	(90.0, 0.0)	(91.0, 0.0)	(92.0, 0.0)	(93.0, 0.0)	(94.0, 0.0)	(95.0, 0.6666666666666666)	(96.0, 0.6666666666666666)	(97.0, 0.0)	(98.0, 0.0)	(99.0, 0.3333333333333333)	(100.0, 0.5)
SRR19621166_1	(0.0, 0.0)	(1.0, 0.0)	(2.0, 0.0)	(3.0, 0.0)	(4.0, 0.0)	(5.0, 0.0)	(6.0, 0.0)	(7.0, 0.0)	(8.0, 0.0)	(9.0, 0.0)	(10.0, 0.0)	(11.0, 0.0)	(12.0, 0.0)	(13.0, 0.0)	(14.0, 0.0)	(15.0, 0.0)	(16.0, 0.0)	(17.0, 0.0)	(18.0, 0.0)	(19.0, 0.0)	(20.0, 0.0)	(21.0, 0.0)	(22.0, 0.0)	(23.0, 0.0)	(24.0, 0.0)	(25.0, 0.0)	(26.0, 0.0)	(27.0, 0.0)	(28.0, 0.0)	(29.0, 0.0)	(30.0, 0.0)	(31.0, 0.0)	(32.0, 0.0)	(33.0, 0.0)	(34.0, 0.0)	(35.0, 0.0)	(36.0, 0.6666666666666666)	(37.0, 1.0)	(38.0, 2.333333333333333)	(39.0, 9.333333333333332)	(40.0, 18.666666666666668)	(41.0, 21.99999999999999)	(42.0, 33.66666666666663)	(43.0, 39.333333333333336)	(44.0, 60.66666666666682)	(45.0, 221.0000000000019)	(46.0, 1925.666666666508)	(47.0, 3528.33333333382)	(48.0, 2295.666666666593)	(49.0, 1710.666666666557)	(50.0, 1184.3333333333433)	(51.0, 2091.3333333331666)	(52.0, 3715.333333333905)	(53.0, 4486.666666667056)	(54.0, 2909.000000000205)	(55.0, 1404.3333333332932)	(56.0, 268.0000000000022)	(57.0, 674.6666666666734)	(58.0, 870.000000000029)	(59.0, 325.3333333333323)	(60.0, 57.333333333333464)	(61.0, 28.999999999999964)	(62.0, 14.666666666666675)	(63.0, 10.333333333333334)	(64.0, 19.666666666666664)	(65.0, 21.666666666666657)	(66.0, 6.666666666666664)	(67.0, 4.666666666666666)	(68.0, 2.6666666666666665)	(69.0, 1.6666666666666665)	(70.0, 1.0)	(71.0, 4.0)	(72.0, 3.3333333333333335)	(73.0, 1.9999999999999998)	(74.0, 1.3333333333333333)	(75.0, 1.0)	(76.0, 0.6666666666666666)	(77.0, 0.3333333333333333)	(78.0, 0.0)	(79.0, 0.0)	(80.0, 0.0)	(81.0, 0.3333333333333333)	(82.0, 0.0)	(83.0, 0.0)	(84.0, 0.0)	(85.0, 0.0)	(86.0, 0.0)	(87.0, 0.0)	(88.0, 0.0)	(89.0, 0.0)	(90.0, 0.0)	(91.0, 0.0)	(92.0, 0.0)	(93.0, 0.0)	(94.0, 0.0)	(95.0, 0.0)	(96.0, 0.0)	(97.0, 0.0)	(98.0, 0.0)	(99.0, 0.3333333333333333)	(100.0, 0.0)
SRR19621166_2	(0.0, 0.0)	(1.0, 0.0)	(2.0, 0.0)	(3.0, 0.0)	(4.0, 0.0)	(5.0, 0.0)	(6.0, 0.0)	(7.0, 0.0)	(8.0, 0.0)	(9.0, 0.0)	(10.0, 0.0)	(11.0, 0.0)	(12.0, 0.0)	(13.0, 0.0)	(14.0, 0.0)	(15.0, 0.0)	(16.0, 0.0)	(17.0, 0.0)	(18.0, 0.0)	(19.0, 0.0)	(20.0, 0.0)	(21.0, 0.0)	(22.0, 0.0)	(23.0, 0.0)	(24.0, 0.0)	(25.0, 0.0)	(26.0, 0.0)	(27.0, 0.0)	(28.0, 0.0)	(29.0, 0.0)	(30.0, 0.0)	(31.0, 0.3333333333333333)	(32.0, 0.3333333333333333)	(33.0, 0.6666666666666666)	(34.0, 0.6666666666666666)	(35.0, 0.0)	(36.0, 1.3333333333333333)	(37.0, 4.0)	(38.0, 3.8333333333333335)	(39.0, 9.166666666666666)	(40.0, 21.333333333333325)	(41.0, 36.333333333333314)	(42.0, 35.33333333333331)	(43.0, 48.16666666666673)	(44.0, 65.16666666666683)	(45.0, 130.166666666666)	(46.0, 670.3333333333396)	(47.0, 3477.000000000463)	(48.0, 3011.6666666669184)	(49.0, 1449.1666666666165)	(50.0, 784.5000000000193)	(51.0, 1137.833333333354)	(52.0, 1645.999999999905)	(53.0, 3407.6666666670985)	(54.0, 4310.333333333883)	(55.0, 2779.83333333348)	(56.0, 1785.4999999998734)	(57.0, 480.8333333333235)	(58.0, 121.83333333333269)	(59.0, 97.33333333333303)	(60.0, 551.3333333333261)	(61.0, 740.3333333333476)	(62.0, 366.9999999999966)	(63.0, 96.33333333333304)	(64.0, 30.999999999999957)	(65.0, 15.333333333333343)	(66.0, 12.666666666666671)	(67.0, 22.33333333333332)	(68.0, 8.999999999999998)	(69.0, 5.333333333333332)	(70.0, 3.0)	(71.0, 1.9999999999999998)	(72.0, 1.0)	(73.0, 0.3333333333333333)	(74.0, 1.6666666666666665)	(75.0, 5.333333333333332)	(76.0, 5.333333333333332)	(77.0, 1.3333333333333333)	(78.0, 0.0)	(79.0, 0.6666666666666666)	(80.0, 0.6666666666666666)	(81.0, 0.3333333333333333)	(82.0, 0.3333333333333333)	(83.0, 0.3333333333333333)	(84.0, 0.0)	(85.0, 0.0)	(86.0, 0.0)	(87.0, 0.3333333333333333)	(88.0, 0.3333333333333333)	(89.0, 0.0)	(90.0, 0.3333333333333333)	(91.0, 0.3333333333333333)	(92.0, 0.3333333333333333)	(93.0, 0.3333333333333333)	(94.0, 0.0)	(95.0, 0.0)	(96.0, 0.0)	(97.0, 0.0)	(98.0, 0.3333333333333333)	(99.0, 0.0)	(100.0, 1.5)
SRR19621167_1	(0.0, 0.0)	(1.0, 0.0)	(2.0, 0.0)	(3.0, 0.0)	(4.0, 0.0)	(5.0, 0.0)	(6.0, 0.0)	(7.0, 0.0)	(8.0, 0.0)	(9.0, 0.0)	(10.0, 0.0)	(11.0, 0.0)	(12.0, 0.0)	(13.0, 0.0)	(14.0, 0.0)	(15.0, 0.0)	(16.0, 0.0)	(17.0, 0.0)	(18.0, 0.0)	(19.0, 0.0)	(20.0, 0.0)	(21.0, 0.0)	(22.0, 0.0)	(23.0, 0.0)	(24.0, 0.0)	(25.0, 0.0)	(26.0, 0.0)	(27.0, 0.0)	(28.0, 0.0)	(29.0, 0.0)	(30.0, 0.0)	(31.0, 0.0)	(32.0, 0.0)	(33.0, 0.0)	(34.0, 0.0)	(35.0, 0.0)	(36.0, 0.6666666666666666)	(37.0, 1.9999999999999998)	(38.0, 3.3333333333333335)	(39.0, 7.666666666666663)	(40.0, 18.333333333333336)	(41.0, 21.333333333333325)	(42.0, 25.33333333333331)	(43.0, 39.333333333333336)	(44.0, 41.33333333333335)	(45.0, 94.33333333333307)	(46.0, 885.6666666666974)	(47.0, 1741.3333333332166)	(48.0, 1801.9999999998695)	(49.0, 2116.6666666665114)	(50.0, 2483.333333333345)	(51.0, 3053.333333333604)	(52.0, 2502.3333333333535)	(53.0, 3099.6666666669585)	(54.0, 2836.000000000172)	(55.0, 1325.6666666666445)	(56.0, 226.3333333333354)	(57.0, 422.6666666666601)	(58.0, 660.0000000000051)	(59.0, 319.66666666666595)	(60.0, 51.000000000000085)	(61.0, 21.333333333333325)	(62.0, 6.999999999999997)	(63.0, 3.666666666666667)	(64.0, 13.33333333333334)	(65.0, 9.666666666666666)	(66.0, 4.0)	(67.0, 0.6666666666666666)	(68.0, 0.3333333333333333)	(69.0, 1.0)	(70.0, 1.0)	(71.0, 3.0)	(72.0, 1.3333333333333333)	(73.0, 1.0)	(74.0, 1.0)	(75.0, 0.6666666666666666)	(76.0, 0.0)	(77.0, 0.0)	(78.0, 0.0)	(79.0, 0.0)	(80.0, 0.0)	(81.0, 0.0)	(82.0, 0.0)	(83.0, 0.0)	(84.0, 0.0)	(85.0, 0.0)	(86.0, 0.0)	(87.0, 0.0)	(88.0, 0.0)	(89.0, 0.0)	(90.0, 0.0)	(91.0, 0.0)	(92.0, 0.0)	(93.0, 0.0)	(94.0, 0.0)	(95.0, 0.0)	(96.0, 0.0)	(97.0, 0.0)	(98.0, 0.0)	(99.0, 0.3333333333333333)	(100.0, 0.5)
SRR19621167_2	(0.0, 0.0)	(1.0, 0.0)	(2.0, 0.0)	(3.0, 0.0)	(4.0, 0.0)	(5.0, 0.0)	(6.0, 0.0)	(7.0, 0.0)	(8.0, 0.0)	(9.0, 0.0)	(10.0, 0.0)	(11.0, 0.0)	(12.0, 0.0)	(13.0, 0.0)	(14.0, 0.0)	(15.0, 0.0)	(16.0, 0.0)	(17.0, 0.0)	(18.0, 0.0)	(19.0, 0.0)	(20.0, 0.0)	(21.0, 0.0)	(22.0, 0.0)	(23.0, 0.0)	(24.0, 0.0)	(25.0, 0.0)	(26.0, 0.0)	(27.0, 0.0)	(28.0, 0.0)	(29.0, 0.0)	(30.0, 0.0)	(31.0, 0.0)	(32.0, 0.0)	(33.0, 0.0)	(34.0, 0.0)	(35.0, 0.0)	(36.0, 0.3333333333333333)	(37.0, 1.0)	(38.0, 3.8333333333333335)	(39.0, 10.833333333333334)	(40.0, 20.999999999999993)	(41.0, 24.666666666666647)	(42.0, 31.66666666666662)	(43.0, 35.99999999999998)	(44.0, 55.33333333333345)	(45.0, 95.83333333333306)	(46.0, 320.8333333333326)	(47.0, 1653.3333333332366)	(48.0, 2277.8333333332516)	(49.0, 1679.9999999998972)	(50.0, 1134.8333333333546)	(51.0, 2045.9999999998142)	(52.0, 2006.8333333331566)	(53.0, 2409.1666666666447)	(54.0, 2706.8333333334467)	(55.0, 2361.3333333332894)	(56.0, 1880.1666666665185)	(57.0, 496.6666666666559)	(58.0, 100.99999999999964)	(59.0, 61.000000000000156)	(60.0, 313.9999999999996)	(61.0, 486.66666666665645)	(62.0, 358.66666666666373)	(63.0, 91.99999999999977)	(64.0, 21.666666666666657)	(65.0, 9.333333333333332)	(66.0, 6.999999999999997)	(67.0, 14.000000000000007)	(68.0, 5.333333333333332)	(69.0, 1.9999999999999998)	(70.0, 1.3333333333333333)	(71.0, 0.0)	(72.0, 0.6666666666666666)	(73.0, 0.0)	(74.0, 0.3333333333333333)	(75.0, 4.0)	(76.0, 3.0)	(77.0, 0.0)	(78.0, 0.0)	(79.0, 0.0)	(80.0, 0.0)	(81.0, 0.0)	(82.0, 0.0)	(83.0, 0.0)	(84.0, 0.0)	(85.0, 0.0)	(86.0, 0.0)	(87.0, 0.0)	(88.0, 0.0)	(89.0, 0.0)	(90.0, 0.0)	(91.0, 0.0)	(92.0, 0.0)	(93.0, 0.0)	(94.0, 0.0)	(95.0, 0.0)	(96.0, 0.0)	(97.0, 0.0)	(98.0, 0.0)	(99.0, 0.0)	(100.0, 1.0)
SRR19621168_1	(0.0, 0.0)	(1.0, 0.0)	(2.0, 0.0)	(3.0, 0.0)	(4.0, 0.0)	(5.0, 0.0)	(6.0, 0.0)	(7.0, 0.0)	(8.0, 0.0)	(9.0, 0.0)	(10.0, 0.0)	(11.0, 0.0)	(12.0, 0.0)	(13.0, 0.0)	(14.0, 0.0)	(15.0, 0.0)	(16.0, 0.0)	(17.0, 0.0)	(18.0, 0.0)	(19.0, 0.0)	(20.0, 0.0)	(21.0, 0.0)	(22.0, 0.0)	(23.0, 0.0)	(24.0, 0.0)	(25.0, 0.0)	(26.0, 0.0)	(27.0, 0.0)	(28.0, 0.0)	(29.0, 0.0)	(30.0, 0.0)	(31.0, 0.0)	(32.0, 0.0)	(33.0, 0.0)	(34.0, 0.0)	(35.0, 0.0)	(36.0, 1.0)	(37.0, 1.6666666666666665)	(38.0, 1.3333333333333333)	(39.0, 6.999999999999997)	(40.0, 8.33333333333333)	(41.0, 17.66666666666667)	(42.0, 24.666666666666647)	(43.0, 33.999999999999964)	(44.0, 45.666666666666714)	(45.0, 257.66666666666947)	(46.0, 995.3333333333766)	(47.0, 689.6666666666752)	(48.0, 619.0000000000005)	(49.0, 933.0000000000362)	(50.0, 3143.6666666669785)	(51.0, 3018.6666666669216)	(52.0, 3157.3333333336514)	(53.0, 3283.000000000375)	(54.0, 3235.333333333687)	(55.0, 3726.0000000005766)	(56.0, 1026.3333333333792)	(57.0, 326.99999999999886)	(58.0, 167.66666666666706)	(59.0, 69.33333333333343)	(60.0, 19.666666666666664)	(61.0, 12.333333333333337)	(62.0, 8.666666666666664)	(63.0, 19.999999999999996)	(64.0, 60.333333333333485)	(65.0, 25.999999999999975)	(66.0, 8.999999999999998)	(67.0, 9.666666666666666)	(68.0, 52.666666666666764)	(69.0, 140.33333333333294)	(70.0, 20.66666666666666)	(71.0, 6.333333333333331)	(72.0, 3.666666666666667)	(73.0, 4.0)	(74.0, 1.0)	(75.0, 0.6666666666666666)	(76.0, 0.0)	(77.0, 0.3333333333333333)	(78.0, 0.3333333333333333)	(79.0, 0.0)	(80.0, 0.0)	(81.0, 0.0)	(82.0, 0.0)	(83.0, 0.0)	(84.0, 0.0)	(85.0, 0.0)	(86.0, 0.0)	(87.0, 0.0)	(88.0, 0.0)	(89.0, 0.0)	(90.0, 0.0)	(91.0, 0.0)	(92.0, 0.0)	(93.0, 0.0)	(94.0, 0.0)	(95.0, 0.0)	(96.0, 0.0)	(97.0, 0.0)	(98.0, 0.0)	(99.0, 0.0)	(100.0, 0.0)
SRR19621168_2	(0.0, 0.0)	(1.0, 0.0)	(2.0, 0.0)	(3.0, 0.0)	(4.0, 0.0)	(5.0, 0.0)	(6.0, 0.0)	(7.0, 0.0)	(8.0, 0.0)	(9.0, 0.0)	(10.0, 0.0)	(11.0, 0.0)	(12.0, 0.0)	(13.0, 0.0)	(14.0, 0.0)	(15.0, 0.0)	(16.0, 0.0)	(17.0, 0.0)	(18.0, 0.0)	(19.0, 0.0)	(20.0, 0.0)	(21.0, 0.0)	(22.0, 0.0)	(23.0, 0.0)	(24.0, 0.0)	(25.0, 0.0)	(26.0, 0.0)	(27.0, 0.0)	(28.0, 0.0)	(29.0, 0.0)	(30.0, 0.0)	(31.0, 0.0)	(32.0, 0.0)	(33.0, 0.0)	(34.0, 0.5)	(35.0, 0.8333333333333333)	(36.0, 1.1666666666666665)	(37.0, 1.4999999999999998)	(38.0, 2.333333333333333)	(39.0, 8.166666666666664)	(40.0, 17.83333333333334)	(41.0, 20.499999999999996)	(42.0, 23.499999999999982)	(43.0, 33.8333333333333)	(44.0, 60.50000000000015)	(45.0, 121.3333333333327)	(46.0, 617.666666666667)	(47.0, 660.8333333333386)	(48.0, 803.1666666666881)	(49.0, 764.1666666666837)	(50.0, 1588.4999999999181)	(51.0, 2806.666666666825)	(52.0, 2703.0000000001114)	(53.0, 3201.666666667005)	(54.0, 2855.333333333514)	(55.0, 2849.000000000178)	(56.0, 3522.666666667151)	(57.0, 2601.000000000065)	(58.0, 648.3333333333371)	(59.0, 161.0000000000002)	(60.0, 87.99999999999983)	(61.0, 141.66666666666632)	(62.0, 78.99999999999996)	(63.0, 26.99999999999997)	(64.0, 12.666666666666671)	(65.0, 11.66666666666667)	(66.0, 47.33333333333339)	(67.0, 56.33333333333346)	(68.0, 18.000000000000004)	(69.0, 11.333333333333336)	(70.0, 11.000000000000002)	(71.0, 30.333333333333293)	(72.0, 125.99999999999929)	(73.0, 31.33333333333329)	(74.0, 5.333333333333332)	(75.0, 4.999999999999999)	(76.0, 3.666666666666667)	(77.0, 1.0)	(78.0, 0.6666666666666666)	(79.0, 0.3333333333333333)	(80.0, 0.0)	(81.0, 0.0)	(82.0, 0.0)	(83.0, 0.0)	(84.0, 0.3333333333333333)	(85.0, 0.3333333333333333)	(86.0, 0.0)	(87.0, 0.0)	(88.0, 0.0)	(89.0, 0.0)	(90.0, 0.0)	(91.0, 0.0)	(92.0, 0.0)	(93.0, 0.0)	(94.0, 0.0)	(95.0, 0.0)	(96.0, 0.0)	(97.0, 0.0)	(98.0, 0.3333333333333333)	(99.0, 0.0)	(100.0, 0.0)
SRR19621169_1	(0.0, 0.0)	(1.0, 0.0)	(2.0, 0.0)	(3.0, 0.0)	(4.0, 0.0)	(5.0, 0.0)	(6.0, 0.0)	(7.0, 0.0)	(8.0, 0.0)	(9.0, 0.0)	(10.0, 0.0)	(11.0, 0.0)	(12.0, 0.0)	(13.0, 0.0)	(14.0, 0.0)	(15.0, 0.0)	(16.0, 0.0)	(17.0, 0.0)	(18.0, 0.0)	(19.0, 0.0)	(20.0, 0.0)	(21.0, 0.0)	(22.0, 0.0)	(23.0, 0.0)	(24.0, 0.0)	(25.0, 0.0)	(26.0, 0.0)	(27.0, 0.0)	(28.0, 0.0)	(29.0, 0.0)	(30.0, 0.0)	(31.0, 0.0)	(32.0, 0.0)	(33.0, 0.0)	(34.0, 0.0)	(35.0, 0.3333333333333333)	(36.0, 0.3333333333333333)	(37.0, 0.6666666666666666)	(38.0, 3.666666666666667)	(39.0, 6.333333333333331)	(40.0, 13.000000000000005)	(41.0, 20.33333333333333)	(42.0, 23.66666666666665)	(43.0, 36.66666666666665)	(44.0, 74.00000000000003)	(45.0, 242.6666666666692)	(46.0, 959.0000000000391)	(47.0, 565.9999999999944)	(48.0, 704.3333333333435)	(49.0, 1042.3333333333755)	(50.0, 3293.0000000003797)	(51.0, 3346.3333333337373)	(52.0, 3044.6666666669335)	(53.0, 2902.666666666869)	(54.0, 3240.333333333689)	(55.0, 3025.666666666925)	(56.0, 610.3333333333328)	(57.0, 485.9999999999898)	(58.0, 405.66666666666106)	(59.0, 115.33333333333277)	(60.0, 31.999999999999954)	(61.0, 13.000000000000005)	(62.0, 10.0)	(63.0, 24.99999999999998)	(64.0, 65.66666666666681)	(65.0, 23.333333333333318)	(66.0, 10.0)	(67.0, 11.000000000000002)	(68.0, 45.33333333333338)	(69.0, 153.33333333333331)	(70.0, 19.999999999999996)	(71.0, 4.333333333333333)	(72.0, 1.3333333333333333)	(73.0, 1.6666666666666665)	(74.0, 1.0)	(75.0, 0.3333333333333333)	(76.0, 0.0)	(77.0, 0.0)	(78.0, 0.0)	(79.0, 0.0)	(80.0, 0.0)	(81.0, 0.0)	(82.0, 0.0)	(83.0, 0.0)	(84.0, 0.0)	(85.0, 0.0)	(86.0, 0.0)	(87.0, 0.0)	(88.0, 0.0)	(89.0, 0.0)	(90.0, 0.0)	(91.0, 0.0)	(92.0, 0.0)	(93.0, 0.0)	(94.0, 0.0)	(95.0, 0.0)	(96.0, 0.0)	(97.0, 0.0)	(98.0, 0.0)	(99.0, 0.0)	(100.0, 0.0)
SRR19621169_2	(0.0, 0.0)	(1.0, 0.0)	(2.0, 0.0)	(3.0, 0.0)	(4.0, 0.0)	(5.0, 0.0)	(6.0, 0.0)	(7.0, 0.0)	(8.0, 0.0)	(9.0, 0.0)	(10.0, 0.0)	(11.0, 0.0)	(12.0, 0.0)	(13.0, 0.0)	(14.0, 0.0)	(15.0, 0.0)	(16.0, 0.0)	(17.0, 0.0)	(18.0, 0.0)	(19.0, 0.0)	(20.0, 0.0)	(21.0, 0.0)	(22.0, 0.0)	(23.0, 0.0)	(24.0, 0.0)	(25.0, 0.0)	(26.0, 0.0)	(27.0, 0.0)	(28.0, 0.0)	(29.0, 0.0)	(30.0, 0.0)	(31.0, 0.0)	(32.0, 0.0)	(33.0, 0.0)	(34.0, 0.0)	(35.0, 0.3333333333333333)	(36.0, 0.6666666666666666)	(37.0, 1.9999999999999998)	(38.0, 1.9999999999999998)	(39.0, 4.333333333333333)	(40.0, 14.333333333333341)	(41.0, 26.499999999999975)	(42.0, 30.833333333333297)	(43.0, 34.16666666666664)	(44.0, 64.50000000000017)	(45.0, 130.666666666666)	(46.0, 598.4999999999982)	(47.0, 619.1666666666671)	(48.0, 869.0000000000289)	(49.0, 883.0000000000305)	(50.0, 1837.666666666528)	(51.0, 2900.666666666868)	(52.0, 2565.333333333382)	(53.0, 2983.333333333572)	(54.0, 2456.3333333333326)	(55.0, 2568.00000000005)	(56.0, 3416.0000000004356)	(57.0, 2141.9999999998563)	(58.0, 284.0000000000013)	(59.0, 84.33333333333321)	(60.0, 151.99999999999994)	(61.0, 419.66666666666026)	(62.0, 180.66666666666742)	(63.0, 39.0)	(64.0, 16.00000000000001)	(65.0, 11.66666666666667)	(66.0, 53.333333333333435)	(67.0, 61.66666666666683)	(68.0, 14.000000000000007)	(69.0, 8.33333333333333)	(70.0, 10.666666666666668)	(71.0, 31.33333333333329)	(72.0, 134.99999999999946)	(73.0, 26.99999999999997)	(74.0, 5.333333333333332)	(75.0, 3.0)	(76.0, 1.9999999999999998)	(77.0, 1.0)	(78.0, 0.6666666666666666)	(79.0, 0.3333333333333333)	(80.0, 0.0)	(81.0, 0.0)	(82.0, 0.0)	(83.0, 0.0)	(84.0, 0.0)	(85.0, 0.0)	(86.0, 0.0)	(87.0, 0.0)	(88.0, 0.0)	(89.0, 0.0)	(90.0, 0.0)	(91.0, 0.0)	(92.0, 0.0)	(93.0, 0.0)	(94.0, 0.0)	(95.0, 0.0)	(96.0, 0.0)	(97.0, 0.3333333333333333)	(98.0, 0.3333333333333333)	(99.0, 0.0)	(100.0, 0.5)
SRR19621170_1	(0.0, 0.0)	(1.0, 0.0)	(2.0, 0.0)	(3.0, 0.0)	(4.0, 0.0)	(5.0, 0.0)	(6.0, 0.0)	(7.0, 0.0)	(8.0, 0.0)	(9.0, 0.0)	(10.0, 0.0)	(11.0, 0.0)	(12.0, 0.0)	(13.0, 0.0)	(14.0, 0.0)	(15.0, 0.0)	(16.0, 0.0)	(17.0, 0.0)	(18.0, 0.0)	(19.0, 0.0)	(20.0, 0.0)	(21.0, 0.0)	(22.0, 0.0)	(23.0, 0.0)	(24.0, 0.0)	(25.0, 0.0)	(26.0, 0.0)	(27.0, 0.0)	(28.0, 0.0)	(29.0, 0.0)	(30.0, 0.0)	(31.0, 0.0)	(32.0, 0.0)	(33.0, 0.0)	(34.0, 0.0)	(35.0, 0.0)	(36.0, 0.6666666666666666)	(37.0, 1.3333333333333333)	(38.0, 4.0)	(39.0, 9.666666666666666)	(40.0, 23.333333333333318)	(41.0, 29.66666666666663)	(42.0, 36.66666666666665)	(43.0, 55.33333333333345)	(44.0, 88.66666666666649)	(45.0, 173.00000000000054)	(46.0, 610.3333333333328)	(47.0, 582.9999999999964)	(48.0, 1142.666666666686)	(49.0, 1618.6666666665778)	(50.0, 3221.000000000347)	(51.0, 3873.6666666673104)	(52.0, 4777.3333333334585)	(53.0, 4600.666666666953)	(54.0, 3793.000000000607)	(55.0, 2307.333333333265)	(56.0, 658.6666666666716)	(57.0, 1240.6666666666638)	(58.0, 1137.6666666666872)	(59.0, 226.66666666666873)	(60.0, 73.33333333333337)	(61.0, 26.99999999999997)	(62.0, 14.333333333333341)	(63.0, 20.66666666666666)	(64.0, 57.333333333333464)	(65.0, 28.3333333333333)	(66.0, 11.333333333333336)	(67.0, 26.66666666666664)	(68.0, 101.99999999999963)	(69.0, 304.6666666666668)	(70.0, 45.33333333333338)	(71.0, 9.333333333333332)	(72.0, 5.666666666666665)	(73.0, 3.0)	(74.0, 1.9999999999999998)	(75.0, 1.0)	(76.0, 0.0)	(77.0, 0.0)	(78.0, 0.3333333333333333)	(79.0, 0.0)	(80.0, 0.0)	(81.0, 0.0)	(82.0, 0.0)	(83.0, 0.0)	(84.0, 0.0)	(85.0, 0.0)	(86.0, 0.0)	(87.0, 0.0)	(88.0, 0.0)	(89.0, 0.0)	(90.0, 0.0)	(91.0, 0.0)	(92.0, 0.0)	(93.0, 0.0)	(94.0, 0.0)	(95.0, 0.0)	(96.0, 0.0)	(97.0, 0.0)	(98.0, 0.0)	(99.0, 0.0)	(100.0, 0.0)
SRR19621170_2	(0.0, 0.0)	(1.0, 0.0)	(2.0, 0.0)	(3.0, 0.0)	(4.0, 0.0)	(5.0, 0.0)	(6.0, 0.0)	(7.0, 0.0)	(8.0, 0.0)	(9.0, 0.0)	(10.0, 0.0)	(11.0, 0.0)	(12.0, 0.0)	(13.0, 0.0)	(14.0, 0.0)	(15.0, 0.0)	(16.0, 0.0)	(17.0, 0.0)	(18.0, 0.0)	(19.0, 0.0)	(20.0, 0.0)	(21.0, 0.0)	(22.0, 0.0)	(23.0, 0.0)	(24.0, 0.0)	(25.0, 0.0)	(26.0, 0.0)	(27.0, 0.0)	(28.0, 0.0)	(29.0, 0.0)	(30.0, 0.0)	(31.0, 0.0)	(32.0, 0.0)	(33.0, 0.0)	(34.0, 0.3333333333333333)	(35.0, 0.3333333333333333)	(36.0, 1.3333333333333333)	(37.0, 1.9999999999999998)	(38.0, 3.833333333333334)	(39.0, 9.333333333333332)	(40.0, 28.833333333333297)	(41.0, 37.33333333333333)	(42.0, 40.16666666666668)	(43.0, 45.666666666666714)	(44.0, 87.83333333333317)	(45.0, 133.49999999999943)	(46.0, 354.66666666666396)	(47.0, 539.3333333333247)	(48.0, 1245.166666666663)	(49.0, 1439.499999999952)	(50.0, 1663.499999999901)	(51.0, 3080.833333333617)	(52.0, 3343.1666666670694)	(53.0, 4808.33333333343)	(54.0, 4006.666666667371)	(55.0, 3324.000000000394)	(56.0, 2569.333333333384)	(57.0, 1202.000000000006)	(58.0, 311.9999999999997)	(59.0, 147.99999999999983)	(60.0, 410.33333333332746)	(61.0, 1206.000000000005)	(62.0, 377.33333333332934)	(63.0, 94.6666666666664)	(64.0, 29.66666666666663)	(65.0, 23.333333333333318)	(66.0, 53.66666666666677)	(67.0, 60.00000000000015)	(68.0, 38.666666666666664)	(69.0, 23.66666666666665)	(70.0, 28.3333333333333)	(71.0, 68.66666666666677)	(72.0, 259.33333333333604)	(73.0, 47.33333333333339)	(74.0, 6.666666666666664)	(75.0, 6.333333333333331)	(76.0, 6.666666666666664)	(77.0, 1.6666666666666665)	(78.0, 0.3333333333333333)	(79.0, 1.0)	(80.0, 0.6666666666666666)	(81.0, 0.3333333333333333)	(82.0, 0.0)	(83.0, 0.0)	(84.0, 0.0)	(85.0, 0.0)	(86.0, 0.0)	(87.0, 0.0)	(88.0, 0.3333333333333333)	(89.0, 0.3333333333333333)	(90.0, 0.3333333333333333)	(91.0, 0.0)	(92.0, 0.0)	(93.0, 0.0)	(94.0, 0.0)	(95.0, 0.0)	(96.0, 0.0)	(97.0, 0.0)	(98.0, 0.0)	(99.0, 0.0)	(100.0, 0.5)
SRR19621171_1	(0.0, 0.0)	(1.0, 0.0)	(2.0, 0.0)	(3.0, 0.0)	(4.0, 0.0)	(5.0, 0.0)	(6.0, 0.0)	(7.0, 0.0)	(8.0, 0.0)	(9.0, 0.0)	(10.0, 0.0)	(11.0, 0.0)	(12.0, 0.0)	(13.0, 0.0)	(14.0, 0.0)	(15.0, 0.0)	(16.0, 0.0)	(17.0, 0.0)	(18.0, 0.0)	(19.0, 0.0)	(20.0, 0.0)	(21.0, 0.0)	(22.0, 0.0)	(23.0, 0.0)	(24.0, 0.0)	(25.0, 0.0)	(26.0, 0.0)	(27.0, 0.0)	(28.0, 0.0)	(29.0, 0.0)	(30.0, 0.0)	(31.0, 0.0)	(32.0, 0.0)	(33.0, 0.0)	(34.0, 0.0)	(35.0, 0.3333333333333333)	(36.0, 0.3333333333333333)	(37.0, 1.6666666666666665)	(38.0, 2.6666666666666665)	(39.0, 6.333333333333331)	(40.0, 15.000000000000009)	(41.0, 17.33333333333334)	(42.0, 21.99999999999999)	(43.0, 31.33333333333329)	(44.0, 67.66666666666679)	(45.0, 120.99999999999936)	(46.0, 260.6666666666693)	(47.0, 286.3333333333345)	(48.0, 751.6666666666822)	(49.0, 666.3333333333392)	(50.0, 1261.9999999999923)	(51.0, 1553.6666666665926)	(52.0, 1823.6666666665312)	(53.0, 3403.0000000004297)	(54.0, 4636.000000000254)	(55.0, 2937.666666666885)	(56.0, 567.3333333333279)	(57.0, 191.66666666666774)	(58.0, 32.99999999999996)	(59.0, 11.333333333333336)	(60.0, 7.666666666666663)	(61.0, 8.666666666666664)	(62.0, 4.999999999999999)	(63.0, 3.666666666666667)	(64.0, 9.333333333333332)	(65.0, 8.666666666666664)	(66.0, 3.0)	(67.0, 2.333333333333333)	(68.0, 13.666666666666673)	(69.0, 43.333333333333364)	(70.0, 6.333333333333331)	(71.0, 1.6666666666666665)	(72.0, 0.6666666666666666)	(73.0, 0.3333333333333333)	(74.0, 0.0)	(75.0, 0.0)	(76.0, 0.0)	(77.0, 0.0)	(78.0, 0.0)	(79.0, 0.0)	(80.0, 0.0)	(81.0, 0.0)	(82.0, 0.0)	(83.0, 0.0)	(84.0, 0.0)	(85.0, 0.0)	(86.0, 0.0)	(87.0, 0.0)	(88.0, 0.0)	(89.0, 0.0)	(90.0, 0.0)	(91.0, 0.0)	(92.0, 0.0)	(93.0, 0.0)	(94.0, 0.0)	(95.0, 0.0)	(96.0, 0.0)	(97.0, 0.0)	(98.0, 0.0)	(99.0, 0.0)	(100.0, 0.0)
SRR19621171_2	(0.0, 0.0)	(1.0, 0.0)	(2.0, 0.0)	(3.0, 0.0)	(4.0, 0.0)	(5.0, 0.0)	(6.0, 0.0)	(7.0, 0.0)	(8.0, 0.0)	(9.0, 0.0)	(10.0, 0.0)	(11.0, 0.0)	(12.0, 0.0)	(13.0, 0.0)	(14.0, 0.0)	(15.0, 0.0)	(16.0, 0.0)	(17.0, 0.0)	(18.0, 0.0)	(19.0, 0.0)	(20.0, 0.0)	(21.0, 0.0)	(22.0, 0.0)	(23.0, 0.0)	(24.0, 0.0)	(25.0, 0.0)	(26.0, 0.0)	(27.0, 0.0)	(28.0, 0.0)	(29.0, 0.0)	(30.0, 0.3333333333333333)	(31.0, 0.6666666666666666)	(32.0, 0.3333333333333333)	(33.0, 0.0)	(34.0, 0.0)	(35.0, 0.0)	(36.0, 1.3333333333333333)	(37.0, 1.0)	(38.0, 2.333333333333333)	(39.0, 6.499999999999998)	(40.0, 14.333333333333341)	(41.0, 16.500000000000007)	(42.0, 19.0)	(43.0, 27.666666666666636)	(44.0, 32.83333333333329)	(45.0, 79.49999999999996)	(46.0, 126.49999999999929)	(47.0, 281.6666666666681)	(48.0, 415.33333333332723)	(49.0, 700.1666666666763)	(50.0, 751.3333333333488)	(51.0, 1192.0000000000082)	(52.0, 2001.6666666664908)	(53.0, 2445.666666666661)	(54.0, 3228.00000000035)	(55.0, 3500.3333333338073)	(56.0, 3088.33333333362)	(57.0, 1560.9999999999243)	(58.0, 177.00000000000065)	(59.0, 52.666666666666764)	(60.0, 22.33333333333332)	(61.0, 11.66666666666667)	(62.0, 6.999999999999997)	(63.0, 4.0)	(64.0, 4.666666666666666)	(65.0, 3.3333333333333335)	(66.0, 4.0)	(67.0, 10.333333333333334)	(68.0, 8.666666666666664)	(69.0, 2.6666666666666665)	(70.0, 2.333333333333333)	(71.0, 7.33333333333333)	(72.0, 37.33333333333332)	(73.0, 7.9999999999999964)	(74.0, 0.3333333333333333)	(75.0, 1.0)	(76.0, 1.0)	(77.0, 0.0)	(78.0, 0.3333333333333333)	(79.0, 0.0)	(80.0, 0.0)	(81.0, 0.0)	(82.0, 0.0)	(83.0, 0.0)	(84.0, 0.0)	(85.0, 0.0)	(86.0, 0.0)	(87.0, 0.0)	(88.0, 0.0)	(89.0, 0.0)	(90.0, 0.0)	(91.0, 0.0)	(92.0, 0.0)	(93.0, 0.0)	(94.0, 0.0)	(95.0, 0.0)	(96.0, 0.0)	(97.0, 0.0)	(98.0, 0.3333333333333333)	(99.0, 0.3333333333333333)	(100.0, 0.0)
SRR19621172_1	(0.0, 0.0)	(1.0, 0.0)	(2.0, 0.0)	(3.0, 0.0)	(4.0, 0.0)	(5.0, 0.0)	(6.0, 0.0)	(7.0, 0.0)	(8.0, 0.0)	(9.0, 0.0)	(10.0, 0.0)	(11.0, 0.0)	(12.0, 0.0)	(13.0, 0.0)	(14.0, 0.0)	(15.0, 0.0)	(16.0, 0.0)	(17.0, 0.0)	(18.0, 0.0)	(19.0, 0.0)	(20.0, 0.0)	(21.0, 0.0)	(22.0, 0.0)	(23.0, 0.0)	(24.0, 0.0)	(25.0, 0.0)	(26.0, 0.0)	(27.0, 0.0)	(28.0, 0.0)	(29.0, 0.0)	(30.0, 0.0)	(31.0, 0.0)	(32.0, 0.0)	(33.0, 0.0)	(34.0, 0.0)	(35.0, 0.0)	(36.0, 0.6666666666666666)	(37.0, 1.6666666666666665)	(38.0, 2.333333333333333)	(39.0, 5.666666666666665)	(40.0, 11.66666666666667)	(41.0, 20.33333333333333)	(42.0, 22.33333333333332)	(43.0, 28.999999999999964)	(44.0, 33.33333333333329)	(45.0, 43.00000000000003)	(46.0, 163.66666666666694)	(47.0, 480.9999999999901)	(48.0, 539.3333333333247)	(49.0, 540.9999999999916)	(50.0, 519.3333333333225)	(51.0, 1395.6666666666285)	(52.0, 4763.666666666804)	(53.0, 5752.666666665905)	(54.0, 3079.0000000002824)	(55.0, 2119.666666666513)	(56.0, 389.9999999999953)	(57.0, 98.66666666666634)	(58.0, 44.000000000000036)	(59.0, 15.666666666666677)	(60.0, 14.000000000000007)	(61.0, 7.666666666666663)	(62.0, 4.333333333333333)	(63.0, 12.000000000000004)	(64.0, 29.333333333333297)	(65.0, 11.000000000000002)	(66.0, 12.333333333333337)	(67.0, 27.999999999999968)	(68.0, 260.0000000000027)	(69.0, 381.6666666666624)	(70.0, 59.33333333333348)	(71.0, 18.000000000000004)	(72.0, 8.666666666666664)	(73.0, 5.333333333333332)	(74.0, 1.9999999999999998)	(75.0, 1.3333333333333333)	(76.0, 0.3333333333333333)	(77.0, 0.0)	(78.0, 0.0)	(79.0, 0.0)	(80.0, 0.0)	(81.0, 0.0)	(82.0, 0.0)	(83.0, 0.0)	(84.0, 0.0)	(85.0, 0.0)	(86.0, 0.0)	(87.0, 0.0)	(88.0, 0.0)	(89.0, 0.0)	(90.0, 0.0)	(91.0, 0.0)	(92.0, 0.0)	(93.0, 0.0)	(94.0, 0.0)	(95.0, 0.0)	(96.0, 0.0)	(97.0, 0.0)	(98.0, 0.0)	(99.0, 0.0)	(100.0, 0.0)
SRR19621172_2	(0.0, 0.0)	(1.0, 0.0)	(2.0, 0.0)	(3.0, 0.0)	(4.0, 0.0)	(5.0, 0.0)	(6.0, 0.0)	(7.0, 0.0)	(8.0, 0.0)	(9.0, 0.0)	(10.0, 0.0)	(11.0, 0.0)	(12.0, 0.0)	(13.0, 0.0)	(14.0, 0.0)	(15.0, 0.0)	(16.0, 0.0)	(17.0, 0.0)	(18.0, 0.0)	(19.0, 0.0)	(20.0, 0.0)	(21.0, 0.0)	(22.0, 0.0)	(23.0, 0.0)	(24.0, 0.0)	(25.0, 0.3333333333333333)	(26.0, 0.3333333333333333)	(27.0, 0.0)	(28.0, 0.0)	(29.0, 0.0)	(30.0, 0.0)	(31.0, 0.0)	(32.0, 0.0)	(33.0, 0.0)	(34.0, 0.0)	(35.0, 0.0)	(36.0, 0.6666666666666666)	(37.0, 1.8333333333333333)	(38.0, 3.0)	(39.0, 5.666666666666666)	(40.0, 13.500000000000005)	(41.0, 18.000000000000004)	(42.0, 25.166666666666643)	(43.0, 29.833333333333293)	(44.0, 33.999999999999964)	(45.0, 40.83333333333335)	(46.0, 128.4999999999993)	(47.0, 248.66666666666936)	(48.0, 438.16666666665924)	(49.0, 520.8333333333227)	(50.0, 593.1666666666642)	(51.0, 541.9999999999917)	(52.0, 1559.4999999999247)	(53.0, 4859.333333333384)	(54.0, 5196.6666666664105)	(55.0, 2555.3333333333776)	(56.0, 2334.999999999944)	(57.0, 817.000000000023)	(58.0, 140.33333333333294)	(59.0, 46.66666666666672)	(60.0, 27.666666666666636)	(61.0, 21.333333333333325)	(62.0, 12.333333333333337)	(63.0, 7.666666666666663)	(64.0, 8.666666666666664)	(65.0, 10.0)	(66.0, 29.99999999999996)	(67.0, 33.66666666666663)	(68.0, 17.33333333333334)	(69.0, 19.666666666666664)	(70.0, 33.66666666666663)	(71.0, 114.66666666666612)	(72.0, 335.99999999999835)	(73.0, 154.66666666666669)	(74.0, 30.666666666666625)	(75.0, 6.333333333333331)	(76.0, 1.9999999999999998)	(77.0, 1.3333333333333333)	(78.0, 0.0)	(79.0, 0.6666666666666666)	(80.0, 1.6666666666666665)	(81.0, 0.6666666666666666)	(82.0, 0.0)	(83.0, 0.0)	(84.0, 0.0)	(85.0, 0.0)	(86.0, 0.0)	(87.0, 0.0)	(88.0, 0.0)	(89.0, 0.0)	(90.0, 0.0)	(91.0, 0.0)	(92.0, 0.0)	(93.0, 0.0)	(94.0, 0.0)	(95.0, 0.0)	(96.0, 0.0)	(97.0, 0.0)	(98.0, 0.0)	(99.0, 0.0)	(100.0, 0.0)
SRR19621173_1	(0.0, 0.0)	(1.0, 0.0)	(2.0, 0.0)	(3.0, 0.0)	(4.0, 0.0)	(5.0, 0.0)	(6.0, 0.0)	(7.0, 0.0)	(8.0, 0.0)	(9.0, 0.0)	(10.0, 0.0)	(11.0, 0.0)	(12.0, 0.0)	(13.0, 0.0)	(14.0, 0.0)	(15.0, 0.0)	(16.0, 0.0)	(17.0, 0.0)	(18.0, 0.0)	(19.0, 0.0)	(20.0, 0.0)	(21.0, 0.0)	(22.0, 0.0)	(23.0, 0.0)	(24.0, 0.0)	(25.0, 0.0)	(26.0, 0.0)	(27.0, 0.0)	(28.0, 0.0)	(29.0, 0.0)	(30.0, 0.0)	(31.0, 0.0)	(32.0, 0.0)	(33.0, 0.0)	(34.0, 0.0)	(35.0, 0.0)	(36.0, 1.6666666666666665)	(37.0, 1.9999999999999998)	(38.0, 2.333333333333333)	(39.0, 9.333333333333332)	(40.0, 22.666666666666654)	(41.0, 36.66666666666665)	(42.0, 43.00000000000003)	(43.0, 51.33333333333342)	(44.0, 129.33333333333263)	(45.0, 205.00000000000145)	(46.0, 383.9999999999956)	(47.0, 477.33333333332365)	(48.0, 1134.666666666688)	(49.0, 1351.3333333333053)	(50.0, 2018.9999999998201)	(51.0, 2282.3333333332534)	(52.0, 3084.333333333618)	(53.0, 6517.333333331876)	(54.0, 8286.999999997191)	(55.0, 3594.0000000005166)	(56.0, 887.6666666666977)	(57.0, 360.99999999999693)	(58.0, 117.66666666666607)	(59.0, 41.666666666666686)	(60.0, 22.33333333333332)	(61.0, 12.333333333333337)	(62.0, 12.333333333333337)	(63.0, 12.000000000000004)	(64.0, 20.66666666666666)	(65.0, 15.333333333333343)	(66.0, 7.9999999999999964)	(67.0, 7.666666666666663)	(68.0, 16.333333333333343)	(69.0, 36.999999999999986)	(70.0, 5.999999999999998)	(71.0, 1.3333333333333333)	(72.0, 0.3333333333333333)	(73.0, 0.0)	(74.0, 0.0)	(75.0, 0.0)	(76.0, 0.0)	(77.0, 0.0)	(78.0, 0.0)	(79.0, 0.0)	(80.0, 0.0)	(81.0, 0.0)	(82.0, 0.0)	(83.0, 0.0)	(84.0, 0.0)	(85.0, 0.0)	(86.0, 0.0)	(87.0, 0.0)	(88.0, 0.0)	(89.0, 0.0)	(90.0, 0.0)	(91.0, 0.0)	(92.0, 0.0)	(93.0, 0.0)	(94.0, 0.0)	(95.0, 0.0)	(96.0, 0.0)	(97.0, 0.0)	(98.0, 0.0)	(99.0, 0.0)	(100.0, 0.0)
SRR19621173_2	(0.0, 0.0)	(1.0, 0.0)	(2.0, 0.0)	(3.0, 0.0)	(4.0, 0.0)	(5.0, 0.0)	(6.0, 0.0)	(7.0, 0.0)	(8.0, 0.0)	(9.0, 0.0)	(10.0, 0.0)	(11.0, 0.0)	(12.0, 0.0)	(13.0, 0.0)	(14.0, 0.0)	(15.0, 0.0)	(16.0, 0.0)	(17.0, 0.0)	(18.0, 0.0)	(19.0, 0.0)	(20.0, 0.0)	(21.0, 0.0)	(22.0, 0.0)	(23.0, 0.0)	(24.0, 0.0)	(25.0, 0.0)	(26.0, 0.0)	(27.0, 0.0)	(28.0, 0.0)	(29.0, 0.0)	(30.0, 0.0)	(31.0, 0.0)	(32.0, 0.0)	(33.0, 0.0)	(34.0, 0.3333333333333333)	(35.0, 0.0)	(36.0, 1.3333333333333333)	(37.0, 3.3333333333333335)	(38.0, 3.0)	(39.0, 8.166666666666664)	(40.0, 25.83333333333331)	(41.0, 38.5)	(42.0, 45.33333333333338)	(43.0, 64.50000000000017)	(44.0, 79.83333333333329)	(45.0, 164.00000000000028)	(46.0, 273.66666666666856)	(47.0, 411.6666666666607)	(48.0, 704.1666666666767)	(49.0, 1175.6666666666786)	(50.0, 1110.5000000000268)	(51.0, 2190.3333333332116)	(52.0, 3143.833333333645)	(53.0, 4273.16666666725)	(54.0, 6029.666666665653)	(55.0, 6160.499999998868)	(56.0, 4328.333333333867)	(57.0, 1777.999999999875)	(58.0, 289.66666666666765)	(59.0, 90.99999999999979)	(60.0, 50.333333333333414)	(61.0, 57.333333333333464)	(62.0, 30.999999999999957)	(63.0, 15.666666666666677)	(64.0, 13.000000000000005)	(65.0, 10.666666666666668)	(66.0, 13.666666666666673)	(67.0, 23.333333333333318)	(68.0, 10.333333333333334)	(69.0, 3.666666666666667)	(70.0, 2.6666666666666665)	(71.0, 7.33333333333333)	(72.0, 33.66666666666663)	(73.0, 8.666666666666664)	(74.0, 2.6666666666666665)	(75.0, 2.333333333333333)	(76.0, 0.3333333333333333)	(77.0, 0.3333333333333333)	(78.0, 0.6666666666666666)	(79.0, 0.3333333333333333)	(80.0, 0.0)	(81.0, 0.0)	(82.0, 0.3333333333333333)	(83.0, 0.3333333333333333)	(84.0, 0.0)	(85.0, 0.0)	(86.0, 0.3333333333333333)	(87.0, 0.0)	(88.0, 0.0)	(89.0, 0.0)	(90.0, 0.0)	(91.0, 0.0)	(92.0, 0.0)	(93.0, 0.0)	(94.0, 0.3333333333333333)	(95.0, 0.3333333333333333)	(96.0, 0.0)	(97.0, 0.0)	(98.0, 0.3333333333333333)	(99.0, 0.3333333333333333)	(100.0, 2.0)
SRR19621174_1	(0.0, 0.0)	(1.0, 0.0)	(2.0, 0.0)	(3.0, 0.0)	(4.0, 0.0)	(5.0, 0.0)	(6.0, 0.0)	(7.0, 0.0)	(8.0, 0.0)	(9.0, 0.0)	(10.0, 0.0)	(11.0, 0.0)	(12.0, 0.0)	(13.0, 0.0)	(14.0, 0.0)	(15.0, 0.0)	(16.0, 0.0)	(17.0, 0.0)	(18.0, 0.0)	(19.0, 0.0)	(20.0, 0.0)	(21.0, 0.0)	(22.0, 0.0)	(23.0, 0.0)	(24.0, 0.0)	(25.0, 0.0)	(26.0, 0.0)	(27.0, 0.0)	(28.0, 0.0)	(29.0, 0.0)	(30.0, 0.0)	(31.0, 0.0)	(32.0, 0.0)	(33.0, 0.0)	(34.0, 0.0)	(35.0, 0.0)	(36.0, 0.6666666666666666)	(37.0, 1.0)	(38.0, 3.666666666666667)	(39.0, 8.999999999999998)	(40.0, 16.666666666666675)	(41.0, 29.99999999999996)	(42.0, 37.99999999999999)	(43.0, 35.99999999999998)	(44.0, 65.66666666666681)	(45.0, 173.00000000000054)	(46.0, 709.6666666666774)	(47.0, 762.0000000000167)	(48.0, 1474.9999999999438)	(49.0, 1353.666666666638)	(50.0, 2109.333333333175)	(51.0, 3252.3333333336946)	(52.0, 3325.0000000003943)	(53.0, 4542.000000000339)	(54.0, 5057.333333333204)	(55.0, 2847.000000000177)	(56.0, 731.0000000000132)	(57.0, 301.00000000000034)	(58.0, 140.33333333333294)	(59.0, 31.999999999999954)	(60.0, 17.000000000000007)	(61.0, 12.333333333333337)	(62.0, 4.666666666666666)	(63.0, 4.333333333333333)	(64.0, 8.666666666666664)	(65.0, 7.666666666666663)	(66.0, 4.0)	(67.0, 2.6666666666666665)	(68.0, 13.000000000000005)	(69.0, 34.666666666666636)	(70.0, 4.0)	(71.0, 1.0)	(72.0, 0.6666666666666666)	(73.0, 0.6666666666666666)	(74.0, 0.6666666666666666)	(75.0, 0.0)	(76.0, 0.0)	(77.0, 0.0)	(78.0, 0.0)	(79.0, 0.0)	(80.0, 0.0)	(81.0, 0.0)	(82.0, 0.0)	(83.0, 0.0)	(84.0, 0.0)	(85.0, 0.0)	(86.0, 0.0)	(87.0, 0.0)	(88.0, 0.0)	(89.0, 0.0)	(90.0, 0.0)	(91.0, 0.0)	(92.0, 0.0)	(93.0, 0.0)	(94.0, 0.0)	(95.0, 0.0)	(96.0, 0.0)	(97.0, 0.0)	(98.0, 0.0)	(99.0, 0.0)	(100.0, 0.0)
SRR19621174_2	(0.0, 0.0)	(1.0, 0.0)	(2.0, 0.0)	(3.0, 0.0)	(4.0, 0.0)	(5.0, 0.0)	(6.0, 0.0)	(7.0, 0.0)	(8.0, 0.0)	(9.0, 0.0)	(10.0, 0.0)	(11.0, 0.0)	(12.0, 0.0)	(13.0, 0.0)	(14.0, 0.0)	(15.0, 0.0)	(16.0, 0.0)	(17.0, 0.0)	(18.0, 0.0)	(19.0, 0.0)	(20.0, 0.0)	(21.0, 0.0)	(22.0, 0.0)	(23.0, 0.0)	(24.0, 0.0)	(25.0, 0.0)	(26.0, 0.0)	(27.0, 0.3333333333333333)	(28.0, 0.3333333333333333)	(29.0, 0.0)	(30.0, 0.0)	(31.0, 0.0)	(32.0, 0.0)	(33.0, 0.3333333333333333)	(34.0, 0.3333333333333333)	(35.0, 0.0)	(36.0, 1.3333333333333333)	(37.0, 2.333333333333333)	(38.0, 3.0)	(39.0, 8.33333333333333)	(40.0, 20.499999999999993)	(41.0, 24.333333333333314)	(42.0, 28.8333333333333)	(43.0, 49.00000000000007)	(44.0, 54.333333333333435)	(45.0, 82.83333333333324)	(46.0, 167.8333333333337)	(47.0, 771.8333333333512)	(48.0, 1111.1666666666933)	(49.0, 1392.1666666666295)	(50.0, 1388.4999999999636)	(51.0, 2531.6666666667)	(52.0, 2985.6666666669066)	(53.0, 3311.000000000388)	(54.0, 3753.666666667256)	(55.0, 4444.333333333761)	(56.0, 3511.666666667146)	(57.0, 1344.3333333333069)	(58.0, 218.6666666666685)	(59.0, 83.66666666666656)	(60.0, 82.9999999999999)	(61.0, 106.99999999999956)	(62.0, 30.333333333333293)	(63.0, 7.9999999999999964)	(64.0, 6.333333333333331)	(65.0, 2.6666666666666665)	(66.0, 5.333333333333332)	(67.0, 12.333333333333337)	(68.0, 7.33333333333333)	(69.0, 3.666666666666667)	(70.0, 1.6666666666666665)	(71.0, 6.333333333333331)	(72.0, 30.666666666666625)	(73.0, 6.666666666666664)	(74.0, 1.0)	(75.0, 0.6666666666666666)	(76.0, 1.0)	(77.0, 0.3333333333333333)	(78.0, 0.3333333333333333)	(79.0, 0.0)	(80.0, 0.0)	(81.0, 0.0)	(82.0, 0.0)	(83.0, 0.3333333333333333)	(84.0, 0.3333333333333333)	(85.0, 0.0)	(86.0, 0.0)	(87.0, 0.0)	(88.0, 0.0)	(89.0, 0.0)	(90.0, 0.0)	(91.0, 0.0)	(92.0, 0.0)	(93.0, 0.0)	(94.0, 0.0)	(95.0, 0.0)	(96.0, 0.0)	(97.0, 0.0)	(98.0, 0.3333333333333333)	(99.0, 0.0)	(100.0, 0.0)
SRR19621175_1	(0.0, 0.0)	(1.0, 0.0)	(2.0, 0.0)	(3.0, 0.0)	(4.0, 0.0)	(5.0, 0.0)	(6.0, 0.0)	(7.0, 0.0)	(8.0, 0.0)	(9.0, 0.0)	(10.0, 0.0)	(11.0, 0.0)	(12.0, 0.0)	(13.0, 0.0)	(14.0, 0.0)	(15.0, 0.0)	(16.0, 0.0)	(17.0, 0.0)	(18.0, 0.0)	(19.0, 0.0)	(20.0, 0.0)	(21.0, 0.0)	(22.0, 0.0)	(23.0, 0.0)	(24.0, 0.0)	(25.0, 0.0)	(26.0, 0.0)	(27.0, 0.0)	(28.0, 0.0)	(29.0, 0.0)	(30.0, 0.0)	(31.0, 0.0)	(32.0, 0.0)	(33.0, 0.0)	(34.0, 0.0)	(35.0, 0.0)	(36.0, 0.0)	(37.0, 1.0)	(38.0, 5.666666666666665)	(39.0, 8.666666666666664)	(40.0, 21.99999999999999)	(41.0, 29.99999999999996)	(42.0, 43.00000000000003)	(43.0, 55.33333333333345)	(44.0, 70.66666666666674)	(45.0, 154.0)	(46.0, 379.66666666666254)	(47.0, 639.0000000000027)	(48.0, 629.333333333335)	(49.0, 399.6666666666614)	(50.0, 1658.999999999902)	(51.0, 3936.000000000672)	(52.0, 7857.66666666399)	(53.0, 8597.999999997757)	(54.0, 6660.333333331746)	(55.0, 3734.3333333339137)	(56.0, 586.9999999999968)	(57.0, 1053.0000000000398)	(58.0, 840.0000000000256)	(59.0, 124.66666666666598)	(60.0, 48.666666666666735)	(61.0, 26.66666666666664)	(62.0, 23.66666666666665)	(63.0, 11.000000000000002)	(64.0, 15.666666666666677)	(65.0, 12.666666666666671)	(66.0, 7.33333333333333)	(67.0, 10.666666666666668)	(68.0, 48.3333333333334)	(69.0, 140.6666666666663)	(70.0, 18.666666666666668)	(71.0, 1.9999999999999998)	(72.0, 0.0)	(73.0, 0.6666666666666666)	(74.0, 0.3333333333333333)	(75.0, 0.0)	(76.0, 0.0)	(77.0, 0.0)	(78.0, 0.0)	(79.0, 0.0)	(80.0, 0.0)	(81.0, 0.0)	(82.0, 0.0)	(83.0, 0.0)	(84.0, 0.0)	(85.0, 0.0)	(86.0, 0.0)	(87.0, 0.0)	(88.0, 0.0)	(89.0, 0.0)	(90.0, 0.0)	(91.0, 0.0)	(92.0, 0.0)	(93.0, 0.0)	(94.0, 0.0)	(95.0, 0.0)	(96.0, 0.0)	(97.0, 0.0)	(98.0, 0.0)	(99.0, 0.0)	(100.0, 0.0)
SRR19621175_2	(0.0, 1.0)	(1.0, 0.5)	(2.0, 0.0)	(3.0, 0.0)	(4.0, 0.0)	(5.0, 0.0)	(6.0, 0.0)	(7.0, 0.0)	(8.0, 0.0)	(9.0, 0.0)	(10.0, 0.0)	(11.0, 0.0)	(12.0, 0.0)	(13.0, 0.0)	(14.0, 0.0)	(15.0, 0.0)	(16.0, 0.0)	(17.0, 0.0)	(18.0, 0.0)	(19.0, 0.0)	(20.0, 0.0)	(21.0, 0.0)	(22.0, 0.0)	(23.0, 0.0)	(24.0, 0.0)	(25.0, 0.0)	(26.0, 0.3333333333333333)	(27.0, 0.3333333333333333)	(28.0, 0.0)	(29.0, 0.0)	(30.0, 0.0)	(31.0, 1.0)	(32.0, 0.6666666666666666)	(33.0, 0.3333333333333333)	(34.0, 0.0)	(35.0, 0.3333333333333333)	(36.0, 0.6666666666666666)	(37.0, 1.9999999999999998)	(38.0, 4.333333333333333)	(39.0, 10.0)	(40.0, 28.999999999999968)	(41.0, 40.83333333333335)	(42.0, 50.16666666666675)	(43.0, 56.6666666666668)	(44.0, 72.00000000000006)	(45.0, 74.66666666666669)	(46.0, 135.9999999999995)	(47.0, 453.83333333332496)	(48.0, 707.833333333344)	(49.0, 404.3333333333278)	(50.0, 728.6666666666796)	(51.0, 1859.3333333331898)	(52.0, 3430.3333333337755)	(53.0, 7418.999999997723)	(54.0, 8589.499999997743)	(55.0, 6525.333333331868)	(56.0, 3558.833333333834)	(57.0, 924.6666666667019)	(58.0, 301.00000000000034)	(59.0, 307.66666666666663)	(60.0, 730.3333333333464)	(61.0, 755.3333333333493)	(62.0, 119.33333333333272)	(63.0, 35.66666666666664)	(64.0, 26.333333333333307)	(65.0, 16.333333333333343)	(66.0, 11.333333333333336)	(67.0, 19.0)	(68.0, 18.666666666666668)	(69.0, 10.0)	(70.0, 8.999999999999998)	(71.0, 30.666666666666625)	(72.0, 119.33333333333272)	(73.0, 33.66666666666663)	(74.0, 2.6666666666666665)	(75.0, 1.6666666666666665)	(76.0, 1.3333333333333333)	(77.0, 0.6666666666666666)	(78.0, 0.3333333333333333)	(79.0, 0.0)	(80.0, 0.0)	(81.0, 0.3333333333333333)	(82.0, 0.0)	(83.0, 0.0)	(84.0, 0.0)	(85.0, 0.0)	(86.0, 0.0)	(87.0, 0.0)	(88.0, 0.0)	(89.0, 0.3333333333333333)	(90.0, 0.6666666666666666)	(91.0, 0.3333333333333333)	(92.0, 0.0)	(93.0, 0.0)	(94.0, 0.0)	(95.0, 0.0)	(96.0, 0.0)	(97.0, 0.0)	(98.0, 0.0)	(99.0, 0.0)	(100.0, 0.0)
SRR19621176_1	(0.0, 0.0)	(1.0, 0.0)	(2.0, 0.0)	(3.0, 0.0)	(4.0, 0.0)	(5.0, 0.0)	(6.0, 0.0)	(7.0, 0.0)	(8.0, 0.0)	(9.0, 0.0)	(10.0, 0.0)	(11.0, 0.0)	(12.0, 0.0)	(13.0, 0.0)	(14.0, 0.0)	(15.0, 0.0)	(16.0, 0.0)	(17.0, 0.0)	(18.0, 0.0)	(19.0, 0.0)	(20.0, 0.0)	(21.0, 0.0)	(22.0, 0.0)	(23.0, 0.0)	(24.0, 0.0)	(25.0, 0.0)	(26.0, 0.0)	(27.0, 0.0)	(28.0, 0.0)	(29.0, 0.0)	(30.0, 0.0)	(31.0, 0.0)	(32.0, 0.0)	(33.0, 0.0)	(34.0, 0.0)	(35.0, 0.3333333333333333)	(36.0, 0.3333333333333333)	(37.0, 0.6666666666666666)	(38.0, 2.333333333333333)	(39.0, 7.33333333333333)	(40.0, 17.33333333333334)	(41.0, 20.999999999999993)	(42.0, 34.99999999999997)	(43.0, 46.333333333333385)	(44.0, 107.66666666666622)	(45.0, 336.33333333333167)	(46.0, 4411.333333333791)	(47.0, 4398.00000000047)	(48.0, 1591.3333333332507)	(49.0, 991.6666666667095)	(50.0, 878.0000000000299)	(51.0, 1400.3333333332941)	(52.0, 2125.999999999849)	(53.0, 3021.666666666923)	(54.0, 3115.0000000002988)	(55.0, 2774.333333333477)	(56.0, 2279.333333333252)	(57.0, 1548.3333333332605)	(58.0, 87.99999999999983)	(59.0, 27.333333333333304)	(60.0, 18.666666666666668)	(61.0, 9.333333333333332)	(62.0, 3.0)	(63.0, 6.666666666666664)	(64.0, 19.666666666666664)	(65.0, 18.333333333333336)	(66.0, 6.666666666666664)	(67.0, 3.0)	(68.0, 20.999999999999993)	(69.0, 54.33333333333344)	(70.0, 6.333333333333331)	(71.0, 1.6666666666666665)	(72.0, 0.6666666666666666)	(73.0, 0.0)	(74.0, 0.0)	(75.0, 0.0)	(76.0, 0.0)	(77.0, 0.0)	(78.0, 0.0)	(79.0, 0.0)	(80.0, 0.0)	(81.0, 0.0)	(82.0, 0.0)	(83.0, 0.0)	(84.0, 0.0)	(85.0, 0.0)	(86.0, 0.0)	(87.0, 0.0)	(88.0, 0.0)	(89.0, 0.0)	(90.0, 0.0)	(91.0, 0.0)	(92.0, 0.0)	(93.0, 0.0)	(94.0, 0.0)	(95.0, 0.0)	(96.0, 0.0)	(97.0, 0.0)	(98.0, 0.0)	(99.0, 0.0)	(100.0, 0.0)
SRR19621176_2	(0.0, 0.0)	(1.0, 0.0)	(2.0, 0.0)	(3.0, 0.0)	(4.0, 0.0)	(5.0, 0.0)	(6.0, 0.0)	(7.0, 0.0)	(8.0, 0.0)	(9.0, 0.0)	(10.0, 0.0)	(11.0, 0.0)	(12.0, 0.0)	(13.0, 0.0)	(14.0, 0.0)	(15.0, 0.0)	(16.0, 0.0)	(17.0, 0.0)	(18.0, 0.0)	(19.0, 0.0)	(20.0, 0.0)	(21.0, 0.0)	(22.0, 0.0)	(23.0, 0.0)	(24.0, 0.0)	(25.0, 0.0)	(26.0, 0.0)	(27.0, 0.0)	(28.0, 0.0)	(29.0, 0.0)	(30.0, 0.0)	(31.0, 0.0)	(32.0, 0.0)	(33.0, 0.0)	(34.0, 0.3333333333333333)	(35.0, 1.0)	(36.0, 1.9999999999999998)	(37.0, 1.6666666666666665)	(38.0, 3.666666666666667)	(39.0, 9.666666666666666)	(40.0, 14.666666666666675)	(41.0, 25.666666666666643)	(42.0, 33.499999999999964)	(43.0, 43.83333333333338)	(44.0, 96.4999999999997)	(45.0, 175.83333333333397)	(46.0, 326.3333333333322)	(47.0, 4154.333333334025)	(48.0, 4836.000000000072)	(49.0, 1495.6666666666058)	(50.0, 881.5000000000302)	(51.0, 1092.1666666666977)	(52.0, 1391.3333333332962)	(53.0, 2276.3333333332507)	(54.0, 2961.333333333562)	(55.0, 2600.833333333398)	(56.0, 2392.1666666666365)	(57.0, 1671.3333333332325)	(58.0, 408.6666666666609)	(59.0, 1708.3333333332241)	(60.0, 410.6666666666608)	(61.0, 62.3333333333335)	(62.0, 23.66666666666665)	(63.0, 10.0)	(64.0, 7.9999999999999964)	(65.0, 6.999999999999997)	(66.0, 10.0)	(67.0, 24.333333333333314)	(68.0, 11.66666666666667)	(69.0, 3.3333333333333335)	(70.0, 3.3333333333333335)	(71.0, 11.000000000000002)	(72.0, 49.00000000000007)	(73.0, 7.33333333333333)	(74.0, 0.6666666666666666)	(75.0, 0.6666666666666666)	(76.0, 1.3333333333333333)	(77.0, 0.3333333333333333)	(78.0, 0.0)	(79.0, 0.0)	(80.0, 0.0)	(81.0, 0.0)	(82.0, 0.0)	(83.0, 0.0)	(84.0, 0.0)	(85.0, 0.0)	(86.0, 0.0)	(87.0, 0.0)	(88.0, 0.0)	(89.0, 0.0)	(90.0, 0.0)	(91.0, 0.0)	(92.0, 0.0)	(93.0, 0.0)	(94.0, 0.0)	(95.0, 0.0)	(96.0, 0.0)	(97.0, 0.0)	(98.0, 0.0)	(99.0, 0.0)	(100.0, 0.0)
SRR19621177_1	(0.0, 0.0)	(1.0, 0.0)	(2.0, 0.0)	(3.0, 0.0)	(4.0, 0.0)	(5.0, 0.0)	(6.0, 0.0)	(7.0, 0.0)	(8.0, 0.0)	(9.0, 0.0)	(10.0, 0.0)	(11.0, 0.0)	(12.0, 0.0)	(13.0, 0.0)	(14.0, 0.0)	(15.0, 0.0)	(16.0, 0.0)	(17.0, 0.0)	(18.0, 0.0)	(19.0, 0.0)	(20.0, 0.0)	(21.0, 0.0)	(22.0, 0.0)	(23.0, 0.0)	(24.0, 0.0)	(25.0, 0.0)	(26.0, 0.0)	(27.0, 0.0)	(28.0, 0.0)	(29.0, 0.0)	(30.0, 0.0)	(31.0, 0.0)	(32.0, 0.3333333333333333)	(33.0, 0.3333333333333333)	(34.0, 0.0)	(35.0, 0.0)	(36.0, 0.6666666666666666)	(37.0, 2.333333333333333)	(38.0, 2.333333333333333)	(39.0, 8.999999999999998)	(40.0, 15.666666666666677)	(41.0, 23.66666666666665)	(42.0, 32.66666666666662)	(43.0, 51.000000000000085)	(44.0, 73.00000000000004)	(45.0, 97.66666666666636)	(46.0, 443.6666666666589)	(47.0, 583.9999999999965)	(48.0, 733.6666666666802)	(49.0, 566.9999999999945)	(50.0, 1185.0000000000098)	(51.0, 2053.666666666483)	(52.0, 2986.3333333335736)	(53.0, 5047.666666666546)	(54.0, 6226.999999998807)	(55.0, 5088.999999999842)	(56.0, 1263.9999999999918)	(57.0, 286.6666666666678)	(58.0, 82.66666666666657)	(59.0, 42.66666666666669)	(60.0, 19.999999999999996)	(61.0, 14.000000000000007)	(62.0, 10.0)	(63.0, 8.33333333333333)	(64.0, 18.000000000000004)	(65.0, 13.33333333333334)	(66.0, 8.33333333333333)	(67.0, 12.666666666666671)	(68.0, 70.33333333333341)	(69.0, 215.66666666666842)	(70.0, 34.3333333333333)	(71.0, 4.0)	(72.0, 1.3333333333333333)	(73.0, 0.3333333333333333)	(74.0, 0.3333333333333333)	(75.0, 0.0)	(76.0, 0.3333333333333333)	(77.0, 0.0)	(78.0, 0.0)	(79.0, 0.0)	(80.0, 0.0)	(81.0, 0.0)	(82.0, 0.0)	(83.0, 0.0)	(84.0, 0.0)	(85.0, 0.0)	(86.0, 0.0)	(87.0, 0.0)	(88.0, 0.0)	(89.0, 0.0)	(90.0, 0.0)	(91.0, 0.0)	(92.0, 0.0)	(93.0, 0.0)	(94.0, 0.0)	(95.0, 0.0)	(96.0, 0.0)	(97.0, 0.0)	(98.0, 0.0)	(99.0, 0.0)	(100.0, 0.0)
SRR19621177_2	(0.0, 1.0)	(1.0, 0.5)	(2.0, 0.0)	(3.0, 0.0)	(4.0, 0.0)	(5.0, 0.0)	(6.0, 0.0)	(7.0, 0.0)	(8.0, 0.0)	(9.0, 0.0)	(10.0, 0.0)	(11.0, 0.0)	(12.0, 0.0)	(13.0, 0.0)	(14.0, 0.0)	(15.0, 0.0)	(16.0, 0.0)	(17.0, 0.0)	(18.0, 0.0)	(19.0, 0.0)	(20.0, 0.0)	(21.0, 0.0)	(22.0, 0.0)	(23.0, 0.0)	(24.0, 0.0)	(25.0, 0.0)	(26.0, 0.0)	(27.0, 0.0)	(28.0, 0.0)	(29.0, 0.0)	(30.0, 0.0)	(31.0, 0.0)	(32.0, 0.0)	(33.0, 0.0)	(34.0, 0.5)	(35.0, 0.5)	(36.0, 0.6666666666666666)	(37.0, 1.9999999999999998)	(38.0, 2.6666666666666665)	(39.0, 6.833333333333331)	(40.0, 17.833333333333336)	(41.0, 20.83333333333333)	(42.0, 32.499999999999964)	(43.0, 42.16666666666669)	(44.0, 55.50000000000012)	(45.0, 70.66666666666674)	(46.0, 107.49999999999956)	(47.0, 593.1666666666642)	(48.0, 665.333333333339)	(49.0, 586.3333333333301)	(50.0, 641.8333333333364)	(51.0, 1482.8333333332755)	(52.0, 1792.9999999998715)	(53.0, 2955.666666666893)	(54.0, 5108.6666666664905)	(55.0, 5837.6666666658275)	(56.0, 4699.6666666668625)	(57.0, 2379.666666666631)	(58.0, 360.3333333333303)	(59.0, 119.33333333333272)	(60.0, 49.33333333333341)	(61.0, 28.666666666666632)	(62.0, 16.333333333333343)	(63.0, 10.0)	(64.0, 8.999999999999998)	(65.0, 6.666666666666664)	(66.0, 13.666666666666673)	(67.0, 24.333333333333314)	(68.0, 18.666666666666668)	(69.0, 10.666666666666668)	(70.0, 14.333333333333341)	(71.0, 43.333333333333364)	(72.0, 187.66666666666762)	(73.0, 39.0)	(74.0, 4.333333333333333)	(75.0, 1.9999999999999998)	(76.0, 1.3333333333333333)	(77.0, 0.6666666666666666)	(78.0, 0.6666666666666666)	(79.0, 0.3333333333333333)	(80.0, 0.0)	(81.0, 0.0)	(82.0, 0.0)	(83.0, 0.0)	(84.0, 0.0)	(85.0, 0.0)	(86.0, 0.0)	(87.0, 0.0)	(88.0, 0.0)	(89.0, 0.0)	(90.0, 0.0)	(91.0, 0.0)	(92.0, 0.0)	(93.0, 0.0)	(94.0, 0.0)	(95.0, 0.0)	(96.0, 0.0)	(97.0, 0.0)	(98.0, 0.0)	(99.0, 0.3333333333333333)	(100.0, 0.5)
SRR19621178_1	(0.0, 0.0)	(1.0, 0.0)	(2.0, 0.0)	(3.0, 0.0)	(4.0, 0.0)	(5.0, 0.0)	(6.0, 0.0)	(7.0, 0.0)	(8.0, 0.0)	(9.0, 0.0)	(10.0, 0.0)	(11.0, 0.0)	(12.0, 0.0)	(13.0, 0.0)	(14.0, 0.0)	(15.0, 0.0)	(16.0, 0.0)	(17.0, 0.0)	(18.0, 0.0)	(19.0, 0.0)	(20.0, 0.0)	(21.0, 0.0)	(22.0, 0.0)	(23.0, 0.0)	(24.0, 0.0)	(25.0, 0.0)	(26.0, 0.0)	(27.0, 0.0)	(28.0, 0.0)	(29.0, 0.0)	(30.0, 0.0)	(31.0, 0.0)	(32.0, 0.0)	(33.0, 0.0)	(34.0, 0.0)	(35.0, 0.0)	(36.0, 0.3333333333333333)	(37.0, 1.0)	(38.0, 2.6666666666666665)	(39.0, 9.333333333333332)	(40.0, 22.666666666666654)	(41.0, 24.666666666666647)	(42.0, 31.33333333333329)	(43.0, 36.999999999999986)	(44.0, 51.000000000000085)	(45.0, 53.333333333333435)	(46.0, 111.33333333333283)	(47.0, 221.33333333333525)	(48.0, 383.333333333329)	(49.0, 373.33333333332956)	(50.0, 762.6666666666835)	(51.0, 1247.9999999999955)	(52.0, 3288.333333333711)	(53.0, 5679.333333332638)	(54.0, 6094.999999998927)	(55.0, 3893.333333333986)	(56.0, 1100.6666666666956)	(57.0, 967.6666666667068)	(58.0, 796.6666666666873)	(59.0, 128.3333333333326)	(60.0, 56.00000000000012)	(61.0, 27.999999999999968)	(62.0, 14.333333333333341)	(63.0, 12.333333333333337)	(64.0, 22.33333333333332)	(65.0, 28.666666666666632)	(66.0, 37.66666666666666)	(67.0, 87.33333333333317)	(68.0, 805.0000000000216)	(69.0, 752.6666666666823)	(70.0, 117.33333333333275)	(71.0, 53.333333333333435)	(72.0, 32.333333333333286)	(73.0, 17.000000000000007)	(74.0, 4.666666666666666)	(75.0, 0.6666666666666666)	(76.0, 0.3333333333333333)	(77.0, 0.0)	(78.0, 0.0)	(79.0, 0.0)	(80.0, 0.0)	(81.0, 0.0)	(82.0, 0.0)	(83.0, 0.0)	(84.0, 0.0)	(85.0, 0.0)	(86.0, 0.0)	(87.0, 0.0)	(88.0, 0.0)	(89.0, 0.0)	(90.0, 0.0)	(91.0, 0.0)	(92.0, 0.0)	(93.0, 0.0)	(94.0, 0.0)	(95.0, 0.0)	(96.0, 0.0)	(97.0, 0.0)	(98.0, 0.0)	(99.0, 0.0)	(100.0, 0.0)
SRR19621178_2	(0.0, 0.0)	(1.0, 0.0)	(2.0, 0.0)	(3.0, 0.0)	(4.0, 0.0)	(5.0, 0.0)	(6.0, 0.0)	(7.0, 0.0)	(8.0, 0.0)	(9.0, 0.0)	(10.0, 0.0)	(11.0, 0.0)	(12.0, 0.0)	(13.0, 0.0)	(14.0, 0.0)	(15.0, 0.0)	(16.0, 0.0)	(17.0, 0.0)	(18.0, 0.0)	(19.0, 0.0)	(20.0, 0.0)	(21.0, 0.0)	(22.0, 0.0)	(23.0, 0.0)	(24.0, 0.0)	(25.0, 0.0)	(26.0, 0.0)	(27.0, 0.0)	(28.0, 0.0)	(29.0, 0.0)	(30.0, 0.0)	(31.0, 0.0)	(32.0, 0.0)	(33.0, 0.0)	(34.0, 0.0)	(35.0, 0.6666666666666666)	(36.0, 1.0)	(37.0, 1.9999999999999998)	(38.0, 3.0)	(39.0, 5.999999999999998)	(40.0, 17.16666666666667)	(41.0, 28.166666666666632)	(42.0, 31.33333333333329)	(43.0, 33.66666666666663)	(44.0, 47.66666666666673)	(45.0, 57.33333333333346)	(46.0, 67.00000000000013)	(47.0, 177.333333333334)	(48.0, 315.33333333333286)	(49.0, 335.666666666665)	(50.0, 501.49999999998903)	(51.0, 775.1666666666848)	(52.0, 1115.333333333359)	(53.0, 3198.6666666670035)	(54.0, 5271.499999999675)	(55.0, 5638.833333332675)	(56.0, 4407.666666667128)	(57.0, 1872.66666666652)	(58.0, 344.99999999999784)	(59.0, 187.33333333333428)	(60.0, 725.3333333333459)	(61.0, 814.6666666666894)	(62.0, 139.9999999999996)	(63.0, 42.66666666666669)	(64.0, 31.33333333333329)	(65.0, 32.333333333333286)	(66.0, 34.666666666666636)	(67.0, 52.666666666666764)	(68.0, 62.666666666666835)	(69.0, 62.00000000000016)	(70.0, 99.66666666666633)	(71.0, 318.666666666666)	(72.0, 668.3333333333394)	(73.0, 367.99999999999653)	(74.0, 82.33333333333324)	(75.0, 16.666666666666675)	(76.0, 4.666666666666666)	(77.0, 1.6666666666666665)	(78.0, 1.3333333333333333)	(79.0, 1.6666666666666665)	(80.0, 1.0)	(81.0, 0.0)	(82.0, 0.3333333333333333)	(83.0, 0.0)	(84.0, 0.0)	(85.0, 0.0)	(86.0, 0.0)	(87.0, 0.0)	(88.0, 0.0)	(89.0, 0.0)	(90.0, 0.0)	(91.0, 0.0)	(92.0, 0.3333333333333333)	(93.0, 0.3333333333333333)	(94.0, 0.0)	(95.0, 0.3333333333333333)	(96.0, 0.3333333333333333)	(97.0, 0.3333333333333333)	(98.0, 0.0)	(99.0, 0.0)	(100.0, 0.5)
SRR19621179_1	(0.0, 0.0)	(1.0, 0.0)	(2.0, 0.0)	(3.0, 0.0)	(4.0, 0.0)	(5.0, 0.0)	(6.0, 0.0)	(7.0, 0.0)	(8.0, 0.0)	(9.0, 0.0)	(10.0, 0.0)	(11.0, 0.0)	(12.0, 0.0)	(13.0, 0.0)	(14.0, 0.0)	(15.0, 0.0)	(16.0, 0.0)	(17.0, 0.0)	(18.0, 0.0)	(19.0, 0.0)	(20.0, 0.0)	(21.0, 0.0)	(22.0, 0.0)	(23.0, 0.0)	(24.0, 0.0)	(25.0, 0.0)	(26.0, 0.0)	(27.0, 0.0)	(28.0, 0.0)	(29.0, 0.0)	(30.0, 0.0)	(31.0, 0.0)	(32.0, 0.0)	(33.0, 0.0)	(34.0, 0.0)	(35.0, 0.0)	(36.0, 0.0)	(37.0, 0.3333333333333333)	(38.0, 1.6666666666666665)	(39.0, 4.0)	(40.0, 8.999999999999998)	(41.0, 18.000000000000004)	(42.0, 22.666666666666654)	(43.0, 22.666666666666654)	(44.0, 26.333333333333307)	(45.0, 42.66666666666669)	(46.0, 127.3333333333326)	(47.0, 216.00000000000176)	(48.0, 263.3333333333358)	(49.0, 331.66666666666526)	(50.0, 621.6666666666674)	(51.0, 1529.3333333332648)	(52.0, 2954.333333333559)	(53.0, 4341.666666667188)	(54.0, 4669.333333333557)	(55.0, 3217.000000000345)	(56.0, 1223.3333333333344)	(57.0, 628.3333333333348)	(58.0, 442.66666666665895)	(59.0, 62.00000000000016)	(60.0, 31.66666666666662)	(61.0, 20.66666666666666)	(62.0, 12.000000000000004)	(63.0, 11.66666666666667)	(64.0, 25.999999999999975)	(65.0, 25.33333333333331)	(66.0, 22.999999999999986)	(67.0, 57.00000000000013)	(68.0, 634.0000000000022)	(69.0, 618.6666666666671)	(70.0, 99.333333333333)	(71.0, 36.333333333333314)	(72.0, 14.000000000000007)	(73.0, 8.33333333333333)	(74.0, 2.333333333333333)	(75.0, 0.6666666666666666)	(76.0, 0.0)	(77.0, 0.0)	(78.0, 0.0)	(79.0, 0.0)	(80.0, 0.0)	(81.0, 0.0)	(82.0, 0.0)	(83.0, 0.0)	(84.0, 0.0)	(85.0, 0.0)	(86.0, 0.0)	(87.0, 0.0)	(88.0, 0.0)	(89.0, 0.0)	(90.0, 0.0)	(91.0, 0.0)	(92.0, 0.0)	(93.0, 0.0)	(94.0, 0.0)	(95.0, 0.0)	(96.0, 0.0)	(97.0, 0.0)	(98.0, 0.0)	(99.0, 0.0)	(100.0, 0.0)
SRR19621179_2	(0.0, 0.0)	(1.0, 0.0)	(2.0, 0.0)	(3.0, 0.0)	(4.0, 0.0)	(5.0, 0.0)	(6.0, 0.0)	(7.0, 0.0)	(8.0, 0.0)	(9.0, 0.0)	(10.0, 0.0)	(11.0, 0.0)	(12.0, 0.0)	(13.0, 0.0)	(14.0, 0.0)	(15.0, 0.0)	(16.0, 0.0)	(17.0, 0.0)	(18.0, 0.0)	(19.0, 0.0)	(20.0, 0.0)	(21.0, 0.0)	(22.0, 0.0)	(23.0, 0.0)	(24.0, 0.0)	(25.0, 0.0)	(26.0, 0.0)	(27.0, 0.0)	(28.0, 0.0)	(29.0, 0.0)	(30.0, 0.0)	(31.0, 0.3333333333333333)	(32.0, 0.0)	(33.0, 0.6666666666666666)	(34.0, 0.3333333333333333)	(35.0, 0.0)	(36.0, 1.0)	(37.0, 1.9999999999999998)	(38.0, 1.3333333333333333)	(39.0, 5.999999999999998)	(40.0, 17.000000000000007)	(41.0, 17.83333333333334)	(42.0, 19.666666666666664)	(43.0, 27.166666666666636)	(44.0, 33.66666666666663)	(45.0, 49.16666666666674)	(46.0, 58.83333333333348)	(47.0, 161.16666666666688)	(48.0, 296.8333333333339)	(49.0, 295.0000000000006)	(50.0, 394.16666666666174)	(51.0, 704.8333333333436)	(52.0, 1720.999999999888)	(53.0, 3277.0000000003724)	(54.0, 3078.1666666669485)	(55.0, 3829.5000000006235)	(56.0, 4196.333333333987)	(57.0, 2150.9999999998604)	(58.0, 270.66666666666873)	(59.0, 167.00000000000037)	(60.0, 398.99999999999477)	(61.0, 390.9999999999952)	(62.0, 52.33333333333343)	(63.0, 20.66666666666666)	(64.0, 22.999999999999986)	(65.0, 15.000000000000009)	(66.0, 22.33333333333332)	(67.0, 44.33333333333337)	(68.0, 40.00000000000001)	(69.0, 41.000000000000014)	(70.0, 64.00000000000017)	(71.0, 240.00000000000244)	(72.0, 557.9999999999935)	(73.0, 306.33333333333337)	(74.0, 66.00000000000014)	(75.0, 9.666666666666666)	(76.0, 2.333333333333333)	(77.0, 0.0)	(78.0, 1.3333333333333333)	(79.0, 0.0)	(80.0, 0.3333333333333333)	(81.0, 0.0)	(82.0, 0.0)	(83.0, 0.0)	(84.0, 0.0)	(85.0, 0.0)	(86.0, 0.0)	(87.0, 0.0)	(88.0, 0.0)	(89.0, 0.0)	(90.0, 0.0)	(91.0, 0.0)	(92.0, 0.0)	(93.0, 0.0)	(94.0, 0.0)	(95.0, 0.0)	(96.0, 0.3333333333333333)	(97.0, 0.0)	(98.0, 0.0)	(99.0, 0.0)	(100.0, 0.0)
SRR19621180_1	(0.0, 0.0)	(1.0, 0.0)	(2.0, 0.0)	(3.0, 0.0)	(4.0, 0.0)	(5.0, 0.0)	(6.0, 0.0)	(7.0, 0.0)	(8.0, 0.0)	(9.0, 0.0)	(10.0, 0.0)	(11.0, 0.0)	(12.0, 0.0)	(13.0, 0.0)	(14.0, 0.0)	(15.0, 0.0)	(16.0, 0.0)	(17.0, 0.0)	(18.0, 0.0)	(19.0, 0.0)	(20.0, 0.0)	(21.0, 0.0)	(22.0, 0.0)	(23.0, 0.0)	(24.0, 0.0)	(25.0, 0.0)	(26.0, 0.0)	(27.0, 0.0)	(28.0, 0.0)	(29.0, 0.0)	(30.0, 0.0)	(31.0, 0.0)	(32.0, 0.0)	(33.0, 0.0)	(34.0, 0.0)	(35.0, 0.0)	(36.0, 1.3333333333333333)	(37.0, 3.3333333333333335)	(38.0, 4.666666666666666)	(39.0, 11.66666666666667)	(40.0, 23.333333333333318)	(41.0, 30.333333333333293)	(42.0, 31.999999999999954)	(43.0, 60.333333333333485)	(44.0, 73.6666666666667)	(45.0, 104.33333333333293)	(46.0, 323.3333333333324)	(47.0, 715.3333333333447)	(48.0, 471.333333333324)	(49.0, 394.6666666666617)	(50.0, 586.6666666666634)	(51.0, 2859.6666666668493)	(52.0, 9912.000000000147)	(53.0, 14256.666666674717)	(54.0, 7419.999999997722)	(55.0, 3254.3333333336955)	(56.0, 698.3333333333428)	(57.0, 170.66666666666714)	(58.0, 69.33333333333343)	(59.0, 29.333333333333297)	(60.0, 17.66666666666667)	(61.0, 15.000000000000009)	(62.0, 14.333333333333341)	(63.0, 24.333333333333314)	(64.0, 70.33333333333341)	(65.0, 14.000000000000007)	(66.0, 7.9999999999999964)	(67.0, 16.666666666666675)	(68.0, 114.99999999999945)	(69.0, 212.00000000000165)	(70.0, 30.666666666666625)	(71.0, 7.666666666666663)	(72.0, 4.666666666666666)	(73.0, 1.0)	(74.0, 0.0)	(75.0, 0.0)	(76.0, 0.3333333333333333)	(77.0, 0.3333333333333333)	(78.0, 0.3333333333333333)	(79.0, 0.0)	(80.0, 0.0)	(81.0, 0.0)	(82.0, 0.0)	(83.0, 0.0)	(84.0, 0.0)	(85.0, 0.0)	(86.0, 0.0)	(87.0, 0.0)	(88.0, 0.0)	(89.0, 0.0)	(90.0, 0.0)	(91.0, 0.0)	(92.0, 0.0)	(93.0, 0.0)	(94.0, 0.0)	(95.0, 0.0)	(96.0, 0.0)	(97.0, 0.0)	(98.0, 0.0)	(99.0, 0.0)	(100.0, 0.0)
SRR19621180_2	(0.0, 0.0)	(1.0, 0.0)	(2.0, 0.0)	(3.0, 0.0)	(4.0, 0.0)	(5.0, 0.0)	(6.0, 0.0)	(7.0, 0.0)	(8.0, 0.0)	(9.0, 0.0)	(10.0, 0.0)	(11.0, 0.0)	(12.0, 0.0)	(13.0, 0.0)	(14.0, 0.0)	(15.0, 0.0)	(16.0, 0.0)	(17.0, 0.0)	(18.0, 0.0)	(19.0, 0.0)	(20.0, 0.0)	(21.0, 0.0)	(22.0, 0.0)	(23.0, 0.0)	(24.0, 0.0)	(25.0, 0.0)	(26.0, 0.0)	(27.0, 0.0)	(28.0, 0.0)	(29.0, 0.0)	(30.0, 0.0)	(31.0, 0.0)	(32.0, 0.3333333333333333)	(33.0, 0.3333333333333333)	(34.0, 0.3333333333333333)	(35.0, 0.3333333333333333)	(36.0, 1.1666666666666665)	(37.0, 3.166666666666667)	(38.0, 4.5)	(39.0, 7.166666666666664)	(40.0, 24.333333333333314)	(41.0, 32.333333333333286)	(42.0, 42.833333333333364)	(43.0, 60.66666666666683)	(44.0, 77.16666666666664)	(45.0, 91.49999999999979)	(46.0, 209.50000000000156)	(47.0, 420.16666666666026)	(48.0, 634.0000000000023)	(49.0, 451.3333333333252)	(50.0, 416.16666666666043)	(51.0, 659.000000000005)	(52.0, 4268.000000000588)	(53.0, 10420.500000001073)	(54.0, 9625.833333332961)	(55.0, 5198.999999999742)	(56.0, 5385.999999999572)	(57.0, 3326.6666666670617)	(58.0, 345.66666666666447)	(59.0, 89.33333333333314)	(60.0, 53.66666666666677)	(61.0, 37.33333333333332)	(62.0, 21.666666666666657)	(63.0, 13.000000000000005)	(64.0, 11.333333333333336)	(65.0, 10.333333333333334)	(66.0, 50.66666666666675)	(67.0, 63.66666666666684)	(68.0, 18.666666666666668)	(69.0, 12.333333333333337)	(70.0, 16.00000000000001)	(71.0, 56.00000000000012)	(72.0, 186.33333333333425)	(73.0, 63.333333333333506)	(74.0, 15.000000000000009)	(75.0, 4.0)	(76.0, 1.3333333333333333)	(77.0, 0.6666666666666666)	(78.0, 1.0)	(79.0, 0.6666666666666666)	(80.0, 0.0)	(81.0, 0.0)	(82.0, 0.0)	(83.0, 0.0)	(84.0, 0.0)	(85.0, 0.3333333333333333)	(86.0, 0.0)	(87.0, 0.0)	(88.0, 0.0)	(89.0, 0.0)	(90.0, 0.0)	(91.0, 0.0)	(92.0, 0.0)	(93.0, 0.0)	(94.0, 0.0)	(95.0, 0.0)	(96.0, 0.0)	(97.0, 0.0)	(98.0, 0.0)	(99.0, 0.0)	(100.0, 0.0)
SRR19621181_1	(0.0, 0.0)	(1.0, 0.0)	(2.0, 0.0)	(3.0, 0.0)	(4.0, 0.0)	(5.0, 0.0)	(6.0, 0.0)	(7.0, 0.0)	(8.0, 0.0)	(9.0, 0.0)	(10.0, 0.0)	(11.0, 0.0)	(12.0, 0.0)	(13.0, 0.0)	(14.0, 0.0)	(15.0, 0.0)	(16.0, 0.0)	(17.0, 0.0)	(18.0, 0.0)	(19.0, 0.0)	(20.0, 0.0)	(21.0, 0.0)	(22.0, 0.0)	(23.0, 0.0)	(24.0, 0.0)	(25.0, 0.0)	(26.0, 0.0)	(27.0, 0.0)	(28.0, 0.0)	(29.0, 0.0)	(30.0, 0.0)	(31.0, 0.3333333333333333)	(32.0, 0.3333333333333333)	(33.0, 0.0)	(34.0, 1.3333333333333333)	(35.0, 1.6666666666666665)	(36.0, 8.33333333333333)	(37.0, 12.666666666666671)	(38.0, 28.666666666666632)	(39.0, 78.3333333333333)	(40.0, 157.66666666666677)	(41.0, 219.00000000000185)	(42.0, 267.0000000000023)	(43.0, 373.6666666666629)	(44.0, 472.66666666665725)	(45.0, 507.33333333332195)	(46.0, 1009.0000000000448)	(47.0, 1690.6666666665615)	(48.0, 1184.3333333333433)	(49.0, 3634.6666666672018)	(50.0, 14826.000000009086)	(51.0, 15684.666666677314)	(52.0, 32696.66666661924)	(53.0, 44502.66666670436)	(54.0, 39235.999999999374)	(55.0, 28699.999999967113)	(56.0, 8015.333333330514)	(57.0, 9943.333333333538)	(58.0, 8907.999999998321)	(59.0, 1311.6666666666476)	(60.0, 523.6666666666563)	(61.0, 352.66666666666407)	(62.0, 234.66666666666896)	(63.0, 191.00000000000105)	(64.0, 256.3333333333362)	(65.0, 307.0)	(66.0, 469.99999999999073)	(67.0, 1089.0000000000316)	(68.0, 11322.333333336046)	(69.0, 11017.000000002157)	(70.0, 1828.66666666653)	(71.0, 867.0000000000286)	(72.0, 469.3333333333241)	(73.0, 200.666666666668)	(74.0, 83.33333333333323)	(75.0, 17.66666666666667)	(76.0, 3.3333333333333335)	(77.0, 1.3333333333333333)	(78.0, 0.3333333333333333)	(79.0, 0.3333333333333333)	(80.0, 0.0)	(81.0, 0.0)	(82.0, 0.0)	(83.0, 0.0)	(84.0, 0.3333333333333333)	(85.0, 0.3333333333333333)	(86.0, 0.0)	(87.0, 0.0)	(88.0, 0.0)	(89.0, 0.6666666666666666)	(90.0, 0.0)	(91.0, 0.0)	(92.0, 0.0)	(93.0, 0.0)	(94.0, 0.0)	(95.0, 0.0)	(96.0, 0.0)	(97.0, 0.0)	(98.0, 0.0)	(99.0, 0.0)	(100.0, 0.0)
SRR19621181_2	(0.0, 0.0)	(1.0, 0.0)	(2.0, 0.0)	(3.0, 0.0)	(4.0, 0.0)	(5.0, 0.0)	(6.0, 0.0)	(7.0, 0.0)	(8.0, 0.0)	(9.0, 0.0)	(10.0, 0.0)	(11.0, 0.0)	(12.0, 0.0)	(13.0, 0.0)	(14.0, 0.0)	(15.0, 0.0)	(16.0, 0.0)	(17.0, 0.0)	(18.0, 0.0)	(19.0, 0.0)	(20.0, 0.0)	(21.0, 0.0)	(22.0, 0.3333333333333333)	(23.0, 0.0)	(24.0, 0.0)	(25.0, 0.0)	(26.0, 0.0)	(27.0, 0.3333333333333333)	(28.0, 0.3333333333333333)	(29.0, 0.0)	(30.0, 0.3333333333333333)	(31.0, 0.6666666666666666)	(32.0, 1.3333333333333333)	(33.0, 0.0)	(34.0, 0.0)	(35.0, 1.6666666666666665)	(36.0, 11.833333333333337)	(37.0, 20.166666666666664)	(38.0, 22.33333333333332)	(39.0, 75.83333333333333)	(40.0, 194.5000000000011)	(41.0, 251.00000000000276)	(42.0, 306.3333333333334)	(43.0, 390.8333333333287)	(44.0, 478.3333333333239)	(45.0, 532.4999999999909)	(46.0, 759.6666666666831)	(47.0, 1655.16666666657)	(48.0, 1730.6666666665533)	(49.0, 4439.000000000432)	(50.0, 9494.499999999389)	(51.0, 11810.833333336936)	(52.0, 10732.00000000164)	(53.0, 27225.83333330581)	(54.0, 43002.66666669345)	(55.0, 38770.83333332933)	(56.0, 31180.833333291423)	(57.0, 10495.333333334542)	(58.0, 2657.0000000000905)	(59.0, 2045.3333333331475)	(60.0, 7613.999999997545)	(61.0, 8456.666666664167)	(62.0, 2060.666666666486)	(63.0, 910.6666666667003)	(64.0, 639.3333333333361)	(65.0, 579.3333333333293)	(66.0, 615.0)	(67.0, 759.6666666666831)	(68.0, 891.0000000000314)	(69.0, 1020.3333333333794)	(70.0, 1453.9999999999486)	(71.0, 3889.3333333339842)	(72.0, 8243.333333330445)	(73.0, 5518.333333332785)	(74.0, 1473.6666666666108)	(75.0, 301.00000000000034)	(76.0, 98.33333333333302)	(77.0, 48.3333333333334)	(78.0, 26.99999999999997)	(79.0, 17.33333333333334)	(80.0, 13.33333333333334)	(81.0, 4.666666666666666)	(82.0, 1.6666666666666665)	(83.0, 1.6666666666666665)	(84.0, 1.3333333333333333)	(85.0, 2.6666666666666665)	(86.0, 2.6666666666666665)	(87.0, 1.9999999999999998)	(88.0, 1.0)	(89.0, 1.0)	(90.0, 0.6666666666666666)	(91.0, 0.0)	(92.0, 0.0)	(93.0, 0.3333333333333333)	(94.0, 0.3333333333333333)	(95.0, 0.3333333333333333)	(96.0, 1.0)	(97.0, 0.6666666666666666)	(98.0, 1.0)	(99.0, 1.3333333333333333)	(100.0, 3.5)
SRR19621182_1	(0.0, 0.0)	(1.0, 0.0)	(2.0, 0.0)	(3.0, 0.0)	(4.0, 0.0)	(5.0, 0.0)	(6.0, 0.0)	(7.0, 0.0)	(8.0, 0.0)	(9.0, 0.0)	(10.0, 0.0)	(11.0, 0.0)	(12.0, 0.0)	(13.0, 0.0)	(14.0, 0.0)	(15.0, 0.0)	(16.0, 0.0)	(17.0, 0.0)	(18.0, 0.0)	(19.0, 0.0)	(20.0, 0.0)	(21.0, 0.0)	(22.0, 0.0)	(23.0, 0.0)	(24.0, 0.0)	(25.0, 0.0)	(26.0, 0.0)	(27.0, 0.0)	(28.0, 0.0)	(29.0, 0.0)	(30.0, 0.0)	(31.0, 0.0)	(32.0, 0.0)	(33.0, 0.0)	(34.0, 0.0)	(35.0, 0.3333333333333333)	(36.0, 1.9999999999999998)	(37.0, 3.666666666666667)	(38.0, 4.666666666666666)	(39.0, 12.333333333333337)	(40.0, 22.666666666666654)	(41.0, 30.666666666666625)	(42.0, 37.33333333333332)	(43.0, 57.333333333333464)	(44.0, 68.66666666666677)	(45.0, 110.66666666666617)	(46.0, 233.3333333333356)	(47.0, 306.33333333333337)	(48.0, 469.6666666666574)	(49.0, 701.3333333333431)	(50.0, 2318.999999999937)	(51.0, 4567.3333333336495)	(52.0, 6709.9999999983675)	(53.0, 8652.666666664523)	(54.0, 7821.999999997356)	(55.0, 4093.0000000007435)	(56.0, 1155.3333333333499)	(57.0, 402.66666666666123)	(58.0, 244.66666666666924)	(59.0, 61.66666666666683)	(60.0, 30.333333333333293)	(61.0, 19.333333333333332)	(62.0, 14.000000000000007)	(63.0, 9.333333333333332)	(64.0, 22.999999999999986)	(65.0, 30.999999999999957)	(66.0, 18.666666666666668)	(67.0, 5.333333333333332)	(68.0, 17.000000000000007)	(69.0, 45.666666666666714)	(70.0, 4.999999999999999)	(71.0, 1.3333333333333333)	(72.0, 0.3333333333333333)	(73.0, 0.0)	(74.0, 0.3333333333333333)	(75.0, 0.3333333333333333)	(76.0, 0.0)	(77.0, 0.3333333333333333)	(78.0, 0.0)	(79.0, 0.0)	(80.0, 0.0)	(81.0, 0.0)	(82.0, 0.0)	(83.0, 0.0)	(84.0, 0.0)	(85.0, 0.0)	(86.0, 0.0)	(87.0, 0.0)	(88.0, 0.0)	(89.0, 0.0)	(90.0, 0.0)	(91.0, 0.0)	(92.0, 0.0)	(93.0, 0.0)	(94.0, 0.0)	(95.0, 0.0)	(96.0, 0.0)	(97.0, 0.0)	(98.0, 0.0)	(99.0, 0.0)	(100.0, 0.0)
SRR19621182_2	(0.0, 0.0)	(1.0, 0.0)	(2.0, 0.0)	(3.0, 0.0)	(4.0, 0.0)	(5.0, 0.0)	(6.0, 0.0)	(7.0, 0.0)	(8.0, 0.0)	(9.0, 0.0)	(10.0, 0.0)	(11.0, 0.0)	(12.0, 0.0)	(13.0, 0.0)	(14.0, 0.0)	(15.0, 0.0)	(16.0, 0.0)	(17.0, 0.0)	(18.0, 0.0)	(19.0, 0.0)	(20.0, 0.0)	(21.0, 0.0)	(22.0, 0.0)	(23.0, 0.0)	(24.0, 0.0)	(25.0, 0.0)	(26.0, 0.0)	(27.0, 0.0)	(28.0, 0.0)	(29.0, 0.0)	(30.0, 0.0)	(31.0, 0.0)	(32.0, 0.0)	(33.0, 0.0)	(34.0, 0.0)	(35.0, 0.3333333333333333)	(36.0, 2.1666666666666665)	(37.0, 3.166666666666667)	(38.0, 4.0)	(39.0, 7.666666666666663)	(40.0, 28.499999999999968)	(41.0, 39.5)	(42.0, 46.50000000000005)	(43.0, 59.333333333333485)	(44.0, 68.00000000000011)	(45.0, 87.33333333333319)	(46.0, 108.3333333333329)	(47.0, 254.50000000000284)	(48.0, 447.83333333332536)	(49.0, 575.4999999999955)	(50.0, 935.0000000000365)	(51.0, 1988.4999999998272)	(52.0, 3669.5000000005507)	(53.0, 7278.666666664516)	(54.0, 7859.9999999973215)	(55.0, 7255.333333331205)	(56.0, 4526.333333333687)	(57.0, 1610.3333333332464)	(58.0, 349.3333333333309)	(59.0, 121.66666666666602)	(60.0, 201.33333333333468)	(61.0, 197.33333333333456)	(62.0, 41.000000000000014)	(63.0, 16.00000000000001)	(64.0, 11.66666666666667)	(65.0, 6.999999999999997)	(66.0, 10.666666666666668)	(67.0, 30.666666666666625)	(68.0, 23.999999999999982)	(69.0, 7.33333333333333)	(70.0, 5.666666666666665)	(71.0, 8.666666666666664)	(72.0, 38.666666666666664)	(73.0, 8.999999999999998)	(74.0, 1.0)	(75.0, 0.0)	(76.0, 0.0)	(77.0, 0.0)	(78.0, 0.0)	(79.0, 0.0)	(80.0, 0.6666666666666666)	(81.0, 0.3333333333333333)	(82.0, 0.0)	(83.0, 0.0)	(84.0, 0.0)	(85.0, 0.0)	(86.0, 0.0)	(87.0, 0.0)	(88.0, 0.0)	(89.0, 0.0)	(90.0, 0.0)	(91.0, 0.0)	(92.0, 0.0)	(93.0, 0.6666666666666666)	(94.0, 0.3333333333333333)	(95.0, 0.3333333333333333)	(96.0, 0.6666666666666666)	(97.0, 0.3333333333333333)	(98.0, 0.0)	(99.0, 0.3333333333333333)	(100.0, 0.0)
SRR19621183_1	(0.0, 0.0)	(1.0, 0.0)	(2.0, 0.0)	(3.0, 0.0)	(4.0, 0.0)	(5.0, 0.0)	(6.0, 0.0)	(7.0, 0.0)	(8.0, 0.0)	(9.0, 0.0)	(10.0, 0.0)	(11.0, 0.0)	(12.0, 0.0)	(13.0, 0.0)	(14.0, 0.0)	(15.0, 0.0)	(16.0, 0.0)	(17.0, 0.0)	(18.0, 0.0)	(19.0, 0.0)	(20.0, 0.0)	(21.0, 0.0)	(22.0, 0.0)	(23.0, 0.0)	(24.0, 0.0)	(25.0, 0.0)	(26.0, 0.0)	(27.0, 0.0)	(28.0, 0.0)	(29.0, 0.0)	(30.0, 0.0)	(31.0, 0.0)	(32.0, 0.0)	(33.0, 0.0)	(34.0, 0.0)	(35.0, 0.0)	(36.0, 1.0)	(37.0, 2.333333333333333)	(38.0, 10.666666666666668)	(39.0, 21.666666666666657)	(40.0, 15.000000000000009)	(41.0, 20.66666666666666)	(42.0, 24.666666666666647)	(43.0, 36.66666666666665)	(44.0, 39.333333333333336)	(45.0, 78.99999999999996)	(46.0, 151.6666666666666)	(47.0, 207.0000000000015)	(48.0, 364.3333333333301)	(49.0, 431.6666666666596)	(50.0, 1259.6666666666595)	(51.0, 2040.666666666482)	(52.0, 2967.333333333565)	(53.0, 6525.999999998535)	(54.0, 4232.000000000621)	(55.0, 2208.6666666665533)	(56.0, 570.6666666666616)	(57.0, 1179.6666666666777)	(58.0, 1091.6666666666977)	(59.0, 120.3333333333327)	(60.0, 38.666666666666664)	(61.0, 17.000000000000007)	(62.0, 5.666666666666665)	(63.0, 4.666666666666666)	(64.0, 10.0)	(65.0, 11.333333333333336)	(66.0, 4.333333333333333)	(67.0, 1.9999999999999998)	(68.0, 6.999999999999997)	(69.0, 20.66666666666666)	(70.0, 3.3333333333333335)	(71.0, 0.6666666666666666)	(72.0, 0.3333333333333333)	(73.0, 0.3333333333333333)	(74.0, 0.0)	(75.0, 0.0)	(76.0, 0.0)	(77.0, 0.0)	(78.0, 0.0)	(79.0, 0.0)	(80.0, 0.0)	(81.0, 0.0)	(82.0, 0.0)	(83.0, 0.3333333333333333)	(84.0, 0.3333333333333333)	(85.0, 0.0)	(86.0, 0.0)	(87.0, 0.0)	(88.0, 0.0)	(89.0, 0.3333333333333333)	(90.0, 0.3333333333333333)	(91.0, 0.0)	(92.0, 0.0)	(93.0, 0.0)	(94.0, 0.0)	(95.0, 0.0)	(96.0, 0.0)	(97.0, 0.0)	(98.0, 0.0)	(99.0, 0.0)	(100.0, 0.0)
SRR19621183_2	(0.0, 0.0)	(1.0, 0.0)	(2.0, 0.0)	(3.0, 0.0)	(4.0, 0.0)	(5.0, 0.0)	(6.0, 0.0)	(7.0, 0.0)	(8.0, 0.0)	(9.0, 0.0)	(10.0, 0.0)	(11.0, 0.0)	(12.0, 0.0)	(13.0, 0.0)	(14.0, 0.0)	(15.0, 0.0)	(16.0, 0.0)	(17.0, 0.0)	(18.0, 0.0)	(19.0, 0.0)	(20.0, 0.0)	(21.0, 0.0)	(22.0, 0.0)	(23.0, 0.0)	(24.0, 0.0)	(25.0, 0.0)	(26.0, 0.0)	(27.0, 0.0)	(28.0, 0.0)	(29.0, 0.0)	(30.0, 0.0)	(31.0, 0.0)	(32.0, 0.0)	(33.0, 0.3333333333333333)	(34.0, 0.0)	(35.0, 0.0)	(36.0, 1.3333333333333333)	(37.0, 1.833333333333333)	(38.0, 3.5000000000000004)	(39.0, 10.333333333333334)	(40.0, 17.33333333333334)	(41.0, 27.333333333333304)	(42.0, 37.33333333333332)	(43.0, 40.000000000000014)	(44.0, 48.16666666666673)	(45.0, 63.16666666666684)	(46.0, 78.3333333333333)	(47.0, 208.50000000000156)	(48.0, 354.66666666666396)	(49.0, 337.8333333333316)	(50.0, 572.9999999999952)	(51.0, 1406.4999999999595)	(52.0, 1681.1666666665637)	(53.0, 3250.00000000036)	(54.0, 5940.833333332401)	(55.0, 3596.500000000518)	(56.0, 2415.999999999981)	(57.0, 989.6666666667093)	(58.0, 187.33333333333428)	(59.0, 125.99999999999929)	(60.0, 1034.000000000044)	(61.0, 1144.3333333333524)	(62.0, 129.66666666666598)	(63.0, 41.33333333333335)	(64.0, 16.00000000000001)	(65.0, 5.666666666666665)	(66.0, 7.33333333333333)	(67.0, 14.000000000000007)	(68.0, 5.999999999999998)	(69.0, 3.3333333333333335)	(70.0, 1.9999999999999998)	(71.0, 4.333333333333333)	(72.0, 19.666666666666664)	(73.0, 5.666666666666665)	(74.0, 1.0)	(75.0, 0.3333333333333333)	(76.0, 0.3333333333333333)	(77.0, 0.6666666666666666)	(78.0, 0.0)	(79.0, 0.0)	(80.0, 0.0)	(81.0, 0.0)	(82.0, 0.3333333333333333)	(83.0, 0.0)	(84.0, 0.0)	(85.0, 0.0)	(86.0, 0.0)	(87.0, 0.3333333333333333)	(88.0, 0.3333333333333333)	(89.0, 0.0)	(90.0, 0.0)	(91.0, 0.0)	(92.0, 0.0)	(93.0, 0.0)	(94.0, 0.0)	(95.0, 0.0)	(96.0, 0.0)	(97.0, 0.0)	(98.0, 0.0)	(99.0, 0.0)	(100.0, 0.0)
SRR19621184_1	(0.0, 0.0)	(1.0, 0.0)	(2.0, 0.0)	(3.0, 0.0)	(4.0, 0.0)	(5.0, 0.0)	(6.0, 0.0)	(7.0, 0.0)	(8.0, 0.0)	(9.0, 0.0)	(10.0, 0.0)	(11.0, 0.0)	(12.0, 0.0)	(13.0, 0.0)	(14.0, 0.0)	(15.0, 0.0)	(16.0, 0.0)	(17.0, 0.0)	(18.0, 0.0)	(19.0, 0.0)	(20.0, 0.0)	(21.0, 0.0)	(22.0, 0.0)	(23.0, 0.0)	(24.0, 0.0)	(25.0, 0.0)	(26.0, 0.0)	(27.0, 0.0)	(28.0, 0.0)	(29.0, 0.0)	(30.0, 0.0)	(31.0, 0.0)	(32.0, 0.0)	(33.0, 0.0)	(34.0, 0.0)	(35.0, 0.3333333333333333)	(36.0, 1.0)	(37.0, 4.0)	(38.0, 13.33333333333334)	(39.0, 15.333333333333343)	(40.0, 18.333333333333336)	(41.0, 23.333333333333318)	(42.0, 34.99999999999997)	(43.0, 36.999999999999986)	(44.0, 44.000000000000036)	(45.0, 81.99999999999991)	(46.0, 209.00000000000156)	(47.0, 309.3333333333332)	(48.0, 517.6666666666556)	(49.0, 640.0000000000028)	(50.0, 1098.3333333333628)	(51.0, 2481.0000000000105)	(52.0, 3448.00000000045)	(53.0, 6370.666666665343)	(54.0, 4463.666666667077)	(55.0, 2247.3333333332375)	(56.0, 729.6666666666797)	(57.0, 1504.6666666666038)	(58.0, 1371.666666666634)	(59.0, 177.333333333334)	(60.0, 76.0)	(61.0, 31.33333333333329)	(62.0, 14.666666666666675)	(63.0, 9.666666666666666)	(64.0, 8.33333333333333)	(65.0, 15.000000000000009)	(66.0, 13.000000000000005)	(67.0, 6.999999999999997)	(68.0, 16.666666666666675)	(69.0, 51.66666666666676)	(70.0, 6.333333333333331)	(71.0, 2.333333333333333)	(72.0, 1.0)	(73.0, 0.3333333333333333)	(74.0, 0.0)	(75.0, 0.3333333333333333)	(76.0, 0.0)	(77.0, 0.3333333333333333)	(78.0, 0.0)	(79.0, 0.0)	(80.0, 0.0)	(81.0, 0.0)	(82.0, 0.0)	(83.0, 0.0)	(84.0, 0.0)	(85.0, 0.0)	(86.0, 0.0)	(87.0, 0.0)	(88.0, 0.0)	(89.0, 0.0)	(90.0, 0.0)	(91.0, 0.0)	(92.0, 0.0)	(93.0, 0.0)	(94.0, 0.0)	(95.0, 0.0)	(96.0, 0.0)	(97.0, 0.0)	(98.0, 0.0)	(99.0, 0.0)	(100.0, 0.0)
SRR19621184_2	(0.0, 0.0)	(1.0, 0.0)	(2.0, 0.0)	(3.0, 0.0)	(4.0, 0.0)	(5.0, 0.0)	(6.0, 0.0)	(7.0, 0.0)	(8.0, 0.0)	(9.0, 0.0)	(10.0, 0.0)	(11.0, 0.0)	(12.0, 0.0)	(13.0, 0.0)	(14.0, 0.0)	(15.0, 0.0)	(16.0, 0.0)	(17.0, 0.0)	(18.0, 0.0)	(19.0, 0.0)	(20.0, 0.0)	(21.0, 0.0)	(22.0, 0.0)	(23.0, 0.0)	(24.0, 0.0)	(25.0, 0.0)	(26.0, 0.0)	(27.0, 0.0)	(28.0, 0.0)	(29.0, 0.0)	(30.0, 0.0)	(31.0, 0.0)	(32.0, 0.0)	(33.0, 0.0)	(34.0, 0.0)	(35.0, 0.0)	(36.0, 1.0)	(37.0, 1.833333333333333)	(38.0, 3.5000000000000004)	(39.0, 8.33333333333333)	(40.0, 18.5)	(41.0, 39.33333333333334)	(42.0, 42.833333333333364)	(43.0, 44.00000000000004)	(44.0, 50.00000000000008)	(45.0, 71.50000000000007)	(46.0, 101.16666666666632)	(47.0, 265.3333333333357)	(48.0, 530.4999999999905)	(49.0, 547.8333333333258)	(50.0, 583.9999999999965)	(51.0, 1425.999999999955)	(52.0, 2098.33333333317)	(53.0, 3608.833333333857)	(54.0, 5849.666666665816)	(55.0, 4107.000000000735)	(56.0, 2396.166666666639)	(57.0, 914.000000000034)	(58.0, 240.00000000000244)	(59.0, 199.66666666666796)	(60.0, 1317.333333333313)	(61.0, 1414.6666666666242)	(62.0, 199.66666666666796)	(63.0, 45.00000000000004)	(64.0, 20.999999999999993)	(65.0, 15.333333333333343)	(66.0, 13.33333333333334)	(67.0, 16.666666666666675)	(68.0, 18.666666666666668)	(69.0, 5.666666666666665)	(70.0, 3.3333333333333335)	(71.0, 14.333333333333341)	(72.0, 44.000000000000036)	(73.0, 8.666666666666664)	(74.0, 1.3333333333333333)	(75.0, 0.0)	(76.0, 0.0)	(77.0, 0.3333333333333333)	(78.0, 0.0)	(79.0, 0.3333333333333333)	(80.0, 0.6666666666666666)	(81.0, 0.3333333333333333)	(82.0, 0.0)	(83.0, 0.0)	(84.0, 0.0)	(85.0, 0.0)	(86.0, 0.0)	(87.0, 0.0)	(88.0, 0.0)	(89.0, 0.0)	(90.0, 0.0)	(91.0, 0.0)	(92.0, 1.0)	(93.0, 0.0)	(94.0, 0.0)	(95.0, 0.0)	(96.0, 0.0)	(97.0, 0.3333333333333333)	(98.0, 0.3333333333333333)	(99.0, 0.0)	(100.0, 0.0)
SRR19621185_1	(0.0, 0.0)	(1.0, 0.0)	(2.0, 0.0)	(3.0, 0.0)	(4.0, 0.0)	(5.0, 0.0)	(6.0, 0.0)	(7.0, 0.0)	(8.0, 0.0)	(9.0, 0.0)	(10.0, 0.0)	(11.0, 0.0)	(12.0, 0.0)	(13.0, 0.0)	(14.0, 0.0)	(15.0, 0.0)	(16.0, 0.0)	(17.0, 0.0)	(18.0, 0.0)	(19.0, 0.0)	(20.0, 0.0)	(21.0, 0.0)	(22.0, 0.0)	(23.0, 0.0)	(24.0, 0.0)	(25.0, 0.0)	(26.0, 0.0)	(27.0, 0.0)	(28.0, 0.0)	(29.0, 0.0)	(30.0, 0.0)	(31.0, 0.0)	(32.0, 0.0)	(33.0, 0.0)	(34.0, 0.0)	(35.0, 0.0)	(36.0, 0.3333333333333333)	(37.0, 0.3333333333333333)	(38.0, 9.333333333333332)	(39.0, 13.666666666666673)	(40.0, 4.666666666666666)	(41.0, 5.666666666666665)	(42.0, 8.33333333333333)	(43.0, 6.333333333333331)	(44.0, 10.666666666666668)	(45.0, 45.33333333333338)	(46.0, 190.00000000000102)	(47.0, 133.6666666666661)	(48.0, 95.99999999999972)	(49.0, 80.6666666666666)	(50.0, 321.99999999999915)	(51.0, 687.3333333333416)	(52.0, 653.0000000000043)	(53.0, 719.3333333333452)	(54.0, 901.3333333333659)	(55.0, 600.666666666665)	(56.0, 149.66666666666654)	(57.0, 33.66666666666663)	(58.0, 12.666666666666671)	(59.0, 5.666666666666665)	(60.0, 3.3333333333333335)	(61.0, 4.333333333333333)	(62.0, 3.666666666666667)	(63.0, 1.3333333333333333)	(64.0, 3.666666666666667)	(65.0, 2.333333333333333)	(66.0, 3.0)	(67.0, 6.999999999999997)	(68.0, 38.33333333333333)	(69.0, 30.333333333333293)	(70.0, 4.333333333333333)	(71.0, 3.3333333333333335)	(72.0, 1.9999999999999998)	(73.0, 1.3333333333333333)	(74.0, 0.6666666666666666)	(75.0, 0.3333333333333333)	(76.0, 0.0)	(77.0, 0.0)	(78.0, 0.0)	(79.0, 0.0)	(80.0, 0.0)	(81.0, 0.0)	(82.0, 0.0)	(83.0, 0.0)	(84.0, 0.0)	(85.0, 0.0)	(86.0, 0.0)	(87.0, 0.0)	(88.0, 0.0)	(89.0, 0.0)	(90.0, 0.0)	(91.0, 0.0)	(92.0, 0.0)	(93.0, 0.0)	(94.0, 0.0)	(95.0, 0.0)	(96.0, 0.0)	(97.0, 0.0)	(98.0, 0.0)	(99.0, 0.0)	(100.0, 0.0)
SRR19621185_2	(0.0, 0.0)	(1.0, 0.0)	(2.0, 0.0)	(3.0, 0.0)	(4.0, 0.0)	(5.0, 0.0)	(6.0, 0.0)	(7.0, 0.0)	(8.0, 0.0)	(9.0, 0.0)	(10.0, 0.0)	(11.0, 0.0)	(12.0, 0.0)	(13.0, 0.0)	(14.0, 0.0)	(15.0, 0.0)	(16.0, 0.0)	(17.0, 0.0)	(18.0, 0.0)	(19.0, 0.0)	(20.0, 0.0)	(21.0, 0.0)	(22.0, 0.0)	(23.0, 0.0)	(24.0, 0.0)	(25.0, 0.0)	(26.0, 0.0)	(27.0, 0.0)	(28.0, 0.0)	(29.0, 0.0)	(30.0, 0.0)	(31.0, 0.0)	(32.0, 0.0)	(33.0, 0.0)	(34.0, 0.6666666666666666)	(35.0, 1.0)	(36.0, 1.0)	(37.0, 1.0)	(38.0, 0.3333333333333333)	(39.0, 1.9999999999999998)	(40.0, 5.666666666666665)	(41.0, 16.00000000000001)	(42.0, 14.500000000000007)	(43.0, 9.833333333333334)	(44.0, 11.333333333333336)	(45.0, 13.666666666666673)	(46.0, 30.666666666666625)	(47.0, 183.50000000000085)	(48.0, 144.8333333333331)	(49.0, 73.6666666666667)	(50.0, 127.99999999999926)	(51.0, 279.3333333333349)	(52.0, 529.666666666657)	(53.0, 631.0000000000018)	(54.0, 663.0000000000055)	(55.0, 872.666666666696)	(56.0, 758.3333333333496)	(57.0, 236.66666666666902)	(58.0, 48.666666666666735)	(59.0, 19.0)	(60.0, 9.333333333333332)	(61.0, 5.333333333333332)	(62.0, 2.6666666666666665)	(63.0, 2.333333333333333)	(64.0, 5.666666666666665)	(65.0, 3.0)	(66.0, 4.0)	(67.0, 6.666666666666664)	(68.0, 3.3333333333333335)	(69.0, 3.3333333333333335)	(70.0, 4.666666666666666)	(71.0, 19.999999999999996)	(72.0, 30.999999999999957)	(73.0, 15.000000000000009)	(74.0, 4.333333333333333)	(75.0, 1.0)	(76.0, 0.0)	(77.0, 0.0)	(78.0, 0.0)	(79.0, 0.0)	(80.0, 0.0)	(81.0, 0.0)	(82.0, 0.0)	(83.0, 0.0)	(84.0, 0.0)	(85.0, 0.0)	(86.0, 0.0)	(87.0, 0.0)	(88.0, 0.0)	(89.0, 0.0)	(90.0, 0.0)	(91.0, 0.0)	(92.0, 0.0)	(93.0, 0.0)	(94.0, 0.0)	(95.0, 0.0)	(96.0, 0.0)	(97.0, 0.0)	(98.0, 0.0)	(99.0, 0.0)	(100.0, 0.0)
SRR19621186_1	(0.0, 0.0)	(1.0, 0.0)	(2.0, 0.0)	(3.0, 0.0)	(4.0, 0.0)	(5.0, 0.0)	(6.0, 0.0)	(7.0, 0.0)	(8.0, 0.0)	(9.0, 0.0)	(10.0, 0.0)	(11.0, 0.0)	(12.0, 0.0)	(13.0, 0.0)	(14.0, 0.0)	(15.0, 0.0)	(16.0, 0.0)	(17.0, 0.0)	(18.0, 0.0)	(19.0, 0.0)	(20.0, 0.0)	(21.0, 0.0)	(22.0, 0.0)	(23.0, 0.0)	(24.0, 0.0)	(25.0, 0.0)	(26.0, 0.0)	(27.0, 0.0)	(28.0, 0.0)	(29.0, 0.0)	(30.0, 0.0)	(31.0, 0.0)	(32.0, 0.0)	(33.0, 0.6666666666666666)	(34.0, 0.0)	(35.0, 0.3333333333333333)	(36.0, 1.9999999999999998)	(37.0, 1.9999999999999998)	(38.0, 2.333333333333333)	(39.0, 9.666666666666666)	(40.0, 18.666666666666668)	(41.0, 20.66666666666666)	(42.0, 31.33333333333329)	(43.0, 36.333333333333314)	(44.0, 47.33333333333339)	(45.0, 57.6666666666668)	(46.0, 147.33333333333314)	(47.0, 160.66666666666686)	(48.0, 135.9999999999995)	(49.0, 178.66666666666737)	(50.0, 989.3333333333759)	(51.0, 3194.0000000003347)	(52.0, 5881.9999999991205)	(53.0, 7600.333333330891)	(54.0, 3468.0000000004593)	(55.0, 1829.3333333331966)	(56.0, 579.3333333333293)	(57.0, 133.6666666666661)	(58.0, 62.00000000000016)	(59.0, 31.999999999999954)	(60.0, 19.666666666666664)	(61.0, 16.666666666666675)	(62.0, 15.000000000000009)	(63.0, 9.666666666666666)	(64.0, 15.333333333333343)	(65.0, 17.66666666666667)	(66.0, 13.666666666666673)	(67.0, 22.33333333333332)	(68.0, 164.00000000000028)	(69.0, 150.33333333333323)	(70.0, 25.33333333333331)	(71.0, 14.000000000000007)	(72.0, 7.33333333333333)	(73.0, 3.0)	(74.0, 1.3333333333333333)	(75.0, 0.6666666666666666)	(76.0, 0.3333333333333333)	(77.0, 0.0)	(78.0, 0.0)	(79.0, 0.0)	(80.0, 0.0)	(81.0, 0.0)	(82.0, 0.0)	(83.0, 0.0)	(84.0, 0.0)	(85.0, 0.0)	(86.0, 0.0)	(87.0, 0.0)	(88.0, 0.0)	(89.0, 0.0)	(90.0, 0.0)	(91.0, 0.0)	(92.0, 0.0)	(93.0, 0.0)	(94.0, 0.0)	(95.0, 0.0)	(96.0, 0.0)	(97.0, 0.0)	(98.0, 0.0)	(99.0, 0.0)	(100.0, 0.0)
SRR19621186_2	(0.0, 0.0)	(1.0, 0.0)	(2.0, 0.0)	(3.0, 0.0)	(4.0, 0.0)	(5.0, 0.0)	(6.0, 0.0)	(7.0, 0.0)	(8.0, 0.0)	(9.0, 0.0)	(10.0, 0.0)	(11.0, 0.0)	(12.0, 0.0)	(13.0, 0.0)	(14.0, 0.0)	(15.0, 0.0)	(16.0, 0.0)	(17.0, 0.0)	(18.0, 0.0)	(19.0, 0.0)	(20.0, 0.0)	(21.0, 0.0)	(22.0, 0.0)	(23.0, 0.0)	(24.0, 0.0)	(25.0, 0.0)	(26.0, 0.0)	(27.0, 0.0)	(28.0, 0.0)	(29.0, 0.3333333333333333)	(30.0, 0.3333333333333333)	(31.0, 1.0)	(32.0, 1.3333333333333333)	(33.0, 0.3333333333333333)	(34.0, 0.3333333333333333)	(35.0, 0.6666666666666666)	(36.0, 1.3333333333333333)	(37.0, 2.6666666666666665)	(38.0, 3.666666666666667)	(39.0, 7.33333333333333)	(40.0, 20.166666666666664)	(41.0, 26.999999999999975)	(42.0, 27.833333333333304)	(43.0, 38.166666666666664)	(44.0, 49.00000000000007)	(45.0, 54.83333333333344)	(46.0, 61.000000000000156)	(47.0, 160.3333333333335)	(48.0, 173.50000000000057)	(49.0, 117.33333333333276)	(50.0, 298.00000000000045)	(51.0, 866.1666666666953)	(52.0, 2764.000000000139)	(53.0, 4729.333333333502)	(54.0, 7411.666666664396)	(55.0, 3974.333333334023)	(56.0, 2353.3333333332857)	(57.0, 1006.3333333333778)	(58.0, 195.66666666666785)	(59.0, 101.33333333333297)	(60.0, 46.00000000000005)	(61.0, 29.99999999999996)	(62.0, 20.33333333333333)	(63.0, 16.00000000000001)	(64.0, 19.333333333333332)	(65.0, 15.333333333333343)	(66.0, 15.000000000000009)	(67.0, 17.000000000000007)	(68.0, 20.33333333333333)	(69.0, 18.000000000000004)	(70.0, 28.666666666666632)	(71.0, 64.00000000000017)	(72.0, 136.66666666666617)	(73.0, 73.00000000000004)	(74.0, 16.333333333333343)	(75.0, 3.666666666666667)	(76.0, 0.6666666666666666)	(77.0, 0.0)	(78.0, 0.3333333333333333)	(79.0, 0.3333333333333333)	(80.0, 0.3333333333333333)	(81.0, 0.6666666666666666)	(82.0, 0.3333333333333333)	(83.0, 0.0)	(84.0, 0.0)	(85.0, 0.3333333333333333)	(86.0, 0.3333333333333333)	(87.0, 0.0)	(88.0, 0.0)	(89.0, 0.0)	(90.0, 0.0)	(91.0, 0.0)	(92.0, 0.0)	(93.0, 0.0)	(94.0, 0.0)	(95.0, 0.0)	(96.0, 0.0)	(97.0, 0.0)	(98.0, 0.3333333333333333)	(99.0, 0.3333333333333333)	(100.0, 0.0)
SRR19621187_1	(0.0, 0.0)	(1.0, 0.0)	(2.0, 0.0)	(3.0, 0.0)	(4.0, 0.0)	(5.0, 0.0)	(6.0, 0.0)	(7.0, 0.0)	(8.0, 0.0)	(9.0, 0.0)	(10.0, 0.0)	(11.0, 0.0)	(12.0, 0.0)	(13.0, 0.0)	(14.0, 0.0)	(15.0, 0.0)	(16.0, 0.0)	(17.0, 0.0)	(18.0, 0.0)	(19.0, 0.0)	(20.0, 0.0)	(21.0, 0.0)	(22.0, 0.0)	(23.0, 0.0)	(24.0, 0.0)	(25.0, 0.0)	(26.0, 0.0)	(27.0, 0.0)	(28.0, 0.0)	(29.0, 0.0)	(30.0, 0.0)	(31.0, 0.0)	(32.0, 1.0)	(33.0, 0.0)	(34.0, 0.0)	(35.0, 0.0)	(36.0, 1.3333333333333333)	(37.0, 2.6666666666666665)	(38.0, 2.6666666666666665)	(39.0, 7.33333333333333)	(40.0, 12.666666666666671)	(41.0, 21.666666666666657)	(42.0, 28.999999999999964)	(43.0, 33.66666666666663)	(44.0, 51.000000000000085)	(45.0, 64.00000000000017)	(46.0, 98.66666666666634)	(47.0, 92.3333333333331)	(48.0, 140.6666666666663)	(49.0, 177.66666666666734)	(50.0, 751.3333333333488)	(51.0, 2723.333333333454)	(52.0, 4863.000000000047)	(53.0, 6342.999999998701)	(54.0, 3935.6666666673386)	(55.0, 3475.0000000004625)	(56.0, 710.0000000000108)	(57.0, 161.66666666666688)	(58.0, 74.66666666666669)	(59.0, 39.0)	(60.0, 29.333333333333297)	(61.0, 21.333333333333325)	(62.0, 15.333333333333343)	(63.0, 10.333333333333334)	(64.0, 16.666666666666675)	(65.0, 13.000000000000005)	(66.0, 13.33333333333334)	(67.0, 27.999999999999968)	(68.0, 211.6666666666683)	(69.0, 189.000000000001)	(70.0, 30.999999999999957)	(71.0, 17.33333333333334)	(72.0, 8.33333333333333)	(73.0, 3.3333333333333335)	(74.0, 1.3333333333333333)	(75.0, 0.0)	(76.0, 0.3333333333333333)	(77.0, 0.0)	(78.0, 0.0)	(79.0, 0.0)	(80.0, 0.0)	(81.0, 0.0)	(82.0, 0.0)	(83.0, 0.0)	(84.0, 0.0)	(85.0, 0.0)	(86.0, 0.0)	(87.0, 0.0)	(88.0, 0.0)	(89.0, 0.0)	(90.0, 0.0)	(91.0, 0.0)	(92.0, 0.0)	(93.0, 0.0)	(94.0, 0.0)	(95.0, 0.0)	(96.0, 0.0)	(97.0, 0.0)	(98.0, 0.0)	(99.0, 0.0)	(100.0, 0.0)
SRR19621187_2	(0.0, 0.0)	(1.0, 0.0)	(2.0, 0.0)	(3.0, 0.0)	(4.0, 0.0)	(5.0, 0.0)	(6.0, 0.0)	(7.0, 0.0)	(8.0, 0.0)	(9.0, 0.0)	(10.0, 0.0)	(11.0, 0.0)	(12.0, 0.0)	(13.0, 0.0)	(14.0, 0.0)	(15.0, 0.0)	(16.0, 0.0)	(17.0, 0.0)	(18.0, 0.0)	(19.0, 0.0)	(20.0, 0.0)	(21.0, 0.0)	(22.0, 0.0)	(23.0, 0.0)	(24.0, 0.0)	(25.0, 0.0)	(26.0, 0.0)	(27.0, 0.0)	(28.0, 0.0)	(29.0, 0.0)	(30.0, 0.0)	(31.0, 1.3333333333333333)	(32.0, 1.0)	(33.0, 0.0)	(34.0, 0.3333333333333333)	(35.0, 0.5)	(36.0, 0.5)	(37.0, 0.6666666666666666)	(38.0, 2.5)	(39.0, 6.499999999999998)	(40.0, 12.500000000000005)	(41.0, 20.333333333333332)	(42.0, 31.833333333333293)	(43.0, 42.50000000000003)	(44.0, 47.50000000000007)	(45.0, 53.166666666666764)	(46.0, 59.666666666666806)	(47.0, 97.66666666666637)	(48.0, 138.16666666666623)	(49.0, 138.49999999999957)	(50.0, 214.5000000000017)	(51.0, 595.6666666666645)	(52.0, 2452.3333333333308)	(53.0, 3881.3333333339806)	(54.0, 6228.999999998805)	(55.0, 3937.333333334006)	(56.0, 3883.666666667315)	(57.0, 2513.3333333333585)	(58.0, 285.6666666666679)	(59.0, 106.99999999999956)	(60.0, 47.33333333333339)	(61.0, 31.999999999999954)	(62.0, 29.333333333333297)	(63.0, 24.666666666666647)	(64.0, 20.33333333333333)	(65.0, 8.33333333333333)	(66.0, 11.333333333333336)	(67.0, 22.33333333333332)	(68.0, 23.333333333333318)	(69.0, 19.0)	(70.0, 26.66666666666664)	(71.0, 85.99999999999986)	(72.0, 173.33333333333388)	(73.0, 92.66666666666643)	(74.0, 19.0)	(75.0, 4.333333333333333)	(76.0, 1.0)	(77.0, 0.6666666666666666)	(78.0, 1.0)	(79.0, 0.3333333333333333)	(80.0, 0.3333333333333333)	(81.0, 0.3333333333333333)	(82.0, 0.0)	(83.0, 0.0)	(84.0, 0.0)	(85.0, 0.0)	(86.0, 0.0)	(87.0, 0.0)	(88.0, 0.0)	(89.0, 0.0)	(90.0, 0.0)	(91.0, 0.0)	(92.0, 0.0)	(93.0, 0.0)	(94.0, 0.0)	(95.0, 0.0)	(96.0, 0.0)	(97.0, 0.0)	(98.0, 0.0)	(99.0, 0.3333333333333333)	(100.0, 0.5)
SRR19621188_1	(0.0, 0.0)	(1.0, 0.0)	(2.0, 0.0)	(3.0, 0.0)	(4.0, 0.0)	(5.0, 0.0)	(6.0, 0.0)	(7.0, 0.0)	(8.0, 0.0)	(9.0, 0.0)	(10.0, 0.0)	(11.0, 0.0)	(12.0, 0.0)	(13.0, 0.0)	(14.0, 0.0)	(15.0, 0.0)	(16.0, 0.0)	(17.0, 0.0)	(18.0, 0.0)	(19.0, 0.0)	(20.0, 0.0)	(21.0, 0.0)	(22.0, 0.0)	(23.0, 0.0)	(24.0, 0.0)	(25.0, 0.0)	(26.0, 0.0)	(27.0, 0.0)	(28.0, 0.0)	(29.0, 0.0)	(30.0, 0.0)	(31.0, 0.0)	(32.0, 0.3333333333333333)	(33.0, 1.6666666666666665)	(34.0, 0.6666666666666666)	(35.0, 0.3333333333333333)	(36.0, 0.6666666666666666)	(37.0, 0.3333333333333333)	(38.0, 0.3333333333333333)	(39.0, 1.3333333333333333)	(40.0, 7.33333333333333)	(41.0, 10.333333333333334)	(42.0, 10.333333333333334)	(43.0, 26.99999999999997)	(44.0, 34.666666666666636)	(45.0, 39.66666666666667)	(46.0, 72.33333333333339)	(47.0, 82.66666666666657)	(48.0, 220.00000000000188)	(49.0, 300.3333333333337)	(50.0, 559.9999999999937)	(51.0, 966.0000000000399)	(52.0, 4069.333333334066)	(53.0, 4900.000000000014)	(54.0, 1753.6666666665471)	(55.0, 524.6666666666564)	(56.0, 114.33333333333279)	(57.0, 174.00000000000057)	(58.0, 148.33333333333317)	(59.0, 16.00000000000001)	(60.0, 10.0)	(61.0, 5.999999999999998)	(62.0, 3.0)	(63.0, 8.666666666666664)	(64.0, 30.666666666666625)	(65.0, 10.666666666666668)	(66.0, 5.333333333333332)	(67.0, 9.333333333333332)	(68.0, 106.99999999999956)	(69.0, 272.6666666666686)	(70.0, 38.33333333333333)	(71.0, 10.666666666666668)	(72.0, 5.333333333333332)	(73.0, 1.9999999999999998)	(74.0, 2.333333333333333)	(75.0, 1.0)	(76.0, 0.3333333333333333)	(77.0, 0.3333333333333333)	(78.0, 0.0)	(79.0, 0.0)	(80.0, 0.0)	(81.0, 0.0)	(82.0, 0.0)	(83.0, 0.0)	(84.0, 0.0)	(85.0, 0.0)	(86.0, 0.0)	(87.0, 0.0)	(88.0, 0.0)	(89.0, 0.0)	(90.0, 0.0)	(91.0, 0.0)	(92.0, 0.0)	(93.0, 0.0)	(94.0, 0.0)	(95.0, 0.0)	(96.0, 0.0)	(97.0, 0.0)	(98.0, 0.0)	(99.0, 0.0)	(100.0, 0.0)
SRR19621188_2	(0.0, 0.0)	(1.0, 0.0)	(2.0, 0.0)	(3.0, 0.0)	(4.0, 0.0)	(5.0, 0.0)	(6.0, 0.0)	(7.0, 0.0)	(8.0, 0.0)	(9.0, 0.0)	(10.0, 0.0)	(11.0, 0.0)	(12.0, 0.0)	(13.0, 0.0)	(14.0, 0.0)	(15.0, 0.0)	(16.0, 0.0)	(17.0, 0.0)	(18.0, 0.0)	(19.0, 0.0)	(20.0, 0.0)	(21.0, 0.0)	(22.0, 0.0)	(23.0, 0.0)	(24.0, 0.0)	(25.0, 0.0)	(26.0, 0.0)	(27.0, 0.0)	(28.0, 0.0)	(29.0, 0.3333333333333333)	(30.0, 0.0)	(31.0, 0.0)	(32.0, 0.3333333333333333)	(33.0, 1.0)	(34.0, 1.0)	(35.0, 0.3333333333333333)	(36.0, 1.1666666666666665)	(37.0, 2.5)	(38.0, 2.6666666666666665)	(39.0, 3.8333333333333335)	(40.0, 10.333333333333334)	(41.0, 19.499999999999996)	(42.0, 21.49999999999999)	(43.0, 14.500000000000009)	(44.0, 24.833333333333314)	(45.0, 31.499999999999957)	(46.0, 41.500000000000014)	(47.0, 90.16666666666647)	(48.0, 149.3333333333332)	(49.0, 225.00000000000202)	(50.0, 391.16666666666185)	(51.0, 569.4999999999949)	(52.0, 766.0000000000172)	(53.0, 3712.3333333339037)	(54.0, 4745.000000000155)	(55.0, 1618.3333333332446)	(56.0, 791.00000000002)	(57.0, 344.3333333333312)	(58.0, 68.00000000000011)	(59.0, 32.99999999999996)	(60.0, 133.33333333333275)	(61.0, 154.0)	(62.0, 26.333333333333307)	(63.0, 7.666666666666663)	(64.0, 8.33333333333333)	(65.0, 6.333333333333331)	(66.0, 22.666666666666654)	(67.0, 30.999999999999957)	(68.0, 10.0)	(69.0, 8.33333333333333)	(70.0, 16.333333333333343)	(71.0, 60.333333333333485)	(72.0, 251.3333333333361)	(73.0, 79.33333333333329)	(74.0, 17.33333333333334)	(75.0, 3.666666666666667)	(76.0, 1.9999999999999998)	(77.0, 0.3333333333333333)	(78.0, 0.0)	(79.0, 0.0)	(80.0, 0.0)	(81.0, 0.0)	(82.0, 0.0)	(83.0, 0.0)	(84.0, 0.0)	(85.0, 0.3333333333333333)	(86.0, 0.0)	(87.0, 0.0)	(88.0, 0.0)	(89.0, 0.0)	(90.0, 0.0)	(91.0, 0.0)	(92.0, 0.0)	(93.0, 0.0)	(94.0, 0.0)	(95.0, 0.0)	(96.0, 0.0)	(97.0, 0.0)	(98.0, 0.0)	(99.0, 0.0)	(100.0, 0.0)
SRR19621189_1	(0.0, 0.0)	(1.0, 0.0)	(2.0, 0.0)	(3.0, 0.0)	(4.0, 0.0)	(5.0, 0.0)	(6.0, 0.0)	(7.0, 0.0)	(8.0, 0.0)	(9.0, 0.0)	(10.0, 0.0)	(11.0, 0.0)	(12.0, 0.0)	(13.0, 0.0)	(14.0, 0.0)	(15.0, 0.0)	(16.0, 0.0)	(17.0, 0.0)	(18.0, 0.0)	(19.0, 0.0)	(20.0, 0.0)	(21.0, 0.0)	(22.0, 0.0)	(23.0, 0.0)	(24.0, 0.0)	(25.0, 0.0)	(26.0, 0.0)	(27.0, 0.0)	(28.0, 0.0)	(29.0, 0.0)	(30.0, 0.0)	(31.0, 0.0)	(32.0, 0.0)	(33.0, 0.0)	(34.0, 0.0)	(35.0, 0.0)	(36.0, 1.0)	(37.0, 1.9999999999999998)	(38.0, 3.0)	(39.0, 4.666666666666666)	(40.0, 13.33333333333334)	(41.0, 25.33333333333331)	(42.0, 28.666666666666632)	(43.0, 35.99999999999998)	(44.0, 47.33333333333339)	(45.0, 65.33333333333348)	(46.0, 170.66666666666714)	(47.0, 160.3333333333335)	(48.0, 140.99999999999963)	(49.0, 267.3333333333356)	(50.0, 1491.99999999994)	(51.0, 3711.3333333339033)	(52.0, 3133.666666666974)	(53.0, 3436.3333333337782)	(54.0, 3454.000000000453)	(55.0, 2293.9999999999254)	(56.0, 803.0000000000214)	(57.0, 216.3333333333351)	(58.0, 172.0000000000005)	(59.0, 146.9999999999998)	(60.0, 49.00000000000007)	(61.0, 19.333333333333332)	(62.0, 12.666666666666671)	(63.0, 10.0)	(64.0, 17.33333333333334)	(65.0, 19.999999999999996)	(66.0, 9.333333333333332)	(67.0, 4.0)	(68.0, 1.0)	(69.0, 0.6666666666666666)	(70.0, 1.0)	(71.0, 1.0)	(72.0, 1.0)	(73.0, 1.0)	(74.0, 0.3333333333333333)	(75.0, 0.0)	(76.0, 0.0)	(77.0, 0.0)	(78.0, 0.0)	(79.0, 0.0)	(80.0, 0.0)	(81.0, 0.0)	(82.0, 0.0)	(83.0, 0.0)	(84.0, 0.0)	(85.0, 0.0)	(86.0, 0.0)	(87.0, 0.0)	(88.0, 0.0)	(89.0, 0.0)	(90.0, 0.0)	(91.0, 0.0)	(92.0, 0.0)	(93.0, 0.0)	(94.0, 0.0)	(95.0, 0.0)	(96.0, 0.0)	(97.0, 0.0)	(98.0, 0.0)	(99.0, 0.0)	(100.0, 0.0)
SRR19621189_2	(0.0, 0.0)	(1.0, 0.0)	(2.0, 0.0)	(3.0, 0.0)	(4.0, 0.0)	(5.0, 0.0)	(6.0, 0.0)	(7.0, 0.0)	(8.0, 0.0)	(9.0, 0.0)	(10.0, 0.0)	(11.0, 0.0)	(12.0, 0.0)	(13.0, 0.0)	(14.0, 0.0)	(15.0, 0.0)	(16.0, 0.0)	(17.0, 0.0)	(18.0, 0.0)	(19.0, 0.0)	(20.0, 0.0)	(21.0, 0.0)	(22.0, 0.0)	(23.0, 0.0)	(24.0, 0.0)	(25.0, 0.0)	(26.0, 0.0)	(27.0, 0.0)	(28.0, 0.0)	(29.0, 0.0)	(30.0, 0.0)	(31.0, 0.0)	(32.0, 0.0)	(33.0, 0.0)	(34.0, 0.0)	(35.0, 0.0)	(36.0, 0.3333333333333333)	(37.0, 1.3333333333333333)	(38.0, 2.0)	(39.0, 7.499999999999997)	(40.0, 15.833333333333343)	(41.0, 24.333333333333318)	(42.0, 30.99999999999996)	(43.0, 39.50000000000001)	(44.0, 44.83333333333337)	(45.0, 47.00000000000006)	(46.0, 68.66666666666677)	(47.0, 203.16666666666808)	(48.0, 148.99999999999986)	(49.0, 282.66666666666805)	(50.0, 987.5000000000424)	(51.0, 2446.333333333328)	(52.0, 2146.3333333331916)	(53.0, 2514.333333333359)	(54.0, 2844.6666666668425)	(55.0, 3262.0000000003656)	(56.0, 2535.666666666702)	(57.0, 1129.666666666689)	(58.0, 259.33333333333604)	(59.0, 86.33333333333319)	(60.0, 117.33333333333275)	(61.0, 122.666666666666)	(62.0, 123.33333333333266)	(63.0, 39.66666666666667)	(64.0, 19.666666666666664)	(65.0, 10.0)	(66.0, 10.333333333333334)	(67.0, 21.666666666666657)	(68.0, 8.666666666666664)	(69.0, 4.666666666666666)	(70.0, 2.6666666666666665)	(71.0, 0.3333333333333333)	(72.0, 0.0)	(73.0, 0.3333333333333333)	(74.0, 0.0)	(75.0, 0.0)	(76.0, 0.0)	(77.0, 0.0)	(78.0, 0.0)	(79.0, 0.0)	(80.0, 0.0)	(81.0, 0.3333333333333333)	(82.0, 0.3333333333333333)	(83.0, 0.0)	(84.0, 0.0)	(85.0, 0.0)	(86.0, 0.0)	(87.0, 0.0)	(88.0, 0.0)	(89.0, 0.0)	(90.0, 0.0)	(91.0, 0.0)	(92.0, 0.0)	(93.0, 0.0)	(94.0, 0.0)	(95.0, 0.0)	(96.0, 0.0)	(97.0, 0.0)	(98.0, 0.0)	(99.0, 0.3333333333333333)	(100.0, 0.0)
SRR19621190_1	(0.0, 0.0)	(1.0, 0.0)	(2.0, 0.0)	(3.0, 0.0)	(4.0, 0.0)	(5.0, 0.0)	(6.0, 0.0)	(7.0, 0.0)	(8.0, 0.0)	(9.0, 0.0)	(10.0, 0.0)	(11.0, 0.0)	(12.0, 0.0)	(13.0, 0.0)	(14.0, 0.0)	(15.0, 0.0)	(16.0, 0.0)	(17.0, 0.0)	(18.0, 0.0)	(19.0, 0.0)	(20.0, 0.0)	(21.0, 0.0)	(22.0, 0.0)	(23.0, 0.0)	(24.0, 0.0)	(25.0, 0.0)	(26.0, 0.0)	(27.0, 0.0)	(28.0, 0.0)	(29.0, 0.0)	(30.0, 0.0)	(31.0, 0.0)	(32.0, 0.0)	(33.0, 0.0)	(34.0, 0.0)	(35.0, 0.0)	(36.0, 0.6666666666666666)	(37.0, 2.6666666666666665)	(38.0, 3.3333333333333335)	(39.0, 7.33333333333333)	(40.0, 12.000000000000004)	(41.0, 21.666666666666657)	(42.0, 21.333333333333325)	(43.0, 38.666666666666664)	(44.0, 47.00000000000006)	(45.0, 61.66666666666683)	(46.0, 173.33333333333388)	(47.0, 368.33333333332985)	(48.0, 303.0000000000002)	(49.0, 529.666666666657)	(50.0, 2089.9999999998327)	(51.0, 3140.00000000031)	(52.0, 3766.666666667262)	(53.0, 4937.333333333313)	(54.0, 4131.000000000713)	(55.0, 3341.333333333735)	(56.0, 751.3333333333488)	(57.0, 432.99999999999284)	(58.0, 445.9999999999921)	(59.0, 255.66666666666956)	(60.0, 70.33333333333341)	(61.0, 37.33333333333332)	(62.0, 21.333333333333325)	(63.0, 13.666666666666673)	(64.0, 15.000000000000009)	(65.0, 10.0)	(66.0, 7.666666666666663)	(67.0, 6.666666666666664)	(68.0, 3.0)	(69.0, 1.3333333333333333)	(70.0, 1.3333333333333333)	(71.0, 1.0)	(72.0, 0.3333333333333333)	(73.0, 0.3333333333333333)	(74.0, 0.3333333333333333)	(75.0, 0.0)	(76.0, 0.0)	(77.0, 0.0)	(78.0, 0.0)	(79.0, 0.0)	(80.0, 0.0)	(81.0, 0.0)	(82.0, 0.0)	(83.0, 0.0)	(84.0, 0.0)	(85.0, 0.0)	(86.0, 0.0)	(87.0, 0.0)	(88.0, 0.0)	(89.0, 0.0)	(90.0, 0.0)	(91.0, 0.0)	(92.0, 0.0)	(93.0, 0.0)	(94.0, 0.0)	(95.0, 0.0)	(96.0, 0.0)	(97.0, 0.0)	(98.0, 0.0)	(99.0, 0.0)	(100.0, 0.0)
SRR19621190_2	(0.0, 0.0)	(1.0, 0.0)	(2.0, 0.0)	(3.0, 0.0)	(4.0, 0.0)	(5.0, 0.0)	(6.0, 0.0)	(7.0, 0.0)	(8.0, 0.0)	(9.0, 0.0)	(10.0, 0.0)	(11.0, 0.0)	(12.0, 0.0)	(13.0, 0.0)	(14.0, 0.0)	(15.0, 0.0)	(16.0, 0.0)	(17.0, 0.0)	(18.0, 0.0)	(19.0, 0.0)	(20.0, 0.0)	(21.0, 0.0)	(22.0, 0.0)	(23.0, 0.0)	(24.0, 0.0)	(25.0, 0.0)	(26.0, 0.0)	(27.0, 0.0)	(28.0, 0.0)	(29.0, 0.0)	(30.0, 0.0)	(31.0, 0.0)	(32.0, 0.0)	(33.0, 0.0)	(34.0, 0.3333333333333333)	(35.0, 0.3333333333333333)	(36.0, 0.3333333333333333)	(37.0, 0.6666666666666666)	(38.0, 2.5)	(39.0, 7.999999999999997)	(40.0, 17.500000000000007)	(41.0, 20.33333333333333)	(42.0, 25.333333333333307)	(43.0, 34.49999999999997)	(44.0, 40.83333333333335)	(45.0, 46.833333333333385)	(46.0, 66.50000000000013)	(47.0, 229.33333333333547)	(48.0, 415.6666666666605)	(49.0, 440.66666666665907)	(50.0, 1556.666666666592)	(51.0, 2173.6666666665374)	(52.0, 2188.3333333332107)	(53.0, 2714.6666666667834)	(54.0, 4327.000000000535)	(55.0, 4239.833333333948)	(56.0, 3449.8333333337846)	(57.0, 1803.999999999869)	(58.0, 350.9999999999975)	(59.0, 127.99999999999926)	(60.0, 329.6666666666654)	(61.0, 418.99999999999363)	(62.0, 233.3333333333356)	(63.0, 68.33333333333344)	(64.0, 41.666666666666686)	(65.0, 11.333333333333336)	(66.0, 10.0)	(67.0, 17.66666666666667)	(68.0, 8.33333333333333)	(69.0, 4.666666666666666)	(70.0, 5.333333333333332)	(71.0, 2.6666666666666665)	(72.0, 0.3333333333333333)	(73.0, 0.0)	(74.0, 0.0)	(75.0, 0.0)	(76.0, 0.0)	(77.0, 0.0)	(78.0, 0.0)	(79.0, 0.0)	(80.0, 0.0)	(81.0, 0.0)	(82.0, 0.3333333333333333)	(83.0, 0.0)	(84.0, 0.0)	(85.0, 0.0)	(86.0, 0.0)	(87.0, 0.0)	(88.0, 0.0)	(89.0, 0.0)	(90.0, 0.0)	(91.0, 0.0)	(92.0, 0.0)	(93.0, 0.0)	(94.0, 0.3333333333333333)	(95.0, 0.3333333333333333)	(96.0, 0.0)	(97.0, 0.0)	(98.0, 0.0)	(99.0, 0.0)	(100.0, 0.0)
SRR19621191_1	(0.0, 0.0)	(1.0, 0.0)	(2.0, 0.0)	(3.0, 0.0)	(4.0, 0.0)	(5.0, 0.0)	(6.0, 0.0)	(7.0, 0.0)	(8.0, 0.0)	(9.0, 0.0)	(10.0, 0.0)	(11.0, 0.0)	(12.0, 0.0)	(13.0, 0.0)	(14.0, 0.0)	(15.0, 0.0)	(16.0, 0.0)	(17.0, 0.0)	(18.0, 0.0)	(19.0, 0.0)	(20.0, 0.0)	(21.0, 0.0)	(22.0, 0.0)	(23.0, 0.0)	(24.0, 0.0)	(25.0, 0.0)	(26.0, 0.0)	(27.0, 0.0)	(28.0, 0.0)	(29.0, 0.0)	(30.0, 0.0)	(31.0, 0.0)	(32.0, 0.0)	(33.0, 0.0)	(34.0, 0.0)	(35.0, 0.3333333333333333)	(36.0, 0.6666666666666666)	(37.0, 0.3333333333333333)	(38.0, 1.9999999999999998)	(39.0, 4.999999999999999)	(40.0, 10.0)	(41.0, 16.666666666666675)	(42.0, 27.666666666666636)	(43.0, 29.66666666666663)	(44.0, 32.333333333333286)	(45.0, 92.66666666666643)	(46.0, 399.6666666666614)	(47.0, 616.0000000000001)	(48.0, 535.3333333333243)	(49.0, 398.99999999999477)	(50.0, 871.6666666666958)	(51.0, 2406.6666666666433)	(52.0, 3997.666666667367)	(53.0, 4803.666666666768)	(54.0, 4481.333333333728)	(55.0, 3836.33333333396)	(56.0, 916.0000000000342)	(57.0, 324.33333333333235)	(58.0, 305.66666666666674)	(59.0, 200.666666666668)	(60.0, 42.33333333333336)	(61.0, 18.333333333333336)	(62.0, 7.33333333333333)	(63.0, 6.999999999999997)	(64.0, 11.66666666666667)	(65.0, 9.666666666666666)	(66.0, 4.666666666666666)	(67.0, 1.6666666666666665)	(68.0, 0.3333333333333333)	(69.0, 1.3333333333333333)	(70.0, 0.3333333333333333)	(71.0, 0.0)	(72.0, 0.0)	(73.0, 0.0)	(74.0, 0.0)	(75.0, 0.0)	(76.0, 0.0)	(77.0, 0.0)	(78.0, 0.0)	(79.0, 0.0)	(80.0, 0.0)	(81.0, 0.0)	(82.0, 0.0)	(83.0, 0.0)	(84.0, 0.0)	(85.0, 0.0)	(86.0, 0.0)	(87.0, 0.0)	(88.0, 0.0)	(89.0, 0.0)	(90.0, 0.0)	(91.0, 0.0)	(92.0, 0.0)	(93.0, 0.0)	(94.0, 0.0)	(95.0, 0.0)	(96.0, 0.0)	(97.0, 0.0)	(98.0, 0.0)	(99.0, 0.0)	(100.0, 0.0)
SRR19621191_2	(0.0, 0.0)	(1.0, 0.0)	(2.0, 0.0)	(3.0, 0.0)	(4.0, 0.0)	(5.0, 0.0)	(6.0, 0.0)	(7.0, 0.0)	(8.0, 0.0)	(9.0, 0.0)	(10.0, 0.0)	(11.0, 0.0)	(12.0, 0.0)	(13.0, 0.0)	(14.0, 0.0)	(15.0, 0.0)	(16.0, 0.0)	(17.0, 0.0)	(18.0, 0.0)	(19.0, 0.0)	(20.0, 0.0)	(21.0, 0.0)	(22.0, 0.0)	(23.0, 0.0)	(24.0, 0.0)	(25.0, 0.0)	(26.0, 0.0)	(27.0, 0.0)	(28.0, 0.0)	(29.0, 0.0)	(30.0, 0.0)	(31.0, 0.0)	(32.0, 0.0)	(33.0, 0.0)	(34.0, 0.0)	(35.0, 0.3333333333333333)	(36.0, 0.6666666666666666)	(37.0, 0.3333333333333333)	(38.0, 1.6666666666666665)	(39.0, 6.333333333333331)	(40.0, 12.333333333333337)	(41.0, 20.66666666666666)	(42.0, 23.666666666666647)	(43.0, 31.66666666666662)	(44.0, 38.0)	(45.0, 40.83333333333336)	(46.0, 92.3333333333331)	(47.0, 609.8333333333328)	(48.0, 589.8333333333305)	(49.0, 362.3333333333302)	(50.0, 608.8333333333327)	(51.0, 1258.3333333333264)	(52.0, 1910.6666666665114)	(53.0, 2915.000000000208)	(54.0, 4600.0000000002865)	(55.0, 4557.666666666992)	(56.0, 3949.3333333340115)	(57.0, 1700.9999999998925)	(58.0, 364.9999999999967)	(59.0, 92.99999999999976)	(60.0, 201.00000000000134)	(61.0, 261.0000000000026)	(62.0, 202.66666666666805)	(63.0, 47.00000000000006)	(64.0, 20.999999999999993)	(65.0, 6.333333333333331)	(66.0, 5.999999999999998)	(67.0, 11.000000000000002)	(68.0, 6.666666666666664)	(69.0, 1.6666666666666665)	(70.0, 1.3333333333333333)	(71.0, 0.3333333333333333)	(72.0, 0.3333333333333333)	(73.0, 0.0)	(74.0, 0.6666666666666666)	(75.0, 0.6666666666666666)	(76.0, 0.3333333333333333)	(77.0, 0.0)	(78.0, 0.0)	(79.0, 0.0)	(80.0, 0.0)	(81.0, 0.0)	(82.0, 0.0)	(83.0, 0.0)	(84.0, 0.0)	(85.0, 0.0)	(86.0, 0.0)	(87.0, 0.0)	(88.0, 0.0)	(89.0, 0.0)	(90.0, 0.0)	(91.0, 0.0)	(92.0, 0.0)	(93.0, 0.0)	(94.0, 0.0)	(95.0, 0.0)	(96.0, 0.0)	(97.0, 0.3333333333333333)	(98.0, 0.3333333333333333)	(99.0, 0.0)	(100.0, 0.0)
SRR19621192_1	(0.0, 0.0)	(1.0, 0.0)	(2.0, 0.0)	(3.0, 0.0)	(4.0, 0.0)	(5.0, 0.0)	(6.0, 0.0)	(7.0, 0.0)	(8.0, 0.0)	(9.0, 0.0)	(10.0, 0.0)	(11.0, 0.0)	(12.0, 0.0)	(13.0, 0.0)	(14.0, 0.0)	(15.0, 0.0)	(16.0, 0.0)	(17.0, 0.0)	(18.0, 0.0)	(19.0, 0.0)	(20.0, 0.0)	(21.0, 0.0)	(22.0, 0.0)	(23.0, 0.0)	(24.0, 0.0)	(25.0, 0.0)	(26.0, 0.0)	(27.0, 0.0)	(28.0, 0.0)	(29.0, 0.0)	(30.0, 0.0)	(31.0, 0.0)	(32.0, 0.0)	(33.0, 0.3333333333333333)	(34.0, 0.3333333333333333)	(35.0, 0.3333333333333333)	(36.0, 0.3333333333333333)	(37.0, 0.6666666666666666)	(38.0, 1.9999999999999998)	(39.0, 7.9999999999999964)	(40.0, 17.000000000000007)	(41.0, 21.99999999999999)	(42.0, 28.3333333333333)	(43.0, 38.33333333333333)	(44.0, 54.00000000000011)	(45.0, 188.66666666666765)	(46.0, 744.333333333348)	(47.0, 765.3333333333504)	(48.0, 542.3333333333251)	(49.0, 419.66666666666026)	(50.0, 1269.333333333324)	(51.0, 2855.0000000001805)	(52.0, 5140.666666666461)	(53.0, 5628.999999999351)	(54.0, 4853.333333333389)	(55.0, 2970.000000000233)	(56.0, 840.0000000000256)	(57.0, 178.00000000000068)	(58.0, 61.66666666666683)	(59.0, 29.99999999999996)	(60.0, 24.666666666666647)	(61.0, 42.33333333333336)	(62.0, 24.99999999999998)	(63.0, 17.000000000000007)	(64.0, 19.0)	(65.0, 9.666666666666666)	(66.0, 3.3333333333333335)	(67.0, 0.6666666666666666)	(68.0, 1.9999999999999998)	(69.0, 1.9999999999999998)	(70.0, 0.6666666666666666)	(71.0, 0.0)	(72.0, 0.0)	(73.0, 0.0)	(74.0, 0.0)	(75.0, 0.0)	(76.0, 0.0)	(77.0, 0.0)	(78.0, 0.0)	(79.0, 0.0)	(80.0, 0.0)	(81.0, 0.0)	(82.0, 0.0)	(83.0, 0.0)	(84.0, 0.0)	(85.0, 0.0)	(86.0, 0.0)	(87.0, 0.0)	(88.0, 0.0)	(89.0, 0.0)	(90.0, 0.0)	(91.0, 0.0)	(92.0, 0.0)	(93.0, 0.0)	(94.0, 0.0)	(95.0, 0.0)	(96.0, 0.0)	(97.0, 0.0)	(98.0, 0.0)	(99.0, 0.0)	(100.0, 0.0)
SRR19621192_2	(0.0, 0.0)	(1.0, 0.0)	(2.0, 0.0)	(3.0, 0.0)	(4.0, 0.0)	(5.0, 0.0)	(6.0, 0.0)	(7.0, 0.0)	(8.0, 0.0)	(9.0, 0.0)	(10.0, 0.0)	(11.0, 0.0)	(12.0, 0.0)	(13.0, 0.0)	(14.0, 0.0)	(15.0, 0.0)	(16.0, 0.0)	(17.0, 0.0)	(18.0, 0.0)	(19.0, 0.0)	(20.0, 0.0)	(21.0, 0.0)	(22.0, 0.0)	(23.0, 0.0)	(24.0, 0.0)	(25.0, 0.0)	(26.0, 0.0)	(27.0, 0.0)	(28.0, 0.0)	(29.0, 0.0)	(30.0, 0.0)	(31.0, 0.0)	(32.0, 0.0)	(33.0, 0.0)	(34.0, 0.3333333333333333)	(35.0, 0.0)	(36.0, 1.6666666666666665)	(37.0, 3.666666666666667)	(38.0, 4.0)	(39.0, 6.666666666666664)	(40.0, 18.16666666666667)	(41.0, 28.499999999999968)	(42.0, 25.666666666666643)	(43.0, 40.83333333333335)	(44.0, 55.500000000000114)	(45.0, 55.000000000000114)	(46.0, 216.00000000000176)	(47.0, 901.3333333333659)	(48.0, 767.0000000000173)	(49.0, 426.33333333332655)	(50.0, 516.9999999999889)	(51.0, 1235.9999999999982)	(52.0, 1896.6666666665146)	(53.0, 4403.333333333799)	(54.0, 6278.999999998759)	(55.0, 4603.66666666695)	(56.0, 3349.666666667072)	(57.0, 1041.666666666709)	(58.0, 194.66666666666782)	(59.0, 57.00000000000013)	(60.0, 35.99999999999998)	(61.0, 29.66666666666663)	(62.0, 19.0)	(63.0, 19.666666666666664)	(64.0, 48.666666666666735)	(65.0, 12.333333333333337)	(66.0, 6.999999999999997)	(67.0, 16.00000000000001)	(68.0, 5.666666666666665)	(69.0, 0.6666666666666666)	(70.0, 0.3333333333333333)	(71.0, 0.0)	(72.0, 1.3333333333333333)	(73.0, 0.0)	(74.0, 0.0)	(75.0, 0.0)	(76.0, 0.0)	(77.0, 0.0)	(78.0, 0.0)	(79.0, 0.0)	(80.0, 0.3333333333333333)	(81.0, 0.0)	(82.0, 0.0)	(83.0, 0.0)	(84.0, 0.0)	(85.0, 0.0)	(86.0, 0.0)	(87.0, 0.0)	(88.0, 0.0)	(89.0, 0.0)	(90.0, 0.0)	(91.0, 0.0)	(92.0, 0.0)	(93.0, 0.3333333333333333)	(94.0, 0.6666666666666666)	(95.0, 0.0)	(96.0, 0.0)	(97.0, 0.0)	(98.0, 0.0)	(99.0, 0.0)	(100.0, 1.0)
SRR19621193_1	(0.0, 0.0)	(1.0, 0.0)	(2.0, 0.0)	(3.0, 0.0)	(4.0, 0.0)	(5.0, 0.0)	(6.0, 0.0)	(7.0, 0.0)	(8.0, 0.0)	(9.0, 0.0)	(10.0, 0.0)	(11.0, 0.0)	(12.0, 0.0)	(13.0, 0.0)	(14.0, 0.0)	(15.0, 0.0)	(16.0, 0.0)	(17.0, 0.0)	(18.0, 0.0)	(19.0, 0.0)	(20.0, 0.0)	(21.0, 0.3333333333333333)	(22.0, 0.0)	(23.0, 0.0)	(24.0, 0.0)	(25.0, 0.0)	(26.0, 0.0)	(27.0, 0.0)	(28.0, 0.0)	(29.0, 0.3333333333333333)	(30.0, 0.3333333333333333)	(31.0, 0.0)	(32.0, 0.0)	(33.0, 0.0)	(34.0, 0.0)	(35.0, 0.3333333333333333)	(36.0, 1.0)	(37.0, 1.0)	(38.0, 1.6666666666666665)	(39.0, 5.666666666666665)	(40.0, 13.33333333333334)	(41.0, 16.333333333333343)	(42.0, 22.999999999999986)	(43.0, 39.0)	(44.0, 40.33333333333334)	(45.0, 95.66666666666639)	(46.0, 458.33333333332473)	(47.0, 658.0000000000049)	(48.0, 225.33333333333536)	(49.0, 167.00000000000037)	(50.0, 718.6666666666785)	(51.0, 1655.3333333332362)	(52.0, 4186.000000000663)	(53.0, 8219.333333330402)	(54.0, 4064.333333334064)	(55.0, 1360.9999999999698)	(56.0, 414.66666666666055)	(57.0, 251.3333333333361)	(58.0, 175.0000000000006)	(59.0, 35.99999999999998)	(60.0, 23.999999999999982)	(61.0, 14.666666666666675)	(62.0, 7.33333333333333)	(63.0, 4.0)	(64.0, 4.333333333333333)	(65.0, 5.999999999999998)	(66.0, 4.0)	(67.0, 1.6666666666666665)	(68.0, 1.3333333333333333)	(69.0, 2.333333333333333)	(70.0, 1.0)	(71.0, 0.3333333333333333)	(72.0, 0.0)	(73.0, 0.0)	(74.0, 0.0)	(75.0, 0.0)	(76.0, 0.0)	(77.0, 0.0)	(78.0, 0.0)	(79.0, 0.0)	(80.0, 0.0)	(81.0, 0.0)	(82.0, 0.0)	(83.0, 0.0)	(84.0, 0.0)	(85.0, 0.0)	(86.0, 0.0)	(87.0, 0.0)	(88.0, 0.0)	(89.0, 0.0)	(90.0, 0.0)	(91.0, 0.0)	(92.0, 0.0)	(93.0, 0.0)	(94.0, 0.0)	(95.0, 0.0)	(96.0, 0.0)	(97.0, 0.0)	(98.0, 0.0)	(99.0, 0.0)	(100.0, 0.0)
SRR19621193_2	(0.0, 0.0)	(1.0, 0.0)	(2.0, 0.0)	(3.0, 0.0)	(4.0, 0.0)	(5.0, 0.0)	(6.0, 0.0)	(7.0, 0.0)	(8.0, 0.0)	(9.0, 0.0)	(10.0, 0.0)	(11.0, 0.0)	(12.0, 0.0)	(13.0, 0.0)	(14.0, 0.0)	(15.0, 0.0)	(16.0, 0.0)	(17.0, 0.0)	(18.0, 0.0)	(19.0, 0.0)	(20.0, 0.0)	(21.0, 0.0)	(22.0, 0.0)	(23.0, 0.0)	(24.0, 0.0)	(25.0, 0.0)	(26.0, 0.0)	(27.0, 0.3333333333333333)	(28.0, 0.0)	(29.0, 0.0)	(30.0, 0.0)	(31.0, 0.0)	(32.0, 0.3333333333333333)	(33.0, 0.3333333333333333)	(34.0, 0.0)	(35.0, 0.3333333333333333)	(36.0, 0.0)	(37.0, 1.3333333333333333)	(38.0, 1.3333333333333333)	(39.0, 4.0)	(40.0, 14.000000000000007)	(41.0, 19.666666666666664)	(42.0, 19.499999999999996)	(43.0, 31.166666666666625)	(44.0, 39.0)	(45.0, 42.66666666666669)	(46.0, 126.99999999999929)	(47.0, 463.83333333332445)	(48.0, 621.333333333334)	(49.0, 239.33333333333576)	(50.0, 212.66666666666833)	(51.0, 778.833333333352)	(52.0, 1403.6666666666267)	(53.0, 3817.3333333339515)	(54.0, 7526.333333330958)	(55.0, 4152.333333334027)	(56.0, 1847.6666666665258)	(57.0, 695.3333333333425)	(58.0, 160.00000000000017)	(59.0, 67.66666666666679)	(60.0, 151.6666666666666)	(61.0, 158.33333333333346)	(62.0, 27.333333333333304)	(63.0, 11.333333333333336)	(64.0, 12.666666666666671)	(65.0, 5.666666666666665)	(66.0, 2.6666666666666665)	(67.0, 6.333333333333331)	(68.0, 1.9999999999999998)	(69.0, 0.6666666666666666)	(70.0, 0.0)	(71.0, 0.3333333333333333)	(72.0, 0.6666666666666666)	(73.0, 0.0)	(74.0, 0.0)	(75.0, 0.0)	(76.0, 0.0)	(77.0, 0.0)	(78.0, 0.0)	(79.0, 0.0)	(80.0, 0.3333333333333333)	(81.0, 0.0)	(82.0, 0.0)	(83.0, 0.0)	(84.0, 0.0)	(85.0, 0.3333333333333333)	(86.0, 0.3333333333333333)	(87.0, 0.3333333333333333)	(88.0, 0.6666666666666666)	(89.0, 0.3333333333333333)	(90.0, 0.0)	(91.0, 0.3333333333333333)	(92.0, 0.3333333333333333)	(93.0, 0.0)	(94.0, 0.3333333333333333)	(95.0, 0.0)	(96.0, 0.3333333333333333)	(97.0, 0.3333333333333333)	(98.0, 0.0)	(99.0, 0.0)	(100.0, 0.0)
SRR19621194_1	(0.0, 0.0)	(1.0, 0.0)	(2.0, 0.0)	(3.0, 0.0)	(4.0, 0.0)	(5.0, 0.0)	(6.0, 0.0)	(7.0, 0.0)	(8.0, 0.0)	(9.0, 0.0)	(10.0, 0.0)	(11.0, 0.0)	(12.0, 0.0)	(13.0, 0.0)	(14.0, 0.0)	(15.0, 0.0)	(16.0, 0.0)	(17.0, 0.0)	(18.0, 0.0)	(19.0, 0.0)	(20.0, 0.0)	(21.0, 0.0)	(22.0, 0.0)	(23.0, 0.0)	(24.0, 0.0)	(25.0, 0.0)	(26.0, 0.0)	(27.0, 0.0)	(28.0, 0.0)	(29.0, 0.0)	(30.0, 0.0)	(31.0, 0.0)	(32.0, 0.0)	(33.0, 0.0)	(34.0, 0.0)	(35.0, 0.0)	(36.0, 0.0)	(37.0, 1.0)	(38.0, 4.333333333333333)	(39.0, 10.0)	(40.0, 17.33333333333334)	(41.0, 18.666666666666668)	(42.0, 29.333333333333297)	(43.0, 41.33333333333335)	(44.0, 55.666666666666785)	(45.0, 66.00000000000014)	(46.0, 172.33333333333385)	(47.0, 230.66666666666885)	(48.0, 202.3333333333347)	(49.0, 249.33333333333604)	(50.0, 995.66666666671)	(51.0, 2138.999999999855)	(52.0, 5711.666666665942)	(53.0, 10389.000000001015)	(54.0, 5892.333333332444)	(55.0, 2777.666666666812)	(56.0, 1090.0000000000314)	(57.0, 310.33333333333314)	(58.0, 110.66666666666617)	(59.0, 35.99999999999998)	(60.0, 31.66666666666662)	(61.0, 42.66666666666669)	(62.0, 24.99999999999998)	(63.0, 11.66666666666667)	(64.0, 27.333333333333304)	(65.0, 21.333333333333325)	(66.0, 4.999999999999999)	(67.0, 1.9999999999999998)	(68.0, 1.3333333333333333)	(69.0, 1.3333333333333333)	(70.0, 0.3333333333333333)	(71.0, 0.0)	(72.0, 0.0)	(73.0, 0.0)	(74.0, 0.0)	(75.0, 0.0)	(76.0, 0.0)	(77.0, 0.3333333333333333)	(78.0, 0.0)	(79.0, 0.0)	(80.0, 0.0)	(81.0, 0.0)	(82.0, 0.0)	(83.0, 0.0)	(84.0, 0.0)	(85.0, 0.0)	(86.0, 0.0)	(87.0, 0.0)	(88.0, 0.0)	(89.0, 0.0)	(90.0, 0.0)	(91.0, 0.0)	(92.0, 0.0)	(93.0, 0.0)	(94.0, 0.0)	(95.0, 0.0)	(96.0, 0.0)	(97.0, 0.0)	(98.0, 0.0)	(99.0, 0.0)	(100.0, 0.0)
SRR19621194_2	(0.0, 0.0)	(1.0, 0.0)	(2.0, 0.0)	(3.0, 0.0)	(4.0, 0.0)	(5.0, 0.0)	(6.0, 0.0)	(7.0, 0.0)	(8.0, 0.0)	(9.0, 0.0)	(10.0, 0.0)	(11.0, 0.0)	(12.0, 0.0)	(13.0, 0.0)	(14.0, 0.0)	(15.0, 0.0)	(16.0, 0.0)	(17.0, 0.0)	(18.0, 0.0)	(19.0, 0.0)	(20.0, 0.0)	(21.0, 0.0)	(22.0, 0.0)	(23.0, 0.0)	(24.0, 0.0)	(25.0, 0.0)	(26.0, 0.0)	(27.0, 0.0)	(28.0, 0.0)	(29.0, 0.0)	(30.0, 0.0)	(31.0, 0.0)	(32.0, 0.0)	(33.0, 0.0)	(34.0, 0.0)	(35.0, 0.0)	(36.0, 1.1666666666666665)	(37.0, 1.833333333333333)	(38.0, 3.3333333333333335)	(39.0, 9.5)	(40.0, 19.999999999999996)	(41.0, 31.499999999999957)	(42.0, 30.333333333333293)	(43.0, 38.666666666666664)	(44.0, 50.16666666666674)	(45.0, 53.50000000000011)	(46.0, 99.833333333333)	(47.0, 213.83333333333505)	(48.0, 258.33333333333604)	(49.0, 245.00000000000256)	(50.0, 318.666666666666)	(51.0, 1093.0000000000307)	(52.0, 1809.3333333332012)	(53.0, 5907.999999999097)	(54.0, 10073.500000000442)	(55.0, 5149.499999999787)	(56.0, 2777.666666666812)	(57.0, 1321.333333333312)	(58.0, 245.0000000000026)	(59.0, 81.66666666666659)	(60.0, 79.99999999999994)	(61.0, 70.00000000000009)	(62.0, 26.99999999999997)	(63.0, 16.333333333333343)	(64.0, 37.66666666666666)	(65.0, 11.333333333333336)	(66.0, 12.333333333333337)	(67.0, 24.666666666666647)	(68.0, 10.666666666666668)	(69.0, 4.0)	(70.0, 1.9999999999999998)	(71.0, 0.6666666666666666)	(72.0, 0.3333333333333333)	(73.0, 0.0)	(74.0, 0.3333333333333333)	(75.0, 0.6666666666666666)	(76.0, 0.6666666666666666)	(77.0, 0.3333333333333333)	(78.0, 0.0)	(79.0, 0.0)	(80.0, 0.3333333333333333)	(81.0, 0.3333333333333333)	(82.0, 0.0)	(83.0, 0.0)	(84.0, 0.0)	(85.0, 0.3333333333333333)	(86.0, 0.3333333333333333)	(87.0, 0.0)	(88.0, 0.0)	(89.0, 0.3333333333333333)	(90.0, 0.3333333333333333)	(91.0, 0.0)	(92.0, 0.0)	(93.0, 0.0)	(94.0, 0.3333333333333333)	(95.0, 0.0)	(96.0, 0.0)	(97.0, 0.0)	(98.0, 0.3333333333333333)	(99.0, 0.0)	(100.0, 2.5)
SRR19621195	(0.0, 0.0)	(1.0, 0.0)	(2.0, 0.0)	(3.0, 0.0)	(4.0, 0.0)	(5.0, 0.0)	(6.0, 0.0)	(7.0, 0.0)	(8.0, 0.0)	(9.0, 0.0)	(10.0, 0.0)	(11.0, 0.0)	(12.0, 0.0)	(13.0, 0.0)	(14.0, 0.0)	(15.0, 0.0)	(16.0, 0.0)	(17.0, 0.0)	(18.0, 0.0)	(19.0, 0.0)	(20.0, 0.0)	(21.0, 0.0)	(22.0, 0.0)	(23.0, 0.0)	(24.0, 0.0)	(25.0, 0.0)	(26.0, 0.0)	(27.0, 0.0)	(28.0, 0.0)	(29.0, 0.0)	(30.0, 0.0)	(31.0, 0.0)	(32.0, 0.0)	(33.0, 0.0)	(34.0, 0.0)	(35.0, 0.0)	(36.0, 0.0)	(37.0, 0.6666666666666666)	(38.0, 0.6666666666666666)	(39.0, 2.333333333333333)	(40.0, 5.999999999999998)	(41.0, 10.166666666666668)	(42.0, 10.666666666666668)	(43.0, 11.500000000000004)	(44.0, 15.333333333333343)	(45.0, 15.833333333333343)	(46.0, 14.166666666666673)	(47.0, 27.333333333333304)	(48.0, 38.5)	(49.0, 107.83333333333289)	(50.0, 291.0000000000009)	(51.0, 615.0)	(52.0, 1480.333333333276)	(53.0, 1925.9999999998413)	(54.0, 2223.3333333332266)	(55.0, 1916.9999999998433)	(56.0, 1608.3333333332469)	(57.0, 917.6666666667011)	(58.0, 136.33333333333283)	(59.0, 33.66666666666663)	(60.0, 86.66666666666652)	(61.0, 93.33333333333309)	(62.0, 16.00000000000001)	(63.0, 6.333333333333331)	(64.0, 6.999999999999997)	(65.0, 3.666666666666667)	(66.0, 6.999999999999997)	(67.0, 16.333333333333343)	(68.0, 11.66666666666667)	(69.0, 8.33333333333333)	(70.0, 10.0)	(71.0, 42.66666666666669)	(72.0, 100.99999999999964)	(73.0, 56.33333333333346)	(74.0, 9.666666666666666)	(75.0, 1.6666666666666665)	(76.0, 1.0)	(77.0, 0.3333333333333333)	(78.0, 0.3333333333333333)	(79.0, 0.0)	(80.0, 0.0)	(81.0, 0.0)	(82.0, 0.0)	(83.0, 0.0)	(84.0, 0.0)	(85.0, 0.0)	(86.0, 0.0)	(87.0, 0.0)	(88.0, 0.0)	(89.0, 0.0)	(90.0, 0.0)	(91.0, 0.0)	(92.0, 0.0)	(93.0, 0.0)	(94.0, 0.0)	(95.0, 0.0)	(96.0, 0.0)	(97.0, 0.0)	(98.0, 0.0)	(99.0, 0.3333333333333333)	(100.0, 0.5)
SRR19621195_1	(0.0, 0.0)	(1.0, 0.0)	(2.0, 0.0)	(3.0, 0.0)	(4.0, 0.0)	(5.0, 0.0)	(6.0, 0.0)	(7.0, 0.0)	(8.0, 0.0)	(9.0, 0.0)	(10.0, 0.0)	(11.0, 0.0)	(12.0, 0.0)	(13.0, 0.0)	(14.0, 0.0)	(15.0, 0.0)	(16.0, 0.0)	(17.0, 0.0)	(18.0, 0.0)	(19.0, 0.0)	(20.0, 0.0)	(21.0, 0.0)	(22.0, 0.0)	(23.0, 0.0)	(24.0, 0.0)	(25.0, 0.0)	(26.0, 0.0)	(27.0, 0.0)	(28.0, 0.0)	(29.0, 0.0)	(30.0, 0.0)	(31.0, 0.0)	(32.0, 0.0)	(33.0, 0.0)	(34.0, 0.3333333333333333)	(35.0, 0.3333333333333333)	(36.0, 0.3333333333333333)	(37.0, 1.3333333333333333)	(38.0, 1.9999999999999998)	(39.0, 4.333333333333333)	(40.0, 8.666666666666664)	(41.0, 10.0)	(42.0, 9.333333333333332)	(43.0, 19.0)	(44.0, 21.99999999999999)	(45.0, 26.99999999999997)	(46.0, 36.333333333333314)	(47.0, 35.33333333333331)	(48.0, 41.000000000000014)	(49.0, 130.666666666666)	(50.0, 596.6666666666646)	(51.0, 1848.3333333331923)	(52.0, 2218.666666666558)	(53.0, 2600.333333333398)	(54.0, 2256.3333333332416)	(55.0, 1938.666666666505)	(56.0, 641.3333333333363)	(57.0, 159.33333333333348)	(58.0, 118.99999999999939)	(59.0, 22.999999999999986)	(60.0, 14.333333333333341)	(61.0, 5.999999999999998)	(62.0, 6.999999999999997)	(63.0, 4.666666666666666)	(64.0, 11.000000000000002)	(65.0, 10.333333333333334)	(66.0, 6.666666666666664)	(67.0, 8.666666666666664)	(68.0, 119.33333333333272)	(69.0, 135.3333333333328)	(70.0, 21.333333333333325)	(71.0, 7.666666666666663)	(72.0, 5.333333333333332)	(73.0, 2.6666666666666665)	(74.0, 1.0)	(75.0, 0.3333333333333333)	(76.0, 0.0)	(77.0, 0.0)	(78.0, 0.0)	(79.0, 0.0)	(80.0, 0.0)	(81.0, 0.0)	(82.0, 0.0)	(83.0, 0.0)	(84.0, 0.0)	(85.0, 0.0)	(86.0, 0.0)	(87.0, 0.0)	(88.0, 0.0)	(89.0, 0.0)	(90.0, 0.0)	(91.0, 0.0)	(92.0, 0.0)	(93.0, 0.0)	(94.0, 0.0)	(95.0, 0.0)	(96.0, 0.0)	(97.0, 0.0)	(98.0, 0.0)	(99.0, 0.0)	(100.0, 0.0)
SRR19621195_2	(0.0, 0.0)	(1.0, 0.0)	(2.0, 0.0)	(3.0, 0.0)	(4.0, 0.0)	(5.0, 0.0)	(6.0, 0.0)	(7.0, 0.0)	(8.0, 0.0)	(9.0, 0.0)	(10.0, 0.0)	(11.0, 0.0)	(12.0, 0.0)	(13.0, 0.0)	(14.0, 0.0)	(15.0, 0.0)	(16.0, 0.0)	(17.0, 0.0)	(18.0, 0.0)	(19.0, 0.0)	(20.0, 0.0)	(21.0, 0.0)	(22.0, 0.0)	(23.0, 0.0)	(24.0, 0.0)	(25.0, 0.0)	(26.0, 0.0)	(27.0, 0.0)	(28.0, 0.0)	(29.0, 0.0)	(30.0, 0.0)	(31.0, 0.0)	(32.0, 0.0)	(33.0, 0.0)	(34.0, 0.3333333333333333)	(35.0, 0.6666666666666666)	(36.0, 0.0)	(37.0, 1.0)	(38.0, 2.8333333333333335)	(39.0, 3.8333333333333335)	(40.0, 6.666666666666664)	(41.0, 9.666666666666666)	(42.0, 17.000000000000007)	(43.0, 17.000000000000007)	(44.0, 18.5)	(45.0, 22.16666666666666)	(46.0, 26.166666666666643)	(47.0, 36.999999999999986)	(48.0, 44.83333333333337)	(49.0, 128.66666666666595)	(50.0, 349.49999999999756)	(51.0, 699.833333333343)	(52.0, 1619.6666666665776)	(53.0, 2126.666666666516)	(54.0, 2443.9999999999936)	(55.0, 2143.3333333331902)	(56.0, 1786.999999999873)	(57.0, 930.0000000000358)	(58.0, 127.99999999999926)	(59.0, 35.66666666666664)	(60.0, 100.33333333333299)	(61.0, 98.99999999999967)	(62.0, 19.999999999999996)	(63.0, 5.999999999999998)	(64.0, 8.666666666666664)	(65.0, 4.333333333333333)	(66.0, 7.33333333333333)	(67.0, 17.33333333333334)	(68.0, 13.33333333333334)	(69.0, 11.333333333333336)	(70.0, 13.000000000000005)	(71.0, 53.0000000000001)	(72.0, 108.6666666666662)	(73.0, 54.66666666666678)	(74.0, 12.000000000000004)	(75.0, 2.6666666666666665)	(76.0, 0.3333333333333333)	(77.0, 0.3333333333333333)	(78.0, 0.3333333333333333)	(79.0, 0.0)	(80.0, 0.0)	(81.0, 0.0)	(82.0, 0.0)	(83.0, 0.0)	(84.0, 0.0)	(85.0, 0.0)	(86.0, 0.0)	(87.0, 0.0)	(88.0, 0.0)	(89.0, 0.0)	(90.0, 0.0)	(91.0, 0.0)	(92.0, 0.3333333333333333)	(93.0, 0.3333333333333333)	(94.0, 0.0)	(95.0, 0.0)	(96.0, 0.0)	(97.0, 0.0)	(98.0, 0.3333333333333333)	(99.0, 0.0)	(100.0, 0.0)
SRR19621196_1	(0.0, 0.0)	(1.0, 0.0)	(2.0, 0.0)	(3.0, 0.0)	(4.0, 0.0)	(5.0, 0.0)	(6.0, 0.0)	(7.0, 0.0)	(8.0, 0.0)	(9.0, 0.0)	(10.0, 0.0)	(11.0, 0.0)	(12.0, 0.0)	(13.0, 0.0)	(14.0, 0.0)	(15.0, 0.0)	(16.0, 0.0)	(17.0, 0.0)	(18.0, 0.0)	(19.0, 0.0)	(20.0, 0.0)	(21.0, 0.0)	(22.0, 0.0)	(23.0, 0.0)	(24.0, 0.0)	(25.0, 0.0)	(26.0, 0.0)	(27.0, 0.0)	(28.0, 0.0)	(29.0, 0.0)	(30.0, 0.0)	(31.0, 0.0)	(32.0, 0.0)	(33.0, 0.0)	(34.0, 0.0)	(35.0, 0.0)	(36.0, 0.6666666666666666)	(37.0, 0.6666666666666666)	(38.0, 0.3333333333333333)	(39.0, 6.666666666666664)	(40.0, 17.000000000000007)	(41.0, 18.000000000000004)	(42.0, 23.66666666666665)	(43.0, 31.66666666666662)	(44.0, 47.00000000000006)	(45.0, 212.66666666666833)	(46.0, 956.0000000000388)	(47.0, 719.3333333333452)	(48.0, 1352.9999999999716)	(49.0, 1118.3333333333583)	(50.0, 975.3333333333743)	(51.0, 2454.3333333333317)	(52.0, 3682.33333333389)	(53.0, 3522.000000000484)	(54.0, 3006.666666666916)	(55.0, 1844.9999999998597)	(56.0, 408.6666666666609)	(57.0, 119.99999999999937)	(58.0, 77.99999999999997)	(59.0, 22.33333333333332)	(60.0, 14.000000000000007)	(61.0, 21.666666666666657)	(62.0, 12.000000000000004)	(63.0, 6.333333333333331)	(64.0, 19.0)	(65.0, 14.666666666666675)	(66.0, 6.666666666666664)	(67.0, 3.666666666666667)	(68.0, 39.0)	(69.0, 40.66666666666668)	(70.0, 6.999999999999997)	(71.0, 3.3333333333333335)	(72.0, 1.6666666666666665)	(73.0, 0.3333333333333333)	(74.0, 0.0)	(75.0, 0.0)	(76.0, 0.0)	(77.0, 0.0)	(78.0, 0.0)	(79.0, 0.0)	(80.0, 0.0)	(81.0, 0.0)	(82.0, 0.0)	(83.0, 0.0)	(84.0, 0.0)	(85.0, 0.0)	(86.0, 0.0)	(87.0, 0.0)	(88.0, 0.0)	(89.0, 0.0)	(90.0, 0.0)	(91.0, 0.0)	(92.0, 0.0)	(93.0, 0.0)	(94.0, 0.0)	(95.0, 0.0)	(96.0, 0.0)	(97.0, 0.0)	(98.0, 0.0)	(99.0, 0.0)	(100.0, 0.0)
SRR19621196_2	(0.0, 0.0)	(1.0, 0.0)	(2.0, 0.0)	(3.0, 0.0)	(4.0, 0.0)	(5.0, 0.0)	(6.0, 0.0)	(7.0, 0.0)	(8.0, 0.0)	(9.0, 0.0)	(10.0, 0.0)	(11.0, 0.0)	(12.0, 0.0)	(13.0, 0.0)	(14.0, 0.0)	(15.0, 0.0)	(16.0, 0.0)	(17.0, 0.0)	(18.0, 0.0)	(19.0, 0.0)	(20.0, 0.0)	(21.0, 0.0)	(22.0, 0.0)	(23.0, 0.0)	(24.0, 0.0)	(25.0, 0.0)	(26.0, 0.0)	(27.0, 0.0)	(28.0, 0.0)	(29.0, 0.0)	(30.0, 0.0)	(31.0, 0.3333333333333333)	(32.0, 0.0)	(33.0, 0.0)	(34.0, 0.6666666666666666)	(35.0, 0.6666666666666666)	(36.0, 1.6666666666666665)	(37.0, 1.9999999999999998)	(38.0, 2.8333333333333335)	(39.0, 7.499999999999997)	(40.0, 17.000000000000007)	(41.0, 21.999999999999993)	(42.0, 24.66666666666665)	(43.0, 30.49999999999996)	(44.0, 39.66666666666667)	(45.0, 87.16666666666652)	(46.0, 189.66666666666768)	(47.0, 1072.666666666702)	(48.0, 1583.999999999919)	(49.0, 1195.3333333333408)	(50.0, 483.99999999998994)	(51.0, 839.5000000000255)	(52.0, 2195.1666666665474)	(53.0, 3422.0000000004384)	(54.0, 3809.6666666672813)	(55.0, 3031.333333333594)	(56.0, 1631.9999999999081)	(57.0, 495.66666666665594)	(58.0, 104.66666666666626)	(59.0, 37.66666666666666)	(60.0, 57.6666666666668)	(61.0, 60.333333333333485)	(62.0, 17.000000000000007)	(63.0, 12.333333333333337)	(64.0, 19.0)	(65.0, 7.9999999999999964)	(66.0, 6.999999999999997)	(67.0, 18.333333333333336)	(68.0, 11.66666666666667)	(69.0, 6.666666666666664)	(70.0, 4.0)	(71.0, 17.000000000000007)	(72.0, 31.66666666666662)	(73.0, 18.666666666666668)	(74.0, 4.0)	(75.0, 0.6666666666666666)	(76.0, 0.0)	(77.0, 0.0)	(78.0, 0.0)	(79.0, 0.6666666666666666)	(80.0, 0.6666666666666666)	(81.0, 0.3333333333333333)	(82.0, 0.0)	(83.0, 0.0)	(84.0, 0.0)	(85.0, 0.0)	(86.0, 0.0)	(87.0, 0.0)	(88.0, 0.0)	(89.0, 0.3333333333333333)	(90.0, 0.0)	(91.0, 0.0)	(92.0, 0.0)	(93.0, 0.0)	(94.0, 0.0)	(95.0, 0.0)	(96.0, 0.0)	(97.0, 0.0)	(98.0, 0.0)	(99.0, 0.0)	(100.0, 0.0)
SRR19621197_1	(0.0, 0.0)	(1.0, 0.0)	(2.0, 0.0)	(3.0, 0.0)	(4.0, 0.0)	(5.0, 0.0)	(6.0, 0.0)	(7.0, 0.0)	(8.0, 0.0)	(9.0, 0.0)	(10.0, 0.0)	(11.0, 0.0)	(12.0, 0.0)	(13.0, 0.0)	(14.0, 0.0)	(15.0, 0.0)	(16.0, 0.0)	(17.0, 0.0)	(18.0, 0.0)	(19.0, 0.0)	(20.0, 0.0)	(21.0, 0.0)	(22.0, 0.0)	(23.0, 0.0)	(24.0, 0.0)	(25.0, 0.0)	(26.0, 0.0)	(27.0, 0.0)	(28.0, 0.0)	(29.0, 0.0)	(30.0, 0.0)	(31.0, 0.3333333333333333)	(32.0, 0.0)	(33.0, 0.0)	(34.0, 0.3333333333333333)	(35.0, 0.6666666666666666)	(36.0, 3.3333333333333335)	(37.0, 4.666666666666666)	(38.0, 12.666666666666671)	(39.0, 36.999999999999986)	(40.0, 84.99999999999987)	(41.0, 117.33333333333275)	(42.0, 157.33333333333343)	(43.0, 218.6666666666685)	(44.0, 415.6666666666605)	(45.0, 694.000000000009)	(46.0, 1811.9999999998672)	(47.0, 2182.999999999875)	(48.0, 3847.0000000006316)	(49.0, 3621.3333333338624)	(50.0, 9716.666666666459)	(51.0, 23107.666666654124)	(52.0, 26017.333333310205)	(53.0, 23002.99999998784)	(54.0, 15523.333333343688)	(55.0, 9126.99999999872)	(56.0, 2144.3333333331907)	(57.0, 635.666666666669)	(58.0, 371.3333333333297)	(59.0, 143.33333333333303)	(60.0, 95.66666666666639)	(61.0, 61.000000000000156)	(62.0, 36.999999999999986)	(63.0, 41.000000000000014)	(64.0, 103.66666666666627)	(65.0, 95.33333333333306)	(66.0, 45.666666666666714)	(67.0, 49.33333333333341)	(68.0, 370.99999999999636)	(69.0, 361.66666666666356)	(70.0, 59.33333333333348)	(71.0, 26.333333333333307)	(72.0, 13.33333333333334)	(73.0, 6.999999999999997)	(74.0, 3.3333333333333335)	(75.0, 0.6666666666666666)	(76.0, 0.3333333333333333)	(77.0, 0.3333333333333333)	(78.0, 0.0)	(79.0, 0.0)	(80.0, 0.0)	(81.0, 0.0)	(82.0, 0.0)	(83.0, 0.0)	(84.0, 0.0)	(85.0, 0.0)	(86.0, 0.3333333333333333)	(87.0, 0.0)	(88.0, 0.3333333333333333)	(89.0, 0.3333333333333333)	(90.0, 0.0)	(91.0, 0.0)	(92.0, 0.0)	(93.0, 0.0)	(94.0, 0.0)	(95.0, 0.0)	(96.0, 0.0)	(97.0, 0.0)	(98.0, 0.0)	(99.0, 0.0)	(100.0, 0.0)
SRR19621197_2	(0.0, 0.0)	(1.0, 0.0)	(2.0, 0.0)	(3.0, 0.0)	(4.0, 0.0)	(5.0, 0.0)	(6.0, 0.0)	(7.0, 0.0)	(8.0, 0.0)	(9.0, 0.0)	(10.0, 0.0)	(11.0, 0.0)	(12.0, 0.0)	(13.0, 0.0)	(14.0, 0.0)	(15.0, 0.0)	(16.0, 0.0)	(17.0, 0.0)	(18.0, 0.0)	(19.0, 0.0)	(20.0, 0.0)	(21.0, 0.0)	(22.0, 0.0)	(23.0, 0.0)	(24.0, 0.0)	(25.0, 0.0)	(26.0, 0.0)	(27.0, 0.0)	(28.0, 0.0)	(29.0, 0.0)	(30.0, 0.0)	(31.0, 0.3333333333333333)	(32.0, 0.3333333333333333)	(33.0, 0.3333333333333333)	(34.0, 1.0)	(35.0, 2.333333333333333)	(36.0, 7.33333333333333)	(37.0, 11.66666666666667)	(38.0, 19.499999999999996)	(39.0, 45.83333333333338)	(40.0, 102.99999999999964)	(41.0, 145.4999999999998)	(42.0, 162.8333333333336)	(43.0, 198.66666666666794)	(44.0, 278.0000000000016)	(45.0, 539.8333333333248)	(46.0, 733.1666666666802)	(47.0, 2466.66666666667)	(48.0, 4306.500000000553)	(49.0, 3406.3333333337637)	(50.0, 3578.333333333843)	(51.0, 9005.166666665165)	(52.0, 18014.33333333932)	(53.0, 23409.666666653025)	(54.0, 24149.833333317)	(55.0, 16145.500000011487)	(56.0, 9106.166666665351)	(57.0, 2980.500000000238)	(58.0, 660.0000000000051)	(59.0, 229.00000000000213)	(60.0, 242.6666666666692)	(61.0, 244.66666666666924)	(62.0, 111.33333333333283)	(63.0, 62.3333333333335)	(64.0, 64.66666666666683)	(65.0, 44.33333333333337)	(66.0, 53.66666666666677)	(67.0, 121.99999999999935)	(68.0, 70.00000000000009)	(69.0, 42.33333333333336)	(70.0, 53.66666666666677)	(71.0, 138.99999999999957)	(72.0, 281.3333333333348)	(73.0, 172.6666666666672)	(74.0, 46.00000000000005)	(75.0, 6.666666666666664)	(76.0, 1.0)	(77.0, 0.6666666666666666)	(78.0, 0.6666666666666666)	(79.0, 0.6666666666666666)	(80.0, 1.0)	(81.0, 0.3333333333333333)	(82.0, 0.0)	(83.0, 0.3333333333333333)	(84.0, 0.3333333333333333)	(85.0, 0.3333333333333333)	(86.0, 0.0)	(87.0, 0.0)	(88.0, 0.0)	(89.0, 1.0)	(90.0, 1.0)	(91.0, 1.0)	(92.0, 0.6666666666666666)	(93.0, 0.6666666666666666)	(94.0, 1.0)	(95.0, 0.0)	(96.0, 0.0)	(97.0, 0.6666666666666666)	(98.0, 0.6666666666666666)	(99.0, 1.3333333333333333)	(100.0, 3.0)
SRR19621198_1	(0.0, 0.0)	(1.0, 0.0)	(2.0, 0.0)	(3.0, 0.0)	(4.0, 0.0)	(5.0, 0.0)	(6.0, 0.0)	(7.0, 0.0)	(8.0, 0.0)	(9.0, 0.0)	(10.0, 0.0)	(11.0, 0.0)	(12.0, 0.0)	(13.0, 0.0)	(14.0, 0.0)	(15.0, 0.0)	(16.0, 0.0)	(17.0, 0.0)	(18.0, 0.0)	(19.0, 0.0)	(20.0, 0.0)	(21.0, 0.0)	(22.0, 0.0)	(23.0, 0.0)	(24.0, 0.0)	(25.0, 0.0)	(26.0, 0.0)	(27.0, 0.0)	(28.0, 0.0)	(29.0, 0.0)	(30.0, 0.0)	(31.0, 0.0)	(32.0, 0.0)	(33.0, 0.0)	(34.0, 0.0)	(35.0, 0.6666666666666666)	(36.0, 0.3333333333333333)	(37.0, 0.3333333333333333)	(38.0, 2.333333333333333)	(39.0, 12.333333333333337)	(40.0, 21.99999999999999)	(41.0, 23.999999999999982)	(42.0, 31.33333333333329)	(43.0, 51.33333333333342)	(44.0, 63.66666666666684)	(45.0, 90.33333333333313)	(46.0, 196.33333333333454)	(47.0, 375.9999999999961)	(48.0, 871.3333333333625)	(49.0, 866.3333333333619)	(50.0, 1021.6666666667129)	(51.0, 3204.666666667006)	(52.0, 5963.666666665713)	(53.0, 7865.33333333065)	(54.0, 5095.666666666502)	(55.0, 3371.3333333337487)	(56.0, 875.6666666666963)	(57.0, 474.66666666665714)	(58.0, 103.66666666666627)	(59.0, 37.33333333333332)	(60.0, 16.333333333333343)	(61.0, 11.333333333333336)	(62.0, 9.333333333333332)	(63.0, 11.66666666666667)	(64.0, 39.333333333333336)	(65.0, 20.999999999999993)	(66.0, 14.000000000000007)	(67.0, 10.0)	(68.0, 25.666666666666643)	(69.0, 74.66666666666669)	(70.0, 13.000000000000005)	(71.0, 1.9999999999999998)	(72.0, 2.333333333333333)	(73.0, 1.3333333333333333)	(74.0, 0.6666666666666666)	(75.0, 0.3333333333333333)	(76.0, 0.3333333333333333)	(77.0, 0.0)	(78.0, 0.0)	(79.0, 0.0)	(80.0, 0.0)	(81.0, 0.0)	(82.0, 0.0)	(83.0, 0.0)	(84.0, 0.0)	(85.0, 0.0)	(86.0, 0.0)	(87.0, 0.0)	(88.0, 0.0)	(89.0, 0.0)	(90.0, 0.0)	(91.0, 0.0)	(92.0, 0.0)	(93.0, 0.0)	(94.0, 0.0)	(95.0, 0.0)	(96.0, 0.0)	(97.0, 0.0)	(98.0, 0.0)	(99.0, 0.0)	(100.0, 0.0)
SRR19621198_2	(0.0, 0.0)	(1.0, 0.0)	(2.0, 0.0)	(3.0, 0.0)	(4.0, 0.0)	(5.0, 0.0)	(6.0, 0.0)	(7.0, 0.0)	(8.0, 0.0)	(9.0, 0.0)	(10.0, 0.0)	(11.0, 0.0)	(12.0, 0.0)	(13.0, 0.0)	(14.0, 0.0)	(15.0, 0.0)	(16.0, 0.0)	(17.0, 0.0)	(18.0, 0.0)	(19.0, 0.0)	(20.0, 0.0)	(21.0, 0.0)	(22.0, 0.0)	(23.0, 0.0)	(24.0, 0.0)	(25.0, 0.0)	(26.0, 0.0)	(27.0, 0.0)	(28.0, 0.0)	(29.0, 0.0)	(30.0, 0.0)	(31.0, 0.0)	(32.0, 0.0)	(33.0, 0.0)	(34.0, 0.0)	(35.0, 0.0)	(36.0, 1.3333333333333333)	(37.0, 1.6666666666666665)	(38.0, 2.6666666666666665)	(39.0, 9.666666666666666)	(40.0, 21.666666666666657)	(41.0, 30.333333333333297)	(42.0, 32.999999999999964)	(43.0, 48.66666666666674)	(44.0, 67.1666666666668)	(45.0, 94.99999999999974)	(46.0, 129.99999999999932)	(47.0, 241.50000000000247)	(48.0, 396.6666666666616)	(49.0, 710.3333333333442)	(50.0, 795.3333333333538)	(51.0, 1597.3333333332494)	(52.0, 3244.166666667024)	(53.0, 4671.166666666888)	(54.0, 6326.33333333205)	(55.0, 5497.333333332804)	(56.0, 4873.333333333371)	(57.0, 1862.6666666665224)	(58.0, 393.66666666666174)	(59.0, 167.66666666666706)	(60.0, 52.00000000000009)	(61.0, 27.333333333333304)	(62.0, 15.000000000000009)	(63.0, 10.333333333333334)	(64.0, 11.333333333333336)	(65.0, 13.000000000000005)	(66.0, 34.666666666666636)	(67.0, 19.666666666666664)	(68.0, 18.666666666666668)	(69.0, 8.33333333333333)	(70.0, 5.666666666666665)	(71.0, 16.333333333333343)	(72.0, 66.6666666666668)	(73.0, 17.33333333333334)	(74.0, 2.6666666666666665)	(75.0, 1.9999999999999998)	(76.0, 1.6666666666666665)	(77.0, 0.6666666666666666)	(78.0, 0.6666666666666666)	(79.0, 0.6666666666666666)	(80.0, 0.3333333333333333)	(81.0, 0.0)	(82.0, 0.0)	(83.0, 0.0)	(84.0, 0.0)	(85.0, 0.0)	(86.0, 0.0)	(87.0, 0.0)	(88.0, 0.3333333333333333)	(89.0, 0.0)	(90.0, 0.0)	(91.0, 0.0)	(92.0, 0.0)	(93.0, 0.0)	(94.0, 0.0)	(95.0, 0.0)	(96.0, 0.0)	(97.0, 0.0)	(98.0, 0.0)	(99.0, 0.0)	(100.0, 0.0)
SRR19621199_1	(0.0, 0.0)	(1.0, 0.0)	(2.0, 0.0)	(3.0, 0.0)	(4.0, 0.0)	(5.0, 0.0)	(6.0, 0.0)	(7.0, 0.0)	(8.0, 0.0)	(9.0, 0.0)	(10.0, 0.0)	(11.0, 0.0)	(12.0, 0.0)	(13.0, 0.0)	(14.0, 0.0)	(15.0, 0.0)	(16.0, 0.0)	(17.0, 0.0)	(18.0, 0.0)	(19.0, 0.0)	(20.0, 0.0)	(21.0, 0.0)	(22.0, 0.0)	(23.0, 0.0)	(24.0, 0.0)	(25.0, 0.0)	(26.0, 0.0)	(27.0, 0.0)	(28.0, 0.0)	(29.0, 0.0)	(30.0, 0.0)	(31.0, 0.0)	(32.0, 0.0)	(33.0, 0.0)	(34.0, 0.0)	(35.0, 0.0)	(36.0, 1.3333333333333333)	(37.0, 1.3333333333333333)	(38.0, 0.3333333333333333)	(39.0, 3.0)	(40.0, 9.666666666666666)	(41.0, 12.333333333333337)	(42.0, 18.666666666666668)	(43.0, 20.66666666666666)	(44.0, 25.666666666666643)	(45.0, 42.33333333333336)	(46.0, 183.6666666666675)	(47.0, 457.6666666666581)	(48.0, 975.0000000000409)	(49.0, 716.0000000000115)	(50.0, 653.3333333333377)	(51.0, 1813.3333333332002)	(52.0, 3902.6666666673236)	(53.0, 4753.666666666813)	(54.0, 3081.6666666669503)	(55.0, 1990.6666666664933)	(56.0, 519.9999999999892)	(57.0, 238.66666666666907)	(58.0, 49.66666666666674)	(59.0, 13.666666666666673)	(60.0, 6.666666666666664)	(61.0, 4.999999999999999)	(62.0, 2.333333333333333)	(63.0, 7.33333333333333)	(64.0, 30.333333333333293)	(65.0, 16.00000000000001)	(66.0, 10.666666666666668)	(67.0, 5.999999999999998)	(68.0, 14.333333333333341)	(69.0, 53.333333333333435)	(70.0, 8.33333333333333)	(71.0, 0.6666666666666666)	(72.0, 1.3333333333333333)	(73.0, 0.6666666666666666)	(74.0, 0.0)	(75.0, 0.0)	(76.0, 0.0)	(77.0, 0.0)	(78.0, 0.0)	(79.0, 0.0)	(80.0, 0.0)	(81.0, 0.0)	(82.0, 0.0)	(83.0, 0.0)	(84.0, 0.0)	(85.0, 0.0)	(86.0, 0.0)	(87.0, 0.0)	(88.0, 0.0)	(89.0, 0.0)	(90.0, 0.0)	(91.0, 0.0)	(92.0, 0.0)	(93.0, 0.0)	(94.0, 0.0)	(95.0, 0.0)	(96.0, 0.0)	(97.0, 0.0)	(98.0, 0.0)	(99.0, 0.0)	(100.0, 0.0)
SRR19621199_2	(0.0, 0.0)	(1.0, 0.0)	(2.0, 0.0)	(3.0, 0.0)	(4.0, 0.0)	(5.0, 0.0)	(6.0, 0.0)	(7.0, 0.0)	(8.0, 0.0)	(9.0, 0.0)	(10.0, 0.0)	(11.0, 0.0)	(12.0, 0.0)	(13.0, 0.0)	(14.0, 0.0)	(15.0, 0.0)	(16.0, 0.0)	(17.0, 0.0)	(18.0, 0.3333333333333333)	(19.0, 0.3333333333333333)	(20.0, 0.0)	(21.0, 0.0)	(22.0, 0.0)	(23.0, 0.0)	(24.0, 0.0)	(25.0, 0.0)	(26.0, 0.0)	(27.0, 0.0)	(28.0, 0.0)	(29.0, 0.0)	(30.0, 0.0)	(31.0, 0.0)	(32.0, 0.0)	(33.0, 0.0)	(34.0, 0.0)	(35.0, 0.3333333333333333)	(36.0, 0.0)	(37.0, 0.3333333333333333)	(38.0, 0.6666666666666666)	(39.0, 2.6666666666666665)	(40.0, 10.0)	(41.0, 17.33333333333334)	(42.0, 17.16666666666667)	(43.0, 23.499999999999982)	(44.0, 35.16666666666664)	(45.0, 68.16666666666679)	(46.0, 112.66666666666615)	(47.0, 205.16666666666814)	(48.0, 626.5000000000014)	(49.0, 709.5000000000108)	(50.0, 589.4999999999972)	(51.0, 688.3333333333417)	(52.0, 1836.9999999998615)	(53.0, 3238.6666666670217)	(54.0, 4331.666666667197)	(55.0, 3147.333333333647)	(56.0, 2588.3333333333926)	(57.0, 1112.0000000000264)	(58.0, 205.66666666666814)	(59.0, 82.9999999999999)	(60.0, 27.999999999999968)	(61.0, 14.666666666666675)	(62.0, 11.000000000000002)	(63.0, 4.666666666666666)	(64.0, 4.333333333333333)	(65.0, 6.333333333333331)	(66.0, 25.33333333333331)	(67.0, 12.333333333333337)	(68.0, 15.000000000000009)	(69.0, 2.6666666666666665)	(70.0, 4.0)	(71.0, 11.66666666666667)	(72.0, 51.33333333333342)	(73.0, 9.666666666666666)	(74.0, 1.3333333333333333)	(75.0, 0.3333333333333333)	(76.0, 0.3333333333333333)	(77.0, 0.6666666666666666)	(78.0, 0.0)	(79.0, 0.0)	(80.0, 0.0)	(81.0, 0.0)	(82.0, 0.0)	(83.0, 0.3333333333333333)	(84.0, 0.3333333333333333)	(85.0, 0.0)	(86.0, 0.0)	(87.0, 0.0)	(88.0, 0.0)	(89.0, 0.0)	(90.0, 0.3333333333333333)	(91.0, 0.0)	(92.0, 0.0)	(93.0, 0.0)	(94.0, 0.0)	(95.0, 0.0)	(96.0, 0.0)	(97.0, 0.0)	(98.0, 0.0)	(99.0, 0.0)	(100.0, 0.5)
SRR19621200_1	(0.0, 0.0)	(1.0, 0.0)	(2.0, 0.0)	(3.0, 0.0)	(4.0, 0.0)	(5.0, 0.0)	(6.0, 0.0)	(7.0, 0.0)	(8.0, 0.0)	(9.0, 0.0)	(10.0, 0.0)	(11.0, 0.0)	(12.0, 0.0)	(13.0, 0.0)	(14.0, 0.0)	(15.0, 0.0)	(16.0, 0.0)	(17.0, 0.0)	(18.0, 0.0)	(19.0, 0.0)	(20.0, 0.0)	(21.0, 0.0)	(22.0, 0.0)	(23.0, 0.0)	(24.0, 0.0)	(25.0, 0.0)	(26.0, 0.0)	(27.0, 0.0)	(28.0, 0.0)	(29.0, 0.0)	(30.0, 0.0)	(31.0, 0.0)	(32.0, 0.0)	(33.0, 0.0)	(34.0, 0.0)	(35.0, 0.6666666666666666)	(36.0, 1.3333333333333333)	(37.0, 1.3333333333333333)	(38.0, 2.6666666666666665)	(39.0, 7.33333333333333)	(40.0, 11.66666666666667)	(41.0, 19.999999999999996)	(42.0, 20.33333333333333)	(43.0, 26.333333333333307)	(44.0, 33.999999999999964)	(45.0, 60.333333333333485)	(46.0, 110.66666666666617)	(47.0, 168.33333333333374)	(48.0, 412.999999999994)	(49.0, 438.6666666666592)	(50.0, 999.333333333377)	(51.0, 2002.9999999998238)	(52.0, 4802.666666666769)	(53.0, 4915.999999999999)	(54.0, 3964.000000000685)	(55.0, 2781.666666666814)	(56.0, 734.6666666666803)	(57.0, 190.00000000000102)	(58.0, 86.99999999999984)	(59.0, 26.66666666666664)	(60.0, 29.99999999999996)	(61.0, 28.999999999999964)	(62.0, 16.333333333333343)	(63.0, 5.333333333333332)	(64.0, 17.000000000000007)	(65.0, 19.333333333333332)	(66.0, 12.000000000000004)	(67.0, 19.0)	(68.0, 193.33333333333445)	(69.0, 184.3333333333342)	(70.0, 24.99999999999998)	(71.0, 13.33333333333334)	(72.0, 7.9999999999999964)	(73.0, 4.333333333333333)	(74.0, 1.0)	(75.0, 0.3333333333333333)	(76.0, 0.0)	(77.0, 0.0)	(78.0, 0.0)	(79.0, 0.0)	(80.0, 0.0)	(81.0, 0.0)	(82.0, 0.0)	(83.0, 0.0)	(84.0, 0.0)	(85.0, 0.0)	(86.0, 0.0)	(87.0, 0.0)	(88.0, 0.0)	(89.0, 0.0)	(90.0, 0.0)	(91.0, 0.0)	(92.0, 0.0)	(93.0, 0.0)	(94.0, 0.0)	(95.0, 0.0)	(96.0, 0.0)	(97.0, 0.0)	(98.0, 0.0)	(99.0, 0.0)	(100.0, 0.0)
SRR19621200_2	(0.0, 0.0)	(1.0, 0.0)	(2.0, 0.0)	(3.0, 0.0)	(4.0, 0.0)	(5.0, 0.0)	(6.0, 0.0)	(7.0, 0.0)	(8.0, 0.0)	(9.0, 0.0)	(10.0, 0.0)	(11.0, 0.0)	(12.0, 0.0)	(13.0, 0.0)	(14.0, 0.0)	(15.0, 0.0)	(16.0, 0.0)	(17.0, 0.0)	(18.0, 0.0)	(19.0, 0.0)	(20.0, 0.0)	(21.0, 0.0)	(22.0, 0.0)	(23.0, 0.0)	(24.0, 0.0)	(25.0, 0.0)	(26.0, 0.0)	(27.0, 0.0)	(28.0, 0.0)	(29.0, 0.0)	(30.0, 0.0)	(31.0, 0.0)	(32.0, 0.0)	(33.0, 0.0)	(34.0, 0.0)	(35.0, 0.6666666666666666)	(36.0, 1.6666666666666665)	(37.0, 1.0)	(38.0, 2.6666666666666665)	(39.0, 4.666666666666666)	(40.0, 10.500000000000002)	(41.0, 16.83333333333334)	(42.0, 21.49999999999999)	(43.0, 38.166666666666664)	(44.0, 39.33333333333334)	(45.0, 35.999999999999986)	(46.0, 54.500000000000114)	(47.0, 182.66666666666748)	(48.0, 399.8333333333281)	(49.0, 310.66666666666646)	(50.0, 530.6666666666571)	(51.0, 1044.333333333375)	(52.0, 1118.6666666666915)	(53.0, 2613.0000000000705)	(54.0, 5938.666666665736)	(55.0, 4793.000000000111)	(56.0, 2872.0000000001883)	(57.0, 1217.0000000000025)	(58.0, 226.3333333333354)	(59.0, 100.99999999999964)	(60.0, 59.00000000000014)	(61.0, 56.33333333333346)	(62.0, 28.999999999999964)	(63.0, 18.333333333333336)	(64.0, 28.666666666666632)	(65.0, 11.66666666666667)	(66.0, 10.0)	(67.0, 22.33333333333332)	(68.0, 17.000000000000007)	(69.0, 12.333333333333337)	(70.0, 14.000000000000007)	(71.0, 93.99999999999974)	(72.0, 180.00000000000074)	(73.0, 78.3333333333333)	(74.0, 19.0)	(75.0, 4.0)	(76.0, 0.3333333333333333)	(77.0, 1.0)	(78.0, 1.0)	(79.0, 0.0)	(80.0, 0.0)	(81.0, 0.0)	(82.0, 0.0)	(83.0, 0.0)	(84.0, 0.0)	(85.0, 0.0)	(86.0, 0.0)	(87.0, 0.0)	(88.0, 0.0)	(89.0, 0.3333333333333333)	(90.0, 0.3333333333333333)	(91.0, 0.0)	(92.0, 0.0)	(93.0, 0.0)	(94.0, 0.0)	(95.0, 0.0)	(96.0, 0.0)	(97.0, 0.0)	(98.0, 0.0)	(99.0, 0.0)	(100.0, 0.0)
SRR19621201_1	(0.0, 0.0)	(1.0, 0.0)	(2.0, 0.0)	(3.0, 0.0)	(4.0, 0.0)	(5.0, 0.0)	(6.0, 0.0)	(7.0, 0.0)	(8.0, 0.0)	(9.0, 0.0)	(10.0, 0.0)	(11.0, 0.0)	(12.0, 0.0)	(13.0, 0.0)	(14.0, 0.0)	(15.0, 0.0)	(16.0, 0.0)	(17.0, 0.0)	(18.0, 0.0)	(19.0, 0.0)	(20.0, 0.0)	(21.0, 0.0)	(22.0, 0.0)	(23.0, 0.0)	(24.0, 0.0)	(25.0, 0.0)	(26.0, 0.0)	(27.0, 0.0)	(28.0, 0.0)	(29.0, 0.0)	(30.0, 0.0)	(31.0, 0.0)	(32.0, 0.0)	(33.0, 0.0)	(34.0, 0.3333333333333333)	(35.0, 0.3333333333333333)	(36.0, 0.6666666666666666)	(37.0, 3.0)	(38.0, 4.666666666666666)	(39.0, 10.0)	(40.0, 14.666666666666675)	(41.0, 23.66666666666665)	(42.0, 32.333333333333286)	(43.0, 33.33333333333329)	(44.0, 44.33333333333337)	(45.0, 89.66666666666647)	(46.0, 333.66666666666515)	(47.0, 571.9999999999951)	(48.0, 753.3333333333491)	(49.0, 648.3333333333371)	(50.0, 846.0000000000263)	(51.0, 3055.6666666669385)	(52.0, 4973.999999999946)	(53.0, 4483.666666667059)	(54.0, 3150.333333333648)	(55.0, 2110.3333333331752)	(56.0, 699.3333333333429)	(57.0, 258.6666666666694)	(58.0, 95.66666666666639)	(59.0, 40.66666666666668)	(60.0, 32.99999999999996)	(61.0, 29.333333333333297)	(62.0, 21.666666666666657)	(63.0, 12.333333333333337)	(64.0, 10.333333333333334)	(65.0, 7.9999999999999964)	(66.0, 11.66666666666667)	(67.0, 26.333333333333307)	(68.0, 260.0000000000027)	(69.0, 270.66666666666873)	(70.0, 46.66666666666672)	(71.0, 32.99999999999996)	(72.0, 17.000000000000007)	(73.0, 8.33333333333333)	(74.0, 3.0)	(75.0, 0.6666666666666666)	(76.0, 0.3333333333333333)	(77.0, 0.0)	(78.0, 0.0)	(79.0, 0.0)	(80.0, 0.0)	(81.0, 0.0)	(82.0, 0.0)	(83.0, 0.0)	(84.0, 0.0)	(85.0, 0.0)	(86.0, 0.0)	(87.0, 0.0)	(88.0, 0.0)	(89.0, 0.0)	(90.0, 0.0)	(91.0, 0.0)	(92.0, 0.0)	(93.0, 0.0)	(94.0, 0.0)	(95.0, 0.0)	(96.0, 0.0)	(97.0, 0.0)	(98.0, 0.0)	(99.0, 0.0)	(100.0, 0.0)
SRR19621201_2	(0.0, 0.0)	(1.0, 0.0)	(2.0, 0.0)	(3.0, 0.0)	(4.0, 0.0)	(5.0, 0.0)	(6.0, 0.0)	(7.0, 0.0)	(8.0, 0.0)	(9.0, 0.0)	(10.0, 0.0)	(11.0, 0.0)	(12.0, 0.0)	(13.0, 0.0)	(14.0, 0.0)	(15.0, 0.0)	(16.0, 0.0)	(17.0, 0.0)	(18.0, 0.0)	(19.0, 0.0)	(20.0, 0.0)	(21.0, 0.0)	(22.0, 0.0)	(23.0, 0.0)	(24.0, 0.0)	(25.0, 0.0)	(26.0, 0.0)	(27.0, 0.0)	(28.0, 0.0)	(29.0, 0.0)	(30.0, 0.0)	(31.0, 0.0)	(32.0, 0.0)	(33.0, 0.6666666666666666)	(34.0, 0.3333333333333333)	(35.0, 0.3333333333333333)	(36.0, 1.9999999999999998)	(37.0, 2.333333333333333)	(38.0, 2.333333333333333)	(39.0, 5.999999999999998)	(40.0, 22.83333333333332)	(41.0, 28.833333333333297)	(42.0, 31.833333333333286)	(43.0, 48.000000000000064)	(44.0, 55.83333333333345)	(45.0, 59.33333333333348)	(46.0, 153.33333333333331)	(47.0, 577.1666666666624)	(48.0, 765.500000000017)	(49.0, 590.3333333333305)	(50.0, 632.0000000000019)	(51.0, 2418.9999999999823)	(52.0, 2808.3333333334926)	(53.0, 2422.6666666666506)	(54.0, 4667.000000000226)	(55.0, 3470.00000000046)	(56.0, 2265.9999999999127)	(57.0, 1005.6666666667111)	(58.0, 261.66666666666924)	(59.0, 183.33333333333417)	(60.0, 64.3333333333335)	(61.0, 43.333333333333364)	(62.0, 30.999999999999957)	(63.0, 21.333333333333325)	(64.0, 29.99999999999996)	(65.0, 12.666666666666671)	(66.0, 15.333333333333343)	(67.0, 22.33333333333332)	(68.0, 22.666666666666654)	(69.0, 21.333333333333325)	(70.0, 30.999999999999957)	(71.0, 191.3333333333344)	(72.0, 250.33333333333607)	(73.0, 78.3333333333333)	(74.0, 20.33333333333333)	(75.0, 4.666666666666666)	(76.0, 1.3333333333333333)	(77.0, 1.0)	(78.0, 0.3333333333333333)	(79.0, 0.6666666666666666)	(80.0, 0.3333333333333333)	(81.0, 0.0)	(82.0, 0.0)	(83.0, 0.3333333333333333)	(84.0, 0.6666666666666666)	(85.0, 0.3333333333333333)	(86.0, 0.3333333333333333)	(87.0, 0.0)	(88.0, 0.0)	(89.0, 0.0)	(90.0, 0.0)	(91.0, 0.0)	(92.0, 0.0)	(93.0, 0.0)	(94.0, 0.0)	(95.0, 0.6666666666666666)	(96.0, 0.3333333333333333)	(97.0, 0.0)	(98.0, 0.0)	(99.0, 0.0)	(100.0, 0.0)
SRR19621202_1	(0.0, 0.0)	(1.0, 0.0)	(2.0, 0.0)	(3.0, 0.0)	(4.0, 0.0)	(5.0, 0.0)	(6.0, 0.0)	(7.0, 0.0)	(8.0, 0.0)	(9.0, 0.0)	(10.0, 0.0)	(11.0, 0.0)	(12.0, 0.0)	(13.0, 0.0)	(14.0, 0.0)	(15.0, 0.0)	(16.0, 0.0)	(17.0, 0.0)	(18.0, 0.0)	(19.0, 0.0)	(20.0, 0.0)	(21.0, 0.0)	(22.0, 0.0)	(23.0, 0.0)	(24.0, 0.0)	(25.0, 0.0)	(26.0, 0.0)	(27.0, 0.0)	(28.0, 0.0)	(29.0, 0.0)	(30.0, 0.0)	(31.0, 0.0)	(32.0, 0.0)	(33.0, 0.6666666666666666)	(34.0, 0.0)	(35.0, 0.0)	(36.0, 0.3333333333333333)	(37.0, 1.0)	(38.0, 1.6666666666666665)	(39.0, 6.666666666666664)	(40.0, 13.666666666666673)	(41.0, 18.000000000000004)	(42.0, 25.999999999999975)	(43.0, 43.333333333333364)	(44.0, 47.00000000000006)	(45.0, 55.666666666666785)	(46.0, 139.33333333333292)	(47.0, 155.00000000000003)	(48.0, 230.00000000000216)	(49.0, 624.000000000001)	(50.0, 1674.9999999998984)	(51.0, 2572.3333333333853)	(52.0, 2799.3333333334886)	(53.0, 3117.333333333633)	(54.0, 2542.000000000038)	(55.0, 3587.0000000005134)	(56.0, 1257.9999999999932)	(57.0, 2486.0000000000127)	(58.0, 2277.333333333251)	(59.0, 244.3333333333359)	(60.0, 84.66666666666654)	(61.0, 36.333333333333314)	(62.0, 21.99999999999999)	(63.0, 30.666666666666625)	(64.0, 53.333333333333435)	(65.0, 23.66666666666665)	(66.0, 36.333333333333314)	(67.0, 72.33333333333339)	(68.0, 104.99999999999959)	(69.0, 115.99999999999943)	(70.0, 51.66666666666676)	(71.0, 21.333333333333325)	(72.0, 5.666666666666665)	(73.0, 1.6666666666666665)	(74.0, 0.0)	(75.0, 0.0)	(76.0, 0.0)	(77.0, 0.0)	(78.0, 0.0)	(79.0, 0.0)	(80.0, 0.0)	(81.0, 0.0)	(82.0, 0.0)	(83.0, 0.0)	(84.0, 0.0)	(85.0, 0.0)	(86.0, 0.0)	(87.0, 0.0)	(88.0, 0.0)	(89.0, 0.0)	(90.0, 0.0)	(91.0, 0.0)	(92.0, 0.0)	(93.0, 0.0)	(94.0, 0.0)	(95.0, 0.0)	(96.0, 0.0)	(97.0, 0.0)	(98.0, 0.0)	(99.0, 0.0)	(100.0, 0.0)
SRR19621202_2	(0.0, 0.0)	(1.0, 0.0)	(2.0, 0.0)	(3.0, 0.0)	(4.0, 0.0)	(5.0, 0.0)	(6.0, 0.0)	(7.0, 0.0)	(8.0, 0.0)	(9.0, 0.0)	(10.0, 0.0)	(11.0, 0.0)	(12.0, 0.0)	(13.0, 0.0)	(14.0, 0.0)	(15.0, 0.0)	(16.0, 0.0)	(17.0, 0.0)	(18.0, 0.0)	(19.0, 0.0)	(20.0, 0.0)	(21.0, 0.0)	(22.0, 0.0)	(23.0, 0.0)	(24.0, 0.0)	(25.0, 0.0)	(26.0, 0.0)	(27.0, 0.0)	(28.0, 0.0)	(29.0, 0.3333333333333333)	(30.0, 0.3333333333333333)	(31.0, 0.0)	(32.0, 0.0)	(33.0, 0.3333333333333333)	(34.0, 0.3333333333333333)	(35.0, 0.0)	(36.0, 1.1666666666666665)	(37.0, 2.8333333333333335)	(38.0, 4.5)	(39.0, 4.833333333333333)	(40.0, 13.000000000000005)	(41.0, 32.49999999999996)	(42.0, 37.49999999999999)	(43.0, 31.33333333333329)	(44.0, 44.66666666666671)	(45.0, 49.00000000000007)	(46.0, 76.33333333333333)	(47.0, 165.50000000000034)	(48.0, 159.00000000000014)	(49.0, 319.33333333333263)	(50.0, 876.3333333333629)	(51.0, 1875.1666666665196)	(52.0, 2427.9999999999864)	(53.0, 2596.6666666667297)	(54.0, 2818.333333333497)	(55.0, 2222.6666666665596)	(56.0, 3019.3333333335886)	(57.0, 2618.3333333334062)	(58.0, 478.6666666666569)	(59.0, 200.0000000000013)	(60.0, 607.3333333333325)	(61.0, 2435.6666666666565)	(62.0, 687.0000000000082)	(63.0, 135.9999999999995)	(64.0, 44.33333333333337)	(65.0, 41.000000000000014)	(66.0, 54.33333333333344)	(67.0, 50.00000000000008)	(68.0, 52.666666666666764)	(69.0, 170.66666666666714)	(70.0, 32.99999999999996)	(71.0, 19.666666666666664)	(72.0, 45.33333333333338)	(73.0, 11.333333333333336)	(74.0, 1.0)	(75.0, 0.6666666666666666)	(76.0, 0.6666666666666666)	(77.0, 0.6666666666666666)	(78.0, 0.0)	(79.0, 0.0)	(80.0, 0.0)	(81.0, 0.6666666666666666)	(82.0, 0.3333333333333333)	(83.0, 0.0)	(84.0, 0.0)	(85.0, 0.0)	(86.0, 0.0)	(87.0, 0.0)	(88.0, 0.0)	(89.0, 0.0)	(90.0, 0.3333333333333333)	(91.0, 0.3333333333333333)	(92.0, 0.0)	(93.0, 0.0)	(94.0, 0.0)	(95.0, 0.0)	(96.0, 0.0)	(97.0, 0.0)	(98.0, 0.3333333333333333)	(99.0, 0.0)	(100.0, 0.0)
SRR19621203_1	(0.0, 0.0)	(1.0, 0.0)	(2.0, 0.0)	(3.0, 0.0)	(4.0, 0.0)	(5.0, 0.0)	(6.0, 0.0)	(7.0, 0.0)	(8.0, 0.0)	(9.0, 0.0)	(10.0, 0.0)	(11.0, 0.0)	(12.0, 0.0)	(13.0, 0.0)	(14.0, 0.0)	(15.0, 0.0)	(16.0, 0.0)	(17.0, 0.0)	(18.0, 0.0)	(19.0, 0.0)	(20.0, 0.0)	(21.0, 0.0)	(22.0, 0.0)	(23.0, 0.0)	(24.0, 0.0)	(25.0, 0.0)	(26.0, 0.0)	(27.0, 0.0)	(28.0, 0.0)	(29.0, 0.0)	(30.0, 0.0)	(31.0, 0.0)	(32.0, 0.0)	(33.0, 0.0)	(34.0, 0.0)	(35.0, 0.0)	(36.0, 0.6666666666666666)	(37.0, 3.666666666666667)	(38.0, 5.999999999999998)	(39.0, 10.666666666666668)	(40.0, 22.999999999999986)	(41.0, 27.999999999999968)	(42.0, 30.999999999999957)	(43.0, 41.000000000000014)	(44.0, 48.666666666666735)	(45.0, 66.33333333333347)	(46.0, 96.33333333333304)	(47.0, 131.66666666666603)	(48.0, 151.33333333333326)	(49.0, 241.00000000000247)	(50.0, 566.9999999999945)	(51.0, 2463.3333333333358)	(52.0, 4732.6666666668325)	(53.0, 7491.999999997656)	(54.0, 4667.666666666892)	(55.0, 1944.3333333331705)	(56.0, 491.66666666665617)	(57.0, 179.0000000000007)	(58.0, 89.33333333333314)	(59.0, 43.00000000000003)	(60.0, 18.666666666666668)	(61.0, 11.333333333333336)	(62.0, 10.666666666666668)	(63.0, 7.9999999999999964)	(64.0, 8.666666666666664)	(65.0, 8.999999999999998)	(66.0, 9.666666666666666)	(67.0, 11.000000000000002)	(68.0, 150.33333333333323)	(69.0, 149.9999999999999)	(70.0, 29.99999999999996)	(71.0, 12.666666666666671)	(72.0, 6.999999999999997)	(73.0, 2.333333333333333)	(74.0, 0.6666666666666666)	(75.0, 0.6666666666666666)	(76.0, 0.3333333333333333)	(77.0, 0.0)	(78.0, 0.0)	(79.0, 0.0)	(80.0, 0.0)	(81.0, 0.0)	(82.0, 0.0)	(83.0, 0.0)	(84.0, 0.0)	(85.0, 0.0)	(86.0, 0.0)	(87.0, 0.0)	(88.0, 0.0)	(89.0, 0.0)	(90.0, 0.0)	(91.0, 0.0)	(92.0, 0.0)	(93.0, 0.0)	(94.0, 0.0)	(95.0, 0.0)	(96.0, 0.0)	(97.0, 0.0)	(98.0, 0.0)	(99.0, 0.0)	(100.0, 0.0)
SRR19621203_2	(0.0, 0.0)	(1.0, 0.0)	(2.0, 0.0)	(3.0, 0.0)	(4.0, 0.0)	(5.0, 0.0)	(6.0, 0.0)	(7.0, 0.0)	(8.0, 0.0)	(9.0, 0.0)	(10.0, 0.0)	(11.0, 0.0)	(12.0, 0.0)	(13.0, 0.0)	(14.0, 0.0)	(15.0, 0.0)	(16.0, 0.0)	(17.0, 0.0)	(18.0, 0.3333333333333333)	(19.0, 0.0)	(20.0, 0.0)	(21.0, 0.0)	(22.0, 0.0)	(23.0, 0.0)	(24.0, 0.0)	(25.0, 0.0)	(26.0, 0.0)	(27.0, 0.0)	(28.0, 0.0)	(29.0, 0.0)	(30.0, 0.0)	(31.0, 0.0)	(32.0, 0.0)	(33.0, 0.0)	(34.0, 0.3333333333333333)	(35.0, 0.3333333333333333)	(36.0, 0.6666666666666666)	(37.0, 4.0)	(38.0, 4.833333333333333)	(39.0, 11.16666666666667)	(40.0, 28.8333333333333)	(41.0, 30.49999999999996)	(42.0, 37.83333333333333)	(43.0, 47.66666666666673)	(44.0, 51.000000000000085)	(45.0, 47.8333333333334)	(46.0, 71.00000000000007)	(47.0, 124.66666666666599)	(48.0, 127.16666666666595)	(49.0, 168.66666666666706)	(50.0, 352.66666666666407)	(51.0, 1691.3333333332282)	(52.0, 2245.16666666657)	(53.0, 2856.166666666848)	(54.0, 7256.833333331204)	(55.0, 4602.333333333618)	(56.0, 2513.000000000025)	(57.0, 1108.6666666666938)	(58.0, 206.66666666666816)	(59.0, 92.3333333333331)	(60.0, 60.66666666666682)	(61.0, 54.00000000000011)	(62.0, 17.000000000000007)	(63.0, 13.666666666666673)	(64.0, 15.333333333333343)	(65.0, 9.333333333333332)	(66.0, 10.666666666666668)	(67.0, 10.0)	(68.0, 11.333333333333336)	(69.0, 12.666666666666671)	(70.0, 21.333333333333325)	(71.0, 74.33333333333336)	(72.0, 130.666666666666)	(73.0, 68.00000000000011)	(74.0, 16.00000000000001)	(75.0, 4.333333333333333)	(76.0, 1.3333333333333333)	(77.0, 0.6666666666666666)	(78.0, 0.0)	(79.0, 0.3333333333333333)	(80.0, 0.0)	(81.0, 0.0)	(82.0, 0.0)	(83.0, 0.0)	(84.0, 0.0)	(85.0, 0.0)	(86.0, 0.0)	(87.0, 0.0)	(88.0, 0.0)	(89.0, 0.0)	(90.0, 0.0)	(91.0, 0.0)	(92.0, 0.0)	(93.0, 0.0)	(94.0, 0.3333333333333333)	(95.0, 0.0)	(96.0, 0.0)	(97.0, 0.3333333333333333)	(98.0, 0.0)	(99.0, 0.0)	(100.0, 0.5)
SRR19621204_1	(0.0, 0.0)	(1.0, 0.0)	(2.0, 0.0)	(3.0, 0.0)	(4.0, 0.0)	(5.0, 0.0)	(6.0, 0.0)	(7.0, 0.0)	(8.0, 0.0)	(9.0, 0.0)	(10.0, 0.0)	(11.0, 0.0)	(12.0, 0.0)	(13.0, 0.0)	(14.0, 0.0)	(15.0, 0.0)	(16.0, 0.0)	(17.0, 0.0)	(18.0, 0.0)	(19.0, 0.0)	(20.0, 0.0)	(21.0, 0.0)	(22.0, 0.0)	(23.0, 0.0)	(24.0, 0.0)	(25.0, 0.0)	(26.0, 0.0)	(27.0, 0.0)	(28.0, 0.0)	(29.0, 0.0)	(30.0, 0.0)	(31.0, 0.0)	(32.0, 0.0)	(33.0, 0.0)	(34.0, 0.0)	(35.0, 0.0)	(36.0, 0.3333333333333333)	(37.0, 1.0)	(38.0, 2.6666666666666665)	(39.0, 5.333333333333332)	(40.0, 15.000000000000009)	(41.0, 21.99999999999999)	(42.0, 24.99999999999998)	(43.0, 29.99999999999996)	(44.0, 40.33333333333334)	(45.0, 54.00000000000011)	(46.0, 119.99999999999937)	(47.0, 103.33333333333294)	(48.0, 367.3333333333299)	(49.0, 638.0000000000026)	(50.0, 2039.3333333331489)	(51.0, 4050.000000000724)	(52.0, 3879.3333333339797)	(53.0, 3683.3333333338906)	(54.0, 3458.6666666671217)	(55.0, 2707.66666666678)	(56.0, 856.6666666666941)	(57.0, 446.6666666666587)	(58.0, 273.00000000000193)	(59.0, 54.00000000000011)	(60.0, 26.99999999999997)	(61.0, 16.333333333333343)	(62.0, 9.333333333333332)	(63.0, 5.666666666666665)	(64.0, 11.333333333333336)	(65.0, 8.999999999999998)	(66.0, 1.6666666666666665)	(67.0, 1.3333333333333333)	(68.0, 2.333333333333333)	(69.0, 2.333333333333333)	(70.0, 0.6666666666666666)	(71.0, 0.6666666666666666)	(72.0, 0.6666666666666666)	(73.0, 0.0)	(74.0, 0.3333333333333333)	(75.0, 0.0)	(76.0, 0.0)	(77.0, 0.0)	(78.0, 0.0)	(79.0, 0.0)	(80.0, 0.0)	(81.0, 0.0)	(82.0, 0.0)	(83.0, 0.0)	(84.0, 0.0)	(85.0, 0.0)	(86.0, 0.0)	(87.0, 0.0)	(88.0, 0.0)	(89.0, 0.0)	(90.0, 0.0)	(91.0, 0.0)	(92.0, 0.0)	(93.0, 0.0)	(94.0, 0.0)	(95.0, 0.0)	(96.0, 0.0)	(97.0, 0.0)	(98.0, 0.0)	(99.0, 0.0)	(100.0, 0.0)
SRR19621204_2	(0.0, 0.0)	(1.0, 0.0)	(2.0, 0.0)	(3.0, 0.0)	(4.0, 0.0)	(5.0, 0.0)	(6.0, 0.0)	(7.0, 0.0)	(8.0, 0.0)	(9.0, 0.0)	(10.0, 0.0)	(11.0, 0.0)	(12.0, 0.0)	(13.0, 0.0)	(14.0, 0.0)	(15.0, 0.0)	(16.0, 0.0)	(17.0, 0.0)	(18.0, 0.0)	(19.0, 0.0)	(20.0, 0.0)	(21.0, 0.0)	(22.0, 0.0)	(23.0, 0.0)	(24.0, 0.0)	(25.0, 0.0)	(26.0, 0.0)	(27.0, 0.0)	(28.0, 0.0)	(29.0, 0.0)	(30.0, 0.0)	(31.0, 0.0)	(32.0, 0.0)	(33.0, 0.0)	(34.0, 0.0)	(35.0, 0.0)	(36.0, 0.6666666666666666)	(37.0, 2.6666666666666665)	(38.0, 4.666666666666666)	(39.0, 8.999999999999998)	(40.0, 15.666666666666677)	(41.0, 22.33333333333332)	(42.0, 31.166666666666625)	(43.0, 32.66666666666663)	(44.0, 40.16666666666668)	(45.0, 43.00000000000003)	(46.0, 51.66666666666676)	(47.0, 153.33333333333331)	(48.0, 341.3333333333314)	(49.0, 629.0000000000016)	(50.0, 1427.6666666666213)	(51.0, 2652.000000000088)	(52.0, 2544.000000000039)	(53.0, 2922.000000000211)	(54.0, 3172.0000000003247)	(55.0, 3771.000000000597)	(56.0, 2772.000000000143)	(57.0, 1189.3333333333421)	(58.0, 227.00000000000207)	(59.0, 83.99999999999989)	(60.0, 237.3333333333357)	(61.0, 249.0000000000027)	(62.0, 45.00000000000004)	(63.0, 17.66666666666667)	(64.0, 8.33333333333333)	(65.0, 4.999999999999999)	(66.0, 4.999999999999999)	(67.0, 11.66666666666667)	(68.0, 3.666666666666667)	(69.0, 1.6666666666666665)	(70.0, 1.6666666666666665)	(71.0, 1.0)	(72.0, 0.6666666666666666)	(73.0, 0.6666666666666666)	(74.0, 0.3333333333333333)	(75.0, 0.0)	(76.0, 0.3333333333333333)	(77.0, 0.6666666666666666)	(78.0, 0.0)	(79.0, 0.0)	(80.0, 0.3333333333333333)	(81.0, 0.3333333333333333)	(82.0, 0.0)	(83.0, 0.0)	(84.0, 0.0)	(85.0, 0.0)	(86.0, 0.0)	(87.0, 0.0)	(88.0, 0.0)	(89.0, 0.0)	(90.0, 0.0)	(91.0, 0.3333333333333333)	(92.0, 0.0)	(93.0, 0.0)	(94.0, 0.0)	(95.0, 0.0)	(96.0, 0.0)	(97.0, 0.0)	(98.0, 0.0)	(99.0, 0.0)	(100.0, 1.0)
SRR19621205_1	(0.0, 0.0)	(1.0, 0.0)	(2.0, 0.0)	(3.0, 0.0)	(4.0, 0.0)	(5.0, 0.0)	(6.0, 0.0)	(7.0, 0.0)	(8.0, 0.0)	(9.0, 0.0)	(10.0, 0.0)	(11.0, 0.0)	(12.0, 0.0)	(13.0, 0.0)	(14.0, 0.0)	(15.0, 0.0)	(16.0, 0.0)	(17.0, 0.0)	(18.0, 0.0)	(19.0, 0.0)	(20.0, 0.0)	(21.0, 0.0)	(22.0, 0.0)	(23.0, 0.0)	(24.0, 0.0)	(25.0, 0.0)	(26.0, 0.0)	(27.0, 0.0)	(28.0, 0.0)	(29.0, 0.0)	(30.0, 0.0)	(31.0, 0.0)	(32.0, 0.0)	(33.0, 0.0)	(34.0, 0.0)	(35.0, 0.0)	(36.0, 0.6666666666666666)	(37.0, 1.6666666666666665)	(38.0, 2.333333333333333)	(39.0, 9.333333333333332)	(40.0, 17.000000000000007)	(41.0, 24.666666666666647)	(42.0, 35.66666666666664)	(43.0, 44.33333333333337)	(44.0, 46.00000000000005)	(45.0, 84.99999999999987)	(46.0, 183.00000000000082)	(47.0, 203.33333333333474)	(48.0, 289.000000000001)	(49.0, 466.6666666666576)	(50.0, 1205.0000000000052)	(51.0, 2808.000000000159)	(52.0, 3717.0000000005725)	(53.0, 4166.333333334014)	(54.0, 4279.6666666672445)	(55.0, 2901.0000000002015)	(56.0, 1002.000000000044)	(57.0, 665.6666666666724)	(58.0, 200.33333333333465)	(59.0, 63.66666666666684)	(60.0, 42.66666666666669)	(61.0, 26.66666666666664)	(62.0, 11.66666666666667)	(63.0, 6.666666666666664)	(64.0, 10.0)	(65.0, 8.666666666666664)	(66.0, 4.333333333333333)	(67.0, 4.0)	(68.0, 3.0)	(69.0, 3.0)	(70.0, 1.0)	(71.0, 0.0)	(72.0, 0.6666666666666666)	(73.0, 0.0)	(74.0, 0.0)	(75.0, 0.0)	(76.0, 0.0)	(77.0, 0.0)	(78.0, 0.0)	(79.0, 0.0)	(80.0, 0.0)	(81.0, 0.0)	(82.0, 0.0)	(83.0, 0.0)	(84.0, 0.0)	(85.0, 0.0)	(86.0, 0.0)	(87.0, 0.0)	(88.0, 0.0)	(89.0, 0.0)	(90.0, 0.0)	(91.0, 0.0)	(92.0, 0.0)	(93.0, 0.0)	(94.0, 0.3333333333333333)	(95.0, 0.0)	(96.0, 0.0)	(97.0, 0.0)	(98.0, 0.0)	(99.0, 0.0)	(100.0, 0.0)
SRR19621205_2	(0.0, 0.0)	(1.0, 0.0)	(2.0, 0.0)	(3.0, 0.0)	(4.0, 0.0)	(5.0, 0.0)	(6.0, 0.0)	(7.0, 0.0)	(8.0, 0.0)	(9.0, 0.0)	(10.0, 0.0)	(11.0, 0.0)	(12.0, 0.0)	(13.0, 0.0)	(14.0, 0.0)	(15.0, 0.0)	(16.0, 0.0)	(17.0, 0.0)	(18.0, 0.0)	(19.0, 0.0)	(20.0, 0.0)	(21.0, 0.0)	(22.0, 0.0)	(23.0, 0.0)	(24.0, 0.0)	(25.0, 0.0)	(26.0, 0.0)	(27.0, 0.3333333333333333)	(28.0, 0.3333333333333333)	(29.0, 0.0)	(30.0, 0.0)	(31.0, 0.0)	(32.0, 0.0)	(33.0, 0.3333333333333333)	(34.0, 0.6666666666666666)	(35.0, 0.6666666666666666)	(36.0, 1.3333333333333333)	(37.0, 2.333333333333333)	(38.0, 4.0)	(39.0, 6.666666666666664)	(40.0, 18.666666666666668)	(41.0, 28.499999999999964)	(42.0, 35.66666666666665)	(43.0, 33.16666666666663)	(44.0, 44.83333333333338)	(45.0, 59.00000000000014)	(46.0, 92.33333333333312)	(47.0, 266.16666666666896)	(48.0, 256.1666666666696)	(49.0, 389.166666666662)	(50.0, 915.0000000000341)	(51.0, 1814.3333333332002)	(52.0, 2908.6666666668716)	(53.0, 2759.666666666804)	(54.0, 3665.833333333883)	(55.0, 4315.500000000546)	(56.0, 3598.333333333852)	(57.0, 953.6666666667052)	(58.0, 227.33333333333542)	(59.0, 87.99999999999983)	(60.0, 117.33333333333275)	(61.0, 122.666666666666)	(62.0, 37.99999999999999)	(63.0, 17.000000000000007)	(64.0, 14.000000000000007)	(65.0, 6.666666666666664)	(66.0, 8.33333333333333)	(67.0, 10.666666666666668)	(68.0, 3.666666666666667)	(69.0, 4.666666666666666)	(70.0, 2.333333333333333)	(71.0, 0.0)	(72.0, 1.0)	(73.0, 0.3333333333333333)	(74.0, 0.0)	(75.0, 0.0)	(76.0, 0.0)	(77.0, 0.0)	(78.0, 0.0)	(79.0, 0.0)	(80.0, 0.0)	(81.0, 0.0)	(82.0, 0.0)	(83.0, 0.0)	(84.0, 0.0)	(85.0, 0.0)	(86.0, 0.0)	(87.0, 0.0)	(88.0, 0.0)	(89.0, 0.0)	(90.0, 0.0)	(91.0, 0.3333333333333333)	(92.0, 0.0)	(93.0, 0.0)	(94.0, 0.0)	(95.0, 0.0)	(96.0, 0.0)	(97.0, 0.0)	(98.0, 0.0)	(99.0, 0.3333333333333333)	(100.0, 0.0)
SRR19621206_1	(0.0, 0.0)	(1.0, 0.0)	(2.0, 0.0)	(3.0, 0.0)	(4.0, 0.0)	(5.0, 0.0)	(6.0, 0.0)	(7.0, 0.0)	(8.0, 0.0)	(9.0, 0.0)	(10.0, 0.0)	(11.0, 0.0)	(12.0, 0.0)	(13.0, 0.0)	(14.0, 0.0)	(15.0, 0.0)	(16.0, 0.0)	(17.0, 0.0)	(18.0, 0.0)	(19.0, 0.0)	(20.0, 0.0)	(21.0, 0.0)	(22.0, 0.0)	(23.0, 0.0)	(24.0, 0.0)	(25.0, 0.0)	(26.0, 0.0)	(27.0, 0.0)	(28.0, 0.0)	(29.0, 0.0)	(30.0, 0.0)	(31.0, 0.0)	(32.0, 0.0)	(33.0, 0.0)	(34.0, 0.3333333333333333)	(35.0, 0.3333333333333333)	(36.0, 1.0)	(37.0, 1.9999999999999998)	(38.0, 3.3333333333333335)	(39.0, 6.666666666666664)	(40.0, 16.333333333333343)	(41.0, 22.666666666666654)	(42.0, 23.66666666666665)	(43.0, 30.999999999999957)	(44.0, 43.6666666666667)	(45.0, 56.33333333333346)	(46.0, 99.66666666666633)	(47.0, 127.99999999999926)	(48.0, 306.33333333333337)	(49.0, 709.6666666666774)	(50.0, 1614.999999999912)	(51.0, 3787.333333333938)	(52.0, 5094.666666666503)	(53.0, 5385.999999999572)	(54.0, 3835.3333333339597)	(55.0, 2952.333333333558)	(56.0, 1066.0000000000368)	(57.0, 462.6666666666578)	(58.0, 245.0000000000026)	(59.0, 49.00000000000007)	(60.0, 33.33333333333329)	(61.0, 25.666666666666643)	(62.0, 15.333333333333343)	(63.0, 8.999999999999998)	(64.0, 11.333333333333336)	(65.0, 9.333333333333332)	(66.0, 5.333333333333332)	(67.0, 0.3333333333333333)	(68.0, 1.0)	(69.0, 1.6666666666666665)	(70.0, 0.6666666666666666)	(71.0, 0.0)	(72.0, 0.0)	(73.0, 0.0)	(74.0, 0.0)	(75.0, 0.0)	(76.0, 0.0)	(77.0, 0.0)	(78.0, 0.0)	(79.0, 0.0)	(80.0, 0.0)	(81.0, 0.0)	(82.0, 0.0)	(83.0, 0.0)	(84.0, 0.0)	(85.0, 0.0)	(86.0, 0.0)	(87.0, 0.0)	(88.0, 0.0)	(89.0, 0.0)	(90.0, 0.0)	(91.0, 0.0)	(92.0, 0.0)	(93.0, 0.0)	(94.0, 0.0)	(95.0, 0.0)	(96.0, 0.0)	(97.0, 0.0)	(98.0, 0.0)	(99.0, 0.0)	(100.0, 0.0)
SRR19621206_2	(0.0, 0.0)	(1.0, 0.0)	(2.0, 0.0)	(3.0, 0.0)	(4.0, 0.0)	(5.0, 0.0)	(6.0, 0.0)	(7.0, 0.0)	(8.0, 0.0)	(9.0, 0.0)	(10.0, 0.0)	(11.0, 0.0)	(12.0, 0.0)	(13.0, 0.0)	(14.0, 0.0)	(15.0, 0.0)	(16.0, 0.0)	(17.0, 0.0)	(18.0, 0.0)	(19.0, 0.0)	(20.0, 0.0)	(21.0, 0.0)	(22.0, 0.0)	(23.0, 0.0)	(24.0, 0.0)	(25.0, 0.0)	(26.0, 0.0)	(27.0, 0.0)	(28.0, 0.0)	(29.0, 0.0)	(30.0, 0.0)	(31.0, 0.0)	(32.0, 0.0)	(33.0, 0.0)	(34.0, 0.0)	(35.0, 0.0)	(36.0, 0.0)	(37.0, 1.0)	(38.0, 2.333333333333333)	(39.0, 7.999999999999997)	(40.0, 19.83333333333333)	(41.0, 21.83333333333332)	(42.0, 29.66666666666663)	(43.0, 35.66666666666665)	(44.0, 43.66666666666671)	(45.0, 48.83333333333341)	(46.0, 68.83333333333344)	(47.0, 151.99999999999994)	(48.0, 271.1666666666687)	(49.0, 678.166666666674)	(50.0, 1927.1666666665078)	(51.0, 2407.8333333333107)	(52.0, 2927.3333333335468)	(53.0, 3802.500000000611)	(54.0, 4583.333333333635)	(55.0, 4011.166666667373)	(56.0, 2918.000000000209)	(57.0, 1212.6666666666702)	(58.0, 225.6666666666687)	(59.0, 67.66666666666679)	(60.0, 214.6666666666684)	(61.0, 230.3333333333355)	(62.0, 44.66666666666671)	(63.0, 22.33333333333332)	(64.0, 17.000000000000007)	(65.0, 5.999999999999998)	(66.0, 5.999999999999998)	(67.0, 11.333333333333336)	(68.0, 4.333333333333333)	(69.0, 1.6666666666666665)	(70.0, 0.6666666666666666)	(71.0, 0.3333333333333333)	(72.0, 0.3333333333333333)	(73.0, 0.6666666666666666)	(74.0, 0.0)	(75.0, 0.3333333333333333)	(76.0, 0.0)	(77.0, 0.0)	(78.0, 0.3333333333333333)	(79.0, 0.0)	(80.0, 0.0)	(81.0, 0.0)	(82.0, 0.0)	(83.0, 0.0)	(84.0, 0.0)	(85.0, 0.0)	(86.0, 0.0)	(87.0, 0.0)	(88.0, 0.3333333333333333)	(89.0, 0.0)	(90.0, 0.0)	(91.0, 0.0)	(92.0, 0.3333333333333333)	(93.0, 0.0)	(94.0, 0.0)	(95.0, 0.0)	(96.0, 0.0)	(97.0, 0.0)	(98.0, 0.0)	(99.0, 0.0)	(100.0, 0.0)
SRR19621207_1	(0.0, 0.0)	(1.0, 0.0)	(2.0, 0.0)	(3.0, 0.0)	(4.0, 0.0)	(5.0, 0.0)	(6.0, 0.0)	(7.0, 0.0)	(8.0, 0.0)	(9.0, 0.0)	(10.0, 0.0)	(11.0, 0.0)	(12.0, 0.0)	(13.0, 0.0)	(14.0, 0.0)	(15.0, 0.0)	(16.0, 0.0)	(17.0, 0.0)	(18.0, 0.0)	(19.0, 0.0)	(20.0, 0.0)	(21.0, 0.0)	(22.0, 0.0)	(23.0, 0.0)	(24.0, 0.0)	(25.0, 0.0)	(26.0, 0.0)	(27.0, 0.0)	(28.0, 0.0)	(29.0, 0.0)	(30.0, 0.0)	(31.0, 0.0)	(32.0, 0.0)	(33.0, 0.0)	(34.0, 0.0)	(35.0, 0.0)	(36.0, 2.333333333333333)	(37.0, 4.0)	(38.0, 6.333333333333331)	(39.0, 18.000000000000004)	(40.0, 39.66666666666667)	(41.0, 61.000000000000156)	(42.0, 81.66666666666659)	(43.0, 109.99999999999952)	(44.0, 131.3333333333327)	(45.0, 193.0000000000011)	(46.0, 403.33333333332786)	(47.0, 857.3333333333609)	(48.0, 1171.6666666666795)	(49.0, 1251.9999999999945)	(50.0, 2353.666666666619)	(51.0, 6358.999999998687)	(52.0, 18382.00000000465)	(53.0, 13955.000000007502)	(54.0, 5695.333333332624)	(55.0, 3338.666666667067)	(56.0, 1139.3333333333535)	(57.0, 530.9999999999905)	(58.0, 161.33333333333354)	(59.0, 76.66666666666666)	(60.0, 61.66666666666683)	(61.0, 42.00000000000002)	(62.0, 31.66666666666662)	(63.0, 83.66666666666656)	(64.0, 297.3333333333339)	(65.0, 262.00000000000256)	(66.0, 183.6666666666675)	(67.0, 37.99999999999999)	(68.0, 100.33333333333299)	(69.0, 293.0000000000008)	(70.0, 40.66666666666668)	(71.0, 7.9999999999999964)	(72.0, 6.666666666666664)	(73.0, 2.333333333333333)	(74.0, 2.333333333333333)	(75.0, 1.0)	(76.0, 0.3333333333333333)	(77.0, 1.0)	(78.0, 0.3333333333333333)	(79.0, 0.0)	(80.0, 0.0)	(81.0, 0.0)	(82.0, 0.0)	(83.0, 0.0)	(84.0, 0.0)	(85.0, 0.0)	(86.0, 0.0)	(87.0, 0.0)	(88.0, 0.0)	(89.0, 0.0)	(90.0, 0.3333333333333333)	(91.0, 0.3333333333333333)	(92.0, 0.0)	(93.0, 0.0)	(94.0, 0.0)	(95.0, 0.0)	(96.0, 0.3333333333333333)	(97.0, 0.0)	(98.0, 0.0)	(99.0, 0.0)	(100.0, 0.0)
SRR19621207_2	(0.0, 0.0)	(1.0, 0.0)	(2.0, 0.0)	(3.0, 0.0)	(4.0, 0.0)	(5.0, 0.0)	(6.0, 0.0)	(7.0, 0.0)	(8.0, 0.0)	(9.0, 0.0)	(10.0, 0.0)	(11.0, 0.0)	(12.0, 0.0)	(13.0, 0.0)	(14.0, 0.0)	(15.0, 0.0)	(16.0, 0.0)	(17.0, 0.0)	(18.0, 0.0)	(19.0, 0.0)	(20.0, 0.0)	(21.0, 0.0)	(22.0, 0.0)	(23.0, 0.0)	(24.0, 0.0)	(25.0, 0.0)	(26.0, 0.0)	(27.0, 0.0)	(28.0, 0.0)	(29.0, 0.0)	(30.0, 0.0)	(31.0, 0.3333333333333333)	(32.0, 1.3333333333333333)	(33.0, 1.0)	(34.0, 0.3333333333333333)	(35.0, 0.8333333333333333)	(36.0, 2.5)	(37.0, 6.333333333333332)	(38.0, 9.499999999999998)	(39.0, 19.5)	(40.0, 54.500000000000114)	(41.0, 77.83333333333331)	(42.0, 87.6666666666665)	(43.0, 111.9999999999995)	(44.0, 140.49999999999963)	(45.0, 196.16666666666785)	(46.0, 234.6666666666689)	(47.0, 653.3333333333377)	(48.0, 1116.8333333333587)	(49.0, 1141.833333333353)	(50.0, 1584.499999999919)	(51.0, 2333.66666666661)	(52.0, 7288.833333331175)	(53.0, 17259.6666666754)	(54.0, 10653.000000001495)	(55.0, 6851.333333331572)	(56.0, 4562.333333333654)	(57.0, 1637.3333333332403)	(58.0, 400.99999999999466)	(59.0, 180.00000000000074)	(60.0, 97.66666666666636)	(61.0, 79.33333333333329)	(62.0, 58.000000000000135)	(63.0, 45.33333333333338)	(64.0, 39.333333333333336)	(65.0, 74.66666666666669)	(66.0, 235.0000000000023)	(67.0, 146.9999999999998)	(68.0, 208.66666666666822)	(69.0, 60.66666666666682)	(70.0, 33.33333333333329)	(71.0, 67.00000000000013)	(72.0, 268.0000000000022)	(73.0, 62.3333333333335)	(74.0, 8.999999999999998)	(75.0, 5.666666666666665)	(76.0, 5.999999999999998)	(77.0, 1.9999999999999998)	(78.0, 0.6666666666666666)	(79.0, 0.3333333333333333)	(80.0, 1.0)	(81.0, 0.6666666666666666)	(82.0, 0.6666666666666666)	(83.0, 1.0)	(84.0, 0.0)	(85.0, 0.0)	(86.0, 0.3333333333333333)	(87.0, 0.3333333333333333)	(88.0, 0.0)	(89.0, 0.3333333333333333)	(90.0, 0.0)	(91.0, 0.0)	(92.0, 0.0)	(93.0, 0.3333333333333333)	(94.0, 0.0)	(95.0, 0.0)	(96.0, 0.0)	(97.0, 0.0)	(98.0, 0.0)	(99.0, 0.0)	(100.0, 1.0)
SRR19621208_1	(0.0, 0.0)	(1.0, 0.0)	(2.0, 0.0)	(3.0, 0.0)	(4.0, 0.0)	(5.0, 0.0)	(6.0, 0.0)	(7.0, 0.0)	(8.0, 0.0)	(9.0, 0.0)	(10.0, 0.0)	(11.0, 0.0)	(12.0, 0.0)	(13.0, 0.0)	(14.0, 0.0)	(15.0, 0.0)	(16.0, 0.0)	(17.0, 0.0)	(18.0, 0.0)	(19.0, 0.0)	(20.0, 0.0)	(21.0, 0.0)	(22.0, 0.0)	(23.0, 0.0)	(24.0, 0.0)	(25.0, 0.0)	(26.0, 0.0)	(27.0, 0.0)	(28.0, 0.0)	(29.0, 0.0)	(30.0, 0.0)	(31.0, 0.0)	(32.0, 0.0)	(33.0, 0.0)	(34.0, 0.0)	(35.0, 0.3333333333333333)	(36.0, 0.3333333333333333)	(37.0, 1.3333333333333333)	(38.0, 5.333333333333332)	(39.0, 12.666666666666671)	(40.0, 37.66666666666666)	(41.0, 53.333333333333435)	(42.0, 74.00000000000003)	(43.0, 85.99999999999986)	(44.0, 102.99999999999962)	(45.0, 170.00000000000045)	(46.0, 463.33333333332445)	(47.0, 635.666666666669)	(48.0, 1012.6666666667119)	(49.0, 1341.999999999974)	(50.0, 3349.666666667072)	(51.0, 6154.999999998872)	(52.0, 10480.00000000118)	(53.0, 13983.333333340886)	(54.0, 10943.000000002023)	(55.0, 7652.99999999751)	(56.0, 2086.9999999998313)	(57.0, 694.6666666666757)	(58.0, 365.33333333333)	(59.0, 85.99999999999986)	(60.0, 49.66666666666674)	(61.0, 30.999999999999957)	(62.0, 20.66666666666666)	(63.0, 25.999999999999975)	(64.0, 59.00000000000014)	(65.0, 24.99999999999998)	(66.0, 16.333333333333343)	(67.0, 28.666666666666632)	(68.0, 282.0000000000014)	(69.0, 486.33333333332314)	(70.0, 66.6666666666668)	(71.0, 22.666666666666654)	(72.0, 11.66666666666667)	(73.0, 4.999999999999999)	(74.0, 1.0)	(75.0, 0.0)	(76.0, 0.3333333333333333)	(77.0, 0.0)	(78.0, 0.0)	(79.0, 0.0)	(80.0, 0.0)	(81.0, 0.0)	(82.0, 0.0)	(83.0, 0.0)	(84.0, 0.0)	(85.0, 0.0)	(86.0, 0.0)	(87.0, 0.0)	(88.0, 0.0)	(89.0, 0.0)	(90.0, 0.0)	(91.0, 0.0)	(92.0, 0.0)	(93.0, 0.0)	(94.0, 0.0)	(95.0, 0.0)	(96.0, 0.0)	(97.0, 0.0)	(98.0, 0.0)	(99.0, 0.0)	(100.0, 0.0)
SRR19621208_2	(0.0, 0.0)	(1.0, 0.0)	(2.0, 0.0)	(3.0, 0.0)	(4.0, 0.0)	(5.0, 0.0)	(6.0, 0.0)	(7.0, 0.0)	(8.0, 0.0)	(9.0, 0.0)	(10.0, 0.0)	(11.0, 0.0)	(12.0, 0.0)	(13.0, 0.0)	(14.0, 0.0)	(15.0, 0.0)	(16.0, 0.0)	(17.0, 0.0)	(18.0, 0.0)	(19.0, 0.0)	(20.0, 0.0)	(21.0, 0.0)	(22.0, 0.0)	(23.0, 0.0)	(24.0, 0.0)	(25.0, 0.0)	(26.0, 0.0)	(27.0, 0.3333333333333333)	(28.0, 0.3333333333333333)	(29.0, 0.0)	(30.0, 0.0)	(31.0, 0.0)	(32.0, 0.3333333333333333)	(33.0, 0.0)	(34.0, 0.3333333333333333)	(35.0, 1.5)	(36.0, 3.1666666666666665)	(37.0, 4.0)	(38.0, 7.83333333333333)	(39.0, 17.833333333333336)	(40.0, 37.49999999999999)	(41.0, 54.83333333333344)	(42.0, 62.16666666666682)	(43.0, 93.99999999999976)	(44.0, 114.49999999999947)	(45.0, 154.66666666666669)	(46.0, 184.8333333333342)	(47.0, 798.8333333333544)	(48.0, 1026.3333333333792)	(49.0, 1299.833333333317)	(50.0, 2165.6666666665337)	(51.0, 3261.166666667032)	(52.0, 4193.33333333399)	(53.0, 9186.999999998829)	(54.0, 12683.166666671856)	(55.0, 10607.666666668081)	(56.0, 8904.83333333165)	(57.0, 3177.3333333336604)	(58.0, 587.9999999999969)	(59.0, 155.33333333333337)	(60.0, 251.00000000000276)	(61.0, 321.3333333333325)	(62.0, 86.66666666666652)	(63.0, 36.66666666666665)	(64.0, 23.333333333333318)	(65.0, 23.333333333333318)	(66.0, 47.00000000000006)	(67.0, 41.33333333333335)	(68.0, 30.666666666666625)	(69.0, 25.33333333333331)	(70.0, 39.0)	(71.0, 130.33333333333266)	(72.0, 429.999999999993)	(73.0, 154.66666666666669)	(74.0, 25.33333333333331)	(75.0, 7.33333333333333)	(76.0, 3.0)	(77.0, 1.6666666666666665)	(78.0, 0.3333333333333333)	(79.0, 0.0)	(80.0, 0.0)	(81.0, 0.0)	(82.0, 0.0)	(83.0, 0.0)	(84.0, 0.0)	(85.0, 0.0)	(86.0, 0.0)	(87.0, 0.0)	(88.0, 0.3333333333333333)	(89.0, 0.0)	(90.0, 0.3333333333333333)	(91.0, 0.3333333333333333)	(92.0, 0.0)	(93.0, 0.3333333333333333)	(94.0, 0.3333333333333333)	(95.0, 0.0)	(96.0, 0.0)	(97.0, 0.0)	(98.0, 0.0)	(99.0, 0.0)	(100.0, 1.0)
SRR19621209_1	(0.0, 0.0)	(1.0, 0.0)	(2.0, 0.0)	(3.0, 0.0)	(4.0, 0.0)	(5.0, 0.0)	(6.0, 0.0)	(7.0, 0.0)	(8.0, 0.0)	(9.0, 0.0)	(10.0, 0.0)	(11.0, 0.0)	(12.0, 0.0)	(13.0, 0.0)	(14.0, 0.0)	(15.0, 0.0)	(16.0, 0.0)	(17.0, 0.0)	(18.0, 0.0)	(19.0, 0.0)	(20.0, 0.0)	(21.0, 0.0)	(22.0, 0.0)	(23.0, 0.0)	(24.0, 0.0)	(25.0, 0.0)	(26.0, 0.3333333333333333)	(27.0, 0.0)	(28.0, 0.0)	(29.0, 0.0)	(30.0, 0.0)	(31.0, 0.0)	(32.0, 0.0)	(33.0, 0.0)	(34.0, 0.0)	(35.0, 0.0)	(36.0, 0.6666666666666666)	(37.0, 1.3333333333333333)	(38.0, 4.0)	(39.0, 6.999999999999997)	(40.0, 14.000000000000007)	(41.0, 24.99999999999998)	(42.0, 35.99999999999998)	(43.0, 41.666666666666686)	(44.0, 45.666666666666714)	(45.0, 119.33333333333272)	(46.0, 523.6666666666563)	(47.0, 904.0000000000329)	(48.0, 1028.666666666712)	(49.0, 675.3333333333402)	(50.0, 817.3333333333563)	(51.0, 1901.9999999998468)	(52.0, 3871.333333333976)	(53.0, 5092.333333333172)	(54.0, 3633.0000000005343)	(55.0, 1939.6666666665049)	(56.0, 570.6666666666616)	(57.0, 231.66666666666887)	(58.0, 140.6666666666663)	(59.0, 22.999999999999986)	(60.0, 11.66666666666667)	(61.0, 4.333333333333333)	(62.0, 2.6666666666666665)	(63.0, 3.666666666666667)	(64.0, 11.333333333333336)	(65.0, 6.333333333333331)	(66.0, 3.0)	(67.0, 8.666666666666664)	(68.0, 57.6666666666668)	(69.0, 133.33333333333275)	(70.0, 14.333333333333341)	(71.0, 1.3333333333333333)	(72.0, 1.6666666666666665)	(73.0, 0.6666666666666666)	(74.0, 0.0)	(75.0, 0.0)	(76.0, 0.0)	(77.0, 0.0)	(78.0, 0.0)	(79.0, 0.0)	(80.0, 0.0)	(81.0, 0.0)	(82.0, 0.0)	(83.0, 0.0)	(84.0, 0.0)	(85.0, 0.0)	(86.0, 0.0)	(87.0, 0.0)	(88.0, 0.0)	(89.0, 0.0)	(90.0, 0.0)	(91.0, 0.0)	(92.0, 0.0)	(93.0, 0.0)	(94.0, 0.0)	(95.0, 0.0)	(96.0, 0.0)	(97.0, 0.0)	(98.0, 0.0)	(99.0, 0.0)	(100.0, 0.0)
SRR19621209_2	(0.0, 0.0)	(1.0, 0.0)	(2.0, 0.0)	(3.0, 0.0)	(4.0, 0.0)	(5.0, 0.0)	(6.0, 0.0)	(7.0, 0.0)	(8.0, 0.0)	(9.0, 0.0)	(10.0, 0.0)	(11.0, 0.0)	(12.0, 0.0)	(13.0, 0.0)	(14.0, 0.0)	(15.0, 0.0)	(16.0, 0.0)	(17.0, 0.0)	(18.0, 0.0)	(19.0, 0.0)	(20.0, 0.0)	(21.0, 0.0)	(22.0, 0.3333333333333333)	(23.0, 0.3333333333333333)	(24.0, 0.0)	(25.0, 0.0)	(26.0, 0.0)	(27.0, 0.0)	(28.0, 0.0)	(29.0, 0.0)	(30.0, 0.0)	(31.0, 0.0)	(32.0, 0.0)	(33.0, 0.0)	(34.0, 0.5)	(35.0, 0.5)	(36.0, 1.3333333333333333)	(37.0, 1.9999999999999998)	(38.0, 3.3333333333333335)	(39.0, 7.83333333333333)	(40.0, 17.83333333333334)	(41.0, 19.333333333333332)	(42.0, 34.99999999999997)	(43.0, 45.333333333333385)	(44.0, 43.33333333333337)	(45.0, 76.0)	(46.0, 157.33333333333343)	(47.0, 1148.3333333333514)	(48.0, 1150.5000000000177)	(49.0, 465.1666666666577)	(50.0, 659.5000000000051)	(51.0, 940.8333333333703)	(52.0, 1267.3333333333244)	(53.0, 3228.8333333336836)	(54.0, 4914.833333333333)	(55.0, 3509.000000000478)	(56.0, 2478.000000000009)	(57.0, 987.0000000000423)	(58.0, 156.3333333333334)	(59.0, 38.666666666666664)	(60.0, 100.99999999999964)	(61.0, 135.3333333333328)	(62.0, 25.999999999999975)	(63.0, 10.666666666666668)	(64.0, 4.666666666666666)	(65.0, 4.0)	(66.0, 10.0)	(67.0, 6.666666666666664)	(68.0, 6.666666666666664)	(69.0, 4.999999999999999)	(70.0, 6.999999999999997)	(71.0, 29.333333333333297)	(72.0, 120.3333333333327)	(73.0, 34.99999999999997)	(74.0, 4.333333333333333)	(75.0, 1.3333333333333333)	(76.0, 1.3333333333333333)	(77.0, 1.0)	(78.0, 0.3333333333333333)	(79.0, 0.0)	(80.0, 0.0)	(81.0, 0.0)	(82.0, 0.0)	(83.0, 0.0)	(84.0, 0.0)	(85.0, 0.0)	(86.0, 0.0)	(87.0, 0.0)	(88.0, 0.0)	(89.0, 0.0)	(90.0, 0.0)	(91.0, 0.0)	(92.0, 0.0)	(93.0, 0.0)	(94.0, 0.0)	(95.0, 0.0)	(96.0, 0.0)	(97.0, 0.0)	(98.0, 0.0)	(99.0, 0.0)	(100.0, 0.0)
SRR19621210_1	(0.0, 0.0)	(1.0, 0.0)	(2.0, 0.0)	(3.0, 0.0)	(4.0, 0.0)	(5.0, 0.0)	(6.0, 0.0)	(7.0, 0.0)	(8.0, 0.0)	(9.0, 0.0)	(10.0, 0.0)	(11.0, 0.0)	(12.0, 0.0)	(13.0, 0.0)	(14.0, 0.0)	(15.0, 0.0)	(16.0, 0.0)	(17.0, 0.0)	(18.0, 0.0)	(19.0, 0.0)	(20.0, 0.0)	(21.0, 0.0)	(22.0, 0.0)	(23.0, 0.0)	(24.0, 0.0)	(25.0, 0.0)	(26.0, 0.0)	(27.0, 0.0)	(28.0, 0.0)	(29.0, 0.0)	(30.0, 0.0)	(31.0, 0.0)	(32.0, 0.0)	(33.0, 0.0)	(34.0, 0.0)	(35.0, 0.0)	(36.0, 0.0)	(37.0, 0.3333333333333333)	(38.0, 1.3333333333333333)	(39.0, 4.333333333333333)	(40.0, 12.333333333333337)	(41.0, 19.0)	(42.0, 18.333333333333336)	(43.0, 35.66666666666664)	(44.0, 40.66666666666668)	(45.0, 39.66666666666667)	(46.0, 81.33333333333326)	(47.0, 120.66666666666603)	(48.0, 286.0000000000012)	(49.0, 2112.333333333176)	(50.0, 3257.333333333697)	(51.0, 2587.6666666667256)	(52.0, 2527.333333333365)	(53.0, 3323.6666666670603)	(54.0, 3046.6666666669344)	(55.0, 2198.3333333332153)	(56.0, 626.666666666668)	(57.0, 295.0000000000007)	(58.0, 215.33333333333508)	(59.0, 36.999999999999986)	(60.0, 16.00000000000001)	(61.0, 5.999999999999998)	(62.0, 3.666666666666667)	(63.0, 7.666666666666663)	(64.0, 19.999999999999996)	(65.0, 9.666666666666666)	(66.0, 10.666666666666668)	(67.0, 14.666666666666675)	(68.0, 111.99999999999949)	(69.0, 280.33333333333485)	(70.0, 33.999999999999964)	(71.0, 10.333333333333334)	(72.0, 4.333333333333333)	(73.0, 0.6666666666666666)	(74.0, 1.0)	(75.0, 0.3333333333333333)	(76.0, 0.0)	(77.0, 0.0)	(78.0, 0.0)	(79.0, 0.0)	(80.0, 0.0)	(81.0, 0.0)	(82.0, 0.0)	(83.0, 0.0)	(84.0, 0.0)	(85.0, 0.0)	(86.0, 0.0)	(87.0, 0.0)	(88.0, 0.0)	(89.0, 0.0)	(90.0, 0.0)	(91.0, 0.0)	(92.0, 0.0)	(93.0, 0.0)	(94.0, 0.0)	(95.0, 0.0)	(96.0, 0.0)	(97.0, 0.0)	(98.0, 0.0)	(99.0, 0.0)	(100.0, 0.0)
SRR19621210_2	(0.0, 0.0)	(1.0, 0.0)	(2.0, 0.0)	(3.0, 0.0)	(4.0, 0.0)	(5.0, 0.0)	(6.0, 0.0)	(7.0, 0.0)	(8.0, 0.0)	(9.0, 0.0)	(10.0, 0.0)	(11.0, 0.0)	(12.0, 0.0)	(13.0, 0.0)	(14.0, 0.0)	(15.0, 0.0)	(16.0, 0.0)	(17.0, 0.0)	(18.0, 0.0)	(19.0, 0.0)	(20.0, 0.0)	(21.0, 0.0)	(22.0, 0.0)	(23.0, 0.0)	(24.0, 0.0)	(25.0, 0.0)	(26.0, 0.0)	(27.0, 0.0)	(28.0, 0.0)	(29.0, 0.0)	(30.0, 0.0)	(31.0, 0.0)	(32.0, 0.0)	(33.0, 0.0)	(34.0, 0.5)	(35.0, 0.5)	(36.0, 1.0)	(37.0, 1.6666666666666665)	(38.0, 1.3333333333333333)	(39.0, 4.333333333333333)	(40.0, 11.500000000000002)	(41.0, 29.166666666666632)	(42.0, 26.66666666666664)	(43.0, 27.166666666666636)	(44.0, 30.333333333333293)	(45.0, 37.99999999999999)	(46.0, 49.66666666666674)	(47.0, 118.16666666666607)	(48.0, 235.83333333333564)	(49.0, 787.1666666666862)	(50.0, 2811.333333333494)	(51.0, 2235.999999999899)	(52.0, 1397.666666666628)	(53.0, 1760.8333333332123)	(54.0, 3221.500000000347)	(55.0, 3226.3333333336827)	(56.0, 2460.000000000001)	(57.0, 822.6666666666903)	(58.0, 140.33333333333294)	(59.0, 45.00000000000004)	(60.0, 144.6666666666664)	(61.0, 211.00000000000162)	(62.0, 42.00000000000002)	(63.0, 13.33333333333334)	(64.0, 12.000000000000004)	(65.0, 9.333333333333332)	(66.0, 18.666666666666668)	(67.0, 15.333333333333343)	(68.0, 12.333333333333337)	(69.0, 14.666666666666675)	(70.0, 17.33333333333334)	(71.0, 68.66666666666677)	(72.0, 253.6666666666695)	(73.0, 65.66666666666681)	(74.0, 8.33333333333333)	(75.0, 3.3333333333333335)	(76.0, 0.6666666666666666)	(77.0, 1.3333333333333333)	(78.0, 0.6666666666666666)	(79.0, 0.3333333333333333)	(80.0, 0.3333333333333333)	(81.0, 0.3333333333333333)	(82.0, 0.3333333333333333)	(83.0, 0.0)	(84.0, 0.0)	(85.0, 0.0)	(86.0, 0.0)	(87.0, 0.0)	(88.0, 0.0)	(89.0, 0.3333333333333333)	(90.0, 0.0)	(91.0, 0.0)	(92.0, 0.0)	(93.0, 0.0)	(94.0, 0.3333333333333333)	(95.0, 0.6666666666666666)	(96.0, 0.0)	(97.0, 0.0)	(98.0, 0.0)	(99.0, 0.0)	(100.0, 0.0)
SRR19621211_1	(0.0, 0.0)	(1.0, 0.0)	(2.0, 0.0)	(3.0, 0.0)	(4.0, 0.0)	(5.0, 0.0)	(6.0, 0.0)	(7.0, 0.0)	(8.0, 0.0)	(9.0, 0.0)	(10.0, 0.0)	(11.0, 0.0)	(12.0, 0.0)	(13.0, 0.0)	(14.0, 0.0)	(15.0, 0.0)	(16.0, 0.0)	(17.0, 0.0)	(18.0, 0.0)	(19.0, 0.0)	(20.0, 0.0)	(21.0, 0.0)	(22.0, 0.0)	(23.0, 0.0)	(24.0, 0.0)	(25.0, 0.0)	(26.0, 0.0)	(27.0, 0.0)	(28.0, 0.0)	(29.0, 0.0)	(30.0, 0.0)	(31.0, 0.0)	(32.0, 0.0)	(33.0, 0.0)	(34.0, 0.0)	(35.0, 0.0)	(36.0, 0.6666666666666666)	(37.0, 1.0)	(38.0, 2.333333333333333)	(39.0, 6.999999999999997)	(40.0, 14.000000000000007)	(41.0, 19.666666666666664)	(42.0, 25.33333333333331)	(43.0, 36.999999999999986)	(44.0, 43.6666666666667)	(45.0, 108.6666666666662)	(46.0, 373.9999999999962)	(47.0, 332.6666666666652)	(48.0, 591.9999999999974)	(49.0, 585.6666666666633)	(50.0, 1588.6666666665847)	(51.0, 2901.6666666668684)	(52.0, 4403.333333333799)	(53.0, 8148.999999997059)	(54.0, 5419.999999999541)	(55.0, 2715.000000000117)	(56.0, 649.3333333333372)	(57.0, 643.3333333333366)	(58.0, 508.3333333333219)	(59.0, 77.99999999999997)	(60.0, 50.00000000000008)	(61.0, 19.999999999999996)	(62.0, 9.333333333333332)	(63.0, 13.000000000000005)	(64.0, 19.999999999999996)	(65.0, 11.333333333333336)	(66.0, 12.000000000000004)	(67.0, 21.99999999999999)	(68.0, 154.0)	(69.0, 524.6666666666564)	(70.0, 73.33333333333337)	(71.0, 12.000000000000004)	(72.0, 3.666666666666667)	(73.0, 0.6666666666666666)	(74.0, 1.3333333333333333)	(75.0, 1.9999999999999998)	(76.0, 1.0)	(77.0, 0.6666666666666666)	(78.0, 0.0)	(79.0, 0.0)	(80.0, 0.0)	(81.0, 0.0)	(82.0, 0.0)	(83.0, 0.0)	(84.0, 0.0)	(85.0, 0.0)	(86.0, 0.0)	(87.0, 0.0)	(88.0, 0.0)	(89.0, 0.0)	(90.0, 0.0)	(91.0, 0.0)	(92.0, 0.0)	(93.0, 0.0)	(94.0, 0.0)	(95.0, 0.0)	(96.0, 0.0)	(97.0, 0.0)	(98.0, 0.0)	(99.0, 0.0)	(100.0, 0.0)
SRR19621211_2	(0.0, 0.0)	(1.0, 0.0)	(2.0, 0.0)	(3.0, 0.0)	(4.0, 0.0)	(5.0, 0.0)	(6.0, 0.0)	(7.0, 0.0)	(8.0, 0.0)	(9.0, 0.0)	(10.0, 0.0)	(11.0, 0.0)	(12.0, 0.0)	(13.0, 0.0)	(14.0, 0.0)	(15.0, 0.0)	(16.0, 0.0)	(17.0, 0.0)	(18.0, 0.0)	(19.0, 0.0)	(20.0, 0.0)	(21.0, 0.0)	(22.0, 0.0)	(23.0, 0.0)	(24.0, 0.0)	(25.0, 0.0)	(26.0, 0.0)	(27.0, 0.0)	(28.0, 0.0)	(29.0, 0.3333333333333333)	(30.0, 0.0)	(31.0, 0.0)	(32.0, 0.0)	(33.0, 0.0)	(34.0, 0.0)	(35.0, 0.3333333333333333)	(36.0, 0.3333333333333333)	(37.0, 1.0)	(38.0, 2.333333333333333)	(39.0, 6.666666666666664)	(40.0, 17.500000000000007)	(41.0, 25.49999999999998)	(42.0, 25.33333333333331)	(43.0, 35.16666666666664)	(44.0, 38.333333333333336)	(45.0, 45.833333333333385)	(46.0, 90.4999999999998)	(47.0, 487.49999999998977)	(48.0, 596.6666666666646)	(49.0, 548.9999999999925)	(50.0, 734.3333333333469)	(51.0, 2157.4999999998636)	(52.0, 3295.833333333714)	(53.0, 5161.166666666443)	(54.0, 6137.499999998889)	(55.0, 4695.333333333533)	(56.0, 3201.666666667005)	(57.0, 1199.3333333333399)	(58.0, 241.33333333333582)	(59.0, 113.3333333333328)	(60.0, 185.00000000000088)	(61.0, 482.6666666666567)	(62.0, 140.33333333333294)	(63.0, 40.00000000000001)	(64.0, 16.00000000000001)	(65.0, 12.666666666666671)	(66.0, 18.666666666666668)	(67.0, 30.666666666666625)	(68.0, 21.666666666666657)	(69.0, 20.33333333333333)	(70.0, 31.66666666666662)	(71.0, 108.99999999999953)	(72.0, 484.33333333332325)	(73.0, 114.99999999999945)	(74.0, 11.000000000000002)	(75.0, 5.666666666666665)	(76.0, 1.6666666666666665)	(77.0, 1.3333333333333333)	(78.0, 0.3333333333333333)	(79.0, 0.6666666666666666)	(80.0, 0.3333333333333333)	(81.0, 0.3333333333333333)	(82.0, 0.0)	(83.0, 0.0)	(84.0, 0.3333333333333333)	(85.0, 0.3333333333333333)	(86.0, 0.0)	(87.0, 0.0)	(88.0, 0.0)	(89.0, 0.0)	(90.0, 0.0)	(91.0, 0.0)	(92.0, 0.0)	(93.0, 0.0)	(94.0, 0.0)	(95.0, 0.3333333333333333)	(96.0, 0.0)	(97.0, 0.0)	(98.0, 0.0)	(99.0, 0.0)	(100.0, 0.5)
SRR19621212_1	(0.0, 0.0)	(1.0, 0.0)	(2.0, 0.0)	(3.0, 0.0)	(4.0, 0.0)	(5.0, 0.0)	(6.0, 0.0)	(7.0, 0.0)	(8.0, 0.0)	(9.0, 0.0)	(10.0, 0.0)	(11.0, 0.0)	(12.0, 0.0)	(13.0, 0.0)	(14.0, 0.0)	(15.0, 0.0)	(16.0, 0.0)	(17.0, 0.0)	(18.0, 0.0)	(19.0, 0.0)	(20.0, 0.0)	(21.0, 0.0)	(22.0, 0.0)	(23.0, 0.0)	(24.0, 0.0)	(25.0, 0.0)	(26.0, 0.0)	(27.0, 0.0)	(28.0, 0.0)	(29.0, 0.0)	(30.0, 0.0)	(31.0, 0.0)	(32.0, 0.0)	(33.0, 0.0)	(34.0, 0.0)	(35.0, 0.0)	(36.0, 0.3333333333333333)	(37.0, 1.3333333333333333)	(38.0, 5.333333333333332)	(39.0, 12.000000000000004)	(40.0, 22.999999999999986)	(41.0, 27.999999999999968)	(42.0, 36.999999999999986)	(43.0, 48.000000000000064)	(44.0, 66.00000000000014)	(45.0, 85.3333333333332)	(46.0, 167.3333333333337)	(47.0, 176.6666666666673)	(48.0, 238.66666666666907)	(49.0, 496.6666666666559)	(50.0, 3083.3333333336177)	(51.0, 6576.333333331822)	(52.0, 8873.666666664925)	(53.0, 8589.333333331075)	(54.0, 4773.666666666795)	(55.0, 3077.333333333615)	(56.0, 902.0000000000326)	(57.0, 759.6666666666831)	(58.0, 628.3333333333348)	(59.0, 110.9999999999995)	(60.0, 71.00000000000007)	(61.0, 25.999999999999975)	(62.0, 13.33333333333334)	(63.0, 10.666666666666668)	(64.0, 18.000000000000004)	(65.0, 6.666666666666664)	(66.0, 7.666666666666663)	(67.0, 20.999999999999993)	(68.0, 88.66666666666649)	(69.0, 265.0000000000024)	(70.0, 31.999999999999954)	(71.0, 4.333333333333333)	(72.0, 2.333333333333333)	(73.0, 0.3333333333333333)	(74.0, 0.0)	(75.0, 0.0)	(76.0, 0.0)	(77.0, 0.0)	(78.0, 0.0)	(79.0, 0.0)	(80.0, 0.0)	(81.0, 0.0)	(82.0, 0.0)	(83.0, 0.0)	(84.0, 0.0)	(85.0, 0.0)	(86.0, 0.0)	(87.0, 0.0)	(88.0, 0.0)	(89.0, 0.0)	(90.0, 0.0)	(91.0, 0.0)	(92.0, 0.0)	(93.0, 0.0)	(94.0, 0.0)	(95.0, 0.0)	(96.0, 0.0)	(97.0, 0.0)	(98.0, 0.0)	(99.0, 0.0)	(100.0, 0.0)
SRR19621212_2	(0.0, 0.0)	(1.0, 0.0)	(2.0, 0.0)	(3.0, 0.0)	(4.0, 0.0)	(5.0, 0.0)	(6.0, 0.0)	(7.0, 0.0)	(8.0, 0.0)	(9.0, 0.0)	(10.0, 0.0)	(11.0, 0.0)	(12.0, 0.0)	(13.0, 0.0)	(14.0, 0.0)	(15.0, 0.0)	(16.0, 0.0)	(17.0, 0.0)	(18.0, 0.0)	(19.0, 0.0)	(20.0, 0.0)	(21.0, 0.0)	(22.0, 0.0)	(23.0, 0.0)	(24.0, 0.0)	(25.0, 0.0)	(26.0, 0.0)	(27.0, 0.0)	(28.0, 0.0)	(29.0, 0.0)	(30.0, 0.0)	(31.0, 0.0)	(32.0, 0.3333333333333333)	(33.0, 0.6666666666666666)	(34.0, 0.3333333333333333)	(35.0, 0.0)	(36.0, 1.9999999999999998)	(37.0, 3.3333333333333335)	(38.0, 5.333333333333333)	(39.0, 10.166666666666666)	(40.0, 23.499999999999986)	(41.0, 34.83333333333331)	(42.0, 45.166666666666714)	(43.0, 54.83333333333345)	(44.0, 70.83333333333341)	(45.0, 69.16666666666677)	(46.0, 89.49999999999983)	(47.0, 202.00000000000136)	(48.0, 239.00000000000242)	(49.0, 346.4999999999977)	(50.0, 1156.0000000000164)	(51.0, 4911.500000000004)	(52.0, 3724.6666666672427)	(53.0, 7411.333333331063)	(54.0, 8314.333333330575)	(55.0, 5198.666666666409)	(56.0, 3357.666666667076)	(57.0, 1489.6666666666072)	(58.0, 312.49999999999966)	(59.0, 140.1666666666663)	(60.0, 230.66666666666885)	(61.0, 638.6666666666694)	(62.0, 205.66666666666814)	(63.0, 52.666666666666764)	(64.0, 23.999999999999982)	(65.0, 11.66666666666667)	(66.0, 17.33333333333334)	(67.0, 28.3333333333333)	(68.0, 19.999999999999996)	(69.0, 7.666666666666663)	(70.0, 16.333333333333343)	(71.0, 61.66666666666683)	(72.0, 238.66666666666907)	(73.0, 52.666666666666764)	(74.0, 4.333333333333333)	(75.0, 2.6666666666666665)	(76.0, 2.333333333333333)	(77.0, 0.0)	(78.0, 0.3333333333333333)	(79.0, 0.0)	(80.0, 0.0)	(81.0, 0.0)	(82.0, 0.0)	(83.0, 0.3333333333333333)	(84.0, 0.0)	(85.0, 0.0)	(86.0, 0.0)	(87.0, 0.0)	(88.0, 0.3333333333333333)	(89.0, 0.3333333333333333)	(90.0, 0.0)	(91.0, 0.0)	(92.0, 0.0)	(93.0, 0.0)	(94.0, 0.0)	(95.0, 0.3333333333333333)	(96.0, 0.0)	(97.0, 0.0)	(98.0, 0.0)	(99.0, 0.0)	(100.0, 0.5)
SRR19621213_1	(0.0, 0.0)	(1.0, 0.0)	(2.0, 0.0)	(3.0, 0.0)	(4.0, 0.0)	(5.0, 0.0)	(6.0, 0.0)	(7.0, 0.0)	(8.0, 0.0)	(9.0, 0.0)	(10.0, 0.0)	(11.0, 0.0)	(12.0, 0.0)	(13.0, 0.0)	(14.0, 0.0)	(15.0, 0.0)	(16.0, 0.0)	(17.0, 0.0)	(18.0, 0.0)	(19.0, 0.0)	(20.0, 0.0)	(21.0, 0.0)	(22.0, 0.0)	(23.0, 0.0)	(24.0, 0.0)	(25.0, 0.0)	(26.0, 0.0)	(27.0, 0.0)	(28.0, 0.0)	(29.0, 0.0)	(30.0, 0.0)	(31.0, 0.0)	(32.0, 0.0)	(33.0, 0.0)	(34.0, 0.0)	(35.0, 0.3333333333333333)	(36.0, 0.6666666666666666)	(37.0, 0.6666666666666666)	(38.0, 1.9999999999999998)	(39.0, 5.333333333333332)	(40.0, 13.000000000000005)	(41.0, 19.666666666666664)	(42.0, 30.999999999999957)	(43.0, 32.99999999999996)	(44.0, 47.66666666666673)	(45.0, 72.66666666666671)	(46.0, 187.33333333333428)	(47.0, 142.9999999999997)	(48.0, 201.33333333333468)	(49.0, 473.6666666666572)	(50.0, 1771.9999999998763)	(51.0, 3824.3333333339547)	(52.0, 4845.333333333397)	(53.0, 5708.666666665945)	(54.0, 5414.666666666212)	(55.0, 3676.000000000554)	(56.0, 857.0000000000275)	(57.0, 544.999999999992)	(58.0, 428.99999999999307)	(59.0, 74.33333333333336)	(60.0, 30.666666666666625)	(61.0, 12.000000000000004)	(62.0, 7.33333333333333)	(63.0, 5.666666666666665)	(64.0, 11.333333333333336)	(65.0, 7.33333333333333)	(66.0, 9.333333333333332)	(67.0, 19.999999999999996)	(68.0, 115.99999999999943)	(69.0, 321.3333333333325)	(70.0, 39.0)	(71.0, 5.666666666666665)	(72.0, 4.666666666666666)	(73.0, 1.6666666666666665)	(74.0, 0.6666666666666666)	(75.0, 0.3333333333333333)	(76.0, 0.0)	(77.0, 0.0)	(78.0, 0.0)	(79.0, 0.0)	(80.0, 0.0)	(81.0, 0.0)	(82.0, 0.0)	(83.0, 0.0)	(84.0, 0.0)	(85.0, 0.0)	(86.0, 0.0)	(87.0, 0.0)	(88.0, 0.3333333333333333)	(89.0, 0.3333333333333333)	(90.0, 0.0)	(91.0, 0.0)	(92.0, 0.0)	(93.0, 0.0)	(94.0, 0.0)	(95.0, 0.0)	(96.0, 0.0)	(97.0, 0.0)	(98.0, 0.0)	(99.0, 0.0)	(100.0, 0.0)
SRR19621213_2	(0.0, 0.0)	(1.0, 0.0)	(2.0, 0.0)	(3.0, 0.0)	(4.0, 0.0)	(5.0, 0.0)	(6.0, 0.0)	(7.0, 0.0)	(8.0, 0.0)	(9.0, 0.0)	(10.0, 0.0)	(11.0, 0.0)	(12.0, 0.0)	(13.0, 0.0)	(14.0, 0.0)	(15.0, 0.0)	(16.0, 0.0)	(17.0, 0.0)	(18.0, 0.0)	(19.0, 0.0)	(20.0, 0.0)	(21.0, 0.0)	(22.0, 0.0)	(23.0, 0.0)	(24.0, 0.0)	(25.0, 0.0)	(26.0, 0.0)	(27.0, 0.0)	(28.0, 0.5)	(29.0, 0.5)	(30.0, 0.0)	(31.0, 0.0)	(32.0, 0.0)	(33.0, 0.0)	(34.0, 0.3333333333333333)	(35.0, 0.3333333333333333)	(36.0, 1.833333333333333)	(37.0, 2.5)	(38.0, 1.0)	(39.0, 7.666666666666663)	(40.0, 14.000000000000007)	(41.0, 26.66666666666664)	(42.0, 31.83333333333329)	(43.0, 42.166666666666686)	(44.0, 43.1666666666667)	(45.0, 47.00000000000006)	(46.0, 60.16666666666681)	(47.0, 222.83333333333528)	(48.0, 225.50000000000205)	(49.0, 343.9999999999979)	(50.0, 757.6666666666829)	(51.0, 2739.3333333334613)	(52.0, 2368.9999999999595)	(53.0, 3737.0000000005816)	(54.0, 5157.666666666445)	(55.0, 5965.333333332377)	(56.0, 4185.000000000664)	(57.0, 1067.6666666667031)	(58.0, 193.6666666666678)	(59.0, 80.99999999999993)	(60.0, 162.00000000000023)	(61.0, 443.9999999999922)	(62.0, 115.6666666666661)	(63.0, 36.999999999999986)	(64.0, 15.000000000000009)	(65.0, 10.666666666666668)	(66.0, 19.666666666666664)	(67.0, 23.333333333333318)	(68.0, 19.666666666666664)	(69.0, 20.66666666666666)	(70.0, 26.333333333333307)	(71.0, 69.66666666666676)	(72.0, 282.66666666666805)	(73.0, 59.33333333333348)	(74.0, 6.333333333333331)	(75.0, 4.0)	(76.0, 3.3333333333333335)	(77.0, 0.0)	(78.0, 0.0)	(79.0, 0.6666666666666666)	(80.0, 0.0)	(81.0, 0.0)	(82.0, 0.0)	(83.0, 0.0)	(84.0, 0.0)	(85.0, 0.0)	(86.0, 0.3333333333333333)	(87.0, 0.0)	(88.0, 0.0)	(89.0, 0.0)	(90.0, 0.0)	(91.0, 0.3333333333333333)	(92.0, 0.3333333333333333)	(93.0, 0.3333333333333333)	(94.0, 0.0)	(95.0, 0.3333333333333333)	(96.0, 0.0)	(97.0, 0.0)	(98.0, 0.0)	(99.0, 0.0)	(100.0, 0.0)
SRR19621214_1	(0.0, 0.0)	(1.0, 0.0)	(2.0, 0.0)	(3.0, 0.0)	(4.0, 0.0)	(5.0, 0.0)	(6.0, 0.0)	(7.0, 0.0)	(8.0, 0.0)	(9.0, 0.0)	(10.0, 0.0)	(11.0, 0.0)	(12.0, 0.0)	(13.0, 0.0)	(14.0, 0.0)	(15.0, 0.0)	(16.0, 0.0)	(17.0, 0.0)	(18.0, 0.0)	(19.0, 0.0)	(20.0, 0.0)	(21.0, 0.0)	(22.0, 0.0)	(23.0, 0.0)	(24.0, 0.0)	(25.0, 0.0)	(26.0, 0.0)	(27.0, 0.0)	(28.0, 0.0)	(29.0, 0.0)	(30.0, 0.0)	(31.0, 0.3333333333333333)	(32.0, 0.0)	(33.0, 0.0)	(34.0, 0.0)	(35.0, 0.0)	(36.0, 1.3333333333333333)	(37.0, 2.6666666666666665)	(38.0, 5.999999999999998)	(39.0, 8.999999999999998)	(40.0, 22.999999999999986)	(41.0, 30.666666666666625)	(42.0, 37.33333333333332)	(43.0, 56.33333333333346)	(44.0, 67.33333333333346)	(45.0, 78.99999999999996)	(46.0, 127.3333333333326)	(47.0, 125.66666666666596)	(48.0, 183.6666666666675)	(49.0, 419.33333333332695)	(50.0, 1104.6666666666947)	(51.0, 2000.666666666491)	(52.0, 4295.333333333897)	(53.0, 6350.666666665361)	(54.0, 6436.33333333195)	(55.0, 5099.999999999832)	(56.0, 1338.6666666666415)	(57.0, 417.6666666666604)	(58.0, 327.9999999999988)	(59.0, 186.6666666666676)	(60.0, 80.33333333333327)	(61.0, 43.00000000000003)	(62.0, 30.666666666666625)	(63.0, 38.33333333333333)	(64.0, 68.33333333333344)	(65.0, 26.333333333333307)	(66.0, 24.333333333333314)	(67.0, 42.33333333333336)	(68.0, 235.0000000000023)	(69.0, 685.6666666666747)	(70.0, 100.99999999999964)	(71.0, 11.66666666666667)	(72.0, 5.999999999999998)	(73.0, 3.3333333333333335)	(74.0, 3.0)	(75.0, 1.9999999999999998)	(76.0, 0.6666666666666666)	(77.0, 0.3333333333333333)	(78.0, 0.0)	(79.0, 0.0)	(80.0, 0.0)	(81.0, 0.0)	(82.0, 0.0)	(83.0, 0.0)	(84.0, 0.0)	(85.0, 0.0)	(86.0, 0.0)	(87.0, 0.0)	(88.0, 0.0)	(89.0, 0.0)	(90.0, 0.0)	(91.0, 0.0)	(92.0, 0.0)	(93.0, 0.0)	(94.0, 0.0)	(95.0, 0.0)	(96.0, 0.0)	(97.0, 0.0)	(98.0, 0.0)	(99.0, 0.0)	(100.0, 0.0)
SRR19621214_2	(0.0, 0.0)	(1.0, 0.0)	(2.0, 0.0)	(3.0, 0.0)	(4.0, 0.0)	(5.0, 0.0)	(6.0, 0.0)	(7.0, 0.0)	(8.0, 0.0)	(9.0, 0.0)	(10.0, 0.0)	(11.0, 0.0)	(12.0, 0.0)	(13.0, 0.0)	(14.0, 0.0)	(15.0, 0.0)	(16.0, 0.0)	(17.0, 0.0)	(18.0, 0.0)	(19.0, 0.0)	(20.0, 0.0)	(21.0, 0.0)	(22.0, 0.0)	(23.0, 0.0)	(24.0, 0.0)	(25.0, 0.0)	(26.0, 0.0)	(27.0, 0.0)	(28.0, 0.0)	(29.0, 0.0)	(30.0, 0.0)	(31.0, 0.0)	(32.0, 0.0)	(33.0, 0.0)	(34.0, 0.0)	(35.0, 0.6666666666666666)	(36.0, 1.6666666666666665)	(37.0, 1.6666666666666665)	(38.0, 4.999999999999999)	(39.0, 12.166666666666671)	(40.0, 31.66666666666662)	(41.0, 37.49999999999999)	(42.0, 41.33333333333335)	(43.0, 59.16666666666681)	(44.0, 59.50000000000015)	(45.0, 62.833333333333506)	(46.0, 76.83333333333333)	(47.0, 128.16666666666595)	(48.0, 169.8333333333338)	(49.0, 365.83333333333)	(50.0, 587.1666666666636)	(51.0, 1301.66666666665)	(52.0, 1525.1666666665992)	(53.0, 3592.0000000005157)	(54.0, 6523.999999998536)	(55.0, 6322.166666665386)	(56.0, 4615.16666666694)	(57.0, 2247.4999999999045)	(58.0, 369.9999999999964)	(59.0, 126.33333333333262)	(60.0, 107.99999999999955)	(61.0, 276.6666666666684)	(62.0, 202.3333333333347)	(63.0, 62.3333333333335)	(64.0, 28.666666666666632)	(65.0, 27.333333333333304)	(66.0, 57.6666666666668)	(67.0, 77.66666666666664)	(68.0, 42.00000000000002)	(69.0, 32.333333333333286)	(70.0, 46.333333333333385)	(71.0, 160.3333333333335)	(72.0, 640.0000000000028)	(73.0, 132.33333333333272)	(74.0, 13.33333333333334)	(75.0, 7.33333333333333)	(76.0, 4.333333333333333)	(77.0, 1.3333333333333333)	(78.0, 1.0)	(79.0, 0.3333333333333333)	(80.0, 0.0)	(81.0, 0.0)	(82.0, 0.3333333333333333)	(83.0, 1.0)	(84.0, 1.0)	(85.0, 1.0)	(86.0, 0.3333333333333333)	(87.0, 0.0)	(88.0, 0.6666666666666666)	(89.0, 0.3333333333333333)	(90.0, 0.0)	(91.0, 0.3333333333333333)	(92.0, 0.3333333333333333)	(93.0, 0.0)	(94.0, 0.3333333333333333)	(95.0, 0.0)	(96.0, 0.0)	(97.0, 0.0)	(98.0, 0.0)	(99.0, 0.0)	(100.0, 0.5)
SRR19621215_1	(0.0, 0.0)	(1.0, 0.0)	(2.0, 0.0)	(3.0, 0.0)	(4.0, 0.0)	(5.0, 0.0)	(6.0, 0.0)	(7.0, 0.0)	(8.0, 0.0)	(9.0, 0.0)	(10.0, 0.0)	(11.0, 0.0)	(12.0, 0.0)	(13.0, 0.0)	(14.0, 0.0)	(15.0, 0.0)	(16.0, 0.0)	(17.0, 0.0)	(18.0, 0.0)	(19.0, 0.0)	(20.0, 0.0)	(21.0, 0.0)	(22.0, 0.0)	(23.0, 0.0)	(24.0, 0.0)	(25.0, 0.0)	(26.0, 0.0)	(27.0, 0.0)	(28.0, 0.0)	(29.0, 0.0)	(30.0, 0.0)	(31.0, 0.0)	(32.0, 0.0)	(33.0, 0.0)	(34.0, 0.3333333333333333)	(35.0, 0.3333333333333333)	(36.0, 0.6666666666666666)	(37.0, 1.3333333333333333)	(38.0, 4.666666666666666)	(39.0, 7.33333333333333)	(40.0, 17.000000000000007)	(41.0, 24.99999999999998)	(42.0, 30.333333333333293)	(43.0, 39.66666666666667)	(44.0, 51.66666666666676)	(45.0, 112.33333333333282)	(46.0, 372.3333333333296)	(47.0, 278.33333333333496)	(48.0, 242.0000000000025)	(49.0, 411.3333333333274)	(50.0, 1658.999999999902)	(51.0, 3369.6666666670812)	(52.0, 5920.999999999085)	(53.0, 6093.333333332262)	(54.0, 6864.6666666648935)	(55.0, 6017.666666665664)	(56.0, 1829.6666666665299)	(57.0, 437.99999999999255)	(58.0, 280.00000000000153)	(59.0, 144.6666666666664)	(60.0, 55.666666666666785)	(61.0, 25.666666666666643)	(62.0, 14.666666666666675)	(63.0, 19.0)	(64.0, 45.00000000000004)	(65.0, 16.333333333333343)	(66.0, 10.333333333333334)	(67.0, 21.99999999999999)	(68.0, 150.66666666666657)	(69.0, 407.33333333332763)	(70.0, 44.33333333333337)	(71.0, 6.999999999999997)	(72.0, 4.999999999999999)	(73.0, 3.3333333333333335)	(74.0, 1.6666666666666665)	(75.0, 0.0)	(76.0, 0.0)	(77.0, 0.3333333333333333)	(78.0, 0.0)	(79.0, 0.0)	(80.0, 0.0)	(81.0, 0.0)	(82.0, 0.0)	(83.0, 0.0)	(84.0, 0.0)	(85.0, 0.0)	(86.0, 0.0)	(87.0, 0.0)	(88.0, 0.0)	(89.0, 0.0)	(90.0, 0.0)	(91.0, 0.0)	(92.0, 0.0)	(93.0, 0.0)	(94.0, 0.0)	(95.0, 0.0)	(96.0, 0.0)	(97.0, 0.0)	(98.0, 0.0)	(99.0, 0.0)	(100.0, 0.0)
SRR19621215_2	(0.0, 0.0)	(1.0, 0.0)	(2.0, 0.0)	(3.0, 0.0)	(4.0, 0.0)	(5.0, 0.0)	(6.0, 0.0)	(7.0, 0.0)	(8.0, 0.0)	(9.0, 0.0)	(10.0, 0.0)	(11.0, 0.0)	(12.0, 0.0)	(13.0, 0.0)	(14.0, 0.0)	(15.0, 0.0)	(16.0, 0.0)	(17.0, 0.0)	(18.0, 0.0)	(19.0, 0.0)	(20.0, 0.0)	(21.0, 0.0)	(22.0, 0.0)	(23.0, 0.0)	(24.0, 0.0)	(25.0, 0.0)	(26.0, 0.0)	(27.0, 0.0)	(28.0, 0.0)	(29.0, 0.0)	(30.0, 0.0)	(31.0, 0.0)	(32.0, 0.0)	(33.0, 0.0)	(34.0, 0.3333333333333333)	(35.0, 0.3333333333333333)	(36.0, 1.0)	(37.0, 1.6666666666666665)	(38.0, 3.3333333333333335)	(39.0, 10.5)	(40.0, 22.666666666666654)	(41.0, 30.333333333333293)	(42.0, 30.49999999999996)	(43.0, 40.83333333333334)	(44.0, 45.50000000000004)	(45.0, 44.66666666666671)	(46.0, 87.16666666666652)	(47.0, 422.49999999999346)	(48.0, 316.33333333333286)	(49.0, 304.00000000000017)	(50.0, 787.5000000000197)	(51.0, 1865.666666666522)	(52.0, 2450.1666666666633)	(53.0, 5246.333333333032)	(54.0, 7024.999999998081)	(55.0, 7135.99999999798)	(56.0, 4937.999999999979)	(57.0, 2454.9999999999986)	(58.0, 389.66666666666197)	(59.0, 112.99999999999947)	(60.0, 90.99999999999979)	(61.0, 186.6666666666676)	(62.0, 127.66666666666593)	(63.0, 32.99999999999996)	(64.0, 19.0)	(65.0, 19.0)	(66.0, 37.66666666666666)	(67.0, 48.666666666666735)	(68.0, 34.666666666666636)	(69.0, 23.999999999999982)	(70.0, 26.333333333333307)	(71.0, 88.66666666666649)	(72.0, 363.66666666666345)	(73.0, 86.66666666666652)	(74.0, 9.333333333333332)	(75.0, 2.333333333333333)	(76.0, 1.3333333333333333)	(77.0, 0.6666666666666666)	(78.0, 0.0)	(79.0, 0.0)	(80.0, 0.0)	(81.0, 0.0)	(82.0, 0.0)	(83.0, 0.0)	(84.0, 0.0)	(85.0, 0.0)	(86.0, 0.0)	(87.0, 0.0)	(88.0, 0.0)	(89.0, 0.0)	(90.0, 0.0)	(91.0, 0.0)	(92.0, 0.0)	(93.0, 0.0)	(94.0, 0.0)	(95.0, 0.3333333333333333)	(96.0, 0.3333333333333333)	(97.0, 0.0)	(98.0, 0.0)	(99.0, 0.0)	(100.0, 0.0)
SRR19621216_1	(0.0, 0.0)	(1.0, 0.0)	(2.0, 0.0)	(3.0, 0.0)	(4.0, 0.0)	(5.0, 0.0)	(6.0, 0.0)	(7.0, 0.0)	(8.0, 0.0)	(9.0, 0.0)	(10.0, 0.0)	(11.0, 0.0)	(12.0, 0.0)	(13.0, 0.0)	(14.0, 0.0)	(15.0, 0.0)	(16.0, 0.0)	(17.0, 0.0)	(18.0, 0.0)	(19.0, 0.0)	(20.0, 0.0)	(21.0, 0.0)	(22.0, 0.0)	(23.0, 0.0)	(24.0, 0.0)	(25.0, 0.0)	(26.0, 0.0)	(27.0, 0.0)	(28.0, 0.0)	(29.0, 0.0)	(30.0, 0.0)	(31.0, 0.0)	(32.0, 0.0)	(33.0, 0.0)	(34.0, 0.0)	(35.0, 0.3333333333333333)	(36.0, 1.3333333333333333)	(37.0, 2.333333333333333)	(38.0, 3.3333333333333335)	(39.0, 8.666666666666664)	(40.0, 20.33333333333333)	(41.0, 21.99999999999999)	(42.0, 37.99999999999999)	(43.0, 48.000000000000064)	(44.0, 66.00000000000014)	(45.0, 64.66666666666683)	(46.0, 101.99999999999963)	(47.0, 134.99999999999946)	(48.0, 358.3333333333304)	(49.0, 1397.3333333332948)	(50.0, 5203.333333333071)	(51.0, 5218.333333333057)	(52.0, 2724.666666666788)	(53.0, 3324.3333333337273)	(54.0, 4788.3333333334485)	(55.0, 5336.666666666283)	(56.0, 1649.999999999904)	(57.0, 437.99999999999255)	(58.0, 434.9999999999927)	(59.0, 270.66666666666873)	(60.0, 72.66666666666671)	(61.0, 33.33333333333329)	(62.0, 13.666666666666673)	(63.0, 21.99999999999999)	(64.0, 32.99999999999996)	(65.0, 9.666666666666666)	(66.0, 6.666666666666664)	(67.0, 15.666666666666677)	(68.0, 97.66666666666636)	(69.0, 274.6666666666685)	(70.0, 33.33333333333329)	(71.0, 5.666666666666665)	(72.0, 2.6666666666666665)	(73.0, 1.3333333333333333)	(74.0, 0.6666666666666666)	(75.0, 0.6666666666666666)	(76.0, 0.3333333333333333)	(77.0, 0.0)	(78.0, 0.0)	(79.0, 0.0)	(80.0, 0.0)	(81.0, 0.0)	(82.0, 0.0)	(83.0, 0.0)	(84.0, 0.0)	(85.0, 0.0)	(86.0, 0.0)	(87.0, 0.0)	(88.0, 0.0)	(89.0, 0.0)	(90.0, 0.0)	(91.0, 0.0)	(92.0, 0.0)	(93.0, 0.0)	(94.0, 0.0)	(95.0, 0.0)	(96.0, 0.0)	(97.0, 0.3333333333333333)	(98.0, 0.3333333333333333)	(99.0, 0.0)	(100.0, 0.0)
SRR19621216_2	(0.0, 0.0)	(1.0, 0.0)	(2.0, 0.0)	(3.0, 0.0)	(4.0, 0.0)	(5.0, 0.0)	(6.0, 0.0)	(7.0, 0.0)	(8.0, 0.0)	(9.0, 0.0)	(10.0, 0.0)	(11.0, 0.0)	(12.0, 0.0)	(13.0, 0.0)	(14.0, 0.0)	(15.0, 0.0)	(16.0, 0.0)	(17.0, 0.0)	(18.0, 0.0)	(19.0, 0.0)	(20.0, 0.0)	(21.0, 0.0)	(22.0, 0.0)	(23.0, 0.0)	(24.0, 0.0)	(25.0, 0.0)	(26.0, 0.0)	(27.0, 0.0)	(28.0, 0.0)	(29.0, 0.0)	(30.0, 0.0)	(31.0, 0.0)	(32.0, 0.0)	(33.0, 0.0)	(34.0, 0.3333333333333333)	(35.0, 0.3333333333333333)	(36.0, 0.0)	(37.0, 1.833333333333333)	(38.0, 2.8333333333333335)	(39.0, 11.16666666666667)	(40.0, 25.99999999999998)	(41.0, 30.833333333333297)	(42.0, 37.99999999999999)	(43.0, 53.16666666666677)	(44.0, 57.83333333333347)	(45.0, 58.50000000000014)	(46.0, 64.83333333333348)	(47.0, 122.8333333333327)	(48.0, 139.83333333333294)	(49.0, 696.666666666676)	(50.0, 2250.999999999906)	(51.0, 6016.833333332331)	(52.0, 2577.5000000000546)	(53.0, 1961.3333333331666)	(54.0, 3291.3333333337123)	(55.0, 4530.333333333683)	(56.0, 4845.66666666673)	(57.0, 2590.3333333333935)	(58.0, 336.9999999999983)	(59.0, 94.49999999999974)	(60.0, 88.33333333333316)	(61.0, 234.33333333333562)	(62.0, 281.5000000000015)	(63.0, 89.9999999999998)	(64.0, 21.666666666666657)	(65.0, 12.333333333333337)	(66.0, 25.666666666666643)	(67.0, 29.333333333333297)	(68.0, 20.66666666666666)	(69.0, 19.0)	(70.0, 22.33333333333332)	(71.0, 62.666666666666835)	(72.0, 243.66666666666922)	(73.0, 52.666666666666764)	(74.0, 4.666666666666666)	(75.0, 1.3333333333333333)	(76.0, 1.6666666666666665)	(77.0, 0.6666666666666666)	(78.0, 0.3333333333333333)	(79.0, 0.0)	(80.0, 0.0)	(81.0, 0.0)	(82.0, 0.0)	(83.0, 0.0)	(84.0, 0.0)	(85.0, 0.0)	(86.0, 0.0)	(87.0, 0.3333333333333333)	(88.0, 0.3333333333333333)	(89.0, 0.0)	(90.0, 0.0)	(91.0, 0.0)	(92.0, 0.0)	(93.0, 0.0)	(94.0, 0.0)	(95.0, 0.0)	(96.0, 0.0)	(97.0, 0.0)	(98.0, 0.3333333333333333)	(99.0, 0.0)	(100.0, 0.0)
SRR19621217_1	(0.0, 0.0)	(1.0, 0.0)	(2.0, 0.0)	(3.0, 0.0)	(4.0, 0.0)	(5.0, 0.0)	(6.0, 0.0)	(7.0, 0.0)	(8.0, 0.0)	(9.0, 0.0)	(10.0, 0.0)	(11.0, 0.0)	(12.0, 0.0)	(13.0, 0.0)	(14.0, 0.0)	(15.0, 0.0)	(16.0, 0.0)	(17.0, 0.0)	(18.0, 0.0)	(19.0, 0.0)	(20.0, 0.0)	(21.0, 0.0)	(22.0, 0.0)	(23.0, 0.0)	(24.0, 0.0)	(25.0, 0.0)	(26.0, 0.0)	(27.0, 0.0)	(28.0, 0.0)	(29.0, 0.0)	(30.0, 0.0)	(31.0, 0.0)	(32.0, 0.0)	(33.0, 0.0)	(34.0, 0.0)	(35.0, 0.3333333333333333)	(36.0, 1.0)	(37.0, 3.3333333333333335)	(38.0, 4.0)	(39.0, 11.66666666666667)	(40.0, 26.99999999999997)	(41.0, 31.66666666666662)	(42.0, 47.00000000000006)	(43.0, 62.3333333333335)	(44.0, 89.66666666666647)	(45.0, 522.3333333333228)	(46.0, 736.0000000000138)	(47.0, 555.3333333333266)	(48.0, 956.6666666667055)	(49.0, 1520.6666666666001)	(50.0, 4939.999999999977)	(51.0, 5730.999999999258)	(52.0, 5867.6666666658)	(53.0, 7908.333333330611)	(54.0, 6319.666666665389)	(55.0, 2435.99999999999)	(56.0, 802.0000000000213)	(57.0, 342.3333333333313)	(58.0, 122.666666666666)	(59.0, 69.33333333333343)	(60.0, 106.66666666666623)	(61.0, 36.999999999999986)	(62.0, 21.666666666666657)	(63.0, 20.999999999999993)	(64.0, 26.333333333333307)	(65.0, 11.333333333333336)	(66.0, 6.333333333333331)	(67.0, 5.999999999999998)	(68.0, 30.333333333333293)	(69.0, 80.99999999999993)	(70.0, 7.33333333333333)	(71.0, 1.0)	(72.0, 0.6666666666666666)	(73.0, 0.3333333333333333)	(74.0, 0.0)	(75.0, 0.0)	(76.0, 0.0)	(77.0, 0.0)	(78.0, 0.0)	(79.0, 0.0)	(80.0, 0.0)	(81.0, 0.0)	(82.0, 0.0)	(83.0, 0.0)	(84.0, 0.0)	(85.0, 0.0)	(86.0, 0.0)	(87.0, 0.0)	(88.0, 0.0)	(89.0, 0.0)	(90.0, 0.0)	(91.0, 0.0)	(92.0, 0.0)	(93.0, 0.0)	(94.0, 0.0)	(95.0, 0.0)	(96.0, 0.0)	(97.0, 0.0)	(98.0, 0.0)	(99.0, 0.0)	(100.0, 0.0)
SRR19621217_2	(0.0, 0.0)	(1.0, 0.0)	(2.0, 0.0)	(3.0, 0.0)	(4.0, 0.0)	(5.0, 0.0)	(6.0, 0.0)	(7.0, 0.0)	(8.0, 0.0)	(9.0, 0.0)	(10.0, 0.0)	(11.0, 0.0)	(12.0, 0.0)	(13.0, 0.0)	(14.0, 0.0)	(15.0, 0.0)	(16.0, 0.0)	(17.0, 0.0)	(18.0, 0.0)	(19.0, 0.0)	(20.0, 0.0)	(21.0, 0.0)	(22.0, 0.0)	(23.0, 0.0)	(24.0, 0.0)	(25.0, 0.0)	(26.0, 0.0)	(27.0, 0.0)	(28.0, 0.0)	(29.0, 0.0)	(30.0, 0.0)	(31.0, 0.0)	(32.0, 0.0)	(33.0, 0.0)	(34.0, 0.3333333333333333)	(35.0, 1.0)	(36.0, 3.666666666666667)	(37.0, 3.666666666666667)	(38.0, 3.833333333333334)	(39.0, 11.66666666666667)	(40.0, 28.166666666666636)	(41.0, 32.999999999999964)	(42.0, 43.6666666666667)	(43.0, 61.00000000000014)	(44.0, 88.49999999999982)	(45.0, 325.83333333333223)	(46.0, 505.83333333332206)	(47.0, 582.4999999999964)	(48.0, 650.3333333333374)	(49.0, 953.3333333333718)	(50.0, 1326.1666666666445)	(51.0, 4257.166666667265)	(52.0, 6412.3333333319715)	(53.0, 6843.999999998246)	(54.0, 7885.999999997298)	(55.0, 5990.666666665688)	(56.0, 2965.6666666668975)	(57.0, 1316.6666666666465)	(58.0, 404.99999999999443)	(59.0, 207.6666666666682)	(60.0, 92.99999999999976)	(61.0, 60.333333333333485)	(62.0, 108.99999999999953)	(63.0, 67.66666666666679)	(64.0, 23.333333333333318)	(65.0, 13.000000000000005)	(66.0, 17.33333333333334)	(67.0, 22.666666666666654)	(68.0, 10.0)	(69.0, 8.666666666666664)	(70.0, 8.33333333333333)	(71.0, 12.666666666666671)	(72.0, 65.33333333333348)	(73.0, 13.666666666666673)	(74.0, 1.0)	(75.0, 0.3333333333333333)	(76.0, 0.6666666666666666)	(77.0, 0.6666666666666666)	(78.0, 0.3333333333333333)	(79.0, 0.3333333333333333)	(80.0, 0.0)	(81.0, 0.3333333333333333)	(82.0, 0.0)	(83.0, 0.0)	(84.0, 0.0)	(85.0, 0.0)	(86.0, 0.0)	(87.0, 0.0)	(88.0, 0.0)	(89.0, 0.0)	(90.0, 0.3333333333333333)	(91.0, 0.3333333333333333)	(92.0, 0.0)	(93.0, 0.0)	(94.0, 0.0)	(95.0, 0.0)	(96.0, 0.3333333333333333)	(97.0, 0.3333333333333333)	(98.0, 0.0)	(99.0, 0.0)	(100.0, 0.0)
SRR19621218_1	(0.0, 0.0)	(1.0, 0.0)	(2.0, 0.0)	(3.0, 0.0)	(4.0, 0.0)	(5.0, 0.0)	(6.0, 0.0)	(7.0, 0.0)	(8.0, 0.0)	(9.0, 0.0)	(10.0, 0.0)	(11.0, 0.0)	(12.0, 0.0)	(13.0, 0.0)	(14.0, 0.0)	(15.0, 0.0)	(16.0, 0.0)	(17.0, 0.0)	(18.0, 0.0)	(19.0, 0.0)	(20.0, 0.0)	(21.0, 0.0)	(22.0, 0.0)	(23.0, 0.0)	(24.0, 0.0)	(25.0, 0.0)	(26.0, 0.0)	(27.0, 0.0)	(28.0, 0.0)	(29.0, 0.0)	(30.0, 0.0)	(31.0, 0.3333333333333333)	(32.0, 0.0)	(33.0, 0.0)	(34.0, 0.0)	(35.0, 0.6666666666666666)	(36.0, 0.6666666666666666)	(37.0, 1.3333333333333333)	(38.0, 2.333333333333333)	(39.0, 8.33333333333333)	(40.0, 18.666666666666668)	(41.0, 44.33333333333337)	(42.0, 54.00000000000011)	(43.0, 49.33333333333341)	(44.0, 64.3333333333335)	(45.0, 229.33333333333547)	(46.0, 547.666666666659)	(47.0, 653.0000000000043)	(48.0, 1029.3333333333785)	(49.0, 1124.333333333357)	(50.0, 2390.9999999999695)	(51.0, 4144.000000000701)	(52.0, 5373.3333333329165)	(53.0, 6587.999999998478)	(54.0, 5015.999999999908)	(55.0, 2498.666666666685)	(56.0, 975.6666666667077)	(57.0, 352.33333333333076)	(58.0, 95.33333333333306)	(59.0, 60.00000000000015)	(60.0, 104.33333333333293)	(61.0, 36.66666666666665)	(62.0, 18.000000000000004)	(63.0, 14.666666666666675)	(64.0, 16.333333333333343)	(65.0, 9.666666666666666)	(66.0, 4.666666666666666)	(67.0, 5.666666666666665)	(68.0, 15.333333333333343)	(69.0, 43.333333333333364)	(70.0, 6.666666666666664)	(71.0, 1.9999999999999998)	(72.0, 0.3333333333333333)	(73.0, 0.0)	(74.0, 0.0)	(75.0, 0.0)	(76.0, 0.0)	(77.0, 0.0)	(78.0, 0.0)	(79.0, 0.0)	(80.0, 0.0)	(81.0, 0.0)	(82.0, 0.0)	(83.0, 0.0)	(84.0, 0.0)	(85.0, 0.0)	(86.0, 0.0)	(87.0, 0.0)	(88.0, 0.0)	(89.0, 0.0)	(90.0, 0.0)	(91.0, 0.0)	(92.0, 0.0)	(93.0, 0.0)	(94.0, 0.0)	(95.0, 0.0)	(96.0, 0.0)	(97.0, 0.0)	(98.0, 0.0)	(99.0, 0.0)	(100.0, 0.0)
SRR19621218_2	(0.0, 0.0)	(1.0, 0.0)	(2.0, 0.0)	(3.0, 0.0)	(4.0, 0.0)	(5.0, 0.0)	(6.0, 0.0)	(7.0, 0.0)	(8.0, 0.0)	(9.0, 0.0)	(10.0, 0.0)	(11.0, 0.0)	(12.0, 0.0)	(13.0, 0.0)	(14.0, 0.0)	(15.0, 0.0)	(16.0, 0.0)	(17.0, 0.0)	(18.0, 0.0)	(19.0, 0.0)	(20.0, 0.0)	(21.0, 0.0)	(22.0, 0.0)	(23.0, 0.0)	(24.0, 0.0)	(25.0, 0.0)	(26.0, 0.0)	(27.0, 0.0)	(28.0, 0.0)	(29.0, 0.3333333333333333)	(30.0, 0.3333333333333333)	(31.0, 1.0)	(32.0, 0.6666666666666666)	(33.0, 0.6666666666666666)	(34.0, 0.6666666666666666)	(35.0, 0.6666666666666666)	(36.0, 1.3333333333333333)	(37.0, 3.666666666666667)	(38.0, 3.666666666666667)	(39.0, 11.16666666666667)	(40.0, 25.99999999999998)	(41.0, 33.33333333333329)	(42.0, 42.166666666666686)	(43.0, 67.83333333333346)	(44.0, 69.0000000000001)	(45.0, 151.49999999999994)	(46.0, 250.33333333333607)	(47.0, 653.3333333333378)	(48.0, 682.6666666666744)	(49.0, 749.666666666682)	(50.0, 1027.833333333379)	(51.0, 2135.4999999998536)	(52.0, 4102.6666666674055)	(53.0, 5999.333333332347)	(54.0, 6354.333333332024)	(55.0, 5082.999999999847)	(56.0, 2896.3333333335327)	(57.0, 1499.3333333332716)	(58.0, 534.9999999999909)	(59.0, 130.666666666666)	(60.0, 68.00000000000011)	(61.0, 67.00000000000013)	(62.0, 96.33333333333304)	(63.0, 61.000000000000156)	(64.0, 11.333333333333336)	(65.0, 10.333333333333334)	(66.0, 15.000000000000009)	(67.0, 12.000000000000004)	(68.0, 3.666666666666667)	(69.0, 3.0)	(70.0, 3.666666666666667)	(71.0, 11.000000000000002)	(72.0, 37.33333333333332)	(73.0, 4.666666666666666)	(74.0, 0.6666666666666666)	(75.0, 0.6666666666666666)	(76.0, 0.0)	(77.0, 0.0)	(78.0, 0.0)	(79.0, 0.0)	(80.0, 0.3333333333333333)	(81.0, 0.3333333333333333)	(82.0, 0.0)	(83.0, 0.3333333333333333)	(84.0, 0.3333333333333333)	(85.0, 0.0)	(86.0, 0.0)	(87.0, 0.0)	(88.0, 0.0)	(89.0, 0.0)	(90.0, 0.0)	(91.0, 0.0)	(92.0, 0.0)	(93.0, 0.0)	(94.0, 0.0)	(95.0, 0.0)	(96.0, 0.0)	(97.0, 0.0)	(98.0, 0.0)	(99.0, 0.0)	(100.0, 0.0)
SRR19621219_1	(0.0, 0.0)	(1.0, 0.0)	(2.0, 0.0)	(3.0, 0.0)	(4.0, 0.0)	(5.0, 0.0)	(6.0, 0.0)	(7.0, 0.0)	(8.0, 0.0)	(9.0, 0.0)	(10.0, 0.0)	(11.0, 0.0)	(12.0, 0.0)	(13.0, 0.0)	(14.0, 0.0)	(15.0, 0.0)	(16.0, 0.0)	(17.0, 0.0)	(18.0, 0.0)	(19.0, 0.0)	(20.0, 0.0)	(21.0, 0.0)	(22.0, 0.0)	(23.0, 0.0)	(24.0, 0.0)	(25.0, 0.0)	(26.0, 0.0)	(27.0, 0.0)	(28.0, 0.0)	(29.0, 0.0)	(30.0, 0.0)	(31.0, 0.0)	(32.0, 0.0)	(33.0, 0.0)	(34.0, 0.0)	(35.0, 0.0)	(36.0, 0.0)	(37.0, 0.0)	(38.0, 2.6666666666666665)	(39.0, 6.666666666666664)	(40.0, 17.33333333333334)	(41.0, 23.333333333333318)	(42.0, 27.999999999999968)	(43.0, 37.99999999999999)	(44.0, 55.33333333333345)	(45.0, 188.3333333333343)	(46.0, 343.9999999999979)	(47.0, 475.6666666666571)	(48.0, 729.000000000013)	(49.0, 893.333333333365)	(50.0, 2810.3333333334936)	(51.0, 4589.666666666963)	(52.0, 4492.666666667051)	(53.0, 5785.333333332542)	(54.0, 4520.666666667025)	(55.0, 2114.6666666665105)	(56.0, 595.3333333333311)	(57.0, 227.33333333333542)	(58.0, 88.99999999999982)	(59.0, 81.33333333333326)	(60.0, 246.33333333333596)	(61.0, 79.99999999999994)	(62.0, 30.333333333333293)	(63.0, 23.999999999999982)	(64.0, 22.33333333333332)	(65.0, 9.333333333333332)	(66.0, 2.6666666666666665)	(67.0, 10.0)	(68.0, 48.3333333333334)	(69.0, 129.33333333333263)	(70.0, 19.333333333333332)	(71.0, 2.6666666666666665)	(72.0, 1.0)	(73.0, 0.3333333333333333)	(74.0, 0.0)	(75.0, 0.3333333333333333)	(76.0, 0.0)	(77.0, 0.0)	(78.0, 0.0)	(79.0, 0.0)	(80.0, 0.0)	(81.0, 0.0)	(82.0, 0.0)	(83.0, 0.0)	(84.0, 0.0)	(85.0, 0.0)	(86.0, 0.0)	(87.0, 0.0)	(88.0, 0.0)	(89.0, 0.0)	(90.0, 0.0)	(91.0, 0.0)	(92.0, 0.0)	(93.0, 0.0)	(94.0, 0.0)	(95.0, 0.0)	(96.0, 0.0)	(97.0, 0.0)	(98.0, 0.0)	(99.0, 0.0)	(100.0, 0.0)
SRR19621219_2	(0.0, 0.0)	(1.0, 0.0)	(2.0, 0.0)	(3.0, 0.0)	(4.0, 0.0)	(5.0, 0.0)	(6.0, 0.0)	(7.0, 0.0)	(8.0, 0.0)	(9.0, 0.0)	(10.0, 0.0)	(11.0, 0.0)	(12.0, 0.0)	(13.0, 0.0)	(14.0, 0.0)	(15.0, 0.0)	(16.0, 0.0)	(17.0, 0.0)	(18.0, 0.0)	(19.0, 0.0)	(20.0, 0.0)	(21.0, 0.0)	(22.0, 0.0)	(23.0, 0.0)	(24.0, 0.0)	(25.0, 0.0)	(26.0, 0.0)	(27.0, 0.0)	(28.0, 0.0)	(29.0, 0.0)	(30.0, 0.0)	(31.0, 0.0)	(32.0, 0.0)	(33.0, 0.0)	(34.0, 0.5)	(35.0, 0.8333333333333333)	(36.0, 1.9999999999999998)	(37.0, 1.9999999999999998)	(38.0, 1.3333333333333333)	(39.0, 5.666666666666665)	(40.0, 16.666666666666675)	(41.0, 25.666666666666643)	(42.0, 30.666666666666625)	(43.0, 42.166666666666686)	(44.0, 43.1666666666667)	(45.0, 110.99999999999952)	(46.0, 238.3333333333357)	(47.0, 416.1666666666605)	(48.0, 491.16666666665617)	(49.0, 630.3333333333352)	(50.0, 813.5000000000226)	(51.0, 2631.0000000000787)	(52.0, 3929.1666666673354)	(53.0, 5252.66666666636)	(54.0, 6149.333333332211)	(55.0, 4868.333333333376)	(56.0, 2378.333333333297)	(57.0, 889.3333333333645)	(58.0, 262.6666666666692)	(59.0, 98.99999999999967)	(60.0, 80.33333333333327)	(61.0, 92.66666666666643)	(62.0, 228.6666666666688)	(63.0, 172.6666666666672)	(64.0, 22.666666666666654)	(65.0, 13.666666666666673)	(66.0, 19.999999999999996)	(67.0, 20.66666666666666)	(68.0, 12.666666666666671)	(69.0, 10.0)	(70.0, 7.666666666666663)	(71.0, 27.666666666666636)	(72.0, 111.66666666666616)	(73.0, 21.666666666666657)	(74.0, 3.0)	(75.0, 0.6666666666666666)	(76.0, 0.6666666666666666)	(77.0, 0.6666666666666666)	(78.0, 0.0)	(79.0, 0.0)	(80.0, 0.0)	(81.0, 0.0)	(82.0, 0.0)	(83.0, 0.0)	(84.0, 0.0)	(85.0, 0.3333333333333333)	(86.0, 0.0)	(87.0, 0.0)	(88.0, 0.0)	(89.0, 0.0)	(90.0, 0.0)	(91.0, 0.0)	(92.0, 0.0)	(93.0, 0.0)	(94.0, 0.0)	(95.0, 0.0)	(96.0, 0.0)	(97.0, 0.0)	(98.0, 0.3333333333333333)	(99.0, 0.3333333333333333)	(100.0, 0.5)
SRR19621220_1	(0.0, 0.0)	(1.0, 0.0)	(2.0, 0.0)	(3.0, 0.0)	(4.0, 0.0)	(5.0, 0.0)	(6.0, 0.0)	(7.0, 0.0)	(8.0, 0.0)	(9.0, 0.0)	(10.0, 0.0)	(11.0, 0.0)	(12.0, 0.0)	(13.0, 0.0)	(14.0, 0.0)	(15.0, 0.0)	(16.0, 0.0)	(17.0, 0.0)	(18.0, 0.0)	(19.0, 0.0)	(20.0, 0.0)	(21.0, 0.0)	(22.0, 0.0)	(23.0, 0.0)	(24.0, 0.0)	(25.0, 0.0)	(26.0, 0.0)	(27.0, 0.0)	(28.0, 0.0)	(29.0, 0.0)	(30.0, 0.0)	(31.0, 0.0)	(32.0, 0.0)	(33.0, 0.0)	(34.0, 0.0)	(35.0, 0.3333333333333333)	(36.0, 0.6666666666666666)	(37.0, 1.6666666666666665)	(38.0, 1.9999999999999998)	(39.0, 6.333333333333331)	(40.0, 19.999999999999996)	(41.0, 36.66666666666665)	(42.0, 40.00000000000001)	(43.0, 46.66666666666672)	(44.0, 56.33333333333346)	(45.0, 118.99999999999939)	(46.0, 392.9999999999951)	(47.0, 302.6666666666669)	(48.0, 265.0000000000024)	(49.0, 720.0000000000119)	(50.0, 3797.666666667276)	(51.0, 6526.333333331868)	(52.0, 5627.9999999993515)	(53.0, 5142.333333333127)	(54.0, 4279.000000000578)	(55.0, 2918.000000000209)	(56.0, 690.6666666666753)	(57.0, 299.00000000000045)	(58.0, 169.6666666666671)	(59.0, 45.666666666666714)	(60.0, 40.66666666666668)	(61.0, 35.66666666666664)	(62.0, 20.33333333333333)	(63.0, 4.999999999999999)	(64.0, 4.333333333333333)	(65.0, 4.0)	(66.0, 5.999999999999998)	(67.0, 11.333333333333336)	(68.0, 79.33333333333329)	(69.0, 80.6666666666666)	(70.0, 15.333333333333343)	(71.0, 6.666666666666664)	(72.0, 3.3333333333333335)	(73.0, 0.6666666666666666)	(74.0, 0.0)	(75.0, 0.0)	(76.0, 0.0)	(77.0, 0.0)	(78.0, 0.0)	(79.0, 0.0)	(80.0, 0.0)	(81.0, 0.0)	(82.0, 0.0)	(83.0, 0.0)	(84.0, 0.0)	(85.0, 0.0)	(86.0, 0.0)	(87.0, 0.0)	(88.0, 0.0)	(89.0, 0.0)	(90.0, 0.0)	(91.0, 0.0)	(92.0, 0.0)	(93.0, 0.0)	(94.0, 0.0)	(95.0, 0.0)	(96.0, 0.0)	(97.0, 0.0)	(98.0, 0.0)	(99.0, 0.0)	(100.0, 0.0)
SRR19621220_2	(0.0, 0.0)	(1.0, 0.0)	(2.0, 0.0)	(3.0, 0.0)	(4.0, 0.0)	(5.0, 0.0)	(6.0, 0.0)	(7.0, 0.0)	(8.0, 0.0)	(9.0, 0.0)	(10.0, 0.0)	(11.0, 0.0)	(12.0, 0.0)	(13.0, 0.0)	(14.0, 0.0)	(15.0, 0.0)	(16.0, 0.0)	(17.0, 0.0)	(18.0, 0.0)	(19.0, 0.0)	(20.0, 0.0)	(21.0, 0.0)	(22.0, 0.0)	(23.0, 0.0)	(24.0, 0.0)	(25.0, 0.0)	(26.0, 0.0)	(27.0, 0.0)	(28.0, 0.0)	(29.0, 0.0)	(30.0, 0.3333333333333333)	(31.0, 0.0)	(32.0, 0.3333333333333333)	(33.0, 0.0)	(34.0, 0.0)	(35.0, 0.3333333333333333)	(36.0, 2.6666666666666665)	(37.0, 3.1666666666666665)	(38.0, 3.333333333333333)	(39.0, 12.000000000000004)	(40.0, 25.333333333333307)	(41.0, 32.333333333333286)	(42.0, 41.166666666666686)	(43.0, 52.5000000000001)	(44.0, 70.16666666666676)	(45.0, 157.00000000000009)	(46.0, 134.16666666666612)	(47.0, 358.999999999997)	(48.0, 302.0000000000002)	(49.0, 912.5000000000339)	(50.0, 2512.6666666666915)	(51.0, 3835.666666667293)	(52.0, 4303.33333333389)	(53.0, 4941.333333333309)	(54.0, 5635.999999999344)	(55.0, 3813.666666667283)	(56.0, 2409.6666666666447)	(57.0, 710.0000000000108)	(58.0, 115.99999999999943)	(59.0, 62.3333333333335)	(60.0, 120.66666666666603)	(61.0, 130.666666666666)	(62.0, 42.00000000000002)	(63.0, 21.666666666666657)	(64.0, 22.999999999999986)	(65.0, 7.9999999999999964)	(66.0, 5.999999999999998)	(67.0, 5.999999999999998)	(68.0, 6.666666666666664)	(69.0, 9.333333333333332)	(70.0, 12.666666666666671)	(71.0, 25.666666666666643)	(72.0, 68.33333333333344)	(73.0, 44.66666666666671)	(74.0, 10.0)	(75.0, 1.9999999999999998)	(76.0, 1.0)	(77.0, 0.6666666666666666)	(78.0, 0.0)	(79.0, 0.0)	(80.0, 0.3333333333333333)	(81.0, 0.3333333333333333)	(82.0, 0.0)	(83.0, 0.0)	(84.0, 0.0)	(85.0, 0.0)	(86.0, 0.0)	(87.0, 0.6666666666666666)	(88.0, 0.3333333333333333)	(89.0, 0.0)	(90.0, 0.0)	(91.0, 0.0)	(92.0, 0.0)	(93.0, 0.0)	(94.0, 0.0)	(95.0, 0.0)	(96.0, 0.0)	(97.0, 0.3333333333333333)	(98.0, 0.0)	(99.0, 0.0)	(100.0, 0.0)
SRR19621221_1	(0.0, 0.0)	(1.0, 0.0)	(2.0, 0.0)	(3.0, 0.0)	(4.0, 0.0)	(5.0, 0.0)	(6.0, 0.0)	(7.0, 0.0)	(8.0, 0.0)	(9.0, 0.0)	(10.0, 0.0)	(11.0, 0.0)	(12.0, 0.0)	(13.0, 0.0)	(14.0, 0.0)	(15.0, 0.0)	(16.0, 0.0)	(17.0, 0.0)	(18.0, 0.0)	(19.0, 0.0)	(20.0, 0.0)	(21.0, 0.0)	(22.0, 0.0)	(23.0, 0.0)	(24.0, 0.0)	(25.0, 0.0)	(26.0, 0.0)	(27.0, 0.0)	(28.0, 0.0)	(29.0, 0.0)	(30.0, 0.3333333333333333)	(31.0, 0.3333333333333333)	(32.0, 0.0)	(33.0, 0.0)	(34.0, 0.0)	(35.0, 0.0)	(36.0, 0.3333333333333333)	(37.0, 1.3333333333333333)	(38.0, 2.333333333333333)	(39.0, 4.0)	(40.0, 10.666666666666668)	(41.0, 16.00000000000001)	(42.0, 20.66666666666666)	(43.0, 35.33333333333331)	(44.0, 40.00000000000001)	(45.0, 97.99999999999969)	(46.0, 360.99999999999693)	(47.0, 269.3333333333355)	(48.0, 398.33333333332814)	(49.0, 609.9999999999994)	(50.0, 1007.0000000000446)	(51.0, 1797.9999999998704)	(52.0, 4300.666666667225)	(53.0, 5545.999999999426)	(54.0, 3155.666666666984)	(55.0, 2022.3333333331527)	(56.0, 658.3333333333383)	(57.0, 203.66666666666808)	(58.0, 160.66666666666686)	(59.0, 34.99999999999997)	(60.0, 16.00000000000001)	(61.0, 12.333333333333337)	(62.0, 8.999999999999998)	(63.0, 5.999999999999998)	(64.0, 13.666666666666673)	(65.0, 34.3333333333333)	(66.0, 26.99999999999997)	(67.0, 1.9999999999999998)	(68.0, 0.3333333333333333)	(69.0, 0.0)	(70.0, 0.3333333333333333)	(71.0, 0.0)	(72.0, 0.0)	(73.0, 0.0)	(74.0, 0.0)	(75.0, 0.0)	(76.0, 0.3333333333333333)	(77.0, 0.0)	(78.0, 0.0)	(79.0, 0.0)	(80.0, 0.0)	(81.0, 0.0)	(82.0, 0.0)	(83.0, 0.0)	(84.0, 0.0)	(85.0, 0.0)	(86.0, 0.0)	(87.0, 0.0)	(88.0, 0.0)	(89.0, 0.0)	(90.0, 0.0)	(91.0, 0.0)	(92.0, 0.0)	(93.0, 0.0)	(94.0, 0.0)	(95.0, 0.0)	(96.0, 0.0)	(97.0, 0.0)	(98.0, 0.0)	(99.0, 0.0)	(100.0, 0.0)
SRR19621221_2	(0.0, 0.0)	(1.0, 0.0)	(2.0, 0.0)	(3.0, 0.0)	(4.0, 0.0)	(5.0, 0.0)	(6.0, 0.0)	(7.0, 0.0)	(8.0, 0.0)	(9.0, 0.0)	(10.0, 0.0)	(11.0, 0.0)	(12.0, 0.0)	(13.0, 0.0)	(14.0, 0.0)	(15.0, 0.0)	(16.0, 0.0)	(17.0, 0.0)	(18.0, 0.0)	(19.0, 0.0)	(20.0, 0.0)	(21.0, 0.0)	(22.0, 0.0)	(23.0, 0.0)	(24.0, 0.0)	(25.0, 0.0)	(26.0, 0.0)	(27.0, 0.3333333333333333)	(28.0, 0.0)	(29.0, 0.0)	(30.0, 0.0)	(31.0, 0.0)	(32.0, 0.0)	(33.0, 0.0)	(34.0, 0.0)	(35.0, 0.3333333333333333)	(36.0, 1.0)	(37.0, 1.9999999999999998)	(38.0, 2.333333333333333)	(39.0, 4.666666666666666)	(40.0, 13.83333333333334)	(41.0, 24.499999999999982)	(42.0, 28.999999999999964)	(43.0, 36.333333333333314)	(44.0, 39.333333333333336)	(45.0, 81.99999999999993)	(46.0, 83.33333333333323)	(47.0, 442.4999999999923)	(48.0, 446.49999999999204)	(49.0, 558.6666666666603)	(50.0, 458.66666666665805)	(51.0, 997.6666666667102)	(52.0, 2003.333333333157)	(53.0, 3491.6666666671367)	(54.0, 4559.000000000324)	(55.0, 3011.6666666669184)	(56.0, 2460.000000000001)	(57.0, 1512.3333333332687)	(58.0, 207.33333333333485)	(59.0, 51.66666666666676)	(60.0, 115.99999999999943)	(61.0, 142.333333333333)	(62.0, 32.99999999999996)	(63.0, 10.666666666666668)	(64.0, 8.33333333333333)	(65.0, 2.6666666666666665)	(66.0, 6.333333333333331)	(67.0, 18.666666666666668)	(68.0, 30.999999999999957)	(69.0, 5.999999999999998)	(70.0, 1.6666666666666665)	(71.0, 0.3333333333333333)	(72.0, 0.3333333333333333)	(73.0, 0.3333333333333333)	(74.0, 0.0)	(75.0, 0.0)	(76.0, 0.0)	(77.0, 0.0)	(78.0, 0.0)	(79.0, 0.0)	(80.0, 0.0)	(81.0, 0.0)	(82.0, 0.0)	(83.0, 0.0)	(84.0, 0.0)	(85.0, 0.0)	(86.0, 0.0)	(87.0, 0.0)	(88.0, 0.0)	(89.0, 0.0)	(90.0, 0.0)	(91.0, 0.0)	(92.0, 0.0)	(93.0, 0.0)	(94.0, 0.0)	(95.0, 0.0)	(96.0, 0.0)	(97.0, 0.0)	(98.0, 0.0)	(99.0, 0.0)	(100.0, 0.0)
SRR19621222_1	(0.0, 0.0)	(1.0, 0.0)	(2.0, 0.0)	(3.0, 0.0)	(4.0, 0.0)	(5.0, 0.0)	(6.0, 0.0)	(7.0, 0.0)	(8.0, 0.0)	(9.0, 0.0)	(10.0, 0.0)	(11.0, 0.0)	(12.0, 0.0)	(13.0, 0.0)	(14.0, 0.0)	(15.0, 0.0)	(16.0, 0.0)	(17.0, 0.0)	(18.0, 0.0)	(19.0, 0.0)	(20.0, 0.0)	(21.0, 0.0)	(22.0, 0.0)	(23.0, 0.0)	(24.0, 0.0)	(25.0, 0.0)	(26.0, 0.0)	(27.0, 0.0)	(28.0, 0.0)	(29.0, 0.0)	(30.0, 0.0)	(31.0, 0.0)	(32.0, 0.0)	(33.0, 0.0)	(34.0, 0.0)	(35.0, 0.0)	(36.0, 1.0)	(37.0, 1.3333333333333333)	(38.0, 1.6666666666666665)	(39.0, 7.33333333333333)	(40.0, 18.666666666666668)	(41.0, 21.333333333333325)	(42.0, 32.99999999999996)	(43.0, 46.66666666666672)	(44.0, 48.3333333333334)	(45.0, 65.00000000000016)	(46.0, 128.66666666666595)	(47.0, 126.66666666666595)	(48.0, 126.33333333333262)	(49.0, 291.3333333333342)	(50.0, 1463.3333333332798)	(51.0, 2920.00000000021)	(52.0, 5056.666666666538)	(53.0, 5620.999999999358)	(54.0, 6145.333333332214)	(55.0, 4886.666666666692)	(56.0, 897.6666666666988)	(57.0, 731.0000000000132)	(58.0, 583.9999999999965)	(59.0, 101.99999999999963)	(60.0, 77.33333333333331)	(61.0, 80.6666666666666)	(62.0, 49.33333333333341)	(63.0, 19.999999999999996)	(64.0, 12.000000000000004)	(65.0, 6.666666666666664)	(66.0, 8.999999999999998)	(67.0, 32.66666666666662)	(68.0, 381.99999999999574)	(69.0, 345.66666666666447)	(70.0, 60.66666666666682)	(71.0, 25.33333333333331)	(72.0, 13.666666666666673)	(73.0, 5.999999999999998)	(74.0, 1.3333333333333333)	(75.0, 0.3333333333333333)	(76.0, 0.0)	(77.0, 0.0)	(78.0, 0.0)	(79.0, 0.0)	(80.0, 0.0)	(81.0, 0.0)	(82.0, 0.3333333333333333)	(83.0, 0.0)	(84.0, 0.0)	(85.0, 0.0)	(86.0, 0.0)	(87.0, 0.0)	(88.0, 0.0)	(89.0, 0.0)	(90.0, 0.0)	(91.0, 0.0)	(92.0, 0.0)	(93.0, 0.0)	(94.0, 0.0)	(95.0, 0.0)	(96.0, 0.0)	(97.0, 0.0)	(98.0, 0.0)	(99.0, 0.0)	(100.0, 0.0)
SRR19621222_2	(0.0, 0.0)	(1.0, 0.0)	(2.0, 0.0)	(3.0, 0.0)	(4.0, 0.0)	(5.0, 0.0)	(6.0, 0.0)	(7.0, 0.0)	(8.0, 0.0)	(9.0, 0.0)	(10.0, 0.0)	(11.0, 0.0)	(12.0, 0.0)	(13.0, 0.0)	(14.0, 0.0)	(15.0, 0.0)	(16.0, 0.0)	(17.0, 0.0)	(18.0, 0.0)	(19.0, 0.0)	(20.0, 0.0)	(21.0, 0.0)	(22.0, 0.0)	(23.0, 0.0)	(24.0, 0.0)	(25.0, 0.0)	(26.0, 0.0)	(27.0, 0.0)	(28.0, 0.0)	(29.0, 0.0)	(30.0, 0.0)	(31.0, 0.0)	(32.0, 0.0)	(33.0, 0.0)	(34.0, 0.0)	(35.0, 0.5)	(36.0, 1.4999999999999998)	(37.0, 2.333333333333333)	(38.0, 2.333333333333333)	(39.0, 7.33333333333333)	(40.0, 19.333333333333332)	(41.0, 26.66666666666664)	(42.0, 34.83333333333331)	(43.0, 49.83333333333341)	(44.0, 53.5000000000001)	(45.0, 60.66666666666682)	(46.0, 72.50000000000004)	(47.0, 140.83333333333297)	(48.0, 117.66666666666612)	(49.0, 259.33333333333604)	(50.0, 593.1666666666642)	(51.0, 1566.16666666659)	(52.0, 2283.999999999921)	(53.0, 5000.833333333256)	(54.0, 6329.66666666538)	(55.0, 5401.666666666224)	(56.0, 4328.6666666672)	(57.0, 1175.3333333333453)	(58.0, 249.33333333333604)	(59.0, 173.66666666666723)	(60.0, 488.333333333323)	(61.0, 549.6666666666592)	(62.0, 132.9999999999994)	(63.0, 68.00000000000011)	(64.0, 74.66666666666669)	(65.0, 36.999999999999986)	(66.0, 23.333333333333318)	(67.0, 27.666666666666636)	(68.0, 30.666666666666625)	(69.0, 34.3333333333333)	(70.0, 41.666666666666686)	(71.0, 123.33333333333266)	(72.0, 278.33333333333496)	(73.0, 185.33333333333422)	(74.0, 44.000000000000036)	(75.0, 9.333333333333332)	(76.0, 2.333333333333333)	(77.0, 1.9999999999999998)	(78.0, 0.3333333333333333)	(79.0, 0.0)	(80.0, 0.3333333333333333)	(81.0, 0.3333333333333333)	(82.0, 0.3333333333333333)	(83.0, 0.0)	(84.0, 0.0)	(85.0, 0.3333333333333333)	(86.0, 0.6666666666666666)	(87.0, 0.0)	(88.0, 0.0)	(89.0, 0.0)	(90.0, 0.0)	(91.0, 0.0)	(92.0, 0.0)	(93.0, 0.0)	(94.0, 0.0)	(95.0, 0.0)	(96.0, 0.0)	(97.0, 0.0)	(98.0, 0.0)	(99.0, 0.0)	(100.0, 0.0)
SRR19621223_1	(0.0, 0.0)	(1.0, 0.0)	(2.0, 0.0)	(3.0, 0.0)	(4.0, 0.0)	(5.0, 0.0)	(6.0, 0.0)	(7.0, 0.0)	(8.0, 0.0)	(9.0, 0.0)	(10.0, 0.0)	(11.0, 0.0)	(12.0, 0.0)	(13.0, 0.0)	(14.0, 0.0)	(15.0, 0.0)	(16.0, 0.0)	(17.0, 0.0)	(18.0, 0.0)	(19.0, 0.0)	(20.0, 0.0)	(21.0, 0.0)	(22.0, 0.0)	(23.0, 0.0)	(24.0, 0.0)	(25.0, 0.0)	(26.0, 0.0)	(27.0, 0.0)	(28.0, 0.0)	(29.0, 0.0)	(30.0, 0.0)	(31.0, 0.0)	(32.0, 0.0)	(33.0, 0.0)	(34.0, 0.0)	(35.0, 0.0)	(36.0, 0.0)	(37.0, 1.6666666666666665)	(38.0, 4.666666666666666)	(39.0, 11.66666666666667)	(40.0, 25.33333333333331)	(41.0, 31.33333333333329)	(42.0, 45.00000000000004)	(43.0, 59.66666666666681)	(44.0, 75.66666666666667)	(45.0, 174.00000000000057)	(46.0, 663.3333333333388)	(47.0, 515.6666666666554)	(48.0, 465.99999999999096)	(49.0, 888.000000000031)	(50.0, 2702.3333333334444)	(51.0, 3743.333333333918)	(52.0, 1819.6666666665321)	(53.0, 3301.333333333717)	(54.0, 8343.999999997295)	(55.0, 6534.333333331861)	(56.0, 1492.9999999999397)	(57.0, 806.3333333333551)	(58.0, 636.0000000000024)	(59.0, 136.33333333333283)	(60.0, 76.33333333333333)	(61.0, 81.33333333333326)	(62.0, 46.333333333333385)	(63.0, 18.333333333333336)	(64.0, 8.666666666666664)	(65.0, 7.9999999999999964)	(66.0, 11.000000000000002)	(67.0, 24.666666666666647)	(68.0, 217.0000000000018)	(69.0, 207.6666666666682)	(70.0, 33.33333333333329)	(71.0, 19.0)	(72.0, 10.0)	(73.0, 4.666666666666666)	(74.0, 2.333333333333333)	(75.0, 0.0)	(76.0, 0.0)	(77.0, 0.3333333333333333)	(78.0, 0.0)	(79.0, 0.0)	(80.0, 0.0)	(81.0, 0.0)	(82.0, 0.0)	(83.0, 0.0)	(84.0, 0.0)	(85.0, 0.0)	(86.0, 0.0)	(87.0, 0.0)	(88.0, 0.0)	(89.0, 0.0)	(90.0, 0.0)	(91.0, 0.0)	(92.0, 0.0)	(93.0, 0.0)	(94.0, 0.0)	(95.0, 0.0)	(96.0, 0.0)	(97.0, 0.0)	(98.0, 0.0)	(99.0, 0.0)	(100.0, 0.0)
SRR19621223_2	(0.0, 0.0)	(1.0, 0.0)	(2.0, 0.0)	(3.0, 0.0)	(4.0, 0.0)	(5.0, 0.0)	(6.0, 0.0)	(7.0, 0.0)	(8.0, 0.0)	(9.0, 0.0)	(10.0, 0.0)	(11.0, 0.0)	(12.0, 0.0)	(13.0, 0.0)	(14.0, 0.0)	(15.0, 0.0)	(16.0, 0.0)	(17.0, 0.0)	(18.0, 0.0)	(19.0, 0.0)	(20.0, 0.0)	(21.0, 0.0)	(22.0, 0.0)	(23.0, 0.0)	(24.0, 0.0)	(25.0, 0.0)	(26.0, 0.0)	(27.0, 0.0)	(28.0, 0.0)	(29.0, 0.0)	(30.0, 0.0)	(31.0, 0.0)	(32.0, 0.0)	(33.0, 0.3333333333333333)	(34.0, 0.3333333333333333)	(35.0, 0.6666666666666666)	(36.0, 1.9999999999999998)	(37.0, 3.3333333333333335)	(38.0, 4.333333333333333)	(39.0, 14.666666666666675)	(40.0, 29.99999999999996)	(41.0, 40.00000000000001)	(42.0, 48.83333333333341)	(43.0, 68.33333333333344)	(44.0, 94.33333333333307)	(45.0, 195.3333333333345)	(46.0, 217.0000000000018)	(47.0, 648.8333333333372)	(48.0, 453.3333333333251)	(49.0, 794.5000000000203)	(50.0, 1493.333333333273)	(51.0, 2701.8333333334444)	(52.0, 2452.9999999999977)	(53.0, 2347.99999999995)	(54.0, 3463.000000000457)	(55.0, 7086.8333333313585)	(56.0, 6518.166666665209)	(57.0, 1780.9999999998743)	(58.0, 307.0)	(59.0, 186.33333333333425)	(60.0, 489.6666666666563)	(61.0, 518.9999999999891)	(62.0, 116.33333333333276)	(63.0, 69.0000000000001)	(64.0, 75.33333333333334)	(65.0, 33.66666666666663)	(66.0, 19.999999999999996)	(67.0, 15.333333333333343)	(68.0, 15.666666666666677)	(69.0, 23.66666666666665)	(70.0, 29.333333333333297)	(71.0, 84.33333333333321)	(72.0, 172.0000000000005)	(73.0, 102.66666666666629)	(74.0, 26.66666666666664)	(75.0, 5.333333333333332)	(76.0, 1.9999999999999998)	(77.0, 0.3333333333333333)	(78.0, 0.3333333333333333)	(79.0, 1.0)	(80.0, 0.3333333333333333)	(81.0, 0.0)	(82.0, 0.0)	(83.0, 0.0)	(84.0, 0.3333333333333333)	(85.0, 0.0)	(86.0, 0.0)	(87.0, 0.3333333333333333)	(88.0, 0.3333333333333333)	(89.0, 0.3333333333333333)	(90.0, 0.0)	(91.0, 0.0)	(92.0, 0.0)	(93.0, 0.0)	(94.0, 0.0)	(95.0, 0.0)	(96.0, 0.0)	(97.0, 0.6666666666666666)	(98.0, 0.0)	(99.0, 0.0)	(100.0, 0.0)
SRR19621224_1	(0.0, 0.0)	(1.0, 0.0)	(2.0, 0.0)	(3.0, 0.0)	(4.0, 0.0)	(5.0, 0.0)	(6.0, 0.0)	(7.0, 0.0)	(8.0, 0.0)	(9.0, 0.0)	(10.0, 0.0)	(11.0, 0.0)	(12.0, 0.0)	(13.0, 0.0)	(14.0, 0.0)	(15.0, 0.0)	(16.0, 0.0)	(17.0, 0.0)	(18.0, 0.0)	(19.0, 0.0)	(20.0, 0.0)	(21.0, 0.0)	(22.0, 0.0)	(23.0, 0.0)	(24.0, 0.0)	(25.0, 0.0)	(26.0, 0.0)	(27.0, 0.0)	(28.0, 0.0)	(29.0, 0.0)	(30.0, 0.0)	(31.0, 0.0)	(32.0, 0.0)	(33.0, 0.0)	(34.0, 0.0)	(35.0, 0.3333333333333333)	(36.0, 0.6666666666666666)	(37.0, 1.9999999999999998)	(38.0, 4.333333333333333)	(39.0, 12.000000000000004)	(40.0, 21.333333333333325)	(41.0, 25.33333333333331)	(42.0, 43.333333333333364)	(43.0, 56.66666666666679)	(44.0, 60.66666666666682)	(45.0, 194.33333333333448)	(46.0, 879.00000000003)	(47.0, 666.0000000000058)	(48.0, 460.99999999999125)	(49.0, 418.99999999999363)	(50.0, 2456.666666666666)	(51.0, 6721.6666666650235)	(52.0, 5420.99999999954)	(53.0, 5308.666666666309)	(54.0, 4060.6666666673955)	(55.0, 2094.6666666665014)	(56.0, 729.6666666666797)	(57.0, 205.66666666666814)	(58.0, 95.66666666666639)	(59.0, 76.0)	(60.0, 257.66666666666947)	(61.0, 102.99999999999962)	(62.0, 42.33333333333336)	(63.0, 24.333333333333314)	(64.0, 26.66666666666664)	(65.0, 17.000000000000007)	(66.0, 9.333333333333332)	(67.0, 5.666666666666665)	(68.0, 25.666666666666643)	(69.0, 62.666666666666835)	(70.0, 6.666666666666664)	(71.0, 1.0)	(72.0, 0.6666666666666666)	(73.0, 0.0)	(74.0, 0.0)	(75.0, 0.0)	(76.0, 0.0)	(77.0, 0.0)	(78.0, 0.0)	(79.0, 0.0)	(80.0, 0.0)	(81.0, 0.3333333333333333)	(82.0, 0.3333333333333333)	(83.0, 0.0)	(84.0, 0.0)	(85.0, 0.0)	(86.0, 0.0)	(87.0, 0.0)	(88.0, 0.3333333333333333)	(89.0, 0.0)	(90.0, 0.0)	(91.0, 0.3333333333333333)	(92.0, 0.3333333333333333)	(93.0, 0.0)	(94.0, 0.0)	(95.0, 0.0)	(96.0, 0.3333333333333333)	(97.0, 0.0)	(98.0, 0.0)	(99.0, 0.0)	(100.0, 0.0)
SRR19621224_2	(0.0, 1.0)	(1.0, 0.5)	(2.0, 0.0)	(3.0, 0.0)	(4.0, 0.0)	(5.0, 0.0)	(6.0, 0.0)	(7.0, 0.0)	(8.0, 0.0)	(9.0, 0.0)	(10.0, 0.0)	(11.0, 0.0)	(12.0, 0.0)	(13.0, 0.0)	(14.0, 0.0)	(15.0, 0.0)	(16.0, 0.0)	(17.0, 0.0)	(18.0, 0.0)	(19.0, 0.0)	(20.0, 0.0)	(21.0, 0.0)	(22.0, 0.0)	(23.0, 0.0)	(24.0, 0.0)	(25.0, 0.0)	(26.0, 0.0)	(27.0, 0.0)	(28.0, 0.0)	(29.0, 0.0)	(30.0, 0.0)	(31.0, 0.3333333333333333)	(32.0, 0.3333333333333333)	(33.0, 0.3333333333333333)	(34.0, 0.6666666666666666)	(35.0, 0.3333333333333333)	(36.0, 2.1666666666666665)	(37.0, 3.0)	(38.0, 3.166666666666667)	(39.0, 10.166666666666666)	(40.0, 27.49999999999997)	(41.0, 35.833333333333314)	(42.0, 41.16666666666669)	(43.0, 60.83333333333349)	(44.0, 86.49999999999986)	(45.0, 283.3333333333347)	(46.0, 259.0000000000027)	(47.0, 733.3333333333468)	(48.0, 545.9999999999922)	(49.0, 450.4999999999918)	(50.0, 892.833333333365)	(51.0, 1789.666666666539)	(52.0, 5547.333333332758)	(53.0, 7386.499999997752)	(54.0, 5013.166666666578)	(55.0, 3722.5000000005753)	(56.0, 2783.1666666668148)	(57.0, 1474.3333333332773)	(58.0, 273.16666666666856)	(59.0, 93.16666666666643)	(60.0, 79.99999999999994)	(61.0, 90.33333333333313)	(62.0, 239.00000000000242)	(63.0, 225.00000000000202)	(64.0, 46.00000000000005)	(65.0, 17.66666666666667)	(66.0, 9.333333333333332)	(67.0, 18.666666666666668)	(68.0, 13.666666666666673)	(69.0, 7.666666666666663)	(70.0, 5.999999999999998)	(71.0, 14.000000000000007)	(72.0, 53.0000000000001)	(73.0, 9.666666666666666)	(74.0, 0.3333333333333333)	(75.0, 0.3333333333333333)	(76.0, 0.6666666666666666)	(77.0, 1.0)	(78.0, 0.3333333333333333)	(79.0, 1.0)	(80.0, 0.3333333333333333)	(81.0, 0.0)	(82.0, 0.3333333333333333)	(83.0, 0.3333333333333333)	(84.0, 0.3333333333333333)	(85.0, 0.0)	(86.0, 0.0)	(87.0, 0.0)	(88.0, 0.3333333333333333)	(89.0, 0.0)	(90.0, 0.0)	(91.0, 0.0)	(92.0, 0.0)	(93.0, 0.0)	(94.0, 0.0)	(95.0, 0.0)	(96.0, 0.0)	(97.0, 0.0)	(98.0, 0.0)	(99.0, 0.0)	(100.0, 1.0)
SRR19621225_1	(0.0, 0.0)	(1.0, 0.0)	(2.0, 0.0)	(3.0, 0.0)	(4.0, 0.0)	(5.0, 0.0)	(6.0, 0.0)	(7.0, 0.0)	(8.0, 0.0)	(9.0, 0.0)	(10.0, 0.0)	(11.0, 0.0)	(12.0, 0.0)	(13.0, 0.0)	(14.0, 0.0)	(15.0, 0.0)	(16.0, 0.0)	(17.0, 0.0)	(18.0, 0.0)	(19.0, 0.0)	(20.0, 0.0)	(21.0, 0.0)	(22.0, 0.0)	(23.0, 0.0)	(24.0, 0.0)	(25.0, 0.0)	(26.0, 0.0)	(27.0, 0.0)	(28.0, 0.0)	(29.0, 0.0)	(30.0, 0.0)	(31.0, 0.0)	(32.0, 0.0)	(33.0, 0.0)	(34.0, 0.0)	(35.0, 0.3333333333333333)	(36.0, 0.3333333333333333)	(37.0, 1.0)	(38.0, 1.3333333333333333)	(39.0, 5.666666666666665)	(40.0, 15.333333333333343)	(41.0, 18.000000000000004)	(42.0, 22.999999999999986)	(43.0, 29.99999999999996)	(44.0, 37.66666666666666)	(45.0, 113.99999999999946)	(46.0, 460.3333333333246)	(47.0, 428.99999999999307)	(48.0, 358.3333333333304)	(49.0, 369.3333333333298)	(50.0, 1824.666666666531)	(51.0, 4129.666666667381)	(52.0, 5050.666666666543)	(53.0, 5256.333333333023)	(54.0, 4157.6666666673555)	(55.0, 2478.3333333333426)	(56.0, 647.0000000000036)	(57.0, 335.99999999999835)	(58.0, 230.3333333333355)	(59.0, 106.66666666666623)	(60.0, 318.3333333333327)	(61.0, 125.66666666666596)	(62.0, 46.333333333333385)	(63.0, 28.3333333333333)	(64.0, 31.999999999999954)	(65.0, 19.999999999999996)	(66.0, 8.666666666666664)	(67.0, 9.666666666666666)	(68.0, 21.666666666666657)	(69.0, 50.66666666666675)	(70.0, 6.333333333333331)	(71.0, 0.3333333333333333)	(72.0, 0.3333333333333333)	(73.0, 0.3333333333333333)	(74.0, 0.3333333333333333)	(75.0, 0.0)	(76.0, 0.0)	(77.0, 0.0)	(78.0, 0.0)	(79.0, 0.0)	(80.0, 0.0)	(81.0, 0.0)	(82.0, 0.0)	(83.0, 0.0)	(84.0, 0.0)	(85.0, 0.0)	(86.0, 0.0)	(87.0, 0.0)	(88.0, 0.0)	(89.0, 0.0)	(90.0, 0.0)	(91.0, 0.0)	(92.0, 0.0)	(93.0, 0.0)	(94.0, 0.0)	(95.0, 0.0)	(96.0, 0.0)	(97.0, 0.0)	(98.0, 0.0)	(99.0, 0.0)	(100.0, 0.0)
SRR19621225_2	(0.0, 0.0)	(1.0, 0.0)	(2.0, 0.0)	(3.0, 0.0)	(4.0, 0.0)	(5.0, 0.0)	(6.0, 0.0)	(7.0, 0.0)	(8.0, 0.0)	(9.0, 0.0)	(10.0, 0.0)	(11.0, 0.0)	(12.0, 0.0)	(13.0, 0.0)	(14.0, 0.0)	(15.0, 0.0)	(16.0, 0.0)	(17.0, 0.0)	(18.0, 0.0)	(19.0, 0.0)	(20.0, 0.0)	(21.0, 0.0)	(22.0, 0.0)	(23.0, 0.0)	(24.0, 0.0)	(25.0, 0.0)	(26.0, 0.0)	(27.0, 0.0)	(28.0, 0.0)	(29.0, 0.0)	(30.0, 0.0)	(31.0, 0.0)	(32.0, 0.3333333333333333)	(33.0, 0.0)	(34.0, 0.3333333333333333)	(35.0, 0.3333333333333333)	(36.0, 0.6666666666666666)	(37.0, 1.6666666666666665)	(38.0, 3.3333333333333335)	(39.0, 6.833333333333331)	(40.0, 15.50000000000001)	(41.0, 21.333333333333325)	(42.0, 26.49999999999997)	(43.0, 33.16666666666663)	(44.0, 57.833333333333464)	(45.0, 227.00000000000205)	(46.0, 167.66666666666706)	(47.0, 439.1666666666592)	(48.0, 423.8333333333267)	(49.0, 235.5000000000023)	(50.0, 641.3333333333363)	(51.0, 1891.6666666665158)	(52.0, 3608.5000000005234)	(53.0, 4669.500000000224)	(54.0, 4814.333333333425)	(55.0, 3777.3333333339333)	(56.0, 2817.66666666683)	(57.0, 1692.9999999998943)	(58.0, 277.66666666666833)	(59.0, 90.33333333333313)	(60.0, 231.66666666666887)	(61.0, 272.6666666666686)	(62.0, 335.3333333333317)	(63.0, 283.666666666668)	(64.0, 36.333333333333314)	(65.0, 11.333333333333336)	(66.0, 13.000000000000005)	(67.0, 18.666666666666668)	(68.0, 13.000000000000005)	(69.0, 2.6666666666666665)	(70.0, 3.666666666666667)	(71.0, 12.000000000000004)	(72.0, 48.3333333333334)	(73.0, 10.333333333333334)	(74.0, 1.3333333333333333)	(75.0, 0.3333333333333333)	(76.0, 0.6666666666666666)	(77.0, 0.3333333333333333)	(78.0, 0.0)	(79.0, 0.0)	(80.0, 0.0)	(81.0, 0.0)	(82.0, 0.0)	(83.0, 0.3333333333333333)	(84.0, 0.3333333333333333)	(85.0, 0.3333333333333333)	(86.0, 0.0)	(87.0, 0.0)	(88.0, 0.0)	(89.0, 0.3333333333333333)	(90.0, 0.3333333333333333)	(91.0, 0.0)	(92.0, 0.0)	(93.0, 0.0)	(94.0, 0.0)	(95.0, 0.0)	(96.0, 0.0)	(97.0, 0.0)	(98.0, 0.0)	(99.0, 0.0)	(100.0, 1.0)
SRR19621226_1	(0.0, 0.0)	(1.0, 0.0)	(2.0, 0.0)	(3.0, 0.0)	(4.0, 0.0)	(5.0, 0.0)	(6.0, 0.0)	(7.0, 0.0)	(8.0, 0.0)	(9.0, 0.0)	(10.0, 0.0)	(11.0, 0.0)	(12.0, 0.0)	(13.0, 0.0)	(14.0, 0.0)	(15.0, 0.0)	(16.0, 0.0)	(17.0, 0.0)	(18.0, 0.0)	(19.0, 0.0)	(20.0, 0.0)	(21.0, 0.0)	(22.0, 0.0)	(23.0, 0.0)	(24.0, 0.0)	(25.0, 0.0)	(26.0, 0.0)	(27.0, 0.0)	(28.0, 0.0)	(29.0, 0.0)	(30.0, 0.0)	(31.0, 0.0)	(32.0, 0.0)	(33.0, 0.3333333333333333)	(34.0, 0.0)	(35.0, 0.0)	(36.0, 1.0)	(37.0, 1.0)	(38.0, 2.6666666666666665)	(39.0, 7.666666666666663)	(40.0, 19.999999999999996)	(41.0, 23.999999999999982)	(42.0, 32.66666666666662)	(43.0, 44.66666666666671)	(44.0, 53.66666666666677)	(45.0, 108.6666666666662)	(46.0, 331.33333333333195)	(47.0, 250.33333333333607)	(48.0, 223.00000000000196)	(49.0, 313.333333333333)	(50.0, 1516.666666666601)	(51.0, 3880.33333333398)	(52.0, 7185.9999999979345)	(53.0, 7840.666666664006)	(54.0, 4738.666666666827)	(55.0, 2337.666666666612)	(56.0, 824.6666666666905)	(57.0, 188.66666666666765)	(58.0, 114.33333333333279)	(59.0, 61.66666666666683)	(60.0, 152.3333333333333)	(61.0, 74.00000000000003)	(62.0, 28.3333333333333)	(63.0, 18.666666666666668)	(64.0, 23.333333333333318)	(65.0, 17.000000000000007)	(66.0, 7.9999999999999964)	(67.0, 9.666666666666666)	(68.0, 45.00000000000004)	(69.0, 135.3333333333328)	(70.0, 20.66666666666666)	(71.0, 4.999999999999999)	(72.0, 2.6666666666666665)	(73.0, 1.0)	(74.0, 0.3333333333333333)	(75.0, 0.6666666666666666)	(76.0, 0.6666666666666666)	(77.0, 0.3333333333333333)	(78.0, 0.0)	(79.0, 0.0)	(80.0, 0.0)	(81.0, 0.0)	(82.0, 0.0)	(83.0, 0.0)	(84.0, 0.0)	(85.0, 0.0)	(86.0, 0.0)	(87.0, 0.0)	(88.0, 0.0)	(89.0, 0.0)	(90.0, 0.0)	(91.0, 0.0)	(92.0, 0.0)	(93.0, 0.0)	(94.0, 0.0)	(95.0, 0.0)	(96.0, 0.0)	(97.0, 0.0)	(98.0, 0.0)	(99.0, 0.0)	(100.0, 0.0)
SRR19621226_2	(0.0, 0.0)	(1.0, 0.0)	(2.0, 0.0)	(3.0, 0.0)	(4.0, 0.0)	(5.0, 0.0)	(6.0, 0.0)	(7.0, 0.0)	(8.0, 0.0)	(9.0, 0.0)	(10.0, 0.0)	(11.0, 0.0)	(12.0, 0.0)	(13.0, 0.0)	(14.0, 0.0)	(15.0, 0.0)	(16.0, 0.0)	(17.0, 0.0)	(18.0, 0.0)	(19.0, 0.0)	(20.0, 0.0)	(21.0, 0.0)	(22.0, 0.0)	(23.0, 0.0)	(24.0, 0.0)	(25.0, 0.0)	(26.0, 0.0)	(27.0, 0.0)	(28.0, 0.0)	(29.0, 0.0)	(30.0, 0.0)	(31.0, 0.0)	(32.0, 0.3333333333333333)	(33.0, 0.0)	(34.0, 0.0)	(35.0, 0.3333333333333333)	(36.0, 1.0)	(37.0, 3.666666666666667)	(38.0, 2.6666666666666665)	(39.0, 8.166666666666664)	(40.0, 26.333333333333307)	(41.0, 26.833333333333307)	(42.0, 34.3333333333333)	(43.0, 41.33333333333335)	(44.0, 68.00000000000013)	(45.0, 140.99999999999963)	(46.0, 132.83333333333275)	(47.0, 269.00000000000216)	(48.0, 212.16666666666833)	(49.0, 202.16666666666805)	(50.0, 599.8333333333317)	(51.0, 1530.6666666665978)	(52.0, 3113.000000000298)	(53.0, 6658.666666665081)	(54.0, 7770.9999999974025)	(55.0, 4759.000000000142)	(56.0, 2549.0000000000414)	(57.0, 1395.3333333332953)	(58.0, 205.3333333333348)	(59.0, 71.3333333333334)	(60.0, 95.66666666666639)	(61.0, 105.99999999999957)	(62.0, 161.0000000000002)	(63.0, 137.6666666666662)	(64.0, 22.666666666666654)	(65.0, 10.0)	(66.0, 10.666666666666668)	(67.0, 23.333333333333318)	(68.0, 17.33333333333334)	(69.0, 10.0)	(70.0, 10.0)	(71.0, 28.3333333333333)	(72.0, 123.99999999999932)	(73.0, 22.33333333333332)	(74.0, 3.0)	(75.0, 1.6666666666666665)	(76.0, 0.0)	(77.0, 0.3333333333333333)	(78.0, 0.0)	(79.0, 0.0)	(80.0, 0.0)	(81.0, 0.0)	(82.0, 0.0)	(83.0, 0.0)	(84.0, 0.0)	(85.0, 0.3333333333333333)	(86.0, 0.0)	(87.0, 0.3333333333333333)	(88.0, 0.0)	(89.0, 0.0)	(90.0, 0.0)	(91.0, 0.0)	(92.0, 0.0)	(93.0, 0.0)	(94.0, 0.0)	(95.0, 0.0)	(96.0, 0.0)	(97.0, 0.0)	(98.0, 0.3333333333333333)	(99.0, 0.3333333333333333)	(100.0, 0.5)
SRR19621227_1	(0.0, 0.0)	(1.0, 0.0)	(2.0, 0.0)	(3.0, 0.0)	(4.0, 0.0)	(5.0, 0.0)	(6.0, 0.0)	(7.0, 0.0)	(8.0, 0.0)	(9.0, 0.0)	(10.0, 0.0)	(11.0, 0.0)	(12.0, 0.0)	(13.0, 0.0)	(14.0, 0.0)	(15.0, 0.0)	(16.0, 0.0)	(17.0, 0.0)	(18.0, 0.0)	(19.0, 0.0)	(20.0, 0.0)	(21.0, 0.0)	(22.0, 0.0)	(23.0, 0.0)	(24.0, 0.0)	(25.0, 0.0)	(26.0, 0.0)	(27.0, 0.0)	(28.0, 0.0)	(29.0, 0.0)	(30.0, 0.0)	(31.0, 0.0)	(32.0, 0.3333333333333333)	(33.0, 0.0)	(34.0, 0.0)	(35.0, 0.3333333333333333)	(36.0, 0.6666666666666666)	(37.0, 1.3333333333333333)	(38.0, 1.6666666666666665)	(39.0, 4.999999999999999)	(40.0, 10.666666666666668)	(41.0, 15.666666666666677)	(42.0, 22.666666666666654)	(43.0, 41.33333333333335)	(44.0, 58.33333333333347)	(45.0, 857.0000000000275)	(46.0, 2655.333333333423)	(47.0, 2139.9999999998554)	(48.0, 2311.3333333332666)	(49.0, 1683.3333333332298)	(50.0, 1374.9999999999666)	(51.0, 1956.666666666501)	(52.0, 3693.0000000005616)	(53.0, 3932.6666666673373)	(54.0, 3689.6666666672268)	(55.0, 2391.6666666666365)	(56.0, 581.9999999999962)	(57.0, 87.99999999999983)	(58.0, 34.666666666666636)	(59.0, 10.0)	(60.0, 20.999999999999993)	(61.0, 18.333333333333336)	(62.0, 7.33333333333333)	(63.0, 3.0)	(64.0, 1.6666666666666665)	(65.0, 0.6666666666666666)	(66.0, 1.3333333333333333)	(67.0, 3.3333333333333335)	(68.0, 22.33333333333332)	(69.0, 54.00000000000011)	(70.0, 7.33333333333333)	(71.0, 1.0)	(72.0, 0.0)	(73.0, 0.0)	(74.0, 0.0)	(75.0, 0.0)	(76.0, 0.0)	(77.0, 0.0)	(78.0, 0.0)	(79.0, 0.0)	(80.0, 0.0)	(81.0, 0.0)	(82.0, 0.0)	(83.0, 0.0)	(84.0, 0.0)	(85.0, 0.0)	(86.0, 0.0)	(87.0, 0.0)	(88.0, 0.0)	(89.0, 0.0)	(90.0, 0.0)	(91.0, 0.0)	(92.0, 0.0)	(93.0, 0.0)	(94.0, 0.0)	(95.0, 0.0)	(96.0, 0.0)	(97.0, 0.0)	(98.0, 0.0)	(99.0, 0.0)	(100.0, 0.0)
SRR19621227_2	(0.0, 0.0)	(1.0, 0.0)	(2.0, 0.0)	(3.0, 0.0)	(4.0, 0.0)	(5.0, 0.0)	(6.0, 0.0)	(7.0, 0.0)	(8.0, 0.0)	(9.0, 0.0)	(10.0, 0.0)	(11.0, 0.0)	(12.0, 0.0)	(13.0, 0.0)	(14.0, 0.0)	(15.0, 0.0)	(16.0, 0.0)	(17.0, 0.0)	(18.0, 0.0)	(19.0, 0.0)	(20.0, 0.0)	(21.0, 0.0)	(22.0, 0.0)	(23.0, 0.0)	(24.0, 0.0)	(25.0, 0.0)	(26.0, 0.0)	(27.0, 0.0)	(28.0, 0.0)	(29.0, 0.0)	(30.0, 0.0)	(31.0, 0.0)	(32.0, 0.0)	(33.0, 0.3333333333333333)	(34.0, 0.8333333333333333)	(35.0, 1.1666666666666665)	(36.0, 0.3333333333333333)	(37.0, 1.0)	(38.0, 3.3333333333333335)	(39.0, 7.33333333333333)	(40.0, 17.000000000000007)	(41.0, 21.666666666666657)	(42.0, 27.499999999999968)	(43.0, 41.00000000000002)	(44.0, 54.83333333333345)	(45.0, 113.99999999999946)	(46.0, 1045.6666666667081)	(47.0, 4030.166666667382)	(48.0, 2905.0000000002033)	(49.0, 981.1666666667082)	(50.0, 564.9999999999943)	(51.0, 1317.833333333313)	(52.0, 1339.833333333308)	(53.0, 2832.166666666837)	(54.0, 3881.5000000006476)	(55.0, 4169.3333333340115)	(56.0, 2676.3333333334326)	(57.0, 1117.6666666666918)	(58.0, 153.33333333333331)	(59.0, 41.33333333333335)	(60.0, 20.33333333333333)	(61.0, 17.000000000000007)	(62.0, 12.000000000000004)	(63.0, 23.333333333333318)	(64.0, 3.0)	(65.0, 1.9999999999999998)	(66.0, 1.9999999999999998)	(67.0, 3.666666666666667)	(68.0, 4.0)	(69.0, 4.999999999999999)	(70.0, 4.0)	(71.0, 11.66666666666667)	(72.0, 46.66666666666672)	(73.0, 7.666666666666663)	(74.0, 0.3333333333333333)	(75.0, 0.0)	(76.0, 0.0)	(77.0, 0.0)	(78.0, 0.0)	(79.0, 0.0)	(80.0, 0.0)	(81.0, 0.0)	(82.0, 0.0)	(83.0, 0.0)	(84.0, 0.0)	(85.0, 0.0)	(86.0, 0.0)	(87.0, 0.0)	(88.0, 0.0)	(89.0, 0.0)	(90.0, 0.0)	(91.0, 0.0)	(92.0, 0.3333333333333333)	(93.0, 0.0)	(94.0, 0.0)	(95.0, 0.0)	(96.0, 0.0)	(97.0, 0.0)	(98.0, 0.0)	(99.0, 0.0)	(100.0, 0.0)
SRR19621228_1	(0.0, 0.0)	(1.0, 0.0)	(2.0, 0.0)	(3.0, 0.0)	(4.0, 0.0)	(5.0, 0.0)	(6.0, 0.0)	(7.0, 0.0)	(8.0, 0.0)	(9.0, 0.0)	(10.0, 0.0)	(11.0, 0.0)	(12.0, 0.0)	(13.0, 0.0)	(14.0, 0.0)	(15.0, 0.0)	(16.0, 0.0)	(17.0, 0.0)	(18.0, 0.0)	(19.0, 0.0)	(20.0, 0.0)	(21.0, 0.0)	(22.0, 0.0)	(23.0, 0.0)	(24.0, 0.0)	(25.0, 0.0)	(26.0, 0.0)	(27.0, 0.0)	(28.0, 0.0)	(29.0, 0.0)	(30.0, 0.0)	(31.0, 0.0)	(32.0, 0.0)	(33.0, 0.0)	(34.0, 0.0)	(35.0, 0.0)	(36.0, 0.3333333333333333)	(37.0, 1.0)	(38.0, 3.666666666666667)	(39.0, 6.666666666666664)	(40.0, 11.333333333333336)	(41.0, 18.000000000000004)	(42.0, 24.666666666666647)	(43.0, 30.999999999999957)	(44.0, 55.666666666666785)	(45.0, 960.0000000000392)	(46.0, 2876.00000000019)	(47.0, 1505.6666666666035)	(48.0, 881.3333333333636)	(49.0, 553.6666666666597)	(50.0, 612.6666666666664)	(51.0, 1368.3333333333014)	(52.0, 3643.666666667206)	(53.0, 4179.000000000669)	(54.0, 3113.3333333336313)	(55.0, 1869.999999999854)	(56.0, 538.9999999999914)	(57.0, 278.33333333333496)	(58.0, 234.66666666666896)	(59.0, 36.66666666666665)	(60.0, 16.333333333333343)	(61.0, 4.999999999999999)	(62.0, 2.333333333333333)	(63.0, 1.6666666666666665)	(64.0, 1.6666666666666665)	(65.0, 1.3333333333333333)	(66.0, 0.3333333333333333)	(67.0, 3.0)	(68.0, 15.333333333333343)	(69.0, 48.000000000000064)	(70.0, 6.999999999999997)	(71.0, 1.0)	(72.0, 1.0)	(73.0, 0.0)	(74.0, 0.3333333333333333)	(75.0, 0.3333333333333333)	(76.0, 0.0)	(77.0, 0.0)	(78.0, 0.0)	(79.0, 0.0)	(80.0, 0.0)	(81.0, 0.0)	(82.0, 0.0)	(83.0, 0.0)	(84.0, 0.0)	(85.0, 0.0)	(86.0, 0.0)	(87.0, 0.0)	(88.0, 0.0)	(89.0, 0.0)	(90.0, 0.0)	(91.0, 0.0)	(92.0, 0.0)	(93.0, 0.0)	(94.0, 0.0)	(95.0, 0.0)	(96.0, 0.0)	(97.0, 0.0)	(98.0, 0.0)	(99.0, 0.0)	(100.0, 0.0)
SRR19621228_2	(0.0, 0.0)	(1.0, 0.0)	(2.0, 0.0)	(3.0, 0.0)	(4.0, 0.0)	(5.0, 0.0)	(6.0, 0.0)	(7.0, 0.0)	(8.0, 0.0)	(9.0, 0.0)	(10.0, 0.0)	(11.0, 0.0)	(12.0, 0.0)	(13.0, 0.0)	(14.0, 0.0)	(15.0, 0.0)	(16.0, 0.0)	(17.0, 0.0)	(18.0, 0.0)	(19.0, 0.0)	(20.0, 0.0)	(21.0, 0.0)	(22.0, 0.0)	(23.0, 0.0)	(24.0, 0.0)	(25.0, 0.0)	(26.0, 0.0)	(27.0, 0.0)	(28.0, 0.0)	(29.0, 0.0)	(30.0, 0.0)	(31.0, 0.0)	(32.0, 0.0)	(33.0, 0.0)	(34.0, 0.3333333333333333)	(35.0, 0.6666666666666666)	(36.0, 1.0)	(37.0, 1.6666666666666665)	(38.0, 3.5000000000000004)	(39.0, 6.833333333333331)	(40.0, 14.333333333333341)	(41.0, 19.333333333333332)	(42.0, 28.999999999999968)	(43.0, 32.999999999999964)	(44.0, 37.99999999999999)	(45.0, 85.3333333333332)	(46.0, 788.8333333333532)	(47.0, 3180.1666666669953)	(48.0, 1719.4999999998884)	(49.0, 545.4999999999922)	(50.0, 353.3333333333307)	(51.0, 688.0000000000083)	(52.0, 1156.0000000000164)	(53.0, 2896.000000000199)	(54.0, 3708.166666667235)	(55.0, 3227.5000000003497)	(56.0, 2180.6666666665406)	(57.0, 1323.666666666645)	(58.0, 170.00000000000045)	(59.0, 57.00000000000013)	(60.0, 209.66666666666825)	(61.0, 221.33333333333525)	(62.0, 26.333333333333307)	(63.0, 6.333333333333331)	(64.0, 4.666666666666666)	(65.0, 4.0)	(66.0, 1.3333333333333333)	(67.0, 2.6666666666666665)	(68.0, 3.3333333333333335)	(69.0, 4.0)	(70.0, 4.333333333333333)	(71.0, 10.666666666666668)	(72.0, 43.00000000000003)	(73.0, 7.666666666666663)	(74.0, 0.6666666666666666)	(75.0, 0.6666666666666666)	(76.0, 0.3333333333333333)	(77.0, 0.3333333333333333)	(78.0, 0.6666666666666666)	(79.0, 0.3333333333333333)	(80.0, 0.0)	(81.0, 0.0)	(82.0, 0.0)	(83.0, 0.0)	(84.0, 0.0)	(85.0, 0.0)	(86.0, 0.0)	(87.0, 0.0)	(88.0, 0.0)	(89.0, 0.0)	(90.0, 0.0)	(91.0, 0.0)	(92.0, 0.0)	(93.0, 0.0)	(94.0, 0.0)	(95.0, 0.0)	(96.0, 0.0)	(97.0, 0.3333333333333333)	(98.0, 0.0)	(99.0, 0.0)	(100.0, 1.5)
SRR19621229_1	(0.0, 0.0)	(1.0, 0.0)	(2.0, 0.0)	(3.0, 0.0)	(4.0, 0.0)	(5.0, 0.0)	(6.0, 0.0)	(7.0, 0.0)	(8.0, 0.0)	(9.0, 0.0)	(10.0, 0.0)	(11.0, 0.0)	(12.0, 0.0)	(13.0, 0.0)	(14.0, 0.0)	(15.0, 0.0)	(16.0, 0.0)	(17.0, 0.0)	(18.0, 0.0)	(19.0, 0.0)	(20.0, 0.0)	(21.0, 0.0)	(22.0, 0.0)	(23.0, 0.0)	(24.0, 0.0)	(25.0, 0.0)	(26.0, 0.0)	(27.0, 0.0)	(28.0, 0.0)	(29.0, 0.0)	(30.0, 0.0)	(31.0, 0.0)	(32.0, 0.0)	(33.0, 0.0)	(34.0, 0.0)	(35.0, 0.3333333333333333)	(36.0, 0.3333333333333333)	(37.0, 0.6666666666666666)	(38.0, 1.6666666666666665)	(39.0, 9.666666666666666)	(40.0, 15.333333333333343)	(41.0, 14.666666666666675)	(42.0, 25.33333333333331)	(43.0, 29.99999999999996)	(44.0, 39.333333333333336)	(45.0, 64.3333333333335)	(46.0, 114.66666666666612)	(47.0, 289.66666666666765)	(48.0, 284.66666666666794)	(49.0, 156.3333333333334)	(50.0, 506.6666666666553)	(51.0, 1208.3333333333378)	(52.0, 4047.0000000007226)	(53.0, 5316.666666666301)	(54.0, 5260.999999999685)	(55.0, 5018.333333333239)	(56.0, 1186.0000000000095)	(57.0, 177.00000000000065)	(58.0, 73.00000000000004)	(59.0, 37.33333333333332)	(60.0, 29.66666666666663)	(61.0, 12.666666666666671)	(62.0, 4.999999999999999)	(63.0, 2.6666666666666665)	(64.0, 4.666666666666666)	(65.0, 2.333333333333333)	(66.0, 3.3333333333333335)	(67.0, 12.000000000000004)	(68.0, 41.33333333333335)	(69.0, 150.66666666666657)	(70.0, 20.33333333333333)	(71.0, 3.666666666666667)	(72.0, 1.6666666666666665)	(73.0, 0.3333333333333333)	(74.0, 0.3333333333333333)	(75.0, 0.0)	(76.0, 0.0)	(77.0, 0.0)	(78.0, 0.0)	(79.0, 0.0)	(80.0, 0.0)	(81.0, 0.0)	(82.0, 0.0)	(83.0, 0.0)	(84.0, 0.0)	(85.0, 0.0)	(86.0, 0.0)	(87.0, 0.0)	(88.0, 0.0)	(89.0, 0.0)	(90.0, 0.0)	(91.0, 0.0)	(92.0, 0.0)	(93.0, 0.0)	(94.0, 0.0)	(95.0, 0.0)	(96.0, 0.0)	(97.0, 0.0)	(98.0, 0.0)	(99.0, 0.0)	(100.0, 0.0)
SRR19621229_2	(0.0, 1.0)	(1.0, 0.5)	(2.0, 0.0)	(3.0, 0.0)	(4.0, 0.0)	(5.0, 0.0)	(6.0, 0.0)	(7.0, 0.0)	(8.0, 0.0)	(9.0, 0.0)	(10.0, 0.0)	(11.0, 0.0)	(12.0, 0.0)	(13.0, 0.0)	(14.0, 0.0)	(15.0, 0.0)	(16.0, 0.0)	(17.0, 0.0)	(18.0, 0.0)	(19.0, 0.0)	(20.0, 0.0)	(21.0, 0.0)	(22.0, 0.0)	(23.0, 0.0)	(24.0, 0.0)	(25.0, 0.0)	(26.0, 0.0)	(27.0, 0.0)	(28.0, 0.0)	(29.0, 0.0)	(30.0, 0.0)	(31.0, 0.0)	(32.0, 0.0)	(33.0, 0.0)	(34.0, 0.3333333333333333)	(35.0, 0.8333333333333333)	(36.0, 0.8333333333333333)	(37.0, 0.3333333333333333)	(38.0, 2.1666666666666665)	(39.0, 3.166666666666667)	(40.0, 13.833333333333341)	(41.0, 17.166666666666675)	(42.0, 23.999999999999982)	(43.0, 32.49999999999996)	(44.0, 39.333333333333336)	(45.0, 45.166666666666714)	(46.0, 64.00000000000017)	(47.0, 170.66666666666714)	(48.0, 312.66666666666634)	(49.0, 130.99999999999935)	(50.0, 213.66666666666836)	(51.0, 479.8333333333235)	(52.0, 546.6666666666589)	(53.0, 2509.16666666669)	(54.0, 5319.999999999632)	(55.0, 5731.666666665924)	(56.0, 5094.666666666503)	(57.0, 3095.6666666669566)	(58.0, 365.66666666666333)	(59.0, 92.66666666666643)	(60.0, 47.33333333333339)	(61.0, 35.33333333333331)	(62.0, 20.999999999999993)	(63.0, 8.999999999999998)	(64.0, 4.0)	(65.0, 2.6666666666666665)	(66.0, 3.666666666666667)	(67.0, 4.666666666666666)	(68.0, 6.999999999999997)	(69.0, 8.33333333333333)	(70.0, 10.666666666666668)	(71.0, 30.999999999999957)	(72.0, 140.33333333333294)	(73.0, 30.666666666666625)	(74.0, 3.3333333333333335)	(75.0, 1.6666666666666665)	(76.0, 0.6666666666666666)	(77.0, 0.0)	(78.0, 0.0)	(79.0, 0.0)	(80.0, 0.0)	(81.0, 0.3333333333333333)	(82.0, 0.0)	(83.0, 0.0)	(84.0, 0.3333333333333333)	(85.0, 0.6666666666666666)	(86.0, 0.3333333333333333)	(87.0, 0.0)	(88.0, 0.0)	(89.0, 0.0)	(90.0, 0.0)	(91.0, 0.0)	(92.0, 0.0)	(93.0, 0.0)	(94.0, 0.0)	(95.0, 0.0)	(96.0, 0.0)	(97.0, 0.0)	(98.0, 0.0)	(99.0, 0.0)	(100.0, 1.0)
SRR19621230_1	(0.0, 0.0)	(1.0, 0.0)	(2.0, 0.0)	(3.0, 0.0)	(4.0, 0.0)	(5.0, 0.0)	(6.0, 0.0)	(7.0, 0.0)	(8.0, 0.0)	(9.0, 0.0)	(10.0, 0.0)	(11.0, 0.0)	(12.0, 0.0)	(13.0, 0.0)	(14.0, 0.0)	(15.0, 0.0)	(16.0, 0.0)	(17.0, 0.0)	(18.0, 0.0)	(19.0, 0.0)	(20.0, 0.0)	(21.0, 0.0)	(22.0, 0.0)	(23.0, 0.0)	(24.0, 0.0)	(25.0, 0.0)	(26.0, 0.0)	(27.0, 0.0)	(28.0, 0.0)	(29.0, 0.0)	(30.0, 0.0)	(31.0, 0.0)	(32.0, 0.0)	(33.0, 0.0)	(34.0, 0.0)	(35.0, 0.0)	(36.0, 0.6666666666666666)	(37.0, 0.6666666666666666)	(38.0, 3.3333333333333335)	(39.0, 10.666666666666668)	(40.0, 24.333333333333314)	(41.0, 38.666666666666664)	(42.0, 42.00000000000002)	(43.0, 46.66666666666672)	(44.0, 57.333333333333464)	(45.0, 120.3333333333327)	(46.0, 392.3333333333285)	(47.0, 288.0000000000011)	(48.0, 293.3333333333341)	(49.0, 470.66666666665736)	(50.0, 1694.6666666665606)	(51.0, 5764.333333332561)	(52.0, 5149.33333333312)	(53.0, 5125.666666666475)	(54.0, 5655.999999999326)	(55.0, 3357.3333333337423)	(56.0, 538.666666666658)	(57.0, 185.33333333333422)	(58.0, 88.66666666666649)	(59.0, 39.66666666666667)	(60.0, 27.333333333333304)	(61.0, 33.33333333333329)	(62.0, 23.333333333333318)	(63.0, 12.333333333333337)	(64.0, 23.66666666666665)	(65.0, 14.666666666666675)	(66.0, 3.666666666666667)	(67.0, 2.6666666666666665)	(68.0, 1.0)	(69.0, 3.0)	(70.0, 1.6666666666666665)	(71.0, 0.0)	(72.0, 0.3333333333333333)	(73.0, 0.0)	(74.0, 0.0)	(75.0, 0.0)	(76.0, 0.0)	(77.0, 0.0)	(78.0, 0.0)	(79.0, 0.0)	(80.0, 0.0)	(81.0, 0.0)	(82.0, 0.0)	(83.0, 0.0)	(84.0, 0.0)	(85.0, 0.0)	(86.0, 0.0)	(87.0, 0.0)	(88.0, 0.0)	(89.0, 0.0)	(90.0, 0.0)	(91.0, 0.0)	(92.0, 0.0)	(93.0, 0.0)	(94.0, 0.0)	(95.0, 0.0)	(96.0, 0.0)	(97.0, 0.0)	(98.0, 0.0)	(99.0, 0.0)	(100.0, 0.0)
SRR19621230_2	(0.0, 0.0)	(1.0, 0.0)	(2.0, 0.0)	(3.0, 0.0)	(4.0, 0.0)	(5.0, 0.0)	(6.0, 0.0)	(7.0, 0.0)	(8.0, 0.0)	(9.0, 0.0)	(10.0, 0.0)	(11.0, 0.0)	(12.0, 0.0)	(13.0, 0.0)	(14.0, 0.0)	(15.0, 0.0)	(16.0, 0.0)	(17.0, 0.0)	(18.0, 0.0)	(19.0, 0.0)	(20.0, 0.0)	(21.0, 0.0)	(22.0, 0.0)	(23.0, 0.0)	(24.0, 0.0)	(25.0, 0.0)	(26.0, 0.0)	(27.0, 0.0)	(28.0, 0.0)	(29.0, 0.0)	(30.0, 0.0)	(31.0, 0.0)	(32.0, 0.0)	(33.0, 0.0)	(34.0, 0.3333333333333333)	(35.0, 0.6666666666666666)	(36.0, 1.6666666666666665)	(37.0, 3.3333333333333335)	(38.0, 4.833333333333333)	(39.0, 11.833333333333337)	(40.0, 21.666666666666657)	(41.0, 33.8333333333333)	(42.0, 39.66666666666668)	(43.0, 54.16666666666677)	(44.0, 74.33333333333336)	(45.0, 79.16666666666663)	(46.0, 161.50000000000023)	(47.0, 457.9999999999914)	(48.0, 328.83333333333206)	(49.0, 399.8333333333281)	(50.0, 681.833333333341)	(51.0, 2239.999999999901)	(52.0, 4651.166666666906)	(53.0, 4994.333333333261)	(54.0, 4875.333333333369)	(55.0, 5068.333333333194)	(56.0, 3686.0000000005584)	(57.0, 768.6666666666841)	(58.0, 198.00000000000125)	(59.0, 101.6666666666663)	(60.0, 68.66666666666677)	(61.0, 59.33333333333348)	(62.0, 26.333333333333307)	(63.0, 15.333333333333343)	(64.0, 30.666666666666625)	(65.0, 10.333333333333334)	(66.0, 10.333333333333334)	(67.0, 21.666666666666657)	(68.0, 7.33333333333333)	(69.0, 3.3333333333333335)	(70.0, 1.0)	(71.0, 1.0)	(72.0, 0.6666666666666666)	(73.0, 1.0)	(74.0, 0.0)	(75.0, 0.0)	(76.0, 0.0)	(77.0, 0.0)	(78.0, 0.0)	(79.0, 0.0)	(80.0, 0.0)	(81.0, 0.0)	(82.0, 1.0)	(83.0, 0.6666666666666666)	(84.0, 0.0)	(85.0, 0.0)	(86.0, 0.3333333333333333)	(87.0, 0.3333333333333333)	(88.0, 0.0)	(89.0, 0.0)	(90.0, 0.3333333333333333)	(91.0, 0.0)	(92.0, 0.0)	(93.0, 0.0)	(94.0, 0.0)	(95.0, 0.0)	(96.0, 0.0)	(97.0, 0.0)	(98.0, 0.0)	(99.0, 0.0)	(100.0, 0.0)
SRR19621231_1	(0.0, 0.0)	(1.0, 0.0)	(2.0, 0.0)	(3.0, 0.0)	(4.0, 0.0)	(5.0, 0.0)	(6.0, 0.0)	(7.0, 0.0)	(8.0, 0.0)	(9.0, 0.0)	(10.0, 0.0)	(11.0, 0.0)	(12.0, 0.0)	(13.0, 0.0)	(14.0, 0.0)	(15.0, 0.0)	(16.0, 0.0)	(17.0, 0.0)	(18.0, 0.0)	(19.0, 0.0)	(20.0, 0.0)	(21.0, 0.6666666666666666)	(22.0, 3.0)	(23.0, 0.3333333333333333)	(24.0, 0.3333333333333333)	(25.0, 0.0)	(26.0, 0.0)	(27.0, 0.3333333333333333)	(28.0, 0.6666666666666666)	(29.0, 6.333333333333331)	(30.0, 8.666666666666664)	(31.0, 4.666666666666666)	(32.0, 19.666666666666664)	(33.0, 25.666666666666643)	(34.0, 13.666666666666673)	(35.0, 23.333333333333318)	(36.0, 33.33333333333329)	(37.0, 27.999999999999968)	(38.0, 30.333333333333293)	(39.0, 40.66666666666668)	(40.0, 48.000000000000064)	(41.0, 50.66666666666675)	(42.0, 66.33333333333347)	(43.0, 92.99999999999976)	(44.0, 99.99999999999966)	(45.0, 140.99999999999963)	(46.0, 292.00000000000085)	(47.0, 376.999999999996)	(48.0, 839.0000000000255)	(49.0, 1063.0000000000375)	(50.0, 2410.9999999999786)	(51.0, 4583.333333333635)	(52.0, 3940.666666667341)	(53.0, 4557.666666666992)	(54.0, 5040.333333333219)	(55.0, 2514.6666666666924)	(56.0, 477.33333333332365)	(57.0, 218.00000000000182)	(58.0, 143.33333333333303)	(59.0, 67.00000000000013)	(60.0, 45.666666666666714)	(61.0, 42.66666666666669)	(62.0, 20.999999999999993)	(63.0, 13.000000000000005)	(64.0, 34.666666666666636)	(65.0, 26.66666666666664)	(66.0, 6.333333333333331)	(67.0, 2.6666666666666665)	(68.0, 1.0)	(69.0, 1.3333333333333333)	(70.0, 0.6666666666666666)	(71.0, 0.0)	(72.0, 0.0)	(73.0, 0.0)	(74.0, 0.0)	(75.0, 0.0)	(76.0, 0.0)	(77.0, 0.0)	(78.0, 0.0)	(79.0, 0.0)	(80.0, 0.0)	(81.0, 0.0)	(82.0, 0.0)	(83.0, 0.0)	(84.0, 0.0)	(85.0, 0.0)	(86.0, 0.0)	(87.0, 0.0)	(88.0, 0.0)	(89.0, 0.0)	(90.0, 0.0)	(91.0, 0.0)	(92.0, 0.0)	(93.0, 0.0)	(94.0, 0.0)	(95.0, 0.0)	(96.0, 0.0)	(97.0, 0.0)	(98.0, 0.0)	(99.0, 0.0)	(100.0, 0.0)
SRR19621231_2	(0.0, 0.0)	(1.0, 0.0)	(2.0, 0.0)	(3.0, 0.0)	(4.0, 0.0)	(5.0, 0.0)	(6.0, 0.0)	(7.0, 0.0)	(8.0, 0.0)	(9.0, 0.0)	(10.0, 0.0)	(11.0, 0.0)	(12.0, 0.0)	(13.0, 0.0)	(14.0, 0.0)	(15.0, 0.0)	(16.0, 0.0)	(17.0, 0.0)	(18.0, 0.0)	(19.0, 0.0)	(20.0, 0.3333333333333333)	(21.0, 0.6666666666666666)	(22.0, 2.6666666666666665)	(23.0, 2.333333333333333)	(24.0, 0.0)	(25.0, 0.0)	(26.0, 0.0)	(27.0, 0.0)	(28.0, 0.3333333333333333)	(29.0, 1.0)	(30.0, 1.0)	(31.0, 1.0)	(32.0, 1.3333333333333333)	(33.0, 7.666666666666663)	(34.0, 13.000000000000005)	(35.0, 12.666666666666671)	(36.0, 29.333333333333297)	(37.0, 28.3333333333333)	(38.0, 35.99999999999998)	(39.0, 42.16666666666669)	(40.0, 63.33333333333351)	(41.0, 65.50000000000016)	(42.0, 76.33333333333333)	(43.0, 100.99999999999964)	(44.0, 108.66666666666622)	(45.0, 134.16666666666612)	(46.0, 198.6666666666679)	(47.0, 365.6666666666634)	(48.0, 648.1666666666705)	(49.0, 959.000000000039)	(50.0, 1194.1666666666745)	(51.0, 2723.0000000001205)	(52.0, 3373.166666667083)	(53.0, 4182.666666667333)	(54.0, 4003.0000000007026)	(55.0, 3735.6666666672477)	(56.0, 2938.0000000002183)	(57.0, 963.0000000000396)	(58.0, 274.0000000000019)	(59.0, 126.66666666666595)	(60.0, 90.66666666666646)	(61.0, 91.66666666666644)	(62.0, 56.66666666666679)	(63.0, 31.33333333333329)	(64.0, 36.333333333333314)	(65.0, 11.000000000000002)	(66.0, 10.0)	(67.0, 30.999999999999957)	(68.0, 11.66666666666667)	(69.0, 6.333333333333331)	(70.0, 1.9999999999999998)	(71.0, 0.6666666666666666)	(72.0, 0.3333333333333333)	(73.0, 0.3333333333333333)	(74.0, 0.0)	(75.0, 0.0)	(76.0, 0.0)	(77.0, 0.0)	(78.0, 0.3333333333333333)	(79.0, 0.0)	(80.0, 0.0)	(81.0, 0.0)	(82.0, 0.0)	(83.0, 0.0)	(84.0, 0.0)	(85.0, 0.3333333333333333)	(86.0, 0.3333333333333333)	(87.0, 0.0)	(88.0, 0.0)	(89.0, 0.0)	(90.0, 0.0)	(91.0, 0.0)	(92.0, 0.0)	(93.0, 0.0)	(94.0, 0.0)	(95.0, 0.6666666666666666)	(96.0, 0.0)	(97.0, 0.3333333333333333)	(98.0, 0.0)	(99.0, 0.0)	(100.0, 0.5)
SRR19621232_1	(0.0, 0.0)	(1.0, 0.0)	(2.0, 0.0)	(3.0, 0.0)	(4.0, 0.0)	(5.0, 0.0)	(6.0, 0.0)	(7.0, 0.0)	(8.0, 0.0)	(9.0, 0.0)	(10.0, 0.0)	(11.0, 0.0)	(12.0, 0.0)	(13.0, 0.0)	(14.0, 0.0)	(15.0, 0.0)	(16.0, 0.0)	(17.0, 0.0)	(18.0, 0.0)	(19.0, 0.0)	(20.0, 0.0)	(21.0, 0.0)	(22.0, 0.0)	(23.0, 0.0)	(24.0, 0.0)	(25.0, 0.0)	(26.0, 0.0)	(27.0, 0.0)	(28.0, 0.0)	(29.0, 0.0)	(30.0, 0.0)	(31.0, 0.0)	(32.0, 0.0)	(33.0, 0.0)	(34.0, 0.0)	(35.0, 0.0)	(36.0, 0.3333333333333333)	(37.0, 0.0)	(38.0, 1.3333333333333333)	(39.0, 3.666666666666667)	(40.0, 10.666666666666668)	(41.0, 22.33333333333332)	(42.0, 29.66666666666663)	(43.0, 23.333333333333318)	(44.0, 32.333333333333286)	(45.0, 68.66666666666677)	(46.0, 231.33333333333553)	(47.0, 362.9999999999968)	(48.0, 347.99999999999767)	(49.0, 481.3333333333234)	(50.0, 1405.9999999999595)	(51.0, 2519.333333333361)	(52.0, 4304.333333333889)	(53.0, 4897.666666666682)	(54.0, 2895.333333333532)	(55.0, 1422.6666666666224)	(56.0, 403.33333333332786)	(57.0, 277.0000000000017)	(58.0, 212.66666666666833)	(59.0, 30.333333333333293)	(60.0, 14.333333333333341)	(61.0, 19.999999999999996)	(62.0, 11.66666666666667)	(63.0, 10.0)	(64.0, 32.333333333333286)	(65.0, 53.66666666666677)	(66.0, 38.33333333333333)	(67.0, 3.3333333333333335)	(68.0, 1.0)	(69.0, 0.3333333333333333)	(70.0, 0.3333333333333333)	(71.0, 0.3333333333333333)	(72.0, 0.6666666666666666)	(73.0, 0.0)	(74.0, 0.0)	(75.0, 0.0)	(76.0, 0.0)	(77.0, 0.0)	(78.0, 0.0)	(79.0, 0.0)	(80.0, 0.0)	(81.0, 0.0)	(82.0, 0.0)	(83.0, 0.0)	(84.0, 0.0)	(85.0, 0.0)	(86.0, 0.0)	(87.0, 0.0)	(88.0, 0.0)	(89.0, 0.0)	(90.0, 0.0)	(91.0, 0.0)	(92.0, 0.0)	(93.0, 0.0)	(94.0, 0.0)	(95.0, 0.0)	(96.0, 0.0)	(97.0, 0.0)	(98.0, 0.0)	(99.0, 0.0)	(100.0, 0.0)
SRR19621232_2	(0.0, 0.0)	(1.0, 0.0)	(2.0, 0.0)	(3.0, 0.0)	(4.0, 0.0)	(5.0, 0.0)	(6.0, 0.0)	(7.0, 0.0)	(8.0, 0.0)	(9.0, 0.0)	(10.0, 0.0)	(11.0, 0.0)	(12.0, 0.0)	(13.0, 0.0)	(14.0, 0.0)	(15.0, 0.0)	(16.0, 0.0)	(17.0, 0.0)	(18.0, 0.0)	(19.0, 0.0)	(20.0, 0.0)	(21.0, 0.0)	(22.0, 0.0)	(23.0, 0.0)	(24.0, 0.0)	(25.0, 0.0)	(26.0, 0.0)	(27.0, 0.0)	(28.0, 0.0)	(29.0, 0.0)	(30.0, 0.0)	(31.0, 0.3333333333333333)	(32.0, 0.0)	(33.0, 0.0)	(34.0, 0.0)	(35.0, 0.6666666666666666)	(36.0, 0.0)	(37.0, 2.333333333333333)	(38.0, 3.3333333333333335)	(39.0, 5.499999999999999)	(40.0, 10.500000000000002)	(41.0, 15.000000000000009)	(42.0, 22.166666666666657)	(43.0, 32.16666666666662)	(44.0, 33.66666666666663)	(45.0, 44.666666666666714)	(46.0, 79.99999999999994)	(47.0, 387.6666666666621)	(48.0, 393.66666666666174)	(49.0, 415.6666666666605)	(50.0, 443.9999999999922)	(51.0, 1485.666666666608)	(52.0, 2825.3333333335004)	(53.0, 3701.0000000005653)	(54.0, 3609.0000000005234)	(55.0, 2652.166666666755)	(56.0, 2037.1666666664828)	(57.0, 993.3333333333763)	(58.0, 129.66666666666598)	(59.0, 36.333333333333314)	(60.0, 173.66666666666723)	(61.0, 202.3333333333347)	(62.0, 43.6666666666667)	(63.0, 18.333333333333336)	(64.0, 22.666666666666654)	(65.0, 12.333333333333337)	(66.0, 10.333333333333334)	(67.0, 33.66666666666663)	(68.0, 50.333333333333414)	(69.0, 13.666666666666673)	(70.0, 0.6666666666666666)	(71.0, 0.3333333333333333)	(72.0, 1.0)	(73.0, 1.0)	(74.0, 0.3333333333333333)	(75.0, 0.3333333333333333)	(76.0, 0.6666666666666666)	(77.0, 0.0)	(78.0, 0.0)	(79.0, 0.3333333333333333)	(80.0, 0.0)	(81.0, 0.0)	(82.0, 0.0)	(83.0, 0.0)	(84.0, 0.0)	(85.0, 0.0)	(86.0, 0.0)	(87.0, 0.0)	(88.0, 0.0)	(89.0, 0.0)	(90.0, 0.3333333333333333)	(91.0, 0.0)	(92.0, 0.0)	(93.0, 0.0)	(94.0, 0.0)	(95.0, 0.3333333333333333)	(96.0, 0.3333333333333333)	(97.0, 0.0)	(98.0, 0.0)	(99.0, 0.0)	(100.0, 0.0)
SRR19621233_1	(0.0, 0.0)	(1.0, 0.0)	(2.0, 0.0)	(3.0, 0.0)	(4.0, 0.0)	(5.0, 0.0)	(6.0, 0.0)	(7.0, 0.0)	(8.0, 0.0)	(9.0, 0.0)	(10.0, 0.0)	(11.0, 0.0)	(12.0, 0.0)	(13.0, 0.0)	(14.0, 0.0)	(15.0, 0.0)	(16.0, 0.0)	(17.0, 0.0)	(18.0, 0.0)	(19.0, 0.0)	(20.0, 0.0)	(21.0, 0.0)	(22.0, 0.0)	(23.0, 0.0)	(24.0, 0.0)	(25.0, 0.0)	(26.0, 0.0)	(27.0, 0.0)	(28.0, 0.6666666666666666)	(29.0, 0.0)	(30.0, 0.0)	(31.0, 0.0)	(32.0, 0.3333333333333333)	(33.0, 0.0)	(34.0, 0.0)	(35.0, 0.0)	(36.0, 1.0)	(37.0, 0.6666666666666666)	(38.0, 1.6666666666666665)	(39.0, 4.333333333333333)	(40.0, 17.000000000000007)	(41.0, 20.33333333333333)	(42.0, 24.666666666666647)	(43.0, 37.33333333333332)	(44.0, 50.00000000000008)	(45.0, 48.3333333333334)	(46.0, 105.33333333333292)	(47.0, 132.33333333333272)	(48.0, 161.0000000000002)	(49.0, 353.666666666664)	(50.0, 1139.3333333333535)	(51.0, 1820.3333333331987)	(52.0, 2196.3333333332143)	(53.0, 2495.666666666684)	(54.0, 1867.6666666665212)	(55.0, 3063.3333333336086)	(56.0, 1211.0000000000039)	(57.0, 2243.666666666569)	(58.0, 2034.6666666664833)	(59.0, 222.66666666666862)	(60.0, 110.33333333333285)	(61.0, 54.00000000000011)	(62.0, 32.66666666666662)	(63.0, 35.33333333333331)	(64.0, 52.33333333333343)	(65.0, 29.99999999999996)	(66.0, 35.33333333333331)	(67.0, 66.33333333333347)	(68.0, 106.3333333333329)	(69.0, 139.9999999999996)	(70.0, 65.00000000000016)	(71.0, 32.333333333333286)	(72.0, 9.333333333333332)	(73.0, 2.6666666666666665)	(74.0, 0.0)	(75.0, 0.0)	(76.0, 0.0)	(77.0, 0.0)	(78.0, 0.0)	(79.0, 0.0)	(80.0, 0.0)	(81.0, 0.0)	(82.0, 0.0)	(83.0, 0.0)	(84.0, 0.0)	(85.0, 0.0)	(86.0, 0.0)	(87.0, 0.0)	(88.0, 0.0)	(89.0, 0.0)	(90.0, 0.0)	(91.0, 0.0)	(92.0, 0.0)	(93.0, 0.0)	(94.0, 0.0)	(95.0, 0.0)	(96.0, 0.0)	(97.0, 0.0)	(98.0, 0.0)	(99.0, 0.0)	(100.0, 0.0)
SRR19621233_2	(0.0, 0.0)	(1.0, 0.0)	(2.0, 0.0)	(3.0, 0.0)	(4.0, 0.0)	(5.0, 0.0)	(6.0, 0.0)	(7.0, 0.0)	(8.0, 0.0)	(9.0, 0.0)	(10.0, 0.0)	(11.0, 0.0)	(12.0, 0.0)	(13.0, 0.0)	(14.0, 0.0)	(15.0, 0.0)	(16.0, 0.0)	(17.0, 0.0)	(18.0, 0.0)	(19.0, 0.0)	(20.0, 0.0)	(21.0, 0.0)	(22.0, 0.0)	(23.0, 0.0)	(24.0, 0.0)	(25.0, 0.0)	(26.0, 0.6666666666666666)	(27.0, 0.6666666666666666)	(28.0, 0.0)	(29.0, 0.3333333333333333)	(30.0, 0.3333333333333333)	(31.0, 0.0)	(32.0, 0.0)	(33.0, 0.0)	(34.0, 0.0)	(35.0, 0.0)	(36.0, 1.0)	(37.0, 1.4999999999999998)	(38.0, 2.1666666666666665)	(39.0, 5.999999999999998)	(40.0, 16.666666666666675)	(41.0, 22.49999999999999)	(42.0, 27.49999999999997)	(43.0, 31.666666666666625)	(44.0, 42.00000000000003)	(45.0, 47.66666666666673)	(46.0, 84.83333333333321)	(47.0, 128.66666666666595)	(48.0, 108.83333333333287)	(49.0, 199.5000000000013)	(50.0, 601.4999999999985)	(51.0, 1234.9999999999984)	(52.0, 1653.3333333332366)	(53.0, 2250.6666666665724)	(54.0, 2218.666666666558)	(55.0, 1633.9999999999077)	(56.0, 2531.000000000033)	(57.0, 1939.999999999838)	(58.0, 374.99999999999613)	(59.0, 184.3333333333342)	(60.0, 550.333333333326)	(61.0, 2198.6666666665487)	(62.0, 599.9999999999983)	(63.0, 150.33333333333323)	(64.0, 52.33333333333343)	(65.0, 43.6666666666667)	(66.0, 57.6666666666668)	(67.0, 49.66666666666674)	(68.0, 61.66666666666683)	(69.0, 198.66666666666794)	(70.0, 40.66666666666668)	(71.0, 22.33333333333332)	(72.0, 57.333333333333464)	(73.0, 9.666666666666666)	(74.0, 2.6666666666666665)	(75.0, 0.6666666666666666)	(76.0, 1.3333333333333333)	(77.0, 1.3333333333333333)	(78.0, 0.3333333333333333)	(79.0, 0.0)	(80.0, 0.0)	(81.0, 0.0)	(82.0, 0.0)	(83.0, 0.0)	(84.0, 0.0)	(85.0, 0.0)	(86.0, 0.0)	(87.0, 0.0)	(88.0, 0.0)	(89.0, 0.0)	(90.0, 0.0)	(91.0, 0.0)	(92.0, 0.0)	(93.0, 0.3333333333333333)	(94.0, 0.0)	(95.0, 0.0)	(96.0, 0.0)	(97.0, 0.0)	(98.0, 0.0)	(99.0, 0.0)	(100.0, 0.0)
SRR19621234_1	(0.0, 0.0)	(1.0, 0.0)	(2.0, 0.0)	(3.0, 0.0)	(4.0, 0.0)	(5.0, 0.0)	(6.0, 0.0)	(7.0, 0.0)	(8.0, 0.0)	(9.0, 0.0)	(10.0, 0.0)	(11.0, 0.0)	(12.0, 0.0)	(13.0, 0.0)	(14.0, 0.0)	(15.0, 0.0)	(16.0, 0.0)	(17.0, 0.0)	(18.0, 0.0)	(19.0, 0.0)	(20.0, 0.0)	(21.0, 0.0)	(22.0, 0.0)	(23.0, 0.0)	(24.0, 0.0)	(25.0, 0.0)	(26.0, 0.0)	(27.0, 0.0)	(28.0, 0.0)	(29.0, 0.0)	(30.0, 0.0)	(31.0, 0.0)	(32.0, 0.0)	(33.0, 0.0)	(34.0, 0.0)	(35.0, 0.0)	(36.0, 0.0)	(37.0, 0.6666666666666666)	(38.0, 4.0)	(39.0, 8.666666666666664)	(40.0, 16.333333333333343)	(41.0, 20.999999999999993)	(42.0, 27.333333333333304)	(43.0, 42.33333333333336)	(44.0, 39.333333333333336)	(45.0, 52.00000000000009)	(46.0, 84.99999999999987)	(47.0, 105.66666666666625)	(48.0, 331.33333333333195)	(49.0, 2113.3333333331766)	(50.0, 3120.3333333336345)	(51.0, 2822.0000000001655)	(52.0, 1547.3333333332607)	(53.0, 1481.3333333332757)	(54.0, 914.6666666667007)	(55.0, 1224.6666666666674)	(56.0, 679.3333333333406)	(57.0, 4804.666666666767)	(58.0, 4506.333333333705)	(59.0, 409.66666666666083)	(60.0, 119.33333333333272)	(61.0, 52.33333333333343)	(62.0, 20.66666666666666)	(63.0, 32.333333333333286)	(64.0, 46.66666666666672)	(65.0, 28.3333333333333)	(66.0, 19.333333333333332)	(67.0, 33.66666666666663)	(68.0, 50.00000000000008)	(69.0, 65.33333333333348)	(70.0, 25.999999999999975)	(71.0, 11.000000000000002)	(72.0, 2.333333333333333)	(73.0, 0.0)	(74.0, 0.0)	(75.0, 0.0)	(76.0, 0.0)	(77.0, 0.0)	(78.0, 0.0)	(79.0, 0.0)	(80.0, 0.0)	(81.0, 0.0)	(82.0, 0.0)	(83.0, 0.0)	(84.0, 0.0)	(85.0, 0.0)	(86.0, 0.0)	(87.0, 0.0)	(88.0, 0.0)	(89.0, 0.0)	(90.0, 0.0)	(91.0, 0.0)	(92.0, 0.0)	(93.0, 0.0)	(94.0, 0.0)	(95.0, 0.0)	(96.0, 0.0)	(97.0, 0.0)	(98.0, 0.0)	(99.0, 0.0)	(100.0, 0.0)
SRR19621234_2	(0.0, 0.0)	(1.0, 0.0)	(2.0, 0.0)	(3.0, 0.0)	(4.0, 0.0)	(5.0, 0.0)	(6.0, 0.0)	(7.0, 0.0)	(8.0, 0.0)	(9.0, 0.0)	(10.0, 0.0)	(11.0, 0.0)	(12.0, 0.0)	(13.0, 0.0)	(14.0, 0.0)	(15.0, 0.0)	(16.0, 0.0)	(17.0, 0.0)	(18.0, 0.0)	(19.0, 0.0)	(20.0, 0.0)	(21.0, 0.0)	(22.0, 0.0)	(23.0, 0.0)	(24.0, 0.0)	(25.0, 0.0)	(26.0, 0.0)	(27.0, 0.3333333333333333)	(28.0, 0.6666666666666666)	(29.0, 0.0)	(30.0, 0.3333333333333333)	(31.0, 0.0)	(32.0, 0.3333333333333333)	(33.0, 0.0)	(34.0, 1.0)	(35.0, 1.0)	(36.0, 1.3333333333333333)	(37.0, 1.0)	(38.0, 3.3333333333333335)	(39.0, 6.999999999999997)	(40.0, 16.00000000000001)	(41.0, 27.333333333333304)	(42.0, 31.16666666666662)	(43.0, 40.00000000000001)	(44.0, 48.50000000000007)	(45.0, 42.833333333333364)	(46.0, 59.166666666666806)	(47.0, 94.33333333333309)	(48.0, 244.83333333333593)	(49.0, 1727.1666666665533)	(50.0, 838.166666666692)	(51.0, 1323.4999999999784)	(52.0, 2875.8333333335236)	(53.0, 2628.8333333334112)	(54.0, 1450.666666666616)	(55.0, 1051.0000000000402)	(56.0, 1150.6666666666843)	(57.0, 597.3333333333313)	(58.0, 221.33333333333525)	(59.0, 283.3333333333347)	(60.0, 2126.9999999998495)	(61.0, 4848.333333333394)	(62.0, 1179.6666666666777)	(63.0, 256.6666666666695)	(64.0, 82.33333333333324)	(65.0, 49.66666666666674)	(66.0, 56.00000000000012)	(67.0, 45.33333333333338)	(68.0, 36.333333333333314)	(69.0, 81.99999999999991)	(70.0, 23.66666666666665)	(71.0, 11.333333333333336)	(72.0, 30.666666666666625)	(73.0, 8.666666666666664)	(74.0, 1.3333333333333333)	(75.0, 1.0)	(76.0, 0.3333333333333333)	(77.0, 0.0)	(78.0, 0.0)	(79.0, 0.0)	(80.0, 0.0)	(81.0, 0.3333333333333333)	(82.0, 0.3333333333333333)	(83.0, 0.0)	(84.0, 0.3333333333333333)	(85.0, 0.0)	(86.0, 0.3333333333333333)	(87.0, 0.0)	(88.0, 0.0)	(89.0, 0.3333333333333333)	(90.0, 0.3333333333333333)	(91.0, 0.0)	(92.0, 0.0)	(93.0, 0.0)	(94.0, 0.0)	(95.0, 0.0)	(96.0, 0.3333333333333333)	(97.0, 0.3333333333333333)	(98.0, 0.0)	(99.0, 0.0)	(100.0, 0.5)
