Sample	0	1	2	3	4	5	6	7	8	9	10	11	12	13	14	15	16	17	18	19	20	21	22	23	24	25	26	27	28	29	30	31	32	33	34	35	36	37	38	39	40	41	42	43	44	45	46	47	48	49	50	51	52	53	54	55	56	57
SRR19621115_1	(1, 32.610234449854325)	(2, 32.43374200739133)	(3, 27.90230930173442)	(4, 32.1590504683131)	(5, 31.766566942375004)	(6, 35.10400657007098)	(7, 34.969496099020354)	(8, 32.44995209323243)	(9, 32.55131890264172)	(10, 33.778854539410645)	(15, 37.3287264621341)	(20, 37.5618114624274)	(25, 37.075896052091274)	(30, 38.16839717643378)	(35, 37.411927807434346)	(40, 37.72566042901)	(45, 36.71661484914257)	(50, 37.0880937017266)	(55, 35.87852016972683)	(60, 36.69415537435717)	(65, 36.914745507518425)	(70, 37.29053010304843)	(75, 37.268277898359436)	(80, 36.29478109540291)	(85, 37.298910854304765)	(90, 36.19928824231048)	(95, 35.83528284546645)	(100, 36.53786981091493)	(105, 36.07076122875971)	(110, 36.469900862321815)	(115, 35.76994192526545)	(120, 36.37709078821298)	(125, 35.54736512778397)	(130, 35.8095344244344)	(135, 34.29415928511371)	(140, 35.583480964392564)	(145, 36.119931170684964)	(150, 35.554830762010916)	(155, 34.963270174615275)	(160, 35.29832033006785)	(165, 34.62174380633934)	(170, 34.88502375784596)	(175, 34.67589605209128)	(180, 34.28291194931659)	(185, 34.817473260202185)	(190, 34.85311980602647)	(195, 33.28938425138343)	(200, 32.288711601259266)	(205, 33.960736004380045)	(210, 33.12201560391858)	(215, 33.98354353649713)	(220, 33.93326685047223)	(225, 33.61491171467121)	(230, 32.38982421149372)	(235, 32.25012025576348)	(240, 32.7865780211185)	(245, 32.382042828306965)	(250, 30.158240113222345)
SRR19621115_2	(1, 31.002796190923135)	(2, 30.89757728632604)	(3, 32.133513228133985)	(4, 31.901351166383137)	(5, 32.239651160517)	(6, 36.541248704561895)	(7, 35.629592694706794)	(8, 33.32719344557204)	(9, 34.56543673373614)	(10, 35.51414325101191)	(15, 36.175057194814336)	(20, 35.94417786120725)	(25, 36.74273479204552)	(30, 35.911937584325685)	(35, 36.82466123071508)	(40, 35.31364267417532)	(45, 36.17845173148746)	(50, 34.270178526035856)	(55, 36.257296494006766)	(60, 36.0409808177392)	(65, 35.63807121487652)	(70, 36.24945542715239)	(75, 37.07569269275142)	(80, 37.1801255352848)	(85, 37.13297745448857)	(90, 37.113591834340355)	(95, 37.36098629279834)	(100, 36.16207348311531)	(105, 33.86982655794763)	(110, 36.72072896501828)	(115, 35.081957724721846)	(120, 37.389644316693065)	(125, 35.583778181889286)	(130, 37.123192910786436)	(135, 34.09564707262701)	(140, 34.118146734550464)	(145, 35.03748753348847)	(150, 34.39656608717758)	(155, 33.61413791977136)	(160, 32.73063399688155)	(165, 30.92849433080096)	(170, 32.42982363752822)	(175, 32.32303209277766)	(180, 35.10550525101207)	(185, 32.65655837996765)	(190, 32.295822622457976)	(195, 31.439105381246396)	(200, 32.25968234250747)	(205, 31.48236191519324)	(210, 32.862192927554375)	(215, 32.05468763877565)	(220, 31.877821894498016)	(225, 31.8102044783253)	(230, 29.07119362906699)	(235, 29.530028949221503)	(240, 30.188654812902218)	(245, 32.54896452193603)	(250, 28.362810533306714)
SRR19621116_1	(1, 32.59581323673625)	(2, 32.51962295114776)	(3, 27.98689134828987)	(4, 32.18294074088899)	(5, 31.822222666960194)	(6, 34.73852742810255)	(7, 34.69796065403166)	(8, 32.57019632957752)	(9, 32.5047931634879)	(10, 33.94322652950948)	(15, 37.32290111473572)	(20, 37.57196549722816)	(25, 37.05482818660316)	(30, 38.172429803670425)	(35, 37.49322953149078)	(40, 37.800824544199166)	(45, 36.73765084956071)	(50, 37.15073148277863)	(55, 35.910528949106414)	(60, 36.76849920947826)	(65, 37.05333520123281)	(70, 37.17461124342066)	(75, 37.278663918186005)	(80, 36.32526267336441)	(85, 37.321900454299836)	(90, 36.29990994056077)	(95, 35.93252746812896)	(100, 36.49312546280545)	(105, 36.18962915524246)	(110, 36.50191126143254)	(115, 35.81585846658795)	(120, 36.495234855004306)	(125, 35.557399883923395)	(130, 35.92429003142074)	(135, 34.82279504472952)	(140, 35.756955590689856)	(145, 36.17505153401245)	(150, 35.72330938419357)	(155, 35.29978185602498)	(160, 35.60180118878459)	(165, 34.99432825664939)	(170, 35.32037544779555)	(175, 34.889847299217486)	(180, 34.67708687733904)	(185, 34.99648568054916)	(190, 35.01659495266876)	(195, 33.63516320771709)	(200, 32.756315168010886)	(205, 34.25534853002982)	(210, 33.22556087017431)	(215, 34.085844657473935)	(220, 34.03860948225829)	(225, 33.824996497688474)	(230, 32.2864570616607)	(235, 32.044513378830025)	(240, 33.214847108782386)	(245, 32.50549105985234)	(250, 31.677969725771668)
SRR19621116_2	(1, 31.821222006524305)	(2, 31.86056797486341)	(3, 32.224468148978325)	(4, 32.02155422578902)	(5, 32.28636900354234)	(6, 36.2709988592471)	(7, 35.22610923209318)	(8, 34.010707066664)	(9, 34.591750555366545)	(10, 35.42334740929012)	(15, 36.200008005283486)	(20, 36.067556587347646)	(25, 36.69262513258751)	(30, 36.14981087517762)	(35, 36.70321211999919)	(40, 35.463093641803596)	(45, 36.42293913983228)	(50, 34.83806912562291)	(55, 36.468749374587226)	(60, 36.22585306302159)	(65, 35.49304941261233)	(70, 36.15428182600517)	(75, 36.87418496207497)	(80, 36.99582566282162)	(85, 37.03812192290758)	(90, 37.10778929672177)	(95, 37.38629468038266)	(100, 36.402077412640594)	(105, 33.77353400312212)	(110, 36.31529039747028)	(115, 34.974898931273266)	(120, 37.44096433183891)	(125, 35.47385671419037)	(130, 36.928476578392136)	(135, 34.0551527196616)	(140, 33.90962475121132)	(145, 35.11940113288365)	(150, 34.24587978623326)	(155, 33.84981085246492)	(160, 32.981507919331605)	(165, 31.20569667127044)	(170, 32.873176422816144)	(175, 32.55812799007146)	(180, 34.866501191024284)	(185, 32.7227788919967)	(190, 32.67584978179926)	(195, 31.878791863286512)	(200, 31.96092248558616)	(205, 31.424799807815504)	(210, 32.31986306854581)	(215, 31.738831710104726)	(220, 31.918219253330374)	(225, 31.722842753236968)	(230, 29.15923434246356)	(235, 29.556386322117316)	(240, 29.908669451048713)	(245, 32.19808337060406)	(250, 28.27855434680344)
SRR19621117_1	(1, 32.77720141239853)	(2, 32.561064395180374)	(3, 27.931200174729714)	(4, 31.974081758945797)	(5, 31.781314841105164)	(6, 34.65547304430126)	(7, 34.6887262931819)	(8, 32.661515780277384)	(9, 33.11646827563612)	(10, 34.51210731316661)	(15, 37.35172363583415)	(20, 37.62767645881111)	(25, 37.164413381384)	(30, 38.272076007426016)	(35, 37.56118816206181)	(40, 37.8602708310582)	(45, 36.97925084634706)	(50, 37.27835171635543)	(55, 36.52327909431765)	(60, 37.02857922900513)	(65, 37.13450547850461)	(70, 37.4585126133013)	(75, 37.3787557788213)	(80, 36.48961086236395)	(85, 37.25526919296713)	(90, 36.56754031524153)	(95, 35.94996541807724)	(100, 36.54012959120527)	(105, 36.62636962615121)	(110, 36.98132940191475)	(115, 36.050693458556296)	(120, 36.74550617014306)	(125, 36.017582177569075)	(130, 36.277598194459614)	(135, 35.003523715918604)	(140, 35.81232572531032)	(145, 36.39536602235084)	(150, 36.01896545447927)	(155, 35.49040078628372)	(160, 35.70670889301446)	(165, 35.39757926540716)	(170, 35.68898474755197)	(175, 35.03263441447344)	(180, 34.799381165592806)	(185, 35.00236613155691)	(190, 35.11036001601689)	(195, 33.95142513923774)	(200, 33.29406282989334)	(205, 34.64671107713589)	(210, 33.78971278803101)	(215, 34.654650358559934)	(220, 34.60826689963962)	(225, 34.45893123657676)	(230, 33.192632230352004)	(235, 32.62054166211642)	(240, 33.453292563066505)	(245, 32.90243226986556)	(250, 28.647234224303983)
SRR19621117_2	(1, 31.534927741982454)	(2, 32.0831240216956)	(3, 32.26260420079356)	(4, 31.007098394670745)	(5, 32.27792945287758)	(6, 36.3192457500637)	(7, 35.63042845182192)	(8, 34.582450584252484)	(9, 33.974900804484726)	(10, 35.65708929416475)	(15, 36.080146336136295)	(20, 35.89121619162025)	(25, 36.726795529831456)	(30, 35.9503804011503)	(35, 36.747275308507156)	(40, 35.66734010410978)	(45, 36.19051727276037)	(50, 34.869356776236756)	(55, 36.328328055039854)	(60, 36.14801426959339)	(65, 34.8785264460704)	(70, 36.26410032397801)	(75, 36.98630555858906)	(80, 37.236551272250736)	(85, 37.03310400058243)	(90, 37.17143169160205)	(95, 37.367816970623565)	(100, 36.25172363583415)	(105, 33.855928069600665)	(110, 36.529139820173995)	(115, 34.790524553165156)	(120, 37.21645371482654)	(125, 35.49059735721306)	(130, 37.13074320874979)	(135, 34.36704648876916)	(140, 34.068884924824346)	(145, 35.147431650223886)	(150, 34.556569223488296)	(155, 34.04111183248447)	(160, 32.752428836086025)	(165, 30.351509083627626)	(170, 33.46341455446172)	(175, 32.621943094314894)	(180, 35.135237471101156)	(185, 32.2027405733149)	(190, 32.70580910596931)	(195, 31.764056178609632)	(200, 32.56909885308575)	(205, 32.27859457491353)	(210, 32.20571272528673)	(215, 32.41964318223192)	(220, 31.8494696104347)	(225, 31.326014912537374)	(230, 29.570273782251416)	(235, 29.91676237932806)	(240, 29.766802002730998)	(245, 32.333146090118255)	(250, 27.98675968937514)
SRR19621118_1	(1, 32.628698404967736)	(2, 32.4515859004018)	(3, 27.727961767928893)	(4, 32.16568245464507)	(5, 31.73398879824668)	(6, 35.06313162060149)	(7, 34.78584256666261)	(8, 32.86796846462924)	(9, 32.14043285035919)	(10, 33.890082795568006)	(15, 37.39467612321929)	(20, 37.696694265189336)	(25, 37.31036162181907)	(30, 38.30706197491781)	(35, 37.36896383781809)	(40, 37.929410690368925)	(45, 36.99774138560819)	(50, 37.06123219286498)	(55, 35.58751674175088)	(60, 36.9238219895288)	(65, 37.71437659807622)	(70, 37.91191708267381)	(75, 37.33681358821381)	(80, 36.32922805308657)	(85, 37.34133994886156)	(90, 36.773834165347616)	(95, 36.389145257518564)	(100, 37.64378424449045)	(105, 37.39852976987702)	(110, 37.5139595762815)	(115, 36.29359551929868)	(120, 37.158979666382564)	(125, 36.327267746255934)	(130, 36.098663703884085)	(135, 36.23112748082308)	(140, 36.05449287714599)	(145, 37.10018568123706)	(150, 36.8582795568002)	(155, 36.27982466820894)	(160, 36.303585778643615)	(165, 35.93679228053087)	(170, 35.8361956654085)	(175, 35.67743211981006)	(180, 35.21603859734567)	(185, 35.56604772920979)	(190, 35.446006331425785)	(195, 33.86734749786923)	(200, 33.40489163521247)	(205, 35.014455740898576)	(210, 33.41832460732984)	(215, 34.78340740289784)	(220, 34.50803299646901)	(225, 34.46755448678924)	(230, 33.434156215755515)	(235, 32.99004322415682)	(240, 33.16502191647388)	(245, 33.47266093089026)	(250, 27.14152419889817)
SRR19621118_2	(1, 30.6726987702423)	(2, 30.66467794959211)	(3, 31.707217216607816)	(4, 31.36977961767929)	(5, 31.380768294167783)	(6, 35.59323633264337)	(7, 36.00529648118836)	(8, 35.026604164130035)	(9, 34.95537562401071)	(10, 36.489215268476805)	(15, 36.26542676244978)	(20, 35.65999634725435)	(25, 36.78124315110191)	(30, 36.046045902836966)	(35, 36.82512784609765)	(40, 35.807920370144885)	(45, 36.62531352733471)	(50, 35.19225922318275)	(55, 36.10059965907707)	(60, 36.22028795811518)	(65, 35.90261171313771)	(70, 36.566212102763906)	(75, 37.44318154145867)	(80, 37.641623036649214)	(85, 36.99603068306344)	(90, 37.012629368075)	(95, 37.52028795811518)	(100, 36.17028795811518)	(105, 34.568714233532205)	(110, 37.1770455375624)	(115, 35.332822963594296)	(120, 37.42294837452819)	(125, 34.77686594423475)	(130, 36.84909290149763)	(135, 33.739160477292096)	(140, 34.05605093001598)	(145, 36.18278313014626)	(150, 35.73360424942545)	(155, 35.33745186673363)	(160, 32.5483499733681)	(165, 31.40036238526514)	(170, 34.851360730593605)	(175, 33.214346056109456)	(180, 35.91230039443694)	(185, 34.08085770319643)	(190, 34.43120081586678)	(195, 32.45788836785576)	(200, 33.34707143526297)	(205, 32.622011885010494)	(210, 33.99895576460559)	(215, 34.117219441815465)	(220, 32.79166108506364)	(225, 32.48118796809353)	(230, 30.269811093732223)	(235, 30.99994215253463)	(240, 31.57963160298371)	(245, 32.979073627521366)	(250, 29.67548241622787)
SRR19621119_1	(1, 32.15060861423221)	(2, 32.48323970037453)	(3, 27.79747191011236)	(4, 32.24127652933833)	(5, 31.847721598002497)	(6, 35.24867353308365)	(7, 35.12384519350812)	(8, 32.82510923845194)	(9, 33.18774968789014)	(10, 34.312765293383265)	(15, 37.43675405742822)	(20, 37.66100187265918)	(25, 37.379691011235956)	(30, 38.377571785268415)	(35, 37.508923220973784)	(40, 37.98794943820225)	(45, 37.155009363295875)	(50, 37.216310861423224)	(55, 35.951164169787766)	(60, 37.20104244694132)	(65, 37.58873595505618)	(70, 37.7110174781523)	(75, 37.458236579275905)	(80, 36.776532459425724)	(85, 37.54351123595505)	(90, 36.96964107365793)	(95, 36.66394506866417)	(100, 37.657225343320846)	(105, 37.33645131086142)	(110, 37.642056803995004)	(115, 36.96976903870162)	(120, 37.07211922596754)	(125, 36.43095505617977)	(130, 36.520749063670415)	(135, 36.23843008739076)	(140, 35.8651997503121)	(145, 37.1723127340824)	(150, 36.43606117353308)	(155, 36.13101747815231)	(160, 36.146004993757806)	(165, 35.5830493133583)	(170, 35.55964731585518)	(175, 35.61540574282147)	(180, 34.573938826466915)	(185, 35.39813982521848)	(190, 35.257540574282146)	(195, 33.33514669163546)	(200, 33.32034956304619)	(205, 34.80545255930087)	(210, 33.51103620474407)	(215, 34.6502215980025)	(220, 34.35878277153558)	(225, 34.2510393258427)	(230, 32.873664169787766)	(235, 32.39976903870162)	(240, 32.868938402346444)	(245, 33.5693733892452)	(250, 27.11056518755246)
SRR19621119_2	(1, 31.485096754057427)	(2, 31.999016853932584)	(3, 32.49731585518102)	(4, 30.741011235955057)	(5, 31.238093008739074)	(6, 36.16480961298377)	(7, 35.947066167290885)	(8, 36.319631710362046)	(9, 35.790137328339576)	(10, 35.92518102372035)	(15, 36.37197877652933)	(20, 35.66258739076155)	(25, 37.0545911360799)	(30, 36.21967852684145)	(35, 36.88316167290886)	(40, 35.598870162297125)	(45, 37.0366822721598)	(50, 35.54098938826466)	(55, 36.11846441947566)	(60, 36.31222534332085)	(65, 36.118411360799)	(70, 36.66166354556805)	(75, 37.55624843945069)	(80, 37.556775905118606)	(85, 37.188111735330835)	(90, 37.19079275905119)	(95, 37.59689762796504)	(100, 36.32309300873908)	(105, 34.5510986267166)	(110, 37.100012484394504)	(115, 35.80084709891791)	(120, 37.81178545233227)	(125, 35.81858019007787)	(130, 37.43454921459947)	(135, 34.242033803080666)	(140, 35.170136742328836)	(145, 36.045636431737314)	(150, 36.005688363581704)	(155, 35.93139289894655)	(160, 33.77257276628951)	(165, 31.95358876316816)	(170, 35.50949668357394)	(175, 33.51560071167712)	(180, 36.18316946031151)	(185, 34.69557173628577)	(190, 35.26294382969426)	(195, 33.60601501412451)	(200, 33.636809642540456)	(205, 33.12994872059988)	(210, 34.424067426252535)	(215, 34.20554393631965)	(220, 33.44593101295458)	(225, 33.29218042765725)	(230, 31.092491370887064)	(235, 31.083302116501223)	(240, 32.14546610505314)	(245, 33.444285276680034)	(250, 30.943082979719506)
SRR19621120_1	(1, 32.10561777292179)	(2, 32.46231188460088)	(3, 27.8862657873857)	(4, 32.219612127833926)	(5, 31.84922152417372)	(6, 35.321301752058375)	(7, 35.117844460920125)	(8, 32.90169222564743)	(9, 32.82505430470467)	(10, 34.26293882753866)	(15, 37.444343856089276)	(20, 37.64545726512402)	(25, 37.36642863646415)	(30, 38.35927992611959)	(35, 37.48072735786475)	(40, 37.96926418751057)	(45, 37.07438248722051)	(50, 37.15530495180864)	(55, 35.74080462012721)	(60, 37.01027562076455)	(65, 37.4984846711151)	(70, 37.658742732274554)	(75, 37.36051039918836)	(80, 36.6211781844669)	(85, 37.519662855582)	(90, 36.849187705675)	(95, 36.60455509163513)	(100, 37.52049531093509)	(105, 37.199927160156605)	(110, 37.5265306122449)	(115, 36.71152040165971)	(120, 37.00595725862047)	(125, 36.18891013384321)	(130, 36.42775458175622)	(135, 35.92434801836605)	(140, 35.4655688661698)	(145, 36.90221511166608)	(150, 35.923195587986626)	(155, 35.811118481809544)	(160, 35.83292100779126)	(165, 35.33317984937761)	(170, 35.152053173085676)	(175, 35.16648846919266)	(180, 34.00730479572326)	(185, 35.12333866625043)	(190, 34.96213368712686)	(195, 32.773598158192534)	(200, 32.84094899910251)	(205, 34.43682834510477)	(210, 33.079634760213835)	(215, 34.19869148424188)	(220, 33.90374474837736)	(225, 33.86162510893458)	(230, 32.63771543034039)	(235, 32.360330901002854)	(240, 32.598072640601735)	(245, 33.338587067661436)	(250, 26.93313305951348)
SRR19621120_2	(1, 30.529974896268257)	(2, 32.20534332279757)	(3, 31.80735162133687)	(4, 30.674640028095368)	(5, 31.53794825769696)	(6, 36.00697181358203)	(7, 35.995811709004826)	(8, 35.961850132022214)	(9, 35.74659538767706)	(10, 36.043875599953175)	(15, 36.13584110508448)	(20, 35.49797999505729)	(25, 36.82560320495311)	(30, 35.85782182854022)	(35, 36.741371730336496)	(40, 34.9421287444232)	(45, 36.705102691172065)	(50, 34.97002120159728)	(55, 35.84400827252507)	(60, 36.156306499655315)	(65, 35.859060105877916)	(70, 36.45317048425489)	(75, 37.21699509631769)	(80, 37.30839869408566)	(85, 37.01161015075247)	(90, 36.981287964516596)	(95, 37.442613909808664)	(100, 36.12550565159142)	(105, 33.602232020915444)	(110, 36.82933169531663)	(115, 35.31744797086368)	(120, 37.59321540062435)	(125, 35.23888917793965)	(130, 37.11635835430216)	(135, 33.74471014450255)	(140, 34.47608517501983)	(145, 35.69214412059556)	(150, 35.4760534671424)	(155, 35.41337790901878)	(160, 33.124837068931875)	(165, 31.4618066396087)	(170, 35.14411263761137)	(175, 32.85650058540393)	(180, 35.839837260447744)	(185, 34.23104242282325)	(190, 34.752454207779316)	(195, 32.790019253785715)	(200, 32.825515001799694)	(205, 32.42440318992546)	(210, 33.93220497742855)	(215, 33.972620240155074)	(220, 32.9350488506121)	(225, 32.757354911730644)	(230, 30.460861756897025)	(235, 30.716530495420482)	(240, 31.895747863935505)	(245, 33.31568002687264)	(250, 30.63491117037986)
SRR19621121_1	(1, 32.34373124041176)	(2, 32.500144518309355)	(3, 27.820908464326212)	(4, 32.22173555372746)	(5, 31.856371034084088)	(6, 35.15830313271228)	(7, 34.996576027747516)	(8, 33.04426706983569)	(9, 33.12192898592614)	(10, 34.43428418969696)	(15, 37.43023323031772)	(20, 37.692980856882414)	(25, 37.38360050692576)	(30, 38.37511617048714)	(35, 37.49290526268982)	(40, 37.96715654667942)	(45, 37.144669497743294)	(50, 37.18956800142295)	(55, 36.062903261667074)	(60, 37.17644573893323)	(65, 37.68546590479578)	(70, 37.798363608066346)	(75, 37.50591191053205)	(80, 36.770896235853876)	(85, 37.49962425239567)	(90, 37.036156257642794)	(95, 36.72077283945127)	(100, 37.694892945283144)	(105, 37.435142406118686)	(110, 37.677968739578)	(115, 36.94552771416502)	(120, 37.094034728861416)	(125, 36.47352202236699)	(130, 36.46630055361629)	(135, 36.20743935789403)	(140, 35.58592614002713)	(145, 37.04926517998088)	(150, 36.24842030371079)	(155, 35.93853747470929)	(160, 35.95068145941259)	(165, 35.491918091468975)	(170, 35.378046557129196)	(175, 35.45741156591147)	(180, 34.30506703426196)	(185, 35.208813393512244)	(190, 35.084438713120036)	(195, 33.166809702736956)	(200, 33.26927096071326)	(205, 34.6417680147631)	(210, 33.40158303132712)	(215, 34.45497031816261)	(220, 34.161037863797056)	(225, 34.07497165217778)	(230, 32.79779887498054)	(235, 32.32498388065011)	(240, 32.692384996776134)	(245, 33.450341904967814)	(250, 26.92432149912567)
SRR19621121_2	(1, 31.311781577250596)	(2, 32.407563865975945)	(3, 31.91035418102586)	(4, 30.992173777708608)	(5, 31.188629744091426)	(6, 35.24405807412678)	(7, 34.786446405940815)	(8, 33.66258309802788)	(9, 34.645707806212066)	(10, 35.88705338284012)	(15, 36.25467238810948)	(20, 35.30402205571737)	(25, 36.88672432576651)	(30, 35.93494897392001)	(35, 36.8146919536652)	(40, 35.4411187940503)	(45, 36.812926606932436)	(50, 35.224087867132084)	(55, 35.862378549036166)	(60, 36.07763523578718)	(65, 35.86922649354115)	(70, 36.37132756742335)	(75, 37.42081063654757)	(80, 37.53075571959001)	(85, 36.997082953509576)	(90, 37.01618984127284)	(95, 37.50771522589825)	(100, 36.03789131981502)	(105, 34.06296740190546)	(110, 36.91075732645528)	(115, 35.47427402499222)	(120, 37.575479165740205)	(125, 35.478725485836264)	(130, 37.264543958731714)	(135, 34.16736311977864)	(140, 34.78442621128233)	(145, 35.960789028092854)	(150, 35.87110064662957)	(155, 35.61089737483925)	(160, 33.310117856348676)	(165, 31.230601749107002)	(170, 35.22057862082768)	(175, 33.12041183926705)	(180, 35.87304041675329)	(185, 34.49389343533179)	(190, 34.88295232165095)	(195, 33.185825139210294)	(200, 33.15822991805876)	(205, 32.669301249833204)	(210, 34.049638607806074)	(215, 33.90359168241966)	(220, 33.13433909696174)	(225, 32.87955874830416)	(230, 30.860667660076064)	(235, 30.72149989991771)	(240, 31.76825389764918)	(245, 33.138906217001036)	(250, 30.76000564636425)
SRR19621122_1	(1, 32.70383615760474)	(2, 32.48044495269779)	(3, 27.842291298471775)	(4, 32.187295976712754)	(5, 31.75323838236823)	(6, 35.16563052292338)	(7, 34.929535294729185)	(8, 32.62524170911737)	(9, 32.21781890009356)	(10, 33.73347749246284)	(15, 37.36513151055203)	(20, 37.673304917351075)	(25, 37.22690508368853)	(30, 38.26599438611082)	(35, 37.405393492047)	(40, 37.891514710468854)	(45, 36.94732508576775)	(50, 37.11672315209482)	(55, 35.61501611394116)	(60, 36.90331635305126)	(65, 37.435151263125064)	(70, 37.64266971618672)	(75, 37.18941677929099)	(80, 36.002129119451084)	(85, 37.1059902276744)	(90, 36.587017361472085)	(95, 36.05297848009148)	(100, 37.1091506393596)	(105, 37.017319887722216)	(110, 37.00046990331636)	(115, 36.02331635305125)	(120, 36.550751637384344)	(125, 35.73122361991891)	(130, 35.63009044599231)	(135, 35.51659424056555)	(140, 35.52405031708078)	(145, 36.487921821395155)	(150, 36.12347645285372)	(155, 35.34137852167585)	(160, 35.72642894271754)	(165, 35.04593824721904)	(170, 35.10743320511487)	(175, 35.070107079738015)	(180, 34.67445680424161)	(185, 34.97614305021312)	(190, 34.866717954049285)	(195, 33.481135253144814)	(200, 33.06060089406383)	(205, 34.53238798211872)	(210, 33.14724191703919)	(215, 34.25158540388814)	(220, 33.96339328412517)	(225, 33.75066846865578)	(230, 32.69742800706934)	(235, 32.33637041415581)	(240, 32.80752692643573)	(245, 32.83356041865888)	(250, 27.18142796806073)
SRR19621122_2	(1, 30.768437467512214)	(2, 31.712776795924732)	(3, 32.09009252521052)	(4, 30.989354402744567)	(5, 31.916269882524173)	(6, 35.88759746335378)	(7, 35.916623349620544)	(8, 33.63170807776276)	(9, 34.96180476140971)	(10, 35.92324358041376)	(15, 36.16828360536438)	(20, 35.540280694458886)	(25, 36.74553695810375)	(30, 36.11171223619919)	(35, 36.79232352635409)	(40, 35.71435700176734)	(45, 36.42922964965173)	(50, 34.85299095540077)	(55, 35.87679384551409)	(60, 36.1584946460131)	(65, 35.794352843330906)	(70, 36.39962158228506)	(75, 37.22491319263956)	(80, 37.52662438922965)	(85, 36.96147624493191)	(90, 36.987948851231934)	(95, 37.51094292546003)	(100, 36.06518764944381)	(105, 34.195608691132136)	(110, 36.860775548393796)	(115, 35.207339640295245)	(120, 37.44416228653098)	(125, 34.93163804216742)	(130, 36.66906890672433)	(135, 33.767343119723876)	(140, 34.26241111157317)	(145, 35.56442617905553)	(150, 35.218588089411085)	(155, 34.51990185273752)	(160, 31.8977066162763)	(165, 30.52082345601996)	(170, 34.10855063422749)	(175, 32.54158037013932)	(180, 35.06666626633803)	(185, 33.498051025354755)	(190, 33.676716709310526)	(195, 32.112117408304854)	(200, 32.79864822709784)	(205, 32.23588831291799)	(210, 33.23944347392064)	(215, 33.025189252142084)	(220, 32.15148074203478)	(225, 32.079790311443325)	(230, 29.76350707376157)	(235, 30.18492707028911)	(240, 30.783498336106486)	(245, 32.785191293840796)	(250, 28.747544259712804)
SRR19621123_1	(1, 32.683327299058654)	(2, 32.47471035481535)	(3, 27.74243301955105)	(4, 32.16882693700217)	(5, 31.752516292541635)	(6, 35.00865314989138)	(7, 34.825778421433746)	(8, 32.6506698044895)	(9, 32.12681028240406)	(10, 33.8565640839971)	(15, 37.37175597393194)	(20, 37.67941708906589)	(25, 37.24116944243302)	(30, 38.2894243301955)	(35, 37.42014482259232)	(40, 37.91347574221578)	(45, 36.95228095582911)	(50, 37.18208544532947)	(55, 35.80494931209269)	(60, 36.95362780593773)	(65, 37.50072773352643)	(70, 37.66128530050688)	(75, 37.32477190441709)	(80, 36.2738377986966)	(85, 37.273971759594495)	(90, 36.73551774076756)	(95, 36.344257784214335)	(100, 37.262722664735705)	(105, 37.093218682114404)	(110, 37.237005792903695)	(115, 36.32611875452571)	(120, 36.77321506154961)	(125, 36.04932657494569)	(130, 35.966162201303405)	(135, 35.76426502534396)	(140, 35.570981173063004)	(145, 36.53941708906589)	(150, 36.19511585807386)	(155, 35.54242215785663)	(160, 35.799974656046345)	(165, 35.285401882693705)	(170, 35.38355177407676)	(175, 35.17667632150615)	(180, 34.69713251267198)	(185, 35.08789283128168)	(190, 35.05223026792179)	(195, 33.52577842143374)	(200, 33.131911658218684)	(205, 34.61515568428675)	(210, 33.35899348298335)	(215, 34.35689355539464)	(220, 34.087266473569876)	(225, 33.99336712527155)	(230, 32.84360246198408)	(235, 32.38539102099928)	(240, 32.85106082548877)	(245, 32.97618391734591)	(250, 27.089872852114155)
SRR19621123_2	(1, 31.53095582910934)	(2, 32.1127262853005)	(3, 32.48423244026068)	(4, 31.600814627081824)	(5, 31.901991310644462)	(6, 35.68048515568429)	(7, 35.656824764663284)	(8, 33.16775887038378)	(9, 34.39380883417813)	(10, 36.44502534395366)	(15, 36.330036205648085)	(20, 35.35763939174512)	(25, 36.71051412020275)	(30, 36.1065640839971)	(35, 36.84297610427226)	(40, 35.656915278783494)	(45, 36.5411151339609)	(50, 35.20624547429399)	(55, 36.042194062273715)	(60, 36.27118392469225)	(65, 35.87899348298335)	(70, 36.415880084722744)	(75, 37.25642028277123)	(80, 37.559423595648)	(85, 37.053321023190136)	(90, 37.11232643603251)	(95, 37.53905030865874)	(100, 36.19301218342113)	(105, 34.390789116385164)	(110, 37.00097032893427)	(115, 35.245663389996196)	(120, 37.52955339524611)	(125, 35.30783685439635)	(130, 36.906611390709294)	(135, 34.054455266302185)	(140, 34.619370723052974)	(145, 35.5381548933705)	(150, 35.31391795503096)	(155, 34.80951310306982)	(160, 32.50683629171955)	(165, 31.186642527382997)	(170, 34.611431896132004)	(175, 32.66885251837636)	(180, 35.41383955244147)	(185, 33.89113417072233)	(190, 33.99489409537092)	(195, 32.641636037732425)	(200, 33.11890704356338)	(205, 32.7546876697447)	(210, 33.53049429657795)	(215, 33.27393083469129)	(220, 32.555107731305455)	(225, 32.47411551692921)	(230, 30.332180203645503)	(235, 30.511279859827834)	(240, 31.240863330194827)	(245, 33.15680558426964)	(250, 29.438507990869454)
SRR19621124_1	(1, 32.63597858089843)	(2, 32.47700545808296)	(3, 27.833192720260335)	(4, 32.19550956455862)	(5, 31.753938600871226)	(6, 35.32634859415624)	(7, 34.990874498527866)	(8, 32.55007834156924)	(9, 31.912601800995198)	(10, 33.518528211573894)	(15, 37.377809535288144)	(20, 37.68901668417156)	(25, 37.142516227896486)	(30, 38.207024914340806)	(35, 37.35174159334699)	(40, 37.858079512388294)	(45, 36.80219356393877)	(50, 37.04470462645707)	(55, 35.16757864288297)	(60, 36.64221835775409)	(65, 37.22829938531999)	(70, 37.595451023605776)	(75, 36.88511510184404)	(80, 35.62110229170612)	(85, 36.99907023192547)	(90, 36.38274419325402)	(95, 35.60599528228792)	(100, 36.97570894815682)	(105, 36.89460562337506)	(110, 36.77637700373629)	(115, 35.50778422493501)	(120, 36.19249298369463)	(125, 35.24282787238072)	(130, 35.306520429070744)	(135, 35.18561614352865)	(140, 35.718900118803695)	(145, 36.53385905404707)	(150, 36.044966338952115)	(155, 35.26299695242686)	(160, 35.69790457824687)	(165, 34.9969214345977)	(170, 35.0804972537406)	(175, 35.092859725546234)	(180, 34.79720725219098)	(185, 34.93256770949913)	(190, 34.75933125570344)	(195, 33.40416329482257)	(200, 32.93893834260231)	(205, 34.65498028547323)	(210, 32.91748480517915)	(215, 34.175963773480944)	(220, 33.8288847948484)	(225, 33.781445961535155)	(230, 32.729151672721635)	(235, 32.59527540074726)	(240, 32.88292613898814)	(245, 32.77129550759579)	(250, 27.137267780994854)
SRR19621124_2	(1, 31.68348284233544)	(2, 31.951944764889202)	(3, 32.53139689044233)	(4, 31.528796983419134)	(5, 32.5991838702457)	(6, 36.5339451436836)	(7, 36.09943353019163)	(8, 32.72162055131803)	(9, 35.30532550491572)	(10, 36.33957540591264)	(15, 36.14416226174693)	(20, 35.65700511372441)	(25, 36.54946193977169)	(30, 36.131214380412885)	(35, 36.72785344100278)	(40, 35.561690111744355)	(45, 36.51002599907024)	(50, 35.01931162726631)	(55, 36.03194269873792)	(60, 36.382317188656835)	(65, 36.00915993732674)	(70, 36.59167341035486)	(75, 37.30693706217765)	(80, 37.56569096731981)	(85, 36.9594786321843)	(90, 37.030892937084616)	(95, 37.55024622059989)	(100, 36.22994937842212)	(105, 34.24641000034437)	(110, 36.78836736802232)	(115, 35.222531767622854)	(120, 37.337749929728204)	(125, 34.54233861941905)	(130, 36.33555973113936)	(135, 33.58385761286638)	(140, 33.940670202507235)	(145, 35.14856385177022)	(150, 35.01808820237296)	(155, 34.32682968830722)	(160, 31.222263216592303)	(165, 30.17100346139937)	(170, 34.11682324479703)	(175, 31.592917354911396)	(180, 34.80075793561856)	(185, 33.041319325464464)	(190, 33.138437160916965)	(195, 31.422538364823204)	(200, 32.311747989183786)	(205, 31.930099840913744)	(210, 32.74612284267457)	(215, 32.55317096696407)	(220, 31.600289365806606)	(225, 31.829518757104967)	(230, 29.55227448886439)	(235, 30.21541353204727)	(240, 31.20785307572431)	(245, 32.63404654496021)	(250, 28.358569017893576)
SRR19621125_1	(1, 32.587502313244094)	(2, 32.471577940904325)	(3, 27.934766516562828)	(4, 32.09582999198076)	(5, 31.77185244587009)	(6, 34.91323792486583)	(7, 34.762815372278084)	(8, 32.63430695206958)	(9, 32.29191598297452)	(10, 33.936061933255196)	(15, 37.363811609401026)	(20, 37.61712109061748)	(25, 37.24981494047252)	(30, 38.27394670285609)	(35, 37.439756955153904)	(40, 37.889106162482264)	(45, 36.922463142310775)	(50, 37.14302017148849)	(55, 35.87230584171242)	(60, 37.14238171611869)	(65, 37.622299673061505)	(70, 37.85264943556844)	(75, 37.27947998272778)	(80, 36.28843994818333)	(85, 37.32994263154648)	(90, 36.860856825612245)	(95, 36.561412004194686)	(100, 37.55587563999753)	(105, 37.334735673308245)	(110, 37.515554253284805)	(115, 36.39023810992536)	(120, 37.09674603664179)	(125, 36.33858799580532)	(130, 36.204607982234286)	(135, 35.9828943310098)	(140, 35.63723706125471)	(145, 36.799269014866454)	(150, 36.35415458639195)	(155, 35.95814570353464)	(160, 36.13273394608599)	(165, 35.574282894331006)	(170, 35.424153352661776)	(175, 35.26875578311024)	(180, 34.68376719511443)	(185, 35.27704953426685)	(190, 35.252535315526494)	(195, 33.36539695268645)	(200, 33.08425143421134)	(205, 34.58944852260811)	(210, 33.28166985380297)	(215, 34.40042563691321)	(220, 34.06977669483684)	(225, 33.9711091234347)	(230, 32.709872925791124)	(235, 32.44088273394608)	(240, 33.05951097634816)	(245, 33.11406765614746)	(250, 30.55816681260147)
SRR19621125_2	(1, 32.34471963481587)	(2, 32.32715440133243)	(3, 32.40643698723089)	(4, 31.329760656344458)	(5, 31.739050644624022)	(6, 36.3022484732589)	(7, 36.000354697427674)	(8, 35.15339892665474)	(9, 35.297406082289804)	(10, 36.186657208068596)	(15, 36.29560175189686)	(20, 35.8896397507865)	(25, 36.96711492196657)	(30, 36.17449879711307)	(35, 36.84339954351983)	(40, 35.85218061809882)	(45, 36.71607550428722)	(50, 35.4093393374869)	(55, 36.3777589291222)	(60, 36.20598359138856)	(65, 35.79352908518907)	(70, 36.620902473629016)	(75, 37.25114120041947)	(80, 37.42245697365986)	(85, 37.00931466288323)	(90, 37.126179754487694)	(95, 37.4888316575165)	(100, 36.31468755783111)	(105, 34.51129342987743)	(110, 37.04744281666383)	(115, 35.23028676352625)	(120, 37.56266942594955)	(125, 35.20627512022162)	(130, 36.828786856243326)	(135, 33.841811900428766)	(140, 34.7009778216478)	(145, 35.99741858784212)	(150, 35.48866233786264)	(155, 35.26882489936302)	(160, 33.07570284207309)	(165, 32.46436845433653)	(170, 34.846573426437075)	(175, 33.27059476801579)	(180, 35.96404149181457)	(185, 33.98958171116674)	(190, 34.57619307465917)	(195, 32.71668157837904)	(200, 33.105047722813936)	(205, 32.8412651836104)	(210, 33.563272423527216)	(215, 33.60725713139666)	(220, 32.59716782778557)	(225, 32.50510156828277)	(230, 30.292262832281654)	(235, 30.862871270331915)	(240, 31.316935615443327)	(245, 32.724872862519206)	(250, 29.28508231549854)
SRR19621126_1	(1, 32.56291368589958)	(2, 32.52500501437454)	(3, 27.89555057832453)	(4, 32.14063649127499)	(5, 31.864394597847163)	(6, 34.124623921909475)	(7, 34.44935481714248)	(8, 32.5387611151969)	(9, 32.27371799157585)	(10, 34.04573109580799)	(15, 37.28069800093601)	(20, 37.60091595908271)	(25, 37.47313966704553)	(30, 38.32646921174032)	(35, 37.653830982148826)	(40, 38.005987163201176)	(45, 37.090265427559004)	(50, 37.36271979675068)	(55, 36.488242963161056)	(60, 37.53883465935682)	(65, 37.94912081299726)	(70, 37.91809186334157)	(75, 37.67674667379823)	(80, 36.92873570903256)	(85, 37.609684428695594)	(90, 37.33313164404627)	(95, 37.094283613024)	(100, 37.87239753961356)	(105, 37.49126161663435)	(110, 37.7692585411513)	(115, 36.9916527378485)	(120, 37.504516280002676)	(125, 36.97294577789664)	(130, 36.38520090927325)	(135, 36.81611285685632)	(140, 36.366697867219365)	(145, 37.32602794678077)	(150, 36.94849234472153)	(155, 36.67559002473759)	(160, 36.77772614829176)	(165, 36.53219228454903)	(170, 36.313695928327874)	(175, 36.21935548572574)	(180, 35.58665507788995)	(185, 36.07282543290766)	(190, 36.22320318245637)	(195, 34.287540950725415)	(200, 34.27325666911814)	(205, 35.52910677274855)	(210, 34.48444206725948)	(215, 35.3129203717323)	(220, 34.89741592565353)	(225, 34.70713712642909)	(230, 33.437166544093074)	(235, 33.12705422210336)	(240, 34.10177508858728)	(245, 33.516356670857206)	(250, 32.52206710623204)
SRR19621126_2	(1, 31.518152035836064)	(2, 32.50270776225179)	(3, 31.466754696797487)	(4, 29.795614093735374)	(5, 32.13811258942301)	(6, 34.29150230661229)	(7, 34.881393327538945)	(8, 31.421224175971115)	(9, 34.11390987497493)	(10, 35.44428027010765)	(15, 36.40848097880591)	(20, 35.82323326870362)	(25, 36.9991007554991)	(30, 36.393076820217956)	(35, 36.988834659356826)	(40, 36.37058902186267)	(45, 37.38399077355085)	(50, 36.13249648993782)	(55, 36.37184595841412)	(60, 36.561225513137664)	(65, 35.93490673263354)	(70, 35.82407881343023)	(75, 37.456984304745355)	(80, 37.179236799438385)	(85, 36.98278703595367)	(90, 37.24573520316913)	(95, 37.62445718488308)	(100, 36.64436792752436)	(105, 34.731355408093336)	(110, 36.6523509452254)	(115, 35.87217477058853)	(120, 37.87040633827536)	(125, 35.95832985107059)	(130, 37.03807151095261)	(135, 34.781131633932304)	(140, 35.07034790387225)	(145, 35.895716241791334)	(150, 35.84110739320716)	(155, 35.931278315759414)	(160, 34.1145952090403)	(165, 32.666356497389344)	(170, 34.971325834684386)	(175, 33.29863049266728)	(180, 36.18035123612015)	(185, 34.705593821051224)	(190, 34.83680954928447)	(195, 33.790736132242614)	(200, 32.90793459725148)	(205, 32.8629484736015)	(210, 32.867589527535365)	(215, 32.861574453775795)	(220, 33.17133399093843)	(225, 32.490241251901764)	(230, 30.932710280373833)	(235, 30.41607342885326)	(240, 30.847130222526875)	(245, 31.86994338223696)	(250, 29.821676131438252)
SRR19621127_1	(1, 32.652562767755036)	(2, 32.48345252521804)	(3, 27.861270887026574)	(4, 32.17699568178327)	(5, 31.779310109406204)	(6, 35.309375480038916)	(7, 34.9178002696752)	(8, 32.834200959224425)	(9, 32.28466094318046)	(10, 33.8491047807609)	(15, 37.3931318165526)	(20, 37.61203297547321)	(25, 37.27304784174504)	(30, 38.27246411442421)	(35, 37.38255303896636)	(40, 37.91049514413968)	(45, 36.79656249466623)	(50, 37.00113331854102)	(55, 35.44517571557801)	(60, 36.81070849476864)	(65, 37.63886395057093)	(70, 37.90879175271809)	(75, 37.16074007066173)	(80, 36.26668145897695)	(85, 37.439055112734465)	(90, 36.66657563706498)	(95, 36.43101606103535)	(100, 37.58326648346959)	(105, 37.30119305671713)	(110, 37.45478502790626)	(115, 36.25404086091246)	(120, 37.08611514106743)	(125, 36.122470088241826)	(130, 36.14881291710047)	(135, 35.885432419054766)	(140, 35.2624042055676)	(145, 36.86354093771869)	(150, 36.28853539060233)	(155, 35.8316817149977)	(160, 35.97225417740532)	(165, 35.341958388093325)	(170, 35.100496680264214)	(175, 35.203509191145095)	(180, 34.25725648159211)	(185, 35.11801532710918)	(190, 35.09594975165986)	(195, 33.12783969687142)	(200, 32.809209919950845)	(205, 34.30194746454113)	(210, 32.78127976241274)	(215, 34.0677465053167)	(220, 33.71797095017836)	(225, 33.80821655942242)	(230, 32.657328167403435)	(235, 32.576442676953015)	(240, 32.7463474781923)	(245, 33.17641208415296)	(250, 28.569494662154533)
SRR19621127_2	(1, 32.34229974909966)	(2, 32.274624929594296)	(3, 32.56776869378211)	(4, 30.74543002952773)	(5, 31.946577002509002)	(6, 36.21608151700831)	(7, 36.34468927614399)	(8, 36.136715083036066)	(9, 35.758999129529435)	(10, 36.03414975507348)	(15, 36.168355834713)	(20, 35.474232364437015)	(25, 36.850459983956036)	(30, 35.98797043813685)	(35, 36.91632559012784)	(40, 35.55408694464832)	(45, 36.76579562716551)	(50, 35.2799023707522)	(55, 36.04417552782946)	(60, 36.35218215023298)	(65, 36.04810459301234)	(70, 36.55131850688696)	(75, 37.39923193773576)	(80, 37.76557032890133)	(85, 37.131355715236644)	(90, 37.14713683455939)	(95, 37.657809486422366)	(100, 36.23532126452781)	(105, 34.3084044514235)	(110, 37.28199631323821)	(115, 35.28781359101792)	(120, 37.47223445474252)	(125, 35.05795142267056)	(130, 37.01204901372078)	(135, 34.22973416492787)	(140, 34.773450088761436)	(145, 36.3080138705874)	(150, 35.97567171438453)	(155, 35.45469040749782)	(160, 33.16195852163659)	(165, 32.14155592072628)	(170, 35.05844341667819)	(175, 33.16868523039626)	(180, 36.16320486347034)	(185, 34.74995719991599)	(190, 34.900669643538734)	(195, 32.834029983266745)	(200, 33.44640917938736)	(205, 33.172758938633336)	(210, 34.26424508848732)	(215, 34.28404468112308)	(220, 33.376675467645114)	(225, 33.10845209236065)	(230, 31.323645496117155)	(235, 31.539831955734677)	(240, 32.12077816774665)	(245, 33.572389510189126)	(250, 30.745348401654656)
SRR19621128_1	(1, 32.52380375948951)	(2, 32.45722586335103)	(3, 27.86661939924257)	(4, 32.16729209538797)	(5, 31.761011292302904)	(6, 35.251232123402566)	(7, 34.9136043716603)	(8, 32.67281719611946)	(9, 32.479430024037214)	(10, 33.75315337126256)	(15, 37.38036557317517)	(20, 37.68146367613745)	(25, 37.15415982153665)	(30, 38.237501513134006)	(35, 37.35524927801892)	(40, 37.85938748335552)	(45, 36.72427412800249)	(50, 36.96780050841303)	(55, 35.30703304684663)	(60, 36.59597074031162)	(65, 37.40030435609664)	(70, 37.64671520224117)	(75, 37.06440244176596)	(80, 36.12459231846715)	(85, 37.34295398343335)	(90, 36.48966053919449)	(95, 36.02176491950127)	(100, 37.277939370882116)	(105, 36.921133726459956)	(110, 37.02342158507271)	(115, 35.93510643816902)	(120, 36.66771577290884)	(125, 35.8195652549847)	(130, 35.78800906151106)	(135, 35.583775744894254)	(140, 35.62859218012347)	(145, 36.84791187507566)	(150, 36.460037698652876)	(155, 35.73774534387051)	(160, 35.889314679993774)	(165, 35.17818320161863)	(170, 35.322548290590895)	(175, 35.23652619018797)	(180, 34.73127085963305)	(185, 35.12718972106455)	(190, 34.92968682449374)	(195, 33.33247099105954)	(200, 32.89417746035589)	(205, 34.42703927231224)	(210, 32.94013523094748)	(215, 34.230902519584276)	(220, 33.99166133467065)	(225, 34.06900928631954)	(230, 32.707167931934904)	(235, 32.370572361288374)	(240, 32.88326688749019)	(245, 33.036094926288435)	(250, 27.72434460893118)
SRR19621128_2	(1, 31.608902415826517)	(2, 32.042021892887405)	(3, 32.45319660366265)	(4, 31.404171061960675)	(5, 31.822262956750308)	(6, 35.76799764815743)	(7, 35.199111141854154)	(8, 34.59171321355076)	(9, 34.8637487678766)	(10, 35.58498971068879)	(15, 36.14709045947395)	(20, 35.37585211060578)	(25, 36.58313590537293)	(30, 35.85779307244021)	(35, 36.755159354626734)	(40, 35.51084787383056)	(45, 36.58169713109793)	(50, 35.16932920608021)	(55, 36.11542013246408)	(60, 36.29010669756342)	(65, 35.8989434001418)	(70, 36.531160184688815)	(75, 37.30070036488145)	(80, 37.656838501046224)	(85, 37.08875092949661)	(90, 37.00430248845695)	(95, 37.51761633838864)	(100, 36.166060836633406)	(105, 34.36555523606939)	(110, 37.04251374814097)	(115, 34.97160100992634)	(120, 37.37618677042802)	(125, 34.949935730194646)	(130, 36.88730976757056)	(135, 33.86865431246768)	(140, 34.125685725156515)	(145, 35.99315831344471)	(150, 35.586852527628366)	(155, 35.11211494788982)	(160, 32.72454167126794)	(165, 31.264458032261057)	(170, 34.48099693861667)	(175, 33.33228635176505)	(180, 35.62347274736207)	(185, 33.86441273009517)	(190, 34.02105903211186)	(195, 32.45153140424459)	(200, 33.32159142016952)	(205, 32.75479596602605)	(210, 33.86695843207805)	(215, 33.40911968724593)	(220, 32.62925768679294)	(225, 32.66252969119675)	(230, 30.633045438278735)	(235, 30.82318995287547)	(240, 31.77560787421702)	(245, 33.26911784587611)	(250, 29.655616487874916)
SRR19621129_1	(1, 32.604418033845754)	(2, 32.53401369332128)	(3, 27.97710890065883)	(4, 32.17232915643974)	(5, 31.912491926107737)	(6, 35.01240149851441)	(7, 34.986823407828446)	(8, 32.60338457563622)	(9, 32.71566981010206)	(10, 34.14544374111872)	(15, 37.35645007105025)	(20, 37.624348275416615)	(25, 37.280196357059815)	(30, 38.328407182534555)	(35, 37.54021444257848)	(40, 37.93516599922491)	(45, 37.073670068466605)	(50, 37.364655729233945)	(55, 36.316832450587775)	(60, 37.24190156310554)	(65, 37.672125048443355)	(70, 37.70466348017052)	(75, 37.60148817982173)	(80, 36.895460534814625)	(85, 37.50125306807906)	(90, 37.03781940317789)	(95, 36.8173982689575)	(100, 37.43837230331999)	(105, 37.1512517762563)	(110, 37.58876630926237)	(115, 36.82232269732592)	(120, 37.13071696163287)	(125, 36.561508848985916)	(130, 36.49449425138871)	(135, 36.21928433018989)	(140, 35.98894716444904)	(145, 37.0202816173621)	(150, 36.52721353830255)	(155, 36.182260689833356)	(160, 36.28933729492313)	(165, 35.92608706885415)	(170, 35.848200490892644)	(175, 35.706379020798344)	(180, 35.179382508719804)	(185, 35.68879989665418)	(190, 35.61015889419972)	(195, 33.98173879343754)	(200, 33.591008913577056)	(205, 35.24203591267278)	(210, 34.15914222968608)	(215, 34.95516341557938)	(220, 34.73632347241958)	(225, 34.67072471256944)	(230, 33.247037850406926)	(235, 32.59508590621367)	(240, 33.55105541919649)	(245, 33.273650300200266)	(250, 30.455985685562467)
SRR19621129_2	(1, 30.943185634930888)	(2, 31.89706756233045)	(3, 32.151298281875725)	(4, 32.222090169228785)	(5, 31.805167291047667)	(6, 35.907996382896265)	(7, 35.87247125694355)	(8, 34.35517375016148)	(9, 34.75284846919003)	(10, 36.035395943676534)	(15, 36.46755199586617)	(20, 35.95562847177367)	(25, 36.965591008913584)	(30, 36.371693579640876)	(35, 36.9639994832709)	(40, 35.94476682599147)	(45, 36.932287818111355)	(50, 35.678914868879986)	(55, 36.2461025707273)	(60, 36.34993928433018)	(65, 35.81665934633769)	(70, 36.42741764629893)	(75, 37.46911768505361)	(80, 37.441586358351636)	(85, 37.18910735047152)	(90, 37.235556129699006)	(95, 37.559875985014855)	(100, 36.41404469706756)	(105, 34.42838909701589)	(110, 36.92766825991474)	(115, 35.629159023381995)	(120, 37.73812417829204)	(125, 35.971315626291855)	(130, 37.30518809425382)	(135, 34.4535334315853)	(140, 34.85867245433171)	(145, 35.99555073250135)	(150, 35.46687336898948)	(155, 35.41075885590264)	(160, 33.85560292483787)	(165, 32.196207012376306)	(170, 34.68995168333204)	(175, 33.236622484045164)	(180, 35.990326331292145)	(185, 34.208464460119366)	(190, 34.50208510968142)	(195, 33.19369524235958)	(200, 33.29533333333334)	(205, 32.88259948320414)	(210, 33.33422739018088)	(215, 33.60791214470284)	(220, 32.99070777022662)	(225, 32.57713495945767)	(230, 30.596562952243126)	(235, 30.771428571428572)	(240, 31.436344841844118)	(245, 33.242038735781236)	(250, 29.83464072158334)
SRR19621130_1	(1, 32.654053896661665)	(2, 32.523941939522764)	(3, 27.98239841600303)	(4, 32.0321021445106)	(5, 31.821203430052265)	(6, 34.5733981685035)	(7, 34.776799103178185)	(8, 32.57272846390146)	(9, 32.85615909851937)	(10, 34.309592790484366)	(15, 37.33031869203779)	(20, 37.57352628590563)	(25, 37.23040167717327)	(30, 38.22851194549187)	(35, 37.57642348624922)	(40, 37.829510678876645)	(45, 37.012342946991424)	(50, 37.34388166610857)	(55, 36.219846550293354)	(60, 36.81592149897361)	(65, 37.15022056575479)	(70, 37.425288628124676)	(75, 37.51144175753782)	(80, 36.66345305516328)	(85, 37.298938663793734)	(90, 36.552366532240455)	(95, 36.29199411824654)	(100, 36.671643833622085)	(105, 36.227370535909266)	(110, 36.9529925604554)	(115, 35.980208773130286)	(120, 36.49972483876134)	(125, 35.96424359776959)	(130, 36.15069809425364)	(135, 35.153950529212224)	(140, 35.66456243539535)	(145, 36.42302910303259)	(150, 36.032163291452534)	(155, 35.765987741494015)	(160, 35.94836577518307)	(165, 35.77647007439545)	(170, 35.883689781181296)	(175, 35.17744260194796)	(180, 34.97767554267911)	(185, 35.36177151426034)	(190, 35.58161224103542)	(195, 33.981586035203165)	(200, 33.39439777541601)	(205, 35.106640266717136)	(210, 34.054516866364814)	(215, 34.89164761890896)	(220, 34.717483657751835)	(225, 34.4903227685006)	(230, 33.0508917262364)	(235, 32.682382401327764)	(240, 33.890144735239616)	(245, 32.76099242554113)	(250, 31.781696379336072)
SRR19621130_2	(1, 31.447464585729467)	(2, 32.439588277257705)	(3, 31.78148703539243)	(4, 30.47588335492888)	(5, 31.454380013685267)	(6, 34.68285119454919)	(7, 34.96284595338274)	(8, 31.447260762589718)	(9, 32.54049529022959)	(10, 35.32266367726062)	(15, 36.102083363664164)	(20, 35.787913287812835)	(25, 36.739755703408214)	(30, 36.0761075603826)	(35, 36.69406146723543)	(40, 35.60501987275613)	(45, 36.53790382459563)	(50, 35.49255608776042)	(55, 36.27927846608528)	(60, 36.39436574606549)	(65, 35.057006420428905)	(70, 35.89938707470118)	(75, 37.14511042846535)	(80, 37.110702170716436)	(85, 36.97356705053359)	(90, 37.19982820621078)	(95, 37.44527203109759)	(100, 36.331457189861254)	(105, 33.79458995151921)	(110, 36.51516007395868)	(115, 35.21634952756708)	(120, 37.42432774760872)	(125, 35.70403133052834)	(130, 37.13669743470285)	(135, 34.562439392436644)	(140, 33.995591221093264)	(145, 35.081992894997384)	(150, 34.521416923883294)	(155, 34.33428438952858)	(160, 33.501984479419946)	(165, 31.189874929019673)	(170, 33.32204831030416)	(175, 32.62812422649641)	(180, 35.529695257786)	(185, 32.73245584659513)	(190, 32.702438811316085)	(195, 31.725049299184604)	(200, 32.33088901545135)	(205, 32.067742217303945)	(210, 31.921852703922657)	(215, 32.543625163796676)	(220, 32.273493207083746)	(225, 31.418082271568984)	(230, 30.291124391793552)	(235, 30.325100224595865)	(240, 30.27214738530761)	(245, 32.31040479918513)	(250, 28.902773987280987)
SRR19621131_1	(1, 32.62048211129396)	(2, 32.50444932041202)	(3, 27.874154324373745)	(4, 32.18874565734138)	(5, 31.781175717681478)	(6, 35.12957883830072)	(7, 34.9395837142683)	(8, 32.8490126165661)	(9, 32.86615469007131)	(10, 34.14413360151155)	(15, 37.3577832632413)	(20, 37.63000548546352)	(25, 37.21596269884805)	(30, 38.273422929237526)	(35, 37.456079722069845)	(40, 37.9015389772658)	(45, 36.90942280733833)	(50, 37.19455110623515)	(55, 35.78490278539648)	(60, 36.88676784299385)	(65, 37.503309562991404)	(70, 37.69201560309624)	(75, 37.34947278600597)	(80, 36.51473761199488)	(85, 37.38370207838118)	(90, 36.63618882184433)	(95, 36.3857408423234)	(100, 37.336130919729385)	(105, 37.030145669531294)	(110, 37.30834704699213)	(115, 36.32749740964223)	(120, 37.0073474736393)	(125, 36.158359236911075)	(130, 36.09288718230024)	(135, 35.841884561467666)	(140, 35.948180654598644)	(145, 36.883488754799785)	(150, 36.63181264094594)	(155, 36.0207076247943)	(160, 36.11830925824343)	(165, 35.63098067897848)	(170, 35.59512403242519)	(175, 35.51890351679161)	(180, 35.06082160053636)	(185, 35.48298287316389)	(190, 35.33483574084232)	(195, 33.79569086365576)	(200, 33.175196562442856)	(205, 34.88220271835193)	(210, 33.575303224233565)	(215, 34.635390382153965)	(220, 34.45879197903334)	(225, 34.351033095629916)	(230, 32.966008411044065)	(235, 32.72968854757116)	(240, 33.35576687276067)	(245, 33.266375989037314)	(250, 30.17790443984829)
SRR19621131_2	(1, 31.7281800451027)	(2, 32.042055220332784)	(3, 32.4479185713415)	(4, 30.346757481562747)	(5, 31.96538063021881)	(6, 36.49582495276407)	(7, 36.03955628695069)	(8, 34.18077649783629)	(9, 35.50466264399342)	(10, 35.99433168769428)	(15, 36.429597123179136)	(20, 36.056634363381484)	(25, 36.94441701712684)	(30, 36.31442676906198)	(35, 36.96200402267325)	(40, 36.00191076979338)	(45, 36.915868226976286)	(50, 35.61334491375632)	(55, 36.375562260010966)	(60, 36.48018223928811)	(65, 36.05894435302006)	(70, 36.613795940756994)	(75, 37.55801182422137)	(80, 37.73238556713598)	(85, 37.30070092033888)	(90, 37.29051319558725)	(95, 37.64115316633144)	(100, 36.42649174132991)	(105, 34.81362703479873)	(110, 37.202115047619046)	(115, 35.65446095238095)	(120, 37.66590171428571)	(125, 35.72378209523809)	(130, 37.31071695238095)	(135, 34.50791173960746)	(140, 34.67383386922268)	(145, 36.19764411867791)	(150, 35.73700511302373)	(155, 35.52496723659749)	(160, 33.66001950565359)	(165, 32.15487656901146)	(170, 34.63251852322886)	(175, 33.446811947576954)	(180, 36.10178954078016)	(185, 34.29412643257742)	(190, 34.54845464520848)	(195, 32.89646690705536)	(200, 33.42101348776957)	(205, 32.8226893844044)	(210, 33.77468528509851)	(215, 33.95002438578308)	(220, 33.15114918002804)	(225, 32.818935537896195)	(230, 30.983206828227406)	(235, 31.25551067688884)	(240, 31.915140995936007)	(245, 33.301544539086116)	(250, 30.001487375909107)
SRR19621132_1	(1, 32.689179216116486)	(2, 32.456666999102424)	(3, 27.960367009075497)	(4, 32.192919118380374)	(5, 31.714710282237956)	(6, 35.26622120275257)	(7, 34.91143911439114)	(8, 32.638496060636285)	(9, 31.839912236960206)	(10, 33.557367108806226)	(15, 37.38871447092849)	(20, 37.68548917921612)	(25, 37.15925401416176)	(30, 38.199632990924506)	(35, 37.30336491473023)	(40, 37.85441707390047)	(45, 36.82122269871348)	(50, 36.96685748479106)	(55, 35.23188590804826)	(60, 36.39077690236361)	(65, 37.22722249925202)	(70, 37.68263289119378)	(75, 37.11091253615239)	(80, 35.87516106512417)	(85, 37.19213324025132)	(90, 36.17664306372793)	(95, 35.998767328213816)	(100, 37.093499551211735)	(105, 36.6457724144809)	(110, 36.958559888301586)	(115, 35.637430936471524)	(120, 36.78863069711779)	(125, 35.68546923307072)	(130, 35.67179814500848)	(135, 35.26378378378378)	(140, 35.685704597586515)	(145, 36.64243741896878)	(150, 36.44263289119378)	(155, 35.79802932083375)	(160, 35.86740201456068)	(165, 35.46609354742196)	(170, 35.54829560187493)	(175, 35.194083973272164)	(180, 34.81497556597187)	(185, 35.315986835544024)	(190, 35.294987533659125)	(195, 33.669181210731026)	(200, 32.95660117682258)	(205, 34.65623616236162)	(210, 32.939806522389546)	(215, 34.295889099431534)	(220, 34.19184202652838)	(225, 34.202433429739706)	(230, 32.962477311259605)	(235, 32.8580073800738)	(240, 33.20027925160569)	(245, 32.993051846858975)	(250, 27.215057422683415)
SRR19621132_2	(1, 31.402952029520296)	(2, 32.39736710880622)	(3, 31.977660317143712)	(4, 31.057125760446795)	(5, 31.60460755958911)	(6, 36.40965393437718)	(7, 35.62834347262392)	(8, 34.58486087563578)	(9, 34.70002991921811)	(10, 35.7788052258901)	(15, 36.07447092849307)	(20, 35.36886805624813)	(25, 36.634989528273664)	(30, 35.871658521990625)	(35, 36.60330707090854)	(40, 35.328457165652736)	(45, 36.35798543151587)	(50, 34.89484581322057)	(55, 36.058104280528184)	(60, 36.20631108628875)	(65, 35.67156021861411)	(70, 36.25047672238401)	(75, 37.233613914708585)	(80, 37.494945545936886)	(85, 36.88204811106235)	(90, 36.94803127617984)	(95, 37.477990984162446)	(100, 35.91268999082459)	(105, 34.01201978697092)	(110, 36.95181713009136)	(115, 34.890796664937966)	(120, 37.26213238795893)	(125, 34.49621207587816)	(130, 36.61908162451128)	(135, 33.44419532434374)	(140, 33.364808904492136)	(145, 35.479762210672604)	(150, 35.12193652630109)	(155, 34.53735213740001)	(160, 32.21401551505771)	(165, 30.756480280875337)	(170, 33.89376304713157)	(175, 32.735390505998296)	(180, 35.52122650919682)	(185, 33.48307465187727)	(190, 33.024080774403615)	(195, 31.477968476860678)	(200, 33.016758439071104)	(205, 32.532954273401955)	(210, 33.38732343787407)	(215, 33.640108530843506)	(220, 32.49799581864302)	(225, 32.05301702570465)	(230, 30.477071847168936)	(235, 30.911197126895452)	(240, 31.460671601588224)	(245, 33.22816884145423)	(250, 29.899340567234525)
SRR19621133_1	(1, 32.522891252603394)	(2, 32.43718387384707)	(3, 27.826112020232074)	(4, 32.1765285629277)	(5, 31.780850193394823)	(6, 35.26277521570961)	(7, 35.04619160963999)	(8, 32.53659625111574)	(9, 32.43348333829218)	(10, 33.80640806307647)	(15, 37.38873475156204)	(20, 37.67056679559655)	(25, 37.276134335019336)	(30, 38.305976643856)	(35, 37.41765843498958)	(40, 37.91578027372806)	(45, 36.93518298125558)	(50, 37.120801100862835)	(55, 35.73839631062184)	(60, 37.02498884260636)	(65, 37.5778191014579)	(70, 37.724341713775665)	(75, 37.26764355846474)	(80, 36.093119607259744)	(85, 37.282657691163344)	(90, 36.74972478429039)	(95, 36.51170782505207)	(100, 37.44615441832788)	(105, 37.2101532282059)	(110, 37.34396385004463)	(115, 36.49609119309729)	(120, 37.05776554596846)	(125, 36.177662897947044)	(130, 35.975933501933945)	(135, 36.00597292472479)	(140, 35.83026257066349)	(145, 36.992773728057124)	(150, 36.60712957453139)	(155, 35.9167472478429)	(160, 36.03625781017554)	(165, 35.49220098185064)	(170, 35.4888909550729)	(175, 35.53759669741148)	(180, 34.92915055043142)	(185, 35.35220172567688)	(190, 35.25732668848557)	(195, 33.615676138054155)	(200, 33.32817985718536)	(205, 34.874929336506995)	(210, 33.38151219875037)	(215, 34.56547158583756)	(220, 34.29987354953884)	(225, 34.249360309431715)	(230, 32.926588069027076)	(235, 32.48543216304671)	(240, 33.074858673013985)	(245, 33.26361361428257)	(250, 28.802827930843648)
SRR19621133_2	(1, 31.669499404939007)	(2, 32.216230288604585)	(3, 32.54228652186849)	(4, 31.775383070514728)	(5, 32.638500446295744)	(6, 36.45646756917584)	(7, 36.05015248437965)	(8, 36.105753495983336)	(9, 35.570849449568584)	(10, 36.688805415055036)	(15, 36.44760116036893)	(20, 35.6234714370723)	(25, 36.87558762273133)	(30, 36.10018223742934)	(35, 37.019142368342756)	(40, 35.86881880392741)	(45, 36.8147091639393)	(50, 35.41883739958346)	(55, 36.07562481404344)	(60, 36.3236090449271)	(65, 36.031244421303185)	(70, 36.61387235941684)	(75, 37.52912079738174)	(80, 37.73669666765843)	(85, 37.15593201428146)	(90, 37.15177402558762)	(95, 37.6377045522166)	(100, 36.23622433799464)	(105, 34.570745313894676)	(110, 37.20696593275811)	(115, 35.56579829555553)	(120, 37.55633286843329)	(125, 35.294163707236464)	(130, 37.19558894633094)	(135, 34.39613939822219)	(140, 34.96195521960055)	(145, 36.21114146217244)	(150, 35.89344442171431)	(155, 35.56907179405904)	(160, 33.147079822893886)	(165, 31.82078226421411)	(170, 35.10014907288509)	(175, 33.81813447410025)	(180, 36.026608388356735)	(185, 34.55199479215103)	(190, 34.85045412527305)	(195, 33.24857608892249)	(200, 33.718821573346204)	(205, 33.289362205345455)	(210, 34.219151330680006)	(215, 33.94965537381834)	(220, 33.044433393828754)	(225, 32.83528080782995)	(230, 30.912125872347463)	(235, 31.207910738655812)	(240, 31.875724651162795)	(245, 33.51493505465944)	(250, 30.08562981274122)
SRR19621134_1	(1, 32.60147791400893)	(2, 32.498299663609124)	(3, 27.83270528115292)	(4, 32.14826933328431)	(5, 31.786492895351188)	(6, 35.278891932133604)	(7, 35.00919100751825)	(8, 32.58263634859653)	(9, 32.41870553850113)	(10, 33.82034521424239)	(15, 37.39423172368155)	(20, 37.66788110512674)	(25, 37.2741530486572)	(30, 38.28997261079759)	(35, 37.4043822723847)	(40, 37.932618885682245)	(45, 36.91771842429367)	(50, 37.12577709968566)	(55, 35.69854965901362)	(60, 36.99761769085127)	(65, 37.528181467252445)	(70, 37.79080163967574)	(75, 37.25864230436941)	(80, 36.095950442087464)	(85, 37.34500101101083)	(90, 36.63982647377806)	(95, 36.492777706292166)	(100, 37.43930810095402)	(105, 37.23575669564898)	(110, 37.40179776107057)	(115, 36.35338688627048)	(120, 37.09811951986177)	(125, 36.10895387952427)	(130, 35.97628352419993)	(135, 35.871590595761106)	(140, 35.72896454109299)	(145, 36.85906509071524)	(150, 36.5284130806419)	(155, 35.88672267053914)	(160, 35.9976323964633)	(165, 35.47398393411886)	(170, 35.403996250068936)	(175, 35.3629749453135)	(180, 34.834352309700186)	(185, 35.311714858182754)	(190, 35.22859506259076)	(195, 33.642741861362836)	(200, 33.258440102204005)	(205, 34.812422565761665)	(210, 33.292428448006476)	(215, 34.47560522784507)	(220, 34.23144795132443)	(225, 34.24136688663812)	(230, 32.93548648002794)	(235, 32.54814801198508)	(240, 33.12766677083142)	(245, 33.29330249311518)	(250, 28.353500284916258)
SRR19621134_2	(1, 31.77428723736696)	(2, 31.719563978603336)	(3, 32.23028988437713)	(4, 31.132626238488264)	(5, 32.503373099759195)	(6, 36.74412235069208)	(7, 36.34150107534788)	(8, 35.38216209260859)	(9, 35.66405029319314)	(10, 36.14772154923622)	(15, 36.21049245418283)	(20, 35.837521369092485)	(25, 36.912935423981175)	(30, 36.19504053234316)	(35, 37.03355820665062)	(40, 35.89972978437897)	(45, 36.71348688443227)	(50, 35.30867814929873)	(55, 36.17847098398927)	(60, 36.34958548556092)	(65, 36.00485285196963)	(70, 36.69688424845131)	(75, 37.52719619124648)	(80, 37.74978033492031)	(85, 37.15237955184647)	(90, 37.18146918653906)	(95, 37.65997169065607)	(100, 36.33661985398429)	(105, 34.61245957062623)	(110, 37.29254186811774)	(115, 35.43775208191628)	(120, 37.46420078472657)	(125, 35.13214434843844)	(130, 37.12816487112549)	(135, 34.32618671176969)	(140, 34.87875500974373)	(145, 36.2376953340442)	(150, 35.89818730006986)	(155, 35.47922564988785)	(160, 33.08675589219399)	(165, 31.934241407698078)	(170, 35.05972091997132)	(175, 33.72458099599785)	(180, 36.072290042653336)	(185, 34.42313575525812)	(190, 34.800603029857335)	(195, 33.00306383168625)	(200, 33.69372449872867)	(205, 33.24877654803011)	(210, 34.11695019780406)	(215, 34.08245256399043)	(220, 33.08850269584195)	(225, 32.867756468013894)	(230, 30.8701395656731)	(235, 31.410484894176488)	(240, 32.00468528768181)	(245, 33.40820799206182)	(250, 29.98570724568364)
SRR19621135_1	(1, 32.59989050595374)	(2, 32.51234089146403)	(3, 27.94680414252475)	(4, 32.2126009398239)	(5, 31.804872485058624)	(6, 35.14099639582098)	(7, 34.90111318947032)	(8, 32.70851772434874)	(9, 32.27038186048634)	(10, 33.794456863908025)	(15, 37.36649482184406)	(20, 37.62876499840321)	(25, 37.22753319038277)	(30, 38.2740362242803)	(35, 37.45777179615858)	(40, 37.9090743190839)	(45, 36.90739541037456)	(50, 37.117208814270725)	(55, 35.681842237328354)	(60, 36.89920616816461)	(65, 37.3543136091975)	(70, 37.459984488343444)	(75, 37.11606825128884)	(80, 36.132287056891286)	(85, 37.126579679729915)	(90, 36.61811670240431)	(95, 36.129873625621606)	(100, 37.123609653725076)	(105, 36.87551895615676)	(110, 37.16868014051736)	(115, 36.15145763949086)	(120, 36.813184908070625)	(125, 35.869081618686984)	(130, 36.10444819562936)	(135, 35.62800766458324)	(140, 35.67316027191021)	(145, 36.61277430539714)	(150, 36.23499247228432)	(155, 35.92373283452712)	(160, 35.94861079428806)	(165, 35.577485286737534)	(170, 35.473798987180075)	(175, 35.236812810803414)	(180, 34.723445412655686)	(185, 35.35434554496099)	(190, 35.27342944477394)	(195, 33.622386970208495)	(200, 33.126762169807016)	(205, 34.54101464482869)	(210, 33.023189926547744)	(215, 34.095665860668824)	(220, 34.11031525160819)	(225, 34.245522149733105)	(230, 32.85254801770153)	(235, 32.631538847575165)	(240, 33.1951449394311)	(245, 33.13508379428164)	(250, 30.098433331639697)
SRR19621135_2	(1, 31.751494137506274)	(2, 32.09916054564533)	(3, 32.45880286509421)	(4, 30.98747661845887)	(5, 31.992403850540626)	(6, 35.87923719147771)	(7, 35.64003832291619)	(8, 35.60356311875542)	(9, 35.65710114512523)	(10, 35.522309411925725)	(15, 36.051475888498565)	(20, 35.82485971075323)	(25, 36.90857247137187)	(30, 36.12576759888681)	(35, 36.758488069711206)	(40, 35.490975865687304)	(45, 36.72971394680414)	(50, 35.2548930151923)	(55, 36.106829691135545)	(60, 36.3569642775674)	(65, 35.83229618139514)	(70, 36.455527168210224)	(75, 37.244518454309045)	(80, 37.37681463570418)	(85, 37.06377115744332)	(90, 37.16051827181897)	(95, 37.553386408741474)	(100, 36.36056299473048)	(105, 34.13733147797522)	(110, 36.75545771836577)	(115, 35.39803818691972)	(120, 37.614978214750096)	(125, 35.30508018340671)	(130, 36.838898647261445)	(135, 33.630964710176336)	(140, 34.150278472218055)	(145, 35.735153754904644)	(150, 35.26224108039055)	(155, 34.990523770417)	(160, 32.8451683547769)	(165, 31.76766403563588)	(170, 34.87481692711303)	(175, 32.65415763659176)	(180, 35.59113588846468)	(185, 34.08225941360156)	(190, 34.16624037275543)	(195, 32.69668423323952)	(200, 33.19672834295362)	(205, 32.89967319054723)	(210, 33.21310104714042)	(215, 33.63297360195304)	(220, 32.76677287099451)	(225, 32.46552888564388)	(230, 30.394316438352877)	(235, 30.8494786081004)	(240, 31.464247758155533)	(245, 33.173373543438935)	(250, 30.098549272301256)
SRR19621136_1	(1, 32.571528135008215)	(2, 32.49919519439789)	(3, 27.854620579791913)	(4, 32.17148167200438)	(5, 31.827638849708777)	(6, 35.12073743424655)	(7, 34.99135456250104)	(8, 32.66682707465609)	(9, 32.394553872193555)	(10, 33.93174916615502)	(15, 37.372248311567624)	(20, 37.61201068649088)	(25, 37.28344423609843)	(30, 38.29814313923966)	(35, 37.46931284536116)	(40, 37.93483895590993)	(45, 36.9578547367373)	(50, 37.20288402502365)	(55, 35.903622454906)	(60, 37.07801470222192)	(65, 37.50832185586513)	(70, 37.59858619716907)	(75, 37.29853143720027)	(80, 36.44940012943265)	(85, 37.3298309078539)	(90, 36.844923087134724)	(95, 36.51728589681895)	(100, 37.36274662728374)	(105, 37.11465741831638)	(110, 37.42922522941108)	(115, 36.48971674161592)	(120, 37.03812953221711)	(125, 36.20714202744635)	(130, 36.33505467699916)	(135, 35.992456399449075)	(140, 35.737009441946135)	(145, 36.799236679222744)	(150, 36.40863879992698)	(155, 36.10908517664238)	(160, 36.17298508205698)	(165, 35.76525231070474)	(170, 35.60973068051707)	(175, 35.41603305510844)	(180, 34.86184557688797)	(185, 35.53901398868294)	(190, 35.41539916698472)	(195, 33.60872840714866)	(200, 33.25755106781939)	(205, 34.77929077543435)	(210, 33.474639496872044)	(215, 34.47144018717953)	(220, 34.2752368783499)	(225, 34.36024758143471)	(230, 33.02498382091831)	(235, 32.634999917030356)	(240, 33.23685695690724)	(245, 33.24900736608745)	(250, 30.196983986365023)
SRR19621136_2	(1, 30.916034714501436)	(2, 31.781043094436054)	(3, 32.43363257720326)	(4, 32.28611254003285)	(5, 31.915653054112806)	(6, 35.70162454574117)	(7, 35.9876873039842)	(8, 32.74747357416657)	(9, 35.12330949338732)	(10, 35.987435076249106)	(15, 36.32794915619866)	(20, 36.002426032557295)	(25, 37.01777541775219)	(30, 36.34921261802433)	(35, 36.893573170934076)	(40, 35.765899473972425)	(45, 36.86063753878831)	(50, 35.45252310704744)	(55, 36.17833496506978)	(60, 36.3918092361814)	(65, 35.97920116821267)	(70, 36.57294222512234)	(75, 37.284525646769886)	(80, 37.37821907289858)	(85, 37.118692333222704)	(90, 37.19903086624626)	(95, 37.56388981081978)	(100, 36.43504148689014)	(105, 34.30193162960504)	(110, 36.905328664597825)	(115, 35.500353474169835)	(120, 37.661454720456696)	(125, 35.573175791168126)	(130, 36.98322574221278)	(135, 33.914283343566936)	(140, 34.562067077117106)	(145, 35.92413281321033)	(150, 35.397603518380215)	(155, 35.390918390877346)	(160, 33.43121172389756)	(165, 32.35163726287488)	(170, 35.14794947969396)	(175, 32.929039217964245)	(180, 35.92379372984232)	(185, 34.42036861723202)	(190, 34.65584451608318)	(195, 33.206340459434344)	(200, 33.39357655025893)	(205, 33.107901145330864)	(210, 33.537394039603306)	(215, 33.92154167911563)	(220, 33.061481260166644)	(225, 32.70193636562297)	(230, 30.627173588095246)	(235, 31.088462815405045)	(240, 31.756928825184968)	(245, 33.29954642118274)	(250, 30.29615327415499)
SRR19621137_1	(1, 32.55787994215061)	(2, 32.47245024748946)	(3, 27.946448577190232)	(4, 32.208033731896606)	(5, 31.756523333265434)	(6, 35.21300389057503)	(7, 34.9559611349887)	(8, 32.768724665430916)	(9, 32.24447477237081)	(10, 33.864506141405094)	(15, 37.37967123622513)	(20, 37.653038111339704)	(25, 37.12397694172285)	(30, 38.212938708166135)	(35, 37.39440653453649)	(40, 37.85978449066058)	(45, 36.753838632798974)	(50, 36.994019513983666)	(55, 35.432306031409766)	(60, 36.457780131586986)	(65, 37.011997637137675)	(70, 37.25875379381989)	(75, 37.026981443382965)	(80, 35.80365428879881)	(85, 37.065247591306296)	(90, 36.13978774978103)	(95, 35.79302140834743)	(100, 36.55255128022325)	(105, 36.282806102703034)	(110, 36.73557533660603)	(115, 35.6924856904243)	(120, 36.535510154197134)	(125, 35.42309494225246)	(130, 35.796667549345116)	(135, 34.75048988654187)	(140, 35.325977226895894)	(145, 36.168810217342596)	(150, 35.76844356629254)	(155, 35.36122461450716)	(160, 35.44887051107082)	(165, 35.001311795979056)	(170, 35.13193326950889)	(175, 34.673762043468514)	(180, 34.2325260220398)	(185, 34.865773124478025)	(190, 34.9538915935062)	(195, 33.309591998859304)	(200, 32.67955513005928)	(205, 34.25641130100014)	(210, 32.76425559652089)	(215, 33.70264599841118)	(220, 33.7640967143992)	(225, 33.83197197156418)	(230, 32.41917992381806)	(235, 32.37156952822895)	(240, 32.917049621119524)	(245, 32.64840929934191)	(250, 28.46509210691496)
SRR19621137_2	(1, 31.104964047827593)	(2, 31.155358197706395)	(3, 32.20257470515145)	(4, 31.593832114558083)	(5, 32.13751451327073)	(6, 36.55024137860795)	(7, 35.545536023465665)	(8, 33.70863463222863)	(9, 34.994581712260405)	(10, 35.978318701240504)	(15, 36.243081498380626)	(20, 35.929643737396376)	(25, 36.805658647872406)	(30, 36.06327582343715)	(35, 36.686798525247994)	(40, 35.20976106573239)	(45, 36.404554620821706)	(50, 34.988572708940175)	(55, 36.35249266881711)	(60, 36.36731850403324)	(65, 35.718104782856685)	(70, 36.53391183899616)	(75, 37.07537488030396)	(80, 37.31187386690025)	(85, 37.026521772173794)	(90, 37.12011000203708)	(95, 37.44093705438989)	(100, 36.21075087362472)	(105, 33.86770559595836)	(110, 36.87166609640027)	(115, 35.07506174289129)	(120, 37.3666714201316)	(125, 34.96232403691405)	(130, 36.7233915984191)	(135, 33.65639897323066)	(140, 33.719294534968135)	(145, 35.40356531660011)	(150, 34.53200635645017)	(155, 34.17172727722113)	(160, 32.573245292089126)	(165, 31.43744660943114)	(170, 33.92288508557458)	(175, 32.384751426242865)	(180, 35.45605949470253)	(185, 33.262530562347195)	(190, 33.03733734434743)	(195, 31.608512979339007)	(200, 32.83425456324191)	(205, 32.27121370199951)	(210, 33.05495401181382)	(215, 33.427538003830946)	(220, 32.44054700304132)	(225, 31.954370020174032)	(230, 30.01068612067736)	(235, 30.854409207665448)	(240, 31.377441310727097)	(245, 33.05468721361528)	(250, 29.508641506388216)
SRR19621138_1	(1, 32.67792586422324)	(2, 32.51347355268638)	(3, 27.84296126613911)	(4, 32.16668054977093)	(5, 31.81917950853811)	(6, 34.80399833402749)	(7, 34.71711786755519)	(8, 32.83700541441066)	(9, 32.47473969179509)	(10, 34.051599333611)	(15, 37.31073719283632)	(20, 37.567609329446064)	(25, 37.161724281549354)	(30, 38.25167430237401)	(35, 37.48289046230737)	(40, 37.85299875052061)	(45, 36.79135360266556)	(50, 37.241982507288625)	(55, 35.87471053727614)	(60, 36.91555185339442)	(65, 37.420849645980844)	(70, 37.34256559766764)	(75, 37.36170762182424)	(80, 36.46122032486464)	(85, 37.368942107455226)	(90, 36.57173677634319)	(95, 36.27635568513119)	(100, 37.169425239483544)	(105, 36.88678883798417)	(110, 37.00844648063307)	(115, 36.08227821740941)	(120, 36.893719283631825)	(125, 36.07588088296543)	(130, 36.23734693877551)	(135, 35.69144939608496)	(140, 35.68102040816326)	(145, 36.39953769262807)	(150, 35.97942107455227)	(155, 35.53784256559767)	(160, 35.802540608079966)	(165, 35.27172011661808)	(170, 35.244352353186166)	(175, 35.08335693461058)	(180, 34.53673052894627)	(185, 35.04041232819658)	(190, 35.11315701790921)	(195, 33.42885880882966)	(200, 32.97924198250729)	(205, 34.467759266972095)	(210, 33.3881674302374)	(215, 34.33236984589754)	(220, 34.041566014160765)	(225, 33.98925447730112)	(230, 32.63166180758018)	(235, 32.32514369012911)	(240, 33.113696077553044)	(245, 32.85188977807336)	(250, 31.15261570245688)
SRR19621138_2	(1, 32.004914618908785)	(2, 31.942877967513535)	(3, 31.202290712203247)	(4, 29.032611411911702)	(5, 30.877363598500626)	(6, 33.91264056643065)	(7, 33.238525614327365)	(8, 31.52063723448563)	(9, 32.50485214493961)	(10, 35.26301957517701)	(15, 35.73940024989587)	(20, 34.9376009995835)	(25, 36.24272386505622)	(30, 35.409725114535604)	(35, 36.4272511453561)	(40, 34.7899791753436)	(45, 36.366376509787585)	(50, 34.750741357767595)	(55, 35.69090379008746)	(60, 35.96881715951687)	(65, 35.30364243427904)	(70, 35.781873841604366)	(75, 36.76307711530852)	(80, 36.98948332951541)	(85, 36.81003352839501)	(90, 36.865103396572195)	(95, 37.22140819259043)	(100, 35.96780024573606)	(105, 33.37944980112039)	(110, 36.362543993002774)	(115, 34.709789874841206)	(120, 37.48252566692351)	(125, 35.29284125944944)	(130, 36.89358990378608)	(135, 33.60264185992487)	(140, 33.600528979319826)	(145, 35.2246855292566)	(150, 34.58557650671059)	(155, 34.49200360103663)	(160, 32.230012704892424)	(165, 30.75155014816857)	(170, 33.51881612930101)	(175, 31.94803665156069)	(180, 34.93162816854471)	(185, 33.207002561912894)	(190, 33.4434993042172)	(195, 32.01773380545719)	(200, 31.770272303446518)	(205, 31.77861932527735)	(210, 32.36235800740445)	(215, 32.13781351554037)	(220, 31.81974002166486)	(225, 31.646821098241816)	(230, 29.422006499458384)	(235, 29.15044162986418)	(240, 29.698808309640988)	(245, 32.257715346076154)	(250, 28.75597056845563)
SRR19621139_1	(1, 32.69949184789153)	(2, 32.50971750596055)	(3, 27.773571273751898)	(4, 32.127302940538975)	(5, 31.576066276521445)	(6, 33.66777448642921)	(7, 33.668111648965635)	(8, 32.805818462057175)	(9, 31.746188859186475)	(10, 34.32117621559136)	(15, 37.23037834453195)	(20, 37.67394937745346)	(25, 37.305310309948695)	(30, 38.32409989644293)	(35, 37.44785781374178)	(40, 37.935669388049995)	(45, 36.9510969823953)	(50, 37.07561592370494)	(55, 36.054321701225824)	(60, 37.3677817113407)	(65, 37.72735592322327)	(70, 37.683389928473375)	(75, 37.4725429280158)	(80, 36.78115261421381)	(85, 37.458584399007776)	(90, 36.79619006333839)	(95, 36.64019940755726)	(100, 37.50331623437613)	(105, 37.348409315319216)	(110, 37.515743082147246)	(115, 36.519360354502325)	(120, 37.422618789586494)	(125, 36.55816294583725)	(130, 36.592683572959565)	(135, 35.819333863160175)	(140, 35.1951015100065)	(145, 36.27193603545023)	(150, 36.30992462009007)	(155, 35.87090528141031)	(160, 35.83834501360692)	(165, 35.910965007345325)	(170, 35.892623365363775)	(175, 35.200130048406905)	(180, 34.31411988536474)	(185, 34.5635382799894)	(190, 35.074146858367655)	(195, 33.50600871805987)	(200, 33.50813284203935)	(205, 34.245189413096355)	(210, 33.22993040001926)	(215, 34.54636225706235)	(220, 34.19963875442526)	(225, 33.95391469787828)	(230, 32.96239674397322)	(235, 32.41591888832695)	(240, 32.66184042578812)	(245, 33.52379092682147)	(250, 27.627651005280455)
SRR19621139_2	(1, 31.39705705271777)	(2, 32.44724610456855)	(3, 32.095585579076655)	(4, 31.128940587144474)	(5, 31.51147556775763)	(6, 35.451003058545865)	(7, 35.73609806613202)	(8, 34.581340461912674)	(9, 34.203429424656214)	(10, 35.533053970088865)	(15, 36.02323049875972)	(20, 35.38644124942803)	(25, 36.72316065794861)	(30, 35.7227945957662)	(35, 36.87440695518147)	(40, 35.717014666570336)	(45, 35.494631890759344)	(50, 34.21304819015967)	(55, 35.43310454446933)	(60, 34.8122582665029)	(65, 34.5451243888929)	(70, 35.2488500349204)	(75, 35.820812561712785)	(80, 36.327842400597255)	(85, 35.9897839751463)	(90, 36.645666257255016)	(95, 36.50577752089204)	(100, 35.1438287214315)	(105, 34.05258772246707)	(110, 35.86866555884691)	(115, 33.89764227054885)	(120, 35.83611010765118)	(125, 34.33559092485923)	(130, 35.92376089783729)	(135, 33.2907567072877)	(140, 34.101758104137566)	(145, 34.85811018790697)	(150, 34.400216757785216)	(155, 33.99386334625852)	(160, 32.20752872040654)	(165, 30.75837316380526)	(170, 33.89746381174884)	(175, 32.42003901828079)	(180, 34.99822393239032)	(185, 32.67833008465044)	(190, 33.99743707093821)	(195, 32.330213175960495)	(200, 32.81847524990967)	(205, 32.16732265446225)	(210, 33.3790913908561)	(215, 32.86959098135569)	(220, 32.77187637279302)	(225, 32.00328680587961)	(230, 30.157202736558105)	(235, 29.562810753517056)	(240, 29.194049913278086)	(245, 31.453137004092916)	(250, 29.317206532330033)
SRR19621140_1	(1, 32.61488615527033)	(2, 32.528100688943084)	(3, 27.98004379328147)	(4, 32.16988588823812)	(5, 31.891602727288912)	(6, 34.442721592224025)	(7, 34.54973029747388)	(8, 32.68566749149947)	(9, 32.316878215512794)	(10, 34.11254873337725)	(15, 37.29878055293468)	(20, 37.51610560233564)	(25, 37.36800242109199)	(30, 38.29106866288074)	(35, 37.58801559468072)	(40, 37.917704235130756)	(45, 36.90350168230289)	(50, 37.343310843287696)	(55, 36.22901393908105)	(60, 37.26001815818988)	(65, 37.578021469389206)	(70, 37.47023659053282)	(75, 37.565257330034)	(80, 36.90553468748331)	(85, 37.60985170811599)	(90, 36.859491214640485)	(95, 36.68635109394193)	(100, 37.38090185676392)	(105, 37.05081088779307)	(110, 37.265223505954815)	(115, 36.47572321221939)	(120, 37.226112189130006)	(125, 36.36969718548057)	(130, 36.47075997365282)	(135, 35.95513146885514)	(140, 35.683303366385985)	(145, 36.60037384508571)	(150, 35.9291759386182)	(155, 35.8328770049668)	(160, 36.0560482794225)	(165, 35.671618037135275)	(170, 35.50346251757962)	(175, 35.35619959767148)	(180, 34.655521335873104)	(185, 35.314603101134)	(190, 35.49811831306856)	(195, 33.41022199277232)	(200, 33.231143075854945)	(205, 34.69273138340484)	(210, 33.704381108361666)	(215, 34.49217951684973)	(220, 34.12016093140833)	(225, 33.9748776102398)	(230, 32.651216776743276)	(235, 32.440416184848445)	(240, 33.45394146549883)	(245, 32.96415304752834)	(250, 31.990501476686156)
SRR19621140_2	(1, 31.62969754152351)	(2, 32.55854236020864)	(3, 31.596460933188542)	(4, 32.18850693393623)	(5, 31.6235201965357)	(6, 35.836149039574174)	(7, 35.136186424082744)	(8, 33.27459811653286)	(9, 34.40968080750539)	(10, 35.79652146048814)	(15, 36.24512132163139)	(20, 35.84434514802486)	(25, 36.812963523400924)	(30, 36.22859024798391)	(35, 36.84652057038079)	(40, 35.475997365282254)	(45, 37.05341712210493)	(50, 35.518642032468236)	(55, 36.22175105034537)	(60, 36.4333760592466)	(65, 35.76245460371716)	(70, 35.85923591825109)	(75, 37.04749341308837)	(80, 36.99138360749127)	(85, 37.023427053545596)	(90, 37.22509123925157)	(95, 37.50617826170675)	(100, 36.48546199038633)	(105, 33.96762328645184)	(110, 36.48624330146522)	(115, 35.37513219035411)	(120, 37.78201855115811)	(125, 35.879428154319996)	(130, 37.19053570474817)	(135, 34.56367148728669)	(140, 34.31694915254237)	(145, 35.67392821535393)	(150, 35.18036005565709)	(155, 35.188065757732645)	(160, 33.50209687264494)	(165, 32.14566927007078)	(170, 34.3844449983975)	(175, 32.647929960384985)	(180, 35.62710777941987)	(185, 34.12964061217586)	(190, 34.24474269628607)	(195, 33.19861771506811)	(200, 32.25014222493004)	(205, 32.49166904117396)	(210, 32.678068712453445)	(215, 32.71705223415434)	(220, 32.93751135331517)	(225, 32.37637001373332)	(230, 30.536306322350846)	(235, 30.194304541406943)	(240, 30.325456812110417)	(245, 32.32199726319358)	(250, 29.740883312054585)
SRR19621141_1	(1, 32.64634788380983)	(2, 32.46719848009705)	(3, 28.03176002014329)	(4, 32.20950168242269)	(5, 31.696397097534735)	(6, 34.90823357062742)	(7, 34.63541785885962)	(8, 32.86993842561861)	(9, 32.26468972463204)	(10, 34.00386156064733)	(15, 37.34312266807059)	(20, 37.628814063680274)	(25, 36.99427976285851)	(30, 38.10775516744111)	(35, 37.3055554283883)	(40, 37.40685787534049)	(45, 36.44049259505117)	(50, 36.963845079772014)	(55, 35.29378533659899)	(60, 35.91331288483988)	(65, 36.56844370178772)	(70, 37.04846292947559)	(75, 37.01093689198159)	(80, 35.85475770824273)	(85, 37.165120058598674)	(90, 35.555501636642475)	(95, 35.39266143246275)	(100, 35.78817268294916)	(105, 35.43378350539062)	(110, 36.129901343649145)	(115, 35.12593677753107)	(120, 36.340813056515664)	(125, 34.993634261908575)	(130, 35.604912216448824)	(135, 33.64627234646462)	(140, 34.731409801542796)	(145, 35.542310069357015)	(150, 35.008943163870256)	(155, 34.5983542014787)	(160, 34.73408336576098)	(165, 34.35946620276055)	(170, 34.81876530775746)	(175, 33.9080596058324)	(180, 33.44835534598393)	(185, 34.18288506878476)	(190, 34.5261977247236)	(195, 32.78462013871403)	(200, 31.783690800466957)	(205, 33.52609700826333)	(210, 32.08617208780644)	(215, 33.35588390138943)	(220, 33.45862613592144)	(225, 33.30056996360474)	(230, 31.91982283059034)	(235, 32.051652248412736)	(240, 32.46869233804317)	(245, 32.048102839518805)	(250, 29.095301603651787)
SRR19621141_2	(1, 30.768947284089087)	(2, 31.65306612951221)	(3, 31.91547828873578)	(4, 31.39064252523634)	(5, 31.45141575296999)	(6, 36.32363174399707)	(7, 34.81668459724861)	(8, 34.52641518071738)	(9, 34.32993796781651)	(10, 34.955872456337126)	(15, 35.9616750978552)	(20, 35.75972486094262)	(25, 36.451445510105984)	(30, 35.96002701032344)	(35, 36.47944010804129)	(40, 34.69313296861766)	(45, 36.02654565431364)	(50, 34.61243848284387)	(55, 36.40265983015543)	(60, 36.21535010414998)	(65, 35.36548401126193)	(70, 36.11758875638061)	(75, 36.69540770664381)	(80, 37.09038261247754)	(85, 36.87753424971102)	(90, 37.10863081272247)	(95, 37.26035572036808)	(100, 35.950963695463074)	(105, 33.467527354301154)	(110, 36.72684612919471)	(115, 34.495359507087606)	(120, 36.98500875576564)	(125, 34.80069359398428)	(130, 36.84223140401277)	(135, 33.6305957525224)	(140, 33.3036111206492)	(145, 34.82374115969376)	(150, 33.85030915951876)	(155, 32.823945263689964)	(160, 32.393983723086436)	(165, 30.71505786202397)	(170, 32.39745200551904)	(175, 32.21019243659904)	(180, 35.156251761194646)	(185, 32.37045655584233)	(190, 31.326880892181883)	(195, 30.448333180694203)	(200, 32.09521157456829)	(205, 31.654286083383674)	(210, 32.61846249396146)	(215, 32.65927384375955)	(220, 32.14651296765995)	(225, 31.480806674189978)	(230, 30.15519223283186)	(235, 30.563560747895064)	(240, 30.501242820648947)	(245, 32.762641226447826)	(250, 29.440254211471917)
SRR19621142_1	(1, 32.773239063483125)	(2, 32.534871013676856)	(3, 27.89926151604464)	(4, 32.148508129946684)	(5, 31.590903069841374)	(6, 33.540649733417226)	(7, 33.60451369341325)	(8, 32.681408749213496)	(9, 31.59522469119449)	(10, 34.251919064807765)	(15, 37.21639566844389)	(20, 37.577444779282715)	(25, 37.22413815941981)	(30, 38.26624830281154)	(35, 37.39124747491472)	(40, 37.90899758254132)	(45, 36.859519157532205)	(50, 36.9060535814816)	(55, 35.79207868331291)	(60, 37.211742888366395)	(65, 37.4271417690499)	(70, 37.45156803655992)	(75, 37.25561810775905)	(80, 36.25591615061099)	(85, 37.06399973507302)	(90, 36.54876974533894)	(95, 36.13018180613968)	(100, 37.003460608669734)	(105, 36.8619399278074)	(110, 37.0239858264066)	(115, 36.09336026757625)	(120, 36.867668973739114)	(125, 36.003778521045135)	(130, 36.124515680365604)	(135, 35.283942113454984)	(140, 35.3462926780806)	(145, 35.92381362386992)	(150, 35.971513726529125)	(155, 35.360694771003736)	(160, 35.56434745173361)	(165, 35.556240686160876)	(170, 35.72767493459615)	(175, 34.88072656224128)	(180, 34.14647150379177)	(185, 34.21191840249032)	(190, 34.84689538695897)	(195, 33.55833360929894)	(200, 33.34835579693347)	(205, 33.82356856641388)	(210, 32.789028711461405)	(215, 34.4439017120906)	(220, 34.0707023876544)	(225, 33.801463721561746)	(230, 32.63810312282677)	(235, 31.953319866211878)	(240, 32.26848733064766)	(245, 33.30968513929445)	(250, 30.549873400999182)
SRR19621142_2	(1, 30.900023181110708)	(2, 31.813209921515384)	(3, 31.99264827631884)	(4, 32.15604199092625)	(5, 31.944828956518858)	(6, 36.58572043580488)	(7, 36.022253866278106)	(8, 35.07851773354969)	(9, 34.70059939729112)	(10, 36.0528529324105)	(15, 35.913789449283044)	(20, 35.569761896877175)	(25, 36.608682981753155)	(30, 35.62376395006127)	(35, 36.922498923734146)	(40, 35.30635493592079)	(45, 35.42638672715833)	(50, 34.41636586415869)	(55, 35.914210020862996)	(60, 35.33385206641725)	(65, 34.80694120179491)	(70, 35.80109615352772)	(75, 36.05204249391066)	(80, 36.91660153662737)	(85, 36.51979401245198)	(90, 37.004566830043714)	(95, 36.96363094449596)	(100, 35.7289585225774)	(105, 34.43919127022239)	(110, 36.470694760741004)	(115, 34.18589696098046)	(120, 36.47074915546135)	(125, 34.688472684518196)	(130, 36.42975143656747)	(135, 33.724453938761656)	(140, 34.488745727175115)	(145, 35.22960386857446)	(150, 34.554471383147856)	(155, 34.40024841017488)	(160, 32.191879192638375)	(165, 31.518639352135533)	(170, 33.96588866807866)	(175, 32.66478528013779)	(180, 34.92641062585913)	(185, 32.94225909565746)	(190, 34.05728150515908)	(195, 32.23019275399868)	(200, 32.92492712336027)	(205, 32.26549644554579)	(210, 33.62888991950177)	(215, 32.63507138834598)	(220, 32.758313181170706)	(225, 32.35667335336999)	(230, 30.24294634309486)	(235, 29.631436143780025)	(240, 28.895428024062483)	(245, 31.486836526346615)	(250, 28.63842991244706)
SRR19621143_1	(1, 32.746064600468436)	(2, 32.526172449479816)	(3, 27.794051963614574)	(4, 32.14399840223687)	(5, 31.55798246091835)	(6, 33.86903789240518)	(7, 33.8345770466801)	(8, 32.63663598235198)	(9, 31.633858053270874)	(10, 34.17308495379196)	(15, 37.253506908509905)	(20, 37.62981643880386)	(25, 37.217324836138495)	(30, 38.26668119178605)	(35, 37.396405032953865)	(40, 37.88654792381575)	(45, 36.81866840968099)	(50, 36.989970405069265)	(55, 35.78185812589648)	(60, 37.15053833723696)	(65, 37.48447083174465)	(70, 37.39316956261235)	(75, 37.323830273980064)	(80, 36.39733464059408)	(85, 37.29418450532891)	(90, 36.4961962343628)	(95, 36.28134429979847)	(100, 37.052355792799176)	(105, 36.83248542948962)	(110, 37.16330591717051)	(115, 35.932062385387724)	(120, 36.975881039272295)	(125, 35.93793416489642)	(130, 35.92902300415782)	(135, 35.31507888955463)	(140, 35.18688381720137)	(145, 35.82143907620241)	(150, 35.93137970477695)	(155, 35.43481307987)	(160, 35.547636944641134)	(165, 35.43870218058355)	(170, 35.6506636163916)	(175, 34.89001216478748)	(180, 34.321255696570255)	(185, 34.52607077364417)	(190, 34.97378579080197)	(195, 33.59642318935309)	(200, 33.35546235270621)	(205, 34.0879532291156)	(210, 33.05909544819072)	(215, 34.543562648655524)	(220, 34.21287651832888)	(225, 34.045056920311566)	(230, 32.98081594858108)	(235, 32.4078435644643)	(240, 32.69462841666698)	(245, 33.282919536692475)	(250, 30.217697300635898)
SRR19621143_2	(1, 30.652777021261144)	(2, 31.660711367721554)	(3, 32.1708154038891)	(4, 31.210450823392705)	(5, 32.01723042286254)	(6, 36.11008224848848)	(7, 35.81349746718231)	(8, 34.041868656608024)	(9, 33.78791510067723)	(10, 35.91559090001272)	(15, 36.19515950396717)	(20, 35.48219038800225)	(25, 36.68332334731376)	(30, 35.80782540806507)	(35, 36.841915863246)	(40, 35.2990141075222)	(45, 34.71273671405486)	(50, 33.74339560978267)	(55, 34.89576411206129)	(60, 34.47411079034806)	(65, 34.14014561432177)	(70, 34.79123045917534)	(75, 35.04203206420103)	(80, 35.52473446266136)	(85, 35.46462225611417)	(90, 36.316131960709555)	(95, 36.04453401601395)	(100, 34.67635402988916)	(105, 33.433404749800275)	(110, 35.3467826276418)	(115, 33.08171617401409)	(120, 35.11553489723291)	(125, 33.46322172997312)	(130, 34.98726487036096)	(135, 32.751154767957004)	(140, 33.370032288416745)	(145, 34.09489241942806)	(150, 32.96423422605538)	(155, 32.88573036768044)	(160, 31.001011661570647)	(165, 30.127583389319632)	(170, 32.87566321064769)	(175, 31.34831587166125)	(180, 33.964379020206586)	(185, 31.356011549147432)	(190, 32.36010023970364)	(195, 30.87646579912502)	(200, 31.68824030188423)	(205, 30.76100103517789)	(210, 32.50855044571493)	(215, 31.682681341033742)	(220, 31.58287332908201)	(225, 31.09625555123059)	(230, 29.001712295840264)	(235, 28.777674452395654)	(240, 28.502035562293862)	(245, 30.8671108523239)	(250, 27.98615484478771)
SRR19621144_1	(1, 32.71431917812803)	(2, 32.4756885185557)	(3, 27.822864727994734)	(4, 32.16903702216422)	(5, 31.731653448448952)	(6, 35.2578835235195)	(7, 34.83426474361119)	(8, 32.867962832825796)	(9, 32.2522392887818)	(10, 33.81034925096766)	(15, 37.39132171022543)	(20, 37.67096565494317)	(25, 37.173576950105414)	(30, 38.223257370411275)	(35, 37.32940021639951)	(40, 37.86399402112685)	(45, 36.77461209829446)	(50, 36.951928075048244)	(55, 35.311236042789105)	(60, 36.62196120425214)	(65, 37.358962174703564)	(70, 37.7123291949715)	(75, 37.097477941750604)	(80, 35.87075148635233)	(85, 37.1704112706221)	(90, 36.377389597206886)	(95, 35.96399290566542)	(100, 37.18849959285659)	(105, 36.81730973016989)	(110, 37.109632009280645)	(115, 35.89849747347991)	(120, 36.67843478454863)	(125, 35.78162835056721)	(130, 35.674042097513635)	(135, 35.62499972113465)	(140, 36.066269562404486)	(145, 36.95626052716706)	(150, 36.82377717542862)	(155, 36.127588707068675)	(160, 36.23654028488885)	(165, 35.75187007105489)	(170, 35.834014880255225)	(175, 35.62997467902598)	(180, 35.275998616827856)	(185, 35.56615243895637)	(190, 35.502008946000515)	(195, 34.08852301754621)	(200, 33.24825932246874)	(205, 34.888665796606766)	(210, 33.16902586755011)	(215, 34.5196243125969)	(220, 34.45039654653147)	(225, 34.51422324844672)	(230, 33.320070497161154)	(235, 32.97963719881396)	(240, 33.18322233397322)	(245, 33.23452913169283)	(250, 28.94780122043661)
SRR19621144_2	(1, 30.610168546219143)	(2, 31.709065354884046)	(3, 32.29560842842642)	(4, 30.27844147731709)	(5, 31.861102745150532)	(6, 35.979832457696126)	(7, 35.86303249339089)	(8, 34.575444232506776)	(9, 34.974366696784124)	(10, 36.263451906881286)	(15, 36.29801559415052)	(20, 35.678305391025006)	(25, 36.77630090687013)	(30, 36.04717955582326)	(35, 36.799634128657324)	(40, 35.70192417093331)	(45, 36.51717922118484)	(50, 35.17531037713751)	(55, 36.17257495984295)	(60, 36.37361904336963)	(65, 35.93535605925398)	(70, 36.56332991254685)	(75, 37.41559896036677)	(80, 37.6683849877744)	(85, 37.053523336397134)	(90, 37.10187010679972)	(95, 37.58776256930268)	(100, 36.17067032562498)	(105, 34.5485555249311)	(110, 37.2244974453939)	(115, 35.18379858464358)	(120, 37.38338556286252)	(125, 34.655692276799165)	(130, 36.659130512388586)	(135, 33.99037608856175)	(140, 34.09288915658148)	(145, 36.00888517925582)	(150, 35.438278585195704)	(155, 34.934299350119296)	(160, 32.371342182690555)	(165, 31.482093565555022)	(170, 34.415814430919255)	(175, 32.8840164489382)	(180, 35.66457298847035)	(185, 33.758832610116976)	(190, 33.73670312039705)	(195, 31.970174733882306)	(200, 33.278449390911874)	(205, 32.729795472043385)	(210, 33.80426793416232)	(215, 33.8171404652442)	(220, 32.67692874199379)	(225, 32.46770029707331)	(230, 30.560003700912716)	(235, 31.195920467179285)	(240, 31.822711420130428)	(245, 33.141534062700224)	(250, 29.71960562505791)
SRR19621145_1	(1, 32.63671092904978)	(2, 32.525556348238325)	(3, 27.893471106713)	(4, 32.20451982601892)	(5, 31.848180793040758)	(6, 35.35728258117967)	(7, 35.014153223022575)	(8, 32.63378823096219)	(9, 32.10678204036545)	(10, 33.810402043587324)	(15, 37.397224587485326)	(20, 37.62604193036154)	(25, 37.28148114054265)	(30, 38.31328561894461)	(35, 37.445262697627314)	(40, 37.933316456861434)	(45, 36.958212321358715)	(50, 37.14549513267208)	(55, 35.77277518238097)	(60, 37.01162175223804)	(65, 37.547713621614164)	(70, 37.78757277978506)	(75, 37.30681425908453)	(80, 36.41869606241226)	(85, 37.38060433111637)	(90, 36.73802959519481)	(95, 36.38874646169425)	(100, 37.476915287782205)	(105, 37.1531447771155)	(110, 37.40901663866706)	(115, 36.40039122730307)	(120, 37.163072745265)	(125, 36.16799300393529)	(130, 36.30433802038984)	(135, 35.54676086806434)	(140, 34.674733620233354)	(145, 36.53336248360297)	(150, 35.59117667364738)	(155, 35.289724529951904)	(160, 35.39948450049478)	(165, 34.66757646192438)	(170, 34.45600073642787)	(175, 34.7528962327112)	(180, 33.438091731295884)	(185, 34.62971486433618)	(190, 34.55036015925253)	(195, 32.46338802844453)	(200, 32.440508135226565)	(205, 33.681573194025724)	(210, 32.53936897337353)	(215, 33.39076243297356)	(220, 33.166050675442435)	(225, 33.36258025913055)	(230, 32.167707638137756)	(235, 32.00500778849962)	(240, 32.195550941928204)	(245, 32.83812016681594)	(250, 27.42894798282383)
SRR19621145_2	(1, 30.90902814535245)	(2, 32.32800957356224)	(3, 32.205095160288124)	(4, 32.30030147515706)	(5, 31.89052539525464)	(6, 35.65162359330771)	(7, 36.10963569834074)	(8, 33.015879225830204)	(9, 34.40473615170414)	(10, 36.14335488919062)	(15, 36.180392608105315)	(20, 35.563210825489605)	(25, 36.84645939290728)	(30, 36.06043311163786)	(35, 36.751708742779556)	(40, 35.4106229719467)	(45, 36.54220882332635)	(50, 34.89974455158447)	(55, 35.932161185648866)	(60, 36.33719651117299)	(65, 35.97911766736474)	(70, 36.52838699284284)	(75, 37.30380871286217)	(80, 37.57014636840652)	(85, 37.03671637669152)	(90, 37.00880051551137)	(95, 37.50173350839554)	(100, 36.18929829002785)	(105, 33.771337828818666)	(110, 36.88054129939472)	(115, 35.24017398909116)	(120, 37.47164485000219)	(125, 35.04251323360184)	(130, 36.92660004310092)	(135, 34.02995834004649)	(140, 34.35889149749114)	(145, 35.94110850250886)	(150, 35.56850342954472)	(155, 35.16027712562722)	(160, 32.81803618284767)	(165, 31.421692589873373)	(170, 34.912606744159284)	(175, 33.04571297042237)	(180, 35.6446771780412)	(185, 34.27866958223041)	(190, 34.41534353780642)	(195, 32.65276678022282)	(200, 33.10217291225486)	(205, 32.77111684006998)	(210, 33.51015099898721)	(215, 33.82673786944112)	(220, 32.85299173720948)	(225, 32.5795087816219)	(230, 30.447524342241557)	(235, 30.92798379485763)	(240, 31.652431810274187)	(245, 33.444893453656334)	(250, 30.150908481328827)
SRR19621146_1	(1, 32.56213680781759)	(2, 32.4968338762215)	(3, 27.816026058631923)	(4, 32.191973941368076)	(5, 31.839400651465798)	(6, 35.26668403908795)	(7, 35.008599348534204)	(8, 33.05214332247557)	(9, 32.81328990228013)	(10, 34.164935504885996)	(15, 37.393600000000006)	(20, 37.691642996742665)	(25, 37.32015635179154)	(30, 38.33131465798046)	(35, 37.45731856677524)	(40, 37.93799609120521)	(45, 37.022134201954394)	(50, 37.14066449511402)	(55, 35.83197394136808)	(60, 36.946611074918565)	(65, 37.55432964169382)	(70, 37.77730814332247)	(75, 37.356169381107485)	(80, 36.45617719869707)	(85, 37.34014853420196)	(90, 36.83122866449512)	(95, 36.39679478827362)	(100, 37.47589315960912)	(105, 37.21200781758957)	(110, 37.408958957654725)	(115, 36.53515048859934)	(120, 36.899179153094465)	(125, 36.17393615635179)	(130, 36.10661628664495)	(135, 35.782535504886)	(140, 35.285581758957655)	(145, 36.72297589576548)	(150, 36.04159478827362)	(155, 35.52775504885994)	(160, 35.69521824104235)	(165, 35.07441824104235)	(170, 35.07948925081433)	(175, 35.15991140065147)	(180, 34.175374592833876)	(185, 34.92004690553746)	(190, 34.79969250814332)	(195, 33.048547231270355)	(200, 32.951906188925086)	(205, 34.33806905537459)	(210, 32.94674657980456)	(215, 33.99738892508144)	(220, 33.821024104234525)	(225, 33.76982410423452)	(230, 32.54644951140065)	(235, 32.020835520249946)	(240, 32.60314275290561)	(245, 32.94488435213795)	(250, 27.570034664012926)
SRR19621146_2	(1, 32.32299674267101)	(2, 32.200208469055376)	(3, 31.56432573289902)	(4, 30.363231270358305)	(5, 32.26535504885994)	(6, 35.89065798045603)	(7, 35.27142671009772)	(8, 32.23429315960912)	(9, 34.306527687296416)	(10, 36.16990749185668)	(15, 36.22108143322476)	(20, 35.16798957654723)	(25, 36.76035439739414)	(30, 35.78548013029315)	(35, 36.72685863192182)	(40, 35.509117915309446)	(45, 36.6932013029316)	(50, 35.01935635179153)	(55, 35.80619674267101)	(60, 36.10084169381107)	(65, 35.72804169381108)	(70, 36.250741368078174)	(75, 37.388601954397394)	(80, 37.61072052117264)	(85, 36.96087056270626)	(90, 36.971886189717075)	(95, 37.55014202694603)	(100, 36.01996195241446)	(105, 34.092783988742084)	(110, 36.869496781591224)	(115, 35.27140958486435)	(120, 37.484667583772946)	(125, 35.1502293338893)	(130, 36.99636714270822)	(135, 33.99531368581809)	(140, 34.31001303101382)	(145, 35.869168621318735)	(150, 35.68921553296846)	(155, 35.19561115454782)	(160, 32.681631482929376)	(165, 30.82051602814699)	(170, 34.83978107896794)	(175, 32.988563982277824)	(180, 35.496968816579155)	(185, 34.14065366972477)	(190, 34.22309216013345)	(195, 32.63840091792791)	(200, 33.00087757272303)	(205, 32.623694685222226)	(210, 33.63998957383031)	(215, 33.49477113961005)	(220, 32.7337316377743)	(225, 32.561898274605234)	(230, 30.499309194233724)	(235, 30.606767289695263)	(240, 31.428441084462982)	(245, 33.03523532037384)	(250, 30.068075359494728)
SRR19621147_1	(1, 32.648909801285555)	(2, 32.491912784102844)	(3, 27.886968029240013)	(4, 32.18254001596438)	(5, 31.806915094735956)	(6, 35.26313910011343)	(7, 34.98035961853548)	(8, 32.698294332647144)	(9, 32.152270722177875)	(10, 33.723055917321346)	(15, 37.37577196151746)	(20, 37.65229592908456)	(25, 37.21992185858926)	(30, 38.25819014409949)	(35, 37.38575389656766)	(40, 37.90892744612024)	(45, 36.925555602235015)	(50, 37.08441793051296)	(55, 35.44708650170146)	(60, 36.84449439146326)	(65, 37.406419358904344)	(70, 37.664941393941945)	(75, 37.10238625383355)	(80, 35.84420451203629)	(85, 37.01408225853884)	(90, 36.46371465781624)	(95, 35.85892534554468)	(100, 37.20230223081124)	(105, 36.93368062849221)	(110, 37.143225643826405)	(115, 35.98028819896652)	(120, 36.87144897701971)	(125, 35.76686972230391)	(130, 35.900042011511154)	(135, 35.35703482754275)	(140, 35.029046758811916)	(145, 36.36976011427131)	(150, 35.77697769188758)	(155, 35.346489938243074)	(160, 35.45870688568668)	(165, 34.937596101331756)	(170, 34.782934924169226)	(175, 34.824463302945006)	(180, 34.008423307986384)	(185, 34.80986010166786)	(190, 34.70396168550183)	(195, 32.9956644120489)	(200, 32.7173171448977)	(205, 34.09469394614124)	(210, 32.68550602865185)	(215, 33.73935638364912)	(220, 33.55607696508844)	(225, 33.66302987018443)	(230, 32.38393479813469)	(235, 32.179805066588244)	(240, 32.58156496166369)	(245, 32.73696079917708)	(250, 26.53878155699599)
SRR19621147_2	(1, 32.38526656303827)	(2, 32.13924715372012)	(3, 32.10796958366593)	(4, 31.140549510565894)	(5, 32.41639709280343)	(6, 35.963933117674244)	(7, 35.59587026845356)	(8, 33.24211233878083)	(9, 34.773368903079444)	(10, 35.920909129101375)	(15, 36.13994034365416)	(20, 35.16538251480905)	(25, 36.70025206906693)	(30, 35.830626391631306)	(35, 36.564966600848635)	(40, 35.24625467378062)	(45, 36.48217031466622)	(50, 34.81483846573961)	(55, 35.73830189471915)	(60, 36.20535646767214)	(65, 35.64483048355249)	(70, 36.1870730580179)	(75, 37.20968365332101)	(80, 37.52703860857875)	(85, 36.90661905262052)	(90, 36.925848125196936)	(95, 37.50822812729755)	(100, 36.05439344606659)	(105, 33.612780170150195)	(110, 36.714882890452685)	(115, 35.007158911879)	(120, 37.32478101039807)	(125, 34.63263942863144)	(130, 36.69464552042852)	(135, 33.49862829534713)	(140, 33.91011533024265)	(145, 35.637782663785806)	(150, 35.35219108440822)	(155, 34.73245241796563)	(160, 31.7391202050334)	(165, 30.414448972732238)	(170, 34.47580933173673)	(175, 32.54103966744573)	(180, 35.17266605870342)	(185, 33.806688810871044)	(190, 33.871713456709905)	(195, 31.990679301577963)	(200, 32.87086735670332)	(205, 32.51960413514876)	(210, 33.159776764166345)	(215, 33.409468427106425)	(220, 32.406890106441836)	(225, 32.194249663954)	(230, 30.23600176541056)	(235, 30.498215674323784)	(240, 31.15385456073981)	(245, 33.13420529109427)	(250, 29.817964347111747)
SRR19621148_1	(1, 32.47803802487283)	(2, 32.4756977351411)	(3, 27.84801655609926)	(4, 32.208691952111096)	(5, 31.83088021971646)	(6, 35.29597895673365)	(7, 35.02334487360501)	(8, 33.12933485484401)	(9, 33.02334487360501)	(10, 34.2219290950235)	(15, 37.399230218749395)	(20, 37.671887511362975)	(25, 37.23592441444404)	(30, 38.30301529891882)	(35, 37.470108117517356)	(40, 37.89722453242559)	(45, 36.945871612865794)	(50, 37.09847010811752)	(55, 35.78328143434617)	(60, 36.830446975997525)	(65, 37.458387327621224)	(70, 37.555874900876155)	(75, 37.259238342069125)	(80, 36.42973908670676)	(85, 37.301947662611454)	(90, 36.72043401736843)	(95, 36.20610409453997)	(100, 37.231495271067445)	(105, 36.960567085082104)	(110, 37.17560683132507)	(115, 36.33516817205965)	(120, 36.661524476336)	(125, 35.997976906562485)	(130, 36.04176546815465)	(135, 35.61224687155484)	(140, 35.441591397017575)	(145, 36.68209968473783)	(150, 36.02392897897607)	(155, 35.50810591261629)	(160, 35.66770206757828)	(165, 35.01292768311316)	(170, 35.099468115970055)	(175, 35.088141887317946)	(180, 34.23717772663095)	(185, 34.93270796665571)	(190, 34.769259037193194)	(195, 33.052565615148055)	(200, 32.88334912867726)	(205, 34.3240972477419)	(210, 32.990805175715145)	(215, 34.09574686188422)	(220, 33.90902268727153)	(225, 33.852697135562735)	(230, 32.57238844941299)	(235, 32.24346749705046)	(240, 32.71985378024486)	(245, 32.984252172827276)	(250, 28.34487598039204)
SRR19621148_2	(1, 30.759955901978607)	(2, 31.66953561688877)	(3, 32.0578689824575)	(4, 30.61661799121908)	(5, 31.68013461501267)	(6, 36.03906929965379)	(7, 35.9213005048063)	(8, 34.77554493936522)	(9, 34.75359263485678)	(10, 36.407303251262014)	(15, 36.30522406823589)	(20, 35.53496702319014)	(25, 36.80581397597818)	(30, 35.844620234802626)	(35, 36.74752335454422)	(40, 35.46700965127749)	(45, 36.66665764075586)	(50, 35.128913215867556)	(55, 36.02575092354409)	(60, 36.191733555112855)	(65, 35.82133338490997)	(70, 36.49102373169835)	(75, 37.38999671198964)	(80, 37.47409241243255)	(85, 37.05101444790437)	(90, 37.04388516123841)	(95, 37.49306796642296)	(100, 36.14298082928493)	(105, 34.18987253631458)	(110, 36.794160144009126)	(115, 35.380092843326885)	(120, 37.49870406189555)	(125, 35.251826970228606)	(130, 36.9958697098647)	(135, 34.02754845448567)	(140, 34.17667221169097)	(145, 35.81359046771635)	(150, 35.44027921851098)	(155, 34.979558550857895)	(160, 32.827182512815554)	(165, 31.085452693252215)	(170, 34.60733174704505)	(175, 32.94893528217433)	(180, 35.42319317847522)	(185, 33.862920972957674)	(190, 33.91689316337629)	(195, 32.44668328732806)	(200, 32.84081013855601)	(205, 32.24501337257496)	(210, 33.43460869466397)	(215, 33.27546001586595)	(220, 32.50057867773843)	(225, 32.42629929182307)	(230, 30.148721024728143)	(235, 30.569289114198362)	(240, 31.32664757555822)	(245, 32.98681875176712)	(250, 29.642753359227754)
SRR19621149_1	(1, 32.335234662696855)	(2, 32.51045992321554)	(3, 27.85943743633942)	(4, 32.197148005954716)	(5, 31.855002742301966)	(6, 35.14557705868526)	(7, 35.00123795345922)	(8, 32.82784611768393)	(9, 32.919000235054455)	(10, 34.22681187808509)	(15, 37.40896654391601)	(20, 37.6835979001802)	(25, 37.34160620543759)	(30, 38.3548288020058)	(35, 37.49415654626655)	(40, 37.963077646321395)	(45, 37.10115490088537)	(50, 37.21387448092141)	(55, 35.96338478414166)	(60, 37.0623897202852)	(65, 37.57189375538667)	(70, 37.717404998824726)	(75, 37.40667241244221)	(80, 36.591509833111346)	(85, 37.425094413539135)	(90, 36.95397947191099)	(95, 36.5764632139779)	(100, 37.52888192431247)	(105, 37.25116665360808)	(110, 37.47637389328528)	(115, 36.756314346156856)	(120, 37.060246023662145)	(125, 36.32725534748884)	(130, 36.38145263652746)	(135, 36.09881689258011)	(140, 35.676872208728355)	(145, 36.99030008618663)	(150, 36.43647731724516)	(155, 35.97560134764554)	(160, 36.01311917260832)	(165, 35.49424116587009)	(170, 35.512823003995926)	(175, 35.42121444801379)	(180, 34.573398103894064)	(185, 35.21511556844003)	(190, 35.12234427642404)	(195, 33.35920708297422)	(200, 33.313838439238424)	(205, 34.77611219932618)	(210, 33.46858888975946)	(215, 34.52133824335971)	(220, 34.31814150278147)	(225, 34.235251900023506)	(230, 32.88524014730079)	(235, 32.35059782182872)	(240, 32.87057560936574)	(245, 33.38519414359984)	(250, 27.48326721807326)
SRR19621149_2	(1, 31.716289273681735)	(2, 32.20109692078665)	(3, 32.26819713233566)	(4, 31.068855284807647)	(5, 31.61201911776228)	(6, 35.70784298362454)	(7, 34.965462665517514)	(8, 34.47203635508893)	(9, 34.40821123560291)	(10, 36.42372482958552)	(15, 36.40525895165713)	(20, 35.716151375068556)	(25, 37.03822298832563)	(30, 36.20394891483194)	(35, 37.0413413774191)	(40, 35.782587166026794)	(45, 36.91523936378594)	(50, 35.690803102718796)	(55, 36.28237875107733)	(60, 36.4153192823004)	(65, 36.10202616939591)	(70, 36.76938964193372)	(75, 37.55470970774896)	(80, 37.67601661051477)	(85, 37.25362062211079)	(90, 37.273039427853575)	(95, 37.65843231892688)	(100, 36.45974864449808)	(105, 34.7601059328674)	(110, 37.196922305450215)	(115, 35.70833472069192)	(120, 37.71850563364832)	(125, 35.71533386614013)	(130, 37.42204948351665)	(135, 34.48895749749248)	(140, 35.009247412861356)	(145, 36.175676268689465)	(150, 36.0590034797191)	(155, 35.812683950929554)	(160, 33.6944956429064)	(165, 32.11361833774406)	(170, 35.49848126263655)	(175, 33.95829415419833)	(180, 36.19689224769688)	(185, 34.63068775045795)	(190, 35.005525993603406)	(195, 33.42925039972411)	(200, 33.75286134893297)	(205, 33.34612973181912)	(210, 34.32425108123364)	(215, 34.13460596127681)	(220, 33.43018749608077)	(225, 33.20639350439808)	(230, 31.204616370692104)	(235, 31.320913680117894)	(240, 32.058103659110145)	(245, 33.51011528010051)	(250, 30.58755398728273)
SRR19621150_1	(1, 32.6744138256992)	(2, 32.5021679715595)	(3, 27.865010377494194)	(4, 32.177362678009985)	(5, 31.70538191233586)	(6, 34.599613669523045)	(7, 34.45159566816678)	(8, 32.80371123851797)	(9, 32.024166204303064)	(10, 34.036853461562174)	(15, 37.326983539855746)	(20, 37.676859215420336)	(25, 37.28548178287405)	(30, 38.301806300474695)	(35, 37.38750590797937)	(40, 37.91635945173951)	(45, 36.9082835008117)	(50, 37.064274705628506)	(55, 35.84991882950085)	(60, 37.16129708402688)	(65, 37.65911267287261)	(70, 37.77174855639809)	(75, 37.308082115775846)	(80, 36.46676530423525)	(85, 37.396210673406905)	(90, 36.81732322298256)	(95, 36.46735301974806)	(100, 37.5425230668064)	(105, 37.30167478371658)	(110, 37.53388405975792)	(115, 36.475420750878484)	(120, 37.1448081704786)	(125, 36.368600374000785)	(130, 36.31037543924542)	(135, 35.94867969504552)	(140, 35.710630252964265)	(145, 36.7324373754187)	(150, 36.59574214495613)	(155, 36.01105151758009)	(160, 36.058886628444604)	(165, 35.77031420175492)	(170, 35.70584633088795)	(175, 35.397213488687505)	(180, 34.62767605778517)	(185, 35.15150730534493)	(190, 35.29768818198632)	(195, 33.52950701765201)	(200, 33.33629657028954)	(205, 34.53985985245464)	(210, 33.251764174013104)	(215, 34.49671824589524)	(220, 34.25446026755441)	(225, 34.10568604483899)	(230, 33.05803998931427)	(235, 32.6993362513614)	(240, 32.87917671670214)	(245, 33.363481781822344)	(250, 27.30283337669858)
SRR19621150_2	(1, 32.298152600538394)	(2, 32.206953948585166)	(3, 32.53200583605614)	(4, 31.22386618169862)	(5, 31.316256704272238)	(6, 35.72640404414031)	(7, 35.56145326017714)	(8, 34.09744569796354)	(9, 34.77411996794279)	(10, 36.34693298810184)	(15, 36.3342621704375)	(20, 35.55255943940982)	(25, 36.9006144298543)	(30, 36.06214577810657)	(35, 36.921410517230754)	(40, 35.909158909232886)	(45, 36.31415243614245)	(50, 35.051534019686414)	(55, 36.085925651932676)	(60, 35.81384624868997)	(65, 35.58936769208639)	(70, 36.21092000082198)	(75, 36.85533567597558)	(80, 37.28790662310174)	(85, 36.74627129441259)	(90, 37.034911682654595)	(95, 37.26263203320866)	(100, 35.86465825490116)	(105, 34.65812011674872)	(110, 36.84822753334292)	(115, 35.01385092784776)	(120, 36.91546412938493)	(125, 34.81469349170794)	(130, 36.57215887357389)	(135, 33.71846800384842)	(140, 34.65130397254362)	(145, 35.869795926755586)	(150, 35.37202573008077)	(155, 34.945173554738076)	(160, 32.91712530056104)	(165, 31.81729998561417)	(170, 34.78619014304084)	(175, 33.215738742626954)	(180, 35.77631173315247)	(185, 33.9229052346014)	(190, 34.593899312870235)	(195, 32.95475583689576)	(200, 33.59229283130549)	(205, 33.10677319766055)	(210, 33.9663782295028)	(215, 33.79415041210203)	(220, 33.0672637749063)	(225, 32.76564581106635)	(230, 30.813836553291043)	(235, 30.852419321685506)	(240, 31.23975586556358)	(245, 32.741153646947815)	(250, 29.995268764698128)
SRR19621151_1	(1, 32.50936522311872)	(2, 32.50389016960316)	(3, 27.79497365387782)	(4, 32.215544212086286)	(5, 31.827885723695044)	(6, 35.29859624567759)	(7, 35.11207393380537)	(8, 32.909394039189856)	(9, 32.74322822328339)	(10, 34.142425489873204)	(15, 37.40496871397991)	(20, 37.73025275810967)	(25, 37.23742384324057)	(30, 38.30629836983369)	(35, 37.479104231845874)	(40, 37.88380948460399)	(45, 37.03166474559525)	(50, 37.172534167627205)	(55, 36.1077926889511)	(60, 36.73770377078874)	(65, 37.442717767166144)	(70, 37.57255886711675)	(75, 37.392075580438004)	(80, 36.56050963280092)	(85, 37.351321422690596)	(90, 36.755874361929855)	(95, 36.46102832208135)	(100, 37.16081425983863)	(105, 36.77309813930512)	(110, 37.267013831714145)	(115, 36.53541083484275)	(120, 36.80449942367858)	(125, 36.12636258850651)	(130, 36.0990737691421)	(135, 35.65797381854108)	(140, 35.8301951259674)	(145, 36.90425654536473)	(150, 36.335871891980894)	(155, 35.817145562325045)	(160, 35.922044294417915)	(165, 35.46389346286843)	(170, 35.65700642186728)	(175, 35.45820434711017)	(180, 34.90598139305121)	(185, 35.44235139140458)	(190, 35.28268154124815)	(195, 33.61547423019924)	(200, 33.24768236456446)	(205, 34.91102832208134)	(210, 33.55992919479664)	(215, 34.526728964268074)	(220, 34.49162687304462)	(225, 34.346731434217034)	(230, 33.065243701630166)	(235, 32.76831878807838)	(240, 33.08931335419068)	(245, 33.10626355396421)	(250, 27.378260485176476)
SRR19621151_2	(1, 30.87856084307591)	(2, 31.840482463362424)	(3, 32.145582907953234)	(4, 31.309525769800757)	(5, 31.51984192326692)	(6, 36.43115017289643)	(7, 35.93534908611889)	(8, 34.83692162028652)	(9, 35.12475300510456)	(10, 36.12061995718755)	(15, 36.45394780174543)	(20, 35.82748229869916)	(25, 36.91374938251276)	(30, 36.086345298863826)	(35, 36.90654948131072)	(40, 35.80256874691257)	(45, 36.72074345463527)	(50, 35.49179565288984)	(55, 36.29170920467643)	(60, 36.35109089412152)	(65, 36.02290054338877)	(70, 36.63671579120698)	(75, 37.6017166145233)	(80, 37.53117898896757)	(85, 37.16691091717438)	(90, 37.17903836654043)	(95, 37.567989461551136)	(100, 36.17144739008727)	(105, 34.44725424007903)	(110, 37.015313683517206)	(115, 35.70209263560763)	(120, 37.61005701582858)	(125, 35.50385525801206)	(130, 37.1462651544779)	(135, 34.45240060240567)	(140, 34.41428130339021)	(145, 35.92337745209032)	(150, 35.370387600090574)	(155, 34.97108334534077)	(160, 33.37781421103075)	(165, 31.347317434269087)	(170, 34.449947508182554)	(175, 33.308478628033214)	(180, 35.680246725971344)	(185, 33.81711956521739)	(190, 33.37368247694335)	(195, 32.432789855072464)	(200, 33.28038537549407)	(205, 32.655678906815254)	(210, 33.59675205964432)	(215, 33.56764102519931)	(220, 32.621235330450894)	(225, 32.328672019765285)	(230, 30.500588840848263)	(235, 31.041037677578753)	(240, 31.773736874613963)	(245, 33.4597546207524)	(250, 29.877345142475072)
SRR19621152_1	(1, 32.70267697132616)	(2, 32.51919056152927)	(3, 27.801672640382318)	(4, 32.16524790919952)	(5, 31.76099537037037)	(6, 34.717405913978496)	(7, 34.56425477897252)	(8, 32.67056824970131)	(9, 31.815766875746714)	(10, 33.94527329749104)	(15, 37.34600881123059)	(20, 37.68135454002389)	(25, 37.3069332437276)	(30, 38.3229091995221)	(35, 37.43107452210275)	(40, 37.95597744922341)	(45, 37.09380227001195)	(50, 37.19058019713261)	(55, 35.940180704898445)	(60, 37.09423536439665)	(65, 37.68282556750298)	(70, 37.89863724611708)	(75, 37.39671445639188)	(80, 36.42306227598566)	(85, 37.289863351254475)	(90, 36.82160244922342)	(95, 36.547147550776586)	(100, 37.58546146953405)	(105, 37.32225209080048)	(110, 37.52188993428913)	(115, 36.50442801672641)	(120, 37.33481182795698)	(125, 36.431791367980885)	(130, 36.345392771804065)	(135, 35.99290994623656)	(140, 35.49889486260454)	(145, 36.75977449223417)	(150, 36.38080943847073)	(155, 35.91753285543608)	(160, 35.89131197729988)	(165, 35.71537111708483)	(170, 35.550604838709674)	(175, 35.33919130824373)	(180, 34.55191158900836)	(185, 35.06006197729988)	(190, 35.17065038829152)	(195, 33.488817951015534)	(200, 33.373719384707286)	(205, 34.664870818399045)	(210, 33.313649940262835)	(215, 34.502803912783754)	(220, 34.14463485663082)	(225, 34.01845878136201)	(230, 33.055637694145766)	(235, 32.621594982078854)	(240, 32.89489247311828)	(245, 33.38607702192538)	(250, 27.497713084902347)
SRR19621152_2	(1, 32.20571983273596)	(2, 32.16224238351254)	(3, 32.45538381123058)	(4, 30.891875746714458)	(5, 31.415061230585422)	(6, 34.81195863201911)	(7, 35.913959826762245)	(8, 31.803931451612904)	(9, 33.56994847670251)	(10, 35.78263888888889)	(15, 36.063799283154125)	(20, 35.06260080645161)	(25, 36.71429211469534)	(30, 35.73916517323775)	(35, 36.806574820788526)	(40, 35.51130899044206)	(45, 36.442346176821985)	(50, 34.97987604540024)	(55, 35.839796146953404)	(60, 35.902751642771804)	(65, 35.50406212664277)	(70, 36.16249253285544)	(75, 37.28247461170849)	(80, 37.560670549581836)	(85, 36.959934287901135)	(90, 37.07695782851382)	(95, 37.53025183415163)	(100, 35.978053652435264)	(105, 34.24295181735023)	(110, 36.87330259301436)	(115, 35.174114660145236)	(120, 37.424851218608396)	(125, 35.127233693014226)	(130, 37.098939811582056)	(135, 33.760238219699794)	(140, 34.25600029870809)	(145, 35.72647673810768)	(150, 35.78818659265538)	(155, 35.338629277673014)	(160, 32.780347284443636)	(165, 30.937930676542162)	(170, 34.76089624915415)	(175, 33.23082964321681)	(180, 35.86090755885615)	(185, 34.232066179802665)	(190, 34.496307964626496)	(195, 32.9130098051292)	(200, 33.38868699695606)	(205, 33.248777754953416)	(210, 33.856139236960544)	(215, 33.79022577452427)	(220, 33.04567161894099)	(225, 32.55644119705986)	(230, 30.875444002465123)	(235, 30.584645264907465)	(240, 30.873766971072143)	(245, 33.04048179575322)	(250, 30.315732406924006)
SRR19621153_1	(1, 32.535246412975674)	(2, 32.45425855931892)	(3, 27.850684378554917)	(4, 32.165920516678284)	(5, 31.71988183919856)	(6, 35.26789842574584)	(7, 34.931030053942976)	(8, 32.83646471689112)	(9, 32.08295108436388)	(10, 33.75893361711497)	(15, 37.39683681332796)	(20, 37.6794466258119)	(25, 37.20663094932296)	(30, 38.26488936185828)	(35, 37.37406700671535)	(40, 37.89120032292393)	(45, 36.88257678617298)	(50, 36.99501302704488)	(55, 35.263608674911005)	(60, 36.544868078235666)	(65, 37.24513962790356)	(70, 37.57313860041833)	(75, 37.00393747018458)	(80, 35.81399948625738)	(85, 37.12122857876775)	(90, 36.34647535870243)	(95, 35.984393233275846)	(100, 37.06184360206965)	(105, 36.76349858720781)	(110, 37.05347326703607)	(115, 35.848915636123444)	(120, 36.66499211038127)	(125, 35.690117793842425)	(130, 35.7523503724634)	(135, 35.42424498183552)	(140, 35.90403287952736)	(145, 36.76095923085391)	(150, 36.53114748082639)	(155, 35.98171443249789)	(160, 36.00711166562695)	(165, 35.62284686800484)	(170, 35.64996513889399)	(175, 35.3345601996257)	(180, 34.91348941323254)	(185, 35.39671938644454)	(190, 35.306616270962536)	(195, 33.732875857766686)	(200, 33.14668452533852)	(205, 34.878841143444276)	(210, 33.06179589739826)	(215, 34.38322630362188)	(220, 34.295156141059046)	(225, 34.320924002788885)	(230, 33.14437635316135)	(235, 32.9034567538806)	(240, 33.20081831859382)	(245, 33.163801067433845)	(250, 27.52961772459129)
SRR19621153_2	(1, 30.43820410260174)	(2, 31.62017907599721)	(3, 31.47768889215075)	(4, 29.879105353931966)	(5, 31.023063373821145)	(6, 35.89611390407691)	(7, 35.60506036475726)	(8, 35.40548970679975)	(9, 35.09735422553301)	(10, 36.23897471652417)	(15, 36.1481927268724)	(20, 35.675402737514226)	(25, 36.76510219808448)	(30, 36.01186378481524)	(35, 36.66411140875564)	(40, 35.39424608271256)	(45, 36.52054603500789)	(50, 35.04467725955011)	(55, 36.13738945359803)	(60, 36.28041539760009)	(65, 35.79681846537742)	(70, 36.49941653517302)	(75, 37.28564456350226)	(80, 37.440148985358334)	(85, 36.951998091813145)	(90, 36.98234193240615)	(95, 37.487042677332944)	(100, 36.13689772852372)	(105, 34.197996403801696)	(110, 36.92573116582877)	(115, 35.17450541746157)	(120, 37.295671639052486)	(125, 34.54466890515771)	(130, 36.55213783287202)	(135, 33.57114128440368)	(140, 33.76245263889195)	(145, 35.71674752596145)	(150, 35.160101288120664)	(155, 34.83351960969363)	(160, 32.414867146212565)	(165, 31.345940986494423)	(170, 34.40804844481145)	(175, 32.718999831379556)	(180, 35.530814504711714)	(185, 33.5902544733892)	(190, 33.59859500181268)	(195, 31.8354226426081)	(200, 32.98494494087384)	(205, 32.46592398186724)	(210, 33.51172819813451)	(215, 33.66574105032385)	(220, 32.467670000917686)	(225, 32.19161155123527)	(230, 30.157863436123346)	(235, 30.961747430249638)	(240, 31.586068281938328)	(245, 33.05569880817079)	(250, 29.631403108124527)
SRR19621154_1	(1, 32.52845174833109)	(2, 32.49155619433045)	(3, 27.83541670606479)	(4, 32.19051041055996)	(5, 31.76514306246336)	(6, 35.28141606308743)	(7, 35.010098526825395)	(8, 32.4997257890656)	(9, 32.135838423570796)	(10, 33.72577015450368)	(15, 37.41705402900963)	(20, 37.62886211917775)	(25, 37.25236861514022)	(30, 38.28366270163959)	(35, 37.41972805839747)	(40, 37.93442387337128)	(45, 36.872210140131244)	(50, 37.076854706026964)	(55, 35.41770457081261)	(60, 36.828230488473686)	(65, 37.55140225798522)	(70, 37.76798729174152)	(75, 37.133383762930464)	(80, 35.89298965562889)	(85, 37.18019251498705)	(90, 36.685591633729835)	(95, 36.4960229958963)	(100, 37.38854365627187)	(105, 37.10032716201139)	(110, 37.26158966697555)	(115, 36.17807447190757)	(120, 36.919419807485006)	(125, 36.019130467671474)	(130, 35.9986573119764)	(135, 35.79816184118459)	(140, 35.54193157964409)	(145, 36.71598176970063)	(150, 36.21881276120955)	(155, 35.70277047599236)	(160, 35.823188789500556)	(165, 35.25118856256737)	(170, 35.21061669093591)	(175, 35.16560827549689)	(180, 34.515856956447735)	(185, 35.06202840447058)	(190, 35.03017833166285)	(195, 33.384678227651804)	(200, 32.93746477807825)	(205, 34.48566727812553)	(210, 32.98475765426729)	(215, 34.31461638835833)	(220, 34.01296923164206)	(225, 34.06766012973014)	(230, 32.80988672251745)	(235, 32.373603888121934)	(240, 32.79984114376489)	(245, 33.15551070428755)	(250, 26.538218451006188)
SRR19621154_2	(1, 31.871934038086952)	(2, 32.27526995593714)	(3, 32.28047050814123)	(4, 31.174303598782124)	(5, 32.45218328637077)	(6, 36.31477524158929)	(7, 36.30789160158097)	(8, 35.240549178312754)	(9, 35.62249664327994)	(10, 36.15099756046824)	(15, 36.342665330282344)	(20, 35.68049320145993)	(25, 36.84326481211823)	(30, 36.13698821838537)	(35, 36.99456495016925)	(40, 35.576845250477504)	(45, 36.74423116927325)	(50, 35.400741315077816)	(55, 36.1699843037879)	(60, 36.397458348304625)	(65, 36.052678757162575)	(70, 36.611233192760835)	(75, 37.384084419145594)	(80, 37.67574780233436)	(85, 37.17415182117327)	(90, 37.186879231438404)	(95, 37.620798819925106)	(100, 36.32799273800068)	(105, 34.41042399485608)	(110, 37.246483218106064)	(115, 35.40427785237438)	(120, 37.56346615730847)	(125, 35.10022316362811)	(130, 37.03567970345715)	(135, 33.89659202662834)	(140, 34.815689537786525)	(145, 36.15845595484828)	(150, 35.8179271683044)	(155, 35.467348791466506)	(160, 32.96490146385747)	(165, 32.141467078700124)	(170, 35.05289099884625)	(175, 33.30917834811809)	(180, 36.063048988083985)	(185, 34.47708593698569)	(190, 34.65571128638711)	(195, 32.51354015433346)	(200, 33.313401457380785)	(205, 33.04590852343661)	(210, 34.21867741081225)	(215, 33.84705481784133)	(220, 32.95681156130594)	(225, 32.91736087466425)	(230, 30.975557068815494)	(235, 31.358315009674044)	(240, 32.105633323244554)	(245, 33.702513796839725)	(250, 30.12506745355809)
SRR19621155_1	(1, 32.56250233148058)	(2, 32.49653075689186)	(3, 27.805535867497294)	(4, 32.20455478046779)	(5, 31.821613757600627)	(6, 35.00479352407953)	(7, 34.8491252284851)	(8, 32.56390121983064)	(9, 32.28505614205245)	(10, 33.94867385384415)	(15, 37.37977767001156)	(20, 37.65268400044765)	(25, 37.24734957287276)	(30, 38.30824784571194)	(35, 37.45265042712724)	(40, 37.88743611743202)	(45, 36.9516991830492)	(50, 37.16117432014026)	(55, 35.89457977393964)	(60, 36.93335322863432)	(65, 37.54710709889208)	(70, 37.691834222404594)	(75, 37.37788637296229)	(80, 36.473962024844255)	(85, 37.3555526541575)	(90, 36.796672510911336)	(95, 36.71207147386876)	(100, 37.38547767374193)	(105, 37.025586600514785)	(110, 37.3256761293692)	(115, 36.520811728279924)	(120, 37.059212146081244)	(125, 36.2758607826314)	(130, 36.38370947886746)	(135, 35.6715932405715)	(140, 35.27021673443504)	(145, 36.676942589622115)	(150, 35.962405341888314)	(155, 35.52090125713433)	(160, 35.61504084753982)	(165, 35.13256239042041)	(170, 35.108285149401276)	(175, 35.069802663483415)	(180, 34.113324877830415)	(185, 34.80795314656619)	(190, 34.933912783974336)	(195, 33.135121423508785)	(200, 32.88583205879061)	(205, 34.22206886261051)	(210, 33.12012534039617)	(215, 34.12104674152273)	(220, 33.84635356436751)	(225, 33.78454881187749)	(230, 32.42889916812773)	(235, 32.135337099687426)	(240, 32.556551582638534)	(245, 33.01157089718767)	(250, 27.00096156838164)
SRR19621155_2	(1, 31.44548065803708)	(2, 32.45281083299138)	(3, 32.53155892117731)	(4, 30.56436751594733)	(5, 31.88215764539113)	(6, 35.842112134890144)	(7, 35.75663073077927)	(8, 32.63640094005297)	(9, 34.34259708285149)	(10, 36.018301189987696)	(15, 36.27704703995225)	(20, 35.40859477002276)	(25, 36.7669153579289)	(30, 35.88416085350841)	(35, 36.90913567351811)	(40, 35.31029954862536)	(45, 36.44325362778379)	(50, 35.004345879807516)	(55, 35.98604468981982)	(60, 36.09901891297049)	(65, 35.74126907151117)	(70, 36.380385720147714)	(75, 37.282601559294214)	(80, 37.58558212407207)	(85, 37.11321669713134)	(90, 37.16044689819823)	(95, 37.51468473587437)	(100, 36.09123906515211)	(105, 34.05732937906851)	(110, 36.998496633279245)	(115, 35.297066010109496)	(120, 37.48129371607632)	(125, 35.408229347359786)	(130, 37.210877958704046)	(135, 34.18858485815008)	(140, 34.85900600333823)	(145, 35.86429157651272)	(150, 35.630827126006295)	(155, 35.30516933042365)	(160, 33.1647851067005)	(165, 31.5009513505447)	(170, 34.65602755800444)	(175, 33.301690662638734)	(180, 35.91910568658009)	(185, 34.25872121622359)	(190, 34.206798468197505)	(195, 32.57967703912018)	(200, 33.186611940298505)	(205, 32.87731343283582)	(210, 33.897108208955224)	(215, 33.51751319207615)	(220, 32.91890081080809)	(225, 32.68195915705761)	(230, 30.832134194126205)	(235, 30.816655485714314)	(240, 31.38396402448127)	(245, 33.423590128602896)	(250, 30.01152417085964)
SRR19621156_1	(1, 32.39065364013311)	(2, 32.48344099798907)	(3, 27.865107753634796)	(4, 32.19465057925365)	(5, 31.843806168028046)	(6, 35.1949886996601)	(7, 34.984713398466)	(8, 32.81111526346698)	(9, 32.746320716103426)	(10, 34.10394177210685)	(15, 37.39299556884309)	(20, 37.67745448721371)	(25, 37.24343601516203)	(30, 38.31406758848967)	(35, 37.466584805936684)	(40, 37.923438862491764)	(45, 36.88021283789796)	(50, 37.1769900165501)	(55, 35.79297065470788)	(60, 36.70695638246757)	(65, 37.59255067357144)	(70, 37.771391454451624)	(75, 37.35702667592049)	(80, 36.378591639528054)	(85, 37.36755823679106)	(90, 36.90011211360846)	(95, 36.49967077749898)	(100, 37.48258323990533)	(105, 37.23498300500063)	(110, 37.33907782108092)	(115, 36.35626501521541)	(120, 36.986286548146566)	(125, 36.06486928976919)	(130, 36.14305340522841)	(135, 35.91719253287776)	(140, 35.6121367430107)	(145, 36.79154343067641)	(150, 36.14145534141263)	(155, 35.58852526115352)	(160, 35.79029060559144)	(165, 35.21986012492659)	(170, 35.22155428612105)	(175, 35.273898884202666)	(180, 34.47640097521044)	(185, 35.068602850888894)	(190, 34.95748936700301)	(195, 33.3577029167334)	(200, 32.9499937714662)	(205, 34.56049329987721)	(210, 33.27766447778193)	(215, 34.26530350755432)	(220, 34.06170875375936)	(225, 34.10010143612194)	(230, 32.76324453223712)	(235, 32.26821846137419)	(240, 32.860613099121956)	(245, 33.237762931347774)	(250, 28.177644417579003)
SRR19621156_2	(1, 31.802786823981634)	(2, 31.797661630452193)	(3, 32.339668642001676)	(4, 31.280497570871816)	(5, 32.46423931806453)	(6, 36.296015517947076)	(7, 36.006228533803146)	(8, 35.788158667449686)	(9, 35.92974213870055)	(10, 36.49932909793035)	(15, 36.54476536223374)	(20, 35.89732528962683)	(25, 36.78708380047337)	(30, 36.256857615717266)	(35, 37.050607726941074)	(40, 35.647767515526844)	(45, 36.79485701065969)	(50, 35.45598562098482)	(55, 36.29424661434698)	(60, 36.476514868399974)	(65, 36.23798693787482)	(70, 36.84071681526169)	(75, 37.49558485932411)	(80, 37.68832772765292)	(85, 37.26735471430589)	(90, 37.238290148063776)	(95, 37.59934065231782)	(100, 36.45116121798865)	(105, 34.63205851470876)	(110, 37.21764197145088)	(115, 35.52402918668802)	(120, 37.69901344726478)	(125, 35.5319973660325)	(130, 37.22060189716848)	(135, 34.17205146914877)	(140, 34.66965776219545)	(145, 36.11929590783533)	(150, 35.84941980494055)	(155, 35.652092973588665)	(160, 33.30159108706486)	(165, 32.11924334395977)	(170, 35.046017762115795)	(175, 33.65291615498247)	(180, 35.90671151689893)	(185, 34.149845157156584)	(190, 34.54504324920799)	(195, 32.88789022176343)	(200, 33.29478827060761)	(205, 32.9035365311026)	(210, 34.06271780724392)	(215, 33.434807655026766)	(220, 32.72490744695999)	(225, 32.80553894347145)	(230, 30.60344582087427)	(235, 31.025306136978497)	(240, 31.800565086990154)	(245, 33.34485667930781)	(250, 29.565547177491496)
SRR19621157_1	(1, 32.48785638859557)	(2, 32.45514255543823)	(3, 27.869904963041183)	(4, 32.19260823653643)	(5, 31.823717001055964)	(6, 35.34168954593453)	(7, 35.08225976768743)	(8, 32.50139387539599)	(9, 32.283843717001055)	(10, 33.78279197465681)	(15, 37.41074551214361)	(20, 37.65690390707497)	(25, 37.28339598732841)	(30, 38.317389651531144)	(35, 37.43218162618796)	(40, 37.93200844772967)	(45, 36.90104329461458)	(50, 37.1101752903907)	(55, 35.77941710665259)	(60, 37.13385427666314)	(65, 37.51700950369589)	(70, 37.70990496304118)	(75, 37.30066314677931)	(80, 36.175708553326295)	(85, 37.3694994720169)	(90, 36.663729672650476)	(95, 36.52075607180571)	(100, 37.39937486800422)	(105, 37.16307497360084)	(110, 37.32073072861668)	(115, 36.435180570221746)	(120, 36.971759239704326)	(125, 36.118179514255544)	(130, 36.01817951425554)	(135, 35.85389229144668)	(140, 35.31749524815206)	(145, 36.760025343189014)	(150, 36.0471045406547)	(155, 35.49390073917635)	(160, 35.67104118268215)	(165, 34.973212249208025)	(170, 34.96816050686378)	(175, 35.097964097148896)	(180, 34.15562407602956)	(185, 35.02335797254487)	(190, 34.80385638859557)	(195, 33.001537486800416)	(200, 32.9431636747624)	(205, 34.288312565997884)	(210, 33.03316156282999)	(215, 34.09106652587117)	(220, 33.79309820485745)	(225, 33.88081520591341)	(230, 32.57333051742344)	(235, 31.970027455121443)	(240, 32.51300363895648)	(245, 33.011629138648836)	(250, 27.82060898533898)
SRR19621157_2	(1, 30.64120380147835)	(2, 31.635923970432945)	(3, 32.39493136219641)	(4, 31.050031678986272)	(5, 31.109419218585007)	(6, 36.15001055966209)	(7, 36.06411826821542)	(8, 35.25336853220697)	(9, 35.41507919746568)	(10, 36.17766842661035)	(15, 36.34658922914467)	(20, 35.71372333685322)	(25, 36.94642449841605)	(30, 36.17150580781414)	(35, 37.01365575501584)	(40, 35.75676451953537)	(45, 36.86933051742344)	(50, 35.399438225976766)	(55, 36.123104540654694)	(60, 36.36790707497361)	(65, 36.16503062302006)	(70, 36.73270960929251)	(75, 37.484012671594506)	(80, 37.71842872228088)	(85, 37.2206504751848)	(90, 37.18048574445617)	(95, 37.653693769799375)	(100, 36.33677719112988)	(105, 34.417858500527984)	(110, 37.24630623020063)	(115, 35.56478563885956)	(120, 37.723666314677935)	(125, 35.48713833157339)	(130, 37.279332629355864)	(135, 34.36639118894784)	(140, 34.93168176730237)	(145, 36.192696783459)	(150, 35.84154708888108)	(155, 35.530974909183065)	(160, 33.31735062411557)	(165, 31.988658204321286)	(170, 34.8293426369561)	(175, 33.683035591907206)	(180, 35.847071496462135)	(185, 34.4521430117331)	(190, 34.81028167573225)	(195, 33.3188679269969)	(200, 33.62224428577464)	(205, 33.096427360851976)	(210, 34.13474026659906)	(215, 33.925204570514325)	(220, 33.091007270677345)	(225, 33.03650998204289)	(230, 30.758653005104463)	(235, 31.176820044788105)	(240, 32.03417232006541)	(245, 33.55867834675537)	(250, 30.077815536568757)
SRR19621158_1	(1, 32.69571075323358)	(2, 32.47094534618311)	(3, 27.827748541719505)	(4, 32.08131498858737)	(5, 31.775408952574182)	(6, 35.30945663200609)	(7, 35.03827986304844)	(8, 32.70336672584327)	(9, 32.49459485163581)	(10, 33.87663898047172)	(15, 37.38584516865331)	(20, 37.64373573421253)	(25, 37.264294319046414)	(30, 38.28575957392848)	(35, 37.40633400963733)	(40, 37.93020859751458)	(45, 36.928474511793056)	(50, 37.16262680699974)	(55, 35.82063783920872)	(60, 37.0244040071012)	(65, 37.63462465128075)	(70, 37.950808394623394)	(75, 37.299312072026375)	(80, 36.27981866599036)	(85, 37.47231486178037)	(90, 36.67272381435455)	(95, 36.52975209231549)	(100, 37.536625031701746)	(105, 37.37232754248035)	(110, 37.453591808267824)	(115, 36.42548820694903)	(120, 37.18413644433173)	(125, 36.25687610956125)	(130, 36.15810613745879)	(135, 35.909697565305606)	(140, 35.56469059092062)	(145, 36.909662693380675)	(150, 36.591411995942174)	(155, 35.90207012427086)	(160, 36.056391072787214)	(165, 35.44668716713162)	(170, 35.33245942176008)	(175, 35.34471531828557)	(180, 34.79124080649252)	(185, 35.31552434694395)	(190, 35.241564164341874)	(195, 33.64672837940655)	(200, 33.17383971595232)	(205, 34.663270352523455)	(210, 33.22321519147857)	(215, 34.449381815876244)	(220, 34.2045492011159)	(225, 34.17515850874968)	(230, 32.960211133654575)	(235, 32.598894653642255)	(240, 33.14875013869736)	(245, 33.16936838973334)	(250, 27.202164597586695)
SRR19621158_2	(1, 31.668637458787725)	(2, 32.02651851382196)	(3, 32.086101952827796)	(4, 32.322692112604614)	(5, 32.51081029672838)	(6, 35.97955237129089)	(7, 35.47384605630231)	(8, 34.98166053766168)	(9, 35.17882957139234)	(10, 36.399822470200355)	(15, 36.249004565052)	(20, 35.84983198072534)	(25, 36.944598021810805)	(30, 36.22777073294445)	(35, 36.95691415166117)	(40, 36.04986051230028)	(45, 36.749717854425555)	(50, 35.22931143799138)	(55, 36.0449499112351)	(60, 36.45251077859498)	(65, 35.918659650012685)	(70, 36.627003550595994)	(75, 37.51796855186406)	(80, 37.77544065432412)	(85, 37.16172964747655)	(90, 37.12495878772508)	(95, 37.67680699974638)	(100, 36.31517562769465)	(105, 34.50020626740305)	(110, 37.262879244206324)	(115, 35.3345422842197)	(120, 37.25357850519141)	(125, 35.075177934532775)	(130, 37.16169793642049)	(135, 34.6013581686051)	(140, 34.79718778732443)	(145, 36.379093225252845)	(150, 36.0634099548831)	(155, 35.45660293604744)	(160, 33.16691320234277)	(165, 31.532282765508818)	(170, 34.92807838039222)	(175, 34.13548202989996)	(180, 36.20116839772659)	(185, 34.508903544929936)	(190, 34.82349744074346)	(195, 32.92948179062923)	(200, 33.70156485342382)	(205, 33.30732062741028)	(210, 34.009741248097406)	(215, 34.10001585489599)	(220, 33.005060882800606)	(225, 32.64914700659564)	(230, 30.896381356038745)	(235, 31.374845021641978)	(240, 31.814727194887972)	(245, 33.56736373622285)	(250, 29.853601443653467)
SRR19621159_1	(1, 32.470766414346706)	(2, 32.4744759392746)	(3, 27.81475258793561)	(4, 31.920955804864537)	(5, 31.802347358468978)	(6, 35.29343185253434)	(7, 35.12665980163677)	(8, 32.746102288945494)	(9, 33.28984878868354)	(10, 34.35434273360673)	(15, 37.41908839629288)	(20, 37.61994471844345)	(25, 37.30224197423807)	(30, 38.31037161490795)	(35, 37.483993038618806)	(40, 37.94654309612848)	(45, 36.996250730162174)	(50, 37.213165200320375)	(55, 36.08031362347117)	(60, 37.123489843971115)	(65, 37.4864933547715)	(70, 37.88480479829458)	(75, 37.34097037799818)	(80, 36.42491403657736)	(85, 37.524554525801065)	(90, 36.764150091232636)	(95, 36.4798162099013)	(100, 37.42674591560831)	(105, 37.43603418062255)	(110, 37.57765733865674)	(115, 36.46720141636406)	(120, 37.13989244786491)	(125, 36.351424493704044)	(130, 36.48383285458783)	(135, 35.987768202867656)	(140, 35.57530516262292)	(145, 36.98108864921504)	(150, 36.37328419417195)	(155, 35.97853413545788)	(160, 36.0846554537845)	(165, 35.58180044442035)	(170, 35.458269651148086)	(175, 35.23927037980477)	(180, 34.66703521037704)	(185, 35.28885275715258)	(190, 35.232795572657906)	(195, 33.45660397810417)	(200, 33.155146062544034)	(205, 34.814543023865006)	(210, 33.48229725579463)	(215, 34.66539482954854)	(220, 34.353435827025336)	(225, 34.25787461083108)	(230, 33.05087348472531)	(235, 32.63235015942449)	(240, 33.124790981359766)	(245, 33.31408210648283)	(250, 27.74141259067117)
SRR19621159_2	(1, 31.817841851390167)	(2, 32.09722448045574)	(3, 32.08810121703732)	(4, 31.932012116175578)	(5, 32.7364009177461)	(6, 36.46822514889286)	(7, 36.07254650455561)	(8, 34.60876555922895)	(9, 34.80338915686593)	(10, 36.04131061851511)	(15, 36.18953986233808)	(20, 36.08018354922046)	(25, 37.120386127822044)	(30, 36.32981410221668)	(35, 37.07527685942948)	(40, 35.99584244154186)	(45, 36.86376890141455)	(50, 35.484696217449354)	(55, 36.20249987313679)	(60, 36.57071124581002)	(65, 35.765651346533694)	(70, 36.84263983234572)	(75, 37.46694368164957)	(80, 37.66913450884039)	(85, 37.24460543431132)	(90, 37.274993977935154)	(95, 37.67657779581488)	(100, 36.5652320014453)	(105, 34.37613802655746)	(110, 37.249501679894905)	(115, 35.30780272535422)	(120, 37.35912028087419)	(125, 35.47392969286192)	(130, 37.432590995591745)	(135, 34.97821164833864)	(140, 34.92234433999193)	(145, 36.23074341576047)	(150, 35.96751467397754)	(155, 35.57570504498657)	(160, 33.5951756090271)	(165, 31.935704635792796)	(170, 35.36054352408491)	(175, 33.98962885689167)	(180, 36.36450793889715)	(185, 34.11167325143687)	(190, 35.005093375354164)	(195, 32.97536244823604)	(200, 33.59834245513429)	(205, 33.36524523919153)	(210, 33.762290154504115)	(215, 34.29374477494704)	(220, 33.256707518266026)	(225, 32.70952062758964)	(230, 31.07268455769405)	(235, 31.62285532952825)	(240, 32.0703836595856)	(245, 33.41616417090803)	(250, 29.936247462709268)
SRR19621160_1	(1, 32.37094168418723)	(2, 32.454996127033304)	(3, 27.753524399690164)	(4, 32.081974106451256)	(5, 31.75348013721368)	(6, 34.84503706982406)	(7, 34.705411087750356)	(8, 32.62144516985725)	(9, 32.6844306738962)	(10, 34.13191103242226)	(15, 37.35683523293129)	(20, 37.64745380104017)	(25, 37.31800376231051)	(30, 38.3204559035078)	(35, 37.43820294345469)	(40, 37.94506584043377)	(45, 37.0507292243001)	(50, 37.142644682970015)	(55, 35.69605400022131)	(60, 37.04848511674228)	(65, 37.499054996127036)	(70, 37.715480801150825)	(75, 37.330158238353434)	(80, 36.34875290472502)	(85, 37.361319021799275)	(90, 36.706468960938366)	(95, 36.63186455682195)	(100, 37.50630076352771)	(105, 37.29874958503928)	(110, 37.45680646232157)	(115, 36.585889122496404)	(120, 37.15093947106341)	(125, 36.24261591236029)	(130, 36.309421268119955)	(135, 36.00828150935045)	(140, 35.710479141307964)	(145, 36.941091070045374)	(150, 36.521128693150374)	(155, 36.110620781232704)	(160, 36.08200509018479)	(165, 35.803691490538895)	(170, 35.735978754011285)	(175, 35.43688392165542)	(180, 34.748186345026014)	(185, 35.28416509903728)	(190, 35.295027110766846)	(195, 33.56401018036959)	(200, 33.38600863118292)	(205, 34.80852052672347)	(210, 33.456536461215)	(215, 34.73742171074471)	(220, 34.36273984729446)	(225, 34.3114130795618)	(230, 32.91231160783446)	(235, 32.324716989737816)	(240, 32.91867475212465)	(245, 33.43416923411462)	(250, 28.26031348527392)
SRR19621160_2	(1, 30.742215336948103)	(2, 31.66345026004205)	(3, 32.32304968462986)	(4, 31.504990594223745)	(5, 31.94115303751245)	(6, 36.11598981963041)	(7, 35.909461104348786)	(8, 33.955626867323225)	(9, 34.28912249640367)	(10, 36.02584928626757)	(15, 36.13364169525285)	(20, 35.68509018479584)	(25, 36.89693482350337)	(30, 35.97514219320571)	(35, 36.88057983844196)	(40, 35.496054000221314)	(45, 36.50032090295453)	(50, 35.157291136439085)	(55, 36.09124709527498)	(60, 36.05442514108664)	(65, 35.64164656412526)	(70, 36.506973553170305)	(75, 37.12721478366715)	(80, 37.395241783777806)	(85, 36.9826712404559)	(90, 37.07599340155643)	(95, 37.43508321529745)	(100, 36.219307719546734)	(105, 34.36129603399433)	(110, 37.05283728753542)	(115, 34.96494776912182)	(120, 37.09347127972857)	(125, 34.984724005134794)	(130, 37.088942499225354)	(135, 34.10386437076712)	(140, 34.78008056305608)	(145, 35.81144703643044)	(150, 35.541525520145555)	(155, 35.192554392333065)	(160, 33.00335276277323)	(165, 31.834893089556864)	(170, 34.91425036230494)	(175, 33.595996542968045)	(180, 36.079946873270615)	(185, 34.06419922523519)	(190, 34.80423242944106)	(195, 32.698682899833976)	(200, 33.24320088544549)	(205, 32.78839180962922)	(210, 34.060463061000874)	(215, 33.93304555717891)	(220, 33.10678320477502)	(225, 32.58789542425785)	(230, 30.543863833272212)	(235, 30.763686652232582)	(240, 31.039166722011906)	(245, 32.67107320774632)	(250, 29.913834992087462)
SRR19621161_1	(1, 32.55183619670939)	(2, 32.4927961094446)	(3, 27.776293064266884)	(4, 32.161894373238795)	(5, 31.710844468684666)	(6, 34.54435960367239)	(7, 34.392941550768114)	(8, 32.85883101536224)	(9, 32.35964912280702)	(10, 34.186369420961725)	(15, 37.33934187801108)	(20, 37.66995273156986)	(25, 37.27182074356877)	(30, 38.29905463139714)	(35, 37.3971684392328)	(40, 37.91604399600036)	(45, 36.87092537042086)	(50, 36.93879192800655)	(55, 35.77320243614217)	(60, 37.03473775111353)	(65, 37.57830197254795)	(70, 37.72886555767657)	(75, 37.26716662121625)	(80, 36.36201708935552)	(85, 37.31930279065539)	(90, 36.728233796927555)	(95, 36.429124625034085)	(100, 37.553704208708304)	(105, 37.237710208162895)	(110, 37.43652395236797)	(115, 36.43196073084265)	(120, 37.031847104808655)	(125, 36.3086537587492)	(130, 36.2598900099991)	(135, 36.02230706299427)	(140, 35.83858285610398)	(145, 36.951027179347335)	(150, 36.69880010908099)	(155, 36.165653122443416)	(160, 36.133783292427964)	(165, 35.98307881101718)	(170, 35.948691028088355)	(175, 35.57232978820107)	(180, 34.85955822197982)	(185, 35.166866648486504)	(190, 35.3098445595855)	(195, 33.613821470775385)	(200, 33.42925188619216)	(205, 34.65112717025725)	(210, 33.28486046723025)	(215, 34.6602399781838)	(220, 34.33788746477593)	(225, 34.27915189528225)	(230, 32.98861012635215)	(235, 32.429901827106626)	(240, 32.79381676184819)	(245, 33.442865963715946)	(250, 27.85316750297722)
SRR19621161_2	(1, 31.386919370966275)	(2, 31.5698345604945)	(3, 32.39300972638851)	(4, 32.261248977365696)	(5, 31.518998272884282)	(6, 36.194891373511496)	(7, 36.3382874284156)	(8, 34.076379420052724)	(9, 34.68527861103536)	(10, 36.148800109080995)	(15, 36.15157258431052)	(20, 35.388128351968)	(25, 36.701499863648756)	(30, 35.63267430233615)	(35, 36.88091991637124)	(40, 35.64480501772566)	(45, 36.41839832742478)	(50, 35.05682665212254)	(55, 36.06220358489122)	(60, 35.90700634047679)	(65, 35.59150512465059)	(70, 36.32982751176056)	(75, 37.11819648660319)	(80, 37.5340317705611)	(85, 36.90816080721769)	(90, 37.07578574188123)	(95, 37.408649410267486)	(100, 35.97444719678204)	(105, 34.61196736586142)	(110, 36.95025793695885)	(115, 35.10026134581733)	(120, 37.22755116073313)	(125, 35.14637516476524)	(130, 36.96952411254034)	(135, 34.160574519340024)	(140, 34.595872914867506)	(145, 35.89582291714013)	(150, 35.76046132674791)	(155, 35.406995595657946)	(160, 33.015621112359995)	(165, 31.66968604370785)	(170, 34.988885605836764)	(175, 33.16109280178194)	(180, 35.8266381798759)	(185, 34.24949882946565)	(190, 34.80758173304923)	(195, 33.163776878665274)	(200, 33.70744192389871)	(205, 33.20835113879165)	(210, 34.16396326771833)	(215, 33.91971177887894)	(220, 33.307558020594186)	(225, 32.837732618086214)	(230, 31.14333060556465)	(235, 30.893575421217793)	(240, 31.16704137942017)	(245, 32.71691998453876)	(250, 30.45177333922724)
SRR19621162_1	(1, 32.549818613246934)	(2, 32.46158935864382)	(3, 27.841109767505532)	(4, 32.19521321499464)	(5, 31.80836888817906)	(6, 35.04761687467202)	(7, 34.80775285769696)	(8, 32.6811928175409)	(9, 32.210089210340186)	(10, 33.78350863583472)	(15, 37.35669077551393)	(20, 37.68097834766935)	(25, 37.20091263775126)	(30, 38.253434940336305)	(35, 37.455771292979534)	(40, 37.86022496520569)	(45, 36.79044011955555)	(50, 37.087284674530565)	(55, 35.79835725204773)	(60, 36.73577768144379)	(65, 37.25288735768555)	(70, 37.291679025302884)	(75, 37.243427867393734)	(80, 35.996249058842324)	(85, 37.03951721462958)	(90, 36.35878984234183)	(95, 35.93139245704899)	(100, 36.61590727600448)	(105, 36.54337539072303)	(110, 36.68571493759839)	(115, 35.83103880992037)	(120, 36.2305231695909)	(125, 35.48820643865933)	(130, 35.580072554701225)	(135, 34.97908234274111)	(140, 35.117684638025054)	(145, 36.11526614798421)	(150, 35.57041684729289)	(155, 34.69417052636382)	(160, 35.189112231627455)	(165, 34.34331606926921)	(170, 34.81470259417281)	(175, 34.60659380775286)	(180, 34.08589290195989)	(185, 34.45259531360515)	(190, 34.39338337630336)	(195, 32.983198338999294)	(200, 32.70994546989436)	(205, 33.95219603458897)	(210, 32.77596568482055)	(215, 33.756435236943574)	(220, 33.60557165347144)	(225, 33.42559036254534)	(230, 32.23462547628283)	(235, 31.76864633005544)	(240, 32.607453751960136)	(245, 32.4365329593639)	(250, 28.537187655455554)
SRR19621162_2	(1, 31.73198110839855)	(2, 31.980332656460334)	(3, 32.03645987816286)	(4, 32.02153825092975)	(5, 32.109790321476645)	(6, 36.00232722626571)	(7, 35.76974149535695)	(8, 34.772251249172925)	(9, 34.98779347007689)	(10, 35.58825435214128)	(15, 36.239508088252066)	(20, 35.692660110885484)	(25, 36.79676926236054)	(30, 35.98354514134477)	(35, 36.87448036688038)	(40, 35.739806977115606)	(45, 36.65089780738781)	(50, 35.223012160898044)	(55, 36.25732277715667)	(60, 36.30690182299391)	(65, 35.90178648839809)	(70, 36.518925825366765)	(75, 37.28205526021584)	(80, 37.58297017956148)	(85, 37.16190650026239)	(90, 37.17164890825709)	(95, 37.56398492456453)	(100, 36.295751574336045)	(105, 34.46972559596691)	(110, 37.104789285143866)	(115, 35.323385127889196)	(120, 37.619278148377376)	(125, 35.618267694975586)	(130, 37.18259024323461)	(135, 34.18620552191966)	(140, 34.429727324586416)	(145, 35.50822589845978)	(150, 34.98008442669709)	(155, 34.579628066172276)	(160, 32.81221932745997)	(165, 31.0676494078452)	(170, 33.430460198044656)	(175, 33.26061896167804)	(180, 35.089267702699615)	(185, 33.513402250062754)	(190, 33.28481776986792)	(195, 32.290124068079784)	(200, 32.44904218744542)	(205, 32.03079393028237)	(210, 33.20272509414584)	(215, 32.24129152083933)	(220, 32.08713857033189)	(225, 32.185899162349074)	(230, 29.83411772761509)	(235, 30.293871681920887)	(240, 30.720389062256903)	(245, 32.93185857428726)	(250, 28.416517683791206)
SRR19621163_1	(1, 32.73676188680431)	(2, 32.517079915778886)	(3, 27.898384714496714)	(4, 32.220609031771474)	(5, 31.777473995160427)	(6, 34.82426699349486)	(7, 34.67961409132334)	(8, 32.65989440935231)	(9, 32.256842965337356)	(10, 33.97014550139845)	(15, 37.342446811853804)	(20, 37.71218692058703)	(25, 37.1711479840357)	(30, 38.28588982118727)	(35, 37.4903239998743)	(40, 37.82394959303605)	(45, 36.88113509946262)	(50, 37.206910530781556)	(55, 35.927422142610226)	(60, 36.564014330159324)	(65, 37.359577008893496)	(70, 37.45864680556865)	(75, 37.408346689293225)	(80, 36.21027937525533)	(85, 37.07288268753339)	(90, 36.479384683070926)	(95, 36.244414066182706)	(100, 36.7230476729204)	(105, 36.55905848339147)	(110, 36.75051695421263)	(115, 35.82453725527167)	(120, 36.50257062945853)	(125, 35.54439206813111)	(130, 35.73386757172936)	(135, 35.04832029163131)	(140, 35.25050752647623)	(145, 36.214864397724774)	(150, 35.61891203921938)	(155, 34.73781150812357)	(160, 35.22362276484083)	(165, 34.50655227679834)	(170, 35.002180949687315)	(175, 34.75432575971843)	(180, 34.091342195405545)	(185, 34.5251186323497)	(190, 34.60440903805663)	(195, 33.1635460859181)	(200, 32.87961094874454)	(205, 34.173140378995)	(210, 33.08044373212659)	(215, 34.09312403758524)	(220, 33.95164199742309)	(225, 33.74976902045819)	(230, 32.55708180132617)	(235, 32.07474891265235)	(240, 32.78150563316102)	(245, 32.59897735967499)	(250, 28.447480036562315)
SRR19621163_2	(1, 31.649099651173753)	(2, 32.07738600295402)	(3, 32.48790107161937)	(4, 30.699836585902393)	(5, 31.530985826969612)	(6, 36.28567612582886)	(7, 35.84705068979605)	(8, 33.589029257408626)	(9, 34.55411520693881)	(10, 35.851758272838694)	(15, 36.38139279092423)	(20, 35.63215800886208)	(25, 36.6250652085101)	(30, 36.070198925238046)	(35, 36.92213946764715)	(40, 35.75187454825429)	(45, 36.55062380189183)	(50, 35.24062411614971)	(55, 36.25816376235446)	(60, 36.2025078172876)	(65, 35.87365954656616)	(70, 36.44940603394092)	(75, 37.324154619736014)	(80, 37.6512099308611)	(85, 37.23798240100565)	(90, 37.301979886863606)	(95, 37.55381521055939)	(100, 36.1666061374198)	(105, 34.516280896934276)	(110, 37.09986329137793)	(115, 35.28746195852456)	(120, 37.49838301616984)	(125, 35.58998695727329)	(130, 37.259562832943104)	(135, 34.220176941087736)	(140, 34.279652840051874)	(145, 35.613313637363675)	(150, 35.21308734324418)	(155, 34.48002011503284)	(160, 32.949900209011055)	(165, 30.84915688400673)	(170, 33.06341992362453)	(175, 33.70976321352397)	(180, 35.33450047932611)	(185, 33.36971154445542)	(190, 32.89283042589973)	(195, 32.219355595035736)	(200, 32.44109756123426)	(205, 32.35100450312101)	(210, 33.358129007921534)	(215, 32.03392596462618)	(220, 31.961815095407246)	(225, 32.01194240985823)	(230, 30.015234094567074)	(235, 30.11147609418062)	(240, 30.058160955674317)	(245, 32.97868651659172)	(250, 28.226803566122445)
SRR19621164_1	(1, 32.688496694954075)	(2, 32.505966535046575)	(3, 27.71825301599075)	(4, 32.148498003883155)	(5, 31.753834071423896)	(6, 34.74888195641266)	(7, 34.3781496105936)	(8, 32.94731560461616)	(9, 32.87850956609001)	(10, 34.00759178865159)	(15, 37.300290145945596)	(20, 37.66719605576038)	(25, 36.98140011780361)	(30, 38.16556207596152)	(35, 37.39956369030738)	(40, 37.74277362071598)	(45, 36.45795065337377)	(50, 37.0860184559)	(55, 35.33436156984227)	(60, 36.144645389297324)	(65, 37.34260782303279)	(70, 37.50265058138267)	(75, 37.13051768145029)	(80, 35.6579724688584)	(85, 37.04125744453413)	(90, 36.68477933637296)	(95, 36.12032112393377)	(100, 37.11302602587316)	(105, 36.82075961517485)	(110, 36.7276031327036)	(115, 35.55257313641223)	(120, 36.24989201335108)	(125, 35.18703287593534)	(130, 35.36250790811317)	(135, 35.24582560701586)	(140, 35.13190950936975)	(145, 36.06237919675385)	(150, 35.53888610135474)	(155, 34.505211719278336)	(160, 35.147385414166976)	(165, 34.27011060450708)	(170, 34.67323021880931)	(175, 34.84502716027837)	(180, 34.2077270446563)	(185, 34.42223870503283)	(190, 34.47306442112612)	(195, 33.12701847771548)	(200, 32.34618119941534)	(205, 34.05930321342089)	(210, 32.79012631165602)	(215, 33.6252143371365)	(220, 33.46654595431838)	(225, 33.45827788564323)	(230, 32.03552869827003)	(235, 31.370357071700465)	(240, 32.360369126052625)	(245, 32.2134090149577)	(250, 30.037394034118442)
SRR19621164_2	(1, 32.25840441545409)	(2, 32.54143851305657)	(3, 31.712231942232595)	(4, 30.1272715373372)	(5, 32.167608368419906)	(6, 35.006784615720235)	(7, 35.083313335805755)	(8, 35.44750103623552)	(9, 35.086411134623354)	(10, 35.37636074085386)	(15, 35.94108073910862)	(20, 34.56029145487467)	(25, 35.47408974890377)	(30, 35.26104845219137)	(35, 36.44026702153188)	(40, 34.525870983223896)	(45, 35.64931172145989)	(50, 33.9939876524357)	(55, 35.61870895961954)	(60, 35.86184253583194)	(65, 35.46751892493292)	(70, 35.891555225899346)	(75, 36.69500207247104)	(80, 37.328482918102885)	(85, 36.5936166499411)	(90, 36.69808455866312)	(95, 37.06435708364239)	(100, 35.637933592216065)	(105, 33.590126096252014)	(110, 36.644618002530656)	(115, 33.897177014703956)	(120, 37.27981808749129)	(125, 34.50989811724153)	(130, 36.487490182389394)	(135, 32.82979383148612)	(140, 33.322587542271194)	(145, 34.902101014508574)	(150, 34.57408481208211)	(155, 34.330326831609725)	(160, 31.47760178033774)	(165, 30.835467294609874)	(170, 32.93957192415945)	(175, 31.91440142881453)	(180, 34.41026816148664)	(185, 32.217698664695)	(190, 32.250427019743576)	(195, 31.08448452668897)	(200, 31.36652991751408)	(205, 31.668074891982712)	(210, 32.79284398667965)	(215, 30.405273124664795)	(220, 30.28925843481297)	(225, 31.038753244911174)	(230, 28.645581720171975)	(235, 28.51923101243675)	(240, 29.1014491488433)	(245, 31.318300519182447)	(250, 26.627287427598052)
SRR19621165_1	(1, 32.50210454643929)	(2, 32.47087679118567)	(3, 27.934155550741234)	(4, 32.18905326359444)	(5, 31.736622202964934)	(6, 34.88166568660827)	(7, 34.64125220513138)	(8, 32.81693540899384)	(9, 33.05129831945777)	(10, 34.20618984246851)	(15, 37.33556373990282)	(20, 37.58043081303582)	(25, 37.21557054872953)	(30, 38.22017269660488)	(35, 37.40892265791835)	(40, 37.83916932314072)	(45, 36.754724397264084)	(50, 36.93498808455325)	(55, 35.437965398780605)	(60, 36.717210856983684)	(65, 37.1998731082294)	(70, 37.53401008944322)	(75, 37.14875738912444)	(80, 36.22745504626907)	(85, 37.173748878091054)	(90, 35.9548605737984)	(95, 35.69803781993748)	(100, 36.96420723592585)	(105, 36.69508217015878)	(110, 36.89792021293058)	(115, 35.908746247408)	(120, 36.72664108198446)	(125, 35.7479403299186)	(130, 36.1544365695893)	(135, 35.00631363931788)	(140, 35.553969236482935)	(145, 36.36897031970536)	(150, 36.20822320571942)	(155, 35.69932530717093)	(160, 35.79866608894803)	(165, 35.31529510073968)	(170, 35.578926681315956)	(175, 34.97409550926929)	(180, 34.39373278450064)	(185, 34.94546748785243)	(190, 35.08702918510724)	(195, 33.446810683668105)	(200, 32.88460895670205)	(205, 34.29244529726718)	(210, 32.806047476091734)	(215, 34.34076939741884)	(220, 34.10398006870726)	(225, 33.8777103772709)	(230, 32.77175884373743)	(235, 32.38224930495871)	(240, 32.74342125794824)	(245, 33.262380033365886)	(250, 28.21109447255216)
SRR19621165_2	(1, 31.72012627278636)	(2, 32.10211692612423)	(3, 32.14445544860883)	(4, 32.274643310327754)	(5, 31.4363838940299)	(6, 35.870229952647705)	(7, 35.28987032280028)	(8, 35.84236018693324)	(9, 35.46464052489864)	(10, 36.06926433722261)	(15, 36.15553526662747)	(20, 35.77921760391198)	(25, 36.62677416359754)	(30, 35.972034291727276)	(35, 36.843715762433845)	(40, 35.4780631982916)	(45, 36.56318281699731)	(50, 34.8997740707499)	(55, 35.959481291201136)	(60, 36.09626752499149)	(65, 35.75980006808827)	(70, 36.40472284980347)	(75, 37.05084646095757)	(80, 37.545028009037175)	(85, 37.15166971000589)	(90, 37.17411504040095)	(95, 37.5162718001888)	(100, 36.166032713823675)	(105, 34.27672118970613)	(110, 36.79082341653641)	(115, 35.28553892687363)	(120, 37.437427837869315)	(125, 35.4565751291877)	(130, 37.275135026386245)	(135, 34.259950167912464)	(140, 34.67271603772944)	(145, 36.018150584229666)	(150, 35.58924380566331)	(155, 34.88698249578258)	(160, 33.22255157554339)	(165, 31.615429866047247)	(170, 33.91128239155239)	(175, 33.15299470808181)	(180, 35.98775482374637)	(185, 34.06214454884599)	(190, 34.24158793210928)	(195, 32.579080171519685)	(200, 33.26415547901435)	(205, 32.66215499297171)	(210, 34.15642077560183)	(215, 33.7863394999613)	(220, 33.2748875411535)	(225, 32.70087624237546)	(230, 31.12649267745254)	(235, 30.796596220677987)	(240, 30.800863504653847)	(245, 32.756723592303175)	(250, 30.582390829845842)
SRR19621166_1	(1, 32.60472612041648)	(2, 32.506926210955186)	(3, 28.00025350837483)	(4, 32.21102761430512)	(5, 31.71320959710276)	(6, 34.14042553191489)	(7, 34.06594839293798)	(8, 32.73345405160706)	(9, 32.053345405160705)	(10, 34.15765323675872)	(15, 37.279098234495244)	(20, 37.645961068356726)	(25, 37.2347487550928)	(30, 38.26415210502489)	(35, 37.38476414667271)	(40, 37.88898868266184)	(45, 36.94666183793572)	(50, 36.944362154821185)	(55, 35.49211407876867)	(60, 36.86527116342236)	(65, 37.301486645540976)	(70, 37.56982888184699)	(75, 37.20216568583069)	(80, 36.360474422815756)	(85, 37.215985513807155)	(90, 36.358511543684926)	(95, 36.17322589406971)	(100, 36.97582254413762)	(105, 36.784510638297874)	(110, 37.002223630602074)	(115, 36.098191036668176)	(120, 36.912945224083295)	(125, 35.97236396559529)	(130, 36.15343051154368)	(135, 35.18507922136713)	(140, 35.36942326844726)	(145, 36.29539520144862)	(150, 36.063391579900404)	(155, 35.490006337709374)	(160, 35.59883748302399)	(165, 35.450850158442734)	(170, 35.60362516976007)	(175, 34.88123494794024)	(180, 34.274212765957444)	(185, 34.40936532367587)	(190, 34.84551923947488)	(195, 33.15646174739701)	(200, 32.94547034857401)	(205, 34.028334993209604)	(210, 32.83481394296062)	(215, 34.27555273879583)	(220, 33.98506473517429)	(225, 33.78658578542327)	(230, 32.530734268899955)	(235, 31.867585332729742)	(240, 32.571636034404705)	(245, 33.0751484545049)	(250, 28.014116541581412)
SRR19621166_2	(1, 31.67918515165233)	(2, 31.63898596650068)	(3, 32.20487098234495)	(4, 31.27215934812132)	(5, 32.29640561339973)	(6, 36.25617021276596)	(7, 35.87358985966501)	(8, 34.114350384789496)	(9, 34.346781349026706)	(10, 35.832840199185156)	(15, 36.36990131281122)	(20, 35.818227252150294)	(25, 36.76406337709371)	(30, 35.833151652331374)	(35, 36.96286102308737)	(40, 35.62375011317338)	(45, 36.36511362607514)	(50, 35.06789678587596)	(55, 36.48597193300136)	(60, 35.910978723404256)	(65, 35.43243761246431)	(70, 36.341507315659854)	(75, 37.00004345936549)	(80, 37.53160458504609)	(85, 37.12897162414212)	(90, 37.32312261195517)	(95, 37.45382177715807)	(100, 36.26639262626079)	(105, 34.67556634011191)	(110, 37.0603625301052)	(115, 34.9223678968527)	(120, 37.2259244504002)	(125, 35.37704900220926)	(130, 37.19082974176958)	(135, 34.09362572887617)	(140, 34.709956176886024)	(145, 35.915309115932054)	(150, 35.62205442613978)	(155, 35.028517721039535)	(160, 33.21761680550525)	(165, 31.828808402752628)	(170, 34.280543281419774)	(175, 33.64342629482071)	(180, 35.9691528160246)	(185, 33.89728475974563)	(190, 34.48303212571063)	(195, 32.821023160156344)	(200, 33.46262537765809)	(205, 32.985753355188095)	(210, 34.26612708743683)	(215, 33.73689415344491)	(220, 33.477233012422765)	(225, 32.906618839160615)	(230, 31.11708933245946)	(235, 31.029156644156615)	(240, 30.101204601032514)	(245, 32.52599953764299)	(250, 29.84630211976404)
SRR19621167_1	(1, 32.489213729151906)	(2, 32.49088801597012)	(3, 27.833666044175413)	(4, 32.172000772747765)	(5, 31.736278360916135)	(6, 34.5249103827248)	(7, 34.44475926760684)	(8, 32.789190117414726)	(9, 32.90832206409513)	(10, 34.37710949406487)	(15, 37.29351106531865)	(20, 37.63332260072552)	(25, 37.291313027239354)	(30, 38.29134307854123)	(35, 37.473698671303154)	(40, 37.88806319359478)	(45, 37.03521153969992)	(50, 37.05983214201387)	(55, 35.700719084723204)	(60, 36.87948998647691)	(65, 37.28349110266812)	(70, 37.43830682379205)	(75, 37.29685534591195)	(80, 36.489114989160065)	(85, 37.1595938781205)	(90, 36.41827119153412)	(95, 36.12494902011291)	(100, 36.87921952476013)	(105, 36.757494580033054)	(110, 36.93002339708503)	(115, 36.30626998948204)	(120, 36.581660119775904)	(125, 35.87497370511087)	(130, 36.05323373473286)	(135, 35.17885246957305)	(140, 35.22876338892824)	(145, 36.26994225857)	(150, 35.85940283770151)	(155, 35.19817545667246)	(160, 35.44410243200893)	(165, 34.97527207160796)	(170, 35.16801682872905)	(175, 34.85673256487861)	(180, 34.03154098782922)	(185, 34.4005452164767)	(190, 34.64234657737137)	(195, 33.01583703608303)	(200, 32.97639255586322)	(205, 34.065541889368276)	(210, 32.89646038594458)	(215, 34.12609955567004)	(220, 33.7826045892631)	(225, 33.50810741193895)	(230, 32.385656942923994)	(235, 31.66744972092091)	(240, 32.446502053320856)	(245, 32.82778956854593)	(250, 27.26325181421118)
SRR19621167_2	(1, 31.66855560564106)	(2, 31.970399467662652)	(3, 32.01266447721467)	(4, 31.548822632923347)	(5, 31.939790070191254)	(6, 35.85813638998004)	(7, 35.95591044712044)	(8, 33.463369609547726)	(9, 34.16431622555648)	(10, 36.06977912293129)	(15, 36.496061132934074)	(20, 35.85199733831327)	(25, 36.89361409835361)	(30, 35.984244531736316)	(35, 37.01011870264237)	(40, 35.86057913151738)	(45, 36.7547942559083)	(50, 35.359941614613525)	(55, 36.25898641251852)	(60, 36.11463713052998)	(65, 35.74245604997102)	(70, 36.527271556442784)	(75, 37.27583660677872)	(80, 37.613643291046856)	(85, 37.25067078798807)	(90, 37.317539227681536)	(95, 37.54958250155623)	(100, 36.28477042951896)	(105, 34.79039216948935)	(110, 37.01430871273102)	(115, 35.599162856590894)	(120, 37.53200846572328)	(125, 35.884755076632466)	(130, 37.46568984613052)	(135, 34.53393152302243)	(140, 35.03544488569282)	(145, 36.21346785445959)	(150, 35.87891381345927)	(155, 35.24849504416272)	(160, 33.68779672740349)	(165, 31.597662768491205)	(170, 34.49911766600116)	(175, 34.0182005538739)	(180, 35.91604825749632)	(185, 34.27285257304794)	(190, 34.76501781957147)	(195, 33.416510352955996)	(200, 33.50655730665177)	(205, 32.87921455225393)	(210, 34.270348750605166)	(215, 33.74097926432921)	(220, 33.51312907350126)	(225, 33.022709899076666)	(230, 31.09034571612626)	(235, 30.9203098059304)	(240, 30.418795330493424)	(245, 32.92393010405989)	(250, 29.98856107912127)
SRR19621168_1	(1, 32.59491876149602)	(2, 32.49593807480073)	(3, 27.746455395462906)	(4, 32.036231606376454)	(5, 31.813937001839363)	(6, 34.95681330472103)	(7, 34.90931560392397)	(8, 32.80274754751686)	(9, 33.03738120784794)	(10, 34.3766975781729)	(15, 37.366937461679946)	(20, 37.62926885346413)	(25, 37.29670064377683)	(30, 38.32232909258124)	(35, 37.53944282648682)	(40, 37.93218884120172)	(45, 36.94959763948498)	(50, 37.26543914776211)	(55, 36.455675199264256)	(60, 37.39798819742489)	(65, 37.6775444512569)	(70, 37.83953862660944)	(75, 37.55476318209687)	(80, 36.70282418761496)	(85, 37.48859595340282)	(90, 37.03777207234826)	(95, 36.66769236664623)	(100, 37.44663549969344)	(105, 37.39314071122011)	(110, 37.5442136725935)	(115, 36.75420370938075)	(120, 37.19990803188229)	(125, 36.64101394849785)	(130, 36.50541462293072)	(135, 36.04924892703862)	(140, 35.83571428571429)	(145, 36.92026747394237)	(150, 36.425118792152055)	(155, 35.80557556713673)	(160, 36.04233982219497)	(165, 35.42498467198038)	(170, 35.500708920907414)	(175, 35.52137109135499)	(180, 34.76979613733906)	(185, 35.37826870018394)	(190, 35.26355380134886)	(195, 33.6940527283875)	(200, 33.36387185775598)	(205, 34.75469037400368)	(210, 33.79361587982832)	(215, 34.55329552421827)	(220, 34.40113427345187)	(225, 34.296122011036175)	(230, 32.956506744328635)	(235, 32.49403740036787)	(240, 33.35613058103824)	(245, 33.266485922941165)	(250, 30.769334409615027)
SRR19621168_2	(1, 32.20443746167995)	(2, 31.86888795217658)	(3, 31.756801808706314)	(4, 30.725858369098713)	(5, 31.42512262415696)	(6, 34.53734288779889)	(7, 35.71348099325567)	(8, 31.990343347639485)	(9, 34.386802575107296)	(10, 35.72349402207235)	(15, 36.01454245861434)	(20, 35.35698574494175)	(25, 36.71390251379522)	(30, 35.639442826486814)	(35, 36.74656269160024)	(40, 35.70528816676885)	(45, 36.67178494788474)	(50, 35.044673513182104)	(55, 35.84725245248314)	(60, 36.074436695278976)	(65, 35.3201410177805)	(70, 36.18872240956469)	(75, 37.2685928877989)	(80, 37.50150214592274)	(85, 36.979878142244026)	(90, 37.03381744328632)	(95, 37.4407380441447)	(100, 36.15880211526671)	(105, 34.12996244635193)	(110, 36.75417688534641)	(115, 35.338044144696504)	(120, 37.50080855303495)	(125, 35.680426118945434)	(130, 37.326544297976696)	(135, 34.28961565241256)	(140, 34.52756327961831)	(145, 35.69349275695562)	(150, 35.29651372174173)	(155, 35.14055990955602)	(160, 33.140678713089464)	(165, 31.077076666602796)	(170, 34.36007256791004)	(175, 32.988540120021824)	(180, 35.636856562750204)	(185, 33.68707649854362)	(190, 34.338957762443655)	(195, 32.79864318430079)	(200, 32.96827197638988)	(205, 32.47235810922574)	(210, 32.858437714307016)	(215, 33.05307499185496)	(220, 32.45860978554591)	(225, 32.226301768910865)	(230, 30.1343848822278)	(235, 30.06287948482061)	(240, 30.969106845108087)	(245, 32.89748596593277)	(250, 29.174388693882413)
SRR19621169_1	(1, 32.585912529034566)	(2, 32.52301919755415)	(3, 27.828532290405192)	(4, 32.08070119711739)	(5, 31.82450219372258)	(6, 34.93085307021897)	(7, 34.81024796013579)	(8, 32.906414405114056)	(9, 33.00174703698557)	(10, 34.357292886780094)	(15, 37.37519207480495)	(20, 37.630414325703285)	(25, 37.2764765440432)	(30, 38.31155625260566)	(35, 37.52939588255147)	(40, 37.919398066347696)	(45, 36.882396617101115)	(50, 37.20127851343035)	(55, 36.24238947013163)	(60, 37.276667129896175)	(65, 37.581886402890554)	(70, 37.7711262432749)	(75, 37.47745726707828)	(80, 36.69370471104405)	(85, 37.46933354509539)	(90, 36.8942089694467)	(95, 36.49541601318218)	(100, 37.27688550951937)	(105, 37.173016219650194)	(110, 37.35430307121161)	(115, 36.53783724762265)	(120, 37.01050604514502)	(125, 36.36938317682793)	(130, 36.3588652200671)	(135, 35.696098945822)	(140, 35.430124476385224)	(145, 36.6183915348117)	(150, 36.025657620456215)	(155, 35.44940938238272)	(160, 35.7221853844474)	(165, 34.95160310496119)	(170, 35.122479204304064)	(175, 35.11134978459828)	(180, 34.28215838478489)	(185, 34.96052887574199)	(190, 34.86805503166505)	(195, 33.25185523416251)	(200, 33.00676579778047)	(205, 34.32141112941971)	(210, 33.319926147981974)	(215, 34.169943022771044)	(220, 33.986226201584245)	(225, 33.869238252168905)	(230, 32.610486192452)	(235, 32.19976573822239)	(240, 32.991371075655756)	(245, 33.04741805680659)	(250, 30.691142831558725)
SRR19621169_2	(1, 31.767028647436025)	(2, 32.052391256873996)	(3, 32.21299954338806)	(4, 32.354946298465386)	(5, 32.01484981437732)	(6, 36.130610867364155)	(7, 35.85332830398443)	(8, 35.564809116356635)	(9, 35.0576323678307)	(10, 35.71463342002342)	(15, 36.32037878938278)	(20, 35.95078914454746)	(25, 36.99134025530564)	(30, 36.15893668976197)	(35, 36.992722002739676)	(40, 36.09368485835103)	(45, 36.94199440154056)	(50, 35.51759941236028)	(55, 36.36137857100315)	(60, 36.41637053066248)	(65, 35.84613765857339)	(70, 36.62348176530146)	(75, 37.42591236791126)	(80, 37.66030176692475)	(85, 37.270074032358686)	(90, 37.32045107109532)	(95, 37.62848577498064)	(100, 36.481597808175664)	(105, 34.67438702376462)	(110, 37.03943856639462)	(115, 35.67951477128336)	(120, 37.65906130876748)	(125, 35.99254288437103)	(130, 37.473534783989834)	(135, 34.828458545108006)	(140, 34.92650525731979)	(145, 36.12054611387106)	(150, 35.72353817134915)	(155, 35.40633713519763)	(160, 33.7884658660047)	(165, 31.903907708192683)	(170, 34.61357314347907)	(175, 33.53083139731141)	(180, 35.89718030182685)	(185, 34.0752144559174)	(190, 34.5895904248514)	(195, 33.192299138170696)	(200, 33.36710468067404)	(205, 32.85381575550569)	(210, 33.46682008096633)	(215, 33.407243225391554)	(220, 33.077443698613806)	(225, 32.79685023732449)	(230, 30.77524278593133)	(235, 30.907301569997486)	(240, 31.402013822688275)	(245, 33.20551350519357)	(250, 29.616341706889045)
SRR19621170_1	(1, 32.38953283030984)	(2, 32.448980574731095)	(3, 27.87449028736555)	(4, 32.15488842510836)	(5, 31.749606678439555)	(6, 35.07230695135656)	(7, 34.851003371327664)	(8, 32.77171295553058)	(9, 32.648836089259916)	(10, 34.08495424626746)	(15, 37.36666880719217)	(20, 37.591433616952955)	(25, 37.21945416599775)	(30, 38.26421255418205)	(35, 37.42879434901268)	(40, 37.878214801733826)	(45, 36.800443088778295)	(50, 37.06606838978969)	(55, 35.602385615668645)	(60, 36.77397656124579)	(65, 37.28826135816343)	(70, 37.496757103869)	(75, 37.20964520789854)	(80, 36.3512570235993)	(85, 37.38576657569433)	(90, 36.49527371969818)	(95, 36.22454005458341)	(100, 36.992567025204686)	(105, 36.75458661101301)	(110, 37.0201059560122)	(115, 36.118372130358)	(120, 36.85027452239525)	(125, 35.80242093433938)	(130, 36.15119922941082)	(135, 35.31582918606517)	(140, 35.319030341948945)	(145, 36.45602183336009)	(150, 35.80838978969338)	(155, 35.42989886017017)	(160, 35.568874618718894)	(165, 35.00305345962433)	(170, 35.0802119120244)	(175, 34.88653395408572)	(180, 34.053873816021834)	(185, 34.826052335848445)	(190, 34.84130679081714)	(195, 33.091070797880874)	(200, 32.62015090704769)	(205, 34.21499759190881)	(210, 32.86039171616632)	(215, 33.88597527693049)	(220, 33.77029378712474)	(225, 33.765246427998065)	(230, 32.470740086691286)	(235, 32.12771188672145)	(240, 32.6673634179228)	(245, 32.8804259886581)	(250, 28.95181126414949)
SRR19621170_2	(1, 31.156188794349013)	(2, 31.067619200513725)	(3, 32.18176272274844)	(4, 32.09462192968374)	(5, 32.00541017819875)	(6, 36.4358966126184)	(7, 35.781152672981214)	(8, 35.16402311767539)	(9, 35.061615026489)	(10, 36.09933536683256)	(15, 36.28603628190721)	(20, 36.008839300048166)	(25, 36.875469577781345)	(30, 36.06477765291379)	(35, 36.83564296034677)	(40, 35.35096484186868)	(45, 36.65963075935142)	(50, 35.21139829828222)	(55, 36.33270187831113)	(60, 36.37766864649296)	(65, 35.88913933439291)	(70, 36.6402533564668)	(75, 37.19727395324942)	(80, 37.401428846647825)	(85, 37.15863087593116)	(90, 37.18114885692268)	(95, 37.491308117133315)	(100, 36.38019357110053)	(105, 34.24304911137156)	(110, 36.991674025077465)	(115, 35.345808916788414)	(120, 37.49958097195241)	(125, 35.428302773988214)	(130, 37.17502127317974)	(135, 34.15635211734235)	(140, 34.43226831931155)	(145, 35.83903354160748)	(150, 35.209675347612475)	(155, 34.87262885714163)	(160, 33.356173390470296)	(165, 32.06091158963033)	(170, 34.4195221426507)	(175, 33.139073187963646)	(180, 35.86533854129406)	(185, 33.86212695409943)	(190, 34.12752204243849)	(195, 32.30713620451553)	(200, 32.87714490242401)	(205, 32.276927029804725)	(210, 33.55767115400009)	(215, 33.60867205190384)	(220, 32.97030212291172)	(225, 32.60660252452859)	(230, 30.408663251047972)	(235, 30.920156091483797)	(240, 31.356787265805433)	(245, 33.053141025802795)	(250, 29.800404667467483)
SRR19621171_1	(1, 32.64819156502727)	(2, 32.50870630383815)	(3, 27.864861305023577)	(4, 32.092779431521826)	(5, 31.833803113721977)	(6, 35.15418455783567)	(7, 35.028318537446324)	(8, 32.773978556940015)	(9, 32.93717236110745)	(10, 34.17389952846342)	(15, 37.364352888490814)	(20, 37.615094439029534)	(25, 37.240968362266536)	(30, 38.31074523853429)	(35, 37.49047706857037)	(40, 37.92857933141909)	(45, 36.971233634519635)	(50, 37.29394905297542)	(55, 36.17252443297069)	(60, 37.25940307157346)	(65, 37.732551829509234)	(70, 37.89394378441032)	(75, 37.43644793340533)	(80, 36.45561497326204)	(85, 37.36187666289086)	(90, 36.843592107689474)	(95, 36.53695108137298)	(100, 37.550464950870634)	(105, 37.453691946998234)	(110, 37.58981059508443)	(115, 36.56255630778957)	(120, 37.27440267643107)	(125, 36.606032507046706)	(130, 36.40151207818551)	(135, 36.297199757646005)	(140, 36.094022812886905)	(145, 37.06919733410606)	(150, 36.77339901477833)	(155, 36.166007217934194)	(160, 36.22560522641659)	(165, 35.80957825136324)	(170, 35.73140328231606)	(175, 35.682489923869234)	(180, 35.1239113827349)	(185, 35.55804114749348)	(190, 35.44406627854904)	(195, 33.957740839282415)	(200, 33.47781670661995)	(205, 35.11009720502621)	(210, 33.945612602407735)	(215, 34.93568135718237)	(220, 34.67805379204974)	(225, 34.661473617660235)	(230, 33.261563183267036)	(235, 32.77216617054346)	(240, 33.532916120965965)	(245, 33.525876121074525)	(250, 30.50896684619122)
SRR19621171_2	(1, 31.71776296725587)	(2, 32.183425094175604)	(3, 31.78909933879508)	(4, 31.188720002107427)	(5, 32.51494955348911)	(6, 36.23637417349385)	(7, 35.8519006348621)	(8, 34.960749189958115)	(9, 35.14923210663576)	(10, 36.12988066700034)	(15, 36.41259713916915)	(20, 35.83488316956876)	(25, 36.995737730829)	(30, 36.25134216696083)	(35, 37.037143383999364)	(40, 36.10516582808672)	(45, 36.972835278311955)	(50, 35.701994151892734)	(55, 36.249018729748954)	(60, 36.50353784146888)	(65, 35.955485893416935)	(70, 36.69936513790469)	(75, 37.576354679802954)	(80, 37.75206132609784)	(85, 37.279107505070996)	(90, 37.265335475883134)	(95, 37.655146070967575)	(100, 36.502062643239114)	(105, 34.772835278311945)	(110, 37.241036853612925)	(115, 35.660243757048754)	(120, 37.78367185647672)	(125, 35.897463052240575)	(130, 37.43444876820924)	(135, 34.6929132198746)	(140, 34.95938142157121)	(145, 36.23028610569577)	(150, 36.03199325570367)	(155, 35.629374571895255)	(160, 33.55814847989883)	(165, 32.04367163997655)	(170, 34.9333981018945)	(175, 33.61718832332174)	(180, 36.167362208873435)	(185, 34.39074166776445)	(190, 34.879430905019106)	(195, 33.07043077328415)	(200, 33.653684626531415)	(205, 33.184850480832566)	(210, 33.674145698853906)	(215, 33.980694638102946)	(220, 33.12815938114431)	(225, 32.733258466227134)	(230, 30.889506190179315)	(235, 31.1517417654809)	(240, 31.8809703877423)	(245, 33.31986119374448)	(250, 29.83661017892466)
SRR19621172_1	(1, 32.72350679063428)	(2, 32.49320936572068)	(3, 27.821447695078614)	(4, 32.175582923623615)	(5, 31.78858978727547)	(6, 35.190235116584724)	(7, 34.96497590420095)	(8, 32.481502214866374)	(9, 32.01672102419315)	(10, 33.66224017913645)	(15, 37.35984520274546)	(20, 37.64009151535803)	(25, 37.2119894854695)	(30, 38.26337925327363)	(35, 37.39526359343816)	(40, 37.901776760940464)	(45, 36.93195735773743)	(50, 37.21090395755245)	(55, 35.68945139463564)	(60, 36.987139171493936)	(65, 37.53637248697853)	(70, 37.69270797838679)	(75, 37.29644161028087)	(80, 36.38619481088448)	(85, 37.357236041473975)	(90, 36.65556150513557)	(95, 36.29443606094534)	(100, 37.30106605656428)	(105, 37.163092050820225)	(110, 37.35351214525629)	(115, 36.49126223044345)	(120, 37.036562332668055)	(125, 36.102360901523625)	(130, 36.119412938713914)	(135, 35.90317869834007)	(140, 35.63837316847588)	(145, 36.841084554349415)	(150, 36.529401742686076)	(155, 35.90746239594996)	(160, 36.10369468918853)	(165, 35.54043226403154)	(170, 35.36795502117509)	(175, 35.35232926057538)	(180, 34.852966947378675)	(185, 35.40409871975856)	(190, 35.25498223239059)	(195, 33.52950883512632)	(200, 33.11986564766587)	(205, 34.6265102467994)	(210, 33.18430122182739)	(215, 34.19050771552354)	(220, 34.082738645767414)	(225, 34.034488633597825)	(230, 32.822173002969386)	(235, 32.55548848756268)	(240, 33.05200311541644)	(245, 33.14156648621389)	(250, 27.576285446874415)
SRR19621172_2	(1, 32.2822615976245)	(2, 32.16747797303218)	(3, 31.932750815362898)	(4, 31.568831232049845)	(5, 31.779146181180938)	(6, 35.882977169838874)	(7, 35.38098135617972)	(8, 33.400160638660374)	(9, 34.007885897872754)	(10, 36.13825147252105)	(15, 36.03810543737526)	(20, 35.164922357980814)	(25, 36.67551964172711)	(30, 36.00135812685586)	(35, 36.55136542861315)	(40, 35.415080562722096)	(45, 36.48963637248698)	(50, 34.93389962517646)	(55, 35.86595433967774)	(60, 36.19976147592854)	(65, 35.780767171299225)	(70, 36.25553229810641)	(75, 37.27021856593487)	(80, 37.57331451102566)	(85, 36.94887342400925)	(90, 36.965646829743214)	(95, 37.5588024826579)	(100, 36.08682000730194)	(105, 34.182932943896795)	(110, 36.93922842886698)	(115, 35.13258853596203)	(120, 37.30180357794816)	(125, 34.88589996349033)	(130, 36.859700781149904)	(135, 33.99164131149137)	(140, 34.66832996616605)	(145, 35.754876712995646)	(150, 35.300109534357276)	(155, 34.91810651575791)	(160, 32.37660590305039)	(165, 31.023072054527752)	(170, 34.51517039922103)	(175, 32.98151898734177)	(180, 35.54967666179966)	(185, 34.095586552739846)	(190, 34.281097397697124)	(195, 32.66597044718712)	(200, 33.05923707977312)	(205, 32.79118492004058)	(210, 33.41807938109055)	(215, 33.385560611397594)	(220, 32.61602520386064)	(225, 32.4512757073259)	(230, 30.357796244831736)	(235, 30.416303871439005)	(240, 31.336654492330165)	(245, 33.333350883914505)	(250, 29.81975911259412)
SRR19621173_1	(1, 32.57883963410734)	(2, 32.47825113541867)	(3, 27.86942685345103)	(4, 32.13129277809762)	(5, 31.734663852107722)	(6, 35.17180003838035)	(7, 34.81676581590226)	(8, 32.931027314015225)	(9, 32.621937567965205)	(10, 33.9656208021493)	(15, 37.36018038764153)	(20, 37.5828311904305)	(25, 37.203377470734985)	(30, 38.252088530672296)	(35, 37.39603722893878)	(40, 37.900863557858386)	(45, 36.74264056802917)	(50, 37.038687392055266)	(55, 35.36865924646581)	(60, 36.92812320092112)	(65, 37.4637817437472)	(70, 37.74661933090258)	(75, 37.11895669417258)	(80, 36.00160557794409)	(85, 37.23409134523125)	(90, 36.4196987142583)	(95, 36.058450073562334)	(100, 37.294476428068826)	(105, 37.08729930275699)	(110, 37.24702552293226)	(115, 35.933314143158704)	(120, 36.968387385658545)	(125, 36.00055971342673)	(130, 36.06730953751679)	(135, 35.7537037037037)	(140, 35.84276850252671)	(145, 36.76347470095312)	(150, 36.47493123520758)	(155, 35.95013752958485)	(160, 36.03861382971918)	(165, 35.571934369602765)	(170, 35.43807650482953)	(175, 35.27570204055523)	(180, 34.7848205718672)	(185, 35.26941406000128)	(190, 35.176405680291694)	(195, 33.663983240580826)	(200, 32.98860103626943)	(205, 34.755203735687324)	(210, 33.21033390903857)	(215, 34.510973581526265)	(220, 34.26189790827097)	(225, 34.31300454167466)	(230, 32.985057250687646)	(235, 32.74032333014663)	(240, 33.37028946105869)	(245, 33.41780687500313)	(250, 30.17516275315645)
SRR19621173_2	(1, 32.26899827288428)	(2, 32.198394422055905)	(3, 32.45946075609288)	(4, 30.34332821595343)	(5, 31.40053092816478)	(6, 36.38562655920169)	(7, 35.97297383739525)	(8, 35.66046184353611)	(9, 35.742084052964884)	(10, 35.63541226891831)	(15, 35.988066909742216)	(20, 35.839630908974605)	(25, 36.70655344463635)	(30, 35.87847182242691)	(35, 36.74005948954136)	(40, 35.47366468368195)	(45, 36.59366404400946)	(50, 34.90617603786861)	(55, 35.943622465297764)	(60, 36.2500831574234)	(65, 35.80138808929828)	(70, 36.44883899443485)	(75, 37.25658862662317)	(80, 37.48282159534318)	(85, 37.125430179747966)	(90, 37.06871361862726)	(95, 37.53578204536335)	(100, 36.20836385152965)	(105, 34.30817523351533)	(110, 37.030302254917636)	(115, 35.11963217655525)	(120, 37.487033423956504)	(125, 35.15512553974092)	(130, 37.016475291859905)	(135, 33.852118982888214)	(140, 34.26254845147342)	(145, 35.92362160201269)	(150, 35.5025691729218)	(155, 35.131810766721046)	(160, 32.738902216677864)	(165, 31.549237117359176)	(170, 34.42734185604104)	(175, 32.76645742429868)	(180, 35.87246404020171)	(185, 33.89629678176222)	(190, 34.533292811670236)	(195, 32.24543096623603)	(200, 33.13838124278964)	(205, 32.522816295429735)	(210, 33.42853689594735)	(215, 33.80833869186384)	(220, 32.88378761329816)	(225, 32.41941738254068)	(230, 30.311653948904997)	(235, 30.811839428984293)	(240, 31.436958469315925)	(245, 32.843000657895956)	(250, 29.681851321920917)
SRR19621174_1	(1, 32.46430021032434)	(2, 32.456920408841)	(3, 27.867735507914837)	(4, 32.1467104534888)	(5, 31.76628168702262)	(6, 35.06632596583152)	(7, 34.84406479465702)	(8, 32.94859968266854)	(9, 32.78652079259068)	(10, 34.19059444300948)	(15, 37.36893103575514)	(20, 37.621888491199584)	(25, 37.268388620346116)	(30, 38.290085236707135)	(35, 37.427655806058816)	(40, 37.9173646728903)	(45, 36.878045090587065)	(50, 37.12240507730342)	(55, 35.70347219659791)	(60, 37.07117818530681)	(65, 37.52751927973137)	(70, 37.72665215305709)	(75, 37.308257997859855)	(80, 36.358492306556954)	(85, 37.342625733367775)	(90, 36.666001254566254)	(95, 36.385410132467435)	(100, 37.423006531124315)	(105, 37.17256189808494)	(110, 37.39214051142024)	(115, 36.44464041917273)	(120, 37.051005497952104)	(125, 36.23226818198591)	(130, 36.28079775654035)	(135, 35.8301427991587)	(140, 35.62567432936054)	(145, 36.78707796760267)	(150, 36.28756134459983)	(155, 35.82707649164238)	(160, 35.90419172724254)	(165, 35.422947492712446)	(170, 35.32940481901037)	(175, 35.28071288882329)	(180, 34.45050736135198)	(185, 35.14656285745913)	(190, 35.078284934135276)	(195, 33.28089738386037)	(200, 33.01584443378473)	(205, 34.54934135271761)	(210, 33.18053946348843)	(215, 34.33528283089185)	(220, 34.06902328327368)	(225, 33.99242094387662)	(230, 32.68535109405557)	(235, 32.39478526345182)	(240, 32.952539185188165)	(245, 33.254800145829094)	(250, 28.446916693508477)
SRR19621174_2	(1, 31.865429319951293)	(2, 32.07481273753736)	(3, 32.26991623925316)	(4, 32.37751374488026)	(5, 32.658444337847314)	(6, 36.35371388509649)	(7, 36.41572266706026)	(8, 34.72543448581233)	(9, 35.2920925427106)	(10, 36.39153905759935)	(15, 36.31714696874654)	(20, 35.799715877642896)	(25, 36.94155197225195)	(30, 36.036530017342535)	(35, 36.94933397291613)	(40, 35.73292867421866)	(45, 36.81527987897125)	(50, 35.378513707981256)	(55, 36.21201431681488)	(60, 36.31301427991586)	(65, 35.982882550459394)	(70, 36.66454005387255)	(75, 37.44059259805912)	(80, 37.67391978155788)	(85, 37.18387497636235)	(90, 37.19681555690854)	(95, 37.63106584749359)	(100, 36.33675024446043)	(105, 34.59774542905113)	(110, 37.188789874725565)	(115, 35.556037154041405)	(120, 37.6670103810385)	(125, 35.613550353911506)	(130, 37.35058767090429)	(135, 34.39777847482333)	(140, 34.84189899809952)	(145, 36.09634112589258)	(150, 35.79721017768511)	(155, 35.506708834524076)	(160, 33.45776810096686)	(165, 32.12958801038919)	(170, 34.933920103330564)	(175, 33.211203985607526)	(180, 36.061125052805224)	(185, 34.4356755360372)	(190, 34.961525135083306)	(195, 33.12578008229845)	(200, 33.53745048465666)	(205, 32.995310732236184)	(210, 34.07640162917225)	(215, 34.157709440374376)	(220, 33.337624859347954)	(225, 32.973119604275084)	(230, 30.998180308203377)	(235, 31.10666876201762)	(240, 31.898386971302)	(245, 33.27995782161887)	(250, 30.419544780327158)
SRR19621175_1	(1, 32.60696354953264)	(2, 32.462386219845705)	(3, 27.84604813801924)	(4, 32.15788399526511)	(5, 31.762534525218715)	(6, 35.16871436929399)	(7, 34.94165748261834)	(8, 32.42884743594977)	(9, 32.038164823054004)	(10, 33.694844687538264)	(15, 37.37903315781596)	(20, 37.64106562172606)	(25, 37.217222471665515)	(30, 38.27423432248935)	(35, 37.386677007224776)	(40, 37.887257983319046)	(45, 36.88285508252038)	(50, 37.09319291943889)	(55, 35.535314366572784)	(60, 36.83113868593276)	(65, 37.52222267575547)	(70, 37.760640570363414)	(75, 37.184674204389296)	(80, 36.08590010476618)	(85, 37.24070098099242)	(90, 36.64841286038886)	(95, 36.514690395526344)	(100, 37.425682680925746)	(105, 37.09256160115378)	(110, 37.303865463896486)	(115, 36.28887981822387)	(120, 37.04185204838293)	(125, 36.080591044532426)	(130, 36.07471597480169)	(135, 35.74107514592432)	(140, 35.48396533191831)	(145, 36.75899424466305)	(150, 36.30062995768535)	(155, 35.7608609875233)	(160, 35.86830482876852)	(165, 35.34727948079514)	(170, 35.26652244309292)	(175, 35.223590078506604)	(180, 34.56214811488904)	(185, 35.104798835326605)	(190, 35.144019483788455)	(195, 33.479309359565704)	(200, 32.97397172673715)	(205, 34.52171381144809)	(210, 33.084740873777164)	(215, 34.30820305590704)	(220, 34.091105759418745)	(225, 34.01008476536457)	(230, 32.78271766194539)	(235, 32.58883491843204)	(240, 32.889862171245085)	(245, 33.04876208193576)	(250, 26.814366159233714)
SRR19621175_2	(1, 32.37723988734234)	(2, 31.938460073200268)	(3, 32.179395077350094)	(4, 31.177190905751257)	(5, 32.450957181925794)	(6, 36.30564512837259)	(7, 36.132712899846254)	(8, 32.23470345728397)	(9, 34.98282923112508)	(10, 35.8923384627944)	(15, 36.08799542838483)	(20, 35.387166823135644)	(25, 36.629780807379895)	(30, 35.86988584568078)	(35, 36.805998649087506)	(40, 35.31599542832263)	(45, 36.39904756721454)	(50, 34.88052683139218)	(55, 35.91080330902362)	(60, 36.098655709154244)	(65, 35.65905627517144)	(70, 36.34789104168935)	(75, 37.274697942745185)	(80, 37.54697631858859)	(85, 36.97119259813593)	(90, 37.008054969725826)	(95, 37.47082658684264)	(100, 36.034873120620446)	(105, 34.025830328593784)	(110, 37.047273567513116)	(115, 35.020527404343326)	(120, 37.25428890219344)	(125, 34.76440973167148)	(130, 36.92024982311)	(135, 33.82452056006352)	(140, 34.5009457171378)	(145, 35.843283846122446)	(150, 35.46623756582797)	(155, 35.10313256946901)	(160, 32.5241542606755)	(165, 31.45201061441111)	(170, 34.55508530149763)	(175, 33.15700715821562)	(180, 35.897615742630855)	(185, 34.09164789274523)	(190, 34.19189972645246)	(195, 32.05193272458386)	(200, 32.971863687090014)	(205, 32.685439120815545)	(210, 33.784389345214755)	(215, 33.537923238893406)	(220, 32.54085043828606)	(225, 32.31635814232047)	(230, 30.3812106115671)	(235, 30.66830549770645)	(240, 31.345730736248925)	(245, 33.27877405380699)	(250, 29.663523640943076)
SRR19621176_1	(1, 32.660998013902685)	(2, 32.573999858135906)	(3, 27.947528018158604)	(4, 32.18766846361186)	(5, 31.718648035182294)	(6, 33.64525109944673)	(7, 33.5742835863243)	(8, 32.88510781671159)	(9, 32.36196623634558)	(10, 34.6407114484324)	(15, 37.22037523052916)	(20, 37.67617037877714)	(25, 37.25964675840545)	(30, 38.331252659951765)	(35, 37.49354163711165)	(40, 37.92189317633707)	(45, 37.02904667328699)	(50, 37.12290395800823)	(55, 36.28583841679671)	(60, 37.20414597815294)	(65, 37.48445878848064)	(70, 37.821832884097034)	(75, 37.50110299333239)	(80, 36.692140729181446)	(85, 37.272680522059865)	(90, 36.95640161725068)	(95, 36.76162930912186)	(100, 37.526571144843246)	(105, 37.15320967513122)	(110, 37.4469463753724)	(115, 36.5284792169102)	(120, 37.2851539225422)	(125, 36.518910483756564)	(130, 36.41016101574691)	(135, 35.71561569016882)	(140, 35.409923393389136)	(145, 36.26230671017166)	(150, 35.9801638530288)	(155, 35.423907646474674)	(160, 35.50529153071358)	(165, 35.687803234501345)	(170, 35.71052276918713)	(175, 35.10784863101149)	(180, 34.341640658249396)	(185, 34.38631011490992)	(190, 34.907806071783234)	(195, 33.39059441055469)	(200, 33.4989537523053)	(205, 34.10486593843098)	(210, 33.072354234643214)	(215, 34.49136402326572)	(220, 34.16177471981841)	(225, 33.859121861256924)	(230, 32.71161157611009)	(235, 31.916300184423324)	(240, 31.929837565612143)	(245, 33.14715111812875)	(250, 27.201219030009288)
SRR19621176_2	(1, 31.63360051071074)	(2, 32.209444602071216)	(3, 32.07132217335792)	(4, 31.756703078450844)	(5, 31.78929635409278)	(6, 35.95908994183572)	(7, 36.11058306142715)	(8, 33.8857284721237)	(9, 33.34097035040431)	(10, 35.830727762803235)	(15, 36.17423393389133)	(20, 35.43344800680948)	(25, 36.70580224145269)	(30, 35.740878138743085)	(35, 36.88005745495815)	(40, 35.61257625195063)	(45, 35.95504326854873)	(50, 34.869541778975744)	(55, 36.285614980848344)	(60, 35.65312528057378)	(65, 35.351020552925114)	(70, 36.18882445780355)	(75, 36.9265556560444)	(80, 37.515156673937334)	(85, 36.9188487524605)	(90, 37.20528098455428)	(95, 37.316979659874804)	(100, 36.10790374350517)	(105, 34.65357237857105)	(110, 36.573584437232896)	(115, 34.783270380025186)	(120, 36.674749516766866)	(125, 35.12546328314802)	(130, 37.14910180702594)	(135, 34.088308418009966)	(140, 34.55215193913923)	(145, 35.28286783351953)	(150, 35.32326945395497)	(155, 35.210313698294456)	(160, 32.99196131441683)	(165, 31.76942202990051)	(170, 34.249329659956366)	(175, 33.185296592026276)	(180, 35.63871824535407)	(185, 33.61341184281234)	(190, 34.43675482005712)	(195, 33.11769583671839)	(200, 33.120871986803124)	(205, 33.02358408570871)	(210, 33.97842339018189)	(215, 32.92936001135235)	(220, 33.19771533986094)	(225, 32.81224989357173)	(230, 30.840378884631754)	(235, 30.21530067840351)	(240, 29.515948558758318)	(245, 31.94509495459522)	(250, 29.52296200835592)
SRR19621177_1	(1, 32.4856435460626)	(2, 32.486013081556486)	(3, 27.88934259635638)	(4, 32.20777133143638)	(5, 31.812534643952553)	(6, 35.19092051291526)	(7, 34.97405860832933)	(8, 32.97889952329921)	(9, 32.910831085325746)	(10, 34.192757104319874)	(15, 37.36601382062747)	(20, 37.65745168323417)	(25, 37.17683012453347)	(30, 38.27720335538229)	(35, 37.42418609807471)	(40, 37.86960201027309)	(45, 36.78973799933484)	(50, 37.11215402239385)	(55, 35.667503048667825)	(60, 36.589608661911974)	(65, 37.559535863419676)	(70, 37.70314474705295)	(75, 37.283330253870886)	(80, 36.203935553009856)	(85, 37.266956136136876)	(90, 36.85955064483944)	(95, 36.38333394922582)	(100, 37.42918960866191)	(105, 37.19659657810133)	(110, 37.30199549166697)	(115, 36.212083810650014)	(120, 36.79311555374894)	(125, 35.896456154613645)	(130, 36.021658475296555)	(135, 35.87132035031965)	(140, 35.6441151472599)	(145, 36.756136136875945)	(150, 36.1664166143158)	(155, 35.562772994346105)	(160, 35.766464653930015)	(165, 35.15338679280145)	(170, 35.22612615941761)	(175, 35.26147962011751)	(180, 34.530324082628134)	(185, 35.01204316174568)	(190, 34.923679834448095)	(195, 33.30000739070988)	(200, 32.943268910978894)	(205, 34.59403569712871)	(210, 33.198507076604706)	(215, 34.27117992683198)	(220, 34.08657847086213)	(225, 34.074731162928195)	(230, 32.76071837700011)	(235, 32.355884852740104)	(240, 32.849188869590925)	(245, 33.192283833871656)	(250, 27.651612002755463)
SRR19621177_2	(1, 32.33271128191863)	(2, 32.17782047965707)	(3, 31.606259931266397)	(4, 29.827112819186283)	(5, 32.08344111451905)	(6, 36.565943608883636)	(7, 35.98019289752781)	(8, 35.96574405971693)	(9, 35.748013746720375)	(10, 35.90618602416762)	(15, 35.92565684934038)	(20, 35.112054247810505)	(25, 36.349854033479915)	(30, 35.64295850116404)	(35, 36.63162073256585)	(40, 34.97222150366771)	(45, 36.423576800133034)	(50, 34.881886883095284)	(55, 35.77637885478835)	(60, 36.058668539014434)	(65, 35.73984220542858)	(70, 36.318907632896654)	(75, 37.216736571755874)	(80, 37.52745884222391)	(85, 36.890936974557015)	(90, 36.95010809112914)	(95, 37.38079488553426)	(100, 35.93148231346002)	(105, 33.99855136733186)	(110, 36.850343680709535)	(115, 34.97743902439024)	(120, 37.39573170731707)	(125, 35.00661876485335)	(130, 36.920821168557595)	(135, 33.48813723807858)	(140, 34.032541207775886)	(145, 35.617030083524284)	(150, 35.39396408700799)	(155, 35.07295159007083)	(160, 32.35536007983295)	(165, 31.059235303901097)	(170, 34.478305545127476)	(175, 32.64897739189297)	(180, 35.35013583190109)	(185, 33.57469276117611)	(190, 33.80788749052873)	(195, 32.113629534571494)	(200, 32.50053533943433)	(205, 32.28179566792342)	(210, 33.52352049680256)	(215, 32.696392267031385)	(220, 32.016159437214625)	(225, 32.20215137233158)	(230, 30.11088808797708)	(235, 30.019046294285715)	(240, 31.060073192370254)	(245, 32.84171665975142)	(250, 29.23097432620111)
SRR19621178_1	(1, 32.66527040167552)	(2, 32.454334654798416)	(3, 27.83964769242277)	(4, 32.141914129703046)	(5, 31.747681202782555)	(6, 35.27118707457551)	(7, 34.98354401974718)	(8, 32.94262846884584)	(9, 32.54964844042187)	(10, 33.99144663026404)	(15, 37.377668486797816)	(20, 37.64184680978382)	(25, 37.175989228812924)	(30, 38.230305183633774)	(35, 37.392695788765046)	(40, 37.86095070685916)	(45, 36.835249457700655)	(50, 37.02220061335926)	(55, 35.55120053855935)	(60, 36.68159548208543)	(65, 37.23283716059541)	(70, 37.52469893036128)	(75, 37.10804473034632)	(80, 35.90115939860872)	(85, 37.07473259032089)	(90, 36.498739621512456)	(95, 35.89708280350064)	(100, 36.81067394719126)	(105, 36.74585982496821)	(110, 36.85139501832598)	(115, 35.67054379534744)	(120, 36.366497120203455)	(125, 35.46926097688683)	(130, 35.66578652105618)	(135, 35.00627571246914)	(140, 34.93397037923555)	(145, 36.20335477597427)	(150, 35.46796319844417)	(155, 34.89103897075323)	(160, 35.35604009275189)	(165, 34.63193582167701)	(170, 34.67506544992146)	(175, 34.55943226868128)	(180, 34.01902909716508)	(185, 34.52639314832822)	(190, 34.542433989079214)	(195, 32.906126112648664)	(200, 32.65060213927744)	(205, 34.12865584561298)	(210, 32.62325155209813)	(215, 33.79278554865734)	(220, 33.574990650011216)	(225, 33.37791906649712)	(230, 32.27528984965218)	(235, 32.33217892138529)	(240, 32.60468057771642)	(245, 32.607178734849434)	(250, 28.823088939279245)
SRR19621178_2	(1, 30.925312289625253)	(2, 31.886547236143315)	(3, 31.64008153190216)	(4, 31.26927967686439)	(5, 31.86842695788765)	(6, 36.46647094023487)	(7, 35.810008227990124)	(8, 34.40322761612686)	(9, 34.9548582541701)	(10, 36.047632582840905)	(15, 36.13908295310046)	(20, 35.87488967013239)	(25, 36.812929164485)	(30, 36.09037699154761)	(35, 36.700531079362705)	(40, 35.55592789288652)	(45, 36.5742987508415)	(50, 35.1566347520383)	(55, 36.20167925798489)	(60, 36.439008153190215)	(65, 35.77134789438253)	(70, 36.558545889744934)	(75, 37.33018176378188)	(80, 37.49600194479766)	(85, 37.045452165457405)	(90, 37.12915700501159)	(95, 37.544090807091024)	(100, 36.26214328851248)	(105, 34.134331930808784)	(110, 36.90197662459093)	(115, 35.17117905563347)	(120, 37.34762108725054)	(125, 34.872367752768206)	(130, 36.59201840181026)	(135, 33.6667402240383)	(140, 33.999167731777426)	(145, 35.24535457809695)	(150, 34.775001894934775)	(155, 34.03788969721906)	(160, 31.97028464366498)	(165, 30.834722274172428)	(170, 34.08430895829437)	(175, 32.33830933233589)	(180, 35.20940981185076)	(185, 33.13567621149494)	(190, 32.997155677707426)	(195, 31.19231008694831)	(200, 32.050935142359926)	(205, 31.792336888886485)	(210, 32.712588170422165)	(215, 32.770428568756195)	(220, 31.970886167158152)	(225, 31.76385064351991)	(230, 29.70493914882249)	(235, 30.458974998480564)	(240, 31.118055064587185)	(245, 32.67178282621984)	(250, 28.642334145645748)
SRR19621179_1	(1, 32.733436195316756)	(2, 32.51851515701579)	(3, 27.711630967507716)	(4, 32.16010165184244)	(5, 31.814666908694864)	(6, 35.25753312760936)	(7, 35.06984026139045)	(8, 32.928185696133596)	(9, 32.76347794518061)	(10, 34.09079233980759)	(15, 37.364893810128876)	(20, 37.65610818660374)	(25, 37.25903975313124)	(30, 38.2933517879833)	(35, 37.487615719731345)	(40, 37.88040933018697)	(45, 37.00408876384098)	(50, 37.196596478489745)	(55, 36.099387366128155)	(60, 37.13089489925576)	(65, 37.46833817389726)	(70, 37.624106008349976)	(75, 37.395965692503175)	(80, 36.374664185877656)	(85, 37.20250045380287)	(90, 36.93574151388636)	(95, 36.26933200217826)	(100, 37.084266654565255)	(105, 37.04507170085315)	(110, 37.155082592121985)	(115, 36.26082319840261)	(120, 36.67362043928117)	(125, 35.99793973497913)	(130, 36.049332909783985)	(135, 35.472622072971504)	(140, 34.7523325467417)	(145, 36.177577600290434)	(150, 35.447935196950446)	(155, 34.81261571973135)	(160, 35.298520602650214)	(165, 34.449119622436015)	(170, 34.585265020874935)	(175, 34.661503902704666)	(180, 33.87693773824651)	(185, 34.50907605736069)	(190, 34.46607369758577)	(195, 32.75549101470322)	(200, 32.833204755854055)	(205, 34.13687602105645)	(210, 32.92447358867308)	(215, 33.79270738791069)	(220, 33.593791976765296)	(225, 33.37982392448721)	(230, 32.227849882011256)	(235, 32.16824741332365)	(240, 32.82101107278998)	(245, 32.669521727999935)	(250, 30.1699135290161)
SRR19621179_2	(1, 31.658286440370304)	(2, 31.68497004901071)	(3, 32.07991468506081)	(4, 32.120688872753675)	(5, 32.03544200399347)	(6, 36.08399891087311)	(7, 35.750952986022874)	(8, 32.99888818297332)	(9, 34.37860773280087)	(10, 36.035505536394986)	(15, 36.060156108186604)	(20, 35.763282809947356)	(25, 36.84764930114358)	(30, 36.04178616808858)	(35, 36.818247413323654)	(40, 35.818596841532035)	(45, 36.75208749319296)	(50, 35.30915320384825)	(55, 36.10324922853513)	(60, 36.44270284988201)	(65, 35.88873207478671)	(70, 36.59081502995099)	(75, 37.509375567253585)	(80, 37.580690687965145)	(85, 37.18626792521329)	(90, 37.18583681248865)	(95, 37.59515338536939)	(100, 36.347812670176076)	(105, 34.34286517252464)	(110, 36.95877561208051)	(115, 35.424746431893986)	(120, 37.60838192915976)	(125, 35.554998865441334)	(130, 36.96448746445717)	(135, 33.99507125351729)	(140, 34.44464464010166)	(145, 35.41072737043392)	(150, 34.96881042073254)	(155, 34.444810057640815)	(160, 32.27074095086804)	(165, 30.89047543401793)	(170, 34.478849294021)	(175, 32.88015523580409)	(180, 35.33487776349836)	(185, 33.61662732637313)	(190, 33.34481615978211)	(195, 31.890254198819786)	(200, 32.3828792907237)	(205, 32.154002587439564)	(210, 32.804884470470746)	(215, 32.682246130101234)	(220, 32.05420650675059)	(225, 32.002496765553715)	(230, 29.57505343530429)	(235, 30.17572180860723)	(240, 31.11396858543672)	(245, 32.863465145156326)	(250, 28.498365921787375)
SRR19621180_1	(1, 32.719049439504744)	(2, 32.466820407206896)	(3, 27.834009545067765)	(4, 32.16976408637423)	(5, 31.765800540147247)	(6, 35.20789502891884)	(7, 34.93801872017166)	(8, 32.76795866270394)	(9, 32.09742381827375)	(10, 33.717729901712936)	(15, 37.3579647054471)	(20, 37.670155014860214)	(25, 37.28756551443475)	(30, 38.300726362391934)	(35, 37.403795829274)	(40, 37.93182059218883)	(45, 36.95346841125183)	(50, 37.196246099964235)	(55, 35.6122630689736)	(60, 37.1136898962868)	(65, 37.703103996842984)	(70, 37.85217477093071)	(75, 37.34009051782609)	(80, 36.32442871412892)	(85, 37.30185598539875)	(90, 36.81208795274328)	(95, 36.29702425729754)	(100, 37.60125541072155)	(105, 37.35950622155902)	(110, 37.59280296957664)	(115, 36.636177533327576)	(120, 37.19549384010162)	(125, 36.351172168851505)	(130, 36.28101715399129)	(135, 36.12431772496886)	(140, 35.61953902502189)	(145, 36.87544056530479)	(150, 36.59617210719087)	(155, 36.00768291630184)	(160, 36.14051227663432)	(165, 35.676456732725775)	(170, 35.451755478548264)	(175, 35.458286574011275)	(180, 34.79064484701994)	(185, 35.461098299399424)	(190, 35.310826375957284)	(195, 33.465868366856164)	(200, 33.09316676737905)	(205, 34.8032778798604)	(210, 33.24461024306626)	(215, 34.366155705459434)	(220, 34.225453514040126)	(225, 34.135934590388345)	(230, 33.11731554218205)	(235, 32.90669017992576)	(240, 33.09178177037982)	(245, 33.3447885046407)	(250, 27.360123149423522)
SRR19621180_2	(1, 30.59575281480842)	(2, 31.728828817718803)	(3, 32.12100284872177)	(4, 30.89972745995141)	(5, 31.574319574788195)	(6, 35.97728421857465)	(7, 36.07389411634131)	(8, 34.75202555217107)	(9, 35.37178902193886)	(10, 36.483616766762445)	(15, 36.30994339552837)	(20, 35.60913564108572)	(25, 36.84606050142436)	(30, 36.20363304517259)	(35, 36.79265991688145)	(40, 35.92357779723513)	(45, 36.73137170269704)	(50, 35.20825512708258)	(55, 36.06139427049292)	(60, 36.29032791130733)	(65, 36.0798135382111)	(70, 36.55133248652716)	(75, 37.45024355954568)	(80, 37.64646746167791)	(85, 37.09155040375531)	(90, 37.07933166631105)	(95, 37.578798081073415)	(100, 36.216463798142726)	(105, 34.62840405983697)	(110, 37.217057218925326)	(115, 35.290468772505584)	(120, 37.50142693289592)	(125, 35.00753539359529)	(130, 36.901706924635974)	(135, 34.27243733930086)	(140, 34.97840377903033)	(145, 36.29026263050291)	(150, 35.80660790478104)	(155, 35.458328039883305)	(160, 32.59636386062287)	(165, 32.13693000308356)	(170, 34.98792764208037)	(175, 33.33145528407723)	(180, 36.169493783303736)	(185, 34.58936172308252)	(190, 34.75485261473398)	(195, 32.73450001665008)	(200, 33.5371942992654)	(205, 33.31841236351865)	(210, 33.991636908130786)	(215, 34.21526753780593)	(220, 33.07699133991879)	(225, 32.794771580492736)	(230, 30.666070230717384)	(235, 31.24682006045278)	(240, 31.986466557865405)	(245, 33.36508734429915)	(250, 30.13699680793227)
SRR19621181_1	(1, 32.73268443319288)	(2, 32.499692044991164)	(3, 27.963408573467447)	(4, 32.203723919396495)	(5, 31.793315464863394)	(6, 35.32946725907299)	(7, 34.938787039554164)	(8, 32.81949376444203)	(9, 32.23327485727878)	(10, 33.668974276199535)	(15, 37.37839600040777)	(20, 37.67580068302296)	(25, 37.11120828802501)	(30, 38.18593303996194)	(35, 37.35424553146663)	(40, 37.81360863803181)	(45, 36.75829864414843)	(50, 36.921935316705174)	(55, 35.35687143196956)	(60, 36.43959154546691)	(65, 36.93861840763899)	(70, 37.30570077817045)	(75, 37.00081682411309)	(80, 35.839072906755476)	(85, 36.9897474344162)	(90, 36.31975117235286)	(95, 35.605379655430205)	(100, 36.46343618322686)	(105, 36.42676999796113)	(110, 36.45890860744869)	(115, 35.298248691722165)	(120, 35.8632246499932)	(125, 34.9645957931222)	(130, 35.20269556204975)	(135, 34.6478999592225)	(140, 35.25399704363191)	(145, 36.280818438222106)	(150, 35.69160493407639)	(155, 34.9119269913008)	(160, 35.521880521951886)	(165, 34.70659108672013)	(170, 34.91772461601196)	(175, 34.723750339812426)	(180, 34.46305984096778)	(185, 34.64053834783199)	(190, 34.61439190566807)	(195, 33.350755233111315)	(200, 32.85298397784423)	(205, 34.42816492795977)	(210, 32.684846489737666)	(215, 33.846646051379636)	(220, 33.669839098817455)	(225, 33.53087663109962)	(230, 32.33067316841103)	(235, 32.37218930932599)	(240, 32.82970604205428)	(245, 32.36607241034004)	(250, 28.538158427909647)
SRR19621181_2	(1, 31.865249507271987)	(2, 31.377639917765393)	(3, 31.463111237596845)	(4, 30.089432258393366)	(5, 31.05029436251189)	(6, 34.92912787141498)	(7, 33.92115502242762)	(8, 31.461605443795026)	(9, 33.67624583729781)	(10, 34.97044438969689)	(15, 35.323391412940055)	(20, 34.68680635789044)	(25, 35.93910986135653)	(30, 35.008072668886776)	(35, 35.66333466426532)	(40, 34.305549561641975)	(45, 35.64011385521347)	(50, 33.88666442955871)	(55, 35.43864108434605)	(60, 35.57940090815256)	(65, 34.62438376879064)	(70, 35.56684903344193)	(75, 36.61125888294686)	(80, 36.7375812950006)	(85, 36.12670644691752)	(90, 36.23879942103283)	(95, 36.89755712155774)	(100, 35.37386116208219)	(105, 32.81478440384509)	(110, 35.90841100562936)	(115, 34.024846260051405)	(120, 36.59037127578363)	(125, 33.46122627477447)	(130, 35.36694162582269)	(135, 32.08535584860569)	(140, 32.27807115034176)	(145, 33.57009296662015)	(150, 32.840663712470516)	(155, 32.009648656237914)	(160, 29.850835495606113)	(165, 28.672141243160677)	(170, 32.25776327696109)	(175, 30.340948842906858)	(180, 33.50709733548439)	(185, 31.179061587705736)	(190, 30.78697648988748)	(195, 29.215898214102005)	(200, 30.014767730278436)	(205, 29.512669111858912)	(210, 30.917440561836806)	(215, 30.68063480764813)	(220, 29.80710180000883)	(225, 29.755190438635502)	(230, 27.252832276773955)	(235, 28.114453942782706)	(240, 28.93273349724467)	(245, 30.98323104504869)	(250, 26.776342815776736)
SRR19621182_1	(1, 32.53888277489757)	(2, 32.50334796271497)	(3, 27.74840557419218)	(4, 32.17622880176083)	(5, 31.804783940386375)	(6, 35.31529190257097)	(7, 34.9583261512351)	(8, 32.98655511210703)	(9, 32.495379148490436)	(10, 34.05414550710033)	(15, 37.407380103157024)	(20, 37.628401331229526)	(25, 37.31010488073297)	(30, 38.31100916214747)	(35, 37.426656412840266)	(40, 37.944167915246815)	(45, 36.852970736816985)	(50, 37.072835757567724)	(55, 35.56217929169042)	(60, 36.90743976981928)	(65, 37.64253570055291)	(70, 37.907702303133156)	(75, 37.25610522547369)	(80, 36.21203145096063)	(85, 37.37005263925536)	(90, 36.73894111563399)	(95, 36.50971505853962)	(100, 37.60731645871731)	(105, 37.292549622774104)	(110, 37.45123642583434)	(115, 36.341699041355625)	(120, 37.054962277410205)	(125, 36.13706625651361)	(130, 36.25712884021267)	(135, 35.83475516779591)	(140, 35.364189395245226)	(145, 36.81852848751642)	(150, 36.10378551823811)	(155, 35.723703576021954)	(160, 35.83754491573742)	(165, 35.241636722841726)	(170, 35.04758482610483)	(175, 35.13999655259285)	(180, 34.130585131067775)	(185, 35.02658746469723)	(190, 34.98606717140243)	(195, 33.14155318951458)	(200, 32.78222994205704)	(205, 34.25548204033466)	(210, 32.88787706015725)	(215, 34.089884511860404)	(220, 33.83273180498283)	(225, 33.90144393322637)	(230, 32.75782760312388)	(235, 32.50802582903513)	(240, 32.7402768361321)	(245, 33.25558979395555)	(250, 27.21812066962336)
SRR19621182_2	(1, 31.66853180233098)	(2, 31.704756095943992)	(3, 32.1861997639852)	(4, 30.846497566926107)	(5, 31.876211564725068)	(6, 35.67985520889962)	(7, 35.64257017462443)	(8, 35.86453015818295)	(9, 35.46994789111497)	(10, 36.302515281295165)	(15, 36.297349474270405)	(20, 35.78090136437767)	(25, 37.00733236982723)	(30, 36.18866598602474)	(35, 36.99271536350257)	(40, 35.60337580715735)	(45, 36.88179901616304)	(50, 35.49104071918217)	(55, 36.24313501902704)	(60, 36.53106420217985)	(65, 36.219753904903335)	(70, 36.77793099790501)	(75, 37.46744836650536)	(80, 37.76372966307331)	(85, 37.26933715210099)	(90, 37.23212803479321)	(95, 37.645585561498116)	(100, 36.44006842049432)	(105, 34.4640686326509)	(110, 37.31983318087144)	(115, 35.5024292751716)	(120, 37.69844852278152)	(125, 35.42120882618151)	(130, 37.15652150851324)	(135, 34.162738025778395)	(140, 34.89009441468201)	(145, 36.38126494638726)	(150, 36.14245302953711)	(155, 35.688397630884296)	(160, 33.40927068774933)	(165, 32.38135541057942)	(170, 35.283356295194515)	(175, 33.23195645869349)	(180, 36.34579540711394)	(185, 34.86605032634388)	(190, 35.08756525211711)	(195, 32.91167043485593)	(200, 33.51224565592254)	(205, 33.23633944281226)	(210, 34.33422539354673)	(215, 34.430619429304606)	(220, 33.44250799893773)	(225, 33.24574933928235)	(230, 31.262807332780067)	(235, 31.705668317981612)	(240, 32.51239893829162)	(245, 33.647428966423625)	(250, 30.79879847328005)
SRR19621183_1	(1, 32.47280352452766)	(2, 32.461747013471154)	(3, 27.85107599762772)	(4, 32.183999830551556)	(5, 31.793061086164535)	(6, 35.248496145047866)	(7, 35.0292086757604)	(8, 32.60969668728289)	(9, 32.14292976361942)	(10, 33.83372871303906)	(15, 37.40708294501398)	(20, 37.665203761755485)	(25, 37.23774887740405)	(30, 38.291769041769044)	(35, 37.42662882318054)	(40, 37.91122595950183)	(45, 36.92598068287724)	(50, 37.13922307887825)	(55, 35.85397780225367)	(60, 36.79272642548504)	(65, 37.58905363043294)	(70, 37.832504448021695)	(75, 37.296289079047696)	(80, 36.33987969160383)	(85, 37.36590273659239)	(90, 36.77801406422096)	(95, 36.583724476827925)	(100, 37.394692027450645)	(105, 37.05562992459544)	(110, 37.4190841311531)	(115, 36.352224010844694)	(120, 36.882754384478524)	(125, 36.176027281199694)	(130, 36.21023892230788)	(135, 35.908955350334665)	(140, 35.973756672032536)	(145, 36.96488604592053)	(150, 36.55766330593917)	(155, 36.04427687875964)	(160, 36.128441921545374)	(165, 35.76089553503347)	(170, 35.7356985512158)	(175, 35.453287299839026)	(180, 34.96153096670338)	(185, 35.54688214860629)	(190, 35.50027535372364)	(195, 33.807527747182924)	(200, 33.21638142845039)	(205, 34.96198000508345)	(210, 33.49935185969669)	(215, 34.70634160806575)	(220, 34.52304922477337)	(225, 34.466211980005085)	(230, 33.27653986274676)	(235, 32.93413477035492)	(240, 33.30301207371319)	(245, 33.360277266619)	(250, 27.621112467060783)
SRR19621183_2	(1, 31.582542573921884)	(2, 32.14742014742015)	(3, 31.60234686096755)	(4, 30.949271371685164)	(5, 30.931902906040836)	(6, 35.99042616283995)	(7, 35.66563585529103)	(8, 32.65347792934)	(9, 34.15875201220029)	(10, 36.02633652461239)	(15, 36.37052020672711)	(20, 35.60966279759383)	(25, 36.95014403117851)	(30, 36.09025671439464)	(35, 36.94931797000763)	(40, 35.56885961196306)	(45, 36.834410743031434)	(50, 35.54603490637974)	(55, 36.2141701262391)	(60, 36.388964669999154)	(65, 36.00643480471066)	(70, 36.56331441159027)	(75, 37.47368889265441)	(80, 37.650042362111336)	(85, 37.189117173599925)	(90, 37.23580445649411)	(95, 37.62197746335677)	(100, 36.29195119884775)	(105, 34.43034821655512)	(110, 37.23506735575701)	(115, 35.60315277009867)	(120, 37.75393446442566)	(125, 35.50579589039981)	(130, 37.01813675648195)	(135, 33.62250579567488)	(140, 34.697973876272364)	(145, 36.00089395415837)	(150, 35.75312922387294)	(155, 35.24809236309713)	(160, 33.55773634607757)	(165, 32.047584950427925)	(170, 34.74841303470327)	(175, 32.966086182788864)	(180, 36.22158852566683)	(185, 34.540530920955064)	(190, 34.21144411508042)	(195, 32.69513462136963)	(200, 33.456121022077205)	(205, 33.22012458682939)	(210, 34.034536825154674)	(215, 33.982489670515946)	(220, 33.03121093336159)	(225, 32.82027032066999)	(230, 31.1023944736396)	(235, 31.330618108196955)	(240, 32.39507098961644)	(245, 33.78123555331534)	(250, 30.494925958997726)
SRR19621184_1	(1, 32.41500656319975)	(2, 32.44697320670218)	(3, 27.868504362597484)	(4, 32.16564357964636)	(5, 31.733012894757163)	(6, 35.232491699482665)	(7, 34.95593004401204)	(8, 32.608543741796)	(9, 32.145374874527064)	(10, 33.780518878851055)	(15, 37.396996370936606)	(20, 37.606177129179216)	(25, 37.17226468998533)	(30, 38.23146475175662)	(35, 37.36714153347232)	(40, 37.84748281985947)	(45, 36.8003860705737)	(50, 37.0206663578102)	(55, 35.317963863794304)	(60, 36.482541888657245)	(65, 37.29873754922399)	(70, 37.61361670913443)	(75, 37.05443209018609)	(80, 35.979240985252105)	(85, 37.23051501814531)	(90, 36.374075360975986)	(95, 36.23512084008957)	(100, 37.07795537024168)	(105, 36.70125086865879)	(110, 37.051606053586596)	(115, 35.91199135201915)	(120, 36.66695235889121)	(125, 35.7002393637557)	(130, 36.034796540807655)	(135, 35.4321403752606)	(140, 35.88986178673461)	(145, 36.71246235811906)	(150, 36.32509458729056)	(155, 35.91479036367848)	(160, 35.98214809667207)	(165, 35.612763493166554)	(170, 35.612111033896994)	(175, 35.19326692919466)	(180, 34.765898386225004)	(185, 35.35165624276118)	(190, 35.28678094355648)	(195, 33.657478187012586)	(200, 32.81900625434329)	(205, 34.716983244537104)	(210, 33.101320361362056)	(215, 34.501308779244845)	(220, 34.34708516716856)	(225, 34.21084472241526)	(230, 32.98697397884333)	(235, 32.89107018763029)	(240, 33.19365128378438)	(245, 33.21167210855352)	(250, 27.825322216003535)
SRR19621184_2	(1, 31.656088332947263)	(2, 31.93044938614779)	(3, 31.960292641494867)	(4, 31.012489383059222)	(5, 32.213612848428696)	(6, 36.60910354412787)	(7, 35.927109875685275)	(8, 34.87719095050575)	(9, 35.21809126708362)	(10, 35.910987568527524)	(15, 36.251138908192424)	(20, 35.817095205003476)	(25, 36.8217087483592)	(30, 36.112566597173966)	(35, 36.85595706895221)	(40, 35.20614238282758)	(45, 36.60526600262527)	(50, 35.244938614778775)	(55, 36.27519496563972)	(60, 36.3576673615937)	(65, 35.92342676241217)	(70, 36.53289444979866)	(75, 37.20530085130205)	(80, 37.4455349214316)	(85, 37.11069456777731)	(90, 37.16747229836686)	(95, 37.49067989652909)	(100, 36.2553221883325)	(105, 34.20121230840508)	(110, 37.13073787930714)	(115, 35.236655663018084)	(120, 37.515758383042794)	(125, 35.11893978880717)	(130, 36.89303115971211)	(135, 33.396054054054055)	(140, 34.274334811848085)	(145, 35.79694142488318)	(150, 35.31433259971428)	(155, 34.864458087184836)	(160, 33.15178578323487)	(165, 32.051515586494844)	(170, 34.30162343493422)	(175, 32.65287385728678)	(180, 36.061553907939455)	(185, 34.06487488415199)	(190, 33.882062866852024)	(195, 32.013203252125486)	(200, 33.08744762603541)	(205, 32.7823363642609)	(210, 33.879670575754886)	(215, 33.88495178692376)	(220, 32.934010660857936)	(225, 32.62892392432131)	(230, 30.906644427887407)	(235, 31.270261292752167)	(240, 32.06611725304724)	(245, 33.59496465519393)	(250, 30.409646666270305)
SRR19621185_1	(1, 32.572645079899075)	(2, 32.448380992430614)	(3, 27.705740117746004)	(4, 32.15780067283431)	(5, 31.728027754415475)	(6, 34.64728763666947)	(7, 34.361648444070646)	(8, 33.058242220353236)	(9, 32.811080740117745)	(10, 34.25470984020185)	(15, 37.258683767872164)	(20, 37.61797729184188)	(25, 37.27554667788057)	(30, 38.273528174936914)	(35, 37.40723296888142)	(40, 37.886732548359966)	(45, 36.9836417157275)	(50, 37.02743902439024)	(55, 35.62743902439025)	(60, 36.92954163162321)	(65, 37.292367535744326)	(70, 37.6178511354079)	(75, 37.249474348191754)	(80, 36.28210681244743)	(85, 37.179772918418834)	(90, 36.697098402018504)	(95, 36.22409587888982)	(100, 37.25622371740958)	(105, 36.939529015979815)	(110, 37.196614802354915)	(115, 36.35937762825904)	(120, 36.6242220353238)	(125, 35.94472245584525)	(130, 35.883557611438185)	(135, 35.61602186711522)	(140, 35.5400126156434)	(145, 36.68835155592935)	(150, 36.26703111858704)	(155, 35.63097140454163)	(160, 35.89421783010933)	(165, 35.331833473507146)	(170, 35.40008410428932)	(175, 35.192851135407906)	(180, 34.44505887300252)	(185, 34.80679142136249)	(190, 34.86959629941127)	(195, 33.220079899074854)	(200, 33.28454583683768)	(205, 34.5419259882254)	(210, 33.02428511354079)	(215, 34.2936921783011)	(220, 34.047897392767034)	(225, 33.92184608915055)	(230, 32.73618587047939)	(235, 32.143839360807405)	(240, 32.47502891388918)	(245, 32.83767964526868)	(250, 28.65428231006448)
SRR19621185_2	(1, 30.823906644238857)	(2, 32.269238856181666)	(3, 32.220353238015136)	(4, 31.498528174936922)	(5, 31.93870899915896)	(6, 36.040054667788056)	(7, 35.93807821698907)	(8, 34.11585365853659)	(9, 34.40780067283431)	(10, 35.514507989907486)	(15, 36.02706055508831)	(20, 35.74417577796468)	(25, 36.84470142977291)	(30, 36.03109756097562)	(35, 36.89093776282591)	(40, 35.81787216148024)	(45, 36.49997897392767)	(50, 35.09140033641716)	(55, 36.11230025231286)	(60, 36.030130361648446)	(65, 35.67224558452481)	(70, 36.43637510513036)	(75, 37.18378889823381)	(80, 37.52304457527334)	(85, 36.85176619007569)	(90, 37.1041841883936)	(95, 37.43887720773759)	(100, 36.11026072329689)	(105, 34.627123633305295)	(110, 36.883494533221196)	(115, 35.09125315391085)	(120, 37.08507148864592)	(125, 35.02695542472666)	(130, 36.815559293523975)	(135, 34.143145500420516)	(140, 34.43927670311186)	(145, 35.72092094196804)	(150, 35.40414257175901)	(155, 35.00109347071812)	(160, 32.781305856376825)	(165, 31.307748922300494)	(170, 34.523204710335406)	(175, 32.91335479279568)	(180, 35.530094637223975)	(185, 33.969737118822295)	(190, 34.24092534174552)	(195, 32.70243953732913)	(200, 32.87688748685595)	(205, 32.33312302839117)	(210, 33.73150368033649)	(215, 33.386077812828596)	(220, 32.864991061100014)	(225, 32.67015929775007)	(230, 30.525725704669753)	(235, 30.589966344131263)	(240, 30.686147049542438)	(245, 32.47953184919552)	(250, 29.671469836044853)
SRR19621186_1	(1, 32.462993127011245)	(2, 32.439831552183065)	(3, 27.823884629136703)	(4, 32.17204322434548)	(5, 31.783083707441104)	(6, 35.24363354654165)	(7, 34.97469309920146)	(8, 32.81063525485678)	(9, 32.600830320607045)	(10, 33.879174446784)	(15, 37.38338166938143)	(20, 37.674939414405465)	(25, 37.30140240753248)	(30, 38.29465654920345)	(35, 37.40225656509476)	(40, 37.92969687338604)	(45, 37.01085773310556)	(50, 37.10458066822931)	(55, 35.57156648524095)	(60, 36.898959119621786)	(65, 37.534758253545746)	(70, 37.77884072941083)	(75, 37.11432998291685)	(80, 36.31006316793135)	(85, 37.36878153430535)	(90, 36.79966628262683)	(95, 36.434702633983555)	(100, 37.56420881172778)	(105, 37.2330777482023)	(110, 37.52398792260935)	(115, 36.491784196098685)	(120, 36.85133685590561)	(125, 36.08137539231655)	(130, 35.9969131142982)	(135, 36.08881252234715)	(140, 35.8401692423821)	(145, 37.119196694608874)	(150, 36.684807913869136)	(155, 36.136029557824486)	(160, 36.26067299670255)	(165, 35.72788923761472)	(170, 35.640773111914505)	(175, 35.58282944658536)	(180, 34.8602002304239)	(185, 35.49173254936236)	(190, 35.3772396805848)	(195, 33.484025267172534)	(200, 33.23985141631242)	(205, 34.95386754598546)	(210, 33.289154185372055)	(215, 34.56033927932939)	(220, 34.272289539549476)	(225, 34.15540502959755)	(230, 32.924846052997495)	(235, 32.55639823606531)	(240, 32.963407457686195)	(245, 33.30846080769722)	(250, 28.060916548953198)
SRR19621186_2	(1, 32.284255691073064)	(2, 31.877875332724166)	(3, 32.02135393905685)	(4, 30.601307059711573)	(5, 31.9489094592984)	(6, 36.59999602717413)	(7, 35.87765682730126)	(8, 33.15545667633388)	(9, 34.2889833538596)	(10, 36.126093520321)	(15, 36.233622025346634)	(20, 35.45376027968694)	(25, 36.8174645425291)	(30, 36.02804020499782)	(35, 36.85986254022485)	(40, 35.65050653529856)	(45, 36.75045886138811)	(50, 35.17592864804735)	(55, 35.918688172897376)	(60, 36.16856700170832)	(65, 35.959699654364144)	(70, 36.399892733701485)	(75, 37.44392356283024)	(80, 37.61099280918517)	(85, 36.98049342497318)	(90, 37.05757816534901)	(95, 37.587620674585835)	(100, 36.12466402046268)	(105, 34.36973778307509)	(110, 37.09096543504172)	(115, 35.38289630512515)	(120, 37.44569328565753)	(125, 34.89342471195867)	(130, 36.78268176400477)	(135, 33.63077473182359)	(140, 34.53720301946762)	(145, 35.946181962653945)	(150, 35.78399425766959)	(155, 35.39941590627963)	(160, 32.81202272636974)	(165, 31.560692255190126)	(170, 35.12861190007196)	(175, 32.82798830677753)	(180, 35.899688089798346)	(185, 34.485448160100006)	(190, 34.665339531926726)	(195, 32.98431799427006)	(200, 33.43621878290585)	(205, 33.028724693541015)	(210, 34.09170524308108)	(215, 33.9471162060676)	(220, 32.8755039707818)	(225, 32.78714299720233)	(230, 30.887764752632627)	(235, 31.060235649426772)	(240, 32.0622208184563)	(245, 33.117625387604924)	(250, 30.438676224532518)
SRR19621187_1	(1, 32.4882508621381)	(2, 32.48734862458898)	(3, 27.709680006415912)	(4, 32.05692116448793)	(5, 31.775242601652096)	(6, 35.26251102734782)	(7, 35.01231053011468)	(8, 32.91647285267463)	(9, 33.04142272836635)	(10, 34.16456010907049)	(15, 37.423249659154706)	(20, 37.6458216376614)	(25, 37.305016440773116)	(30, 38.302462106022936)	(35, 37.44378859571738)	(40, 37.94047638142594)	(45, 36.958039939048845)	(50, 37.10830058545192)	(55, 35.59160718582084)	(60, 36.88554013954607)	(65, 37.39647525864143)	(70, 37.76586735103056)	(75, 37.10686903520732)	(80, 36.14477103215975)	(85, 37.33504290640789)	(90, 36.72265618734461)	(95, 36.22908011869436)	(100, 37.35857326168899)	(105, 37.22947710321598)	(110, 37.38852353837517)	(115, 36.18981073061192)	(120, 36.72283262490978)	(125, 35.953817467318956)	(130, 36.03896864223274)	(135, 35.84198011067447)	(140, 35.71248295773519)	(145, 36.953139786670945)	(150, 36.48586895500843)	(155, 35.98273317828214)	(160, 36.16964070895822)	(165, 35.578033523137385)	(170, 35.53671906327693)	(175, 35.29801507739192)	(180, 34.70368112920042)	(185, 35.314014756596364)	(190, 35.22815382147727)	(195, 33.5157229930227)	(200, 33.20044510385757)	(205, 34.784321116368595)	(210, 33.215674873686744)	(215, 34.50929906167295)	(220, 34.22000962386719)	(225, 34.2040059347181)	(230, 32.90544550485203)	(235, 32.446663726040576)	(240, 33.142641132566354)	(245, 33.2432657888177)	(250, 27.929729619224087)
SRR19621187_2	(1, 31.961123586494505)	(2, 32.31680567808164)	(3, 32.150092228727246)	(4, 31.915731012912023)	(5, 32.62687464912984)	(6, 36.72102814981153)	(7, 36.09084529633491)	(8, 34.73706792846259)	(9, 35.00204507177801)	(10, 35.973987488972654)	(15, 36.12421204587376)	(20, 35.94019568529954)	(25, 37.031233458978264)	(30, 36.352093191113966)	(35, 37.00831261528591)	(40, 35.92329777849066)	(45, 36.90117892373085)	(50, 35.572403560830864)	(55, 36.31697810570214)	(60, 36.53155425455128)	(65, 36.00608308605341)	(70, 36.778618975058144)	(75, 37.49784665971609)	(80, 37.67453284144679)	(85, 37.19273799021573)	(90, 37.233373608453725)	(95, 37.66905263157894)	(100, 36.56777543859649)	(105, 34.68841704260652)	(110, 37.26412431077694)	(115, 35.433612704014116)	(120, 37.500725829089305)	(125, 35.18666238922084)	(130, 36.96150882529402)	(135, 34.17380093038178)	(140, 34.680659849283145)	(145, 36.080243027009686)	(150, 35.85160820029046)	(155, 35.37560338358417)	(160, 33.2037579209112)	(165, 32.165602247466346)	(170, 35.25961858543726)	(175, 33.2300680581645)	(180, 36.05777321349347)	(185, 34.17962417022642)	(190, 34.70626774638005)	(195, 32.846004799843875)	(200, 33.48718360142806)	(205, 33.183280118231544)	(210, 33.91653963414634)	(215, 34.08948751378999)	(220, 33.088131581586595)	(225, 32.89061478287032)	(230, 31.034742284199506)	(235, 31.565344727287318)	(240, 32.22436517456239)	(245, 33.19848168499855)	(250, 30.097366636667072)
SRR19621188_1	(1, 32.67620253164557)	(2, 32.46741410488246)	(3, 27.835587703435806)	(4, 32.18267631103074)	(5, 31.80849909584087)	(6, 35.25070524412297)	(7, 35.061555153707054)	(8, 32.39772151898734)	(9, 32.104303797468354)	(10, 33.610090415913206)	(15, 37.38265461121158)	(20, 37.67479204339964)	(25, 37.252462929475584)	(30, 38.298987341772154)	(35, 37.40402169981917)	(40, 37.9025678119349)	(45, 37.07461844484629)	(50, 37.24366003616636)	(55, 35.78251717902351)	(60, 36.888593128390596)	(65, 37.55912477396022)	(70, 37.67262929475588)	(75, 37.243891500904155)	(80, 36.41341048824593)	(85, 37.345171790235085)	(90, 36.77461121157324)	(95, 36.395146473779384)	(100, 37.24010126582279)	(105, 37.04971428571429)	(110, 37.32)	(115, 36.61913924050633)	(120, 36.94114285714286)	(125, 36.10708860759494)	(130, 35.900650994575045)	(135, 35.88794213381556)	(140, 35.89222423146474)	(145, 37.08541048824593)	(150, 36.845041591320076)	(155, 36.07687522603978)	(160, 36.26512115732369)	(165, 35.71471971066908)	(170, 35.66793490054249)	(175, 35.676166365280295)	(180, 35.19683182640144)	(185, 35.59542133815552)	(190, 35.44874502712477)	(195, 33.966452079566004)	(200, 33.44037613019891)	(205, 34.96234358047016)	(210, 33.50648101265823)	(215, 34.60057866184449)	(220, 34.4481157323689)	(225, 34.34640144665461)	(230, 33.1357034358047)	(235, 32.708564195298365)	(240, 33.1900446557619)	(245, 33.13152616475274)	(250, 27.908109225883145)
SRR19621188_2	(1, 32.16481012658228)	(2, 32.04086799276673)	(3, 31.591717902350815)	(4, 30.625931283905967)	(5, 31.11338155515371)	(6, 35.02607594936709)	(7, 35.64864376130199)	(8, 33.202965641952986)	(9, 34.272188065099456)	(10, 35.58053526220615)	(15, 35.993735985533455)	(20, 34.96520072332731)	(25, 36.64098372513563)	(30, 35.88525858951175)	(35, 36.5469801084991)	(40, 35.560072332730556)	(45, 36.54210488245931)	(50, 34.98133092224232)	(55, 35.643233273056055)	(60, 36.049273056057864)	(65, 35.507978300180824)	(70, 35.9838191681736)	(75, 37.35302712477396)	(80, 37.591283905967444)	(85, 36.7866329113924)	(90, 36.82758770343581)	(95, 37.52472332730561)	(100, 35.866943942133815)	(105, 34.010502861857084)	(110, 36.79364895656263)	(115, 35.27368078411516)	(120, 37.14566168758363)	(125, 34.577454411464046)	(130, 36.750086805555554)	(135, 33.809273726851856)	(140, 34.51497037634899)	(145, 35.70741906312172)	(150, 35.341378187737384)	(155, 34.75296589045659)	(160, 32.293177543047314)	(165, 30.340101879979308)	(170, 34.40683919698107)	(175, 33.30392156862745)	(180, 35.42051226394617)	(185, 34.09314225442738)	(190, 33.994819290184864)	(195, 32.582127998263445)	(200, 33.07271806374588)	(205, 32.76169158516855)	(210, 33.45124483031634)	(215, 33.1623489398654)	(220, 32.285317316737824)	(225, 32.15172588465157)	(230, 30.133946016354294)	(235, 30.292799768434765)	(240, 30.80776608601506)	(245, 33.18981286321857)	(250, 29.500583210033277)
SRR19621189_1	(1, 32.201954315989404)	(2, 32.4317738791423)	(3, 27.937122007297447)	(4, 32.19193282351177)	(5, 31.7830759234268)	(6, 35.243414804818315)	(7, 34.96606187834258)	(8, 32.86699655120708)	(9, 32.836207327435396)	(10, 34.018533513270356)	(15, 37.39969010846204)	(20, 37.62939471185085)	(25, 37.271839856050384)	(30, 38.2894237017044)	(35, 37.40924176538211)	(40, 37.88225621032639)	(45, 36.88374069075823)	(50, 36.973119408207126)	(55, 35.38936872094767)	(60, 36.82989453691208)	(65, 37.28155645524067)	(70, 37.51672914479932)	(75, 37.16765132203729)	(80, 36.20694756835108)	(85, 37.31592942470136)	(90, 36.50683760683761)	(95, 36.04777327935223)	(100, 37.201644424451445)	(105, 36.86400259909032)	(110, 37.05469585645024)	(115, 36.12622082271205)	(120, 36.563252861498476)	(125, 35.72167241465487)	(130, 35.89341730394362)	(135, 35.3728195131704)	(140, 35.69173289348728)	(145, 36.60185934922777)	(150, 36.09070325386115)	(155, 35.58741440495827)	(160, 35.72500624781326)	(165, 35.132848503023936)	(170, 35.180146948568)	(175, 35.04870795221673)	(180, 34.321782376168336)	(185, 35.03224871295047)	(190, 34.86063377817764)	(195, 33.0559354226021)	(200, 32.812610586294795)	(205, 34.38414554905783)	(210, 32.825511071125106)	(215, 34.08298095666517)	(220, 33.898445544059584)	(225, 33.83884140550807)	(230, 32.48180136952067)	(235, 32.076513220372874)	(240, 32.72741040635778)	(245, 33.038357777276666)	(250, 27.665148219884607)
SRR19621189_2	(1, 31.686434747838256)	(2, 31.89288748937872)	(3, 32.01012145748988)	(4, 31.11755885440096)	(5, 31.508097165991902)	(6, 35.86352276703154)	(7, 36.15547058529515)	(8, 33.07484880291898)	(9, 35.31226570700255)	(10, 35.889323736692155)	(15, 36.167701304543414)	(20, 35.52459639126305)	(25, 36.801924326485725)	(30, 35.85961413505273)	(35, 36.777138001699406)	(40, 35.34973259359224)	(45, 36.718018693457296)	(50, 34.955560553806166)	(55, 36.01594441945319)	(60, 36.16067876243314)	(65, 35.91645923926626)	(70, 36.48087169490678)	(75, 37.27789773579247)	(80, 37.48843404808317)	(85, 37.036997051032145)	(90, 37.026830609286755)	(95, 37.52762033288349)	(100, 36.164411651558375)	(105, 34.27382769511735)	(110, 36.94341697490753)	(115, 35.40035989203239)	(120, 37.5916008044375)	(125, 35.216210947263185)	(130, 37.128787803049235)	(135, 33.85225693576606)	(140, 34.41424814204378)	(145, 35.718337249412585)	(150, 35.55264210368445)	(155, 35.24352537087249)	(160, 32.9478602139786)	(165, 31.287308139405173)	(170, 34.5716814159292)	(175, 33.06382340441489)	(180, 35.61043678920527)	(185, 33.932815000000005)	(190, 34.39555291219781)	(195, 32.63429585739644)	(200, 33.044346309562385)	(205, 32.44602616956344)	(210, 33.86497335657981)	(215, 33.51766264939741)	(220, 32.83095964394659)	(225, 32.796749431150445)	(230, 30.553543391147663)	(235, 30.608416683336667)	(240, 31.753860772154432)	(245, 33.133914082383384)	(250, 30.251918542469973)
SRR19621190_1	(1, 32.71762717194748)	(2, 32.49567576067301)	(3, 27.879255444610425)	(4, 32.11307885840082)	(5, 31.798745970595174)	(6, 35.194217312681815)	(7, 34.97350420630553)	(8, 32.75373457032786)	(9, 32.759808161018945)	(10, 34.048211337369295)	(15, 37.36988363865083)	(20, 37.60899441780013)	(25, 37.27280446575988)	(30, 38.29099771994654)	(35, 37.456596430537)	(40, 37.88548628036796)	(45, 36.91548863904395)	(50, 37.14400503184213)	(55, 35.94387923578898)	(60, 37.015417878764055)	(65, 37.51827580784652)	(70, 37.72437298529759)	(75, 37.301643210944256)	(80, 36.257799355295234)	(85, 37.32268653196006)	(90, 36.677097256073594)	(95, 36.28537227769478)	(100, 37.251022092931834)	(105, 37.09892680242158)	(110, 37.250169038446415)	(115, 36.337243493985376)	(120, 36.83666561836622)	(125, 36.087589433131534)	(130, 36.008561993867445)	(135, 35.64500746914065)	(140, 35.70496108184606)	(145, 36.59600597531252)	(150, 36.3484314804623)	(155, 35.56861781586603)	(160, 35.82610268102839)	(165, 35.18255759100558)	(170, 35.28999135152135)	(175, 35.18607988049375)	(180, 34.62187671986791)	(185, 35.082176271719476)	(190, 34.98007311895589)	(195, 33.495259061246955)	(200, 33.02501375894332)	(205, 34.50730010220929)	(210, 33.32611840553503)	(215, 34.35760279896218)	(220, 34.149858479440205)	(225, 33.978229420551926)	(230, 32.804623004953214)	(235, 32.3119532252721)	(240, 33.05828165046969)	(245, 32.897310921850305)	(250, 27.884633255290282)
SRR19621190_2	(1, 31.781566947087036)	(2, 31.900188694079723)	(3, 31.92499410331001)	(4, 31.710413554524727)	(5, 32.55387609088765)	(6, 36.72757292239956)	(7, 36.07007233273056)	(8, 34.067045365201665)	(9, 34.697873260476456)	(10, 35.990062111801244)	(15, 36.17058337919648)	(20, 35.56866498938596)	(25, 36.816538249862404)	(30, 36.04680006289802)	(35, 36.92889378095762)	(40, 35.81083025395078)	(45, 36.60744948502241)	(50, 35.17404277065807)	(55, 36.02512383048982)	(60, 36.25006289802658)	(65, 35.70792515134838)	(70, 36.42232879943392)	(75, 37.30466624734649)	(80, 37.60962732919255)	(85, 37.14724034908404)	(90, 37.12287238481074)	(95, 37.572971594416586)	(100, 36.272111491134964)	(105, 34.483602626095845)	(110, 37.04327947478083)	(115, 35.445186146165035)	(120, 37.592153008472074)	(125, 35.52142786940027)	(130, 37.19551018931117)	(135, 34.408196032164824)	(140, 34.720224100648714)	(145, 36.08545826026655)	(150, 35.718290477313836)	(155, 35.15960918455611)	(160, 33.02766394686014)	(165, 31.306015806235997)	(170, 34.37771792552983)	(175, 33.220685723272915)	(180, 35.578651502438916)	(185, 33.87181777971476)	(190, 34.12232708112147)	(195, 32.86202394762195)	(200, 33.38020117895441)	(205, 32.890228077074326)	(210, 33.557105931859326)	(215, 33.42932903774777)	(220, 32.74822243196476)	(225, 32.57811074406167)	(230, 30.561257217976426)	(235, 30.706351516104927)	(240, 31.256823166411728)	(245, 33.28711701682723)	(250, 29.44870214312391)
SRR19621191_1	(1, 32.7078663134298)	(2, 32.5474424291828)	(3, 27.85239453841451)	(4, 32.148848583656005)	(5, 31.785062156103525)	(6, 35.05090686773996)	(7, 34.8727939678011)	(8, 33.00990421846342)	(9, 32.66725086610964)	(10, 34.27403708987161)	(15, 37.386745465661306)	(20, 37.676763806806605)	(25, 37.33985734664764)	(30, 38.34463827185653)	(35, 37.476963521499904)	(40, 37.940236396983906)	(45, 37.059029957204)	(50, 37.17730996535561)	(55, 36.1206847360913)	(60, 37.14400244548604)	(65, 37.73080089667822)	(70, 37.94260444263298)	(75, 37.47174240880375)	(80, 36.56793560220094)	(85, 37.4211575300591)	(90, 36.97831261463216)	(95, 36.57534134909314)	(100, 37.65029549622987)	(105, 37.41026696555941)	(110, 37.667764418178116)	(115, 36.63844304055431)	(120, 37.133552068473605)	(125, 36.51093539841043)	(130, 36.37934379457917)	(135, 36.14359078866925)	(140, 35.85032402690034)	(145, 36.97040961891176)	(150, 36.589443651925826)	(155, 36.08767067454657)	(160, 36.15197880578765)	(165, 35.76257591196251)	(170, 35.70084776849399)	(175, 35.52264520073364)	(180, 34.82053800692888)	(185, 35.339898104748315)	(190, 35.31895659262278)	(195, 33.67214998981048)	(200, 33.4365151823925)	(205, 34.79457102099043)	(210, 33.588396168738534)	(215, 34.6827389443652)	(220, 34.46287752190748)	(225, 34.33346647646219)	(230, 33.20928877114327)	(235, 32.693568950412626)	(240, 33.148272840286126)	(245, 33.412764466818984)	(250, 27.296719022710292)
SRR19621191_2	(1, 30.87047075606277)	(2, 31.78455267984512)	(3, 32.0414306093336)	(4, 31.633849602608517)	(5, 32.22655390258814)	(6, 36.203831261463215)	(7, 35.67689015691869)	(8, 34.381353168942326)	(9, 34.74450784593438)	(10, 35.89345017322193)	(15, 36.27485632769513)	(20, 35.749353984104346)	(25, 36.99368657020583)	(30, 36.21638475647035)	(35, 36.97298145506419)	(40, 36.05742001222743)	(45, 36.75543916853474)	(50, 35.41777053189321)	(55, 36.15749337680864)	(60, 36.24770735683718)	(65, 35.873319747299774)	(70, 36.51799470144691)	(75, 37.42996127980436)	(80, 37.61664560831466)	(85, 37.128913796617084)	(90, 37.19967393519462)	(95, 37.57415936417363)	(100, 36.25012431220705)	(105, 34.61321099612506)	(110, 37.098367604801396)	(115, 35.481905072449)	(120, 37.460804173714564)	(125, 35.45597831624855)	(130, 37.03241150217042)	(135, 34.374188075798166)	(140, 34.78588868282145)	(145, 36.26538419337064)	(150, 35.93283603383267)	(155, 35.52769415088072)	(160, 33.352704964473)	(165, 31.7905305423639)	(170, 34.958889590934106)	(175, 33.14146916550717)	(180, 35.9834005951653)	(185, 34.281258025723076)	(190, 34.50935902145263)	(195, 33.00828373420302)	(200, 33.55678103605742)	(205, 33.09755182746601)	(210, 33.89824034561564)	(215, 33.99095544480731)	(220, 33.05191153130802)	(225, 32.83445269052712)	(230, 30.910874174345594)	(235, 31.169366289677743)	(240, 31.752460754332315)	(245, 33.159431107372804)	(250, 30.13974582865587)
SRR19621192_1	(1, 32.49156543924451)	(2, 32.47943718822589)	(3, 27.76733559270401)	(4, 32.193518906363046)	(5, 31.715205056928525)	(6, 35.005026465100336)	(7, 34.788907505426295)	(8, 33.061612276760215)	(9, 32.69401393701687)	(10, 34.201001485091965)	(15, 37.36693956818095)	(20, 37.70173260728838)	(25, 37.298899508777275)	(30, 38.31467956284986)	(35, 37.43158295571381)	(40, 37.93191424545904)	(45, 37.00325197060279)	(50, 37.1245915997106)	(55, 35.883721107345494)	(60, 36.93844103423327)	(65, 37.7231445870302)	(70, 37.900540725791096)	(75, 37.350991965271696)	(80, 36.45898861429497)	(85, 37.423704352461826)	(90, 36.91487757511139)	(95, 36.63437797494383)	(100, 37.71635124328852)	(105, 37.41308404097331)	(110, 37.565077491336964)	(115, 36.668238071665215)	(120, 37.205559575035224)	(125, 36.40653440463044)	(130, 36.25248467308937)	(135, 36.28984806366856)	(140, 36.095449525912954)	(145, 37.12606907581585)	(150, 36.845950268458935)	(155, 36.210506073645334)	(160, 36.31079928410952)	(165, 35.881093636952144)	(170, 35.888389627203836)	(175, 35.719283347930386)	(180, 35.155702372339206)	(185, 35.55459426526026)	(190, 35.43375728266251)	(195, 33.76562583298427)	(200, 33.37615094627013)	(205, 34.91164083622101)	(210, 33.5039792848711)	(215, 34.73592018582689)	(220, 34.493629336278126)	(225, 34.38090324054682)	(230, 33.26255664293058)	(235, 32.81037279616161)	(240, 33.07671930445706)	(245, 33.4685534917247)	(250, 27.48731012121226)
SRR19621192_2	(1, 31.696946041658734)	(2, 32.094588934160925)	(3, 32.143825444575604)	(4, 32.1921670918853)	(5, 31.700030463424852)	(6, 36.445356231674346)	(7, 36.26604089714786)	(8, 36.268325654011655)	(9, 35.795438102128635)	(10, 36.23816686340962)	(15, 36.36034804462893)	(20, 35.86373329271543)	(25, 36.96445299112753)	(30, 36.28653516621606)	(35, 37.08719774570656)	(40, 36.03962149194623)	(45, 36.867232778645146)	(50, 35.665614409199954)	(55, 36.3663036441872)	(60, 36.454137313887514)	(65, 36.257587296751844)	(70, 36.879262023533)	(75, 37.58713681885687)	(80, 37.80873157914779)	(85, 37.2464757625376)	(90, 37.262713148695994)	(95, 37.661004169760666)	(100, 36.40702956912473)	(105, 35.0194093791055)	(110, 37.38661487785838)	(115, 35.70700481712077)	(120, 37.59361386138614)	(125, 35.43908225437929)	(130, 37.226096725057126)	(135, 34.686119573495816)	(140, 35.1386557501904)	(145, 36.42447067783702)	(150, 36.17079698897495)	(155, 35.952127801367126)	(160, 33.533703992840685)	(165, 32.18734172394752)	(170, 35.31311334945448)	(175, 33.87969655190629)	(180, 36.14819300049507)	(185, 34.753947218096656)	(190, 35.13661982558361)	(195, 33.36617540652729)	(200, 33.961585233226344)	(205, 33.36930078452282)	(210, 34.53588620610861)	(215, 34.217008149897175)	(220, 33.369407418691445)	(225, 33.23655654635843)	(230, 31.242744652798233)	(235, 31.56566879951249)	(240, 32.048982436457734)	(245, 33.45675287792376)	(250, 30.402778848795208)
SRR19621193_1	(1, 32.521127370335094)	(2, 32.47214044506018)	(3, 27.806779807775566)	(4, 32.17802407134817)	(5, 31.764741536063728)	(6, 35.130097843969175)	(7, 34.918477790284875)	(8, 32.55861979392155)	(9, 32.201987185037666)	(10, 33.84153606372846)	(15, 37.388024937223996)	(20, 37.68911161139492)	(25, 37.31136894969262)	(30, 38.31443415014287)	(35, 37.41090570612174)	(40, 37.92775997921898)	(45, 36.999662308424966)	(50, 37.115382284180455)	(55, 35.7872759546281)	(60, 37.005641181054635)	(65, 37.737496752965626)	(70, 37.89901723092909)	(75, 37.19288250064941)	(80, 36.3412676422201)	(85, 37.40210840765434)	(90, 37.068425837734864)	(95, 36.62420988830202)	(100, 37.681522209715126)	(105, 37.375387479435446)	(110, 37.66353796865529)	(115, 36.61500129881375)	(120, 36.8683955320807)	(125, 36.38174733743181)	(130, 36.11842583773487)	(135, 36.33337951337778)	(140, 35.99321586284527)	(145, 37.12691142090224)	(150, 36.85670187895056)	(155, 36.26776777210148)	(160, 36.356533033163046)	(165, 35.90786648194649)	(170, 35.75907437873409)	(175, 35.687483764828116)	(180, 35.01995843796)	(185, 35.61385834271366)	(190, 35.55498311542125)	(195, 33.74585678413715)	(200, 33.48347043034029)	(205, 34.887700233786475)	(210, 33.418811152480735)	(215, 34.68617629231968)	(220, 34.47186336479349)	(225, 34.428275175339856)	(230, 33.15024244523336)	(235, 32.76284093860941)	(240, 33.149922071175)	(245, 33.44803281394631)	(250, 27.224086202300477)
SRR19621193_2	(1, 32.32701965538142)	(2, 32.19155338124513)	(3, 32.022642653043555)	(4, 32.21837388518487)	(5, 31.20525586630877)	(6, 35.13975235951165)	(7, 35.497921897999824)	(8, 33.59873149190406)	(9, 34.557667330504806)	(10, 35.98433630617369)	(15, 36.253273010650275)	(20, 35.306100095246336)	(25, 36.8660057147805)	(30, 35.996207463849686)	(35, 36.83553987358213)	(40, 35.71565503506797)	(45, 36.802506710537706)	(50, 35.503502467746124)	(55, 36.067819724651486)	(60, 36.22142176811845)	(65, 35.96360723872196)	(70, 36.36120876266343)	(75, 37.445211706641274)	(80, 37.745705255866305)	(85, 37.050658065633385)	(90, 37.105271133239526)	(95, 37.61698452213443)	(100, 36.148613486308044)	(105, 34.576443338023594)	(110, 37.23280441606234)	(115, 35.6029614235615)	(120, 37.58171993139116)	(125, 35.2025761479012)	(130, 36.79991340679324)	(135, 33.350988244972186)	(140, 34.85924184567451)	(145, 36.09323768396576)	(150, 35.9026693511723)	(155, 35.620995970827735)	(160, 33.2461658367612)	(165, 32.167715955834595)	(170, 35.308391426715744)	(175, 32.86061918164105)	(180, 36.138784082029034)	(185, 34.78939984411536)	(190, 34.84302639417044)	(195, 33.23089613960638)	(200, 33.643579895912104)	(205, 33.4882215389945)	(210, 34.26250811934352)	(215, 33.93603073432391)	(220, 32.93593452277845)	(225, 33.039599927023986)	(230, 31.277335728643447)	(235, 31.15285507026699)	(240, 32.48064788549404)	(245, 33.52427516058981)	(250, 30.607896124115875)
SRR19621194_1	(1, 32.47312310068251)	(2, 32.45465716800346)	(3, 27.724439130506983)	(4, 32.19121871834471)	(5, 31.813796310134673)	(6, 35.27562729371129)	(7, 35.077948820139824)	(8, 32.47747388697919)	(9, 32.1730350885933)	(10, 33.74742855245022)	(15, 37.399186303326196)	(20, 37.69644796492801)	(25, 37.336923562330824)	(30, 38.328172171573755)	(35, 37.4420697786413)	(40, 37.96037131138013)	(45, 37.09663727395008)	(50, 37.194666135272925)	(55, 35.942692505687575)	(60, 37.03145518856175)	(65, 37.765595576147064)	(70, 37.92809910493366)	(75, 37.33218087314635)	(80, 36.533472824191705)	(85, 37.46748368455139)	(90, 37.104863913382815)	(95, 36.735578471910856)	(100, 37.71440907354822)	(105, 37.43269400023248)	(110, 37.66042943257112)	(115, 36.74865075806639)	(120, 37.0052641192979)	(125, 36.440542021621084)	(130, 36.17253026453445)	(135, 36.36425380693801)	(140, 36.19474916554576)	(145, 37.25595908268154)	(150, 36.91673724239858)	(155, 36.30208073863731)	(160, 36.39334761454026)	(165, 35.90412992577093)	(170, 35.84142214251316)	(175, 35.81073747488334)	(180, 35.239781464321894)	(185, 35.730467128314984)	(190, 35.562124910742455)	(195, 33.91309055281556)	(200, 33.50839768179478)	(205, 35.10117404805792)	(210, 33.64973845464056)	(215, 34.78831265879539)	(220, 34.60345405935004)	(225, 34.49370464471347)	(230, 33.3814510370481)	(235, 32.94186884538102)	(240, 33.35185572659792)	(245, 33.528524223221666)	(250, 27.224677430116216)
SRR19621194_2	(1, 31.600043175741874)	(2, 32.19289592985603)	(3, 31.58390209070227)	(4, 31.387734768096447)	(5, 31.177568541490228)	(6, 35.62400571248277)	(7, 36.16713993922184)	(8, 33.32021455022501)	(9, 34.37988010428602)	(10, 36.127023032597684)	(15, 36.3412975971039)	(20, 35.729035686411265)	(25, 37.01638021222538)	(30, 36.35799332436606)	(35, 37.04258124512197)	(40, 36.03272056991979)	(45, 36.99944203656653)	(50, 35.69962636377223)	(55, 36.185489629518926)	(60, 36.45510885268769)	(65, 36.26974542918348)	(70, 36.69067237914943)	(75, 37.68684302296618)	(80, 37.815056423155866)	(85, 37.18382875552161)	(90, 37.200963167159316)	(95, 37.70247102195357)	(100, 36.35888038846263)	(105, 34.81102014381321)	(110, 37.335194380324495)	(115, 35.986322799209525)	(120, 37.733126720192715)	(125, 35.394124485186666)	(130, 36.97942075195961)	(135, 33.81817125016606)	(140, 35.15857370693768)	(145, 36.439965627590915)	(150, 36.23224499285881)	(155, 35.90081158709579)	(160, 33.656396459236376)	(165, 32.31427297927206)	(170, 35.5320722127186)	(175, 33.65327404506907)	(180, 36.312047105496475)	(185, 35.0041622375764)	(190, 35.069698378952964)	(195, 33.54278870652693)	(200, 33.89714817213945)	(205, 33.57645949097939)	(210, 34.528624150192314)	(215, 34.234526125339805)	(220, 33.20153076469048)	(225, 33.255898867072)	(230, 31.288130150563052)	(235, 31.521539637185192)	(240, 32.66998471659247)	(245, 33.84501528812116)	(250, 30.600495779520287)
SRR19621195	(1, 31.44307614978638)	(2, 32.50004188657117)	(3, 32.570746418698164)	(4, 30.956102873418782)	(5, 31.512859177347742)	(6, 35.613763927284914)	(7, 35.523875345564214)	(8, 35.607271508754295)	(9, 35.51432520733853)	(10, 35.88611041300159)	(15, 36.18718270922343)	(20, 35.29561866465612)	(25, 36.660048588422555)	(30, 36.134715590181784)	(35, 36.87039457150038)	(40, 36.016897042808075)	(45, 36.676183295635425)	(50, 35.82075898466952)	(55, 36.30604842087626)	(60, 36.39581972019771)	(65, 36.33645807154226)	(70, 36.77556337438217)	(75, 37.707036943955764)	(80, 37.92451202144592)	(85, 37.24922509843344)	(90, 37.167596548546534)	(95, 37.63107145849041)	(100, 36.37990282315489)	(105, 34.920095189632335)	(110, 37.34238679679974)	(115, 35.574565408620614)	(120, 37.70904368952373)	(125, 35.651547773635485)	(130, 37.098998869015205)	(135, 34.72476675579353)	(140, 35.137206769437)	(145, 36.23976206434317)	(150, 35.9635053619303)	(155, 35.69383378016086)	(160, 33.367602211796246)	(165, 31.690591487935656)	(170, 34.98023541386381)	(175, 33.82819175551483)	(180, 35.826945957268535)	(185, 34.5521491411814)	(190, 34.252673255989535)	(195, 33.18285642465122)	(200, 33.255639349757004)	(205, 32.99983241159712)	(210, 33.9408664320429)	(215, 32.927090665325956)	(220, 32.218417965476796)	(225, 32.71832579185521)	(230, 30.244704206468914)	(235, 30.675339366515836)	(240, 31.894436065024298)	(245, 33.635014781596205)	(250, 28.727129473850937)
SRR19621195_1	(1, 32.86387434554974)	(2, 32.616425268467914)	(3, 32.32556273168495)	(4, 32.920739863186455)	(5, 32.52722895249742)	(6, 36.22356403103145)	(7, 35.95100699354148)	(8, 32.801926090113504)	(9, 32.84014216379409)	(10, 34.030786868957094)	(15, 37.48837084877899)	(20, 37.75424007337486)	(25, 37.32751175144266)	(30, 38.39787518630335)	(35, 37.51064317652005)	(40, 37.96544502617801)	(45, 36.958275690755535)	(50, 37.32446975197768)	(55, 36.1665838651737)	(60, 36.90910689035808)	(65, 37.69926242977796)	(70, 37.863736767684486)	(75, 37.45978522566592)	(80, 36.58651736920548)	(85, 37.55952917797225)	(90, 37.14726946153553)	(95, 36.57344747200673)	(100, 37.52354492299461)	(105, 37.25792792448504)	(110, 37.24812932319334)	(115, 36.599969427141055)	(120, 36.84882485573432)	(125, 36.267757098635684)	(130, 35.962594107081436)	(135, 36.145091145335726)	(140, 36.04310008789697)	(145, 37.134298926128324)	(150, 36.803431803416515)	(155, 35.90662284556884)	(160, 36.169404211411326)	(165, 35.358894791149154)	(170, 35.47640157450224)	(175, 35.717055833683645)	(180, 35.08243207092903)	(185, 35.42715634195742)	(190, 35.29145870753239)	(195, 33.67226659533)	(200, 33.58751863033592)	(205, 34.85114074979937)	(210, 33.714288989949175)	(215, 34.68730844193068)	(220, 34.481132724423894)	(225, 34.46356097374556)	(230, 33.055978904727326)	(235, 32.66083147502819)	(240, 33.3749445845754)	(245, 33.19997041068446)	(250, 28.127894642713272)
SRR19621195_2	(1, 31.324874842358696)	(2, 32.48117858371231)	(3, 32.599992356785265)	(4, 30.98968166010624)	(5, 31.605380823174226)	(6, 35.485497000038215)	(7, 35.49978981159476)	(8, 35.94901975771009)	(9, 35.52249015936103)	(10, 35.79611724691405)	(15, 36.1856536859403)	(20, 35.216570489547905)	(25, 36.614911911950166)	(30, 36.00768907402454)	(35, 36.908082699583446)	(40, 35.99275423243016)	(45, 36.51392975885658)	(50, 35.39050712729774)	(55, 35.87491879084343)	(60, 36.4320174265296)	(65, 36.162571177437236)	(70, 36.54415867313792)	(75, 37.609370581266475)	(80, 37.88757595444643)	(85, 37.22125578018115)	(90, 37.131593228111754)	(95, 37.62498566897237)	(100, 36.11682653724157)	(105, 34.61466024612092)	(110, 37.240402599703756)	(115, 35.3851251672081)	(120, 37.649898719663675)	(125, 35.21972100133767)	(130, 37.073288744506016)	(135, 34.67272310338238)	(140, 34.887619308369416)	(145, 36.05926690364255)	(150, 35.92775293353209)	(155, 35.33431945877767)	(160, 32.85402285670603)	(165, 31.268371364140194)	(170, 34.69947635974468)	(175, 33.6890264877881)	(180, 35.59240148301036)	(185, 34.01944731108817)	(190, 34.02682598681558)	(195, 32.823387924130586)	(200, 33.156514703370135)	(205, 33.031330550599044)	(210, 34.027398407862435)	(215, 32.94649570102875)	(220, 32.176692792965014)	(225, 32.65867329382527)	(230, 30.76427451730071)	(235, 30.473996069952385)	(240, 31.700145293262977)	(245, 33.56118676550689)	(250, 29.149363756084462)
SRR19621196_1	(1, 32.54843249538969)	(2, 32.48665437251286)	(3, 27.943390274677277)	(4, 32.17846743666893)	(5, 31.717630787149375)	(6, 34.62557022226536)	(7, 34.52006697078521)	(8, 32.560128118023876)	(9, 32.20845870134912)	(10, 33.97146947491022)	(15, 37.311579151703384)	(20, 37.66771328739202)	(25, 37.28664466660196)	(30, 38.30158206347666)	(35, 37.39714646219548)	(40, 37.89855867223139)	(45, 37.00348442201301)	(50, 37.15282442007183)	(55, 35.811001650004854)	(60, 36.99427836552461)	(65, 37.60002426477725)	(70, 37.773493157332815)	(75, 37.39735028632437)	(80, 36.564573425215954)	(85, 37.39111423857129)	(90, 36.84369601087062)	(95, 36.6054304571484)	(100, 37.508094729690384)	(105, 37.27246433077744)	(110, 37.42478404348248)	(115, 36.59053673687276)	(120, 37.247660875473166)	(125, 36.36752887508492)	(130, 36.334824808308255)	(135, 35.93888187906435)	(140, 35.62623993011744)	(145, 36.75806075900223)	(150, 36.408322818596524)	(155, 35.79673396098224)	(160, 35.83415995341163)	(165, 35.596462195477045)	(170, 35.58199553528099)	(175, 35.332461419004176)	(180, 34.58982820537708)	(185, 34.77631757740464)	(190, 35.04201203532951)	(195, 33.50696884402601)	(200, 33.2924973308745)	(205, 34.60710472677861)	(210, 33.236246724255075)	(215, 34.52961758711055)	(220, 34.16257886052606)	(225, 34.01099194409395)	(230, 32.739158497525)	(235, 32.13873747422947)	(240, 32.64036198815158)	(245, 33.276718192299974)	(250, 27.70310866353436)
SRR19621196_2	(1, 30.264898573231097)	(2, 32.14694749102203)	(3, 32.41796078811996)	(4, 30.536105988547025)	(5, 32.3316267106668)	(6, 36.30896340871591)	(7, 35.78222362418713)	(8, 33.28372804037659)	(9, 34.21224400660002)	(10, 35.99591866446666)	(15, 36.25022323595069)	(20, 35.24240512472095)	(25, 36.496413665922546)	(30, 35.60907017373581)	(35, 36.75094632631273)	(40, 35.41731534504513)	(45, 36.27811802387654)	(50, 34.91363680481413)	(55, 35.93961467533728)	(60, 35.713937014825305)	(65, 35.48720001941229)	(70, 36.24922957462813)	(75, 37.120239741816505)	(80, 37.49763897988401)	(85, 36.92013782727912)	(90, 37.018991688131734)	(95, 37.41154088813395)	(100, 36.02659063334143)	(105, 34.35588349842582)	(110, 36.979785969084425)	(115, 34.975796549297485)	(120, 37.2007173772842)	(125, 34.94173461463794)	(130, 37.021156086196854)	(135, 34.057724370644245)	(140, 34.66375130439003)	(145, 35.73370543839639)	(150, 35.55893901521586)	(155, 35.225741155125476)	(160, 32.77343590739212)	(165, 31.326253458234238)	(170, 34.611127676856334)	(175, 33.43118068195607)	(180, 35.8438490474457)	(185, 34.01216525819997)	(190, 34.63726337248811)	(195, 32.552334724784004)	(200, 33.025681972624014)	(205, 32.6710207160847)	(210, 34.08473616553394)	(215, 33.48158252427184)	(220, 32.84326553618395)	(225, 32.483945822612746)	(230, 30.30448565464343)	(235, 30.296009273691162)	(240, 30.39657696179945)	(245, 32.55866909207558)	(250, 29.491855524810504)
SRR19621197_1	(1, 32.47491417848443)	(2, 32.46614761705974)	(3, 27.873243546667855)	(4, 32.17206859236503)	(5, 31.766837026259154)	(6, 35.07390580100757)	(7, 34.85779770034815)	(8, 32.51771347975342)	(9, 32.73092371105608)	(10, 33.86870017387216)	(15, 37.3374595210207)	(20, 37.6394004855451)	(25, 37.25054694751006)	(30, 38.27394633064891)	(35, 37.402040262145725)	(40, 37.87516384107518)	(45, 36.84368852160027)	(50, 37.11452136520044)	(55, 35.454607206980825)	(60, 36.61944612192127)	(65, 37.32810852216768)	(70, 37.50110605391253)	(75, 37.147830245650155)	(80, 36.25019190785181)	(85, 37.34688590500663)	(90, 36.52720390057269)	(95, 36.18041931966944)	(100, 37.09041109215225)	(105, 36.88974397425557)	(110, 36.88446377258008)	(115, 36.20168441189464)	(120, 36.54109827222139)	(125, 35.709574317176866)	(130, 35.76164274742333)	(135, 35.464203815460436)	(140, 35.46683256799861)	(145, 36.63288331921551)	(150, 36.24328079340826)	(155, 35.42577523071499)	(160, 35.70770265833918)	(165, 35.02364418217263)	(170, 35.1570474966867)	(175, 35.11530115550008)	(180, 34.43071660458877)	(185, 34.77127583258016)	(190, 34.679670737193646)	(195, 33.30311064997386)	(200, 32.92202988655753)	(205, 34.296266814734956)	(210, 32.855432390478775)	(215, 34.174516582702765)	(220, 33.78905780742746)	(225, 33.688464858774466)	(230, 32.317055278377836)	(235, 31.8136984328871)	(240, 32.57272686401171)	(245, 32.81437343016727)	(250, 27.660594342158753)
SRR19621197_2	(1, 31.410095123068256)	(2, 31.33198639825236)	(3, 32.39251336464923)	(4, 31.000656580189922)	(5, 32.48453186237755)	(6, 36.5375973218013)	(7, 36.01643882253286)	(8, 34.29965995630905)	(9, 34.89848135433849)	(10, 36.07904901249528)	(15, 36.347904009597414)	(20, 35.68291391909473)	(25, 36.669880397028365)	(30, 35.9988708441919)	(35, 36.87082652076783)	(40, 35.59782598122659)	(45, 36.53731417084124)	(50, 35.17651703062432)	(55, 36.06225028398877)	(60, 36.19662304290908)	(65, 35.92899068215992)	(70, 36.5826855968646)	(75, 37.251720294571825)	(80, 37.624313928934754)	(85, 37.136848496421315)	(90, 37.105670165768245)	(95, 37.542936002918175)	(100, 36.23566489685081)	(105, 34.49383667786266)	(110, 37.12850197017927)	(115, 35.19153956834532)	(120, 37.25428777712405)	(125, 35.01763195874376)	(130, 37.0768014814391)	(135, 34.323436029063245)	(140, 34.75898150305795)	(145, 36.04112155673008)	(150, 35.631400020777996)	(155, 35.09402542194262)	(160, 32.903206539153366)	(165, 31.25746313571246)	(170, 34.50039186144148)	(175, 33.793423470499995)	(180, 35.644722238853234)	(185, 34.02752352497183)	(190, 34.627427808160974)	(195, 32.7676735782711)	(200, 32.97550211752205)	(205, 32.483819450363995)	(210, 34.130585227726826)	(215, 33.28593071369571)	(220, 32.690402345766884)	(225, 32.63290839655071)	(230, 30.282939542277823)	(235, 30.525911823671485)	(240, 30.8875189494413)	(245, 32.96562466128336)	(250, 29.090530732634573)
SRR19621198_1	(1, 32.64965407554672)	(2, 32.469359840954276)	(3, 27.90205964214712)	(4, 32.118282306163024)	(5, 31.76955864811133)	(6, 35.24939960238569)	(7, 34.96499403578529)	(8, 32.68908151093439)	(9, 32.47187276341948)	(10, 33.889708151093444)	(15, 37.38102584493042)	(20, 37.60748787276342)	(25, 37.212097017892646)	(30, 38.26935347912525)	(35, 37.413378926441354)	(40, 37.9017606361829)	(45, 36.8004166998012)	(50, 37.14253041749503)	(55, 35.7180055666004)	(60, 37.049234194831016)	(65, 37.59348866799205)	(70, 37.792054075546716)	(75, 37.20147594433399)	(80, 36.29709105367793)	(85, 37.380001590457255)	(90, 36.68101471172962)	(95, 36.34568906560636)	(100, 37.39837773359841)	(105, 37.27925884691849)	(110, 37.35628151093439)	(115, 36.35464333996024)	(120, 37.00342902584494)	(125, 36.200318091451294)	(130, 36.2439125248509)	(135, 35.87188230616302)	(140, 35.372933598409546)	(145, 36.73940357852882)	(150, 36.23995546719682)	(155, 35.72320318091452)	(160, 35.89616858846919)	(165, 35.260612326043734)	(170, 35.11360318091451)	(175, 35.12302504970179)	(180, 34.36955546719682)	(185, 35.13658846918489)	(190, 35.00537256461233)	(195, 33.19266799204771)	(200, 32.84634274353876)	(205, 34.3339833001988)	(210, 33.04067435387674)	(215, 34.12726838966203)	(220, 33.84046441351889)	(225, 33.93299085487077)	(230, 32.484911332007954)	(235, 32.12505129224652)	(240, 32.91066115771572)	(245, 33.21075225405584)	(250, 28.36683415605383)
SRR19621198_2	(1, 31.608524850894632)	(2, 32.50730815109344)	(3, 32.525916500994036)	(4, 32.225176938369785)	(5, 32.56605964214712)	(6, 36.18846918489066)	(7, 36.004707753479124)	(8, 35.93978528827038)	(9, 35.336127236580516)	(10, 35.50378687872764)	(15, 35.82371053677932)	(20, 35.38778846918488)	(25, 36.64553479125248)	(30, 35.821773359840954)	(35, 36.74575904572565)	(40, 35.505036978131216)	(45, 36.52538846918489)	(50, 34.84231415340385)	(55, 35.82441708814454)	(60, 36.118382797340715)	(65, 35.69685084454623)	(70, 36.34606355568279)	(75, 37.156299901390085)	(80, 37.52738810955243)	(85, 37.00331774660432)	(90, 36.98133727773006)	(95, 37.46721061169959)	(100, 36.085436396161555)	(105, 33.96887008525258)	(110, 36.95766000763456)	(115, 34.97044153200153)	(120, 37.41128620771764)	(125, 35.172753733835954)	(130, 36.958855434142926)	(135, 33.68656911086369)	(140, 34.47518053125497)	(145, 35.96409838098019)	(150, 35.51113681754875)	(155, 35.06016829179061)	(160, 32.836162056404795)	(165, 31.42030954236722)	(170, 34.5508168037285)	(175, 33.0016547497239)	(180, 35.762855691039704)	(185, 34.0506927543148)	(190, 34.48383043028713)	(195, 32.64055993000875)	(200, 33.1162040881051)	(205, 32.907689615678294)	(210, 33.556025935193794)	(215, 33.608316522957594)	(220, 32.642728020005734)	(225, 32.40927183925418)	(230, 30.49902158868543)	(235, 30.596786356332625)	(240, 31.6443583459881)	(245, 33.266084313627005)	(250, 29.68511402082379)
SRR19621199_1	(1, 32.677432449575036)	(2, 32.53309653685145)	(3, 27.835849295953317)	(4, 32.15184574400609)	(5, 31.860915894963846)	(6, 35.18637574527464)	(7, 35.081136623113025)	(8, 32.68281111252061)	(9, 32.70432576430293)	(10, 34.0889915006977)	(15, 37.37985538500571)	(20, 37.68105543574781)	(25, 37.305168083217055)	(30, 38.34845109729798)	(35, 37.519644805277174)	(40, 37.95849295953317)	(45, 37.08628694659394)	(50, 37.34069770391982)	(55, 36.24997589750095)	(60, 37.26679183052137)	(65, 37.796458201192436)	(70, 37.90429024483065)	(75, 37.50449828745401)	(80, 36.73698845617152)	(85, 37.53934796397311)	(90, 37.08079157681085)	(95, 36.747898008372445)	(100, 37.61168590638082)	(105, 37.4996980844856)	(110, 37.6913104148167)	(115, 36.98410757325891)	(120, 37.34153494862362)	(125, 36.67704173537994)	(130, 36.51968539895979)	(135, 36.44209057465433)	(140, 35.924947355067864)	(145, 37.2307750856273)	(150, 36.808666751236835)	(155, 36.21219840162375)	(160, 36.33176709374603)	(165, 35.824082202207286)	(170, 35.68369909932767)	(175, 35.7577571990359)	(180, 35.05432449575035)	(185, 35.58264620068502)	(190, 35.43805657744514)	(195, 33.77610554357478)	(200, 33.567814283902074)	(205, 34.96377013827223)	(210, 33.854644171000885)	(215, 34.77144234428518)	(220, 34.537739439299756)	(225, 34.51197767347456)	(230, 33.14688316630724)	(235, 32.62375745274642)	(240, 33.341118863376884)	(245, 33.44309889436505)	(250, 28.279173922182128)
SRR19621199_2	(1, 31.474616262844094)	(2, 32.52627172396296)	(3, 31.94408220220728)	(4, 30.707471774705063)	(5, 31.641760750983128)	(6, 36.51561588227832)	(7, 36.15628567804136)	(8, 34.31026259038437)	(9, 35.228669288342005)	(10, 36.51841684637829)	(15, 36.34713687682355)	(20, 35.54882151465178)	(25, 36.888255740200435)	(30, 36.21238107319549)	(35, 36.942965875935556)	(40, 35.960862615755424)	(45, 36.79372320182672)	(50, 35.486657363947735)	(55, 36.08286185462388)	(60, 36.28179119624508)	(65, 35.9145604465305)	(70, 36.495080553088926)	(75, 37.514144361283776)	(80, 37.728605860712925)	(85, 37.144376506406196)	(90, 37.143671191170874)	(95, 37.61118355955854)	(100, 36.27342889762781)	(105, 34.525119878218945)	(110, 37.11218571609793)	(115, 35.548552581504495)	(120, 37.5963719396169)	(125, 35.61732790518737)	(130, 37.259669153092815)	(135, 34.404942406251585)	(140, 35.135860354188864)	(145, 36.24550667275587)	(150, 35.89362663013142)	(155, 35.58585781701934)	(160, 33.54111229512356)	(165, 31.67637895164155)	(170, 35.138021777366895)	(175, 33.60654606348159)	(180, 36.09046761220917)	(185, 34.489441637915014)	(190, 34.94462566539426)	(195, 33.32604095303342)	(200, 33.6626444864986)	(205, 33.326911951281396)	(210, 33.95450393301193)	(215, 33.85167723927937)	(220, 33.05233189545801)	(225, 32.90385007735868)	(230, 30.91067803491677)	(235, 30.90512078765733)	(240, 31.79278826634186)	(245, 33.56785068058336)	(250, 29.95227359436491)
SRR19621200_1	(1, 32.747889268657055)	(2, 32.5041535571199)	(3, 27.748681500260304)	(4, 32.18839267525295)	(5, 31.786346454197695)	(6, 35.16865479073768)	(7, 34.91735892618665)	(8, 33.0273885782838)	(9, 32.51734987211118)	(10, 33.99434572987166)	(15, 37.37640507933634)	(20, 37.71430317571697)	(25, 37.303732542610746)	(30, 38.31419452681139)	(35, 37.41034428121959)	(40, 37.92523144480409)	(45, 37.06030014260169)	(50, 37.18779963330994)	(55, 35.845003282102354)	(60, 37.00909481880531)	(65, 37.69841327327463)	(70, 37.93291382783676)	(75, 37.302483080196474)	(80, 36.25683695873605)	(85, 37.27997012155097)	(90, 36.853645397134386)	(95, 36.37922542384391)	(100, 37.56914371081283)	(105, 37.316476153828745)	(110, 37.4639942053917)	(115, 36.492740894995364)	(120, 36.99976006700016)	(125, 36.2283392562077)	(130, 35.87726748002445)	(135, 36.11955001244935)	(140, 36.00153013875371)	(145, 37.059471694696576)	(150, 36.78186015980443)	(155, 35.95421354036986)	(160, 36.15217637339007)	(165, 35.59405147241902)	(170, 35.64334185925439)	(175, 35.67093415423618)	(180, 35.19448154100364)	(185, 35.494271033749065)	(190, 35.300291993933776)	(195, 33.823581339550465)	(200, 33.46770637633265)	(205, 34.83069784286651)	(210, 33.41905430181761)	(215, 34.576246633015685)	(220, 34.38785395776274)	(225, 34.26500373480613)	(230, 33.20422825324249)	(235, 32.775481563638834)	(240, 33.19186038615632)	(245, 33.20842244926662)	(250, 27.884546158766554)
SRR19621200_2	(1, 31.54987663822178)	(2, 32.135652685665136)	(3, 32.52792050521741)	(4, 31.65374951900224)	(5, 31.89877543629326)	(6, 36.58133955046515)	(7, 36.125489485954866)	(8, 35.434663527920506)	(9, 35.25340093709681)	(10, 36.19991851332081)	(15, 36.26224676882681)	(20, 35.588311188573755)	(25, 36.84637497453541)	(30, 36.36787161320989)	(35, 36.95891260553657)	(40, 36.18213630910614)	(45, 36.79005862513864)	(50, 35.47221077887684)	(55, 36.09461056157903)	(60, 36.37643676860047)	(65, 36.132999841553676)	(70, 36.597374318114944)	(75, 37.64842119559067)	(80, 37.84492179542317)	(85, 37.122945290749)	(90, 37.13810634011635)	(95, 37.67543855678037)	(100, 36.25389891124742)	(105, 34.75621851258782)	(110, 37.22542894653448)	(115, 35.667173706369695)	(120, 37.754253248223094)	(125, 35.28865045950473)	(130, 36.96457965503191)	(135, 34.21943501290235)	(140, 34.64206380014701)	(145, 36.20040374561844)	(150, 36.05427504244482)	(155, 35.46831465761177)	(160, 32.848658264794246)	(165, 31.133932166557297)	(170, 34.970823806397576)	(175, 33.0739094016707)	(180, 35.515697820752386)	(185, 34.294095807298746)	(190, 34.419202677993056)	(195, 33.113966176903396)	(200, 33.821462045233304)	(205, 33.1927355458921)	(210, 33.91315730302621)	(215, 33.777667594919514)	(220, 32.73548635342093)	(225, 32.80522639899122)	(230, 30.810270111168972)	(235, 31.065246424394825)	(240, 31.822356563872667)	(245, 33.32501496959452)	(250, 29.830071349368588)
SRR19621201_1	(1, 32.71885444655613)	(2, 32.51279026585403)	(3, 27.909102824562552)	(4, 32.175350066627345)	(5, 31.76697905061494)	(6, 35.06024859645674)	(7, 34.74814863359329)	(8, 32.6199838346768)	(9, 31.891299124014242)	(10, 33.724280752342885)	(15, 37.36093671494419)	(20, 37.58810756493436)	(25, 37.20001747602508)	(30, 38.25526792930948)	(35, 37.37099416737663)	(40, 37.888166546518995)	(45, 36.827804355899254)	(50, 37.081350896738535)	(55, 35.63693994800882)	(60, 37.02645433296197)	(65, 37.38750464206916)	(70, 37.57656465037027)	(75, 37.200878170260175)	(80, 36.25972868471066)	(85, 37.36834218057103)	(90, 36.5950542849029)	(95, 36.31362911505778)	(100, 37.30978002053433)	(105, 37.0746750551587)	(110, 37.18924350656443)	(115, 36.14581995325163)	(120, 36.882779561788674)	(125, 35.8130589597396)	(130, 36.08038097734671)	(135, 35.63827249492103)	(140, 35.42714463595255)	(145, 36.52011708936802)	(150, 36.03472486183018)	(155, 35.57870109443607)	(160, 35.826288310723726)	(165, 35.256482513052404)	(170, 35.19074207571488)	(175, 35.00814382768639)	(180, 34.51916464600127)	(185, 34.99598488323831)	(190, 34.914179609847736)	(195, 33.299145859274304)	(200, 32.84974113637853)	(205, 34.35476330908535)	(210, 32.91791074120191)	(215, 34.18531576992813)	(220, 33.85222273193962)	(225, 33.777482141686875)	(230, 32.564340170828146)	(235, 31.99922861928247)	(240, 32.785460666894586)	(245, 32.99955989450254)	(250, 27.650030870180125)
SRR19621201_2	(1, 31.454223736811063)	(2, 32.4680953317168)	(3, 31.842912379579264)	(4, 30.401992266858905)	(5, 32.292024379054986)	(6, 35.79166393603775)	(7, 35.82888786945409)	(8, 34.751490923389476)	(9, 34.855888328199754)	(10, 36.160504183323496)	(15, 36.21927605566114)	(20, 35.23571662625336)	(25, 36.62418681870808)	(30, 35.84670904602748)	(35, 36.7336391637722)	(40, 35.25958887651004)	(45, 36.490342311641214)	(50, 34.81283177141359)	(55, 35.89009764729012)	(60, 35.98739541691243)	(65, 35.664311842629004)	(70, 36.31031981824537)	(75, 37.0417336595596)	(80, 37.34316672492135)	(85, 36.97504369101713)	(90, 37.03088081090527)	(95, 37.455308458580916)	(100, 36.1301642782244)	(105, 33.843883257602236)	(110, 36.86636665501573)	(115, 34.84968542467668)	(120, 37.41846382383782)	(125, 35.0565449143656)	(130, 36.8627257058378)	(135, 33.56807864554888)	(140, 34.26279736621619)	(145, 35.5735395639446)	(150, 35.341306010093284)	(155, 34.813791009957896)	(160, 32.34128549198562)	(165, 31.060663919089887)	(170, 34.34958451066878)	(175, 32.585736759307814)	(180, 35.3050996329313)	(185, 33.774964494067774)	(190, 34.17600560664665)	(195, 32.64651152627554)	(200, 32.977550529880915)	(205, 32.75752059027265)	(210, 33.519469451970984)	(215, 33.29759420905545)	(220, 32.71473360439647)	(225, 32.46311925001639)	(230, 30.220144230769233)	(235, 30.322194055944056)	(240, 31.083008590390524)	(245, 33.20602224933961)	(250, 29.54149051425869)
SRR19621202_1	(1, 32.609645262317564)	(2, 32.4801342803922)	(3, 27.912492579780157)	(4, 32.21542177553067)	(5, 31.775080343070027)	(6, 35.243628845720835)	(7, 35.062452664114794)	(8, 32.51130943851964)	(9, 32.88412175301414)	(10, 33.948842445704464)	(15, 37.35719812498721)	(20, 37.61789040591161)	(25, 36.955863508894026)	(30, 38.185884183161726)	(35, 37.419507502098135)	(40, 37.72590424334227)	(45, 36.54686508505107)	(50, 37.14316009252247)	(55, 35.57979653245451)	(60, 35.95312877407734)	(65, 37.038392729208034)	(70, 37.17479786297669)	(75, 37.216039956604504)	(80, 36.028841626921576)	(85, 37.10537735655947)	(90, 36.284457453994634)	(95, 35.86228071971015)	(100, 36.349464720692694)	(105, 36.06375862280719)	(110, 36.413816961087335)	(115, 35.394088387611816)	(120, 35.97774138742759)	(125, 34.77134669314065)	(130, 35.31514134239453)	(135, 34.40937506396741)	(140, 35.29435653900477)	(145, 35.951384766544535)	(150, 35.32709147851718)	(155, 34.534931324586)	(160, 35.027384193396514)	(165, 34.18580230487381)	(170, 34.76236873886967)	(175, 34.59671668065421)	(180, 34.283880212064766)	(185, 34.476269625202136)	(190, 34.45805580005322)	(195, 33.1950954905533)	(200, 32.327418991668885)	(205, 34.278775100812645)	(210, 32.888211573496)	(215, 33.79758868442061)	(220, 33.86508914498598)	(225, 33.69930198759543)	(230, 32.14243546967433)	(235, 31.90661781262154)	(240, 32.84037137932881)	(245, 32.2520373477006)	(250, 29.832259440417083)
SRR19621202_2	(1, 31.92057806071275)	(2, 32.59910343274722)	(3, 32.214746279655294)	(4, 31.667963072892146)	(5, 32.53636419462469)	(6, 36.12097517040919)	(7, 35.59791619757231)	(8, 32.476163183427836)	(9, 34.25932900743045)	(10, 35.996487421448016)	(15, 36.368157533825965)	(20, 35.691793748592715)	(25, 36.23638671115387)	(30, 35.98241663766811)	(35, 36.77899003131844)	(40, 34.91373303584222)	(45, 36.1959593064909)	(50, 34.96249155630156)	(55, 36.199799398194585)	(60, 36.22730231510859)	(65, 35.76683519947598)	(70, 36.36554561644117)	(75, 37.069973184860714)	(80, 37.336257752850386)	(85, 37.0366855669048)	(90, 37.09994473215565)	(95, 37.33172578961374)	(100, 35.96416187337523)	(105, 33.955654719259826)	(110, 36.86133093157022)	(115, 34.7766319366262)	(120, 37.293615540499054)	(125, 35.18173704787833)	(130, 36.891368435704464)	(135, 33.62100630475722)	(140, 33.82978793089331)	(145, 35.274690903136005)	(150, 34.40116678948661)	(155, 33.85462669515481)	(160, 32.6381544848835)	(165, 31.131275764705357)	(170, 32.861106675674016)	(175, 32.78887592376507)	(180, 34.93984728448893)	(185, 32.376516716903026)	(190, 31.798923190304617)	(195, 31.13513984999828)	(200, 31.92678078838602)	(205, 31.70942592744247)	(210, 32.870444681025305)	(215, 31.531331659846757)	(220, 31.27513870974346)	(225, 31.544843682820463)	(230, 29.571697070204532)	(235, 29.748246422209935)	(240, 30.56593575333211)	(245, 32.945996237143824)	(250, 27.783576831582515)
SRR19621203_1	(1, 32.698695434019065)	(2, 32.4795534370296)	(3, 27.724138651948486)	(4, 32.14741177454424)	(5, 31.77032112393377)	(6, 35.27523415286837)	(7, 34.94474410436528)	(8, 32.564601103863524)	(9, 31.916478508111723)	(10, 33.5885975915705)	(15, 37.39909683893627)	(20, 37.61787506271951)	(25, 37.26504850309416)	(30, 38.27386268606791)	(35, 37.35937865863857)	(40, 37.91402826559625)	(45, 36.81942214417127)	(50, 37.034420471650776)	(55, 35.403909516641576)	(60, 36.97275882254557)	(65, 37.61753637732062)	(70, 37.852002843284836)	(75, 37.057455260076935)	(80, 36.062259575179795)	(85, 37.27313513965546)	(90, 36.640964208061554)	(95, 36.267369125271784)	(100, 37.52307660143837)	(105, 37.27912694430508)	(110, 37.36382338183643)	(115, 36.0524962368289)	(120, 36.85894380331159)	(125, 35.92621675865529)	(130, 35.97432681050343)	(135, 35.91434186318783)	(140, 35.79311757819033)	(145, 36.92017059708981)	(150, 36.5025965880582)	(155, 36.00837096504433)	(160, 36.19785917377488)	(165, 35.624494062552266)	(170, 35.46843535708312)	(175, 35.39866616491052)	(180, 34.814647098176955)	(185, 35.45943301555444)	(190, 35.34433851814685)	(195, 33.57160060210738)	(200, 33.06432513798294)	(205, 34.68203294865363)	(210, 33.08155628031443)	(215, 34.44899230640575)	(220, 34.16059541729386)	(225, 34.177111557116575)	(230, 32.938815019233985)	(235, 32.58368038133467)	(240, 33.11035290182305)	(245, 33.32745232310903)	(250, 27.423258118474596)
SRR19621203_2	(1, 31.63518146847299)	(2, 32.23896136477672)	(3, 32.559771700953334)	(4, 32.291938451246025)	(5, 32.58366783743101)	(6, 36.71376902492055)	(7, 36.22664743268105)	(8, 36.10865111222613)	(9, 36.09817695266767)	(10, 36.317088978089984)	(15, 36.17135808663656)	(20, 35.51887021241011)	(25, 36.766583040642246)	(30, 36.06053269777555)	(35, 36.856514467302226)	(40, 35.53872721190835)	(45, 36.68801639070078)	(50, 35.06670847967887)	(55, 35.98039805987624)	(60, 36.2236828901154)	(65, 35.98901154039137)	(70, 36.447290516808835)	(75, 37.31817193510621)	(80, 37.60306907509617)	(85, 37.058049004850304)	(90, 37.062192674360254)	(95, 37.613325806991135)	(100, 36.215144673022245)	(105, 34.265709148687066)	(110, 37.114906338852656)	(115, 35.20235407258739)	(120, 37.50303687782669)	(125, 34.835895443043896)	(130, 36.64881455153669)	(135, 33.167590531406816)	(140, 34.300930397875774)	(145, 36.05532145718594)	(150, 35.77256836999247)	(155, 35.171171698586605)	(160, 32.48722505645229)	(165, 31.742166558638427)	(170, 34.8228604995208)	(175, 32.775707076019195)	(180, 35.83244113587889)	(185, 34.315804441470455)	(190, 34.526353149350356)	(195, 32.657297003408544)	(200, 33.481317440401504)	(205, 33.30684728046506)	(210, 33.93973253490408)	(215, 33.97382993851687)	(220, 32.90662316749273)	(225, 32.79954811594553)	(230, 30.916628673010557)	(235, 31.197331381365682)	(240, 32.18671964864582)	(245, 33.506887789244914)	(250, 30.234693489896515)
SRR19621204_1	(1, 32.515506592492)	(2, 32.47027903105699)	(3, 27.884423321214246)	(4, 32.15193394366814)	(5, 31.796092689123483)	(6, 35.26536422970783)	(7, 35.03186736168908)	(8, 32.767072583117965)	(9, 32.45976608699461)	(10, 33.953370712689996)	(15, 37.389837487406375)	(20, 37.606544307678824)	(25, 37.265837312190634)	(30, 38.29791493276095)	(35, 37.43362389942617)	(40, 37.867234657672256)	(45, 36.83869201454291)	(50, 37.08402470541854)	(55, 35.76645932804766)	(60, 37.039738928555785)	(65, 37.50943536729598)	(70, 37.70156380042928)	(75, 37.30743352753076)	(80, 36.33128476937229)	(85, 37.39926409391563)	(90, 36.642121862543256)	(95, 36.36388365675238)	(100, 37.33797801042534)	(105, 37.081330763502564)	(110, 37.17071707039291)	(115, 36.335205221428886)	(120, 36.77239038065618)	(125, 35.986083490297425)	(130, 36.02004906040562)	(135, 35.589714836392304)	(140, 35.45288886942048)	(145, 36.60954487712997)	(150, 35.92407464190285)	(155, 35.34119321915108)	(160, 35.59159402514346)	(165, 34.804003679530425)	(170, 34.83470585658592)	(175, 35.00234351044724)	(180, 34.076096193438175)	(185, 34.893600245302025)	(190, 34.752336939857194)	(195, 32.96654693591484)	(200, 32.740172587498364)	(205, 34.07234657672258)	(210, 32.919930789784914)	(215, 34.07915370800298)	(220, 33.67980200622016)	(225, 33.56353760567699)	(230, 32.48447588593455)	(235, 32.204898727050704)	(240, 32.67553277701119)	(245, 32.990858028894614)	(250, 27.946469147527335)
SRR19621204_2	(1, 31.33919575977923)	(2, 32.44798282885803)	(3, 32.54516185553463)	(4, 31.276380919006527)	(5, 31.673682596697184)	(6, 36.03922642253274)	(7, 35.74858732314162)	(8, 35.935958649086686)	(9, 35.20487099741557)	(10, 36.25566165841693)	(15, 36.136037496167155)	(20, 35.342708835253404)	(25, 36.7722808708222)	(30, 35.78525997634588)	(35, 36.83245871479259)	(40, 35.44791712295764)	(45, 36.65871479258838)	(50, 34.99958824302423)	(55, 35.934184589776166)	(60, 36.21354417626703)	(65, 35.88469928599588)	(70, 36.5153883218713)	(75, 37.37994217880766)	(80, 37.653375093083355)	(85, 37.137631959349946)	(90, 37.091121128690894)	(95, 37.589350119027536)	(100, 36.15595321534957)	(105, 34.19479586472753)	(110, 37.06504292973541)	(115, 35.50393814613633)	(120, 37.70612843875942)	(125, 35.53665673734011)	(130, 37.31730769230769)	(135, 34.342765594101486)	(140, 34.806531595663124)	(145, 36.032830924354485)	(150, 35.74531037806106)	(155, 35.362863338663395)	(160, 33.159095787790505)	(165, 31.269050500184868)	(170, 34.37171335809523)	(175, 33.32888499452355)	(180, 35.65175423749249)	(185, 34.081992261754976)	(190, 34.34576810771495)	(195, 32.668102352889626)	(200, 32.99945230688341)	(205, 32.65317004775884)	(210, 33.77463906232884)	(215, 33.2809814875671)	(220, 32.68124852999789)	(225, 32.71984662576687)	(230, 30.531380368098162)	(235, 30.54013570546847)	(240, 31.70508994500318)	(245, 33.50824224522617)	(250, 29.713322377679326)
SRR19621205_1	(1, 32.63564551422319)	(2, 32.451509846827136)	(3, 27.889584245076588)	(4, 32.140131291028446)	(5, 31.74695842450766)	(6, 35.14704595185996)	(7, 34.8735886214442)	(8, 32.50433260393873)	(9, 32.14146608315099)	(10, 33.54201312910285)	(15, 37.32904157549235)	(20, 37.576954048140045)	(25, 37.1435886214442)	(30, 38.20054266958425)	(35, 37.352288840262574)	(40, 37.80519912472648)	(45, 36.63227133479212)	(50, 37.03316411378556)	(55, 35.339943107221)	(60, 36.721181619256015)	(65, 37.35862144420132)	(70, 37.63919912472649)	(75, 37.085317286652085)	(80, 35.91362363238512)	(85, 37.2332341356674)	(90, 36.34024945295405)	(95, 36.085177242888406)	(100, 37.248595185995626)	(105, 36.95138730853392)	(110, 36.94291028446389)	(115, 35.95327789934355)	(120, 36.67954485776805)	(125, 35.81948796498905)	(130, 35.88522538293217)	(135, 35.60895404814004)	(140, 35.76003938730853)	(145, 36.60704595185995)	(150, 36.40843763676149)	(155, 35.72259518599562)	(160, 35.91016630196937)	(165, 35.2902056892779)	(170, 35.3022932166302)	(175, 35.152967177242886)	(180, 34.797636761487965)	(185, 35.2171466083151)	(190, 35.06991247264771)	(195, 33.55573741794311)	(200, 32.839369803063455)	(205, 34.52720350109409)	(210, 33.07252078774617)	(215, 34.31853391684902)	(220, 34.03112035010941)	(225, 34.124529540481404)	(230, 32.80254266958424)	(235, 32.41505319303943)	(240, 32.95561909401843)	(245, 33.07103077025295)	(250, 28.716738338281576)
SRR19621205_2	(1, 30.916105032822756)	(2, 31.8090590809628)	(3, 32.06238512035011)	(4, 31.87691466083151)	(5, 32.07855579868709)	(6, 35.92789934354486)	(7, 36.05667396061269)	(8, 35.76667396061269)	(9, 35.712056892778996)	(10, 35.89087527352297)	(15, 35.994638949671774)	(20, 35.51457330415755)	(25, 36.444962800875274)	(30, 35.85661269146608)	(35, 36.7052078774617)	(40, 35.411466083150984)	(45, 36.40746170678337)	(50, 34.82713347921226)	(55, 35.9771772428884)	(60, 36.13656455142232)	(65, 35.82059080962801)	(70, 36.45607439824945)	(75, 37.022275711159736)	(80, 37.43398249452954)	(85, 37.01456017505471)	(90, 36.96942669584245)	(95, 37.44010940919038)	(100, 36.135224585304954)	(105, 34.11159981618854)	(110, 37.01523884548896)	(115, 34.81631581250821)	(120, 37.36204745680927)	(125, 34.9066590804648)	(130, 36.84008578243648)	(135, 33.72226706930282)	(140, 34.36330094537815)	(145, 35.84396008403361)	(150, 35.30428483893557)	(155, 34.93271280701525)	(160, 32.382054929423354)	(165, 31.469141043877887)	(170, 34.004493495082656)	(175, 32.95768320498034)	(180, 35.650922760032515)	(185, 33.647691972506266)	(190, 33.975251314631585)	(195, 32.01400337061437)	(200, 32.78820122378549)	(205, 32.4940378217475)	(210, 33.56181539516386)	(215, 32.924293562720244)	(220, 32.12116884947055)	(225, 32.207335443005036)	(230, 29.954671219683043)	(235, 30.290017186883762)	(240, 31.22424020119048)	(245, 33.00843103597812)	(250, 28.982383483597488)
SRR19621206_1	(1, 32.64186082011945)	(2, 32.50411204610071)	(3, 27.7896464212796)	(4, 32.165130612322784)	(5, 31.798939073024595)	(6, 35.29997901043754)	(7, 35.02923273608487)	(8, 32.564218520426664)	(9, 32.28147003262923)	(10, 33.73890129181217)	(15, 37.37592687999695)	(20, 37.625286698341824)	(25, 37.25874787719197)	(30, 38.284423836510385)	(35, 37.429747934436236)	(40, 37.87931383212167)	(45, 36.885916003587305)	(50, 37.14283969698704)	(55, 35.797996450855806)	(60, 37.142229091533565)	(65, 37.574205735874976)	(70, 37.85271433205488)	(75, 37.343843379701184)	(80, 36.380765928215695)	(85, 37.40097696872555)	(90, 36.77697254183601)	(95, 36.42343198427691)	(100, 37.54902589348751)	(105, 37.25349285400805)	(110, 37.38449443776595)	(115, 36.456969488808745)	(120, 36.99312687236438)	(125, 36.27844371935047)	(130, 36.19235979926346)	(135, 35.932676932470855)	(140, 35.91981223882306)	(145, 36.917060697998366)	(150, 36.51309557883489)	(155, 35.89130841299827)	(160, 36.07540977350354)	(165, 35.44755853225714)	(170, 35.40212185395081)	(175, 35.447337187780256)	(180, 34.7806209094205)	(185, 35.391245444310876)	(190, 35.19205068025265)	(195, 33.59172629610548)	(200, 33.09639551968248)	(205, 34.553071154616745)	(210, 33.36050909229683)	(215, 34.41803957486595)	(220, 34.260217146564386)	(225, 34.18238021638331)	(230, 33.02727498234968)	(235, 32.64636403533879)	(240, 33.144120899273915)	(245, 33.33548151336399)	(250, 28.884166061484073)
SRR19621206_2	(1, 31.657297689239986)	(2, 31.931020665178316)	(3, 32.529108706852135)	(4, 32.24105558417769)	(5, 32.64846299158509)	(6, 36.76856145171447)	(7, 36.363367489075884)	(8, 33.435304444062815)	(9, 35.47476482149331)	(10, 36.00828896903086)	(15, 36.23789570095598)	(20, 35.805369511706445)	(25, 36.93903486175511)	(30, 36.24952010227641)	(35, 37.01080390024234)	(40, 35.95838723834602)	(45, 36.7946419371458)	(50, 35.23386570496308)	(55, 36.16089072070525)	(60, 36.35119354284733)	(65, 36.179670654683534)	(70, 36.69340736924457)	(75, 37.49973858454023)	(80, 37.730505466826955)	(85, 37.24812715858569)	(90, 37.188138989066346)	(95, 37.65248535500983)	(100, 36.36572595263992)	(105, 34.68856832102581)	(110, 37.26209475833381)	(115, 35.63503382112407)	(120, 37.775830550519984)	(125, 35.640152657189205)	(130, 37.22941325204026)	(135, 34.37565071368597)	(140, 35.12519654988169)	(145, 36.300114495076706)	(150, 36.072122864367124)	(155, 35.62751999386411)	(160, 33.371206106870225)	(165, 32.173769014734134)	(170, 34.80611744847867)	(175, 33.3814491722495)	(180, 36.1151086002214)	(185, 34.53732488452876)	(190, 34.72079746181659)	(195, 33.183177082020485)	(200, 33.658605485675025)	(205, 33.256082151514576)	(210, 34.189574545246316)	(215, 33.7702493871159)	(220, 32.96378128922948)	(225, 33.03527839813702)	(230, 30.83275483516538)	(235, 31.037187905627242)	(240, 32.075478628732654)	(245, 33.58784014041766)	(250, 30.05788010354796)
SRR19621207_1	(1, 32.70569761073458)	(2, 32.45854727185596)	(3, 27.949501951119327)	(4, 32.144494078181694)	(5, 31.800472376257957)	(6, 35.31152016156637)	(7, 34.97977853084138)	(8, 32.40749298281646)	(9, 32.120875265283765)	(10, 33.60049120284795)	(15, 37.347809269528305)	(20, 37.51487642910932)	(25, 37.015906757034294)	(30, 38.178859450948174)	(35, 37.370681864859314)	(40, 37.83378003696858)	(45, 36.48429691243924)	(50, 36.97773841308961)	(55, 35.44772198261107)	(60, 36.93730060929691)	(65, 37.41100328609571)	(70, 37.56791949065517)	(75, 37.05814506743342)	(80, 36.30049804888067)	(85, 37.511064900390224)	(90, 36.40384233586637)	(95, 36.059005956048466)	(100, 37.07137331416445)	(105, 36.97545012665161)	(110, 36.949318819743965)	(115, 35.91867426576299)	(120, 36.76075682891764)	(125, 35.750955021565005)	(130, 36.11315636338742)	(135, 34.9144468405559)	(140, 33.94746183336756)	(145, 36.08532039433148)	(150, 34.87718730745533)	(155, 34.49832614499898)	(160, 34.851619086739234)	(165, 33.78188368590401)	(170, 33.59603101252824)	(175, 34.0756127199288)	(180, 32.64189087423838)	(185, 33.87165400150612)	(190, 33.77829636475662)	(195, 31.624407818169367)	(200, 31.66264291093312)	(205, 32.82966728280961)	(210, 31.96276956253851)	(215, 32.636954884644354)	(220, 32.38660060245088)	(225, 32.616810433353876)	(230, 31.366925104401997)	(235, 31.346728639842574)	(240, 31.60502804641202)	(245, 32.24884363465249)	(250, 27.140559662454002)
SRR19621207_2	(1, 31.364525569932223)	(2, 32.36233483946053)	(3, 31.827882179776818)	(4, 31.13909426987061)	(5, 32.422092147600466)	(6, 36.15202471417813)	(7, 36.16702608338468)	(8, 33.44446155952625)	(9, 34.94066201136442)	(10, 35.460085917710686)	(15, 35.65883993975491)	(20, 34.85506948723215)	(25, 36.14255151639625)	(30, 35.267888683507906)	(35, 36.29510737698122)	(40, 34.378052868978806)	(45, 35.7978314820203)	(50, 33.74810447224742)	(55, 35.44720420353603)	(60, 35.913832390438)	(65, 35.245006616260966)	(70, 36.000694896107895)	(75, 36.510447403553215)	(80, 37.20303289631329)	(85, 36.79236298908021)	(90, 36.560788005340086)	(95, 37.10661691712594)	(100, 35.70943757915997)	(105, 32.546479031624976)	(110, 36.339290207186934)	(115, 33.89944801499346)	(120, 37.00708973016311)	(125, 34.68327642130307)	(130, 36.63667568602545)	(135, 33.254277964274515)	(140, 33.804114923444274)	(145, 35.48431998493705)	(150, 34.78526864924814)	(155, 34.0653307914467)	(160, 31.948203437362793)	(165, 30.148728088386598)	(170, 33.49407453180653)	(175, 32.38282603494258)	(180, 34.867010037833126)	(185, 33.13753418510841)	(190, 33.612572825209426)	(195, 31.74182471296882)	(200, 31.985735386786256)	(205, 31.63116161357082)	(210, 32.69412583322177)	(215, 32.24178449845126)	(220, 31.72777207687152)	(225, 31.74852018962474)	(230, 29.333121877294907)	(235, 29.2373125578106)	(240, 30.38262295563216)	(245, 32.946070066357706)	(250, 28.54946744185783)
SRR19621208_1	(1, 32.61527428888834)	(2, 32.47428723025012)	(3, 27.888236708367533)	(4, 32.178907487087656)	(5, 31.77720297460641)	(6, 35.21772328201557)	(7, 34.90590361545668)	(8, 32.82842125334726)	(9, 32.583132290397195)	(10, 33.93628638462623)	(15, 37.361101300768524)	(20, 37.641856724782585)	(25, 37.25434377098515)	(30, 38.283333747854854)	(35, 37.3950290579584)	(40, 37.88404340869335)	(45, 36.883313850822)	(50, 37.053952462672335)	(55, 35.6212682700359)	(60, 36.77289195082117)	(65, 37.44006599182564)	(70, 37.6849570141186)	(75, 37.17114930236029)	(80, 36.22371228890492)	(85, 37.240356156888105)	(90, 36.60294973512075)	(95, 36.103948731978676)	(100, 37.29055968695335)	(105, 37.03792042844943)	(110, 37.12735924921863)	(115, 36.10943036453022)	(120, 36.62480828379801)	(125, 35.881070460367596)	(130, 35.87517264821217)	(135, 35.46483613964401)	(140, 35.318199981761055)	(145, 36.59994196698751)	(150, 36.074517704214024)	(155, 35.422944595053934)	(160, 35.639417680171775)	(165, 34.93820313212459)	(170, 34.88770943699687)	(175, 34.98788768124953)	(180, 34.10612414090416)	(185, 34.823707314646704)	(190, 34.7149219455982)	(195, 33.02850415765082)	(200, 32.80163984712446)	(205, 34.12770247303537)	(210, 32.742214042330936)	(215, 33.95288548428549)	(220, 33.650390893791304)	(225, 33.659281551305334)	(230, 32.50669618059874)	(235, 32.10973149124392)	(240, 32.5568003009738)	(245, 32.883387916631094)	(250, 27.288791782725877)
SRR19621208_2	(1, 31.848077863721905)	(2, 31.81257824093649)	(3, 32.275424677295)	(4, 32.20704520771673)	(5, 31.893061738834863)	(6, 36.435811342966815)	(7, 36.230631482080234)	(8, 35.3864998632079)	(9, 35.635337130350436)	(10, 36.25415143300089)	(15, 36.4072027258935)	(20, 35.83151524195621)	(25, 36.880909626018685)	(30, 36.17446879067492)	(35, 36.9517314563799)	(40, 35.907991384429714)	(45, 36.68149560603548)	(50, 35.26080417841153)	(55, 36.1285591112585)	(60, 36.349124523296304)	(65, 36.12418006964019)	(70, 36.66628254020892)	(75, 37.42602221853756)	(80, 37.7143690930194)	(85, 37.189044934505056)	(90, 37.13332780633394)	(95, 37.59647067425255)	(100, 36.2717996335569)	(105, 34.4990128696423)	(110, 37.128050001894806)	(115, 35.53185674975333)	(120, 37.44705511706573)	(125, 35.2129021025403)	(130, 36.93532985898701)	(135, 34.16950271112806)	(140, 34.5229554593883)	(145, 36.21351716487379)	(150, 35.89124468452892)	(155, 35.22199287387938)	(160, 33.08019999005025)	(165, 31.58402567036466)	(170, 34.74766892022848)	(175, 33.40530666733)	(180, 35.76102119274101)	(185, 34.20304097613116)	(190, 34.55142659121734)	(195, 32.84667407419691)	(200, 33.27257798665947)	(205, 32.83221218867816)	(210, 33.94473268109554)	(215, 33.71945334086007)	(220, 32.834020762657204)	(225, 32.74829971278177)	(230, 30.56780810076338)	(235, 31.090220290868388)	(240, 31.605481950842226)	(245, 33.260072849121144)	(250, 29.61874360438075)
SRR19621209_1	(1, 32.62806164572058)	(2, 32.499518392808)	(3, 27.763599669755067)	(4, 32.182139253279516)	(5, 31.7739886248968)	(6, 34.81508577194753)	(7, 34.65943491422805)	(8, 32.86402623612513)	(9, 32.49795890285295)	(10, 34.21336574626181)	(15, 37.342500688010276)	(20, 37.68050178882671)	(25, 37.31490230254106)	(30, 38.32840565085772)	(35, 37.4493257499312)	(40, 37.91017796532428)	(45, 37.045995780203654)	(50, 37.164659205577465)	(55, 36.06643427208513)	(60, 37.16870470599027)	(65, 37.70465553618934)	(70, 37.83302449316576)	(75, 37.40524263829006)	(80, 36.60080267865334)	(85, 37.37943766626915)	(90, 36.93353362076874)	(95, 36.53948261627373)	(100, 37.568745986606736)	(105, 37.32602513530869)	(110, 37.59555545362811)	(115, 36.60317402073205)	(120, 37.17170901752134)	(125, 36.464902302541056)	(130, 36.32907072745619)	(135, 36.113159343179525)	(140, 35.84725713237317)	(145, 36.96507201174204)	(150, 36.54663792312631)	(155, 36.05373818915696)	(160, 36.08533620768736)	(165, 35.730350426566375)	(170, 35.603206127878174)	(175, 35.501009081735624)	(180, 34.68938170810018)	(185, 35.27749747729566)	(190, 35.23590496284744)	(195, 33.546092101642046)	(200, 33.4265526098523)	(205, 34.70750389872489)	(210, 33.41117787358958)	(215, 34.49772039262453)	(220, 34.32314925236217)	(225, 34.20255481148518)	(230, 33.04924777543344)	(235, 32.66269968316235)	(240, 33.040510974015554)	(245, 33.449148987207)	(250, 29.128955056009104)
SRR19621209_2	(1, 31.774699568846895)	(2, 32.10666452619026)	(3, 32.27323181359508)	(4, 32.46270984313366)	(5, 31.947963489588112)	(6, 35.766512246582884)	(7, 36.33379965140813)	(8, 35.66308136868177)	(9, 35.42457114026236)	(10, 36.34787175488487)	(15, 36.40425190349509)	(20, 35.92102559398221)	(25, 36.98230437574534)	(30, 36.32328226768187)	(35, 37.06992936427851)	(40, 36.25354554628016)	(45, 36.920975139895425)	(50, 35.66972296119622)	(55, 36.399325749931194)	(60, 36.39604623429043)	(65, 36.19321163196037)	(70, 36.764792220897164)	(75, 37.5452435556371)	(80, 37.79635813228144)	(85, 37.244986698468026)	(90, 37.30526098523072)	(95, 37.67425006880103)	(100, 36.42059902761214)	(105, 35.06000366938813)	(110, 37.27508485460049)	(115, 35.832951105403176)	(120, 37.54013393266673)	(125, 35.57718557930465)	(130, 37.24344510053997)	(135, 34.62395404838334)	(140, 35.15932016789376)	(145, 36.37328379091264)	(150, 36.16022063329608)	(155, 35.82602900232511)	(160, 33.685280422066754)	(165, 32.27343502695263)	(170, 35.359182173004534)	(175, 33.76986672172138)	(180, 36.18239836216088)	(185, 34.71517748572469)	(190, 35.20986420028655)	(195, 33.66308302934361)	(200, 33.956308073508154)	(205, 33.569155940991585)	(210, 34.415550508179045)	(215, 34.31469015991006)	(220, 33.52441211603611)	(225, 33.25173957445323)	(230, 31.290439371343354)	(235, 31.44867008423979)	(240, 31.94784663745038)	(245, 33.45006028051499)	(250, 30.57342467043916)
SRR19621210_1	(1, 32.72623865514021)	(2, 32.499030149189394)	(3, 27.81086711846548)	(4, 32.195359084269256)	(5, 31.796475011374792)	(6, 35.28379511003616)	(7, 35.08405373691899)	(8, 32.924686893843244)	(9, 33.346847386192195)	(10, 34.21584329126655)	(15, 37.349778490864246)	(20, 37.69607509758375)	(25, 37.270753610000234)	(30, 38.28711415503245)	(35, 37.489571110419305)	(40, 37.890035680931064)	(45, 36.93564022126967)	(50, 37.089537584712275)	(55, 35.81666706578223)	(60, 36.69656361502909)	(65, 37.33064489092172)	(70, 37.54245551857084)	(75, 37.16107186474772)	(80, 36.15841854450538)	(85, 37.04274527646734)	(90, 36.37613927536579)	(95, 35.74092291482076)	(100, 37.06113652146843)	(105, 36.85355013290548)	(110, 36.956287267415405)	(115, 35.96618214037692)	(120, 36.281046002059426)	(125, 35.776268588807206)	(130, 35.71533322158098)	(135, 35.24692162168634)	(140, 35.79778730333581)	(145, 36.58995186666347)	(150, 36.458535884479986)	(155, 35.53597547834)	(160, 35.890030891544335)	(165, 35.14341818530137)	(170, 35.36021456452501)	(175, 35.31520869752628)	(180, 34.860073277616806)	(185, 35.169314399291174)	(190, 34.980004310448045)	(195, 33.68565818146986)	(200, 33.25403865035082)	(205, 34.49027515026701)	(210, 33.16991786201777)	(215, 34.43040302689241)	(220, 34.115333221580975)	(225, 33.9179817524366)	(230, 33.04303263967049)	(235, 32.40091956225005)	(240, 32.886472377212094)	(245, 32.98457689217095)	(250, 28.068581885796494)
SRR19621210_2	(1, 31.682104456524343)	(2, 31.91719150362796)	(3, 32.06757824660552)	(4, 31.279556502789816)	(5, 31.790655906511173)	(6, 35.9461433463445)	(7, 36.11142508201825)	(8, 33.62520654230226)	(9, 35.187336861514886)	(10, 35.8728848870902)	(15, 36.34736463995786)	(20, 35.638559352474914)	(25, 36.768476256615344)	(30, 36.155497018606766)	(35, 36.929284705093515)	(40, 36.142742881773984)	(45, 36.77386910606097)	(50, 35.22895184271654)	(55, 35.82822385593525)	(60, 36.38669508369453)	(65, 35.986149093608574)	(70, 36.49467180727508)	(75, 37.45135180440145)	(80, 37.81843913886827)	(85, 37.22588663521636)	(90, 37.13823606887138)	(95, 37.66033669388635)	(100, 36.22693072152111)	(105, 34.571364256806916)	(110, 36.83135207624886)	(115, 35.93006681514477)	(120, 37.61999185765261)	(125, 35.652867070330046)	(130, 37.158549669508574)	(135, 34.641098746125216)	(140, 34.84203089450365)	(145, 36.3517366467249)	(150, 35.99173692278214)	(155, 35.22040693468572)	(160, 33.2978845114724)	(165, 31.157831830655027)	(170, 34.309703627479806)	(175, 33.38960883416773)	(180, 35.57302321124871)	(185, 34.39990418473183)	(190, 34.4170507353998)	(195, 33.25906412361185)	(200, 33.35760353647446)	(205, 32.69184921464581)	(210, 33.964717437654215)	(215, 33.358019308626595)	(220, 32.64669525429414)	(225, 32.871743765421755)	(230, 30.775660589799486)	(235, 30.852851975181466)	(240, 31.2866300936684)	(245, 33.26169196870519)	(250, 29.820558411851806)
SRR19621211_1	(1, 32.460160178194144)	(2, 32.42479977725732)	(3, 27.84720834629936)	(4, 32.146764498747075)	(5, 31.789622811471247)	(6, 35.1812896146224)	(7, 35.05609512422818)	(8, 32.50767315786888)	(9, 32.095402656534056)	(10, 33.77596016836726)	(15, 37.33917159375666)	(20, 37.65390700492982)	(25, 37.27442553679349)	(30, 38.31427682329627)	(35, 37.44879375010237)	(40, 37.89599226951865)	(45, 37.015837659891574)	(50, 37.19214832042191)	(55, 36.1840509687669)	(60, 37.17386376664429)	(65, 37.661955222169446)	(70, 37.71686456917307)	(75, 37.4138231488609)	(80, 36.58156149172085)	(85, 37.37945853874248)	(90, 37.02135054129748)	(95, 36.74040978102429)	(100, 37.538680249602834)	(105, 37.26255466203711)	(110, 37.52717296952029)	(115, 36.657254696431195)	(120, 37.12884026401559)	(125, 36.41520546374699)	(130, 36.440182124899685)	(135, 36.06827390798762)	(140, 35.787126783169825)	(145, 36.918433594837616)	(150, 36.3089572039242)	(155, 35.92306860802201)	(160, 36.01477635651932)	(165, 35.57825310775177)	(170, 35.43481664673993)	(175, 35.41135332558101)	(180, 34.73162127192624)	(185, 35.38997002800662)	(190, 35.22890413875559)	(195, 33.46079564996642)	(200, 33.16176687357715)	(205, 34.74163159015346)	(210, 33.63306091029693)	(215, 34.50851826981345)	(220, 34.249612657025395)	(225, 34.19035982770198)	(230, 32.940052737605846)	(235, 32.584164856487504)	(240, 33.22524240041929)	(245, 33.13543638900501)	(250, 27.057022559967677)
SRR19621211_2	(1, 31.345889906153268)	(2, 32.40395040699674)	(3, 31.66010449252338)	(4, 30.997592413646267)	(5, 31.714168727582422)	(6, 36.037571449629034)	(7, 35.737884272073636)	(8, 33.444388030856416)	(9, 34.70437460078288)	(10, 35.63956958252125)	(15, 35.97131532829979)	(20, 35.144055554645654)	(25, 36.68133383559625)	(30, 35.674907054064235)	(35, 36.679889283784)	(40, 35.31724781761305)	(45, 36.68495667982377)	(50, 34.92151596049593)	(55, 35.6391306484105)	(60, 36.14022634587353)	(65, 35.62464909838348)	(70, 36.22131450939286)	(75, 37.34369851122721)	(80, 37.37829569091177)	(85, 36.98392321928689)	(90, 36.96610708026925)	(95, 37.445410026696365)	(100, 35.985053310840684)	(105, 33.69493424177408)	(110, 36.697856101675484)	(115, 35.35812765121116)	(120, 37.6512013364561)	(125, 35.64601601781941)	(130, 37.19664248161554)	(135, 33.666886297675106)	(140, 34.52175251822128)	(145, 35.702881008926376)	(150, 35.413060355417244)	(155, 35.27246338493344)	(160, 32.91376411668151)	(165, 30.9914892223023)	(170, 34.82577801241192)	(175, 32.791426839855205)	(180, 35.78412259950331)	(185, 34.39683210483211)	(190, 34.43357922134951)	(195, 32.97146921737457)	(200, 32.98994449468014)	(205, 32.83396238778586)	(210, 33.409474254575144)	(215, 33.52820276889716)	(220, 32.56791612057667)	(225, 32.321561624535136)	(230, 30.11823260538344)	(235, 30.22626461619266)	(240, 31.28692760129102)	(245, 33.48237055936278)	(250, 30.1226888747061)
SRR19621212_1	(1, 32.360679361811634)	(2, 32.46071796191457)	(3, 27.853165208440554)	(4, 32.21275090066907)	(5, 31.813638703036542)	(6, 35.323044261451365)	(7, 35.1379053010808)	(8, 32.657321152856404)	(9, 32.28914050437468)	(10, 33.89472207925888)	(15, 37.4180828615543)	(20, 37.67855120946989)	(25, 37.29551209469892)	(30, 38.32886515697375)	(35, 37.46074626865672)	(40, 37.94689655172414)	(45, 36.960488934637155)	(50, 37.14515697375193)	(55, 35.850468347915594)	(60, 36.88876479670613)	(65, 37.538744209984564)	(70, 37.664276891405045)	(75, 37.32485074626865)	(80, 36.460506948018526)	(85, 37.470573854863616)	(90, 36.77472722593927)	(95, 36.57934637159032)	(100, 37.417074112197625)	(105, 37.12955223880597)	(110, 37.46462943901184)	(115, 36.680311374163665)	(120, 37.0257539886773)	(125, 36.12532681420483)	(130, 36.202599073597526)	(135, 35.835458054554806)	(140, 35.687166752444675)	(145, 36.954734945959856)	(150, 36.3027303139475)	(155, 35.83271487390633)	(160, 35.95729541945445)	(165, 35.395020586721564)	(170, 35.36275347400927)	(175, 35.40386515697376)	(180, 34.51253731343284)	(185, 35.32799022130725)	(190, 35.23500514668039)	(195, 33.37193257848688)	(200, 33.06108852290272)	(205, 34.5068013381369)	(210, 33.29960627895008)	(215, 34.28032166752445)	(220, 34.085669068450855)	(225, 34.113615542974784)	(230, 32.90352032938755)	(235, 32.66163149768399)	(240, 32.911026814490256)	(245, 33.34283365506163)	(250, 28.26166605508279)
SRR19621212_2	(1, 32.20997169325785)	(2, 32.06652084405558)	(3, 31.637133299022132)	(4, 30.720946989191972)	(5, 31.522606793618117)	(6, 36.517768914050436)	(7, 35.857771487390636)	(8, 36.143669583118886)	(9, 35.546049922799796)	(10, 35.719215131240354)	(15, 35.78677560473494)	(20, 35.061963458569224)	(25, 36.50322182192486)	(30, 35.58925887802367)	(35, 36.571672671127125)	(40, 34.947009778692745)	(45, 36.55440555841482)	(50, 34.628036541430774)	(55, 35.57694544518786)	(60, 36.0462197632527)	(65, 35.61893770881714)	(70, 36.22631274205793)	(75, 37.257659002303164)	(80, 37.43878845584735)	(85, 36.829215507147545)	(90, 36.84062124742779)	(95, 37.431413572145445)	(100, 35.78426619315989)	(105, 33.53327929179855)	(110, 36.781878072003906)	(115, 35.12209012069276)	(120, 37.377341156488846)	(125, 34.98749067140174)	(130, 37.09745232764611)	(135, 33.80828379525978)	(140, 34.33201967233775)	(145, 35.55317763623496)	(150, 35.25087896910692)	(155, 35.04789993823348)	(160, 32.63899526456661)	(165, 30.75735776022102)	(170, 34.51927368190768)	(175, 32.975459096349105)	(180, 35.57871694228171)	(185, 34.06789524483624)	(190, 34.200194376705554)	(195, 32.66050216851344)	(200, 32.77960522636678)	(205, 32.51687390555347)	(210, 33.63104504504504)	(215, 33.30139510939511)	(220, 32.36805849596017)	(225, 32.24237744057042)	(230, 30.222117411829437)	(235, 30.15000450479439)	(240, 31.313538837763048)	(245, 33.411729048919945)	(250, 30.10129044000022)
SRR19621213_1	(1, 32.482507364861334)	(2, 32.49359387801349)	(3, 27.72642808583332)	(4, 32.20381055310544)	(5, 31.80758972928687)	(6, 35.26340927711053)	(7, 35.03580455662663)	(8, 33.16291596213851)	(9, 32.76446389038995)	(10, 34.220984189516614)	(15, 37.412453152509286)	(20, 37.70971115798281)	(25, 37.32001673435948)	(30, 38.335687764742794)	(35, 37.45813098122615)	(40, 37.93399341084596)	(45, 36.98776997228372)	(50, 37.122652395976786)	(55, 35.80878902504924)	(60, 36.84834486725818)	(65, 37.551867798560146)	(70, 37.66339881813586)	(75, 37.304575801418935)	(80, 36.2940749908484)	(85, 37.30271061760246)	(90, 36.73529032370526)	(95, 36.369275018738996)	(100, 37.37890773441177)	(105, 37.13249429114298)	(110, 37.38227203793121)	(115, 36.482458556312864)	(120, 36.78831383896666)	(125, 36.02574302299231)	(130, 36.041483779873445)	(135, 35.70284658427319)	(140, 35.62745132218871)	(145, 36.76420938867293)	(150, 36.18281241828926)	(155, 35.69192392839089)	(160, 35.83788937891123)	(165, 35.2629769728241)	(170, 35.274091376575385)	(175, 35.2645004968013)	(180, 34.40763505151045)	(185, 35.1734725539073)	(190, 35.02533512298011)	(195, 33.15398748409365)	(200, 33.00606271898478)	(205, 34.56547143828333)	(210, 33.161294821064374)	(215, 34.32885805428208)	(220, 34.06273293008175)	(225, 33.94410375302874)	(230, 32.926023672146)	(235, 32.59687276657312)	(240, 32.85511531019576)	(245, 33.18883563075073)	(250, 27.58991393951552)
SRR19621213_2	(1, 32.20114351456412)	(2, 32.136018965607406)	(3, 31.824062614395036)	(4, 30.980424285739186)	(5, 31.274164589398087)	(6, 35.652047344292015)	(7, 36.040528526853414)	(8, 33.0223299109244)	(9, 34.300782679937946)	(10, 35.673997245803335)	(15, 35.95761674830477)	(20, 35.28908257360503)	(25, 36.70783551519166)	(30, 35.801945369288966)	(35, 36.68290480589886)	(40, 35.376094270225046)	(45, 36.70486865270975)	(50, 34.958697509020865)	(55, 35.84531525092824)	(60, 36.20733871389474)	(65, 35.81512716370038)	(70, 36.392023288650265)	(75, 37.37732494291143)	(80, 37.57976188400997)	(85, 36.954053724266565)	(90, 36.981947809716395)	(95, 37.53863719560026)	(100, 35.981229626788924)	(105, 33.979464713130646)	(110, 36.884360073911374)	(115, 35.3943665585644)	(120, 37.40149219907609)	(125, 35.07771637758215)	(130, 37.04308550509893)	(135, 34.102145907783495)	(140, 34.338083245174914)	(145, 35.83854682379193)	(150, 35.531844715095495)	(155, 35.12716405373995)	(160, 32.72903540733251)	(165, 30.841770540959885)	(170, 34.60412824044211)	(175, 32.87799422754715)	(180, 35.5603887110237)	(185, 34.15025628508665)	(190, 34.204930136590406)	(195, 32.53409013658826)	(200, 32.75849868747705)	(205, 32.397886771398184)	(210, 33.62919463672345)	(215, 33.409948912872906)	(220, 32.47046749373814)	(225, 32.46304575254568)	(230, 30.42517615303408)	(235, 30.521849662603966)	(240, 31.463772209726073)	(245, 33.14624221325444)	(250, 30.09058220298833)
SRR19621214_1	(1, 32.66818946045548)	(2, 32.48640524429801)	(3, 27.901414669768865)	(4, 32.17736868026425)	(5, 31.772362141874567)	(6, 35.319090399606)	(7, 35.028140549904045)	(8, 32.70110218569027)	(9, 32.7660445289812)	(10, 33.88781821578384)	(15, 37.376128933648076)	(20, 37.61624237895487)	(25, 37.08100470424401)	(30, 38.181994803253914)	(35, 37.39172596504934)	(40, 37.79810811269806)	(45, 36.69670023606134)	(50, 36.994548511454916)	(55, 35.32583937639047)	(60, 36.43143861555967)	(65, 37.13413039417149)	(70, 37.32910687295144)	(75, 36.93598491924664)	(80, 35.745311889679535)	(85, 36.990506597829594)	(90, 36.34501299186523)	(95, 35.518930761000625)	(100, 36.56387751982745)	(105, 36.5201942835793)	(110, 36.57563643156769)	(115, 35.49644889017203)	(120, 36.15167026136576)	(125, 35.20331165191991)	(130, 35.28757705959275)	(135, 34.8980486727918)	(140, 35.30430175092981)	(145, 36.12449433622608)	(150, 35.774980894315846)	(155, 34.9150450894146)	(160, 35.31031367287672)	(165, 34.438421955403086)	(170, 34.68591613878368)	(175, 34.644817689316106)	(180, 34.293908258750406)	(185, 34.58470526297913)	(190, 34.40476198563253)	(195, 33.137459028921754)	(200, 32.60683728750233)	(205, 34.04328583801776)	(210, 32.58948762800809)	(215, 33.7912504457993)	(220, 33.68955046448041)	(225, 33.66751354380721)	(230, 32.39050320126353)	(235, 31.99499006504424)	(240, 32.668207056364835)	(245, 32.56055585487634)	(250, 28.979138810610397)
SRR19621214_2	(1, 31.293514257086088)	(2, 31.961228198291526)	(3, 32.28913268685359)	(4, 31.284615253978227)	(5, 31.398400217380228)	(6, 35.7657558208651)	(7, 35.552774145339065)	(8, 33.19166822342611)	(9, 34.51935193519352)	(10, 35.14303619041149)	(15, 35.83806531596556)	(20, 35.22942105531308)	(25, 36.31037141449994)	(30, 35.78557478389349)	(35, 36.529514460880044)	(40, 35.1563099706197)	(45, 36.29611091673462)	(50, 34.767558846506574)	(55, 35.78993437815317)	(60, 36.14965099098181)	(65, 35.47871129906081)	(70, 36.150679347826085)	(75, 37.04886888586956)	(80, 37.48361413043478)	(85, 36.84131793478261)	(90, 36.85617527173913)	(95, 37.4164997146337)	(100, 35.9394137029111)	(105, 33.825266508079594)	(110, 36.64034207260176)	(115, 34.92168965282968)	(120, 37.25294177593587)	(125, 34.637808275018685)	(130, 36.63862354779537)	(135, 33.3780487804878)	(140, 33.71929139207827)	(145, 35.45173585162035)	(150, 34.87914113568998)	(155, 34.282827733804396)	(160, 31.757950878146545)	(165, 30.352355638962326)	(170, 33.69920566306047)	(175, 32.66414904842048)	(180, 34.4823285600231)	(185, 32.802332606642295)	(190, 32.95784466942992)	(195, 31.466454427809186)	(200, 32.153180114483185)	(205, 31.71393370510187)	(210, 32.704376628869035)	(215, 31.994036557397624)	(220, 31.427333662824935)	(225, 31.758532233384706)	(230, 29.68234334647275)	(235, 29.816237310571626)	(240, 30.561006226308244)	(245, 32.69691939897214)	(250, 28.33975689827269)
SRR19621215_1	(1, 32.618549532060385)	(2, 32.49994205082143)	(3, 27.83162866166372)	(4, 32.215121838147944)	(5, 31.840857068351056)	(6, 35.26733404803987)	(7, 35.09754295482862)	(8, 32.69604207110364)	(9, 33.145466925506334)	(10, 34.16228957204532)	(15, 37.394842523107236)	(20, 37.61790629617825)	(25, 37.186428302378815)	(30, 38.293121432503696)	(35, 37.49480195868224)	(40, 37.9109523947498)	(45, 36.9462869063831)	(50, 37.16151884797033)	(55, 35.894176107553676)	(60, 36.8985570654536)	(65, 37.485370729869906)	(70, 37.52698982991916)	(75, 37.26014255497928)	(80, 36.37228290788978)	(85, 37.240720887781414)	(90, 36.86915075478805)	(95, 36.210025207892684)	(100, 36.981789470634254)	(105, 36.86695448092023)	(110, 37.09148726566801)	(115, 36.316173615739004)	(120, 36.52837191782807)	(125, 35.84926839162055)	(130, 35.77425897487903)	(135, 35.43928954307073)	(140, 35.054793845797235)	(145, 36.302651174919596)	(150, 35.578689189580736)	(155, 34.813676006142614)	(160, 35.239926984035)	(165, 34.27052415032017)	(170, 34.45874308231681)	(175, 34.73913018282966)	(180, 33.99599860921971)	(185, 34.445446643293835)	(190, 34.304105699301715)	(195, 32.78339466288065)	(200, 32.711343551705156)	(205, 33.92922087329411)	(210, 32.78359748500564)	(215, 33.68287601773245)	(220, 33.590783183148375)	(225, 33.41971431054965)	(230, 32.17670153275577)	(235, 31.82555662718276)	(240, 32.44076618747135)	(245, 32.75274662532787)	(250, 29.814724184639648)
SRR19621215_2	(1, 31.77733028134326)	(2, 32.186292121809174)	(3, 31.773520122852258)	(4, 31.96182597861675)	(5, 32.349984063975896)	(6, 36.40710746675166)	(7, 36.295453886941154)	(8, 33.10061426129285)	(9, 35.23511430475473)	(10, 36.42311013241387)	(15, 36.304919885260624)	(20, 35.69335902413583)	(25, 36.65829107872396)	(30, 36.127259293599515)	(35, 36.85482571784544)	(40, 35.57742300002898)	(45, 36.55926462492395)	(50, 35.150786660099094)	(55, 35.93153884043694)	(60, 36.282983223712804)	(65, 35.77161359487729)	(70, 36.393303972416184)	(75, 37.40808101295164)	(80, 37.64116709645641)	(85, 37.071418714917044)	(90, 37.05491343716045)	(95, 37.52970952553422)	(100, 36.11445128576603)	(105, 34.16534588917059)	(110, 36.845383556682364)	(115, 35.49215501629844)	(120, 37.595192976356046)	(125, 35.27319772832638)	(130, 37.014166087158095)	(135, 34.00693598911125)	(140, 34.61751433361308)	(145, 35.99480145546804)	(150, 35.42128528497983)	(155, 35.09753115039119)	(160, 32.5962553134582)	(165, 30.776846370084286)	(170, 34.51746431935086)	(175, 33.298827791059914)	(180, 34.895469380071816)	(185, 33.28128033848695)	(190, 33.60134467419182)	(195, 32.161026386505725)	(200, 32.51706299178368)	(205, 32.04484266707054)	(210, 33.30358134020423)	(215, 32.46064525672288)	(220, 31.953047561081643)	(225, 32.25471987943077)	(230, 30.021545952525866)	(235, 30.175356808091145)	(240, 31.067422178424444)	(245, 33.144331178050976)	(250, 28.380325209324266)
SRR19621216_1	(1, 32.64241883298003)	(2, 32.48352751789101)	(3, 27.951977176009308)	(4, 32.17272596866483)	(5, 31.81750370571078)	(6, 35.384262284630466)	(7, 35.177316268468786)	(8, 32.72698873145152)	(9, 33.943625380532666)	(10, 34.22877225418786)	(15, 37.30375352640219)	(20, 37.56807829011332)	(25, 37.1354170319249)	(30, 38.234108477709945)	(35, 37.50861159369471)	(40, 37.80519596436143)	(45, 36.79485822667793)	(50, 37.08020911365774)	(55, 35.33498031590189)	(60, 35.67283594459762)	(65, 36.509915366347364)	(70, 36.62938748186991)	(75, 36.67670263464082)	(80, 35.37380022632728)	(85, 36.40314945569882)	(90, 35.85943481933664)	(95, 34.87013595575461)	(100, 35.46589630385235)	(105, 35.74349149678839)	(110, 35.57205654994342)	(115, 35.26839227937075)	(120, 34.56483320316859)	(125, 34.14816786471367)	(130, 34.40002231395738)	(135, 33.60616183994517)	(140, 34.41461245437593)	(145, 35.29400232702699)	(150, 34.84025119140594)	(155, 33.346669641860984)	(160, 34.21096252849014)	(165, 32.8559570296935)	(170, 33.4592563076776)	(175, 33.79826907444893)	(180, 33.168138856569065)	(185, 33.30499673259909)	(190, 33.17672654245231)	(195, 32.191635453690566)	(200, 31.9821775234695)	(205, 32.96545161855884)	(210, 31.735955754610224)	(215, 33.118914266588035)	(220, 32.742576624535786)	(225, 32.38890677547377)	(230, 31.384440796289503)	(235, 30.26766229419359)	(240, 31.649110674240728)	(245, 31.08296139082857)	(250, 28.2109866645998)
SRR19621216_2	(1, 30.826748059482636)	(2, 31.7656078162605)	(3, 32.03361438293938)	(4, 30.726940915828564)	(5, 31.526896287913804)	(6, 35.97778167386557)	(7, 35.26552015428508)	(8, 32.03863502334996)	(9, 33.90154763232974)	(10, 34.8243987185413)	(15, 35.87704371941793)	(20, 35.47924961349038)	(25, 36.42540284662341)	(30, 35.90546851341229)	(35, 36.772257375559846)	(40, 35.346628921505385)	(45, 36.405897354160025)	(50, 34.89249920306025)	(55, 35.6599426203379)	(60, 36.25555307618744)	(65, 35.53950589735416)	(70, 36.34966209754542)	(75, 37.106145999362454)	(80, 37.67104920408839)	(85, 37.082682223178566)	(90, 36.987726932211224)	(95, 37.507438754203925)	(100, 36.07256411482491)	(105, 34.18152393392015)	(110, 36.64916956230674)	(115, 35.45742612132998)	(120, 37.35985845898817)	(125, 35.376208996142694)	(130, 37.06543083936371)	(135, 34.01087077800979)	(140, 34.37319561336393)	(145, 35.97982908659161)	(150, 35.03286946264327)	(155, 34.08750737251527)	(160, 32.45000115851978)	(165, 29.928819974780225)	(170, 33.315958691064814)	(175, 33.51056514766427)	(180, 34.11759266640097)	(185, 32.91606174087296)	(190, 33.188553045589494)	(195, 32.247626433910526)	(200, 31.63374627317804)	(205, 31.092106362209346)	(210, 32.944890369604096)	(215, 31.160133292941538)	(220, 31.208660799168733)	(225, 31.95591262194798)	(230, 29.217839716809646)	(235, 29.214185030455724)	(240, 29.296073339631004)	(245, 32.60990578353369)	(250, 26.965056527796346)
SRR19621217_1	(1, 32.51962948266455)	(2, 32.4840657705471)	(3, 27.90822627845841)	(4, 32.05000992014285)	(5, 31.79880710282228)	(6, 35.108861167600814)	(7, 34.8599275829572)	(8, 33.19479440503943)	(9, 33.194757204503745)	(10, 34.21308218838352)	(15, 37.365596944596)	(20, 37.59791677000149)	(25, 37.243095580576366)	(30, 38.27715639105203)	(35, 37.45565944149595)	(40, 37.908285799315514)	(45, 36.74730668121621)	(50, 37.11153960617033)	(55, 35.70388621596151)	(60, 37.01261594166956)	(65, 37.531890779227226)	(70, 37.62327265512623)	(75, 37.28712861465205)	(80, 36.47024701155697)	(85, 37.44443975993254)	(90, 36.68541987004613)	(95, 36.57887257576509)	(100, 37.48553891176033)	(105, 37.20145578096325)	(110, 37.43367640494023)	(115, 36.43234958583404)	(120, 37.116680720202375)	(125, 36.260051584742826)	(130, 36.29916174792917)	(135, 35.858533802886754)	(140, 35.3915579584346)	(145, 36.554136699568474)	(150, 36.06419324438272)	(155, 35.63349040226179)	(160, 35.72519220276772)	(165, 35.13883735925798)	(170, 35.03728981697337)	(175, 35.12658350280244)	(180, 34.19934775060761)	(185, 34.94125787411339)	(190, 34.9065398541739)	(195, 33.10314468528346)	(200, 32.683048955904965)	(205, 34.26346659391895)	(210, 33.018094340558505)	(215, 33.97142998859184)	(220, 33.66568622588166)	(225, 33.84169188036308)	(230, 32.43581419572442)	(235, 32.09468528346808)	(240, 32.763401140081626)	(245, 33.07354219317445)	(250, 29.700086477907572)
SRR19621217_2	(1, 32.220326372699766)	(2, 32.11824810277268)	(3, 32.41507117702495)	(4, 30.287584941223155)	(5, 31.46189425127722)	(6, 35.11669808045236)	(7, 35.61833490402262)	(8, 34.59751500421606)	(9, 34.78852735479391)	(10, 35.63080948365656)	(15, 35.95760378949457)	(20, 35.306772977530876)	(25, 36.5832547988691)	(30, 35.53604235900997)	(35, 36.649191508357724)	(40, 35.24502008828927)	(45, 36.76859530777243)	(50, 35.08387232776152)	(55, 35.848308615644065)	(60, 36.106244729924114)	(65, 35.65830811963692)	(70, 36.22790288180149)	(75, 37.22945290412182)	(80, 37.46582510788155)	(85, 37.02298745101929)	(90, 37.01934179852189)	(95, 37.46195377213432)	(100, 36.10681150254827)	(105, 34.10115943107275)	(110, 36.859219027069926)	(115, 35.166536463177216)	(120, 37.588767778976475)	(125, 35.556895688029556)	(130, 37.282214409064935)	(135, 33.59589042794609)	(140, 34.38663955060081)	(145, 35.694915266569225)	(150, 35.332544642857144)	(155, 35.284710585753835)	(160, 33.06862188271184)	(165, 31.489720843200907)	(170, 34.50144505188552)	(175, 32.7435789317029)	(180, 35.79556907224766)	(185, 34.12793799517756)	(190, 34.64517372370797)	(195, 32.60524168041378)	(200, 32.744618413948075)	(205, 32.446837648375194)	(210, 33.309800886780216)	(215, 33.505552109950635)	(220, 32.90382308137584)	(225, 32.61074524557607)	(230, 30.533856965780565)	(235, 30.398366201622046)	(240, 31.53968921072958)	(245, 32.971142323253765)	(250, 29.74038378520804)
SRR19621218_1	(1, 32.6247968057068)	(2, 32.47797610592933)	(3, 27.84833420134779)	(4, 32.094818742799426)	(5, 31.77360604769345)	(6, 34.81457633003488)	(7, 34.55227814339599)	(8, 32.85319508230355)	(9, 32.64209396651042)	(10, 34.094427347190006)	(15, 37.33256948061171)	(20, 37.6423938260499)	(25, 37.272559695721476)	(30, 38.3107681138835)	(35, 37.45467228508752)	(40, 37.94009122042833)	(45, 36.92239003835046)	(50, 37.204955573441914)	(55, 35.80296071840033)	(60, 37.12475735050424)	(65, 37.54422296924072)	(70, 37.749743541183335)	(75, 37.4136515000868)	(80, 36.49277022868235)	(85, 37.37715070309171)	(90, 36.754730678787304)	(95, 36.63496993513564)	(100, 37.53528084213185)	(105, 37.199943184508314)	(110, 37.463327178321734)	(115, 36.56047851269668)	(120, 37.247661884696114)	(125, 36.35596483752347)	(130, 36.270302858134876)	(135, 35.9467133816265)	(140, 35.4706942537443)	(145, 36.608702239477296)	(150, 36.2437668670991)	(155, 35.68615438031659)	(160, 35.800789104051255)	(165, 35.30254564966937)	(170, 35.18569512175876)	(175, 35.21718352982025)	(180, 34.375427299843764)	(185, 34.96735634360747)	(190, 34.992292031627294)	(195, 33.24759875637202)	(200, 33.00598456512476)	(205, 34.303360005050266)	(210, 33.08786831431593)	(215, 34.116478070798415)	(220, 33.89256190521282)	(225, 33.878790461310224)	(230, 32.62323753610151)	(235, 32.282712085121645)	(240, 32.76890565323065)	(245, 33.13786322523263)	(250, 29.789215955240163)
SRR19621218_2	(1, 30.80420750280132)	(2, 32.267064375108504)	(3, 32.0405757303158)	(4, 30.610356201568738)	(5, 32.03251108691192)	(6, 36.25578018717548)	(7, 36.088332307498064)	(8, 34.32410081593359)	(9, 34.643435443397564)	(10, 35.57988415952527)	(15, 35.99243091394031)	(20, 35.650010258352665)	(25, 36.70726764831211)	(30, 35.90606189732178)	(35, 36.831444218234616)	(40, 35.60655587645787)	(45, 36.56464813850354)	(50, 35.14765715007181)	(55, 36.14573173618673)	(60, 36.12044884238436)	(65, 35.77751369095529)	(70, 36.48726859523696)	(75, 37.294948155863835)	(80, 37.56428830705617)	(85, 37.03098969430109)	(90, 37.12901726215887)	(95, 37.49084364569238)	(100, 36.20043559918562)	(105, 34.56643676709648)	(110, 37.05075190633429)	(115, 35.155691557257256)	(120, 37.36349785540348)	(125, 35.27682685986457)	(130, 37.1409400846013)	(135, 33.920736198044914)	(140, 34.68274773494964)	(145, 35.981239465836744)	(150, 35.50738244439885)	(155, 35.29674995659243)	(160, 33.13670324475529)	(165, 31.902508647670835)	(170, 34.53066771902131)	(175, 33.36943178659298)	(180, 35.92742943739345)	(185, 34.118845109553575)	(190, 34.55192271263497)	(195, 32.6747076654591)	(200, 32.92076722708975)	(205, 32.584067634577735)	(210, 33.713413036919675)	(215, 33.65517016259829)	(220, 32.96572860683089)	(225, 32.61069241361497)	(230, 30.322748732848048)	(235, 30.592050399433425)	(240, 31.17839254697616)	(245, 32.952541912400925)	(250, 29.425337731998077)
SRR19621219_1	(1, 32.51420994097014)	(2, 32.52440756266576)	(3, 27.838583283428864)	(4, 32.10914535032937)	(5, 31.856292240568056)	(6, 35.149097442039526)	(7, 35.0237659337839)	(8, 33.10967576353837)	(9, 33.195739584224484)	(10, 34.326587389853714)	(15, 37.38840619385748)	(20, 37.66912139618445)	(25, 37.32739156471897)	(30, 38.36354521344854)	(35, 37.540076995465824)	(40, 37.96378817691847)	(45, 36.961591239627)	(50, 37.2951732397981)	(55, 36.125995380272045)	(60, 37.16453075541107)	(65, 37.62088801437248)	(70, 37.73079989733938)	(75, 37.55303618786894)	(80, 36.8200530413209)	(85, 37.57565916673796)	(90, 37.08702540850372)	(95, 36.93220976986911)	(100, 37.609841731542474)	(105, 37.39353922491231)	(110, 37.64052014714689)	(115, 36.850546667807336)	(120, 37.20947215330652)	(125, 36.54998032338095)	(130, 36.485078278723584)	(135, 36.21472153306528)	(140, 35.528459235178374)	(145, 36.80600906835487)	(150, 36.213475917529294)	(155, 35.775070579177005)	(160, 35.90901189152194)	(165, 35.3540593720592)	(170, 35.29459491829925)	(175, 35.43605441012919)	(180, 34.48075626657541)	(185, 35.22326974078193)	(190, 35.1339070921379)	(195, 33.27942852254257)	(200, 33.16090683548636)	(205, 34.50747198220549)	(210, 33.45529301052271)	(215, 34.22656856873984)	(220, 34.03312173838652)	(225, 34.025357173410896)	(230, 32.71844640260074)	(235, 32.46530584310035)	(240, 33.082410678745546)	(245, 33.305737798125826)	(250, 30.541147258089367)
SRR19621219_2	(1, 31.420395243391223)	(2, 32.13660706647275)	(3, 32.486166481307215)	(4, 30.8728890409787)	(5, 31.433090940200188)	(6, 36.36218667122936)	(7, 36.10976131405595)	(8, 35.74187697835572)	(9, 35.43882282487809)	(10, 36.24428779194115)	(15, 36.38752673453674)	(20, 35.78350928223116)	(25, 36.86222260244675)	(30, 36.018516554025155)	(35, 36.957505346907354)	(40, 35.83327572931817)	(45, 36.98162374882368)	(50, 35.58048421592951)	(55, 36.148101634014886)	(60, 36.36079390880315)	(65, 36.03839849431089)	(70, 36.57289759603046)	(75, 37.549217212764134)	(80, 37.61526563435709)	(85, 37.18859440499615)	(90, 37.18544818045164)	(95, 37.58558228671161)	(100, 36.34437219807673)	(105, 34.62926320112248)	(110, 37.07508298826186)	(115, 35.67549365182574)	(120, 37.74180555080251)	(125, 35.898547252784866)	(130, 37.39480159477079)	(135, 34.09945415033966)	(140, 34.90082989681902)	(145, 35.99476737222156)	(150, 35.640772533616484)	(155, 35.68246216854634)	(160, 33.830627855639406)	(165, 31.990865376388246)	(170, 35.11751458836012)	(175, 33.51502301623971)	(180, 36.03972483187022)	(185, 34.64510575672531)	(190, 34.9502045007273)	(195, 33.37573271665739)	(200, 33.31502892151829)	(205, 32.86626963753979)	(210, 33.76214792375833)	(215, 33.70808803395399)	(220, 33.1589722769569)	(225, 32.92144326376193)	(230, 30.654118793096295)	(235, 30.888114008398965)	(240, 31.7854538851538)	(245, 33.38533108176047)	(250, 29.842539405714177)
SRR19621220_1	(1, 32.44092279417692)	(2, 32.446033307001564)	(3, 27.92572828838124)	(4, 32.18341420948266)	(5, 31.81548952909123)	(6, 35.26822937658192)	(7, 35.084976382014865)	(8, 32.31915716842122)	(9, 32.873784842573635)	(10, 33.833555272533815)	(15, 37.36314304599462)	(20, 37.62315691047736)	(25, 37.27474568347064)	(30, 38.29691273436619)	(35, 37.45630914572216)	(40, 37.88592432571861)	(45, 37.041954569636786)	(50, 37.1191217011398)	(55, 35.80468490544745)	(60, 36.83540924406326)	(65, 37.29236002514953)	(70, 37.30750133002305)	(75, 37.24759709168292)	(80, 36.41316803430654)	(85, 37.231266020732235)	(90, 36.61337438939851)	(95, 36.12718244691999)	(100, 36.80130906511471)	(105, 36.714256234986856)	(110, 36.727269502974416)	(115, 36.34448080736429)	(120, 36.099253574940754)	(125, 35.599677570168794)	(130, 35.3987457479566)	(135, 35.28677876477131)	(140, 35.618446210643405)	(145, 36.55544987022199)	(150, 36.08930661464799)	(155, 35.03741798191169)	(160, 35.525502587499396)	(165, 34.54626706862919)	(170, 34.947018330135904)	(175, 35.09771558464588)	(180, 34.48182624256396)	(185, 34.76064099050444)	(190, 34.48827806348643)	(195, 33.31200245046672)	(200, 33.05933031324058)	(205, 34.098202453691016)	(210, 32.94753744216415)	(215, 34.085434232375185)	(220, 33.86281255541762)	(225, 33.25740540714827)	(230, 32.4446823260088)	(235, 31.63797900981799)	(240, 32.409141020860595)	(245, 32.62678970120979)	(250, 29.261921541072454)
SRR19621220_2	(1, 31.39529897306099)	(2, 32.47648680455916)	(3, 32.58129262119331)	(4, 30.90760773186735)	(5, 32.01797546308985)	(6, 36.15670089796708)	(7, 35.8334166277064)	(8, 34.89353366973512)	(9, 35.009543923003754)	(10, 35.97825210788502)	(15, 36.127682213158366)	(20, 35.50300343387771)	(25, 36.82892518015767)	(30, 36.01382256686388)	(35, 36.89797030421254)	(40, 35.78255332183333)	(45, 36.7434545465524)	(50, 35.081788869542784)	(55, 35.79526020506868)	(60, 36.1016637647514)	(65, 35.74723350744825)	(70, 36.37545492098739)	(75, 37.484150450610215)	(80, 37.690389669015104)	(85, 37.07547680848663)	(90, 37.03795121479355)	(95, 37.607777258290746)	(100, 36.10877198639302)	(105, 34.60094797426927)	(110, 36.95811823883148)	(115, 35.82814580747094)	(120, 37.53893304528673)	(125, 35.55632869556806)	(130, 37.40901542876489)	(135, 34.47184613152338)	(140, 35.05299305141309)	(145, 36.04281904197947)	(150, 35.5189565666011)	(155, 34.97546773162814)	(160, 32.95672346438115)	(165, 30.385747448647777)	(170, 34.065929282017386)	(175, 34.01334709211397)	(180, 34.974679544025406)	(185, 33.81048712225042)	(190, 34.19347247129159)	(195, 33.118078023421326)	(200, 32.81990149716762)	(205, 32.08961691731611)	(210, 33.70306517668443)	(215, 32.442959835184126)	(220, 32.31567591748238)	(225, 32.69432316544409)	(230, 30.041867067066665)	(235, 29.932262434681633)	(240, 30.54076675889353)	(245, 33.220791276689305)	(250, 28.67817936657805)
SRR19621221_1	(1, 32.611354562274805)	(2, 32.495252702307916)	(3, 27.844556431979743)	(4, 32.16783523225241)	(5, 31.76777193494985)	(6, 35.05166033693641)	(7, 34.842316681273736)	(8, 32.67404323692667)	(9, 32.53028532476385)	(10, 33.93589443957542)	(15, 37.35727918979453)	(20, 37.698174116272284)	(25, 37.21189989288148)	(30, 38.28325542896095)	(35, 37.436819553997466)	(40, 37.90346674457104)	(45, 36.89525270230792)	(50, 37.12010419709806)	(55, 35.96945174797936)	(60, 37.05818969714675)	(65, 37.63148310448925)	(70, 37.73364008179959)	(75, 37.30223001265946)	(80, 36.51964650891031)	(85, 37.451718765215695)	(90, 36.866671535689946)	(95, 36.39636283961437)	(100, 37.50182101470445)	(105, 37.261573668322136)	(110, 37.42568409776999)	(115, 36.5366832213458)	(120, 36.97008959002824)	(125, 36.28751582432564)	(130, 36.16333138572402)	(135, 35.88106923751095)	(140, 35.628167299639685)	(145, 36.88245690914402)	(150, 36.488635699678646)	(155, 35.740466452429644)	(160, 35.88877690135359)	(165, 35.26718765215698)	(170, 35.354343168760344)	(175, 35.36019086571234)	(180, 34.592117051319505)	(185, 35.05804362644854)	(190, 34.95788294868049)	(195, 33.33368390300905)	(200, 33.16026390106145)	(205, 34.43364495082287)	(210, 33.24674262342974)	(215, 34.293222319602684)	(220, 34.11580484954718)	(225, 33.907128250073036)	(230, 32.64715162138475)	(235, 32.240602785081315)	(240, 32.855758796469914)	(245, 33.046455477194115)	(250, 27.09593047397469)
SRR19621221_2	(1, 31.0154834940111)	(2, 31.872042068361086)	(3, 32.213701431492844)	(4, 31.35492745155322)	(5, 31.878104002337132)	(6, 36.54211705131951)	(7, 36.14925990846236)	(8, 35.19919174213653)	(9, 35.08011977797254)	(10, 36.33137111695394)	(15, 36.448105949946445)	(20, 35.65135845749343)	(25, 36.76727042555263)	(30, 36.08270036030772)	(35, 36.94614860259031)	(40, 35.98873308014412)	(45, 36.618823643977024)	(50, 35.27669198558769)	(55, 36.29752166715357)	(60, 36.280110039925994)	(65, 35.970892978868434)	(70, 36.67128736975363)	(75, 37.42360502483202)	(80, 37.71086279092414)	(85, 37.19940596469872)	(90, 37.14479367011565)	(95, 37.56251734631771)	(100, 36.325346317711514)	(105, 34.78052343274498)	(110, 37.13524041387706)	(115, 35.31974193548387)	(120, 37.503357273280585)	(125, 35.37768341478276)	(130, 37.07270956589487)	(135, 34.305173715092636)	(140, 34.750288510700464)	(145, 36.365597837995765)	(150, 35.90924451586201)	(155, 35.45298858130646)	(160, 33.36572444184744)	(165, 31.88656977577174)	(170, 34.92620733647492)	(175, 33.94128822425527)	(180, 35.90955928901875)	(185, 34.22616995373752)	(190, 34.57243273061759)	(195, 33.22830914580695)	(200, 33.78006389448061)	(205, 33.11431632777304)	(210, 34.06676250184161)	(215, 33.595870297862476)	(220, 32.87197769886826)	(225, 32.89767169995129)	(230, 30.691800971614544)	(235, 30.965279232324217)	(240, 31.695763858338864)	(245, 33.27232117859255)	(250, 29.578022813978)
SRR19621222_1	(1, 32.50873803157078)	(2, 32.46260674544984)	(3, 27.847373414991804)	(4, 32.17453635814716)	(5, 31.81381868368843)	(6, 35.35097041318037)	(7, 35.09459156387475)	(8, 32.32027947899594)	(9, 32.272284999568704)	(10, 33.64464763219184)	(15, 37.39762270335547)	(20, 37.6778366255499)	(25, 37.24624169757612)	(30, 38.2726265850082)	(35, 37.417168981281804)	(40, 37.91317174156819)	(45, 37.05826274475977)	(50, 37.146612611058394)	(55, 35.58054688173898)	(60, 36.662368670749586)	(65, 37.363101871819204)	(70, 37.53263521090313)	(75, 37.27907185370482)	(80, 36.43387216423704)	(85, 37.360158716466835)	(90, 36.60664193910119)	(95, 36.183638402484256)	(100, 37.002435952730096)	(105, 36.8687759855085)	(110, 36.99231605279047)	(115, 36.17854567411369)	(120, 36.64197705511946)	(125, 35.74885879409989)	(130, 35.66540843612525)	(135, 35.63830932459243)	(140, 35.80935737082723)	(145, 36.90837229362546)	(150, 36.461119641162774)	(155, 35.711194686448714)	(160, 35.96264987492452)	(165, 35.31994134391444)	(170, 35.43288881221427)	(175, 35.39206417665833)	(180, 35.06732683515914)	(185, 35.2340550332097)	(190, 35.05516432329854)	(195, 33.659863710859995)	(200, 33.18902786164064)	(205, 34.84544811524196)	(210, 33.232964720089704)	(215, 34.487618390408)	(220, 34.26316915379971)	(225, 33.944404381954634)	(230, 32.73831450012939)	(235, 32.3643267489002)	(240, 32.66699194538707)	(245, 32.91045647756567)	(250, 29.18500917561312)
SRR19621222_2	(1, 30.15126369360821)	(2, 32.08282584318123)	(3, 32.326058828603465)	(4, 31.676183904080048)	(5, 31.694212024497542)	(6, 35.911860605537825)	(7, 35.42996635900975)	(8, 33.14410420081084)	(9, 34.58378331751919)	(10, 35.83119468644872)	(15, 35.90836884326749)	(20, 35.21132752523074)	(25, 36.39552488570689)	(30, 35.73808332614509)	(35, 36.37553696195981)	(40, 34.9812645561977)	(45, 36.215919951694985)	(50, 34.655278185111705)	(55, 35.59769861123091)	(60, 35.88341240403692)	(65, 35.3295367894419)	(70, 36.063041490554646)	(75, 37.13742430777193)	(80, 37.22235141895972)	(85, 36.6496195980333)	(90, 36.653294229276284)	(95, 37.297538169585096)	(100, 35.733045803502115)	(105, 33.59927542482532)	(110, 36.583107047356165)	(115, 34.88910621988488)	(120, 37.13732898573228)	(125, 34.28893949588531)	(130, 36.57655745906872)	(135, 33.20199883999513)	(140, 33.44421498067094)	(145, 35.16050206297167)	(150, 34.56159080089638)	(155, 33.95692801250984)	(160, 31.532929548571104)	(165, 29.691148151982606)	(170, 33.73630120440349)	(175, 32.652382924388306)	(180, 34.66817935947029)	(185, 32.80198624868116)	(190, 32.90330119727648)	(195, 31.4669067241288)	(200, 31.902502329755286)	(205, 31.2074134020541)	(210, 32.78250461083057)	(215, 32.47321746214477)	(220, 31.521795637197197)	(225, 31.355257162581985)	(230, 28.981473092136497)	(235, 29.492978458989228)	(240, 30.16443881789926)	(245, 32.48171850522096)	(250, 28.30961033138467)
SRR19621223_1	(1, 32.494068486290224)	(2, 32.45257919118568)	(3, 27.929275698009263)	(4, 32.16601978214599)	(5, 31.746447351946912)	(6, 35.17533178915738)	(7, 34.977885939651934)	(8, 32.41550331789158)	(9, 32.661465506447975)	(10, 33.76653937648679)	(15, 37.34755227244272)	(20, 37.604582446475526)	(25, 37.21066420433203)	(30, 38.223287842744455)	(35, 37.38515087016402)	(40, 37.894156128709156)	(45, 36.93872229873544)	(50, 36.98826843620884)	(55, 35.10491110554651)	(60, 36.316129335169656)	(65, 37.017850882684364)	(70, 37.1790691123075)	(75, 36.97554776511832)	(80, 35.86739389007137)	(85, 36.93477525979717)	(90, 36.17117503443095)	(95, 35.385945912107175)	(100, 36.335936521848005)	(105, 36.34740828846876)	(110, 36.251001627644925)	(115, 35.409831601352195)	(120, 35.85837298109428)	(125, 35.069378364842876)	(130, 35.05106109928634)	(135, 34.81103668461249)	(140, 35.28339489169902)	(145, 36.115825716789786)	(150, 35.72909728308501)	(155, 34.79624076624515)	(160, 35.21186302741956)	(165, 34.342769500438216)	(170, 34.711136847376984)	(175, 34.68928884437211)	(180, 34.3116877425817)	(185, 34.37850569675723)	(190, 34.218946412921)	(195, 33.03241204457243)	(200, 32.687980468260925)	(205, 33.99874796544385)	(210, 32.48781770376863)	(215, 33.87614874170527)	(220, 33.611825466382875)	(225, 33.277360085138355)	(230, 32.253286590709905)	(235, 31.57505321146864)	(240, 32.343609727448744)	(245, 32.35376463671729)	(250, 29.648405613221513)
SRR19621223_2	(1, 31.22189182421435)	(2, 31.62858394891699)	(3, 32.191248278452484)	(4, 30.725287967947914)	(5, 32.35244772755728)	(6, 36.448416176286464)	(7, 35.712157255540255)	(8, 34.32729748341054)	(9, 34.70497370727432)	(10, 35.71125579065982)	(15, 35.859637535995994)	(20, 35.4831726555653)	(25, 36.538863152623016)	(30, 35.876802929760856)	(35, 36.59799361462376)	(40, 35.13829034681358)	(45, 36.302720045073244)	(50, 34.785823838737954)	(55, 35.66355014398397)	(60, 36.04290096406661)	(65, 35.432139727056466)	(70, 36.17888130712408)	(75, 37.06194440966571)	(80, 37.437382621760364)	(85, 36.90605984725179)	(90, 36.886133717290605)	(95, 37.4392575435082)	(100, 35.93277200450733)	(105, 33.96688368598973)	(110, 36.712986728433705)	(115, 35.163188313786335)	(120, 37.38439940527427)	(125, 34.81004773456452)	(130, 36.83926503271043)	(135, 33.267361567596325)	(140, 33.41930534528949)	(145, 35.51090729813908)	(150, 34.813292280021365)	(155, 34.035829158182004)	(160, 31.765734856785098)	(165, 29.743421505712945)	(170, 33.57150727813429)	(175, 32.9393081859446)	(180, 34.41730646908857)	(185, 32.85450874569479)	(190, 33.05727457529757)	(195, 31.662614657358414)	(200, 32.12391134207808)	(205, 31.356897550285673)	(210, 32.9425613758166)	(215, 32.347730298598314)	(220, 31.848341395450774)	(225, 31.895564525774926)	(230, 29.542516951900826)	(235, 29.60541862051888)	(240, 30.125983531302957)	(245, 32.656609120220914)	(250, 28.192490510554375)
SRR19621224_1	(1, 32.480007622193284)	(2, 32.515784291930004)	(3, 28.0852574078191)	(4, 32.20046368342491)	(5, 31.78448248483501)	(6, 34.49874551402166)	(7, 34.02192968526693)	(8, 32.73744720043192)	(9, 32.57471337377331)	(10, 34.10488773144473)	(15, 37.26445199606187)	(20, 37.665700130212464)	(25, 37.30249944421507)	(30, 38.31059802458158)	(35, 37.47470067011783)	(40, 37.97089592530251)	(45, 37.00869565217391)	(50, 37.09953314066123)	(55, 35.50139422618859)	(60, 37.13127322387017)	(65, 37.08966875218344)	(70, 37.66969860577381)	(75, 37.2726299742751)	(80, 36.34623495410805)	(85, 37.324584749261604)	(90, 36.66057102931369)	(95, 36.55236129196176)	(100, 37.34547273477943)	(105, 36.776463302315236)	(110, 37.304462158986254)	(115, 36.50216914917267)	(120, 37.043738685806844)	(125, 36.00565312668721)	(130, 35.984088671515224)	(135, 35.79274621272271)	(140, 35.71847111506336)	(145, 36.643608473338205)	(150, 36.31454568552101)	(155, 35.847756216851394)	(160, 35.94796582716677)	(165, 35.600444627941684)	(170, 35.52924699082161)	(175, 35.1865881157303)	(180, 34.565566741829954)	(185, 34.91537777495474)	(190, 35.054165211039475)	(195, 33.48029663035538)	(200, 33.42765268205926)	(205, 34.70032076730079)	(210, 33.15237399561724)	(215, 34.30581509829453)	(220, 34.21209388001397)	(225, 34.12390192777972)	(230, 32.95433353447454)	(235, 32.13237209006892)	(240, 32.59191412328897)	(245, 32.98036045240723)	(250, 28.254256718202075)
SRR19621224_2	(1, 30.61750881316099)	(2, 31.65225331089021)	(3, 31.78627687617112)	(4, 30.466732302219963)	(5, 31.836916822815766)	(6, 35.96666878394258)	(7, 35.38387270937212)	(8, 33.50644710515451)	(9, 33.67546924127418)	(10, 35.87480229936163)	(15, 35.99857401467272)	(20, 35.65147521199225)	(25, 36.727919458824275)	(30, 35.981277987740974)	(35, 36.77734072683137)	(40, 35.30387308846649)	(45, 36.67367284391723)	(50, 35.249437060327445)	(55, 36.377358550489895)	(60, 36.02731011703428)	(65, 35.60717450335858)	(70, 36.55626697155924)	(75, 37.145614787289794)	(80, 37.51366956742679)	(85, 36.94452455059392)	(90, 37.21092549069427)	(95, 37.47488089944737)	(100, 36.210236295496415)	(105, 34.59188528234771)	(110, 37.03715937241948)	(115, 34.71680746998666)	(120, 37.05975410622998)	(125, 34.987866060760474)	(130, 37.0568011815713)	(135, 33.830415932154935)	(140, 34.800750042299576)	(145, 35.62054461002058)	(150, 35.101443659175736)	(155, 35.20917832942878)	(160, 32.9591941345372)	(165, 32.02324857455966)	(170, 34.45600091559473)	(175, 33.333135064548735)	(180, 35.86181263699609)	(185, 34.02233868145516)	(190, 34.39119773866192)	(195, 32.81250596699961)	(200, 32.69243390803567)	(205, 32.752653890933665)	(210, 34.04959560207087)	(215, 33.609918225723405)	(220, 33.20775851585216)	(225, 32.81675430237747)	(230, 30.4079726723864)	(235, 30.637720925966256)	(240, 30.542903446193936)	(245, 32.63525572459757)	(250, 30.0355610286789)
SRR19621225_1	(1, 32.373006833712985)	(2, 32.48934528620766)	(3, 27.88050187376001)	(4, 32.18256300977294)	(5, 31.834300830332868)	(6, 35.18449188037328)	(7, 35.059280623117054)	(8, 32.73148284223676)	(9, 33.06159526783746)	(10, 34.19477551620251)	(15, 37.40475053273569)	(20, 37.68079579689911)	(25, 37.345642589462855)	(30, 38.36158791975898)	(35, 37.508145344992286)	(40, 37.961613638033654)	(45, 37.08671467411272)	(50, 37.21478800793592)	(55, 36.08268792710705)	(60, 37.059670071276365)	(65, 37.52797413476376)	(70, 37.675740318906605)	(75, 37.483022264677786)	(80, 36.65310823719598)	(85, 37.498361378499524)	(90, 37.02372327136454)	(95, 36.75556984348593)	(100, 37.47701153648321)	(105, 37.27581012565214)	(110, 37.51180101403482)	(115, 36.76863105297964)	(120, 36.87823131751047)	(125, 36.22037254757881)	(130, 36.2545337644206)	(135, 35.982103754868106)	(140, 35.60108016753619)	(145, 36.85160555514733)	(150, 36.28597619222573)	(155, 35.72996178999192)	(160, 35.876144463222865)	(165, 35.35170842824601)	(170, 35.4022191197002)	(175, 35.368609008744215)	(180, 34.56636417076935)	(185, 35.09217062238225)	(190, 35.08142773164817)	(195, 33.40504445587479)	(200, 33.33288265118672)	(205, 34.758692776838856)	(210, 33.49445220074951)	(215, 34.50019839811889)	(220, 34.19879491512969)	(225, 34.128753031082375)	(230, 32.726754353736496)	(235, 32.12265557700089)	(240, 32.99704601818683)	(245, 33.16666904166238)	(250, 28.336668576641962)
SRR19621225_2	(1, 31.323444044382395)	(2, 32.45486442795209)	(3, 31.88720699537071)	(4, 30.298681019913293)	(5, 31.239326916011464)	(6, 35.15807553824675)	(7, 35.71180836211331)	(8, 33.826291424792416)	(9, 34.1054816665442)	(10, 35.972209567198185)	(15, 36.226317143067085)	(20, 35.46625762363142)	(25, 36.86266073921669)	(30, 35.87805128958777)	(35, 36.82892571092659)	(40, 35.47821662135352)	(45, 36.79982364611654)	(50, 35.417352487324564)	(55, 36.013079579689915)	(60, 36.16323756337718)	(65, 35.7539642883386)	(70, 36.44582996546403)	(75, 37.42533250055111)	(80, 37.57203321331472)	(85, 37.07953927547946)	(90, 37.11489328213585)	(95, 37.544498943694315)	(100, 36.20582345917149)	(105, 34.33682006062276)	(110, 37.01664939177061)	(115, 35.41327479149061)	(120, 37.572285703788076)	(125, 35.59565345188669)	(130, 37.33201308006026)	(135, 34.20124023525323)	(140, 34.89373335048042)	(145, 35.821388546967725)	(150, 35.65205856956514)	(155, 35.43079559237256)	(160, 33.35739247064876)	(165, 31.39794587245301)	(170, 35.22832050269168)	(175, 33.46924136917339)	(180, 35.92644092086648)	(185, 34.404585959174675)	(190, 34.74908776893821)	(195, 33.11428518933617)	(200, 33.32655850956327)	(205, 32.99544343799952)	(210, 33.94709106629018)	(215, 33.65666881028939)	(220, 32.993255838250185)	(225, 32.604335681477174)	(230, 30.61511389284804)	(235, 30.703601127595427)	(240, 31.408353853504355)	(245, 33.18938019966961)	(250, 30.135358263720242)
SRR19621226_1	(1, 32.41586041782821)	(2, 32.46803974943426)	(3, 27.7766554065134)	(4, 32.186054901446326)	(5, 31.794955888622873)	(6, 35.19730412252796)	(7, 34.967842970056736)	(8, 32.812190482437444)	(9, 32.78416581942212)	(10, 34.02530254829294)	(15, 37.39317175560001)	(20, 37.698209307664555)	(25, 37.32695549506412)	(30, 38.33743399691713)	(35, 37.427752451543085)	(40, 37.944186809222394)	(45, 37.041438457249676)	(50, 37.15094618084025)	(55, 35.75726935817126)	(60, 36.923197008953466)	(65, 37.55309435571152)	(70, 37.75635105440949)	(75, 37.35516053917549)	(80, 36.49780263028434)	(85, 37.47409727460562)	(90, 36.881660162015024)	(95, 36.645055918139775)	(100, 37.61174444918172)	(105, 37.200022957594044)	(110, 37.54670230559837)	(115, 36.67837394641042)	(120, 37.00179725164803)	(125, 36.21461086878095)	(130, 36.14468203732249)	(135, 36.10123643042209)	(140, 35.949299793381655)	(145, 37.11677872158998)	(150, 36.719540192187864)	(155, 36.14939818307042)	(160, 36.216709848807845)	(165, 35.76877439244367)	(170, 35.7350136105736)	(175, 35.650296808894424)	(180, 34.9176314322259)	(185, 35.48873438063691)	(190, 35.42756551113443)	(195, 33.6837230658227)	(200, 33.415158571381724)	(205, 34.944914892919215)	(210, 33.42087501229871)	(215, 34.62395132990063)	(220, 34.384916860713)	(225, 34.32481387950543)	(230, 33.00950772359057)	(235, 32.50691679511987)	(240, 33.096972877242465)	(245, 33.41404289276636)	(250, 28.210359708026953)
SRR19621226_2	(1, 31.642451871043914)	(2, 32.55667246072612)	(3, 32.18248007608803)	(4, 31.04335705618051)	(5, 32.46290708733725)	(6, 36.72498442163261)	(7, 35.97105703322292)	(8, 35.71362041258076)	(9, 35.62093732576826)	(10, 36.485261224623656)	(15, 36.347551736578005)	(20, 35.48661244301597)	(25, 36.9405267128005)	(30, 36.02668984290447)	(35, 36.9538421173461)	(40, 35.712636515693156)	(45, 36.91546685907317)	(50, 35.54109081368273)	(55, 36.13704699747466)	(60, 36.327175232035685)	(65, 36.10325669869797)	(70, 36.66127053884753)	(75, 37.595113312124894)	(80, 37.73656160834345)	(85, 37.14046439933095)	(90, 37.18528599428146)	(95, 37.649956543841526)	(100, 36.30925042226268)	(105, 34.731998491333364)	(110, 37.26869680720225)	(115, 35.58990505239336)	(120, 37.494780341417815)	(125, 35.25036322789065)	(130, 37.16205694595427)	(135, 34.40291247806622)	(140, 35.05849554764755)	(145, 36.133895342710105)	(150, 35.920420479517205)	(155, 35.6973875395641)	(160, 33.462029945717234)	(165, 32.10904891551889)	(170, 35.42379259639749)	(175, 33.76855708990717)	(180, 36.172787041657934)	(185, 34.74956404135671)	(190, 34.97165912222003)	(195, 33.23931081597239)	(200, 33.68905363293423)	(205, 33.28233562694227)	(210, 34.407892665004596)	(215, 34.13587127673534)	(220, 33.357737792576316)	(225, 33.13608804450091)	(230, 31.17597966046092)	(235, 31.38956220291654)	(240, 31.945469457384682)	(245, 33.46199171410173)	(250, 30.787626980541795)
SRR19621227_1	(1, 32.65748289416218)	(2, 32.55819624399476)	(3, 27.705142669966516)	(4, 32.1752984422769)	(5, 31.726852525840734)	(6, 34.06361915853836)	(7, 34.04851506769544)	(8, 32.82624836220702)	(9, 32.21193041199592)	(10, 34.34083927791527)	(15, 37.305204542145866)	(20, 37.7257788615519)	(25, 37.3269325957199)	(30, 38.366221429611294)	(35, 37.48497961857621)	(40, 37.97536031445625)	(45, 37.12137137865774)	(50, 37.15154316494395)	(55, 36.21243630805067)	(60, 37.32465788324355)	(65, 37.82881423788034)	(70, 37.856478381132625)	(75, 37.555546658902315)	(80, 36.5757206289125)	(85, 37.24115955743194)	(90, 37.05467680885136)	(95, 36.864507206289126)	(100, 37.72976051827048)	(105, 37.51055830543019)	(110, 37.66263284320862)	(115, 36.80621633425535)	(120, 37.43226088222449)	(125, 36.723056485660216)	(130, 36.60120104818751)	(135, 36.43455015286068)	(140, 35.815602707817725)	(145, 37.03242830106275)	(150, 36.768474304847864)	(155, 36.165915708254474)	(160, 36.15033847721648)	(165, 36.249417673606054)	(170, 36.273500509535594)	(175, 35.808319988353475)	(180, 34.87735478235551)	(185, 35.1447299461348)	(190, 35.441239627311106)	(195, 33.88896855437473)	(200, 33.89704469355073)	(205, 34.94392196826321)	(210, 33.83701412141506)	(215, 35.004527587712914)	(220, 34.5001055466589)	(225, 34.407704906099866)	(230, 33.254949774348525)	(235, 32.55310088804775)	(240, 32.88093292240556)	(245, 33.71785632963272)	(250, 28.464188351057757)
SRR19621227_2	(1, 31.53228271946426)	(2, 32.477780608531084)	(3, 32.15269689911195)	(4, 31.441166836511865)	(5, 31.754331052554956)	(6, 35.80051681467462)	(7, 35.181303683214445)	(8, 34.188546367739114)	(9, 33.997488717426116)	(10, 36.157177172805355)	(15, 36.51817950211093)	(20, 35.40289707380987)	(25, 36.95953923424079)	(30, 35.97563327995341)	(35, 37.09159994176736)	(40, 36.09044620759936)	(45, 36.727784248071046)	(50, 35.60639831125346)	(55, 36.39889721939147)	(60, 35.945971029261905)	(65, 35.78086693841898)	(70, 36.55903697772602)	(75, 37.414070461493665)	(80, 37.83465569951958)	(85, 37.18258844082108)	(90, 37.440650021837236)	(95, 37.61047823555103)	(100, 36.362589168729066)	(105, 35.14109404571262)	(110, 37.19881714951231)	(115, 35.58285048769835)	(120, 37.70318112986639)	(125, 35.734945678877544)	(130, 37.44039598915397)	(135, 34.67865188986552)	(140, 35.24474977252047)	(145, 36.21167606915378)	(150, 36.266642402183805)	(155, 35.95204731574158)	(160, 33.620138307552324)	(165, 32.33941401273885)	(170, 35.244316651501364)	(175, 33.74888444040037)	(180, 36.06863091230049)	(185, 34.58712277026548)	(190, 35.299802393471445)	(195, 33.90655619097289)	(200, 34.00446628446629)	(205, 33.85254754229416)	(210, 34.636686851018716)	(215, 34.007871014587465)	(220, 33.69204222788496)	(225, 33.26796920353131)	(230, 31.492172949013156)	(235, 30.984717039517996)	(240, 30.584068376266167)	(245, 32.67051721357457)	(250, 30.406493118264116)
SRR19621228_1	(1, 32.61261045052907)	(2, 32.55374713646776)	(3, 27.780080724337296)	(4, 32.193738409512385)	(5, 31.74667830260718)	(6, 34.319122940983966)	(7, 34.30629431657031)	(8, 32.905007090651246)	(9, 32.57610995963783)	(10, 34.41436893203884)	(15, 37.32434166030326)	(20, 37.71262572270099)	(25, 37.30367186647758)	(30, 38.346102323551875)	(35, 37.48871386495037)	(40, 37.93057270644704)	(45, 37.06674375477256)	(50, 37.14843678411694)	(55, 36.19903130795244)	(60, 37.18231482491545)	(65, 37.70866368495691)	(70, 37.78249372750082)	(75, 37.541712664993995)	(80, 36.55257772444638)	(85, 37.269929093487505)	(90, 36.996125231809756)	(95, 36.721108323333695)	(100, 37.591168321151955)	(105, 37.32645794698375)	(110, 37.47361186865932)	(115, 36.75317988436784)	(120, 37.213291153048985)	(125, 36.54366750299989)	(130, 36.49397621904658)	(135, 35.91083669684738)	(140, 35.459482927893525)	(145, 36.584679829824374)	(150, 36.205205628886226)	(155, 35.55821970110178)	(160, 35.710478891676665)	(165, 35.569189484018764)	(170, 35.623174430020725)	(175, 35.24712119559288)	(180, 34.27148685502345)	(185, 34.723425329988004)	(190, 35.030247627359)	(195, 33.3761754118032)	(200, 33.4087967710265)	(205, 34.40154903458056)	(210, 33.28361732300643)	(215, 34.44433293334788)	(220, 34.11371222864623)	(225, 33.955082360641434)	(230, 32.51609032398822)	(235, 31.862843390730994)	(240, 32.36116856482088)	(245, 33.24298194408017)	(250, 27.974684693457824)
SRR19621228_2	(1, 30.811999563652233)	(2, 31.739107668812043)	(3, 32.50402530817061)	(4, 32.19284389658558)	(5, 32.26745936511399)	(6, 36.25713974037308)	(7, 36.1250572706447)	(8, 34.982567906621576)	(9, 35.104941638485876)	(10, 36.20245227446274)	(15, 36.55648303698048)	(20, 35.71634776917203)	(25, 36.92140940329442)	(30, 36.08346896476492)	(35, 37.086327042653)	(40, 35.88619613832224)	(45, 36.54821424675466)	(50, 35.31123377331734)	(55, 36.447007745172904)	(60, 36.15088469510199)	(65, 35.88445947420094)	(70, 36.65822188284062)	(75, 37.280410166903025)	(80, 37.768840405803424)	(85, 37.208225155448886)	(90, 37.35933366152237)	(95, 37.60748352751233)	(100, 36.368713182353716)	(105, 35.057646985174465)	(110, 37.24011520083783)	(115, 35.50626404555669)	(120, 37.66134444614143)	(125, 35.694879235485345)	(130, 37.38486679903126)	(135, 34.58203477843475)	(140, 35.244227414060205)	(145, 36.206921230634954)	(150, 36.14370499672704)	(155, 35.84495745145101)	(160, 33.75915775692778)	(165, 32.57353698450796)	(170, 35.16900814341726)	(175, 33.86447150213843)	(180, 36.033758839058535)	(185, 34.37641128592315)	(190, 35.02746808291147)	(195, 33.54174231843575)	(200, 34.01760687864173)	(205, 33.44086747823669)	(210, 34.509890445637474)	(215, 33.791627195833776)	(220, 33.395787957486746)	(225, 33.15941920646919)	(230, 31.195255243457957)	(235, 30.97716158730044)	(240, 30.65029027892968)	(245, 32.551564390161104)	(250, 29.97846989561271)
SRR19621229_1	(1, 32.764731612822594)	(2, 32.514611843612656)	(3, 27.75644150055198)	(4, 32.17959132662626)	(5, 31.79033097960799)	(6, 35.232643879272636)	(7, 34.933908225541046)	(8, 32.97273427898936)	(9, 32.59745047803537)	(10, 33.946830802557855)	(15, 37.38109104542899)	(20, 37.72566393801162)	(25, 37.22750317648774)	(30, 38.28584640379928)	(35, 37.41369743173155)	(40, 37.88633381241017)	(45, 36.9067674810973)	(50, 37.210802141265184)	(55, 35.80961902976525)	(60, 36.69827740631965)	(65, 37.77135953675352)	(70, 37.93221271011685)	(75, 37.37725843071091)	(80, 36.148851257055966)	(85, 37.261242683663475)	(90, 36.930629673602866)	(95, 36.495794538524024)	(100, 37.684554979274715)	(105, 37.362019621321)	(110, 37.47993084629965)	(115, 36.40923993417901)	(120, 36.994346893290846)	(125, 36.106521693849075)	(130, 35.879785040304945)	(135, 36.20182465787665)	(140, 36.14786810806307)	(145, 37.2173967381116)	(150, 36.957316336520236)	(155, 36.05437313836988)	(160, 36.27184902830719)	(165, 35.681130621341836)	(170, 35.74684746610011)	(175, 35.85335249640692)	(180, 35.36505655189652)	(185, 35.63846778728988)	(190, 35.455447936845175)	(195, 34.02784061321836)	(200, 33.45497302589098)	(205, 35.13187527338624)	(210, 33.66891624487075)	(215, 34.68882501197692)	(220, 34.63176904330438)	(225, 34.596913078797726)	(230, 33.415784540398676)	(235, 32.88929159115999)	(240, 33.32971317877898)	(245, 33.387418511472575)	(250, 27.732853961555264)
SRR19621229_2	(1, 31.740027911433273)	(2, 32.04030494282322)	(3, 32.22970692995064)	(4, 31.718136182799057)	(5, 31.906434210252243)	(6, 35.43418942281656)	(7, 35.74027786456706)	(8, 34.13645358162011)	(9, 34.7051177904143)	(10, 36.20002916119894)	(15, 36.3987002437043)	(20, 35.38574017371743)	(25, 36.59420108729613)	(30, 36.14903872190631)	(35, 36.92698556340591)	(40, 35.90676359697544)	(45, 36.63983585727082)	(50, 35.400074989064095)	(55, 36.12112816880872)	(60, 36.43868602495469)	(65, 36.223025808736224)	(70, 36.689924386027045)	(75, 37.5882475472327)	(80, 37.89692753140167)	(85, 37.139083883600314)	(90, 37.1343762367988)	(95, 37.625935920701465)	(100, 36.24689413823272)	(105, 34.72768820564096)	(110, 37.337120359955)	(115, 35.33943257092863)	(120, 37.654805649293834)	(125, 35.05076032162646)	(130, 36.89500062492188)	(135, 34.17759248664899)	(140, 34.51730244123235)	(145, 36.26992223595461)	(150, 36.039481688262995)	(155, 35.67734261072455)	(160, 32.82745302279072)	(165, 31.570538727553014)	(170, 34.84755419535624)	(175, 33.46396116747568)	(180, 35.64891564759067)	(185, 34.08738492850546)	(190, 34.12326923477572)	(195, 32.89643534240297)	(200, 33.514226967124486)	(205, 33.30782329628765)	(210, 34.06734311192599)	(215, 33.31917074695281)	(220, 32.34572217158634)	(225, 32.629257823894655)	(230, 30.63152908844533)	(235, 31.02129521586931)	(240, 31.70773045507584)	(245, 33.286711674730114)	(250, 29.420415820303784)
SRR19621230_1	(1, 32.43379180835406)	(2, 32.457459946877805)	(3, 27.818420206736707)	(4, 32.178839093877414)	(5, 31.750393341115565)	(6, 35.24407450642034)	(7, 34.99010302999543)	(8, 32.66994873877074)	(9, 32.629311949110964)	(10, 33.89268977651458)	(15, 37.380260197262686)	(20, 37.64625691519058)	(25, 37.20737281970596)	(30, 38.27775465665127)	(35, 37.40339373022721)	(40, 37.841198463854916)	(45, 36.64634488825729)	(50, 37.09017916053393)	(55, 35.36412729026037)	(60, 36.50011673349236)	(65, 37.415990796663785)	(70, 37.59050905953408)	(75, 37.10902231470673)	(80, 36.06559407196873)	(85, 37.32973658833681)	(90, 36.631101862660515)	(95, 36.208357441337185)	(100, 37.30559474868463)	(105, 36.993452773689285)	(110, 36.874100390803434)	(115, 36.01515843610956)	(120, 36.59508704258235)	(125, 35.81414336226294)	(130, 35.850317210577074)	(135, 35.63877243736148)	(140, 35.450997310054305)	(145, 36.63037777664992)	(150, 36.07638769053782)	(155, 35.39098276066251)	(160, 35.631024040332264)	(165, 34.823272259723566)	(170, 34.90460674347392)	(175, 35.006083675920756)	(180, 34.22781979055643)	(185, 34.842172934747666)	(190, 34.70094232688761)	(195, 32.931218596152874)	(200, 32.54456681723595)	(205, 34.16468896445549)	(210, 32.70585190072578)	(215, 34.06424402375273)	(220, 33.72632594021215)	(225, 33.74465140672317)	(230, 32.417191967382294)	(235, 32.013551235852404)	(240, 32.57047721652944)	(245, 32.90435924439698)	(250, 27.44843035031508)
SRR19621230_2	(1, 30.563941193388487)	(2, 30.59523930365934)	(3, 31.73306941413321)	(4, 29.923869461503326)	(5, 31.511512629210443)	(6, 35.273782334331486)	(7, 35.781809876668525)	(8, 33.55172647143413)	(9, 34.79072560862136)	(10, 36.35230167994722)	(15, 36.15754961173426)	(20, 35.52073626689675)	(25, 36.305381583176846)	(30, 35.813950498232074)	(35, 36.78121098309902)	(40, 35.16841090189312)	(45, 36.244277521189666)	(50, 34.8523811940652)	(55, 35.99830482667614)	(60, 36.203677950904265)	(65, 35.95466680200985)	(70, 36.664172968583465)	(75, 37.08046152024226)	(80, 37.458881050263074)	(85, 37.046859567001675)	(90, 36.94092846991947)	(95, 37.35578865447409)	(100, 36.11183785338454)	(105, 34.03326171181078)	(110, 37.00316042364565)	(115, 34.787020671737274)	(120, 37.30664749175197)	(125, 34.73649606632265)	(130, 36.818086456306574)	(135, 33.9001901094)	(140, 34.14923107953785)	(145, 35.93870979097335)	(150, 35.32225249158192)	(155, 35.008930777170505)	(160, 32.4697067632278)	(165, 31.541967579275102)	(170, 34.25345358556973)	(175, 33.35929112656347)	(180, 35.42767991607018)	(185, 33.54442510649753)	(190, 34.133995348959374)	(195, 32.01365643984905)	(200, 32.51475222827014)	(205, 32.07917618588279)	(210, 33.83839612115998)	(215, 32.84509392452191)	(220, 32.00022338805213)	(225, 32.16217176655489)	(230, 29.57801717329182)	(235, 30.182974258297087)	(240, 31.184401450360394)	(245, 32.77819795471207)	(250, 28.486677482803657)
SRR19621231_1	(1, 32.39695821686038)	(2, 32.4179417390025)	(3, 27.858264675592174)	(4, 32.1494225393556)	(5, 31.70812490804767)	(6, 35.16211196115933)	(7, 34.89712373105782)	(8, 32.65482933647197)	(9, 32.58124908047668)	(10, 33.83568486096807)	(15, 37.341007061939095)	(20, 37.54295277328233)	(25, 37.18163160217743)	(30, 38.197473149919084)	(35, 37.3744850669413)	(40, 37.81771737531263)	(45, 36.58573267618067)	(50, 36.98082242165661)	(55, 35.327865234662355)	(60, 36.54065764307783)	(65, 37.28228998087392)	(70, 37.43823010151537)	(75, 36.874157716639694)	(80, 35.86153817860821)	(85, 37.09426217448875)	(90, 36.31192437840224)	(95, 35.843706782404006)	(100, 36.81426364572605)	(105, 36.632690893041044)	(110, 36.463322053847286)	(115, 35.6131160806238)	(120, 36.23893629542445)	(125, 35.37089156981021)	(130, 35.595251581580115)	(135, 35.01354641753715)	(140, 34.804465205237605)	(145, 36.05691113726644)	(150, 35.50228409592467)	(155, 34.801213770781224)	(160, 35.16291010740032)	(165, 34.28843975283213)	(170, 34.364443872296604)	(175, 34.444159187877)	(180, 33.6683941444755)	(185, 34.2685191996469)	(190, 34.16188024128292)	(195, 32.474977931440336)	(200, 32.111777254671175)	(205, 33.48923422097984)	(210, 32.116808886273354)	(215, 33.416639693982646)	(220, 33.11608797999118)	(225, 33.140139031925855)	(230, 32.16506547006032)	(235, 31.862483448580257)	(240, 32.22330850574713)	(245, 32.424015524678246)	(250, 27.491029106746087)
SRR19621231_2	(1, 30.554031190230983)	(2, 32.1341032808592)	(3, 31.996836839782258)	(4, 30.871321906723555)	(5, 31.787038399293806)	(6, 35.92686111519788)	(7, 35.422134765337645)	(8, 34.69549065764308)	(9, 34.584062821833164)	(10, 35.02195821686038)	(15, 35.63291893482419)	(20, 35.21221862586435)	(25, 36.2120715021333)	(30, 35.42976313079299)	(35, 36.45459393850228)	(40, 34.67681004601422)	(45, 36.059714942528736)	(50, 34.31021977011494)	(55, 35.59348965517241)	(60, 35.906103245254556)	(65, 35.381035053518225)	(70, 36.079677787177694)	(75, 36.61216390186486)	(80, 37.10856166927801)	(85, 36.66768432861898)	(90, 36.56900299781141)	(95, 37.020789730196974)	(100, 35.64492670994795)	(105, 33.43286189836867)	(110, 36.49733139609732)	(115, 34.44203634223497)	(120, 37.04142295627006)	(125, 34.63659303672914)	(130, 36.648753035361416)	(135, 33.0993341916498)	(140, 33.672753356630494)	(145, 35.38889461099871)	(150, 34.83827478388818)	(155, 34.310638219606396)	(160, 31.979309778604573)	(165, 30.609115488605642)	(170, 33.748082040607514)	(175, 32.63689490882068)	(180, 34.90718095868742)	(185, 33.25258801456793)	(190, 33.78134381795889)	(195, 31.776517116421097)	(200, 31.994128359362065)	(205, 31.627587275186205)	(210, 33.10499981604797)	(215, 32.46671818043017)	(220, 31.750619737584294)	(225, 31.7881166143146)	(230, 29.45270076731335)	(235, 29.529612662649402)	(240, 30.46035618353755)	(245, 32.59967732894637)	(250, 28.586138524930938)
SRR19621232_1	(1, 32.52585531140162)	(2, 32.45141224365944)	(3, 27.767441272410043)	(4, 32.18228942776949)	(5, 31.786355475763017)	(6, 35.055604723493566)	(7, 34.933673856424)	(8, 32.653804334083496)	(9, 32.99206008041065)	(10, 34.088825953928236)	(15, 37.35615849495537)	(20, 37.69690747717905)	(25, 37.18613295572357)	(30, 38.29719574177561)	(35, 37.48518471691911)	(40, 37.90962146306926)	(45, 36.93408349558753)	(50, 37.15295724075151)	(55, 36.23198725567046)	(60, 37.18739221685589)	(65, 37.684840822312694)	(70, 37.61737679217134)	(75, 37.37503729739298)	(80, 36.72351885098743)	(85, 37.51102738513667)	(90, 37.01977393986901)	(95, 36.47530280425822)	(100, 37.400288264596554)	(105, 37.27825625205452)	(110, 37.4999367840797)	(115, 36.85052216350165)	(120, 37.024163653374465)	(125, 36.456479631830476)	(130, 36.299997471363184)	(135, 35.9624800869851)	(140, 35.427895921308824)	(145, 36.910273851366725)	(150, 36.41529319543834)	(155, 35.6494904796824)	(160, 35.854446607833715)	(165, 35.182805269679115)	(170, 35.32218878802438)	(175, 35.3946848054214)	(180, 34.58164209674565)	(185, 35.03454117885048)	(190, 34.875292689710975)	(195, 33.19051255468177)	(200, 33.258912180443524)	(205, 34.52884921738691)	(210, 33.43605836093762)	(215, 34.33324398816598)	(220, 34.2095228462336)	(225, 34.15011505297495)	(230, 32.66220446557261)	(235, 32.048322249475305)	(240, 32.66597380266019)	(245, 32.97651310991885)	(250, 28.04975247640244)
SRR19621232_2	(1, 32.256783068247906)	(2, 32.07924747768478)	(3, 31.81940475889448)	(4, 31.80304447872152)	(5, 31.545275242116976)	(6, 35.34604394770779)	(7, 34.993804839810856)	(8, 33.19642450754798)	(9, 34.69236604546489)	(10, 35.50712822717273)	(15, 36.06306925936228)	(20, 34.87473133233873)	(25, 36.44385667686551)	(30, 35.39620198750853)	(35, 36.55632538498496)	(40, 35.43845550863529)	(45, 36.406073785622176)	(50, 34.70991984221306)	(55, 35.74160871873973)	(60, 35.883293296583815)	(65, 35.41888884140582)	(70, 36.18623881049917)	(75, 37.23944773175542)	(80, 37.47009558488848)	(85, 36.91322510494108)	(90, 36.78663834521823)	(95, 37.35932070637851)	(100, 35.90043241876343)	(105, 34.04752054621318)	(110, 36.61097483879125)	(115, 34.864132661334025)	(120, 37.39198361319037)	(125, 35.49613594982804)	(130, 37.100763706251264)	(135, 33.84384988873154)	(140, 34.4359852316407)	(145, 35.8218799787573)	(150, 35.35802038287434)	(155, 34.88478365323825)	(160, 32.834914774164176)	(165, 30.613247009433245)	(170, 34.56566514921599)	(175, 33.423960546282245)	(180, 35.43919069296915)	(185, 33.8582650480526)	(190, 34.16979261507335)	(195, 33.091062215478004)	(200, 33.286737481031864)	(205, 32.62444107233182)	(210, 33.44124936772889)	(215, 32.84103380665522)	(220, 32.33645446037889)	(225, 32.33014644510206)	(230, 30.081862559121834)	(235, 29.761949566229106)	(240, 30.985208417644678)	(245, 33.05252810544758)	(250, 29.323695982024248)
SRR19621233_1	(1, 32.59424030772345)	(2, 32.45586597833789)	(3, 27.998304484259542)	(4, 32.21064885109829)	(5, 31.774977224415426)	(6, 35.21006680838141)	(7, 35.00488409758073)	(8, 32.508426966292134)	(9, 32.87936532037656)	(10, 33.91126632250227)	(15, 37.326657556432835)	(20, 37.56992104464015)	(25, 36.8166767891487)	(30, 38.09898269055572)	(35, 37.36557343860714)	(40, 37.68248304484259)	(45, 36.439953436582655)	(50, 37.00534973175423)	(55, 35.26589735803219)	(60, 35.78727604008503)	(65, 36.68728616256707)	(70, 36.85514222087256)	(75, 36.975549144650266)	(80, 35.80365927725478)	(85, 37.011018321692475)	(90, 35.95985423625873)	(95, 35.33698248810608)	(100, 35.73900192327158)	(105, 35.47503795930762)	(110, 35.871819010021255)	(115, 34.865335560279384)	(120, 35.326439923069145)	(125, 34.1961787630327)	(130, 34.75600263184533)	(135, 33.67383844518677)	(140, 34.73876404494382)	(145, 35.36831663123799)	(150, 34.715163478084825)	(155, 33.89573337382326)	(160, 34.46533049903836)	(165, 33.49223099503998)	(170, 34.28520599250937)	(175, 33.9872051827108)	(180, 33.79480716671728)	(185, 33.94316226338698)	(190, 33.962556938961434)	(195, 32.847727502783684)	(200, 31.89285352768499)	(205, 33.682518473529704)	(210, 32.22341836218241)	(215, 33.321662111549756)	(220, 33.481789654823366)	(225, 33.24579916995647)	(230, 31.764632047778115)	(235, 31.50546107905659)	(240, 32.4826399433141)	(245, 31.756717746555626)	(250, 29.761067441728486)
SRR19621233_2	(1, 31.28236663629922)	(2, 31.840849276242533)	(3, 32.039756048183015)	(4, 31.24473630934305)	(5, 32.43539325842696)	(6, 36.12880858386476)	(7, 35.52563518574755)	(8, 32.70166514829436)	(9, 34.40107804433647)	(10, 35.66023889057597)	(15, 36.10171069946351)	(20, 35.719339001923274)	(25, 36.15074400242939)	(30, 35.914829436177754)	(35, 36.711843303978135)	(40, 34.69290414009515)	(45, 35.939163882984104)	(50, 34.81378682052839)	(55, 36.16030468670918)	(60, 36.126875189796536)	(65, 35.547681951614535)	(70, 36.269283328272095)	(75, 36.85275837635388)	(80, 37.19459965583561)	(85, 36.89455410466646)	(90, 37.03184532847454)	(95, 37.21408543374835)	(100, 35.94591051725883)	(105, 34.001553800992)	(110, 36.803851604413396)	(115, 34.471677295272805)	(120, 37.037878327765966)	(125, 34.80336572527584)	(130, 36.652039011642906)	(135, 33.57735992306524)	(140, 33.56467581110493)	(145, 35.04548767525434)	(150, 33.738990439737066)	(155, 33.242419631620635)	(160, 32.27056262812887)	(165, 31.065460251575512)	(170, 32.55490369770443)	(175, 32.7035847337728)	(180, 34.54311819792458)	(185, 31.99027081751455)	(190, 31.26064347573373)	(195, 30.50562656609886)	(200, 31.383498417049232)	(205, 31.08910600384732)	(210, 32.50254631973271)	(215, 31.015223324172876)	(220, 31.019343897129552)	(225, 31.293364919815026)	(230, 29.27992406024554)	(235, 29.570287305404378)	(240, 30.196577648398936)	(245, 32.65774984331103)	(250, 27.258758147372163)
SRR19621234_1	(1, 32.66864741325577)	(2, 32.44627051734885)	(3, 28.127965925618117)	(4, 32.24039060876792)	(5, 31.724974028672346)	(6, 34.75017660502805)	(7, 34.36145854976106)	(8, 32.47571161437773)	(9, 32.81327654269686)	(10, 34.178229794307086)	(15, 37.25528360689798)	(20, 37.5832661541658)	(25, 36.946008726366095)	(30, 38.14817369623935)	(35, 37.423195512154585)	(40, 37.693006440889256)	(45, 36.74873052150426)	(50, 37.07549968834407)	(55, 35.62302098483274)	(60, 36.082243922709324)	(65, 36.410646166632034)	(70, 36.93402036152088)	(75, 37.230866403490545)	(80, 36.213126947849574)	(85, 37.08324122169125)	(90, 35.609565759401626)	(95, 35.556654892998125)	(100, 35.75287762310409)	(105, 35.020394764180345)	(110, 36.10543527945149)	(115, 35.396409723665066)	(120, 36.109773530022856)	(125, 34.85786827342614)	(130, 35.49237897361313)	(135, 33.686794099314355)	(140, 35.50996052358197)	(145, 35.77640556825265)	(150, 35.329058799085814)	(155, 34.87751921878247)	(160, 35.12568460419696)	(165, 34.78721379596925)	(170, 35.41758154996884)	(175, 34.51619779763142)	(180, 34.478179929357985)	(185, 34.67116559318513)	(190, 34.975611884479534)	(195, 33.616476210263876)	(200, 32.682177436110535)	(205, 34.43070849781841)	(210, 33.016368169540826)	(215, 34.0926781633077)	(220, 34.38344483690007)	(225, 33.921242468314986)	(230, 32.73817992935799)	(235, 32.648157074589655)	(240, 32.924134014412076)	(245, 32.177285735573186)	(250, 30.097390916475184)
SRR19621234_2	(1, 30.775212964886766)	(2, 32.25422813214212)	(3, 31.8367338458342)	(4, 30.096821109495117)	(5, 32.219925202576356)	(6, 36.68555994182422)	(7, 34.88497818408477)	(8, 31.749927280282566)	(9, 33.24118013712861)	(10, 35.39097859962602)	(15, 36.00889673800125)	(20, 35.706719301890715)	(25, 36.2471888634947)	(30, 35.71385830043632)	(35, 36.492096405568255)	(40, 34.3885185954706)	(45, 35.77084978184085)	(50, 34.4954539788074)	(55, 36.18756285061292)	(60, 35.90831913567422)	(65, 35.06083108248494)	(70, 35.91543320174527)	(75, 36.78718470808228)	(80, 37.028028044324074)	(85, 36.84755552785223)	(90, 37.1422759666729)	(95, 37.25140313366949)	(100, 35.62457613031914)	(105, 33.37340425531915)	(110, 36.44045877659575)	(115, 34.369851230053186)	(120, 36.87368137992414)	(125, 34.97923826542274)	(130, 36.925999958443285)	(135, 33.71406487003137)	(140, 33.59454775905417)	(145, 34.58645666673593)	(150, 33.18015251314232)	(155, 32.68584388109125)	(160, 32.442093670780864)	(165, 30.264301636602188)	(170, 31.338630649350648)	(175, 32.065604155844156)	(180, 35.04509336042064)	(185, 31.937806499875325)	(190, 30.118536220439715)	(195, 29.86698109055942)	(200, 31.149544579033307)	(205, 31.089916691971332)	(210, 32.395185581658275)	(215, 31.928663619512612)	(220, 31.65861323578317)	(225, 30.970497262361853)	(230, 29.59014778325123)	(235, 29.699964529299603)	(240, 29.70108449651455)	(245, 32.77662167134538)	(250, 28.9839577167998)
