Sample	0	1	2	3	4	5	6	7	8	9	10	11	12	13	14	15	16	17	18	19	20	21	22	23	24	25	26	27	28	29	30	31	32	33	34	35	36	37	38	39	40	41	42	43	44	45	46	47	48	49	50	51	52	53	54	55	56	57	58	59	60	61	62	63	64	65	66	67	68	69	70	71	72	73	74	75	76	77	78	79	80	81	82	83	84	85	86	87	88	89	90	91	92	93	94	95	96	97	98	99	100
SRR19621115_1	(0.0, 0.0)	(1.0, 0.0)	(2.0, 0.0)	(3.0, 0.0)	(4.0, 0.0)	(5.0, 0.0)	(6.0, 0.0)	(7.0, 0.0)	(8.0, 0.0)	(9.0, 0.0)	(10.0, 0.0)	(11.0, 0.0)	(12.0, 0.0)	(13.0, 0.0)	(14.0, 0.0)	(15.0, 0.0)	(16.0, 0.0)	(17.0, 0.0)	(18.0, 0.0)	(19.0, 0.0)	(20.0, 0.0)	(21.0, 0.0)	(22.0, 0.0)	(23.0, 0.0)	(24.0, 0.0)	(25.0, 0.0)	(26.0, 0.0)	(27.0, 0.0)	(28.0, 0.0)	(29.0, 0.0)	(30.0, 0.0)	(31.0, 0.0)	(32.0, 0.0)	(33.0, 0.0)	(34.0, 0.0)	(35.0, 0.0)	(36.0, 0.0065308254963427235)	(37.0, 0.0065308254963427235)	(38.0, 0.0039184952978056345)	(39.0, 0.020898641588296716)	(40.0, 0.07836990595611269)	(41.0, 0.10318704284221494)	(42.0, 0.12408568443051159)	(43.0, 0.14498432601880842)	(44.0, 0.21029258098223613)	(45.0, 0.3043364681295709)	(46.0, 0.5969174503657249)	(47.0, 0.8594566353187099)	(48.0, 2.3759143155694793)	(49.0, 6.129832810866982)	(50.0, 13.125653082551198)	(51.0, 22.530041797280155)	(52.0, 13.747387669803308)	(53.0, 6.077586206896251)	(54.0, 4.536311389759719)	(55.0, 2.829153605015716)	(56.0, 1.394984326018795)	(57.0, 9.866771159874697)	(58.0, 9.883751306165193)	(59.0, 1.5647857889236962)	(60.0, 0.4767502612330164)	(61.0, 0.1567398119122254)	(62.0, 0.09012539184952954)	(63.0, 0.1436781609195399)	(64.0, 0.4976489028213128)	(65.0, 0.1750261233019852)	(66.0, 0.05877742946708456)	(67.0, 0.0979623824451408)	(68.0, 0.49373040752350716)	(69.0, 1.0932601880877784)	(70.0, 0.14237199582027132)	(71.0, 0.036572622779519254)	(72.0, 0.0065308254963427235)	(73.0, 0.00522466039707418)	(74.0, 0.00261233019853709)	(75.0, 0.001306165099268545)	(76.0, 0.0)	(77.0, 0.0)	(78.0, 0.0)	(79.0, 0.0)	(80.0, 0.0)	(81.0, 0.0)	(82.0, 0.0)	(83.0, 0.0)	(84.0, 0.0)	(85.0, 0.0)	(86.0, 0.0)	(87.0, 0.0)	(88.0, 0.0)	(89.0, 0.0)	(90.0, 0.0)	(91.0, 0.0)	(92.0, 0.0)	(93.0, 0.0)	(94.0, 0.0)	(95.0, 0.0)	(96.0, 0.0)	(97.0, 0.0)	(98.0, 0.0)	(99.0, 0.0)	(100.0, 0.0)
SRR19621115_2	(0.0, 0.0)	(1.0, 0.0)	(2.0, 0.0)	(3.0, 0.0)	(4.0, 0.0)	(5.0, 0.0)	(6.0, 0.0)	(7.0, 0.0)	(8.0, 0.0)	(9.0, 0.0)	(10.0, 0.0)	(11.0, 0.0)	(12.0, 0.0)	(13.0, 0.0)	(14.0, 0.0)	(15.0, 0.0)	(16.0, 0.0)	(17.0, 0.0)	(18.0, 0.0)	(19.0, 0.0)	(20.0, 0.0)	(21.0, 0.0)	(22.0, 0.0)	(23.0, 0.0)	(24.0, 0.0)	(25.0, 0.0)	(26.0, 0.0)	(27.0, 0.0)	(28.0, 0.0)	(29.0, 0.0013395847287340254)	(30.0, 0.0013395847287340254)	(31.0, 0.0013395847287340254)	(32.0, 0.0)	(33.0, 0.0)	(34.0, 0.0)	(35.0, 0.0013395847287340254)	(36.0, 0.0053583389149361015)	(37.0, 0.009377093101138177)	(38.0, 0.010716677829872203)	(39.0, 0.030140656396515565)	(40.0, 0.08372404554587658)	(41.0, 0.12860013395846628)	(42.0, 0.1292699263228333)	(43.0, 0.16878767582048732)	(44.0, 0.21768251841927963)	(45.0, 0.25318151373073156)	(46.0, 0.3724045545880581)	(47.0, 1.034159410582679)	(48.0, 2.257200267916809)	(49.0, 6.679169457467454)	(50.0, 15.874748827865295)	(51.0, 13.779638312124327)	(52.0, 11.39718687206978)	(53.0, 9.480241125250517)	(54.0, 5.691895512390702)	(55.0, 4.064300066979214)	(56.0, 2.726054922973771)	(57.0, 1.3101138647018726)	(58.0, 0.644340254521067)	(59.0, 0.9189551239115501)	(60.0, 5.346282652377402)	(61.0, 10.730073677159933)	(62.0, 2.8439383791023785)	(63.0, 0.7260549229738449)	(64.0, 0.2585398526456676)	(65.0, 0.1419959812458066)	(66.0, 0.19691895512390203)	(67.0, 0.4782317481580447)	(68.0, 0.20093770931010413)	(69.0, 0.09778968519758377)	(70.0, 0.09511051574011575)	(71.0, 0.31480241125249586)	(72.0, 1.026121902210275)	(73.0, 0.21701272605491256)	(74.0, 0.03750837240455271)	(75.0, 0.0026791694574680508)	(76.0, 0.0013395847287340254)	(77.0, 0.0026791694574680508)	(78.0, 0.004018754186202077)	(79.0, 0.0)	(80.0, 0.0)	(81.0, 0.0)	(82.0, 0.0)	(83.0, 0.0)	(84.0, 0.0)	(85.0, 0.0)	(86.0, 0.0)	(87.0, 0.0)	(88.0, 0.0)	(89.0, 0.0013395847287340254)	(90.0, 0.0013395847287340254)	(91.0, 0.0)	(92.0, 0.0013395847287340254)	(93.0, 0.0013395847287340254)	(94.0, 0.0)	(95.0, 0.0)	(96.0, 0.0)	(97.0, 0.0)	(98.0, 0.0)	(99.0, 0.0)	(100.0, 0.0)
SRR19621116_1	(0.0, 0.0)	(1.0, 0.0)	(2.0, 0.0)	(3.0, 0.0)	(4.0, 0.0)	(5.0, 0.0)	(6.0, 0.0)	(7.0, 0.0)	(8.0, 0.0)	(9.0, 0.0)	(10.0, 0.0)	(11.0, 0.0)	(12.0, 0.0)	(13.0, 0.0)	(14.0, 0.0)	(15.0, 0.0)	(16.0, 0.0)	(17.0, 0.0)	(18.0, 0.0)	(19.0, 0.0)	(20.0, 0.0)	(21.0, 0.0)	(22.0, 0.0)	(23.0, 0.0)	(24.0, 0.0)	(25.0, 0.0)	(26.0, 0.0)	(27.0, 0.0)	(28.0, 0.0)	(29.0, 0.0)	(30.0, 0.0)	(31.0, 0.0)	(32.0, 0.0)	(33.0, 0.0)	(34.0, 0.0)	(35.0, 0.0013359517988590886)	(36.0, 0.004007855396577266)	(37.0, 0.009351662592013619)	(38.0, 0.012023566189731797)	(39.0, 0.029390939574899935)	(40.0, 0.054774023753222656)	(41.0, 0.1055401921098679)	(42.0, 0.14561874607564057)	(43.0, 0.16432207125966794)	(44.0, 0.2030646734265818)	(45.0, 0.2551667935820866)	(46.0, 0.452887659813229)	(47.0, 1.7367373385167866)	(48.0, 3.408013038889642)	(49.0, 5.095320160848525)	(50.0, 17.158964904548444)	(51.0, 21.792045742987547)	(52.0, 12.87590343740527)	(53.0, 6.466006706477638)	(54.0, 5.37587003860887)	(55.0, 2.3499392141931237)	(56.0, 1.1422387880245257)	(57.0, 6.86946414973299)	(58.0, 6.614297356150963)	(59.0, 0.9164629340173434)	(60.0, 0.3673867446862485)	(61.0, 0.15764231226537245)	(62.0, 0.10153233671329064)	(63.0, 0.07347734893724987)	(64.0, 0.16832992665624524)	(65.0, 0.12290756549503598)	(66.0, 0.11756375829959965)	(67.0, 0.20039276982886362)	(68.0, 1.3880539190145842)	(69.0, 3.450763496453138)	(70.0, 0.45555956341094705)	(71.0, 0.06946949354067262)	(72.0, 0.04007855396577266)	(73.0, 0.028054987776040853)	(74.0, 0.009351662592013619)	(75.0, 0.0053438071954363545)	(76.0, 0.0053438071954363545)	(77.0, 0.0)	(78.0, 0.0)	(79.0, 0.0)	(80.0, 0.0)	(81.0, 0.0)	(82.0, 0.0)	(83.0, 0.0)	(84.0, 0.0)	(85.0, 0.0)	(86.0, 0.0)	(87.0, 0.0)	(88.0, 0.0)	(89.0, 0.0)	(90.0, 0.0)	(91.0, 0.0)	(92.0, 0.0)	(93.0, 0.0)	(94.0, 0.0)	(95.0, 0.0)	(96.0, 0.0)	(97.0, 0.0)	(98.0, 0.0)	(99.0, 0.0)	(100.0, 0.0)
SRR19621116_2	(0.0, 0.0)	(1.0, 0.0)	(2.0, 0.0)	(3.0, 0.0)	(4.0, 0.0)	(5.0, 0.0)	(6.0, 0.0)	(7.0, 0.0)	(8.0, 0.0)	(9.0, 0.0)	(10.0, 0.0)	(11.0, 0.0)	(12.0, 0.0)	(13.0, 0.0)	(14.0, 0.0)	(15.0, 0.0)	(16.0, 0.0)	(17.0, 0.0)	(18.0, 0.0)	(19.0, 0.0)	(20.0, 0.0)	(21.0, 0.0)	(22.0, 0.0)	(23.0, 0.0)	(24.0, 0.0)	(25.0, 0.0)	(26.0, 0.0)	(27.0, 0.0)	(28.0, 0.0)	(29.0, 0.0)	(30.0, 0.0)	(31.0, 0.0013629455980263625)	(32.0, 0.0013629455980263625)	(33.0, 0.0)	(34.0, 0.0034073639950659065)	(35.0, 0.0034073639950659065)	(36.0, 0.00545178239210545)	(37.0, 0.013629455980263626)	(38.0, 0.012947983181250445)	(39.0, 0.022488602367434978)	(40.0, 0.08109526308256858)	(41.0, 0.11108006623914844)	(42.0, 0.12130215822434612)	(43.0, 0.17854587334145366)	(44.0, 0.23374517006152173)	(45.0, 0.2828112115904707)	(46.0, 0.42046871699113136)	(47.0, 1.8597392685069374)	(48.0, 2.7558759992093327)	(49.0, 4.423439938394695)	(50.0, 12.495485242706804)	(51.0, 16.493686154518954)	(52.0, 16.334902992348812)	(53.0, 10.75364076842832)	(54.0, 6.11553689834404)	(55.0, 4.122910434029929)	(56.0, 2.2393196175572823)	(57.0, 0.8954552579033277)	(58.0, 0.5956072263375195)	(59.0, 0.6760210166210772)	(60.0, 2.333362863821112)	(61.0, 7.324469643793149)	(62.0, 2.2311419439691234)	(63.0, 0.49202336088751436)	(64.0, 0.21125656769408657)	(65.0, 0.14447223339079432)	(66.0, 0.1949012205177701)	(67.0, 0.3339216715164585)	(68.0, 0.22897486046842944)	(69.0, 0.16219052616513716)	(70.0, 0.2521449356348778)	(71.0, 0.7959602292474005)	(72.0, 3.1824779713916325)	(73.0, 0.7305388405421332)	(74.0, 0.08450262707763447)	(75.0, 0.01635534717631635)	(76.0, 0.00545178239210545)	(77.0, 0.002725891196052725)	(78.0, 0.004088836794079087)	(79.0, 0.0013629455980263625)	(80.0, 0.0013629455980263625)	(81.0, 0.0013629455980263625)	(82.0, 0.0013629455980263625)	(83.0, 0.0013629455980263625)	(84.0, 0.0)	(85.0, 0.0)	(86.0, 0.0)	(87.0, 0.0)	(88.0, 0.0)	(89.0, 0.0)	(90.0, 0.0)	(91.0, 0.0)	(92.0, 0.0)	(93.0, 0.0)	(94.0, 0.0)	(95.0, 0.0013629455980263625)	(96.0, 0.0013629455980263625)	(97.0, 0.0013629455980263625)	(98.0, 0.0)	(99.0, 0.0013629455980263625)	(100.0, 0.0020444183970395437)
SRR19621117_1	(0.0, 0.0)	(1.0, 0.0)	(2.0, 0.0)	(3.0, 0.0)	(4.0, 0.0)	(5.0, 0.0)	(6.0, 0.0)	(7.0, 0.0)	(8.0, 0.0)	(9.0, 0.0)	(10.0, 0.0)	(11.0, 0.0)	(12.0, 0.0)	(13.0, 0.0)	(14.0, 0.0)	(15.0, 0.0)	(16.0, 0.0)	(17.0, 0.0)	(18.0, 0.0)	(19.0, 0.0)	(20.0, 0.0)	(21.0, 0.0)	(22.0, 0.0)	(23.0, 0.0)	(24.0, 0.0)	(25.0, 0.0)	(26.0, 0.0)	(27.0, 0.0)	(28.0, 0.0)	(29.0, 0.0)	(30.0, 0.0)	(31.0, 0.0)	(32.0, 0.0)	(33.0, 0.0)	(34.0, 0.0)	(35.0, 0.0)	(36.0, 0.002513984036201423)	(37.0, 0.0037709760543021336)	(38.0, 0.011312928162906402)	(39.0, 0.026396832380114924)	(40.0, 0.05782163283263276)	(41.0, 0.12695619382817172)	(42.0, 0.1332411539186753)	(43.0, 0.13575513795487673)	(44.0, 0.1759788825340998)	(45.0, 0.946514989629846)	(46.0, 4.3265665263027175)	(47.0, 5.970712085978074)	(48.0, 4.313996606121713)	(49.0, 3.190245741939705)	(50.0, 5.646408145308164)	(51.0, 9.530513481239712)	(52.0, 8.415561561183873)	(53.0, 7.399912010558259)	(54.0, 7.96932939475792)	(55.0, 18.08434416441534)	(56.0, 3.811199798881526)	(57.0, 6.674627616114312)	(58.0, 6.712337376657325)	(59.0, 1.241908113883498)	(60.0, 0.3419018289233927)	(61.0, 0.13449814593677603)	(62.0, 0.08044748915844549)	(63.0, 0.09176041732135186)	(64.0, 0.20363270693231564)	(65.0, 0.10307334548425823)	(66.0, 0.07919049714034479)	(67.0, 0.12947017786437315)	(68.0, 0.8145308277292675)	(69.0, 2.6597951103011437)	(70.0, 0.36955565332160795)	(71.0, 0.04273772861542419)	(72.0, 0.020111872289611376)	(73.0, 0.012569920181007112)	(74.0, 0.005027968072402846)	(75.0, 0.0037709760543021336)	(76.0, 0.0)	(77.0, 0.0)	(78.0, 0.0)	(79.0, 0.0)	(80.0, 0.0)	(81.0, 0.0)	(82.0, 0.0)	(83.0, 0.0)	(84.0, 0.0)	(85.0, 0.0)	(86.0, 0.0)	(87.0, 0.0)	(88.0, 0.0)	(89.0, 0.0)	(90.0, 0.0)	(91.0, 0.0)	(92.0, 0.0)	(93.0, 0.0)	(94.0, 0.0)	(95.0, 0.0)	(96.0, 0.0)	(97.0, 0.0)	(98.0, 0.0)	(99.0, 0.0)	(100.0, 0.0)
SRR19621117_2	(0.0, 0.0)	(1.0, 0.0)	(2.0, 0.0)	(3.0, 0.0)	(4.0, 0.0)	(5.0, 0.0)	(6.0, 0.0)	(7.0, 0.0)	(8.0, 0.0)	(9.0, 0.0)	(10.0, 0.0)	(11.0, 0.0)	(12.0, 0.0)	(13.0, 0.0)	(14.0, 0.0)	(15.0, 0.0)	(16.0, 0.0)	(17.0, 0.0)	(18.0, 0.0)	(19.0, 0.0)	(20.0, 0.0)	(21.0, 0.0)	(22.0, 0.0)	(23.0, 0.0)	(24.0, 0.0)	(25.0, 0.0)	(26.0, 0.0)	(27.0, 0.0)	(28.0, 0.0)	(29.0, 0.0)	(30.0, 0.0)	(31.0, 0.0)	(32.0, 0.0)	(33.0, 0.0)	(34.0, 0.0)	(35.0, 0.0)	(36.0, 0.0)	(37.0, 0.002353024224384338)	(38.0, 0.012353377178017775)	(39.0, 0.025295010412131627)	(40.0, 0.047060484487686786)	(41.0, 0.06941421461933797)	(42.0, 0.09176794475098911)	(43.0, 0.18059460922149825)	(44.0, 0.18647716978245915)	(45.0, 0.302363612833387)	(46.0, 2.543619186559512)	(47.0, 7.4149675870905725)	(48.0, 3.984258267938862)	(49.0, 2.504794286857166)	(50.0, 5.0178241584994465)	(51.0, 5.508429709283469)	(52.0, 6.222572561383953)	(53.0, 6.417873572007808)	(54.0, 6.16492346788655)	(55.0, 4.333094109203759)	(56.0, 14.7081661705728)	(57.0, 14.392860924505499)	(58.0, 1.4118145346305842)	(59.0, 0.6929656340811918)	(60.0, 4.783698248173257)	(61.0, 6.53081873477823)	(62.0, 1.5282892337376024)	(63.0, 0.410602727155065)	(64.0, 0.1729472804922491)	(65.0, 0.12235725966798548)	(66.0, 0.1623586714825195)	(67.0, 0.24824405567254798)	(68.0, 0.16588820781909605)	(69.0, 0.1317693565655229)	(70.0, 0.1670647199312882)	(71.0, 0.5235478899255147)	(72.0, 2.2200783557066286)	(73.0, 0.48236996599878756)	(74.0, 0.06000211772180065)	(75.0, 0.0188241937950747)	(76.0, 0.010588609009729522)	(77.0, 0.005882560560960845)	(78.0, 0.0035295363365765078)	(79.0, 0.004706048448768676)	(80.0, 0.0)	(81.0, 0.0)	(82.0, 0.001176512112192169)	(83.0, 0.001176512112192169)	(84.0, 0.0)	(85.0, 0.001176512112192169)	(86.0, 0.001176512112192169)	(87.0, 0.0)	(88.0, 0.0)	(89.0, 0.0)	(90.0, 0.002353024224384338)	(91.0, 0.002353024224384338)	(92.0, 0.0)	(93.0, 0.0)	(94.0, 0.0)	(95.0, 0.0)	(96.0, 0.0)	(97.0, 0.001176512112192169)	(98.0, 0.0)	(99.0, 0.0)	(100.0, 0.0)
SRR19621118_1	(0.0, 0.0)	(1.0, 0.0)	(2.0, 0.0)	(3.0, 0.0)	(4.0, 0.0)	(5.0, 0.0)	(6.0, 0.0)	(7.0, 0.0)	(8.0, 0.0)	(9.0, 0.0)	(10.0, 0.0)	(11.0, 0.0)	(12.0, 0.0)	(13.0, 0.0)	(14.0, 0.0)	(15.0, 0.0)	(16.0, 0.0)	(17.0, 0.0)	(18.0, 0.0)	(19.0, 0.0)	(20.0, 0.0)	(21.0, 0.0)	(22.0, 0.0)	(23.0, 0.0)	(24.0, 0.0)	(25.0, 0.0)	(26.0, 0.0)	(27.0, 0.0)	(28.0, 0.0)	(29.0, 0.0)	(30.0, 0.0)	(31.0, 0.0)	(32.0, 0.0)	(33.0, 0.0)	(34.0, 0.0)	(35.0, 0.0)	(36.0, 0.001954060048265545)	(37.0, 0.004885150120663863)	(38.0, 0.0107473302654605)	(39.0, 0.0322419907963815)	(40.0, 0.05275962130316974)	(41.0, 0.0732772518099579)	(42.0, 0.09868003243740993)	(43.0, 0.13971529345098666)	(44.0, 0.16316401403017336)	(45.0, 0.3566159588084601)	(46.0, 1.1968617795626297)	(47.0, 1.926703207589842)	(48.0, 2.360504538304842)	(49.0, 1.7557229533665872)	(50.0, 2.269640746060484)	(51.0, 5.903215405809688)	(52.0, 14.40435364578947)	(53.0, 21.276782835533144)	(54.0, 26.537112485466093)	(55.0, 17.38527224941585)	(56.0, 2.622348584772455)	(57.0, 0.5139177926938402)	(58.0, 0.1885667946576256)	(59.0, 0.11626657287179996)	(60.0, 0.06741507166516127)	(61.0, 0.04103526101357647)	(62.0, 0.020517630506788218)	(63.0, 0.05275962130316974)	(64.0, 0.17977352444043065)	(65.0, 0.14166935349925222)	(66.0, 0.06350695156863019)	(67.0, 0.01563248038612436)	(68.0, 0.009770300241327728)	(69.0, 0.00781624019306218)	(70.0, 0.00390812009653109)	(71.0, 0.001954060048265545)	(72.0, 0.0009770300241327724)	(73.0, 0.0)	(74.0, 0.0)	(75.0, 0.0)	(76.0, 0.0)	(77.0, 0.0)	(78.0, 0.0)	(79.0, 0.0)	(80.0, 0.0)	(81.0, 0.0)	(82.0, 0.0)	(83.0, 0.0)	(84.0, 0.0)	(85.0, 0.0)	(86.0, 0.0)	(87.0, 0.0009770300241327724)	(88.0, 0.0009770300241327724)	(89.0, 0.0)	(90.0, 0.0)	(91.0, 0.0)	(92.0, 0.0)	(93.0, 0.0)	(94.0, 0.0)	(95.0, 0.0)	(96.0, 0.0)	(97.0, 0.0)	(98.0, 0.0)	(99.0, 0.0)	(100.0, 0.0)
SRR19621118_2	(0.0, 0.0)	(1.0, 0.0)	(2.0, 0.0)	(3.0, 0.0)	(4.0, 0.0)	(5.0, 0.0)	(6.0, 0.0)	(7.0, 0.0)	(8.0, 0.0)	(9.0, 0.0)	(10.0, 0.0)	(11.0, 0.0)	(12.0, 0.0)	(13.0, 0.0)	(14.0, 0.0)	(15.0, 0.0)	(16.0, 0.0)	(17.0, 0.0)	(18.0, 0.0)	(19.0, 0.0)	(20.0, 0.0)	(21.0, 0.0)	(22.0, 0.0)	(23.0, 0.0)	(24.0, 0.0)	(25.0, 0.0)	(26.0, 0.0)	(27.0, 0.0)	(28.0, 0.0)	(29.0, 0.0)	(30.0, 0.0)	(31.0, 0.0)	(32.0, 0.0)	(33.0, 0.0)	(34.0, 0.0)	(35.0, 0.000980392156862916)	(36.0, 0.001960784313725832)	(37.0, 0.00490196078431458)	(38.0, 0.010294117647060619)	(39.0, 0.02696078431373019)	(40.0, 0.07205882352942428)	(41.0, 0.09166666666668252)	(42.0, 0.10245098039217465)	(43.0, 0.1539215686274781)	(44.0, 0.1754901960784624)	(45.0, 0.20196078431376102)	(46.0, 0.5622549019608855)	(47.0, 2.9617647058830006)	(48.0, 2.0872549019611797)	(49.0, 1.1941176470590154)	(50.0, 1.118627450980575)	(51.0, 3.072549019608502)	(52.0, 4.5235294117652876)	(53.0, 14.07450980392437)	(54.0, 20.815686274507648)	(55.0, 24.600980392153307)	(56.0, 19.15490196078338)	(57.0, 3.3490196078437813)	(58.0, 0.6460784313726672)	(59.0, 0.24901960784318034)	(60.0, 0.12647058823531626)	(61.0, 0.08431372549021068)	(62.0, 0.048039215686282916)	(63.0, 0.03921568627451666)	(64.0, 0.0303921568627504)	(65.0, 0.024509803921572895)	(66.0, 0.05490196078432331)	(67.0, 0.19019607843140618)	(68.0, 0.09509803921570273)	(69.0, 0.02745098039216165)	(70.0, 0.008823529411766244)	(71.0, 0.005882352941177496)	(72.0, 0.003921568627451664)	(73.0, 0.000980392156862916)	(74.0, 0.0)	(75.0, 0.000980392156862916)	(76.0, 0.000980392156862916)	(77.0, 0.000980392156862916)	(78.0, 0.0)	(79.0, 0.0)	(80.0, 0.0)	(81.0, 0.0)	(82.0, 0.0)	(83.0, 0.0)	(84.0, 0.0)	(85.0, 0.0)	(86.0, 0.0)	(87.0, 0.0)	(88.0, 0.0)	(89.0, 0.0)	(90.0, 0.0)	(91.0, 0.000980392156862916)	(92.0, 0.000980392156862916)	(93.0, 0.001960784313725832)	(94.0, 0.0)	(95.0, 0.0)	(96.0, 0.0)	(97.0, 0.0)	(98.0, 0.0)	(99.0, 0.0)	(100.0, 0.0)
SRR19621119_1	(0.0, 0.0)	(1.0, 0.0)	(2.0, 0.0)	(3.0, 0.0)	(4.0, 0.0)	(5.0, 0.0)	(6.0, 0.0)	(7.0, 0.0)	(8.0, 0.0)	(9.0, 0.0)	(10.0, 0.0)	(11.0, 0.0)	(12.0, 0.0)	(13.0, 0.0)	(14.0, 0.0)	(15.0, 0.0)	(16.0, 0.0)	(17.0, 0.0)	(18.0, 0.0)	(19.0, 0.0)	(20.0, 0.0)	(21.0, 0.0)	(22.0, 0.0)	(23.0, 0.0)	(24.0, 0.0)	(25.0, 0.0)	(26.0, 0.0)	(27.0, 0.0)	(28.0, 0.0)	(29.0, 0.0)	(30.0, 0.0)	(31.0, 0.0)	(32.0, 0.0)	(33.0, 0.0)	(34.0, 0.0)	(35.0, 0.0)	(36.0, 0.0010493950237688951)	(37.0, 0.00629637014261337)	(38.0, 0.0041975800950755805)	(39.0, 0.01679032038030232)	(40.0, 0.046173381045831415)	(41.0, 0.08919857702035598)	(42.0, 0.13537195806618757)	(43.0, 0.15740925356533453)	(44.0, 0.17105138887433025)	(45.0, 0.4869192910287674)	(46.0, 1.4313748124207466)	(47.0, 1.3621147408520033)	(48.0, 1.3558183707093905)	(49.0, 1.816502786143944)	(50.0, 7.755029225652142)	(51.0, 18.02126074318092)	(52.0, 21.672106030869585)	(53.0, 18.422129642260273)	(54.0, 14.40294670122906)	(55.0, 8.534729728312787)	(56.0, 2.351694248266141)	(57.0, 0.6926007156874767)	(58.0, 0.3253124573683563)	(59.0, 0.11123587251950282)	(60.0, 0.04722277606960031)	(61.0, 0.03463003578437354)	(62.0, 0.03672882583191134)	(63.0, 0.057716726307289246)	(64.0, 0.04827217109336921)	(65.0, 0.030432455689297956)	(66.0, 0.018889110427840108)	(67.0, 0.02203729549914679)	(68.0, 0.08185281185397375)	(69.0, 0.2130271898250861)	(70.0, 0.02833366564176016)	(71.0, 0.00629637014261337)	(72.0, 0.0010493950237688951)	(73.0, 0.0010493950237688951)	(74.0, 0.0010493950237688951)	(75.0, 0.0010493950237688951)	(76.0, 0.0)	(77.0, 0.0010493950237688951)	(78.0, 0.0)	(79.0, 0.0)	(80.0, 0.0)	(81.0, 0.0)	(82.0, 0.0)	(83.0, 0.0)	(84.0, 0.0)	(85.0, 0.0)	(86.0, 0.0)	(87.0, 0.0)	(88.0, 0.0)	(89.0, 0.0)	(90.0, 0.0)	(91.0, 0.0)	(92.0, 0.0)	(93.0, 0.0)	(94.0, 0.0)	(95.0, 0.0)	(96.0, 0.0)	(97.0, 0.0)	(98.0, 0.0)	(99.0, 0.0)	(100.0, 0.0)
SRR19621119_2	(0.0, 0.0)	(1.0, 0.0)	(2.0, 0.0)	(3.0, 0.0)	(4.0, 0.0)	(5.0, 0.0)	(6.0, 0.0)	(7.0, 0.0)	(8.0, 0.0)	(9.0, 0.0)	(10.0, 0.0)	(11.0, 0.0)	(12.0, 0.0)	(13.0, 0.0)	(14.0, 0.0)	(15.0, 0.0)	(16.0, 0.0)	(17.0, 0.0)	(18.0, 0.0)	(19.0, 0.0)	(20.0, 0.0)	(21.0, 0.0)	(22.0, 0.0)	(23.0, 0.0)	(24.0, 0.0)	(25.0, 0.0)	(26.0, 0.0)	(27.0, 0.0010619149512315895)	(28.0, 0.0)	(29.0, 0.0)	(30.0, 0.0)	(31.0, 0.0)	(32.0, 0.0)	(33.0, 0.0)	(34.0, 0.0010619149512315895)	(35.0, 0.0031857448536947693)	(36.0, 0.005309574756157949)	(37.0, 0.006371489707389537)	(38.0, 0.009557234561084307)	(39.0, 0.02867170368325292)	(40.0, 0.06690064192759013)	(41.0, 0.07751979143990599)	(42.0, 0.09238660075714818)	(43.0, 0.16937543472143887)	(44.0, 0.1677825622945915)	(45.0, 0.2022947982096184)	(46.0, 0.3552105511869652)	(47.0, 1.6459681744089283)	(48.0, 1.6449062594576969)	(49.0, 2.4790404536502058)	(50.0, 5.7162881824792375)	(51.0, 9.185564328153868)	(52.0, 12.017691503089805)	(53.0, 19.114469122165474)	(54.0, 19.542420847511412)	(55.0, 14.310365882798129)	(56.0, 7.918699791334005)	(57.0, 3.0285814409126153)	(58.0, 0.6721921641296015)	(59.0, 0.23043554441725514)	(60.0, 0.3196364003207074)	(61.0, 0.31432682556454955)	(62.0, 0.08176745124483234)	(63.0, 0.047786172805421565)	(64.0, 0.05840532231773744)	(65.0, 0.05097191765911634)	(66.0, 0.02760978873202133)	(67.0, 0.046724257854189974)	(68.0, 0.03610510834187406)	(69.0, 0.016990639219705433)	(70.0, 0.011681064463547488)	(71.0, 0.049910002707884746)	(72.0, 0.19326852112414983)	(73.0, 0.03716702329310565)	(74.0, 0.0031857448536947693)	(75.0, 0.0010619149512315895)	(76.0, 0.0)	(77.0, 0.0)	(78.0, 0.0)	(79.0, 0.0)	(80.0, 0.0)	(81.0, 0.0)	(82.0, 0.0010619149512315895)	(83.0, 0.0031857448536947693)	(84.0, 0.0)	(85.0, 0.0010619149512315895)	(86.0, 0.0)	(87.0, 0.0)	(88.0, 0.0)	(89.0, 0.0)	(90.0, 0.0)	(91.0, 0.0)	(92.0, 0.0)	(93.0, 0.0)	(94.0, 0.0010619149512315895)	(95.0, 0.0010619149512315895)	(96.0, 0.0)	(97.0, 0.0)	(98.0, 0.0)	(99.0, 0.0010619149512315895)	(100.0, 0.0015928724268473846)
SRR19621120_1	(0.0, 0.0)	(1.0, 0.0)	(2.0, 0.0)	(3.0, 0.0)	(4.0, 0.0)	(5.0, 0.0)	(6.0, 0.0)	(7.0, 0.0)	(8.0, 0.0)	(9.0, 0.0)	(10.0, 0.0)	(11.0, 0.0)	(12.0, 0.0)	(13.0, 0.0)	(14.0, 0.0)	(15.0, 0.0)	(16.0, 0.0)	(17.0, 0.0)	(18.0, 0.0)	(19.0, 0.0)	(20.0, 0.0)	(21.0, 0.0)	(22.0, 0.0)	(23.0, 0.0)	(24.0, 0.0)	(25.0, 0.0)	(26.0, 0.0)	(27.0, 0.0)	(28.0, 0.0)	(29.0, 0.0)	(30.0, 0.0)	(31.0, 0.0)	(32.0, 0.0)	(33.0, 0.0)	(34.0, 0.0)	(35.0, 0.0008796854244923541)	(36.0, 0.0008796854244923541)	(37.0, 0.0026390562734770625)	(38.0, 0.007037483395938833)	(39.0, 0.027270248159262975)	(40.0, 0.07213420480837296)	(41.0, 0.07565294650634236)	(42.0, 0.09588571126966654)	(43.0, 0.13019344282486858)	(44.0, 0.17769645574745585)	(45.0, 0.3246039216376769)	(46.0, 0.592907976107852)	(47.0, 0.6518468995488413)	(48.0, 0.7125451938388124)	(49.0, 1.1796581542442257)	(50.0, 6.090062193760386)	(51.0, 17.73093941606356)	(52.0, 20.970820834465954)	(53.0, 18.010679381051872)	(54.0, 16.065694907501047)	(55.0, 10.507842395562998)	(56.0, 3.0014866683679666)	(57.0, 1.3230468784364715)	(58.0, 0.7283795314796738)	(59.0, 0.1609824326821012)	(60.0, 0.07301389023286531)	(61.0, 0.04662332749809478)	(62.0, 0.04838269834707948)	(63.0, 0.055420181743018285)	(64.0, 0.08532948617575822)	(65.0, 0.07741231735532707)	(66.0, 0.04310458580012537)	(67.0, 0.03782647325317124)	(68.0, 0.20144796220874905)	(69.0, 0.5832314364384358)	(70.0, 0.07565294650634236)	(71.0, 0.014954652216370016)	(72.0, 0.008796854244923541)	(73.0, 0.0026390562734770625)	(74.0, 0.0)	(75.0, 0.0017593708489847082)	(76.0, 0.0008796854244923541)	(77.0, 0.0)	(78.0, 0.0)	(79.0, 0.0)	(80.0, 0.0)	(81.0, 0.0)	(82.0, 0.0)	(83.0, 0.0)	(84.0, 0.0)	(85.0, 0.0)	(86.0, 0.0)	(87.0, 0.0008796854244923541)	(88.0, 0.0008796854244923541)	(89.0, 0.0)	(90.0, 0.0)	(91.0, 0.0)	(92.0, 0.0)	(93.0, 0.0)	(94.0, 0.0)	(95.0, 0.0)	(96.0, 0.0)	(97.0, 0.0)	(98.0, 0.0)	(99.0, 0.0)	(100.0, 0.0)
SRR19621120_2	(0.0, 0.0)	(1.0, 0.0)	(2.0, 0.0)	(3.0, 0.0)	(4.0, 0.0)	(5.0, 0.0)	(6.0, 0.0)	(7.0, 0.0)	(8.0, 0.0)	(9.0, 0.0)	(10.0, 0.0)	(11.0, 0.0)	(12.0, 0.0)	(13.0, 0.0)	(14.0, 0.0)	(15.0, 0.0)	(16.0, 0.0)	(17.0, 0.0)	(18.0, 0.0)	(19.0, 0.0)	(20.0, 0.0)	(21.0, 0.0)	(22.0, 0.0)	(23.0, 0.0008835951720360467)	(24.0, 0.0)	(25.0, 0.0)	(26.0, 0.0008835951720360467)	(27.0, 0.0)	(28.0, 0.0)	(29.0, 0.0)	(30.0, 0.0)	(31.0, 0.0008835951720360467)	(32.0, 0.0008835951720360467)	(33.0, 0.0)	(34.0, 0.0)	(35.0, 0.0008835951720360467)	(36.0, 0.0035343806881441868)	(37.0, 0.010603142064432561)	(38.0, 0.01502111792461279)	(39.0, 0.03269302136533374)	(40.0, 0.06229345962854124)	(41.0, 0.08261614858537027)	(42.0, 0.12458691925708275)	(43.0, 0.12856309753124498)	(44.0, 0.162139714068615)	(45.0, 0.19836711612209254)	(46.0, 0.2540336119603627)	(47.0, 0.7174792796932753)	(48.0, 0.8592963048050529)	(49.0, 1.085496668846268)	(50.0, 3.279463481011782)	(51.0, 11.536660363690002)	(52.0, 10.795765811938365)	(53.0, 18.629720607202916)	(54.0, 18.08984395708938)	(55.0, 16.06729460830071)	(56.0, 10.179016381856924)	(57.0, 3.424814886811679)	(58.0, 0.9118702175411947)	(59.0, 0.33134818951351563)	(60.0, 0.7572410624348953)	(61.0, 0.7872832982841191)	(62.0, 0.1519783695902004)	(63.0, 0.07068761376288367)	(64.0, 0.08659232685953246)	(65.0, 0.05655009101030697)	(66.0, 0.045063353773838404)	(67.0, 0.09101030271971272)	(68.0, 0.05831728135437906)	(69.0, 0.03534380688144188)	(70.0, 0.04948132963401862)	(71.0, 0.16081432131056092)	(72.0, 0.5089508190927657)	(73.0, 0.11840175305283036)	(74.0, 0.01678830826868488)	(75.0, 0.0035343806881441868)	(76.0, 0.00530157103221628)	(77.0, 0.0017671903440720934)	(78.0, 0.0026507855161081403)	(79.0, 0.0)	(80.0, 0.0017671903440720934)	(81.0, 0.0008835951720360467)	(82.0, 0.0)	(83.0, 0.0)	(84.0, 0.0017671903440720934)	(85.0, 0.0)	(86.0, 0.0)	(87.0, 0.0)	(88.0, 0.0)	(89.0, 0.0)	(90.0, 0.0)	(91.0, 0.0)	(92.0, 0.0)	(93.0, 0.0)	(94.0, 0.0)	(95.0, 0.0)	(96.0, 0.0)	(97.0, 0.0)	(98.0, 0.0008835951720360467)	(99.0, 0.0)	(100.0, 0.0)
SRR19621121_1	(0.0, 0.0)	(1.0, 0.0)	(2.0, 0.0)	(3.0, 0.0)	(4.0, 0.0)	(5.0, 0.0)	(6.0, 0.0)	(7.0, 0.0)	(8.0, 0.0)	(9.0, 0.0)	(10.0, 0.0)	(11.0, 0.0)	(12.0, 0.0)	(13.0, 0.0)	(14.0, 0.0)	(15.0, 0.0)	(16.0, 0.0)	(17.0, 0.0)	(18.0, 0.0)	(19.0, 0.0)	(20.0, 0.0)	(21.0, 0.0)	(22.0, 0.0)	(23.0, 0.0)	(24.0, 0.0)	(25.0, 0.0)	(26.0, 0.0)	(27.0, 0.0)	(28.0, 0.0)	(29.0, 0.0)	(30.0, 0.0)	(31.0, 0.0)	(32.0, 0.0)	(33.0, 0.0)	(34.0, 0.0)	(35.0, 0.0)	(36.0, 0.0014733616218762988)	(37.0, 0.005893446487505195)	(38.0, 0.008840169731257792)	(39.0, 0.02357378595002078)	(40.0, 0.03683404054690746)	(41.0, 0.060407826496928295)	(42.0, 0.12376237623760898)	(43.0, 0.10902876001884605)	(44.0, 0.13112918434699045)	(45.0, 0.857496463932011)	(46.0, 2.000825082507977)	(47.0, 1.3716996699668336)	(48.0, 1.402640264026234)	(49.0, 1.798974540310936)	(50.0, 6.3000942951428565)	(51.0, 15.89609853842568)	(52.0, 17.711280056578104)	(53.0, 15.838637435172476)	(54.0, 17.977958510137835)	(55.0, 13.397277227722338)	(56.0, 3.1353135313528115)	(57.0, 0.7219471947193877)	(58.0, 0.2799387081564976)	(59.0, 0.07956152758132017)	(60.0, 0.050094295143794175)	(61.0, 0.04420084865628897)	(62.0, 0.029467232437525966)	(63.0, 0.03683404054690746)	(64.0, 0.05156765676567048)	(65.0, 0.04125412541253636)	(66.0, 0.02062706270626818)	(67.0, 0.01326025459688669)	(68.0, 0.10608203677509344)	(69.0, 0.28288543140025013)	(70.0, 0.04272748703441267)	(71.0, 0.005893446487505195)	(72.0, 0.004420084865628897)	(73.0, 0.0)	(74.0, 0.0)	(75.0, 0.0)	(76.0, 0.0)	(77.0, 0.0)	(78.0, 0.0)	(79.0, 0.0)	(80.0, 0.0)	(81.0, 0.0)	(82.0, 0.0)	(83.0, 0.0)	(84.0, 0.0)	(85.0, 0.0)	(86.0, 0.0)	(87.0, 0.0)	(88.0, 0.0)	(89.0, 0.0)	(90.0, 0.0)	(91.0, 0.0)	(92.0, 0.0)	(93.0, 0.0)	(94.0, 0.0)	(95.0, 0.0)	(96.0, 0.0)	(97.0, 0.0)	(98.0, 0.0)	(99.0, 0.0)	(100.0, 0.0)
SRR19621121_2	(0.0, 0.0)	(1.0, 0.0)	(2.0, 0.0)	(3.0, 0.0)	(4.0, 0.0)	(5.0, 0.0)	(6.0, 0.0)	(7.0, 0.0)	(8.0, 0.0)	(9.0, 0.0)	(10.0, 0.0)	(11.0, 0.0)	(12.0, 0.0)	(13.0, 0.0)	(14.0, 0.0)	(15.0, 0.0)	(16.0, 0.0)	(17.0, 0.0)	(18.0, 0.0)	(19.0, 0.0)	(20.0, 0.0)	(21.0, 0.0)	(22.0, 0.0)	(23.0, 0.0)	(24.0, 0.0)	(25.0, 0.0)	(26.0, 0.0)	(27.0, 0.0)	(28.0, 0.0)	(29.0, 0.0)	(30.0, 0.0)	(31.0, 0.0)	(32.0, 0.0)	(33.0, 0.0)	(34.0, 0.0)	(35.0, 0.0)	(36.0, 0.0)	(37.0, 0.0029529012254537507)	(38.0, 0.010335154289088128)	(39.0, 0.02731433633544719)	(40.0, 0.059796249815438476)	(41.0, 0.0797283330872513)	(42.0, 0.08711058615088564)	(43.0, 0.13952458290268954)	(44.0, 0.16979182046359068)	(45.0, 0.17791229883358856)	(46.0, 0.4340764801417)	(47.0, 2.252325409714798)	(48.0, 1.8507308430531106)	(49.0, 1.6964417540231609)	(50.0, 3.80259855307819)	(51.0, 7.945518972389111)	(52.0, 10.933855012548896)	(53.0, 15.989221910528018)	(54.0, 16.50967075151448)	(55.0, 18.384763029678133)	(56.0, 13.434224125202999)	(57.0, 3.8210541857372786)	(58.0, 0.7854717259707007)	(59.0, 0.20522663516903591)	(60.0, 0.23327919681084675)	(61.0, 0.2185146906835779)	(62.0, 0.07086962941089008)	(63.0, 0.04134061715635251)	(64.0, 0.06348737634725568)	(65.0, 0.03248191347999124)	(66.0, 0.029529012254537496)	(67.0, 0.05462867267089441)	(68.0, 0.031005462867264372)	(69.0, 0.02214675919090313)	(70.0, 0.01328805551454188)	(71.0, 0.06644027757270944)	(72.0, 0.25837885722720383)	(73.0, 0.044293518381806264)	(74.0, 0.005905802450907501)	(75.0, 0.004429351838180626)	(76.0, 0.0029529012254537507)	(77.0, 0.0014764506127268753)	(78.0, 0.0014764506127268753)	(79.0, 0.0014764506127268753)	(80.0, 0.0)	(81.0, 0.0)	(82.0, 0.0)	(83.0, 0.0)	(84.0, 0.0)	(85.0, 0.0)	(86.0, 0.0014764506127268753)	(87.0, 0.0014764506127268753)	(88.0, 0.0)	(89.0, 0.0)	(90.0, 0.0)	(91.0, 0.0)	(92.0, 0.0)	(93.0, 0.0)	(94.0, 0.0)	(95.0, 0.0)	(96.0, 0.0)	(97.0, 0.0)	(98.0, 0.0)	(99.0, 0.0)	(100.0, 0.0)
SRR19621122_1	(0.0, 0.0)	(1.0, 0.0)	(2.0, 0.0)	(3.0, 0.0)	(4.0, 0.0)	(5.0, 0.0)	(6.0, 0.0)	(7.0, 0.0)	(8.0, 0.0)	(9.0, 0.0)	(10.0, 0.0)	(11.0, 0.0)	(12.0, 0.0)	(13.0, 0.0)	(14.0, 0.0)	(15.0, 0.0)	(16.0, 0.0)	(17.0, 0.0)	(18.0, 0.0)	(19.0, 0.0)	(20.0, 0.0)	(21.0, 0.0)	(22.0, 0.0)	(23.0, 0.0)	(24.0, 0.0)	(25.0, 0.0)	(26.0, 0.0)	(27.0, 0.0)	(28.0, 0.001358049840429115)	(29.0, 0.0)	(30.0, 0.0)	(31.0, 0.0)	(32.0, 0.0)	(33.0, 0.0)	(34.0, 0.0)	(35.0, 0.004074149521287346)	(36.0, 0.00543219936171646)	(37.0, 0.00543219936171646)	(38.0, 0.01901269776600761)	(39.0, 0.03802539553201522)	(40.0, 0.06518639234059757)	(41.0, 0.11271813675561644)	(42.0, 0.13716303388334047)	(43.0, 0.16839818021321035)	(44.0, 0.18605282813878898)	(45.0, 0.4834657431927626)	(46.0, 1.3566917905886802)	(47.0, 1.5726217152168969)	(48.0, 1.1896516602159084)	(49.0, 2.231275887825005)	(50.0, 6.234806817409788)	(51.0, 11.112921844231948)	(52.0, 16.819447273717504)	(53.0, 19.65641339037135)	(54.0, 20.555442384734604)	(55.0, 8.459292456032252)	(56.0, 1.8496638826644207)	(57.0, 1.8238609356962692)	(58.0, 0.9126094927683734)	(59.0, 0.18333672845793073)	(60.0, 0.10321178787261265)	(61.0, 0.07061859170231402)	(62.0, 0.0597541929788811)	(63.0, 0.04345759489373169)	(64.0, 0.06518639234059757)	(65.0, 0.05703809329802287)	(66.0, 0.0692605418618849)	(67.0, 0.18876892781964721)	(68.0, 1.8374414341005594)	(69.0, 1.7858355401642558)	(70.0, 0.29062266585183094)	(71.0, 0.13852108372376962)	(72.0, 0.0597541929788811)	(73.0, 0.02580294696815318)	(74.0, 0.012222448563862037)	(75.0, 0.00271609968085823)	(76.0, 0.001358049840429115)	(77.0, 0.001358049840429115)	(78.0, 0.0)	(79.0, 0.0)	(80.0, 0.0)	(81.0, 0.0)	(82.0, 0.0)	(83.0, 0.0)	(84.0, 0.0)	(85.0, 0.0)	(86.0, 0.0)	(87.0, 0.0)	(88.0, 0.0)	(89.0, 0.0)	(90.0, 0.0)	(91.0, 0.0)	(92.0, 0.001358049840429115)	(93.0, 0.001358049840429115)	(94.0, 0.0)	(95.0, 0.0)	(96.0, 0.0)	(97.0, 0.0)	(98.0, 0.0)	(99.0, 0.0)	(100.0, 0.0)
SRR19621122_2	(0.0, 0.0)	(1.0, 0.0)	(2.0, 0.0)	(3.0, 0.0)	(4.0, 0.0)	(5.0, 0.0)	(6.0, 0.0)	(7.0, 0.0)	(8.0, 0.0)	(9.0, 0.0)	(10.0, 0.0)	(11.0, 0.0)	(12.0, 0.0)	(13.0, 0.0)	(14.0, 0.0)	(15.0, 0.0)	(16.0, 0.0)	(17.0, 0.0)	(18.0, 0.0)	(19.0, 0.0)	(20.0, 0.0)	(21.0, 0.0)	(22.0, 0.0)	(23.0, 0.0)	(24.0, 0.0)	(25.0, 0.0)	(26.0, 0.0)	(27.0, 0.0)	(28.0, 0.0013830876047688657)	(29.0, 0.0027661752095377314)	(30.0, 0.0027661752095377314)	(31.0, 0.0013830876047688657)	(32.0, 0.0)	(33.0, 0.0013830876047688657)	(34.0, 0.004149262814306597)	(35.0, 0.005532350419075463)	(36.0, 0.0027661752095377314)	(37.0, 0.005532350419075463)	(38.0, 0.016597051257226388)	(39.0, 0.03734336532875937)	(40.0, 0.08575143149566966)	(41.0, 0.11272163978866244)	(42.0, 0.15559735553649737)	(43.0, 0.20815468451771463)	(44.0, 0.19017454565571923)	(45.0, 0.21092085972725236)	(46.0, 0.4543442781665705)	(47.0, 1.575336781831721)	(48.0, 1.729551049763441)	(49.0, 1.8429642333544813)	(50.0, 3.5192664103344895)	(51.0, 8.01775884484445)	(52.0, 8.236978230200267)	(53.0, 13.381372576140224)	(54.0, 19.457276423889255)	(55.0, 19.91784459627687)	(56.0, 10.32474896959964)	(57.0, 2.692871566484998)	(58.0, 0.8187878620231737)	(59.0, 0.8519819645376273)	(60.0, 0.7952753727421022)	(61.0, 0.7344195181322704)	(62.0, 0.1562888993388818)	(63.0, 0.09543304472905167)	(64.0, 0.08990069430997623)	(65.0, 0.07883599347182535)	(66.0, 0.14107493568642415)	(67.0, 0.1493734613150374)	(68.0, 0.14245802329119303)	(69.0, 0.15767198694365067)	(70.0, 0.2129954911344057)	(71.0, 0.7067577660368923)	(72.0, 1.5006500511742065)	(73.0, 0.9169870819617658)	(74.0, 0.1991646150867169)	(75.0, 0.038726452933528235)	(76.0, 0.009681613233382059)	(77.0, 0.0013830876047688657)	(78.0, 0.0013830876047688657)	(79.0, 0.0013830876047688657)	(80.0, 0.0013830876047688657)	(81.0, 0.0013830876047688657)	(82.0, 0.0)	(83.0, 0.0)	(84.0, 0.0)	(85.0, 0.0)	(86.0, 0.0)	(87.0, 0.0)	(88.0, 0.0)	(89.0, 0.0)	(90.0, 0.0013830876047688657)	(91.0, 0.0)	(92.0, 0.0)	(93.0, 0.0)	(94.0, 0.0)	(95.0, 0.0)	(96.0, 0.0)	(97.0, 0.0)	(98.0, 0.0)	(99.0, 0.0)	(100.0, 0.0)
SRR19621123_1	(0.0, 0.0)	(1.0, 0.0)	(2.0, 0.0)	(3.0, 0.0)	(4.0, 0.0)	(5.0, 0.0)	(6.0, 0.0)	(7.0, 0.0)	(8.0, 0.0)	(9.0, 0.0)	(10.0, 0.0)	(11.0, 0.0)	(12.0, 0.0)	(13.0, 0.0)	(14.0, 0.0)	(15.0, 0.0)	(16.0, 0.0)	(17.0, 0.0)	(18.0, 0.0)	(19.0, 0.0)	(20.0, 0.0)	(21.0, 0.0)	(22.0, 0.0)	(23.0, 0.0)	(24.0, 0.0)	(25.0, 0.0)	(26.0, 0.0)	(27.0, 0.0)	(28.0, 0.0)	(29.0, 0.0)	(30.0, 0.0)	(31.0, 0.0)	(32.0, 0.0012019953122182564)	(33.0, 0.0)	(34.0, 0.0012019953122182564)	(35.0, 0.002403990624436513)	(36.0, 0.0036059859366547693)	(37.0, 0.007211971873309539)	(38.0, 0.004807981248873026)	(39.0, 0.025241901556583377)	(40.0, 0.05288779373760331)	(41.0, 0.1310174890317899)	(42.0, 0.1478454234028456)	(43.0, 0.1310174890317899)	(44.0, 0.15866338121280998)	(45.0, 0.5168579842538492)	(46.0, 2.0554119838932)	(47.0, 3.5002103491797087)	(48.0, 2.2393172666626144)	(49.0, 2.1948434401105335)	(50.0, 5.359697097180994)	(51.0, 13.07410301099989)	(52.0, 18.692229100305223)	(53.0, 15.874752088468194)	(54.0, 17.539515595888965)	(55.0, 7.684356031010778)	(56.0, 1.770539094897454)	(57.0, 2.4051926197487523)	(58.0, 1.6250976621190534)	(59.0, 0.23438908588256058)	(60.0, 0.11899753590960724)	(61.0, 0.07572570466975014)	(62.0, 0.042069835927638986)	(63.0, 0.05288779373760331)	(64.0, 0.13462347496844468)	(65.0, 0.07933169060640488)	(66.0, 0.06851373279644062)	(67.0, 0.14183544684175428)	(68.0, 1.6815914417933082)	(69.0, 1.656349540236726)	(70.0, 0.2752569264979807)	(71.0, 0.12260352184626203)	(72.0, 0.06971572810865886)	(73.0, 0.03485786405432943)	(74.0, 0.007211971873309539)	(75.0, 0.002403990624436513)	(76.0, 0.002403990624436513)	(77.0, 0.0)	(78.0, 0.0)	(79.0, 0.0)	(80.0, 0.0)	(81.0, 0.0)	(82.0, 0.0)	(83.0, 0.0)	(84.0, 0.0)	(85.0, 0.0)	(86.0, 0.0)	(87.0, 0.0)	(88.0, 0.0)	(89.0, 0.0)	(90.0, 0.0)	(91.0, 0.0)	(92.0, 0.0)	(93.0, 0.0)	(94.0, 0.0)	(95.0, 0.0)	(96.0, 0.0)	(97.0, 0.0)	(98.0, 0.0)	(99.0, 0.0)	(100.0, 0.0)
SRR19621123_2	(0.0, 0.0)	(1.0, 0.0)	(2.0, 0.0)	(3.0, 0.0)	(4.0, 0.0)	(5.0, 0.0)	(6.0, 0.0)	(7.0, 0.0)	(8.0, 0.0)	(9.0, 0.0)	(10.0, 0.0)	(11.0, 0.0)	(12.0, 0.0)	(13.0, 0.0)	(14.0, 0.0)	(15.0, 0.0)	(16.0, 0.0)	(17.0, 0.0)	(18.0, 0.0)	(19.0, 0.0)	(20.0, 0.0)	(21.0, 0.0)	(22.0, 0.0)	(23.0, 0.0)	(24.0, 0.0)	(25.0, 0.0)	(26.0, 0.0)	(27.0, 0.0)	(28.0, 0.0)	(29.0, 0.0)	(30.0, 0.0)	(31.0, 0.0)	(32.0, 0.0)	(33.0, 0.0)	(34.0, 0.0024320396908876552)	(35.0, 0.0012160198454438276)	(36.0, 0.0024320396908876552)	(37.0, 0.007904128995384879)	(38.0, 0.007296119072662964)	(39.0, 0.027360446522486113)	(40.0, 0.05715293273585994)	(41.0, 0.08147332964473641)	(42.0, 0.11126581585811009)	(43.0, 0.21523551264355803)	(44.0, 0.17936292720296484)	(45.0, 0.24259595916604412)	(46.0, 0.6025378334174178)	(47.0, 2.6624754515993088)	(48.0, 3.3787111405658043)	(49.0, 2.0149448839003963)	(50.0, 2.7299645530214485)	(51.0, 8.903089298416957)	(52.0, 9.832128460336463)	(53.0, 14.266344826749396)	(54.0, 17.705248949662337)	(55.0, 16.94280450656975)	(56.0, 9.146901277428555)	(57.0, 2.1231706501449095)	(58.0, 0.6274662402490169)	(59.0, 0.6517866371578942)	(60.0, 1.43855147716003)	(61.0, 1.5516413227862995)	(62.0, 0.262660286615867)	(63.0, 0.09971362732639376)	(64.0, 0.08633740902651171)	(65.0, 0.05593691289041611)	(66.0, 0.13254616315337714)	(67.0, 0.18848307604379363)	(68.0, 0.13254616315337714)	(69.0, 0.1301141234624895)	(70.0, 0.17875491728024293)	(71.0, 0.5836895258130379)	(72.0, 1.4555757549962427)	(73.0, 0.9095828443919931)	(74.0, 0.18848307604379363)	(75.0, 0.03891263505420249)	(76.0, 0.014592238145325932)	(77.0, 0.006080099227219138)	(78.0, 0.003648059536331483)	(79.0, 0.0048640793817753105)	(80.0, 0.0048640793817753105)	(81.0, 0.0024320396908876552)	(82.0, 0.0)	(83.0, 0.0)	(84.0, 0.0)	(85.0, 0.0012160198454438276)	(86.0, 0.0)	(87.0, 0.0)	(88.0, 0.0012160198454438276)	(89.0, 0.0)	(90.0, 0.0)	(91.0, 0.0)	(92.0, 0.0)	(93.0, 0.0)	(94.0, 0.0)	(95.0, 0.0)	(96.0, 0.0)	(97.0, 0.0012160198454438276)	(98.0, 0.0012160198454438276)	(99.0, 0.0)	(100.0, 0.0018240297681657415)
SRR19621124_1	(0.0, 0.0)	(1.0, 0.0)	(2.0, 0.0)	(3.0, 0.0)	(4.0, 0.0)	(5.0, 0.0)	(6.0, 0.0)	(7.0, 0.0)	(8.0, 0.0)	(9.0, 0.0)	(10.0, 0.0)	(11.0, 0.0)	(12.0, 0.0)	(13.0, 0.0)	(14.0, 0.0)	(15.0, 0.0)	(16.0, 0.0)	(17.0, 0.0)	(18.0, 0.0)	(19.0, 0.0)	(20.0, 0.0)	(21.0, 0.0)	(22.0, 0.0)	(23.0, 0.0)	(24.0, 0.0)	(25.0, 0.0)	(26.0, 0.0)	(27.0, 0.0)	(28.0, 0.0)	(29.0, 0.0)	(30.0, 0.0)	(31.0, 0.0)	(32.0, 0.0)	(33.0, 0.0)	(34.0, 0.0)	(35.0, 0.0)	(36.0, 0.00438716753496087)	(37.0, 0.007677543186181523)	(38.0, 0.023032629558544564)	(39.0, 0.034000548395946746)	(40.0, 0.06690430490815326)	(41.0, 0.09432410200165861)	(42.0, 0.11625993967646299)	(43.0, 0.1381957773512675)	(44.0, 0.18316424458461675)	(45.0, 0.19522895530575923)	(46.0, 0.2259391280504852)	(47.0, 0.27090759528383346)	(48.0, 0.3542637784480888)	(49.0, 0.9333698930629295)	(50.0, 3.1181793254735632)	(51.0, 10.136550589528023)	(52.0, 12.023032629562055)	(53.0, 25.83602961337578)	(54.0, 25.82067452700343)	(55.0, 8.378393199891656)	(56.0, 1.536605429120015)	(57.0, 0.6525911708254337)	(58.0, 0.36413490540175064)	(59.0, 0.14258294488622839)	(60.0, 0.11625993967646299)	(61.0, 0.10638881272280096)	(62.0, 0.08884014258295754)	(63.0, 0.12722785851386526)	(64.0, 0.24348779819032842)	(65.0, 0.14587332053744909)	(66.0, 0.15684123937485134)	(67.0, 0.3345215245407652)	(68.0, 3.555799287085896)	(69.0, 3.3890869207574204)	(70.0, 0.5483959418701101)	(71.0, 0.24348779819032842)	(72.0, 0.16561557444477315)	(73.0, 0.0855497669317369)	(74.0, 0.028516588977245655)	(75.0, 0.005483959418701088)	(76.0, 0.0010967918837402175)	(77.0, 0.0)	(78.0, 0.0)	(79.0, 0.0)	(80.0, 0.0010967918837402175)	(81.0, 0.0)	(82.0, 0.0)	(83.0, 0.0)	(84.0, 0.0)	(85.0, 0.0)	(86.0, 0.0)	(87.0, 0.0)	(88.0, 0.0)	(89.0, 0.0)	(90.0, 0.0)	(91.0, 0.0)	(92.0, 0.0)	(93.0, 0.0)	(94.0, 0.0)	(95.0, 0.0)	(96.0, 0.0)	(97.0, 0.0)	(98.0, 0.0)	(99.0, 0.0)	(100.0, 0.0)
SRR19621124_2	(0.0, 0.0)	(1.0, 0.0)	(2.0, 0.0)	(3.0, 0.0)	(4.0, 0.0)	(5.0, 0.0)	(6.0, 0.0)	(7.0, 0.0)	(8.0, 0.0)	(9.0, 0.0)	(10.0, 0.0)	(11.0, 0.0)	(12.0, 0.0)	(13.0, 0.0)	(14.0, 0.0)	(15.0, 0.0)	(16.0, 0.0)	(17.0, 0.0)	(18.0, 0.0)	(19.0, 0.0)	(20.0, 0.0)	(21.0, 0.0)	(22.0, 0.0)	(23.0, 0.0)	(24.0, 0.0)	(25.0, 0.0)	(26.0, 0.0)	(27.0, 0.0)	(28.0, 0.0)	(29.0, 0.0)	(30.0, 0.0011491413041606175)	(31.0, 0.0)	(32.0, 0.0011491413041606175)	(33.0, 0.0)	(34.0, 0.0011491413041606175)	(35.0, 0.0011491413041606175)	(36.0, 0.002298282608321235)	(37.0, 0.00459656521664247)	(38.0, 0.00919313043328494)	(39.0, 0.02413196738737296)	(40.0, 0.09595329889741147)	(41.0, 0.1177869836764632)	(42.0, 0.14594094562839852)	(43.0, 0.17352033692825353)	(44.0, 0.22293341300716032)	(45.0, 0.20224886953226917)	(46.0, 0.2114419999655542)	(47.0, 0.22695540757172256)	(48.0, 0.3361238314669796)	(49.0, 0.7009761955379815)	(50.0, 1.5996046953915493)	(51.0, 5.164241020897604)	(52.0, 5.79511959688164)	(53.0, 11.901656487193076)	(54.0, 28.359658245369822)	(55.0, 22.134759800737097)	(56.0, 9.626356704954018)	(57.0, 2.4878909235077793)	(58.0, 0.6101940325092903)	(59.0, 0.35738294559395073)	(60.0, 0.3033733042984025)	(61.0, 0.2574076521319784)	(62.0, 0.11836155432854352)	(63.0, 0.11146670650357975)	(64.0, 0.15513407606168353)	(65.0, 0.14479180432423788)	(66.0, 0.24246881517789062)	(67.0, 0.35853208689811134)	(68.0, 0.2493636630028542)	(69.0, 0.25166194561117544)	(70.0, 0.3918571847187688)	(71.0, 1.4364266302007507)	(72.0, 3.1762265647000674)	(73.0, 1.7995552823154908)	(74.0, 0.3792166303730022)	(75.0, 0.058606206512191526)	(76.0, 0.017237119562409264)	(77.0, 0.006894847824963706)	(78.0, 0.003447423912481853)	(79.0, 0.00459656521664247)	(80.0, 0.003447423912481853)	(81.0, 0.0011491413041606175)	(82.0, 0.0011491413041606175)	(83.0, 0.0)	(84.0, 0.0)	(85.0, 0.0)	(86.0, 0.0011491413041606175)	(87.0, 0.0)	(88.0, 0.0)	(89.0, 0.0)	(90.0, 0.0)	(91.0, 0.0)	(92.0, 0.0011491413041606175)	(93.0, 0.0011491413041606175)	(94.0, 0.003447423912481853)	(95.0, 0.002298282608321235)	(96.0, 0.0)	(97.0, 0.0)	(98.0, 0.0)	(99.0, 0.0011491413041606175)	(100.0, 0.0017237119562409265)
SRR19621125_1	(0.0, 0.0)	(1.0, 0.0)	(2.0, 0.0)	(3.0, 0.0)	(4.0, 0.0)	(5.0, 0.0)	(6.0, 0.0)	(7.0, 0.0)	(8.0, 0.0)	(9.0, 0.0)	(10.0, 0.0)	(11.0, 0.0)	(12.0, 0.0)	(13.0, 0.0)	(14.0, 0.0)	(15.0, 0.0)	(16.0, 0.0)	(17.0, 0.0)	(18.0, 0.0)	(19.0, 0.0)	(20.0, 0.0)	(21.0, 0.0)	(22.0, 0.0)	(23.0, 0.0)	(24.0, 0.0)	(25.0, 0.0)	(26.0, 0.0)	(27.0, 0.0)	(28.0, 0.0)	(29.0, 0.0)	(30.0, 0.0)	(31.0, 0.0)	(32.0, 0.0)	(33.0, 0.0)	(34.0, 0.0)	(35.0, 0.001043525446368057)	(36.0, 0.002087050892736114)	(37.0, 0.0031305763391041718)	(38.0, 0.0052176272318402855)	(39.0, 0.02817518705193754)	(40.0, 0.07304678124576396)	(41.0, 0.10226549374406947)	(42.0, 0.13252773168874332)	(43.0, 0.1398324098133198)	(44.0, 0.1805299022216743)	(45.0, 0.41845370399358917)	(46.0, 1.2814492481399562)	(47.0, 1.5089377954481797)	(48.0, 3.197361967671872)	(49.0, 2.6255100230621116)	(50.0, 5.886527042961746)	(51.0, 7.623996911164994)	(52.0, 18.94311742791611)	(53.0, 31.579167057991608)	(54.0, 17.75454194450397)	(55.0, 5.110144110864089)	(56.0, 1.2313600267142921)	(57.0, 0.3652339062288182)	(58.0, 0.13148420624237528)	(59.0, 0.0699162049066598)	(60.0, 0.08452556115581254)	(61.0, 0.15131118972336852)	(62.0, 0.10643959552954173)	(63.0, 0.05113274687203483)	(64.0, 0.08452556115581254)	(65.0, 0.07513383213850007)	(66.0, 0.038610441515618134)	(67.0, 0.05008922142566678)	(68.0, 0.24940258168196552)	(69.0, 0.5697648937169617)	(70.0, 0.10330901919043754)	(71.0, 0.021914034373729192)	(72.0, 0.008348203570944457)	(73.0, 0.0052176272318402855)	(74.0, 0.001043525446368057)	(75.0, 0.001043525446368057)	(76.0, 0.002087050892736114)	(77.0, 0.001043525446368057)	(78.0, 0.0)	(79.0, 0.0)	(80.0, 0.0)	(81.0, 0.0)	(82.0, 0.0)	(83.0, 0.0)	(84.0, 0.0)	(85.0, 0.0)	(86.0, 0.0)	(87.0, 0.0)	(88.0, 0.0)	(89.0, 0.0)	(90.0, 0.0)	(91.0, 0.0)	(92.0, 0.0)	(93.0, 0.0)	(94.0, 0.0)	(95.0, 0.0)	(96.0, 0.0)	(97.0, 0.0)	(98.0, 0.0)	(99.0, 0.0)	(100.0, 0.0)
SRR19621125_2	(0.0, 0.0)	(1.0, 0.0)	(2.0, 0.0)	(3.0, 0.0)	(4.0, 0.0)	(5.0, 0.0)	(6.0, 0.0)	(7.0, 0.0)	(8.0, 0.0)	(9.0, 0.0)	(10.0, 0.0)	(11.0, 0.0)	(12.0, 0.0)	(13.0, 0.0)	(14.0, 0.0)	(15.0, 0.0)	(16.0, 0.0)	(17.0, 0.0)	(18.0, 0.0)	(19.0, 0.0)	(20.0, 0.0)	(21.0, 0.0)	(22.0, 0.0)	(23.0, 0.0)	(24.0, 0.0)	(25.0, 0.0)	(26.0, 0.0)	(27.0, 0.0)	(28.0, 0.0)	(29.0, 0.0)	(30.0, 0.0)	(31.0, 0.0)	(32.0, 0.0)	(33.0, 0.0)	(34.0, 0.0010167147911668843)	(35.0, 0.004066859164667537)	(36.0, 0.0030501443735006534)	(37.0, 0.005083573955834422)	(38.0, 0.01423400707633638)	(39.0, 0.029484728943839647)	(40.0, 0.06354467444793027)	(41.0, 0.0803204685021838)	(42.0, 0.11133026963277379)	(43.0, 0.15047378909269912)	(44.0, 0.276546423197392)	(45.0, 0.7620277359795882)	(46.0, 0.49463174590269005)	(47.0, 1.0909349709220584)	(48.0, 2.9342388873077487)	(49.0, 2.0812151775186365)	(50.0, 3.207735166131643)	(51.0, 6.089104884297939)	(52.0, 8.361970799952434)	(53.0, 16.638029200048983)	(54.0, 26.90532351864366)	(55.0, 18.572329090242224)	(56.0, 7.8154865996999865)	(57.0, 1.8697385009559)	(58.0, 0.5541095611859544)	(59.0, 0.1972426694863761)	(60.0, 0.09963804953435453)	(61.0, 0.08642075724918508)	(62.0, 0.07727032412868316)	(63.0, 0.07828703891985003)	(64.0, 0.12912277847819442)	(65.0, 0.05795274309651242)	(66.0, 0.061002887470013055)	(67.0, 0.11997234535769238)	(68.0, 0.0803204685021838)	(69.0, 0.04575216560250983)	(70.0, 0.051852454349511135)	(71.0, 0.13725649680752955)	(72.0, 0.4707389483102675)	(73.0, 0.13928992638986332)	(74.0, 0.02846801415267276)	(75.0, 0.00915043312050196)	(76.0, 0.004066859164667537)	(77.0, 0.0010167147911668843)	(78.0, 0.0010167147911668843)	(79.0, 0.0010167147911668843)	(80.0, 0.0020334295823337687)	(81.0, 0.0010167147911668843)	(82.0, 0.0)	(83.0, 0.0010167147911668843)	(84.0, 0.0)	(85.0, 0.0)	(86.0, 0.0)	(87.0, 0.0)	(88.0, 0.0)	(89.0, 0.0)	(90.0, 0.0010167147911668843)	(91.0, 0.0010167147911668843)	(92.0, 0.0)	(93.0, 0.0)	(94.0, 0.0)	(95.0, 0.0)	(96.0, 0.0)	(97.0, 0.0)	(98.0, 0.0010167147911668843)	(99.0, 0.0)	(100.0, 0.0)
SRR19621126_1	(0.0, 0.0)	(1.0, 0.0)	(2.0, 0.0)	(3.0, 0.0)	(4.0, 0.0)	(5.0, 0.0)	(6.0, 0.0)	(7.0, 0.0)	(8.0, 0.0)	(9.0, 0.0)	(10.0, 0.0)	(11.0, 0.0)	(12.0, 0.0)	(13.0, 0.0)	(14.0, 0.0)	(15.0, 0.0)	(16.0, 0.0)	(17.0, 0.0)	(18.0, 0.0)	(19.0, 0.0)	(20.0, 0.0)	(21.0, 0.0)	(22.0, 0.0)	(23.0, 0.0)	(24.0, 0.0)	(25.0, 0.0)	(26.0, 0.0)	(27.0, 0.0)	(28.0, 0.0)	(29.0, 0.0)	(30.0, 0.0)	(31.0, 0.0)	(32.0, 0.0)	(33.0, 0.0)	(34.0, 0.0)	(35.0, 0.001166901991901776)	(36.0, 0.003500705975705328)	(37.0, 0.003500705975705328)	(38.0, 0.007001411951410656)	(39.0, 0.016336627886624863)	(40.0, 0.047842981667972836)	(41.0, 0.06534651154649947)	(42.0, 0.09101835536833845)	(43.0, 0.11785710118207923)	(44.0, 0.13886133703631137)	(45.0, 0.1750352987852667)	(46.0, 0.3909121672870932)	(47.0, 0.47376220871211927)	(48.0, 0.6651341353840159)	(49.0, 5.112197626521496)	(50.0, 22.413853460444578)	(51.0, 8.959473493821998)	(52.0, 12.947944502144082)	(53.0, 22.382347106663257)	(54.0, 15.429945038918799)	(55.0, 6.943066851814966)	(56.0, 1.5216401974398905)	(57.0, 0.5146037784286825)	(58.0, 0.1586986708986417)	(59.0, 0.06534651154649947)	(60.0, 0.0886845513845349)	(61.0, 0.14119514102011493)	(62.0, 0.08285004142502604)	(63.0, 0.04434227569226751)	(64.0, 0.056011295611285296)	(65.0, 0.0396746677246604)	(66.0, 0.01750352987852664)	(67.0, 0.025671843821839062)	(68.0, 0.2298796924046504)	(69.0, 0.5216051903800935)	(70.0, 0.07468172748171364)	(71.0, 0.016336627886624863)	(72.0, 0.007001411951410656)	(73.0, 0.003500705975705328)	(74.0, 0.002333803983803552)	(75.0, 0.002333803983803552)	(76.0, 0.0)	(77.0, 0.0)	(78.0, 0.0)	(79.0, 0.0)	(80.0, 0.0)	(81.0, 0.0)	(82.0, 0.0)	(83.0, 0.0)	(84.0, 0.0)	(85.0, 0.0)	(86.0, 0.0)	(87.0, 0.0)	(88.0, 0.0)	(89.0, 0.0)	(90.0, 0.0)	(91.0, 0.0)	(92.0, 0.0)	(93.0, 0.0)	(94.0, 0.0)	(95.0, 0.0)	(96.0, 0.0)	(97.0, 0.0)	(98.0, 0.0)	(99.0, 0.0)	(100.0, 0.0)
SRR19621126_2	(0.0, 0.0)	(1.0, 0.0)	(2.0, 0.0)	(3.0, 0.0)	(4.0, 0.0)	(5.0, 0.0)	(6.0, 0.0)	(7.0, 0.0)	(8.0, 0.0)	(9.0, 0.0)	(10.0, 0.0)	(11.0, 0.0)	(12.0, 0.0)	(13.0, 0.0)	(14.0, 0.0)	(15.0, 0.0)	(16.0, 0.0)	(17.0, 0.0)	(18.0, 0.0)	(19.0, 0.0)	(20.0, 0.0)	(21.0, 0.0)	(22.0, 0.0)	(23.0, 0.0)	(24.0, 0.0)	(25.0, 0.0)	(26.0, 0.0)	(27.0, 0.0)	(28.0, 0.0)	(29.0, 0.0010540517750232804)	(30.0, 0.0010540517750232804)	(31.0, 0.0031621553250698415)	(32.0, 0.002108103550046561)	(33.0, 0.002108103550046561)	(34.0, 0.0)	(35.0, 0.004743232987604762)	(36.0, 0.005797284762628042)	(37.0, 0.005270258875116402)	(38.0, 0.0073783624251629615)	(39.0, 0.015810776625349205)	(40.0, 0.05797284762628043)	(41.0, 0.07062146892655975)	(42.0, 0.07167552070158303)	(43.0, 0.11541866936504916)	(44.0, 0.1565266885909574)	(45.0, 0.21449953621723797)	(46.0, 0.1544185850409108)	(47.0, 0.3167425583944948)	(48.0, 0.6303229614639257)	(49.0, 0.8674846108441656)	(50.0, 2.915507209714504)	(51.0, 18.586621974870248)	(52.0, 23.729340585204152)	(53.0, 16.770490766506786)	(54.0, 14.13483430306347)	(55.0, 11.816974449787836)	(56.0, 6.3190403912640125)	(57.0, 1.1004300531242974)	(58.0, 0.40897208870903057)	(59.0, 0.24875621890549404)	(60.0, 0.07905388312674597)	(61.0, 0.07483767602665285)	(62.0, 0.04321612277595452)	(63.0, 0.03794586390083811)	(64.0, 0.12016190235265396)	(65.0, 0.03478370857576826)	(66.0, 0.028459397925628568)	(67.0, 0.06429715827642009)	(68.0, 0.03162155325069842)	(69.0, 0.02318913905051216)	(70.0, 0.03056750147567513)	(71.0, 0.11699974702758409)	(72.0, 0.4405936419597299)	(73.0, 0.1159456952525608)	(74.0, 0.009486465975209524)	(75.0, 0.004216207100093122)	(76.0, 0.0031621553250698415)	(77.0, 0.002108103550046561)	(78.0, 0.0)	(79.0, 0.0)	(80.0, 0.0010540517750232804)	(81.0, 0.0)	(82.0, 0.0)	(83.0, 0.0010540517750232804)	(84.0, 0.0)	(85.0, 0.0)	(86.0, 0.0)	(87.0, 0.0)	(88.0, 0.0)	(89.0, 0.0)	(90.0, 0.0)	(91.0, 0.0010540517750232804)	(92.0, 0.0010540517750232804)	(93.0, 0.0)	(94.0, 0.0)	(95.0, 0.0)	(96.0, 0.0)	(97.0, 0.0)	(98.0, 0.0)	(99.0, 0.0)	(100.0, 0.0)
SRR19621127_1	(0.0, 0.0)	(1.0, 0.0)	(2.0, 0.0)	(3.0, 0.0)	(4.0, 0.0)	(5.0, 0.0)	(6.0, 0.0)	(7.0, 0.0)	(8.0, 0.0)	(9.0, 0.0)	(10.0, 0.0)	(11.0, 0.0)	(12.0, 0.0)	(13.0, 0.0)	(14.0, 0.0)	(15.0, 0.0)	(16.0, 0.0)	(17.0, 0.0)	(18.0, 0.0)	(19.0, 0.0)	(20.0, 0.0)	(21.0, 0.0)	(22.0, 0.0)	(23.0, 0.0)	(24.0, 0.0)	(25.0, 0.0)	(26.0, 0.0)	(27.0, 0.0)	(28.0, 0.0)	(29.0, 0.0)	(30.0, 0.0)	(31.0, 0.0)	(32.0, 0.0)	(33.0, 0.0)	(34.0, 0.0)	(35.0, 0.0)	(36.0, 0.002228859269825998)	(37.0, 0.002228859269825998)	(38.0, 0.01114429634912999)	(39.0, 0.028975170507737964)	(40.0, 0.06686577809477993)	(41.0, 0.10029866714216977)	(42.0, 0.11924397093569081)	(43.0, 0.150448000713255)	(44.0, 0.17607988231625415)	(45.0, 0.20059733428434032)	(46.0, 0.3109258681407259)	(47.0, 0.4769758837427625)	(48.0, 2.1118441581601393)	(49.0, 2.8919449025993273)	(50.0, 5.282396469487348)	(51.0, 10.42548923461211)	(52.0, 25.03008960013814)	(53.0, 23.42642535549979)	(54.0, 16.754335131281735)	(55.0, 9.149467302636145)	(56.0, 1.9513662907326492)	(57.0, 0.49146346899663185)	(58.0, 0.20728391209381838)	(59.0, 0.08915437079303982)	(60.0, 0.05906477065038896)	(61.0, 0.06463691882495394)	(62.0, 0.03343288904738997)	(63.0, 0.03120402977756397)	(64.0, 0.04903490393617199)	(65.0, 0.03677617795212897)	(66.0, 0.016716444523694984)	(67.0, 0.01225872598404299)	(68.0, 0.06463691882495394)	(69.0, 0.15490571925290703)	(70.0, 0.014487585253868986)	(71.0, 0.002228859269825998)	(72.0, 0.002228859269825998)	(73.0, 0.001114429634912999)	(74.0, 0.0)	(75.0, 0.0)	(76.0, 0.0)	(77.0, 0.0)	(78.0, 0.0)	(79.0, 0.0)	(80.0, 0.0)	(81.0, 0.0)	(82.0, 0.0)	(83.0, 0.0)	(84.0, 0.0)	(85.0, 0.0)	(86.0, 0.0)	(87.0, 0.0)	(88.0, 0.0)	(89.0, 0.0)	(90.0, 0.0)	(91.0, 0.0)	(92.0, 0.0)	(93.0, 0.0)	(94.0, 0.0)	(95.0, 0.0)	(96.0, 0.0)	(97.0, 0.0)	(98.0, 0.0)	(99.0, 0.0)	(100.0, 0.0)
SRR19621127_2	(0.0, 0.0)	(1.0, 0.0)	(2.0, 0.0)	(3.0, 0.0)	(4.0, 0.0)	(5.0, 0.0)	(6.0, 0.0)	(7.0, 0.0)	(8.0, 0.0)	(9.0, 0.0)	(10.0, 0.0)	(11.0, 0.0)	(12.0, 0.0)	(13.0, 0.0)	(14.0, 0.0)	(15.0, 0.0)	(16.0, 0.0)	(17.0, 0.0)	(18.0, 0.0)	(19.0, 0.0)	(20.0, 0.0)	(21.0, 0.0)	(22.0, 0.0)	(23.0, 0.0)	(24.0, 0.0)	(25.0, 0.0)	(26.0, 0.0)	(27.0, 0.0)	(28.0, 0.0)	(29.0, 0.0)	(30.0, 0.0)	(31.0, 0.0)	(32.0, 0.0)	(33.0, 0.0)	(34.0, 0.0)	(35.0, 0.0011263290683007192)	(36.0, 0.004505316273202877)	(37.0, 0.009010632546405753)	(38.0, 0.014079113353758992)	(39.0, 0.019147594161112225)	(40.0, 0.07039556676879494)	(41.0, 0.11488556496667328)	(42.0, 0.14022796900343965)	(43.0, 0.16500720850605557)	(44.0, 0.1914759416111227)	(45.0, 0.2185078392503401)	(46.0, 0.23315011713824926)	(47.0, 0.3435303658317182)	(48.0, 1.3572265273023485)	(49.0, 2.05611371418296)	(50.0, 2.753311407461185)	(51.0, 5.869300774914657)	(52.0, 8.742566228150382)	(53.0, 22.872364389977008)	(54.0, 23.254189944130605)	(55.0, 17.005316273203896)	(56.0, 10.88878626779838)	(57.0, 2.1462200396470283)	(58.0, 0.6318706073167066)	(59.0, 0.2230131555235429)	(60.0, 0.11038024869347034)	(61.0, 0.07321138943954672)	(62.0, 0.04843214993693095)	(63.0, 0.040547846458825906)	(64.0, 0.0574427824833367)	(65.0, 0.023652910434315097)	(66.0, 0.029284555775818694)	(67.0, 0.04167417552712663)	(68.0, 0.01914759416111222)	(69.0, 0.012389619751307913)	(70.0, 0.016894936024510785)	(71.0, 0.03829518832222446)	(72.0, 0.1340331591277856)	(73.0, 0.025905568570916533)	(74.0, 0.0022526581366014383)	(75.0, 0.0)	(76.0, 0.0011263290683007192)	(77.0, 0.0)	(78.0, 0.0)	(79.0, 0.0)	(80.0, 0.0)	(81.0, 0.0)	(82.0, 0.0)	(83.0, 0.0)	(84.0, 0.0)	(85.0, 0.0)	(86.0, 0.0)	(87.0, 0.0)	(88.0, 0.0)	(89.0, 0.0)	(90.0, 0.0)	(91.0, 0.0)	(92.0, 0.0)	(93.0, 0.0)	(94.0, 0.0)	(95.0, 0.0)	(96.0, 0.0)	(97.0, 0.0)	(98.0, 0.0)	(99.0, 0.0)	(100.0, 0.0)
SRR19621128_1	(0.0, 0.0)	(1.0, 0.0)	(2.0, 0.0)	(3.0, 0.0)	(4.0, 0.0)	(5.0, 0.0)	(6.0, 0.0)	(7.0, 0.0)	(8.0, 0.0)	(9.0, 0.0)	(10.0, 0.0)	(11.0, 0.0)	(12.0, 0.0)	(13.0, 0.0)	(14.0, 0.0)	(15.0, 0.0)	(16.0, 0.0)	(17.0, 0.0)	(18.0, 0.0)	(19.0, 0.0)	(20.0, 0.0)	(21.0, 0.0)	(22.0, 0.0)	(23.0, 0.0)	(24.0, 0.0)	(25.0, 0.0)	(26.0, 0.0)	(27.0, 0.0)	(28.0, 0.0)	(29.0, 0.0)	(30.0, 0.0011292927239670506)	(31.0, 0.0022585854479341013)	(32.0, 0.0022585854479341013)	(33.0, 0.0)	(34.0, 0.0)	(35.0, 0.0)	(36.0, 0.0022585854479341013)	(37.0, 0.004517170895868203)	(38.0, 0.016939390859505757)	(39.0, 0.041783830786780884)	(40.0, 0.08356766157356167)	(41.0, 0.08017978340166054)	(42.0, 0.12873937053224374)	(43.0, 0.2811938882677953)	(44.0, 0.2913575227834986)	(45.0, 0.30942620636697116)	(46.0, 0.502535262165337)	(47.0, 0.4099332588000372)	(48.0, 0.4901130422016991)	(49.0, 1.3517633905885418)	(50.0, 4.9801809126945065)	(51.0, 11.37875348669339)	(52.0, 18.502331989474474)	(53.0, 23.41588463145064)	(54.0, 18.260663346545744)	(55.0, 12.227981615116997)	(56.0, 3.0321509638516386)	(57.0, 1.683775451434836)	(58.0, 1.4059694413389572)	(59.0, 0.3139433772628393)	(60.0, 0.12309290691240844)	(61.0, 0.06436968526612188)	(62.0, 0.032749488995044464)	(63.0, 0.04517170895868205)	(64.0, 0.12873937053224374)	(65.0, 0.21569491027770724)	(66.0, 0.13777371232398022)	(67.0, 0.021456561755373953)	(68.0, 0.011292927239670507)	(69.0, 0.009034341791736405)	(70.0, 0.0022585854479341013)	(71.0, 0.0022585854479341013)	(72.0, 0.0022585854479341013)	(73.0, 0.0011292927239670506)	(74.0, 0.0011292927239670506)	(75.0, 0.0)	(76.0, 0.0)	(77.0, 0.0)	(78.0, 0.0)	(79.0, 0.0)	(80.0, 0.0)	(81.0, 0.0)	(82.0, 0.0)	(83.0, 0.0)	(84.0, 0.0)	(85.0, 0.0)	(86.0, 0.0)	(87.0, 0.0)	(88.0, 0.0)	(89.0, 0.0)	(90.0, 0.0)	(91.0, 0.0)	(92.0, 0.0)	(93.0, 0.0)	(94.0, 0.0)	(95.0, 0.0)	(96.0, 0.0)	(97.0, 0.0)	(98.0, 0.0)	(99.0, 0.0)	(100.0, 0.0)
SRR19621128_2	(0.0, 0.0)	(1.0, 0.0)	(2.0, 0.0)	(3.0, 0.0)	(4.0, 0.0)	(5.0, 0.0)	(6.0, 0.0)	(7.0, 0.0)	(8.0, 0.0)	(9.0, 0.0)	(10.0, 0.0)	(11.0, 0.0)	(12.0, 0.0)	(13.0, 0.0)	(14.0, 0.0)	(15.0, 0.0)	(16.0, 0.0)	(17.0, 0.0)	(18.0, 0.0)	(19.0, 0.0)	(20.0, 0.0)	(21.0, 0.0)	(22.0, 0.0)	(23.0, 0.0)	(24.0, 0.0)	(25.0, 0.0)	(26.0, 0.0)	(27.0, 0.001137721144547472)	(28.0, 0.0)	(29.0, 0.002275442289094944)	(30.0, 0.001137721144547472)	(31.0, 0.0)	(32.0, 0.0)	(33.0, 0.0)	(34.0, 0.0)	(35.0, 0.0)	(36.0, 0.004550884578189888)	(37.0, 0.007964048011832304)	(38.0, 0.010239490300927249)	(39.0, 0.021616701746401963)	(40.0, 0.07793389840150178)	(41.0, 0.20706524830764045)	(42.0, 0.21446043574719903)	(43.0, 0.16724500824847865)	(44.0, 0.19455031571761816)	(45.0, 0.2571249786677287)	(46.0, 0.28329256499232025)	(47.0, 0.576255759713296)	(48.0, 0.9192786847943646)	(49.0, 1.12748165424654)	(50.0, 1.5086182376699218)	(51.0, 4.602650890266705)	(52.0, 11.428408896980738)	(53.0, 16.091927868480067)	(54.0, 20.393651516010145)	(55.0, 17.56470789009543)	(56.0, 14.203879629105254)	(57.0, 5.348427100517402)	(58.0, 1.0011946072017779)	(59.0, 0.3982024005916132)	(60.0, 1.1263439331019929)	(61.0, 1.2822117299049876)	(62.0, 0.3208373627623862)	(63.0, 0.10580806644291474)	(64.0, 0.0682632686728483)	(65.0, 0.05233517264918374)	(66.0, 0.04892200921554132)	(67.0, 0.12742476818931683)	(68.0, 0.16838272939302612)	(69.0, 0.05461061493827869)	(70.0, 0.01137721144547472)	(71.0, 0.00568860572273736)	(72.0, 0.004550884578189888)	(73.0, 0.0)	(74.0, 0.001137721144547472)	(75.0, 0.0)	(76.0, 0.0)	(77.0, 0.002275442289094944)	(78.0, 0.001137721144547472)	(79.0, 0.0)	(80.0, 0.0)	(81.0, 0.0)	(82.0, 0.0)	(83.0, 0.0)	(84.0, 0.0)	(85.0, 0.001137721144547472)	(86.0, 0.0)	(87.0, 0.0)	(88.0, 0.0)	(89.0, 0.0)	(90.0, 0.0)	(91.0, 0.0)	(92.0, 0.0)	(93.0, 0.0)	(94.0, 0.0)	(95.0, 0.0)	(96.0, 0.001137721144547472)	(97.0, 0.001137721144547472)	(98.0, 0.0)	(99.0, 0.0)	(100.0, 0.0)
SRR19621129_1	(0.0, 0.0)	(1.0, 0.0)	(2.0, 0.0)	(3.0, 0.0)	(4.0, 0.0)	(5.0, 0.0)	(6.0, 0.0)	(7.0, 0.0)	(8.0, 0.0)	(9.0, 0.0)	(10.0, 0.0)	(11.0, 0.0)	(12.0, 0.0)	(13.0, 0.0)	(14.0, 0.0)	(15.0, 0.0)	(16.0, 0.0)	(17.0, 0.0)	(18.0, 0.0)	(19.0, 0.0)	(20.0, 0.0)	(21.0, 0.0)	(22.0, 0.0)	(23.0, 0.0)	(24.0, 0.0)	(25.0, 0.0)	(26.0, 0.0)	(27.0, 0.0)	(28.0, 0.0)	(29.0, 0.0)	(30.0, 0.0)	(31.0, 0.0)	(32.0, 0.0)	(33.0, 0.0)	(34.0, 0.0)	(35.0, 0.0)	(36.0, 0.0017345151162991904)	(37.0, 0.005203545348897571)	(38.0, 0.0069380604651967616)	(39.0, 0.015610636046692715)	(40.0, 0.03989384767488136)	(41.0, 0.06244254418677087)	(42.0, 0.08325672558236119)	(43.0, 0.10927445232684896)	(44.0, 0.17171699651361963)	(45.0, 0.5654519279135337)	(46.0, 1.0337710093143242)	(47.0, 0.8846027093125896)	(48.0, 3.3562867500389513)	(49.0, 5.944183303557427)	(50.0, 7.734202903577785)	(51.0, 10.998560352452353)	(52.0, 15.794494649021795)	(53.0, 18.626957833939663)	(54.0, 13.872651900161417)	(55.0, 9.361178082666054)	(56.0, 2.626055886076916)	(57.0, 3.2400742372468927)	(58.0, 2.978162454685685)	(59.0, 0.7926734081487298)	(60.0, 0.21334535930480053)	(61.0, 0.055504483721574106)	(62.0, 0.010407090697795142)	(63.0, 0.015610636046692715)	(64.0, 0.02601772674448785)	(65.0, 0.03295578720968461)	(66.0, 0.027752241860787043)	(67.0, 0.04856642325637733)	(68.0, 0.2636462976774774)	(69.0, 0.8776646488473925)	(70.0, 0.10927445232684896)	(71.0, 0.008672575581495952)	(72.0, 0.0034690302325983808)	(73.0, 0.0)	(74.0, 0.0)	(75.0, 0.0017345151162991904)	(76.0, 0.0)	(77.0, 0.0)	(78.0, 0.0)	(79.0, 0.0)	(80.0, 0.0)	(81.0, 0.0)	(82.0, 0.0)	(83.0, 0.0)	(84.0, 0.0)	(85.0, 0.0)	(86.0, 0.0)	(87.0, 0.0)	(88.0, 0.0)	(89.0, 0.0)	(90.0, 0.0)	(91.0, 0.0)	(92.0, 0.0)	(93.0, 0.0)	(94.0, 0.0)	(95.0, 0.0)	(96.0, 0.0)	(97.0, 0.0)	(98.0, 0.0)	(99.0, 0.0)	(100.0, 0.0)
SRR19621129_2	(0.0, 0.0)	(1.0, 0.0)	(2.0, 0.0)	(3.0, 0.0)	(4.0, 0.0)	(5.0, 0.0)	(6.0, 0.0)	(7.0, 0.0)	(8.0, 0.0)	(9.0, 0.0)	(10.0, 0.0)	(11.0, 0.0)	(12.0, 0.0)	(13.0, 0.0)	(14.0, 0.0)	(15.0, 0.0)	(16.0, 0.0)	(17.0, 0.0)	(18.0, 0.0)	(19.0, 0.0)	(20.0, 0.0)	(21.0, 0.0)	(22.0, 0.0)	(23.0, 0.0)	(24.0, 0.0)	(25.0, 0.0)	(26.0, 0.0)	(27.0, 0.0)	(28.0, 0.0)	(29.0, 0.0)	(30.0, 0.0)	(31.0, 0.0)	(32.0, 0.0)	(33.0, 0.0)	(34.0, 0.0)	(35.0, 0.0)	(36.0, 0.0)	(37.0, 0.001700015300137659)	(38.0, 0.005100045900412978)	(39.0, 0.02040018360165191)	(40.0, 0.039100351903166145)	(41.0, 0.04930044370399211)	(42.0, 0.07990071910647004)	(43.0, 0.11475103275929194)	(44.0, 0.12665113986025553)	(45.0, 0.3978035802322121)	(46.0, 0.4598541386872358)	(47.0, 1.039559356034186)	(48.0, 1.3549121942097264)	(49.0, 3.086377777399915)	(50.0, 3.3634802713223846)	(51.0, 10.070890638014628)	(52.0, 15.561940057461507)	(53.0, 16.415347738131)	(54.0, 15.56024004216137)	(55.0, 10.619995579959085)	(56.0, 8.483076347686415)	(57.0, 4.741342672084114)	(58.0, 0.7684069156622214)	(59.0, 0.421603794434139)	(60.0, 1.6507148564336622)	(61.0, 2.954626591639231)	(62.0, 0.9588086292776447)	(63.0, 0.2057018513166568)	(64.0, 0.0680006120055064)	(65.0, 0.045900413103716786)	(66.0, 0.05100045900412977)	(67.0, 0.05610050490454276)	(68.0, 0.04760042840385445)	(69.0, 0.03570032130289083)	(70.0, 0.05100045900412977)	(71.0, 0.16830151471362803)	(72.0, 0.7548067932611198)	(73.0, 0.13770123931115025)	(74.0, 0.015300137701238932)	(75.0, 0.006800061200550636)	(76.0, 0.006800061200550636)	(77.0, 0.0)	(78.0, 0.0)	(79.0, 0.0)	(80.0, 0.001700015300137659)	(81.0, 0.001700015300137659)	(82.0, 0.0)	(83.0, 0.0)	(84.0, 0.0)	(85.0, 0.0)	(86.0, 0.0)	(87.0, 0.0)	(88.0, 0.0)	(89.0, 0.0)	(90.0, 0.0)	(91.0, 0.0)	(92.0, 0.0)	(93.0, 0.0)	(94.0, 0.0)	(95.0, 0.0)	(96.0, 0.0)	(97.0, 0.0)	(98.0, 0.0)	(99.0, 0.0)	(100.0, 0.0)
SRR19621130_1	(0.0, 0.0)	(1.0, 0.0)	(2.0, 0.0)	(3.0, 0.0)	(4.0, 0.0)	(5.0, 0.0)	(6.0, 0.0)	(7.0, 0.0)	(8.0, 0.0)	(9.0, 0.0)	(10.0, 0.0)	(11.0, 0.0)	(12.0, 0.0)	(13.0, 0.0)	(14.0, 0.0)	(15.0, 0.0)	(16.0, 0.0)	(17.0, 0.0)	(18.0, 0.0)	(19.0, 0.0)	(20.0, 0.0)	(21.0, 0.0)	(22.0, 0.0)	(23.0, 0.0)	(24.0, 0.0)	(25.0, 0.0)	(26.0, 0.0)	(27.0, 0.0)	(28.0, 0.0)	(29.0, 0.0)	(30.0, 0.0)	(31.0, 0.0)	(32.0, 0.0)	(33.0, 0.0)	(34.0, 0.0)	(35.0, 0.0)	(36.0, 0.002928086202857674)	(37.0, 0.004880143671429456)	(38.0, 0.004880143671429456)	(39.0, 0.01464043101428837)	(40.0, 0.047825407980008706)	(41.0, 0.0810103849457289)	(42.0, 0.09369875849144545)	(43.0, 0.11614741938002109)	(44.0, 0.13078785039430957)	(45.0, 0.3416100570000603)	(46.0, 0.9506519871944553)	(47.0, 1.041422659483038)	(48.0, 3.389747794174948)	(49.0, 8.706176309830838)	(50.0, 11.066213789335198)	(51.0, 5.520418521120564)	(52.0, 7.477356133364342)	(53.0, 8.960919809479572)	(54.0, 9.415749199657004)	(55.0, 15.26020926055912)	(56.0, 4.603927539626321)	(57.0, 8.552939798547882)	(58.0, 9.519208245491354)	(59.0, 2.397126571406217)	(60.0, 0.5075349418286652)	(61.0, 0.12590770672288007)	(62.0, 0.06246583899429702)	(63.0, 0.03123291949714853)	(64.0, 0.022448660888575493)	(65.0, 0.022448660888575493)	(66.0, 0.026352775825719064)	(67.0, 0.05075349418286637)	(68.0, 0.2908565628171947)	(69.0, 0.9565081596001702)	(70.0, 0.1571406262200288)	(71.0, 0.01952057468571782)	(72.0, 0.009760287342858914)	(73.0, 0.00780822987428713)	(74.0, 0.002928086202857674)	(75.0, 0.0019520574685717826)	(76.0, 0.0019520574685717826)	(77.0, 0.0)	(78.0, 0.0)	(79.0, 0.0)	(80.0, 0.0)	(81.0, 0.0)	(82.0, 0.0)	(83.0, 0.0)	(84.0, 0.0)	(85.0, 0.0)	(86.0, 0.0)	(87.0, 0.0)	(88.0, 0.0)	(89.0, 0.0)	(90.0, 0.0)	(91.0, 0.0)	(92.0, 0.0)	(93.0, 0.0)	(94.0, 0.0)	(95.0, 0.0)	(96.0, 0.0)	(97.0, 0.0009760287342858913)	(98.0, 0.0009760287342858913)	(99.0, 0.0)	(100.0, 0.0)
SRR19621130_2	(0.0, 0.0)	(1.0, 0.0)	(2.0, 0.0)	(3.0, 0.0)	(4.0, 0.0)	(5.0, 0.0)	(6.0, 0.0)	(7.0, 0.0)	(8.0, 0.0)	(9.0, 0.0)	(10.0, 0.0)	(11.0, 0.0)	(12.0, 0.0)	(13.0, 0.0)	(14.0, 0.0)	(15.0, 0.0)	(16.0, 0.0)	(17.0, 0.0)	(18.0, 0.0)	(19.0, 0.0)	(20.0, 0.0)	(21.0, 0.0)	(22.0, 0.0)	(23.0, 0.0)	(24.0, 0.0)	(25.0, 0.0)	(26.0, 0.0009378575581939679)	(27.0, 0.0009378575581939679)	(28.0, 0.0018757151163879358)	(29.0, 0.0009378575581939679)	(30.0, 0.0018757151163879358)	(31.0, 0.0018757151163879358)	(32.0, 0.0009378575581939679)	(33.0, 0.0009378575581939679)	(34.0, 0.0)	(35.0, 0.0)	(36.0, 0.0018757151163879358)	(37.0, 0.005627145349163807)	(38.0, 0.005627145349163807)	(39.0, 0.02250858139665522)	(40.0, 0.05345788081705618)	(41.0, 0.06846360174815962)	(42.0, 0.0933168270402997)	(43.0, 0.14396113518277434)	(44.0, 0.14583685029916227)	(45.0, 0.20820437791906096)	(46.0, 0.28370191135367434)	(47.0, 1.022264738431416)	(48.0, 1.1920169564645147)	(49.0, 2.85108697690979)	(50.0, 3.190591412975939)	(51.0, 11.419353628571802)	(52.0, 10.884774820400997)	(53.0, 8.807420329000413)	(54.0, 8.676120270853199)	(55.0, 6.943897360868152)	(56.0, 11.690394462889756)	(57.0, 10.436478907584076)	(58.0, 1.2285934012340773)	(59.0, 0.7212124622511694)	(60.0, 5.040046517734024)	(61.0, 9.219139797047752)	(62.0, 3.1887156978595517)	(63.0, 0.6077316977096963)	(64.0, 0.18006865117324233)	(65.0, 0.0965993284939786)	(66.0, 0.07784217733009925)	(67.0, 0.0740907470973234)	(68.0, 0.05720931104983203)	(69.0, 0.051582165700668245)	(70.0, 0.07033931686454754)	(71.0, 0.19038508431337584)	(72.0, 0.8206253634197245)	(73.0, 0.17725507849866043)	(74.0, 0.02532215407123713)	(75.0, 0.002813572674581904)	(76.0, 0.0)	(77.0, 0.002813572674581904)	(78.0, 0.0009378575581939679)	(79.0, 0.0)	(80.0, 0.0018757151163879358)	(81.0, 0.0018757151163879358)	(82.0, 0.0009378575581939679)	(83.0, 0.0)	(84.0, 0.0)	(85.0, 0.0)	(86.0, 0.0009378575581939679)	(87.0, 0.0)	(88.0, 0.0)	(89.0, 0.0009378575581939679)	(90.0, 0.0009378575581939679)	(91.0, 0.0)	(92.0, 0.0)	(93.0, 0.0)	(94.0, 0.0)	(95.0, 0.0)	(96.0, 0.0)	(97.0, 0.0009378575581939679)	(98.0, 0.0009378575581939679)	(99.0, 0.0)	(100.0, 0.0)
SRR19621131_1	(0.0, 0.0)	(1.0, 0.0)	(2.0, 0.0)	(3.0, 0.0)	(4.0, 0.0)	(5.0, 0.0)	(6.0, 0.0)	(7.0, 0.0)	(8.0, 0.0)	(9.0, 0.0)	(10.0, 0.0)	(11.0, 0.0)	(12.0, 0.0)	(13.0, 0.0)	(14.0, 0.0)	(15.0, 0.0)	(16.0, 0.0)	(17.0, 0.0)	(18.0, 0.0)	(19.0, 0.0)	(20.0, 0.0)	(21.0, 0.0)	(22.0, 0.0)	(23.0, 0.0)	(24.0, 0.0)	(25.0, 0.0)	(26.0, 0.0)	(27.0, 0.0)	(28.0, 0.0)	(29.0, 0.0)	(30.0, 0.0)	(31.0, 0.0)	(32.0, 0.0)	(33.0, 0.0)	(34.0, 0.0)	(35.0, 0.0)	(36.0, 0.004010668377885163)	(37.0, 0.005013335472356453)	(38.0, 0.009024003850241616)	(39.0, 0.03709868249543777)	(40.0, 0.06918402951851901)	(41.0, 0.07319469789640416)	(42.0, 0.10728537910842803)	(43.0, 0.14739206288727993)	(44.0, 0.18549341247718926)	(45.0, 0.8713177050955546)	(46.0, 1.422784607054733)	(47.0, 1.829867447410103)	(48.0, 3.8061242906129937)	(49.0, 5.553773036276056)	(50.0, 8.832494435198253)	(51.0, 10.375599093590273)	(52.0, 13.069765576434833)	(53.0, 16.857841859343925)	(54.0, 17.274951370643603)	(55.0, 9.891310886960419)	(56.0, 2.0564702107606405)	(57.0, 2.659073134537955)	(58.0, 2.8305292076925648)	(59.0, 1.1400324864138451)	(60.0, 0.21356809112238512)	(61.0, 0.05314135600697842)	(62.0, 0.021056008983897093)	(63.0, 0.015040006417069358)	(64.0, 0.017045340606011934)	(65.0, 0.012032005133655488)	(66.0, 0.016042673511540647)	(67.0, 0.03008001283413872)	(68.0, 0.10828804620289932)	(69.0, 0.3469228146870649)	(70.0, 0.04010668377885165)	(71.0, 0.006016002566827743)	(72.0, 0.004010668377885163)	(73.0, 0.003008001283413872)	(74.0, 0.003008001283413872)	(75.0, 0.0)	(76.0, 0.0)	(77.0, 0.0)	(78.0, 0.0)	(79.0, 0.0)	(80.0, 0.0)	(81.0, 0.0)	(82.0, 0.0)	(83.0, 0.0)	(84.0, 0.0)	(85.0, 0.0)	(86.0, 0.0)	(87.0, 0.0)	(88.0, 0.0)	(89.0, 0.0)	(90.0, 0.0)	(91.0, 0.0)	(92.0, 0.0)	(93.0, 0.0)	(94.0, 0.0)	(95.0, 0.0)	(96.0, 0.0)	(97.0, 0.0010026670944712907)	(98.0, 0.0)	(99.0, 0.0)	(100.0, 0.0)
SRR19621131_2	(0.0, 0.0)	(1.0, 0.0)	(2.0, 0.0)	(3.0, 0.0)	(4.0, 0.0)	(5.0, 0.0)	(6.0, 0.0)	(7.0, 0.0)	(8.0, 0.0)	(9.0, 0.0)	(10.0, 0.0)	(11.0, 0.0)	(12.0, 0.0)	(13.0, 0.0)	(14.0, 0.0)	(15.0, 0.0)	(16.0, 0.0)	(17.0, 0.0)	(18.0, 0.0)	(19.0, 0.0)	(20.0, 0.0)	(21.0, 0.0)	(22.0, 0.0)	(23.0, 0.0)	(24.0, 0.0)	(25.0, 0.0)	(26.0, 0.0)	(27.0, 0.0)	(28.0, 0.0)	(29.0, 0.0)	(30.0, 0.0)	(31.0, 0.0)	(32.0, 0.0009975261351846964)	(33.0, 0.0009975261351846964)	(34.0, 0.0)	(35.0, 0.0)	(36.0, 0.004987630675923483)	(37.0, 0.013466602824993405)	(38.0, 0.014464128960178102)	(39.0, 0.025935679514802107)	(40.0, 0.0568589897055277)	(41.0, 0.08528848455829147)	(42.0, 0.11920437315457127)	(43.0, 0.15112520948048178)	(44.0, 0.16908067991380646)	(45.0, 0.5626047402441718)	(46.0, 0.8099912217699798)	(47.0, 1.4474104221529647)	(48.0, 2.1775995531082315)	(49.0, 3.8584310908943644)	(50.0, 5.199604979649885)	(51.0, 7.875967600351008)	(52.0, 12.701500279308567)	(53.0, 15.139454153697748)	(54.0, 14.453654935758895)	(55.0, 13.482064480089884)	(56.0, 11.179275397016635)	(57.0, 3.4474503231983635)	(58.0, 0.6593647753570901)	(59.0, 0.3601069348016736)	(60.0, 0.7152262389274348)	(61.0, 2.844944537546869)	(62.0, 1.5072619902640432)	(63.0, 0.23741122017395766)	(64.0, 0.06384167265182056)	(65.0, 0.03192083632591029)	(66.0, 0.03192083632591029)	(67.0, 0.03391588859627969)	(68.0, 0.0279307317851715)	(69.0, 0.025935679514802107)	(70.0, 0.024938153379617405)	(71.0, 0.07581198627403687)	(72.0, 0.3062405235017007)	(73.0, 0.06583672492218995)	(74.0, 0.005985156811108179)	(75.0, 0.0009975261351846964)	(76.0, 0.001995052270369393)	(77.0, 0.0)	(78.0, 0.0)	(79.0, 0.0)	(80.0, 0.0)	(81.0, 0.0)	(82.0, 0.0)	(83.0, 0.0)	(84.0, 0.0)	(85.0, 0.0009975261351846964)	(86.0, 0.0)	(87.0, 0.0)	(88.0, 0.0)	(89.0, 0.0)	(90.0, 0.0)	(91.0, 0.0)	(92.0, 0.0)	(93.0, 0.0)	(94.0, 0.0)	(95.0, 0.0)	(96.0, 0.0)	(97.0, 0.0)	(98.0, 0.0)	(99.0, 0.0)	(100.0, 0.0)
SRR19621132_1	(0.0, 0.0)	(1.0, 0.0)	(2.0, 0.0)	(3.0, 0.0)	(4.0, 0.0)	(5.0, 0.0)	(6.0, 0.0)	(7.0, 0.0)	(8.0, 0.0)	(9.0, 0.0)	(10.0, 0.0)	(11.0, 0.0)	(12.0, 0.0)	(13.0, 0.0)	(14.0, 0.0)	(15.0, 0.0)	(16.0, 0.0)	(17.0, 0.0)	(18.0, 0.0)	(19.0, 0.0)	(20.0, 0.0)	(21.0, 0.0)	(22.0, 0.0)	(23.0, 0.0)	(24.0, 0.0)	(25.0, 0.0)	(26.0, 0.0)	(27.0, 0.0)	(28.0, 0.0)	(29.0, 0.0)	(30.0, 0.0)	(31.0, 0.0)	(32.0, 0.0)	(33.0, 0.0)	(34.0, 0.0)	(35.0, 0.0)	(36.0, 0.006291524058787963)	(37.0, 0.006291524058787963)	(38.0, 0.007549828870545556)	(39.0, 0.03145762029393981)	(40.0, 0.07298167908194038)	(41.0, 0.08808133682303144)	(42.0, 0.12457217636400153)	(43.0, 0.1723877592107904)	(44.0, 0.21894503724582165)	(45.0, 0.2806019730219433)	(46.0, 0.6580934165492232)	(47.0, 0.6291524058787977)	(48.0, 0.6845178175961334)	(49.0, 0.7864405073485012)	(50.0, 2.2989228910811192)	(51.0, 4.53870545600966)	(52.0, 14.201228105498432)	(53.0, 20.850110730821225)	(54.0, 20.80858667203326)	(55.0, 15.761526072078148)	(56.0, 4.475790215421794)	(57.0, 4.898580632172249)	(58.0, 4.999245017112833)	(59.0, 1.1337326353935926)	(60.0, 0.29192671632776146)	(61.0, 0.20258707469297285)	(62.0, 0.10318099456412251)	(63.0, 0.05033219247030374)	(64.0, 0.05410710690557652)	(65.0, 0.04655727803503095)	(66.0, 0.04529897322327335)	(67.0, 0.0717233742701828)	(68.0, 0.32464264143345845)	(69.0, 0.9059794644654762)	(70.0, 0.14093013891685036)	(71.0, 0.017616267364606298)	(72.0, 0.003774914435272778)	(73.0, 0.003774914435272778)	(74.0, 0.0012583048117575928)	(75.0, 0.0012583048117575928)	(76.0, 0.0012583048117575928)	(77.0, 0.0)	(78.0, 0.0)	(79.0, 0.0)	(80.0, 0.0)	(81.0, 0.0)	(82.0, 0.0)	(83.0, 0.0)	(84.0, 0.0)	(85.0, 0.0)	(86.0, 0.0)	(87.0, 0.0)	(88.0, 0.0)	(89.0, 0.0)	(90.0, 0.0)	(91.0, 0.0)	(92.0, 0.0)	(93.0, 0.0)	(94.0, 0.0)	(95.0, 0.0)	(96.0, 0.0)	(97.0, 0.0)	(98.0, 0.0)	(99.0, 0.0)	(100.0, 0.0)
SRR19621132_2	(0.0, 0.0)	(1.0, 0.0)	(2.0, 0.0)	(3.0, 0.0)	(4.0, 0.0)	(5.0, 0.0)	(6.0, 0.0)	(7.0, 0.0)	(8.0, 0.0)	(9.0, 0.0)	(10.0, 0.0)	(11.0, 0.0)	(12.0, 0.0)	(13.0, 0.0)	(14.0, 0.0)	(15.0, 0.0)	(16.0, 0.0)	(17.0, 0.0)	(18.0, 0.0)	(19.0, 0.0)	(20.0, 0.0)	(21.0, 0.0)	(22.0, 0.0)	(23.0, 0.0)	(24.0, 0.0)	(25.0, 0.0)	(26.0, 0.0012710841076353885)	(27.0, 0.0012710841076353885)	(28.0, 0.0)	(29.0, 0.0)	(30.0, 0.0)	(31.0, 0.0)	(32.0, 0.0)	(33.0, 0.0)	(34.0, 0.0)	(35.0, 0.0)	(36.0, 0.006355420538176942)	(37.0, 0.015253009291624662)	(38.0, 0.012710841076353887)	(39.0, 0.03813252322906165)	(40.0, 0.08897588753447715)	(41.0, 0.10740660709519019)	(42.0, 0.13282828924789802)	(43.0, 0.1480812985395228)	(44.0, 0.21926200856710504)	(45.0, 0.36162342862226704)	(46.0, 0.2980692232404985)	(47.0, 0.7086293900067325)	(48.0, 0.8045962401332072)	(49.0, 0.4798342506323565)	(50.0, 1.1871925565314518)	(51.0, 2.856125989856776)	(52.0, 3.2387223062550716)	(53.0, 12.208762853839197)	(54.0, 19.312851931411572)	(55.0, 19.980171087919548)	(56.0, 17.13294268681887)	(57.0, 5.9060923061275545)	(58.0, 1.3276473504251545)	(59.0, 0.7270601095674462)	(60.0, 4.0611137238952075)	(61.0, 4.919095496548899)	(62.0, 1.343535901770596)	(63.0, 0.37369872764480305)	(64.0, 0.2402348963430891)	(65.0, 0.10931323325664329)	(66.0, 0.07245179413521714)	(67.0, 0.08134938288866483)	(68.0, 0.07499396235048791)	(69.0, 0.07753613056575868)	(70.0, 0.09406022396501867)	(71.0, 0.2198975506209227)	(72.0, 0.7766323897652277)	(73.0, 0.19956020489875637)	(74.0, 0.026692766260343153)	(75.0, 0.005084336430541554)	(76.0, 0.005084336430541554)	(77.0, 0.0012710841076353885)	(78.0, 0.0012710841076353885)	(79.0, 0.006355420538176942)	(80.0, 0.0038132523229061654)	(81.0, 0.0)	(82.0, 0.0)	(83.0, 0.0)	(84.0, 0.002542168215270777)	(85.0, 0.0)	(86.0, 0.0012710841076353885)	(87.0, 0.0012710841076353885)	(88.0, 0.0)	(89.0, 0.0)	(90.0, 0.0)	(91.0, 0.0)	(92.0, 0.0)	(93.0, 0.0)	(94.0, 0.0)	(95.0, 0.0)	(96.0, 0.0)	(97.0, 0.0)	(98.0, 0.0)	(99.0, 0.0)	(100.0, 0.0)
SRR19621133_1	(0.0, 0.0)	(1.0, 0.0)	(2.0, 0.0)	(3.0, 0.0)	(4.0, 0.0)	(5.0, 0.0)	(6.0, 0.0)	(7.0, 0.0)	(8.0, 0.0)	(9.0, 0.0)	(10.0, 0.0)	(11.0, 0.0)	(12.0, 0.0)	(13.0, 0.0)	(14.0, 0.0)	(15.0, 0.0)	(16.0, 0.0)	(17.0, 0.0)	(18.0, 0.0)	(19.0, 0.0)	(20.0, 0.0)	(21.0, 0.0)	(22.0, 0.0)	(23.0, 0.0)	(24.0, 0.0)	(25.0, 0.0)	(26.0, 0.0)	(27.0, 0.0)	(28.0, 0.0)	(29.0, 0.0)	(30.0, 0.0)	(31.0, 0.0)	(32.0, 0.0)	(33.0, 0.0)	(34.0, 0.0)	(35.0, 0.0)	(36.0, 0.0012281542070423158)	(37.0, 0.0024563084140846315)	(38.0, 0.009825233656338526)	(39.0, 0.033160163590142525)	(40.0, 0.05649509352394657)	(41.0, 0.07860186925070818)	(42.0, 0.11544649546197754)	(43.0, 0.15351927588028957)	(44.0, 0.1805386684352207)	(45.0, 0.3279171732802977)	(46.0, 1.016911683431044)	(47.0, 1.077091239576114)	(48.0, 1.3730764034732954)	(49.0, 1.8373186937352644)	(50.0, 5.981110988295748)	(51.0, 12.443658425754284)	(52.0, 18.61390516193288)	(53.0, 24.743622809275504)	(54.0, 19.09656976530007)	(55.0, 8.584797907225573)	(56.0, 1.92943025926344)	(57.0, 0.5723198604817193)	(58.0, 0.1805386684352207)	(59.0, 0.12895619173944306)	(60.0, 0.16702897215775514)	(61.0, 0.06754848138732739)	(62.0, 0.04175724303943875)	(63.0, 0.09948049077042748)	(64.0, 0.3365142527295938)	(65.0, 0.10562126180563904)	(66.0, 0.03561647200422716)	(67.0, 0.02456308414084631)	(68.0, 0.14492219643099327)	(69.0, 0.3684462621126935)	(70.0, 0.04666985986760802)	(71.0, 0.011053387863380844)	(72.0, 0.003684462621126948)	(73.0, 0.0012281542070423158)	(74.0, 0.003684462621126948)	(75.0, 0.0012281542070423158)	(76.0, 0.0012281542070423158)	(77.0, 0.0)	(78.0, 0.0)	(79.0, 0.0)	(80.0, 0.0)	(81.0, 0.0)	(82.0, 0.0)	(83.0, 0.0)	(84.0, 0.0012281542070423158)	(85.0, 0.0)	(86.0, 0.0)	(87.0, 0.0)	(88.0, 0.0)	(89.0, 0.0)	(90.0, 0.0)	(91.0, 0.0)	(92.0, 0.0)	(93.0, 0.0)	(94.0, 0.0)	(95.0, 0.0)	(96.0, 0.0)	(97.0, 0.0)	(98.0, 0.0)	(99.0, 0.0)	(100.0, 0.0)
SRR19621133_2	(0.0, 0.0)	(1.0, 0.0)	(2.0, 0.0)	(3.0, 0.0)	(4.0, 0.0)	(5.0, 0.0)	(6.0, 0.0)	(7.0, 0.0)	(8.0, 0.0)	(9.0, 0.0)	(10.0, 0.0)	(11.0, 0.0)	(12.0, 0.0)	(13.0, 0.0)	(14.0, 0.0)	(15.0, 0.0)	(16.0, 0.0)	(17.0, 0.0)	(18.0, 0.0)	(19.0, 0.0)	(20.0, 0.0)	(21.0, 0.0)	(22.0, 0.0)	(23.0, 0.0)	(24.0, 0.0)	(25.0, 0.0)	(26.0, 0.0)	(27.0, 0.0)	(28.0, 0.0)	(29.0, 0.0)	(30.0, 0.0)	(31.0, 0.0)	(32.0, 0.0)	(33.0, 0.0)	(34.0, 0.0012233313760031815)	(35.0, 0.0012233313760031815)	(36.0, 0.002446662752006363)	(37.0, 0.007339988256019088)	(38.0, 0.011009982384028635)	(39.0, 0.020796633392054082)	(40.0, 0.057496574672149574)	(41.0, 0.09297318457624174)	(42.0, 0.10642982971227664)	(43.0, 0.13273145429634514)	(44.0, 0.18961636328049347)	(45.0, 0.22570463887258757)	(46.0, 0.3792327265609849)	(47.0, 1.1878547660990857)	(48.0, 1.3927627715796072)	(49.0, 1.7089939322764116)	(50.0, 2.4833626932864847)	(51.0, 6.2334850264238195)	(52.0, 10.36895674300358)	(53.0, 16.362057154044077)	(54.0, 23.165002935991584)	(55.0, 19.954981405362155)	(56.0, 10.101658837346763)	(57.0, 3.3513163045608403)	(58.0, 0.594539048737547)	(59.0, 0.18105304364847113)	(60.0, 0.122333137600318)	(61.0, 0.09297318457624172)	(62.0, 0.15658641612840732)	(63.0, 0.13334311998434673)	(64.0, 0.04159326678410818)	(65.0, 0.0990898414562576)	(66.0, 0.2630162458406843)	(67.0, 0.12967312585633714)	(68.0, 0.0831865335682163)	(69.0, 0.031806615776082715)	(70.0, 0.02813662164807316)	(71.0, 0.09052652182423536)	(72.0, 0.34130945390488676)	(73.0, 0.06116656880015911)	(74.0, 0.004893325504012726)	(75.0, 0.0)	(76.0, 0.0012233313760031815)	(77.0, 0.0012233313760031815)	(78.0, 0.0)	(79.0, 0.0)	(80.0, 0.0)	(81.0, 0.0012233313760031815)	(82.0, 0.0)	(83.0, 0.0)	(84.0, 0.0)	(85.0, 0.0)	(86.0, 0.0)	(87.0, 0.0)	(88.0, 0.0)	(89.0, 0.0)	(90.0, 0.0)	(91.0, 0.0012233313760031815)	(92.0, 0.0012233313760031815)	(93.0, 0.0)	(94.0, 0.0)	(95.0, 0.0)	(96.0, 0.0)	(97.0, 0.0)	(98.0, 0.0)	(99.0, 0.0)	(100.0, 0.0)
SRR19621134_1	(0.0, 0.0)	(1.0, 0.0)	(2.0, 0.0)	(3.0, 0.0)	(4.0, 0.0)	(5.0, 0.0)	(6.0, 0.0)	(7.0, 0.0)	(8.0, 0.0)	(9.0, 0.0)	(10.0, 0.0)	(11.0, 0.0)	(12.0, 0.0)	(13.0, 0.0)	(14.0, 0.0)	(15.0, 0.0)	(16.0, 0.0)	(17.0, 0.0)	(18.0, 0.0)	(19.0, 0.0)	(20.0, 0.0)	(21.0, 0.0)	(22.0, 0.0)	(23.0, 0.0)	(24.0, 0.0)	(25.0, 0.0)	(26.0, 0.0)	(27.0, 0.0)	(28.0, 0.0)	(29.0, 0.0)	(30.0, 0.0)	(31.0, 0.0)	(32.0, 0.0)	(33.0, 0.0)	(34.0, 0.0)	(35.0, 0.0)	(36.0, 0.003644403411161896)	(37.0, 0.003644403411161896)	(38.0, 0.010933210233485688)	(39.0, 0.03644403411161896)	(40.0, 0.06316965912680621)	(41.0, 0.08139167618261563)	(42.0, 0.10811730119780277)	(43.0, 0.16521295463933944)	(44.0, 0.15670934667996161)	(45.0, 0.2247382103549842)	(46.0, 0.8127019606891099)	(47.0, 1.1722830972570737)	(48.0, 1.742024830535351)	(49.0, 1.7687504555505367)	(50.0, 4.417016934328231)	(51.0, 9.244636652980805)	(52.0, 17.336427026897663)	(53.0, 26.084210014815312)	(54.0, 20.428095920697192)	(55.0, 10.634369153771175)	(56.0, 2.5510823878133624)	(57.0, 0.7130882674506819)	(58.0, 0.2065161932991746)	(59.0, 0.16885735805050137)	(60.0, 0.38387715930905153)	(61.0, 0.14699093758352982)	(62.0, 0.09353968755315524)	(63.0, 0.1907237785174729)	(64.0, 0.5478753128113379)	(65.0, 0.16885735805050137)	(66.0, 0.0425180397968888)	(67.0, 0.025510823878133262)	(68.0, 0.06316965912680621)	(69.0, 0.1676425569134474)	(70.0, 0.023081221604025336)	(71.0, 0.004859204548215861)	(72.0, 0.003644403411161896)	(73.0, 0.0012148011370539653)	(74.0, 0.0)	(75.0, 0.0)	(76.0, 0.0)	(77.0, 0.0012148011370539653)	(78.0, 0.0012148011370539653)	(79.0, 0.0)	(80.0, 0.0)	(81.0, 0.0)	(82.0, 0.0)	(83.0, 0.0)	(84.0, 0.0)	(85.0, 0.0)	(86.0, 0.0)	(87.0, 0.0)	(88.0, 0.0)	(89.0, 0.0)	(90.0, 0.0)	(91.0, 0.0)	(92.0, 0.0)	(93.0, 0.0)	(94.0, 0.0)	(95.0, 0.0)	(96.0, 0.0)	(97.0, 0.0)	(98.0, 0.0)	(99.0, 0.0)	(100.0, 0.0)
SRR19621134_2	(0.0, 0.0)	(1.0, 0.0)	(2.0, 0.0)	(3.0, 0.0)	(4.0, 0.0)	(5.0, 0.0)	(6.0, 0.0)	(7.0, 0.0)	(8.0, 0.0)	(9.0, 0.0)	(10.0, 0.0)	(11.0, 0.0)	(12.0, 0.0)	(13.0, 0.0)	(14.0, 0.0)	(15.0, 0.0)	(16.0, 0.0)	(17.0, 0.0)	(18.0, 0.0)	(19.0, 0.0)	(20.0, 0.0)	(21.0, 0.0)	(22.0, 0.0)	(23.0, 0.0)	(24.0, 0.0)	(25.0, 0.0)	(26.0, 0.0)	(27.0, 0.0)	(28.0, 0.0)	(29.0, 0.0)	(30.0, 0.0)	(31.0, 0.0)	(32.0, 0.0011934242324791182)	(33.0, 0.0011934242324791182)	(34.0, 0.0023868484649582364)	(35.0, 0.003580272697437355)	(36.0, 0.0023868484649582364)	(37.0, 0.004773696929916473)	(38.0, 0.0131276665572703)	(39.0, 0.03460930274189443)	(40.0, 0.06563833278635153)	(41.0, 0.09070024166841291)	(42.0, 0.10084434764448538)	(43.0, 0.15395172598980636)	(44.0, 0.1909478771966593)	(45.0, 0.20884924068384617)	(46.0, 0.3472864516514224)	(47.0, 0.8688128412448071)	(48.0, 1.6385714711937986)	(49.0, 1.914252468896473)	(50.0, 1.8438404391801972)	(51.0, 4.536802219769336)	(52.0, 7.901661843243833)	(53.0, 15.399946295912539)	(54.0, 24.48071128083789)	(55.0, 20.420682041947625)	(56.0, 11.171644240238104)	(57.0, 5.413372318525049)	(58.0, 0.8318166900379533)	(59.0, 0.2828415430975509)	(60.0, 0.1288898171077447)	(61.0, 0.1157621505504743)	(62.0, 0.35206014858133877)	(63.0, 0.32938508816423584)	(64.0, 0.11098845362055784)	(65.0, 0.13963063520005684)	(66.0, 0.41531163290273115)	(67.0, 0.169466241012035)	(68.0, 0.054897514694039466)	(69.0, 0.020288211952145006)	(70.0, 0.01790136348718677)	(71.0, 0.036996151206852665)	(72.0, 0.14917802905988986)	(73.0, 0.021481636184624123)	(74.0, 0.003580272697437355)	(75.0, 0.0)	(76.0, 0.0023868484649582364)	(77.0, 0.0011934242324791182)	(78.0, 0.0011934242324791182)	(79.0, 0.0)	(80.0, 0.0)	(81.0, 0.0)	(82.0, 0.0)	(83.0, 0.0)	(84.0, 0.0)	(85.0, 0.0)	(86.0, 0.0)	(87.0, 0.0)	(88.0, 0.0)	(89.0, 0.0)	(90.0, 0.0)	(91.0, 0.0)	(92.0, 0.0)	(93.0, 0.0)	(94.0, 0.0)	(95.0, 0.0011934242324791182)	(96.0, 0.0)	(97.0, 0.0)	(98.0, 0.0)	(99.0, 0.0)	(100.0, 0.0017901363487186775)
SRR19621135_1	(0.0, 0.0)	(1.0, 0.0)	(2.0, 0.0)	(3.0, 0.0)	(4.0, 0.0)	(5.0, 0.0)	(6.0, 0.0)	(7.0, 0.0)	(8.0, 0.0)	(9.0, 0.0)	(10.0, 0.0)	(11.0, 0.0)	(12.0, 0.0)	(13.0, 0.0)	(14.0, 0.0)	(15.0, 0.0)	(16.0, 0.0)	(17.0, 0.0)	(18.0, 0.0)	(19.0, 0.0)	(20.0, 0.0)	(21.0, 0.0)	(22.0, 0.0)	(23.0, 0.0)	(24.0, 0.0)	(25.0, 0.0)	(26.0, 0.0)	(27.0, 0.0)	(28.0, 0.0)	(29.0, 0.0)	(30.0, 0.0)	(31.0, 0.0)	(32.0, 0.0)	(33.0, 0.0)	(34.0, 0.0)	(35.0, 0.0)	(36.0, 0.0015196875522391936)	(37.0, 0.0030393751044783873)	(38.0, 0.010637812865674357)	(39.0, 0.04103156391045823)	(40.0, 0.07446469005972055)	(41.0, 0.08966156558211243)	(42.0, 0.118535629074657)	(43.0, 0.1550081303283976)	(44.0, 0.209716882209009)	(45.0, 0.2750634469552948)	(46.0, 0.9589228454629386)	(47.0, 1.4330653617615579)	(48.0, 1.7172469340302712)	(49.0, 2.439098521343865)	(50.0, 7.04983055483729)	(51.0, 11.485798519823955)	(52.0, 13.181769828123665)	(53.0, 20.679908210872522)	(54.0, 17.005303709559215)	(55.0, 8.776195614180622)	(56.0, 3.1396744829262127)	(57.0, 1.9345622540004634)	(58.0, 1.3874747351943848)	(59.0, 0.2355515705970755)	(60.0, 0.15044906767168)	(61.0, 0.08510250292539485)	(62.0, 0.039511876358219025)	(63.0, 0.04863000167165421)	(64.0, 0.0790237527164381)	(65.0, 0.12309469173137456)	(66.0, 0.12157500417913539)	(67.0, 0.2522681336717067)	(68.0, 1.4224275488958842)	(69.0, 4.480038904001335)	(70.0, 0.6397884594926988)	(71.0, 0.08814187802987325)	(72.0, 0.039511876358219025)	(73.0, 0.013677187970152743)	(74.0, 0.007598437761195969)	(75.0, 0.004559062656717581)	(76.0, 0.0)	(77.0, 0.0015196875522391936)	(78.0, 0.0)	(79.0, 0.0)	(80.0, 0.0)	(81.0, 0.0)	(82.0, 0.0)	(83.0, 0.0)	(84.0, 0.0)	(85.0, 0.0)	(86.0, 0.0)	(87.0, 0.0)	(88.0, 0.0)	(89.0, 0.0)	(90.0, 0.0)	(91.0, 0.0)	(92.0, 0.0)	(93.0, 0.0)	(94.0, 0.0)	(95.0, 0.0)	(96.0, 0.0)	(97.0, 0.0)	(98.0, 0.0)	(99.0, 0.0)	(100.0, 0.0)
SRR19621135_2	(0.0, 0.0)	(1.0, 0.0)	(2.0, 0.0)	(3.0, 0.0)	(4.0, 0.0)	(5.0, 0.0)	(6.0, 0.0)	(7.0, 0.0)	(8.0, 0.0)	(9.0, 0.0)	(10.0, 0.0)	(11.0, 0.0)	(12.0, 0.0)	(13.0, 0.0)	(14.0, 0.0)	(15.0, 0.0)	(16.0, 0.0)	(17.0, 0.0)	(18.0, 0.0)	(19.0, 0.0)	(20.0, 0.0)	(21.0, 0.0015169902912620641)	(22.0, 0.0)	(23.0, 0.0)	(24.0, 0.0)	(25.0, 0.0)	(26.0, 0.0)	(27.0, 0.0)	(28.0, 0.0)	(29.0, 0.0)	(30.0, 0.0)	(31.0, 0.0)	(32.0, 0.0)	(33.0, 0.0)	(34.0, 0.0)	(35.0, 0.0030339805825241282)	(36.0, 0.0060679611650482565)	(37.0, 0.009860436893203416)	(38.0, 0.00758495145631032)	(39.0, 0.031856796116503334)	(40.0, 0.0584041262135895)	(41.0, 0.09177791262135487)	(42.0, 0.10694781553397545)	(43.0, 0.16080097087377868)	(44.0, 0.1774878640776615)	(45.0, 0.23361650485435825)	(46.0, 0.33525485436891633)	(47.0, 1.2848907766989748)	(48.0, 1.9652609223299717)	(49.0, 1.7149575242717456)	(50.0, 2.8109830097086066)	(51.0, 8.378337378639745)	(52.0, 11.765776699028834)	(53.0, 11.011832524271245)	(54.0, 18.099211165050832)	(55.0, 16.75060679611824)	(56.0, 9.418992718445352)	(57.0, 4.302184466019384)	(58.0, 1.002730582524233)	(59.0, 0.3989684466019221)	(60.0, 0.7645631067960822)	(61.0, 1.4183859223300288)	(62.0, 0.35042475728153677)	(63.0, 0.10467233009708236)	(64.0, 0.08343446601941354)	(65.0, 0.09405339805824794)	(66.0, 0.121359223300965)	(67.0, 0.2017597087378547)	(68.0, 0.24120145631066864)	(69.0, 0.207827669902903)	(70.0, 0.2624393203883377)	(71.0, 1.0042475728154951)	(72.0, 4.138349514563063)	(73.0, 0.7721480582523926)	(74.0, 0.0515776699029102)	(75.0, 0.024271844660193023)	(76.0, 0.01820388349514477)	(77.0, 0.010618932038834449)	(78.0, 0.0)	(79.0, 0.0)	(80.0, 0.0)	(81.0, 0.0)	(82.0, 0.0)	(83.0, 0.0)	(84.0, 0.0)	(85.0, 0.0)	(86.0, 0.0)	(87.0, 0.0)	(88.0, 0.0)	(89.0, 0.0)	(90.0, 0.0015169902912620641)	(91.0, 0.0)	(92.0, 0.0)	(93.0, 0.0)	(94.0, 0.0)	(95.0, 0.0)	(96.0, 0.0)	(97.0, 0.0)	(98.0, 0.0)	(99.0, 0.0)	(100.0, 0.0)
SRR19621136_1	(0.0, 0.0)	(1.0, 0.0)	(2.0, 0.0)	(3.0, 0.0)	(4.0, 0.0)	(5.0, 0.0)	(6.0, 0.0)	(7.0, 0.0)	(8.0, 0.0)	(9.0, 0.0)	(10.0, 0.0)	(11.0, 0.0)	(12.0, 0.0)	(13.0, 0.0)	(14.0, 0.0)	(15.0, 0.0)	(16.0, 0.0)	(17.0, 0.0)	(18.0, 0.0)	(19.0, 0.0)	(20.0, 0.0)	(21.0, 0.0)	(22.0, 0.0)	(23.0, 0.0)	(24.0, 0.0)	(25.0, 0.0)	(26.0, 0.0)	(27.0, 0.0)	(28.0, 0.0)	(29.0, 0.0)	(30.0, 0.0)	(31.0, 0.0)	(32.0, 0.0)	(33.0, 0.0)	(34.0, 0.0011123717991501562)	(35.0, 0.0011123717991501562)	(36.0, 0.0033371153974504687)	(37.0, 0.0033371153974504687)	(38.0, 0.006674230794900937)	(39.0, 0.02335980778215327)	(40.0, 0.05005673096175706)	(41.0, 0.09121448753031271)	(42.0, 0.09677634652606347)	(43.0, 0.12792275690226795)	(44.0, 0.18131660326147583)	(45.0, 0.320363078155244)	(46.0, 0.8676500033371307)	(47.0, 1.1891254532915074)	(48.0, 2.1435404569623615)	(49.0, 3.0389997552783385)	(50.0, 7.708736568110358)	(51.0, 13.358472935996572)	(52.0, 15.139380186434773)	(53.0, 21.82362232752198)	(54.0, 15.601014483081668)	(55.0, 8.013526441077639)	(56.0, 2.836548087832987)	(57.0, 1.502814300651834)	(58.0, 0.9177067342988849)	(59.0, 0.182428975060626)	(60.0, 0.10901243631671516)	(61.0, 0.03670826937195516)	(62.0, 0.022247435983003116)	(63.0, 0.01891032058555265)	(64.0, 0.03782064117110532)	(65.0, 0.05561858995750783)	(66.0, 0.06340519255155891)	(67.0, 0.1724176288682745)	(68.0, 0.9321675676878363)	(69.0, 2.812075908251681)	(70.0, 0.407128078488955)	(71.0, 0.05450621815835768)	(72.0, 0.02447217958130343)	(73.0, 0.01446083338895203)	(74.0, 0.006674230794900937)	(75.0, 0.0022247435983003125)	(76.0, 0.0)	(77.0, 0.0)	(78.0, 0.0)	(79.0, 0.0)	(80.0, 0.0)	(81.0, 0.0)	(82.0, 0.0)	(83.0, 0.0)	(84.0, 0.0)	(85.0, 0.0)	(86.0, 0.0)	(87.0, 0.0)	(88.0, 0.0)	(89.0, 0.0)	(90.0, 0.0)	(91.0, 0.0)	(92.0, 0.0)	(93.0, 0.0)	(94.0, 0.0)	(95.0, 0.0)	(96.0, 0.0)	(97.0, 0.0)	(98.0, 0.0)	(99.0, 0.0)	(100.0, 0.0)
SRR19621136_2	(0.0, 0.0)	(1.0, 0.0)	(2.0, 0.0)	(3.0, 0.0)	(4.0, 0.0)	(5.0, 0.0)	(6.0, 0.0)	(7.0, 0.0)	(8.0, 0.0)	(9.0, 0.0)	(10.0, 0.0)	(11.0, 0.0)	(12.0, 0.0)	(13.0, 0.0)	(14.0, 0.0)	(15.0, 0.0)	(16.0, 0.0)	(17.0, 0.0)	(18.0, 0.0)	(19.0, 0.0)	(20.0, 0.0)	(21.0, 0.0)	(22.0, 0.0)	(23.0, 0.0)	(24.0, 0.0)	(25.0, 0.0)	(26.0, 0.0)	(27.0, 0.0)	(28.0, 0.0)	(29.0, 0.0)	(30.0, 0.0)	(31.0, 0.0)	(32.0, 0.0021965711524309915)	(33.0, 0.0021965711524309915)	(34.0, 0.0021965711524309915)	(35.0, 0.0021965711524309915)	(36.0, 0.0010982855762154957)	(37.0, 0.008786284609723966)	(38.0, 0.013179426914585948)	(39.0, 0.018121712007555676)	(40.0, 0.057659992751313546)	(41.0, 0.08841198888534732)	(42.0, 0.1092794148334417)	(43.0, 0.14936683836530756)	(44.0, 0.18066797728744943)	(45.0, 0.19878968929500526)	(46.0, 0.33607538632194056)	(47.0, 1.0208564430923026)	(48.0, 1.722660926293971)	(49.0, 2.098274593359713)	(50.0, 2.895629921692253)	(51.0, 10.668196944570385)	(52.0, 15.258481510362735)	(53.0, 11.606681969446955)	(54.0, 17.760376052979357)	(55.0, 15.992136275274019)	(56.0, 8.70610976266051)	(57.0, 3.6528978264928282)	(58.0, 0.8006501850611047)	(59.0, 0.32619081613600115)	(60.0, 0.6732490582201036)	(61.0, 0.9093804571064363)	(62.0, 0.1954948325663587)	(63.0, 0.05491427881077482)	(64.0, 0.04612799420105084)	(65.0, 0.05271770765834383)	(66.0, 0.0834697037923776)	(67.0, 0.124106270112351)	(68.0, 0.15156340951773858)	(69.0, 0.11971312780748897)	(70.0, 0.17352912104204865)	(71.0, 0.5744033563607062)	(72.0, 2.5864625319875563)	(73.0, 0.4898353669921106)	(74.0, 0.04942285092969734)	(75.0, 0.012081141338370453)	(76.0, 0.010982855762154959)	(77.0, 0.004393142304861983)	(78.0, 0.0010982855762154957)	(79.0, 0.0)	(80.0, 0.0)	(81.0, 0.0010982855762154957)	(82.0, 0.0010982855762154957)	(83.0, 0.0010982855762154957)	(84.0, 0.0010982855762154957)	(85.0, 0.0010982855762154957)	(86.0, 0.0)	(87.0, 0.0010982855762154957)	(88.0, 0.0010982855762154957)	(89.0, 0.0)	(90.0, 0.0)	(91.0, 0.0)	(92.0, 0.0)	(93.0, 0.0)	(94.0, 0.0)	(95.0, 0.0)	(96.0, 0.0)	(97.0, 0.0)	(98.0, 0.0)	(99.0, 0.0)	(100.0, 0.0)
SRR19621137_1	(0.0, 0.0)	(1.0, 0.0)	(2.0, 0.0)	(3.0, 0.0)	(4.0, 0.0)	(5.0, 0.0)	(6.0, 0.0)	(7.0, 0.0)	(8.0, 0.0)	(9.0, 0.0)	(10.0, 0.0)	(11.0, 0.0)	(12.0, 0.0)	(13.0, 0.0)	(14.0, 0.0)	(15.0, 0.0)	(16.0, 0.0)	(17.0, 0.0)	(18.0, 0.0)	(19.0, 0.0)	(20.0, 0.0)	(21.0, 0.0)	(22.0, 0.0)	(23.0, 0.0)	(24.0, 0.0)	(25.0, 0.0)	(26.0, 0.0)	(27.0, 0.0)	(28.0, 0.0)	(29.0, 0.0)	(30.0, 0.0)	(31.0, 0.0)	(32.0, 0.0)	(33.0, 0.0)	(34.0, 0.0)	(35.0, 0.0)	(36.0, 0.0026766953519184616)	(37.0, 0.009368433731714617)	(38.0, 0.018736867463429233)	(39.0, 0.033458691898980764)	(40.0, 0.07093242682583926)	(41.0, 0.11777459548441217)	(42.0, 0.13651146294784142)	(43.0, 0.14320320132763764)	(44.0, 0.21279728047751814)	(45.0, 0.4296096039829114)	(46.0, 1.1335804815374744)	(47.0, 1.2272648188546151)	(48.0, 1.707731634523952)	(49.0, 2.4009957306708527)	(50.0, 7.168190152437133)	(51.0, 9.723095865843748)	(52.0, 9.36174199333459)	(53.0, 18.15200952903649)	(54.0, 15.985224641659837)	(55.0, 8.645725986696077)	(56.0, 4.282712563069686)	(57.0, 6.908550703301102)	(58.0, 6.33573789799068)	(59.0, 0.8391439928264441)	(60.0, 0.3265568329340521)	(61.0, 0.13651146294784142)	(62.0, 0.08966929428926844)	(63.0, 0.06424068844604314)	(64.0, 0.09502268499310533)	(65.0, 0.0976993803450238)	(66.0, 0.10439111872481992)	(67.0, 0.19004536998621105)	(68.0, 0.8833094661331)	(69.0, 2.4719281574967003)	(70.0, 0.3466320480734403)	(71.0, 0.07896251288159463)	(72.0, 0.022751910491306922)	(73.0, 0.020075215139388463)	(74.0, 0.013383476759592313)	(75.0, 0.008030086055755385)	(76.0, 0.0026766953519184616)	(77.0, 0.0013383476759592308)	(78.0, 0.0)	(79.0, 0.0)	(80.0, 0.0)	(81.0, 0.0)	(82.0, 0.0)	(83.0, 0.0)	(84.0, 0.0)	(85.0, 0.0)	(86.0, 0.0)	(87.0, 0.0)	(88.0, 0.0)	(89.0, 0.0)	(90.0, 0.0)	(91.0, 0.0)	(92.0, 0.0)	(93.0, 0.0)	(94.0, 0.0)	(95.0, 0.0)	(96.0, 0.0)	(97.0, 0.0)	(98.0, 0.0)	(99.0, 0.0)	(100.0, 0.0)
SRR19621137_2	(0.0, 0.0)	(1.0, 0.0)	(2.0, 0.0)	(3.0, 0.0)	(4.0, 0.0)	(5.0, 0.0)	(6.0, 0.0)	(7.0, 0.0)	(8.0, 0.0)	(9.0, 0.0)	(10.0, 0.0)	(11.0, 0.0)	(12.0, 0.0)	(13.0, 0.0)	(14.0, 0.0)	(15.0, 0.0)	(16.0, 0.0)	(17.0, 0.0)	(18.0, 0.0)	(19.0, 0.0)	(20.0, 0.0)	(21.0, 0.0)	(22.0, 0.0)	(23.0, 0.0)	(24.0, 0.0)	(25.0, 0.0)	(26.0, 0.0)	(27.0, 0.0)	(28.0, 0.0)	(29.0, 0.0)	(30.0, 0.0013744381983863776)	(31.0, 0.0)	(32.0, 0.0)	(33.0, 0.0)	(34.0, 0.0)	(35.0, 0.0013744381983863776)	(36.0, 0.002748876396772755)	(37.0, 0.01099550558709102)	(38.0, 0.012369943785477398)	(39.0, 0.02886320216611392)	(40.0, 0.08040463460560308)	(41.0, 0.10720617947413737)	(42.0, 0.13469494344186483)	(43.0, 0.18280028038538837)	(44.0, 0.2329672746264915)	(45.0, 0.2652665722885716)	(46.0, 0.4542518245666959)	(47.0, 1.4960759789435594)	(48.0, 1.4060502769492567)	(49.0, 1.7661530849264668)	(50.0, 3.0134557499621875)	(51.0, 8.305730032848144)	(52.0, 7.331940569291618)	(53.0, 7.610951523563989)	(54.0, 15.654163860524159)	(55.0, 17.415506411756386)	(56.0, 9.48774688346087)	(57.0, 5.864727792514491)	(58.0, 1.5806039281443165)	(59.0, 0.8425306156108554)	(60.0, 2.770867407946964)	(61.0, 6.949159531041096)	(62.0, 1.8871036463844613)	(63.0, 0.43294803249170727)	(64.0, 0.16630702200475173)	(65.0, 0.13332050524347844)	(66.0, 0.13057162884670567)	(67.0, 0.19791910056763865)	(68.0, 0.1800514039886156)	(69.0, 0.138818258037024)	(70.0, 0.21853567354343448)	(71.0, 0.5951317399013004)	(72.0, 2.299435105900383)	(73.0, 0.49892106601425246)	(74.0, 0.053603089737068746)	(75.0, 0.027488763967727543)	(76.0, 0.02061657297579566)	(77.0, 0.002748876396772755)	(78.0, 0.0013744381983863776)	(79.0, 0.0013744381983863776)	(80.0, 0.0)	(81.0, 0.0)	(82.0, 0.0013744381983863776)	(83.0, 0.0013744381983863776)	(84.0, 0.0)	(85.0, 0.0)	(86.0, 0.0)	(87.0, 0.0)	(88.0, 0.0)	(89.0, 0.0)	(90.0, 0.0)	(91.0, 0.0)	(92.0, 0.0)	(93.0, 0.0)	(94.0, 0.0)	(95.0, 0.0)	(96.0, 0.0)	(97.0, 0.0)	(98.0, 0.0)	(99.0, 0.0)	(100.0, 0.0)
SRR19621138_1	(0.0, 0.0)	(1.0, 0.0)	(2.0, 0.0)	(3.0, 0.0)	(4.0, 0.0)	(5.0, 0.0)	(6.0, 0.0)	(7.0, 0.0)	(8.0, 0.0)	(9.0, 0.0)	(10.0, 0.0)	(11.0, 0.0)	(12.0, 0.0)	(13.0, 0.0)	(14.0, 0.0)	(15.0, 0.0)	(16.0, 0.0)	(17.0, 0.0)	(18.0, 0.0)	(19.0, 0.0)	(20.0, 0.0)	(21.0, 0.0)	(22.0, 0.0)	(23.0, 0.0)	(24.0, 0.0)	(25.0, 0.0)	(26.0, 0.0)	(27.0, 0.0)	(28.0, 0.0)	(29.0, 0.0)	(30.0, 0.0)	(31.0, 0.0)	(32.0, 0.0)	(33.0, 0.0)	(34.0, 0.0)	(35.0, 0.0)	(36.0, 0.0014159091552685382)	(37.0, 0.005663636621074153)	(38.0, 0.005663636621074153)	(39.0, 0.019822728173759532)	(40.0, 0.04814091127913031)	(41.0, 0.08495454931611228)	(42.0, 0.10194545917933467)	(43.0, 0.14442273383739074)	(44.0, 0.1840681901849101)	(45.0, 0.3596409254382082)	(46.0, 1.1185682326621558)	(47.0, 0.9458273157193919)	(48.0, 2.442443292838209)	(49.0, 4.33551383343246)	(50.0, 9.858975448134567)	(51.0, 20.00538045478997)	(52.0, 18.210007645911098)	(53.0, 13.097159686235186)	(54.0, 10.246934556678324)	(55.0, 5.326650242120215)	(56.0, 2.571291025967661)	(57.0, 3.044204683827406)	(58.0, 2.1861637357345747)	(59.0, 0.5054795684308656)	(60.0, 0.9939682269985236)	(61.0, 0.8552091297822029)	(62.0, 0.17982046271910446)	(63.0, 0.10902500495567735)	(64.0, 0.10336136833460322)	(65.0, 0.09769773171352909)	(66.0, 0.08920227678191787)	(67.0, 0.10760909580040882)	(68.0, 0.49981593180979145)	(69.0, 1.8024523546568207)	(70.0, 0.2520318296378004)	(71.0, 0.025486364794833682)	(72.0, 0.015575000707953923)	(73.0, 0.008495454931611229)	(74.0, 0.0028318183105370764)	(75.0, 0.0014159091552685382)	(76.0, 0.0014159091552685382)	(77.0, 0.0)	(78.0, 0.0)	(79.0, 0.0)	(80.0, 0.0)	(81.0, 0.0)	(82.0, 0.0)	(83.0, 0.0)	(84.0, 0.0)	(85.0, 0.0)	(86.0, 0.0)	(87.0, 0.0014159091552685382)	(88.0, 0.0014159091552685382)	(89.0, 0.0)	(90.0, 0.0)	(91.0, 0.0)	(92.0, 0.0)	(93.0, 0.0)	(94.0, 0.0)	(95.0, 0.0)	(96.0, 0.0014159091552685382)	(97.0, 0.0)	(98.0, 0.0)	(99.0, 0.0)	(100.0, 0.0)
SRR19621138_2	(0.0, 0.0)	(1.0, 0.0)	(2.0, 0.0)	(3.0, 0.0)	(4.0, 0.0)	(5.0, 0.0)	(6.0, 0.0)	(7.0, 0.0)	(8.0, 0.0)	(9.0, 0.0)	(10.0, 0.0)	(11.0, 0.0)	(12.0, 0.0)	(13.0, 0.0)	(14.0, 0.0)	(15.0, 0.0)	(16.0, 0.0)	(17.0, 0.0)	(18.0, 0.0)	(19.0, 0.0)	(20.0, 0.0)	(21.0, 0.0)	(22.0, 0.0)	(23.0, 0.0)	(24.0, 0.0)	(25.0, 0.0)	(26.0, 0.0014031936687900347)	(27.0, 0.0014031936687900347)	(28.0, 0.0)	(29.0, 0.0)	(30.0, 0.0)	(31.0, 0.0028063873375800694)	(32.0, 0.0042095810063701045)	(33.0, 0.0)	(34.0, 0.0)	(35.0, 0.004911177840765121)	(36.0, 0.016838324025480418)	(37.0, 0.014733533522295365)	(38.0, 0.012628743019110314)	(39.0, 0.02666067970701065)	(40.0, 0.07226447394268681)	(41.0, 0.09752195998090736)	(42.0, 0.11085229983441264)	(43.0, 0.1803103864395196)	(44.0, 0.1768024022675445)	(45.0, 0.17539920859875446)	(46.0, 0.3178233659809429)	(47.0, 1.637527011477951)	(48.0, 1.9595599584652457)	(49.0, 2.356663766732837)	(50.0, 3.581651839586677)	(51.0, 15.353043527068444)	(52.0, 17.243846995763874)	(53.0, 14.168046473774718)	(54.0, 14.597423736424664)	(55.0, 10.731625178906361)	(56.0, 4.631942300676027)	(57.0, 1.887295484522563)	(58.0, 0.72124154575808)	(59.0, 0.4784890410573996)	(60.0, 1.578592877388773)	(61.0, 2.9803833525100782)	(62.0, 1.3989840877836586)	(63.0, 0.27362276541405745)	(64.0, 0.14873852889174358)	(65.0, 0.09541716947772232)	(66.0, 0.09541716947772232)	(67.0, 0.15435130356690377)	(68.0, 0.1178682681783628)	(69.0, 0.081385232789822)	(70.0, 0.14312575421658338)	(71.0, 0.3746527095669385)	(72.0, 1.5771896837199828)	(73.0, 0.3550079982038783)	(74.0, 0.039289422726120966)	(75.0, 0.008419162012740207)	(76.0, 0.005612774675160139)	(77.0, 0.0)	(78.0, 0.0014031936687900347)	(79.0, 0.0014031936687900347)	(80.0, 0.0)	(81.0, 0.0)	(82.0, 0.0014031936687900347)	(83.0, 0.0)	(84.0, 0.0)	(85.0, 0.0)	(86.0, 0.0)	(87.0, 0.0)	(88.0, 0.0014031936687900347)	(89.0, 0.0014031936687900347)	(90.0, 0.0)	(91.0, 0.0)	(92.0, 0.0)	(93.0, 0.0)	(94.0, 0.0)	(95.0, 0.0)	(96.0, 0.0)	(97.0, 0.0)	(98.0, 0.0)	(99.0, 0.0)	(100.0, 0.0)
SRR19621139_1	(0.0, 0.0)	(1.0, 0.0)	(2.0, 0.0)	(3.0, 0.0)	(4.0, 0.0)	(5.0, 0.0)	(6.0, 0.0)	(7.0, 0.0)	(8.0, 0.0)	(9.0, 0.0)	(10.0, 0.0)	(11.0, 0.0)	(12.0, 0.0)	(13.0, 0.0)	(14.0, 0.0)	(15.0, 0.0)	(16.0, 0.0)	(17.0, 0.0)	(18.0, 0.0)	(19.0, 0.0)	(20.0, 0.0)	(21.0, 0.0)	(22.0, 0.0)	(23.0, 0.0)	(24.0, 0.0)	(25.0, 0.0)	(26.0, 0.0)	(27.0, 0.0)	(28.0, 0.0)	(29.0, 0.0)	(30.0, 0.0)	(31.0, 0.0)	(32.0, 0.0)	(33.0, 0.0)	(34.0, 0.0)	(35.0, 0.0)	(36.0, 0.0)	(37.0, 0.0)	(38.0, 0.010835745576693366)	(39.0, 0.02631538211482674)	(40.0, 0.06656243711397357)	(41.0, 0.07430225538304028)	(42.0, 0.1176452376898136)	(43.0, 0.20278323864954742)	(44.0, 0.2863732759554683)	(45.0, 0.7662420086376038)	(46.0, 7.16087986254017)	(47.0, 14.255197287968322)	(48.0, 12.43169610377538)	(49.0, 5.671738827572077)	(50.0, 3.676413677806771)	(51.0, 8.937942137117478)	(52.0, 14.823299948918075)	(53.0, 16.988901100603922)	(54.0, 7.908546307331843)	(55.0, 4.448847541059715)	(56.0, 1.4225785978544578)	(57.0, 0.30804476710885487)	(58.0, 0.16253618365040035)	(59.0, 0.06501447346016023)	(60.0, 0.03715112769152009)	(61.0, 0.04334298230677346)	(62.0, 0.020123527499573395)	(63.0, 0.00773981826906669)	(64.0, 0.0247674184610134)	(65.0, 0.023219454807200068)	(66.0, 0.010835745576693366)	(67.0, 0.006191854615253352)	(68.0, 0.004643890961440015)	(69.0, 0.004643890961440015)	(70.0, 0.003095927307626676)	(71.0, 0.001547963653813338)	(72.0, 0.0)	(73.0, 0.0)	(74.0, 0.0)	(75.0, 0.0)	(76.0, 0.0)	(77.0, 0.0)	(78.0, 0.0)	(79.0, 0.0)	(80.0, 0.0)	(81.0, 0.0)	(82.0, 0.0)	(83.0, 0.0)	(84.0, 0.0)	(85.0, 0.0)	(86.0, 0.0)	(87.0, 0.0)	(88.0, 0.0)	(89.0, 0.0)	(90.0, 0.0)	(91.0, 0.0)	(92.0, 0.0)	(93.0, 0.0)	(94.0, 0.0)	(95.0, 0.0)	(96.0, 0.0)	(97.0, 0.0)	(98.0, 0.0)	(99.0, 0.0)	(100.0, 0.0)
SRR19621139_2	(0.0, 0.0)	(1.0, 0.0)	(2.0, 0.0)	(3.0, 0.0)	(4.0, 0.0)	(5.0, 0.0)	(6.0, 0.0)	(7.0, 0.0)	(8.0, 0.0)	(9.0, 0.0)	(10.0, 0.0)	(11.0, 0.0)	(12.0, 0.0)	(13.0, 0.0)	(14.0, 0.0)	(15.0, 0.0)	(16.0, 0.0)	(17.0, 0.0)	(18.0, 0.0)	(19.0, 0.0)	(20.0, 0.0)	(21.0, 0.0)	(22.0, 0.0)	(23.0, 0.0)	(24.0, 0.0)	(25.0, 0.0)	(26.0, 0.0)	(27.0, 0.0)	(28.0, 0.0)	(29.0, 0.0016470665744309008)	(30.0, 0.0)	(31.0, 0.0)	(32.0, 0.0)	(33.0, 0.0)	(34.0, 0.0016470665744309008)	(35.0, 0.0016470665744309008)	(36.0, 0.013176532595447207)	(37.0, 0.014823599169878108)	(38.0, 0.014000065882662659)	(39.0, 0.03788253121191071)	(40.0, 0.09800046117863859)	(41.0, 0.14082419211384187)	(42.0, 0.17541259017689084)	(43.0, 0.24129525315412736)	(44.0, 0.33600158118390433)	(45.0, 0.42329610962874087)	(46.0, 1.4790657838389514)	(47.0, 11.217346905161229)	(48.0, 13.771123628817502)	(49.0, 8.007214151595385)	(50.0, 3.1121322923871957)	(51.0, 3.995783509569474)	(52.0, 5.262377705306911)	(53.0, 12.657706624501705)	(54.0, 18.127614718189218)	(55.0, 9.240043482556633)	(56.0, 6.828738017590343)	(57.0, 3.4044866093487136)	(58.0, 0.7214151596007334)	(59.0, 0.1943538557828463)	(60.0, 0.15482425799650448)	(61.0, 0.13670652567776462)	(62.0, 0.054353196956219735)	(63.0, 0.02635306519089441)	(64.0, 0.03129426491418711)	(65.0, 0.009882399446585404)	(66.0, 0.01647066574430901)	(67.0, 0.03129426491418711)	(68.0, 0.011529466021016305)	(69.0, 0.0032941331488618017)	(70.0, 0.0016470665744309008)	(71.0, 0.0)	(72.0, 0.0)	(73.0, 0.0)	(74.0, 0.0016470665744309008)	(75.0, 0.0)	(76.0, 0.0)	(77.0, 0.0016470665744309008)	(78.0, 0.0)	(79.0, 0.0)	(80.0, 0.0)	(81.0, 0.0)	(82.0, 0.0)	(83.0, 0.0)	(84.0, 0.0)	(85.0, 0.0)	(86.0, 0.0)	(87.0, 0.0)	(88.0, 0.0)	(89.0, 0.0)	(90.0, 0.0)	(91.0, 0.0)	(92.0, 0.0)	(93.0, 0.0)	(94.0, 0.0)	(95.0, 0.0)	(96.0, 0.0)	(97.0, 0.0)	(98.0, 0.0)	(99.0, 0.0)	(100.0, 0.0)
SRR19621140_1	(0.0, 0.0)	(1.0, 0.0)	(2.0, 0.0)	(3.0, 0.0)	(4.0, 0.0)	(5.0, 0.0)	(6.0, 0.0)	(7.0, 0.0)	(8.0, 0.0)	(9.0, 0.0)	(10.0, 0.0)	(11.0, 0.0)	(12.0, 0.0)	(13.0, 0.0)	(14.0, 0.0)	(15.0, 0.0)	(16.0, 0.0)	(17.0, 0.0)	(18.0, 0.0)	(19.0, 0.0)	(20.0, 0.0)	(21.0, 0.0)	(22.0, 0.0)	(23.0, 0.0)	(24.0, 0.0)	(25.0, 0.0)	(26.0, 0.0)	(27.0, 0.0)	(28.0, 0.0)	(29.0, 0.0)	(30.0, 0.0)	(31.0, 0.0)	(32.0, 0.0)	(33.0, 0.0)	(34.0, 0.0)	(35.0, 0.0)	(36.0, 0.002459812808245374)	(37.0, 0.002459812808245374)	(38.0, 0.009839251232981495)	(39.0, 0.02213831527420836)	(40.0, 0.03566728571955792)	(41.0, 0.06641494582262511)	(42.0, 0.1365196108576182)	(43.0, 0.157428019727704)	(44.0, 0.1672672709606856)	(45.0, 0.2742691281193593)	(46.0, 0.6395513301437992)	(47.0, 0.733024216857126)	(48.0, 1.1216746405598912)	(49.0, 4.625677985905404)	(50.0, 17.0674111700115)	(51.0, 21.76565363375589)	(52.0, 18.731474534787978)	(53.0, 9.57974098171184)	(54.0, 7.059662759663649)	(55.0, 4.938074212552496)	(56.0, 2.1252782663239866)	(57.0, 2.485640842731975)	(58.0, 2.3478913254702185)	(59.0, 1.0527998819290245)	(60.0, 1.193009211999003)	(61.0, 1.0195924090177138)	(62.0, 0.2152336207214707)	(63.0, 0.15127848770709054)	(64.0, 0.09839251232981484)	(65.0, 0.07010466503499316)	(66.0, 0.07010466503499316)	(67.0, 0.0885532610968334)	(68.0, 0.38373079808627686)	(69.0, 1.3098503203906515)	(70.0, 0.20293455668024377)	(71.0, 0.024598128082453728)	(72.0, 0.013528970445349557)	(73.0, 0.00737943842473612)	(74.0, 0.001229906404122687)	(75.0, 0.001229906404122687)	(76.0, 0.001229906404122687)	(77.0, 0.0)	(78.0, 0.0)	(79.0, 0.0)	(80.0, 0.0)	(81.0, 0.0)	(82.0, 0.0)	(83.0, 0.0)	(84.0, 0.0)	(85.0, 0.0)	(86.0, 0.0)	(87.0, 0.0)	(88.0, 0.0)	(89.0, 0.0)	(90.0, 0.0)	(91.0, 0.0)	(92.0, 0.0)	(93.0, 0.0)	(94.0, 0.0)	(95.0, 0.0)	(96.0, 0.0)	(97.0, 0.0)	(98.0, 0.0)	(99.0, 0.0)	(100.0, 0.0)
SRR19621140_2	(0.0, 0.0)	(1.0, 0.0)	(2.0, 0.0)	(3.0, 0.0)	(4.0, 0.0)	(5.0, 0.0)	(6.0, 0.0)	(7.0, 0.0)	(8.0, 0.0)	(9.0, 0.0)	(10.0, 0.0)	(11.0, 0.0)	(12.0, 0.0)	(13.0, 0.0)	(14.0, 0.0)	(15.0, 0.0)	(16.0, 0.0)	(17.0, 0.0)	(18.0, 0.0)	(19.0, 0.0)	(20.0, 0.0)	(21.0, 0.0)	(22.0, 0.0)	(23.0, 0.0)	(24.0, 0.0)	(25.0, 0.0)	(26.0, 0.0)	(27.0, 0.0)	(28.0, 0.0)	(29.0, 0.0)	(30.0, 0.0)	(31.0, 0.0)	(32.0, 0.0)	(33.0, 0.0)	(34.0, 0.0)	(35.0, 0.0)	(36.0, 0.004709955078803901)	(37.0, 0.008242421387906826)	(38.0, 0.016484842775813656)	(39.0, 0.031792196781926324)	(40.0, 0.06358439356385268)	(41.0, 0.08477919141847015)	(42.0, 0.09832031227003134)	(43.0, 0.1248138095883033)	(44.0, 0.15719475075508035)	(45.0, 0.1607272170641833)	(46.0, 0.25257134110085944)	(47.0, 0.8536793580332158)	(48.0, 0.9502334371486945)	(49.0, 1.1021294884401118)	(50.0, 3.4312022749087854)	(51.0, 23.941879154323946)	(52.0, 23.700493956535464)	(53.0, 12.886437095609384)	(54.0, 9.256239218619628)	(55.0, 6.739356973382986)	(56.0, 3.972258364586324)	(57.0, 1.7697656208605268)	(58.0, 0.598164295008097)	(59.0, 0.448623221256069)	(60.0, 1.5083631139869251)	(61.0, 3.055583357374131)	(62.0, 1.9381465149277786)	(63.0, 0.3744414287649086)	(64.0, 0.14483111867322002)	(65.0, 0.11421641066099444)	(66.0, 0.11892636573979835)	(67.0, 0.09537659034577889)	(68.0, 0.08831165772757307)	(69.0, 0.07300430372146044)	(70.0, 0.12010385450949934)	(71.0, 0.2802423271888319)	(72.0, 1.1374541515311392)	(73.0, 0.25080510794630795)	(74.0, 0.020017309084916574)	(75.0, 0.0070649326182058506)	(76.0, 0.0023549775394019505)	(77.0, 0.0011774887697009752)	(78.0, 0.0023549775394019505)	(79.0, 0.004709955078803901)	(80.0, 0.0023549775394019505)	(81.0, 0.0)	(82.0, 0.0)	(83.0, 0.0)	(84.0, 0.0)	(85.0, 0.0)	(86.0, 0.0)	(87.0, 0.0)	(88.0, 0.0)	(89.0, 0.0011774887697009752)	(90.0, 0.0)	(91.0, 0.0023549775394019505)	(92.0, 0.0)	(93.0, 0.0)	(94.0, 0.0)	(95.0, 0.0)	(96.0, 0.0)	(97.0, 0.0)	(98.0, 0.0)	(99.0, 0.0011774887697009752)	(100.0, 0.0017662331545514629)
SRR19621141_1	(0.0, 0.0)	(1.0, 0.0)	(2.0, 0.0)	(3.0, 0.0)	(4.0, 0.0)	(5.0, 0.0)	(6.0, 0.0)	(7.0, 0.0)	(8.0, 0.0)	(9.0, 0.0)	(10.0, 0.0)	(11.0, 0.0)	(12.0, 0.0)	(13.0, 0.0)	(14.0, 0.0)	(15.0, 0.0)	(16.0, 0.0)	(17.0, 0.0)	(18.0, 0.0)	(19.0, 0.0)	(20.0, 0.0)	(21.0, 0.0)	(22.0, 0.0)	(23.0, 0.0)	(24.0, 0.0)	(25.0, 0.0)	(26.0, 0.0)	(27.0, 0.0)	(28.0, 0.0)	(29.0, 0.0)	(30.0, 0.0)	(31.0, 0.0)	(32.0, 0.0)	(33.0, 0.0)	(34.0, 0.0)	(35.0, 0.0)	(36.0, 0.0059388594420446295)	(37.0, 0.0103930040235781)	(38.0, 0.009650646593322524)	(39.0, 0.030436654640478743)	(40.0, 0.09205232135169181)	(41.0, 0.13585140973677126)	(42.0, 0.14921384348137162)	(43.0, 0.19746707644798353)	(44.0, 0.2590827431591957)	(45.0, 0.845545113061095)	(46.0, 3.134975427969218)	(47.0, 1.7155880213206818)	(48.0, 2.42305465235428)	(49.0, 2.4980327528100763)	(50.0, 3.0926610544446596)	(51.0, 7.3433997000890345)	(52.0, 14.32378661677832)	(53.0, 12.865054266327434)	(54.0, 9.903790477040623)	(55.0, 4.934449838908586)	(56.0, 2.2471159413837363)	(57.0, 13.287455644142474)	(58.0, 13.862040295159769)	(59.0, 2.7318753433405303)	(60.0, 0.8804359122831052)	(61.0, 0.49069826139894174)	(62.0, 0.23903909254229536)	(63.0, 0.23384259053050638)	(64.0, 0.14921384348137162)	(65.0, 0.11135361453833699)	(66.0, 0.07572045788606896)	(67.0, 0.10986889967782583)	(68.0, 0.3422267753478218)	(69.0, 1.0875536353243997)	(70.0, 0.14401734146958264)	(71.0, 0.018558935756389464)	(72.0, 0.008165931732811367)	(73.0, 0.002227072290766736)	(74.0, 0.004454144581533472)	(75.0, 0.0037117871512778932)	(76.0, 0.0)	(77.0, 0.0)	(78.0, 0.0)	(79.0, 0.0)	(80.0, 0.0)	(81.0, 0.0)	(82.0, 0.0)	(83.0, 0.0)	(84.0, 0.0)	(85.0, 0.0)	(86.0, 0.0)	(87.0, 0.0)	(88.0, 0.0)	(89.0, 0.0)	(90.0, 0.0)	(91.0, 0.0)	(92.0, 0.0)	(93.0, 0.0)	(94.0, 0.0)	(95.0, 0.0)	(96.0, 0.0)	(97.0, 0.0)	(98.0, 0.0)	(99.0, 0.0)	(100.0, 0.0)
SRR19621141_2	(0.0, 0.0)	(1.0, 0.0)	(2.0, 0.0)	(3.0, 0.0)	(4.0, 0.0)	(5.0, 0.0)	(6.0, 0.0)	(7.0, 0.0)	(8.0, 0.0)	(9.0, 0.0)	(10.0, 0.0)	(11.0, 0.0)	(12.0, 0.0)	(13.0, 0.0)	(14.0, 0.0)	(15.0, 0.0)	(16.0, 0.0)	(17.0, 0.0)	(18.0, 0.0)	(19.0, 0.0)	(20.0, 0.0)	(21.0, 0.0)	(22.0, 0.0)	(23.0, 0.0)	(24.0, 0.0)	(25.0, 0.0)	(26.0, 0.0)	(27.0, 0.0)	(28.0, 0.0)	(29.0, 0.0007897927189009423)	(30.0, 0.0007897927189009423)	(31.0, 0.0)	(32.0, 0.0)	(33.0, 0.0)	(34.0, 0.0007897927189009423)	(35.0, 0.0007897927189009423)	(36.0, 0.0035540672350542397)	(37.0, 0.013821372580766487)	(38.0, 0.017375439815820726)	(39.0, 0.04264880682065089)	(40.0, 0.09556491898701405)	(41.0, 0.13623924401041287)	(42.0, 0.14729634207502612)	(43.0, 0.2144287231816054)	(44.0, 0.26260607903456223)	(45.0, 0.3167068802792765)	(46.0, 0.7337174358589751)	(47.0, 4.3478089175493615)	(48.0, 2.8483874407162624)	(49.0, 1.4137289668326822)	(50.0, 1.5531273817187141)	(51.0, 3.2705316489687197)	(52.0, 6.826573365820751)	(53.0, 13.180455789376982)	(54.0, 11.44883525318824)	(55.0, 9.734195260455852)	(56.0, 7.635716006335135)	(57.0, 2.667919804447438)	(58.0, 1.2091726526373154)	(59.0, 1.3805576726388384)	(60.0, 3.660689252105697)	(61.0, 15.810860439674176)	(62.0, 6.473141124112419)	(63.0, 1.3584434765096096)	(64.0, 0.5030979619399042)	(65.0, 0.3372414909707016)	(66.0, 0.2653703535507154)	(67.0, 0.18955025253622604)	(68.0, 0.13584434765096237)	(69.0, 0.0900363699547074)	(70.0, 0.0916159553925093)	(71.0, 0.23535823023248004)	(72.0, 1.0670099632351537)	(73.0, 0.2227215467300651)	(74.0, 0.030801916037136765)	(75.0, 0.01026730534571225)	(76.0, 0.002369378156702827)	(77.0, 0.0015795854378018847)	(78.0, 0.0)	(79.0, 0.002369378156702827)	(80.0, 0.0)	(81.0, 0.0)	(82.0, 0.0)	(83.0, 0.0)	(84.0, 0.002369378156702827)	(85.0, 0.0015795854378018847)	(86.0, 0.0)	(87.0, 0.0)	(88.0, 0.0)	(89.0, 0.0)	(90.0, 0.0)	(91.0, 0.0007897927189009423)	(92.0, 0.0)	(93.0, 0.0)	(94.0, 0.0007897927189009423)	(95.0, 0.0)	(96.0, 0.0)	(97.0, 0.0)	(98.0, 0.0)	(99.0, 0.0007897927189009423)	(100.0, 0.0011846890783514135)
SRR19621142_1	(0.0, 0.0)	(1.0, 0.0)	(2.0, 0.0)	(3.0, 0.0)	(4.0, 0.0)	(5.0, 0.0)	(6.0, 0.0)	(7.0, 0.0)	(8.0, 0.0)	(9.0, 0.0)	(10.0, 0.0)	(11.0, 0.0)	(12.0, 0.0)	(13.0, 0.0)	(14.0, 0.0)	(15.0, 0.0)	(16.0, 0.0)	(17.0, 0.0)	(18.0, 0.0)	(19.0, 0.0)	(20.0, 0.0)	(21.0, 0.0)	(22.0, 0.0)	(23.0, 0.0)	(24.0, 0.0)	(25.0, 0.0)	(26.0, 0.0)	(27.0, 0.0)	(28.0, 0.0)	(29.0, 0.0)	(30.0, 0.0)	(31.0, 0.0)	(32.0, 0.0)	(33.0, 0.001108905621042532)	(34.0, 0.001108905621042532)	(35.0, 0.0)	(36.0, 0.001108905621042532)	(37.0, 0.00554452810521266)	(38.0, 0.01108905621042532)	(39.0, 0.03326716863127596)	(40.0, 0.07207886536776455)	(41.0, 0.0975836946517427)	(42.0, 0.15413788132491213)	(43.0, 0.2184544073453793)	(44.0, 0.29607780081835544)	(45.0, 3.41986493529532)	(46.0, 16.20222002905257)	(47.0, 13.612925403920595)	(48.0, 8.715998181394546)	(49.0, 3.1814502267711533)	(50.0, 3.6915468124506785)	(51.0, 9.409064194546444)	(52.0, 7.8732299094018385)	(53.0, 10.80295856019754)	(54.0, 10.59448430344145)	(55.0, 6.1522083855434975)	(56.0, 3.9022388804487114)	(57.0, 0.666452278246566)	(58.0, 0.3093846682708656)	(59.0, 0.1308508632830188)	(60.0, 0.07762339347297718)	(61.0, 0.06320762039942432)	(62.0, 0.029940451768148357)	(63.0, 0.015524678694595444)	(64.0, 0.01885139555772304)	(65.0, 0.006653433726255191)	(66.0, 0.00554452810521266)	(67.0, 0.009980150589382787)	(68.0, 0.047682941704828896)	(69.0, 0.1452666363565718)	(70.0, 0.017742489936680508)	(71.0, 0.0)	(72.0, 0.002217811242085064)	(73.0, 0.001108905621042532)	(74.0, 0.0)	(75.0, 0.001108905621042532)	(76.0, 0.001108905621042532)	(77.0, 0.0)	(78.0, 0.0)	(79.0, 0.0)	(80.0, 0.0)	(81.0, 0.0)	(82.0, 0.0)	(83.0, 0.0)	(84.0, 0.0)	(85.0, 0.0)	(86.0, 0.0)	(87.0, 0.0)	(88.0, 0.0)	(89.0, 0.0)	(90.0, 0.0)	(91.0, 0.0)	(92.0, 0.0)	(93.0, 0.0)	(94.0, 0.0)	(95.0, 0.0)	(96.0, 0.0)	(97.0, 0.0)	(98.0, 0.0)	(99.0, 0.0)	(100.0, 0.0)
SRR19621142_2	(0.0, 0.0)	(1.0, 0.0)	(2.0, 0.0)	(3.0, 0.0)	(4.0, 0.0)	(5.0, 0.0)	(6.0, 0.0)	(7.0, 0.0)	(8.0, 0.0)	(9.0, 0.0)	(10.0, 0.0)	(11.0, 0.0)	(12.0, 0.0)	(13.0, 0.0)	(14.0, 0.0)	(15.0, 0.0)	(16.0, 0.0)	(17.0, 0.0)	(18.0, 0.0)	(19.0, 0.0)	(20.0, 0.0)	(21.0, 0.0)	(22.0, 0.0)	(23.0, 0.0)	(24.0, 0.0)	(25.0, 0.0)	(26.0, 0.0)	(27.0, 0.0)	(28.0, 0.0)	(29.0, 0.0)	(30.0, 0.0)	(31.0, 0.0)	(32.0, 0.0)	(33.0, 0.0022970287932558746)	(34.0, 0.003445543189883812)	(35.0, 0.0022970287932558746)	(36.0, 0.00401980038819778)	(37.0, 0.01665345875110509)	(38.0, 0.013782172759535248)	(39.0, 0.037326717890407965)	(40.0, 0.08671283694540918)	(41.0, 0.1418415279835503)	(42.0, 0.18950487544361)	(43.0, 0.2245345645407623)	(44.0, 0.29631671433000734)	(45.0, 0.5547324535712944)	(46.0, 2.837404816869401)	(47.0, 18.801180672797635)	(48.0, 14.350113128670113)	(49.0, 5.116631636977259)	(50.0, 2.955127542523778)	(51.0, 6.170393595883152)	(52.0, 5.246988020994501)	(53.0, 6.355878670938522)	(54.0, 11.767678507851345)	(55.0, 11.666609240948041)	(56.0, 7.744432576461851)	(57.0, 4.087562737598861)	(58.0, 0.5811482846937377)	(59.0, 0.18031676027058646)	(60.0, 0.09992075250663042)	(61.0, 0.11140589647290974)	(62.0, 0.05742571983139689)	(63.0, 0.021821773535930802)	(64.0, 0.01607920155279112)	(65.0, 0.010336629569651435)	(66.0, 0.005742571983139685)	(67.0, 0.010336629569651435)	(68.0, 0.006891086379767623)	(69.0, 0.010336629569651435)	(70.0, 0.010336629569651435)	(71.0, 0.02871285991569842)	(72.0, 0.14126727078523632)	(73.0, 0.02871285991569842)	(74.0, 0.0011485143966279373)	(75.0, 0.0)	(76.0, 0.0)	(77.0, 0.0011485143966279373)	(78.0, 0.0011485143966279373)	(79.0, 0.0011485143966279373)	(80.0, 0.0011485143966279373)	(81.0, 0.0)	(82.0, 0.0)	(83.0, 0.0)	(84.0, 0.0)	(85.0, 0.0)	(86.0, 0.0)	(87.0, 0.0)	(88.0, 0.0)	(89.0, 0.0)	(90.0, 0.0)	(91.0, 0.0)	(92.0, 0.0)	(93.0, 0.0)	(94.0, 0.0)	(95.0, 0.0)	(96.0, 0.0)	(97.0, 0.0)	(98.0, 0.0)	(99.0, 0.0)	(100.0, 0.0)
SRR19621143_1	(0.0, 0.0)	(1.0, 0.0)	(2.0, 0.0)	(3.0, 0.0)	(4.0, 0.0)	(5.0, 0.0)	(6.0, 0.0)	(7.0, 0.0)	(8.0, 0.0)	(9.0, 0.0)	(10.0, 0.0)	(11.0, 0.0)	(12.0, 0.0)	(13.0, 0.0)	(14.0, 0.0)	(15.0, 0.0)	(16.0, 0.0)	(17.0, 0.0)	(18.0, 0.0)	(19.0, 0.0)	(20.0, 0.0)	(21.0, 0.0)	(22.0, 0.0)	(23.0, 0.0)	(24.0, 0.0)	(25.0, 0.0)	(26.0, 0.0)	(27.0, 0.0)	(28.0, 0.0)	(29.0, 0.0)	(30.0, 0.0)	(31.0, 0.0)	(32.0, 0.0)	(33.0, 0.0)	(34.0, 0.0)	(35.0, 0.0)	(36.0, 0.004727294214973361)	(37.0, 0.010636411983690064)	(38.0, 0.009454588429946722)	(39.0, 0.03072741239732684)	(40.0, 0.06263664834839706)	(41.0, 0.08863676653075046)	(42.0, 0.10518229628315716)	(43.0, 0.16545529752406785)	(44.0, 0.2623648289310217)	(45.0, 1.7833717425986613)	(46.0, 8.262128464219487)	(47.0, 8.342492465874072)	(48.0, 6.458665721206877)	(49.0, 2.9663771198958737)	(50.0, 3.693198605448089)	(51.0, 13.557879808545803)	(52.0, 13.772971695327191)	(53.0, 13.664243928382753)	(54.0, 11.982509011405215)	(55.0, 6.345210660047542)	(56.0, 3.4237428351945987)	(57.0, 2.270283046740967)	(58.0, 1.866099391360699)	(59.0, 0.25645571116230503)	(60.0, 0.10518229628315716)	(61.0, 0.050818412810963665)	(62.0, 0.03072741239732684)	(63.0, 0.02600011818235348)	(64.0, 0.027181941736096817)	(65.0, 0.010636411983690064)	(66.0, 0.009454588429946722)	(67.0, 0.015363706198663426)	(68.0, 0.06263664834839706)	(69.0, 0.2434556520711285)	(70.0, 0.0236364710748668)	(71.0, 0.0011818235537433403)	(72.0, 0.0011818235537433403)	(73.0, 0.003545470661230021)	(74.0, 0.0023636471074866806)	(75.0, 0.0011818235537433403)	(76.0, 0.0)	(77.0, 0.0)	(78.0, 0.0)	(79.0, 0.0)	(80.0, 0.0)	(81.0, 0.0)	(82.0, 0.0)	(83.0, 0.0)	(84.0, 0.0)	(85.0, 0.0)	(86.0, 0.0)	(87.0, 0.0)	(88.0, 0.0)	(89.0, 0.0)	(90.0, 0.0)	(91.0, 0.0)	(92.0, 0.0)	(93.0, 0.0)	(94.0, 0.0)	(95.0, 0.0)	(96.0, 0.0)	(97.0, 0.0)	(98.0, 0.0)	(99.0, 0.0)	(100.0, 0.0)
SRR19621143_2	(0.0, 0.0)	(1.0, 0.0)	(2.0, 0.0)	(3.0, 0.0)	(4.0, 0.0)	(5.0, 0.0)	(6.0, 0.0)	(7.0, 0.0)	(8.0, 0.0)	(9.0, 0.0)	(10.0, 0.0)	(11.0, 0.0)	(12.0, 0.0)	(13.0, 0.0)	(14.0, 0.0)	(15.0, 0.0)	(16.0, 0.0)	(17.0, 0.0)	(18.0, 0.0)	(19.0, 0.0)	(20.0, 0.0)	(21.0, 0.0)	(22.0, 0.0)	(23.0, 0.0)	(24.0, 0.0)	(25.0, 0.0)	(26.0, 0.0)	(27.0, 0.0)	(28.0, 0.0)	(29.0, 0.0)	(30.0, 0.0)	(31.0, 0.0024492395111316775)	(32.0, 0.004898479022263355)	(33.0, 0.0036738592666975163)	(34.0, 0.0024492395111316775)	(35.0, 0.0024492395111316775)	(36.0, 0.007347718533395033)	(37.0, 0.013470817311224226)	(38.0, 0.023880085233533847)	(39.0, 0.04531093095593605)	(40.0, 0.07041563594503572)	(41.0, 0.12246197555658372)	(42.0, 0.1555267089568616)	(43.0, 0.19104068186827117)	(44.0, 0.22288079551298323)	(45.0, 0.3379950525361707)	(46.0, 1.4873006931346906)	(47.0, 10.10188836366309)	(48.0, 8.936050356363882)	(49.0, 4.015528178500498)	(50.0, 3.121555756937421)	(51.0, 6.266379289229998)	(52.0, 5.6154938891469035)	(53.0, 9.253226873055578)	(54.0, 15.544098557399478)	(55.0, 15.775551691201208)	(56.0, 9.552034093413779)	(57.0, 4.141664013323751)	(58.0, 0.8756031252295835)	(59.0, 0.38330598349210604)	(60.0, 0.5988390604716961)	(61.0, 1.9520438903719122)	(62.0, 0.5596512282935882)	(63.0, 0.14328051140120313)	(64.0, 0.037963212422541005)	(65.0, 0.019593916089053417)	(66.0, 0.029390874133580117)	(67.0, 0.01714467657792174)	(68.0, 0.014695437066790065)	(69.0, 0.013470817311224226)	(70.0, 0.01714467657792174)	(71.0, 0.04776017046706773)	(72.0, 0.2118592177128906)	(73.0, 0.04531093095593605)	(74.0, 0.007347718533395033)	(75.0, 0.0012246197555658388)	(76.0, 0.0)	(77.0, 0.0012246197555658388)	(78.0, 0.0012246197555658388)	(79.0, 0.0)	(80.0, 0.0)	(81.0, 0.0)	(82.0, 0.0)	(83.0, 0.0)	(84.0, 0.0)	(85.0, 0.0)	(86.0, 0.0)	(87.0, 0.0012246197555658388)	(88.0, 0.0)	(89.0, 0.0)	(90.0, 0.0012246197555658388)	(91.0, 0.0012246197555658388)	(92.0, 0.0)	(93.0, 0.0)	(94.0, 0.0)	(95.0, 0.0)	(96.0, 0.0012246197555658388)	(97.0, 0.0)	(98.0, 0.0)	(99.0, 0.0)	(100.0, 0.0)
SRR19621144_1	(0.0, 0.0)	(1.0, 0.0)	(2.0, 0.0)	(3.0, 0.0)	(4.0, 0.0)	(5.0, 0.0)	(6.0, 0.0)	(7.0, 0.0)	(8.0, 0.0)	(9.0, 0.0)	(10.0, 0.0)	(11.0, 0.0)	(12.0, 0.0)	(13.0, 0.0)	(14.0, 0.0)	(15.0, 0.0)	(16.0, 0.0)	(17.0, 0.0)	(18.0, 0.0)	(19.0, 0.0)	(20.0, 0.0)	(21.0, 0.0)	(22.0, 0.0)	(23.0, 0.0)	(24.0, 0.0)	(25.0, 0.0)	(26.0, 0.0)	(27.0, 0.0)	(28.0, 0.0)	(29.0, 0.0)	(30.0, 0.0)	(31.0, 0.0)	(32.0, 0.0)	(33.0, 0.0)	(34.0, 0.0)	(35.0, 0.0007221311534602513)	(36.0, 0.005054918074221759)	(37.0, 0.005777049227682011)	(38.0, 0.010109836148443518)	(39.0, 0.031051639598790825)	(40.0, 0.08087868918754813)	(41.0, 0.10326475494481609)	(42.0, 0.119873771474402)	(43.0, 0.15959098491471563)	(44.0, 0.20869590335001204)	(45.0, 0.2967959040721623)	(46.0, 0.6896352515545386)	(47.0, 0.601535250832393)	(48.0, 0.8347836134000409)	(49.0, 1.5251409961080729)	(50.0, 5.148072993018052)	(51.0, 10.613161562405345)	(52.0, 17.115230468155538)	(53.0, 17.62938784941877)	(54.0, 17.232215715015993)	(55.0, 14.689591923684759)	(56.0, 5.062861516909703)	(57.0, 3.1217729764085616)	(58.0, 2.6451664151249044)	(59.0, 0.3798409867200936)	(60.0, 0.17547787029084091)	(61.0, 0.10759754186557761)	(62.0, 0.07654590226678659)	(63.0, 0.043327869207615076)	(64.0, 0.08521147610830966)	(65.0, 0.04405000036107532)	(66.0, 0.03394016421263184)	(67.0, 0.0584926234302803)	(68.0, 0.23758114948842168)	(69.0, 0.687468858094158)	(70.0, 0.10615327955865711)	(71.0, 0.017331147683046024)	(72.0, 0.006499180381142263)	(73.0, 0.0028885246138410053)	(74.0, 0.0028885246138410053)	(75.0, 0.0014442623069205027)	(76.0, 0.0)	(77.0, 0.0)	(78.0, 0.0)	(79.0, 0.0007221311534602513)	(80.0, 0.0007221311534602513)	(81.0, 0.0)	(82.0, 0.0)	(83.0, 0.0)	(84.0, 0.0)	(85.0, 0.0)	(86.0, 0.0)	(87.0, 0.0)	(88.0, 0.0)	(89.0, 0.0)	(90.0, 0.0)	(91.0, 0.0)	(92.0, 0.0)	(93.0, 0.0)	(94.0, 0.0)	(95.0, 0.0)	(96.0, 0.0)	(97.0, 0.0)	(98.0, 0.0007221311534602513)	(99.0, 0.0007221311534602513)	(100.0, 0.0)
SRR19621144_2	(0.0, 0.0)	(1.0, 0.0)	(2.0, 0.0)	(3.0, 0.0)	(4.0, 0.0)	(5.0, 0.0)	(6.0, 0.0)	(7.0, 0.0)	(8.0, 0.0)	(9.0, 0.0)	(10.0, 0.0)	(11.0, 0.0)	(12.0, 0.0)	(13.0, 0.0)	(14.0, 0.0)	(15.0, 0.0)	(16.0, 0.0)	(17.0, 0.0)	(18.0, 0.0)	(19.0, 0.0)	(20.0, 0.0)	(21.0, 0.0)	(22.0, 0.0)	(23.0, 0.0)	(24.0, 0.0)	(25.0, 0.0007343357015661021)	(26.0, 0.0007343357015661021)	(27.0, 0.0)	(28.0, 0.0)	(29.0, 0.0)	(30.0, 0.0)	(31.0, 0.0)	(32.0, 0.0)	(33.0, 0.0011015035523491532)	(34.0, 0.0011015035523491532)	(35.0, 0.0014686714031322042)	(36.0, 0.0036716785078305106)	(37.0, 0.008812028418793225)	(38.0, 0.008077692717227124)	(39.0, 0.03488094582438988)	(40.0, 0.07747241651522373)	(41.0, 0.1156578729966613)	(42.0, 0.13364909768503092)	(43.0, 0.17256888986803395)	(44.0, 0.21405885700651814)	(45.0, 0.21479319270808422)	(46.0, 0.3179673587781216)	(47.0, 0.7582016118669958)	(48.0, 0.625286849883539)	(49.0, 0.8848745203871413)	(50.0, 2.8624405647046305)	(51.0, 5.047089276863653)	(52.0, 6.717702997927294)	(53.0, 14.91435809880382)	(54.0, 19.142663068420575)	(55.0, 18.391804813567873)	(56.0, 15.482733931815462)	(57.0, 5.966477575224831)	(58.0, 1.1499697086524925)	(59.0, 0.48025554882423477)	(60.0, 1.1852178223276695)	(61.0, 2.706027060271086)	(62.0, 0.7115712948175509)	(63.0, 0.2188320390666977)	(64.0, 0.1314460905803326)	(65.0, 0.0631528703346847)	(66.0, 0.09986965541298998)	(67.0, 0.055075177617457616)	(68.0, 0.04846615630336271)	(69.0, 0.04993482770649491)	(70.0, 0.060949863229986405)	(71.0, 0.149070147417919)	(72.0, 0.6329973747499825)	(73.0, 0.1299774191772004)	(74.0, 0.01101503552349153)	(75.0, 0.0022030071046983063)	(76.0, 0.0007343357015661021)	(77.0, 0.0007343357015661021)	(78.0, 0.0014686714031322042)	(79.0, 0.0014686714031322042)	(80.0, 0.0)	(81.0, 0.0007343357015661021)	(82.0, 0.0007343357015661021)	(83.0, 0.0)	(84.0, 0.0)	(85.0, 0.0)	(86.0, 0.0007343357015661021)	(87.0, 0.0014686714031322042)	(88.0, 0.0007343357015661021)	(89.0, 0.0)	(90.0, 0.0)	(91.0, 0.0)	(92.0, 0.0)	(93.0, 0.0)	(94.0, 0.0)	(95.0, 0.0)	(96.0, 0.0)	(97.0, 0.0007343357015661021)	(98.0, 0.0)	(99.0, 0.0007343357015661021)	(100.0, 0.00330451065704746)
SRR19621145_1	(0.0, 0.0)	(1.0, 0.0)	(2.0, 0.0)	(3.0, 0.0)	(4.0, 0.0)	(5.0, 0.0)	(6.0, 0.0)	(7.0, 0.0)	(8.0, 0.0)	(9.0, 0.0)	(10.0, 0.0)	(11.0, 0.0)	(12.0, 0.0)	(13.0, 0.0)	(14.0, 0.0)	(15.0, 0.0)	(16.0, 0.0)	(17.0, 0.0)	(18.0, 0.0)	(19.0, 0.0)	(20.0, 0.0)	(21.0, 0.0)	(22.0, 0.0)	(23.0, 0.0)	(24.0, 0.0)	(25.0, 0.0)	(26.0, 0.0)	(27.0, 0.0)	(28.0, 0.0)	(29.0, 0.0)	(30.0, 0.0)	(31.0, 0.0)	(32.0, 0.0)	(33.0, 0.0)	(34.0, 0.0015281640636938295)	(35.0, 0.0)	(36.0, 0.003056328127387659)	(37.0, 0.009168984382162976)	(38.0, 0.009168984382162976)	(39.0, 0.027506953146488926)	(40.0, 0.06112656254775321)	(41.0, 0.08099269537577299)	(42.0, 0.11002781258595566)	(43.0, 0.1497600782419951)	(44.0, 0.18490785170695345)	(45.0, 0.24450625019101319)	(46.0, 0.48442800819094206)	(47.0, 0.5455545707386944)	(48.0, 0.7274060943182635)	(49.0, 1.2500382041015616)	(50.0, 3.5759039090436477)	(51.0, 10.810232586569942)	(52.0, 24.838778691277412)	(53.0, 18.469390873806898)	(54.0, 15.003514777347718)	(55.0, 11.814236376417245)	(56.0, 4.475992542559416)	(57.0, 1.1323695711971398)	(58.0, 0.5730615238851829)	(59.0, 0.16198539075154583)	(60.0, 0.18032335951587192)	(61.0, 0.49970964882788016)	(62.0, 0.34994957058588694)	(63.0, 0.12225312509550625)	(64.0, 0.07793636724838535)	(65.0, 0.07640820318469152)	(66.0, 0.0657110547388347)	(67.0, 0.15587273449677044)	(68.0, 0.8099269537577327)	(69.0, 2.519942541031091)	(70.0, 0.3056328127387666)	(71.0, 0.04126042971973339)	(72.0, 0.019866132828019786)	(73.0, 0.013753476573244466)	(74.0, 0.006112656254775318)	(75.0, 0.004584492191081489)	(76.0, 0.003056328127387659)	(77.0, 0.003056328127387659)	(78.0, 0.0)	(79.0, 0.0)	(80.0, 0.0)	(81.0, 0.0)	(82.0, 0.0)	(83.0, 0.0)	(84.0, 0.0)	(85.0, 0.0)	(86.0, 0.0)	(87.0, 0.0)	(88.0, 0.0)	(89.0, 0.0)	(90.0, 0.0)	(91.0, 0.0)	(92.0, 0.0)	(93.0, 0.0)	(94.0, 0.0)	(95.0, 0.0)	(96.0, 0.0)	(97.0, 0.0)	(98.0, 0.0)	(99.0, 0.0)	(100.0, 0.0)
SRR19621145_2	(0.0, 0.0)	(1.0, 0.0)	(2.0, 0.0)	(3.0, 0.0)	(4.0, 0.0)	(5.0, 0.0)	(6.0, 0.0)	(7.0, 0.0)	(8.0, 0.0)	(9.0, 0.0)	(10.0, 0.0)	(11.0, 0.0)	(12.0, 0.0)	(13.0, 0.0)	(14.0, 0.0)	(15.0, 0.0)	(16.0, 0.0)	(17.0, 0.0)	(18.0, 0.0)	(19.0, 0.0)	(20.0, 0.0)	(21.0, 0.0)	(22.0, 0.0)	(23.0, 0.0)	(24.0, 0.0)	(25.0, 0.0)	(26.0, 0.0)	(27.0, 0.0)	(28.0, 0.0)	(29.0, 0.0)	(30.0, 0.0)	(31.0, 0.0)	(32.0, 0.0)	(33.0, 0.0)	(34.0, 0.0)	(35.0, 0.0)	(36.0, 0.0)	(37.0, 0.0031291314313427656)	(38.0, 0.004693697147014148)	(39.0, 0.025815334308577815)	(40.0, 0.06336491148469105)	(41.0, 0.09230937722461158)	(42.0, 0.12907667154288896)	(43.0, 0.18227190587571607)	(44.0, 0.21356322018914395)	(45.0, 0.20104669446377282)	(46.0, 0.291009223114878)	(47.0, 0.5890589919502723)	(48.0, 0.7173533806353289)	(49.0, 1.0333956552009573)	(50.0, 1.7507490358362596)	(51.0, 4.087427932191624)	(52.0, 7.1797920692156545)	(53.0, 22.614232854314583)	(54.0, 19.147155228389845)	(55.0, 15.479813190854456)	(56.0, 12.194225187943058)	(57.0, 5.640259404995363)	(58.0, 1.564565715671376)	(59.0, 0.6399073777095933)	(60.0, 0.5069192918775259)	(61.0, 0.42556187466261514)	(62.0, 0.1548920058514667)	(63.0, 0.2112163716156369)	(64.0, 0.5225649490342394)	(65.0, 0.17366679443952343)	(66.0, 0.09700307437162571)	(67.0, 0.13768178297908154)	(68.0, 0.1595857029984809)	(69.0, 0.14237548012609566)	(70.0, 0.179925057302209)	(71.0, 0.5820184462297513)	(72.0, 2.299911602036884)	(73.0, 0.45998232040738507)	(74.0, 0.051630668617155644)	(75.0, 0.012516525725371062)	(76.0, 0.010951960009699679)	(77.0, 0.010951960009699679)	(78.0, 0.007822828578356915)	(79.0, 0.0031291314313427656)	(80.0, 0.0)	(81.0, 0.0015645657156713828)	(82.0, 0.0015645657156713828)	(83.0, 0.0)	(84.0, 0.0)	(85.0, 0.0)	(86.0, 0.0)	(87.0, 0.0)	(88.0, 0.0)	(89.0, 0.0)	(90.0, 0.0)	(91.0, 0.0)	(92.0, 0.0)	(93.0, 0.0)	(94.0, 0.0)	(95.0, 0.0)	(96.0, 0.0)	(97.0, 0.0)	(98.0, 0.0)	(99.0, 0.0)	(100.0, 0.002346848573507074)
SRR19621146_1	(0.0, 0.0)	(1.0, 0.0)	(2.0, 0.0)	(3.0, 0.0)	(4.0, 0.0)	(5.0, 0.0)	(6.0, 0.0)	(7.0, 0.0)	(8.0, 0.0)	(9.0, 0.0)	(10.0, 0.0)	(11.0, 0.0)	(12.0, 0.0)	(13.0, 0.0)	(14.0, 0.0)	(15.0, 0.0)	(16.0, 0.0)	(17.0, 0.0)	(18.0, 0.0)	(19.0, 0.0)	(20.0, 0.0)	(21.0, 0.0)	(22.0, 0.0)	(23.0, 0.0)	(24.0, 0.0)	(25.0, 0.0)	(26.0, 0.0)	(27.0, 0.0)	(28.0, 0.0)	(29.0, 0.0)	(30.0, 0.0)	(31.0, 0.0)	(32.0, 0.0)	(33.0, 0.0)	(34.0, 0.0)	(35.0, 0.0)	(36.0, 0.0)	(37.0, 0.0034102341125715877)	(38.0, 0.008525585281428969)	(39.0, 0.023871638788001113)	(40.0, 0.05285862874485962)	(41.0, 0.07843538458914658)	(42.0, 0.10060190632086184)	(43.0, 0.11253772571486234)	(44.0, 0.17221682268486502)	(45.0, 0.29328013368115724)	(46.0, 1.1356079594863489)	(47.0, 0.9889678926457663)	(48.0, 1.1765307688372089)	(49.0, 1.4169522737735036)	(50.0, 6.1179599979534665)	(51.0, 12.6809555475975)	(52.0, 16.03151056320061)	(53.0, 15.571128958003236)	(54.0, 18.006036114380457)	(55.0, 15.470527051682328)	(56.0, 5.516053677084718)	(57.0, 0.9514553174074778)	(58.0, 0.37342063532658915)	(59.0, 0.14152471567172076)	(60.0, 0.23701127082372564)	(61.0, 0.7025082271897447)	(62.0, 0.43480484935287683)	(63.0, 0.14493494978429233)	(64.0, 0.04603816051971643)	(65.0, 0.025576755844286904)	(66.0, 0.028986989956858493)	(67.0, 0.07161491636400338)	(68.0, 0.3802411035517322)	(69.0, 1.2464405681449287)	(70.0, 0.1926782273602947)	(71.0, 0.027281872900572702)	(72.0, 0.018756287619143736)	(73.0, 0.011935819394000556)	(74.0, 0.005115351168857383)	(75.0, 0.0017051170562857939)	(76.0, 0.0)	(77.0, 0.0)	(78.0, 0.0)	(79.0, 0.0)	(80.0, 0.0)	(81.0, 0.0)	(82.0, 0.0)	(83.0, 0.0)	(84.0, 0.0)	(85.0, 0.0)	(86.0, 0.0)	(87.0, 0.0)	(88.0, 0.0)	(89.0, 0.0)	(90.0, 0.0)	(91.0, 0.0)	(92.0, 0.0)	(93.0, 0.0)	(94.0, 0.0)	(95.0, 0.0)	(96.0, 0.0)	(97.0, 0.0)	(98.0, 0.0)	(99.0, 0.0)	(100.0, 0.0)
SRR19621146_2	(0.0, 0.0)	(1.0, 0.0)	(2.0, 0.0)	(3.0, 0.0)	(4.0, 0.0)	(5.0, 0.0)	(6.0, 0.0)	(7.0, 0.0)	(8.0, 0.0)	(9.0, 0.0)	(10.0, 0.0)	(11.0, 0.0)	(12.0, 0.0)	(13.0, 0.0)	(14.0, 0.0)	(15.0, 0.0)	(16.0, 0.0)	(17.0, 0.0)	(18.0, 0.0)	(19.0, 0.0)	(20.0, 0.0)	(21.0, 0.0)	(22.0, 0.0)	(23.0, 0.0)	(24.0, 0.0)	(25.0, 0.0)	(26.0, 0.0)	(27.0, 0.0)	(28.0, 0.0)	(29.0, 0.0)	(30.0, 0.0)	(31.0, 0.0034777165313253813)	(32.0, 0.0034777165313253813)	(33.0, 0.0)	(34.0, 0.0)	(35.0, 0.0)	(36.0, 0.006955433062650763)	(37.0, 0.018258011789458257)	(38.0, 0.014780295258132872)	(39.0, 0.026082873984940358)	(40.0, 0.06259889756385689)	(41.0, 0.08433462588464057)	(42.0, 0.095637204611448)	(43.0, 0.1399780903858465)	(44.0, 0.1425863777843405)	(45.0, 0.18084125962891967)	(46.0, 0.3547270861951895)	(47.0, 1.4623798014223308)	(48.0, 1.1259107270166016)	(49.0, 0.9728911996382804)	(50.0, 2.999530508268118)	(51.0, 7.0467231215979105)	(52.0, 8.28913735241362)	(53.0, 13.87000295605893)	(54.0, 15.554087186354012)	(55.0, 17.098193326263182)	(56.0, 16.174859587195876)	(57.0, 7.711836408213737)	(58.0, 1.897094367837979)	(59.0, 0.6033838181849507)	(60.0, 0.3025613382253089)	(61.0, 0.2538733067867532)	(62.0, 0.15649724390964198)	(63.0, 0.2634370272478981)	(64.0, 0.7451007668364613)	(65.0, 0.17388582656626886)	(66.0, 0.08346519675180922)	(67.0, 0.07650976368915843)	(68.0, 0.07998748022048383)	(69.0, 0.07998748022048383)	(70.0, 0.0852040550174719)	(71.0, 0.2921281886313327)	(72.0, 1.119824723086782)	(73.0, 0.273000747709043)	(74.0, 0.04694917317289264)	(75.0, 0.015649724390964216)	(76.0, 0.0017388582656626907)	(77.0, 0.0034777165313253813)	(78.0, 0.0017388582656626907)	(79.0, 0.0017388582656626907)	(80.0, 0.0017388582656626907)	(81.0, 0.0)	(82.0, 0.0)	(83.0, 0.0)	(84.0, 0.0017388582656626907)	(85.0, 0.0)	(86.0, 0.0)	(87.0, 0.0)	(88.0, 0.0)	(89.0, 0.0)	(90.0, 0.0)	(91.0, 0.0)	(92.0, 0.0)	(93.0, 0.0)	(94.0, 0.0)	(95.0, 0.0)	(96.0, 0.0)	(97.0, 0.0)	(98.0, 0.0)	(99.0, 0.0)	(100.0, 0.0)
SRR19621147_1	(0.0, 0.0)	(1.0, 0.0)	(2.0, 0.0)	(3.0, 0.0)	(4.0, 0.0)	(5.0, 0.0)	(6.0, 0.0)	(7.0, 0.0)	(8.0, 0.0)	(9.0, 0.0)	(10.0, 0.0)	(11.0, 0.0)	(12.0, 0.0)	(13.0, 0.0)	(14.0, 0.0)	(15.0, 0.0)	(16.0, 0.0)	(17.0, 0.0)	(18.0, 0.0)	(19.0, 0.0)	(20.0, 0.0)	(21.0, 0.0)	(22.0, 0.0)	(23.0, 0.0)	(24.0, 0.0)	(25.0, 0.0)	(26.0, 0.0)	(27.0, 0.0)	(28.0, 0.0)	(29.0, 0.0)	(30.0, 0.0)	(31.0, 0.0)	(32.0, 0.0)	(33.0, 0.0)	(34.0, 0.0)	(35.0, 0.0)	(36.0, 0.0)	(37.0, 0.004174261503568874)	(38.0, 0.011131364009516998)	(39.0, 0.02504556902141324)	(40.0, 0.057048240548774644)	(41.0, 0.0918337530785152)	(42.0, 0.11827074260111797)	(43.0, 0.1460991526249105)	(44.0, 0.1753189831498928)	(45.0, 0.2309758031974782)	(46.0, 0.5732652464901236)	(47.0, 0.8585064492340047)	(48.0, 0.9865171353434538)	(49.0, 1.132616287968363)	(50.0, 3.328277838845669)	(51.0, 9.471399351597418)	(52.0, 18.28465680613489)	(53.0, 21.003492465456944)	(54.0, 19.662163102311368)	(55.0, 11.262157536629278)	(56.0, 3.907108767340619)	(57.0, 1.20357873352903)	(58.0, 0.5482196774687095)	(59.0, 0.20175597267249587)	(60.0, 0.19619029066773735)	(61.0, 0.4369060373735405)	(62.0, 0.3269838177795617)	(63.0, 0.1127050605963595)	(64.0, 0.07652812756542939)	(65.0, 0.07513670706423976)	(66.0, 0.09461659408089443)	(67.0, 0.1989731316701166)	(68.0, 1.060262421906506)	(69.0, 3.5495136985348443)	(70.0, 0.4508202423854366)	(71.0, 0.06261392255353315)	(72.0, 0.044525456038068005)	(73.0, 0.011131364009516998)	(74.0, 0.011131364009516998)	(75.0, 0.0013914205011896247)	(76.0, 0.004174261503568874)	(77.0, 0.0027828410023792494)	(78.0, 0.0)	(79.0, 0.0)	(80.0, 0.0)	(81.0, 0.0)	(82.0, 0.0)	(83.0, 0.0)	(84.0, 0.0)	(85.0, 0.0)	(86.0, 0.0)	(87.0, 0.0)	(88.0, 0.0)	(89.0, 0.0)	(90.0, 0.0)	(91.0, 0.0)	(92.0, 0.0)	(93.0, 0.0)	(94.0, 0.0)	(95.0, 0.0)	(96.0, 0.0)	(97.0, 0.0)	(98.0, 0.0)	(99.0, 0.0)	(100.0, 0.0)
SRR19621147_2	(0.0, 0.0)	(1.0, 0.0)	(2.0, 0.0)	(3.0, 0.0)	(4.0, 0.0)	(5.0, 0.0)	(6.0, 0.0)	(7.0, 0.0)	(8.0, 0.0)	(9.0, 0.0)	(10.0, 0.0)	(11.0, 0.0)	(12.0, 0.0)	(13.0, 0.0)	(14.0, 0.0)	(15.0, 0.0)	(16.0, 0.0)	(17.0, 0.0)	(18.0, 0.0014035678695242752)	(19.0, 0.0014035678695242752)	(20.0, 0.0)	(21.0, 0.0)	(22.0, 0.0)	(23.0, 0.0)	(24.0, 0.0)	(25.0, 0.0)	(26.0, 0.0)	(27.0, 0.0)	(28.0, 0.0)	(29.0, 0.0)	(30.0, 0.0)	(31.0, 0.0)	(32.0, 0.0)	(33.0, 0.0)	(34.0, 0.0)	(35.0, 0.0)	(36.0, 0.0)	(37.0, 0.0028071357390485503)	(38.0, 0.012632110825718478)	(39.0, 0.028071357390485493)	(40.0, 0.06175698625906814)	(41.0, 0.09333726332336424)	(42.0, 0.10947829382289337)	(43.0, 0.12912824399623316)	(44.0, 0.18807809451625304)	(45.0, 0.19228879812482594)	(46.0, 0.29124033292628754)	(47.0, 0.8891602453436351)	(48.0, 0.9747778853846183)	(49.0, 0.8217889876064681)	(50.0, 1.5439246564766884)	(51.0, 3.9264811149943117)	(52.0, 6.420621219138513)	(53.0, 16.579645458758336)	(54.0, 20.741925975829698)	(55.0, 20.2478700857576)	(56.0, 12.080508652996222)	(57.0, 4.96161241876836)	(58.0, 1.4091821410023657)	(59.0, 0.732662427891674)	(60.0, 0.48282734711634834)	(61.0, 0.3915954355972718)	(62.0, 0.16983171221243734)	(63.0, 0.2007102053419716)	(64.0, 0.47019523629063004)	(65.0, 0.17123528008196162)	(66.0, 0.13895321908290306)	(67.0, 0.14176035482195162)	(68.0, 0.1754459836905345)	(69.0, 0.1824638230381559)	(70.0, 0.24983508077532157)	(71.0, 0.7888051426726467)	(72.0, 3.1734669529944526)	(73.0, 0.675116145241177)	(74.0, 0.09123191151907785)	(75.0, 0.016842814434291302)	(76.0, 0.007017839347621375)	(77.0, 0.007017839347621375)	(78.0, 0.007017839347621375)	(79.0, 0.005614271478097101)	(80.0, 0.0014035678695242752)	(81.0, 0.0028071357390485503)	(82.0, 0.0042107036085728255)	(83.0, 0.0014035678695242752)	(84.0, 0.0)	(85.0, 0.0014035678695242752)	(86.0, 0.0)	(87.0, 0.0)	(88.0, 0.0)	(89.0, 0.0)	(90.0, 0.0)	(91.0, 0.0)	(92.0, 0.0)	(93.0, 0.0)	(94.0, 0.0)	(95.0, 0.0)	(96.0, 0.0)	(97.0, 0.0)	(98.0, 0.0)	(99.0, 0.0)	(100.0, 0.0)
SRR19621148_1	(0.0, 0.0)	(1.0, 0.0)	(2.0, 0.0)	(3.0, 0.0)	(4.0, 0.0)	(5.0, 0.0)	(6.0, 0.0)	(7.0, 0.0)	(8.0, 0.0)	(9.0, 0.0)	(10.0, 0.0)	(11.0, 0.0)	(12.0, 0.0)	(13.0, 0.0)	(14.0, 0.0)	(15.0, 0.0)	(16.0, 0.0)	(17.0, 0.0)	(18.0, 0.0)	(19.0, 0.0)	(20.0, 0.0)	(21.0, 0.0)	(22.0, 0.0)	(23.0, 0.0)	(24.0, 0.0)	(25.0, 0.0)	(26.0, 0.0)	(27.0, 0.0)	(28.0, 0.0)	(29.0, 0.0)	(30.0, 0.0)	(31.0, 0.0)	(32.0, 0.0)	(33.0, 0.0)	(34.0, 0.0)	(35.0, 0.001278625222161015)	(36.0, 0.001278625222161015)	(37.0, 0.00255725044432203)	(38.0, 0.01022900177728812)	(39.0, 0.026851129665381303)	(40.0, 0.07288163766317786)	(41.0, 0.08438926466262694)	(42.0, 0.07927476377398292)	(43.0, 0.09206101599559302)	(44.0, 0.17005715454741513)	(45.0, 0.2774616732089405)	(46.0, 0.740324003631232)	(47.0, 0.5088928384200817)	(48.0, 1.108568067613604)	(49.0, 1.6916211689189937)	(50.0, 6.540168011353176)	(51.0, 15.1760027618317)	(52.0, 15.756498612693004)	(53.0, 14.34873224309315)	(54.0, 18.497871089003727)	(55.0, 12.781137720723033)	(56.0, 3.6568681353806505)	(57.0, 2.1161247426764525)	(58.0, 1.6455906609211997)	(59.0, 0.3068700533186434)	(60.0, 0.11635489521665222)	(61.0, 0.07416026288533886)	(62.0, 0.033244255776186386)	(63.0, 0.03068700533186435)	(64.0, 0.09589689166207604)	(65.0, 0.12146939610529627)	(66.0, 0.07543888810749988)	(67.0, 0.15471365188148284)	(68.0, 0.8183201421830562)	(69.0, 2.357784909664912)	(70.0, 0.3490646856499563)	(71.0, 0.04347325755347452)	(72.0, 0.016622127888093193)	(73.0, 0.00511450088864406)	(74.0, 0.00767175133296609)	(75.0, 0.00511450088864406)	(76.0, 0.001278625222161015)	(77.0, 0.0)	(78.0, 0.0)	(79.0, 0.0)	(80.0, 0.0)	(81.0, 0.0)	(82.0, 0.0)	(83.0, 0.0)	(84.0, 0.0)	(85.0, 0.0)	(86.0, 0.0)	(87.0, 0.0)	(88.0, 0.0)	(89.0, 0.0)	(90.0, 0.0)	(91.0, 0.0)	(92.0, 0.0)	(93.0, 0.0)	(94.0, 0.0)	(95.0, 0.0)	(96.0, 0.0)	(97.0, 0.0)	(98.0, 0.0)	(99.0, 0.0)	(100.0, 0.0)
SRR19621148_2	(0.0, 0.0)	(1.0, 0.0)	(2.0, 0.0)	(3.0, 0.0)	(4.0, 0.0)	(5.0, 0.0)	(6.0, 0.0)	(7.0, 0.0)	(8.0, 0.0)	(9.0, 0.0)	(10.0, 0.0)	(11.0, 0.0)	(12.0, 0.0)	(13.0, 0.0)	(14.0, 0.0)	(15.0, 0.0)	(16.0, 0.0)	(17.0, 0.0)	(18.0, 0.0)	(19.0, 0.0)	(20.0, 0.0)	(21.0, 0.0)	(22.0, 0.0)	(23.0, 0.0)	(24.0, 0.0)	(25.0, 0.0)	(26.0, 0.0)	(27.0, 0.0)	(28.0, 0.0)	(29.0, 0.0)	(30.0, 0.0)	(31.0, 0.0)	(32.0, 0.0)	(33.0, 0.0)	(34.0, 0.0)	(35.0, 0.001306480797998381)	(36.0, 0.005225923191993524)	(37.0, 0.014371288777982192)	(38.0, 0.011758327181985427)	(39.0, 0.036581462343954665)	(40.0, 0.07381616508690853)	(41.0, 0.0855744922688939)	(42.0, 0.11039762743086307)	(43.0, 0.13783372418882908)	(44.0, 0.16004389775480168)	(45.0, 0.17114898453778798)	(46.0, 0.23777950523570596)	(47.0, 0.9393596937608455)	(48.0, 1.149703102238578)	(49.0, 1.2587942488714368)	(50.0, 3.6202582912536507)	(51.0, 8.098874466791266)	(52.0, 12.009171495202198)	(53.0, 12.54286890118478)	(54.0, 13.42082399744009)	(55.0, 17.757687006395365)	(56.0, 14.202752755042477)	(57.0, 5.032564033889714)	(58.0, 1.110508678298629)	(59.0, 0.41023497057149005)	(60.0, 1.0007642912667711)	(61.0, 1.6526982094679263)	(62.0, 0.4520423561074376)	(63.0, 0.13326104139583472)	(64.0, 0.06532403989991908)	(65.0, 0.06532403989991908)	(66.0, 0.08100180947589959)	(67.0, 0.1763749077297816)	(68.0, 0.21295637007373655)	(69.0, 0.1358740029918315)	(70.0, 0.15416473416380894)	(71.0, 0.5095275112193659)	(72.0, 2.166145163081288)	(73.0, 0.4833978952593983)	(74.0, 0.04964627032393849)	(75.0, 0.01959721196997571)	(76.0, 0.01306480797998381)	(77.0, 0.005225923191993524)	(78.0, 0.0039194423939951425)	(79.0, 0.0039194423939951425)	(80.0, 0.0039194423939951425)	(81.0, 0.0039194423939951425)	(82.0, 0.0)	(83.0, 0.001306480797998381)	(84.0, 0.0)	(85.0, 0.001306480797998381)	(86.0, 0.001306480797998381)	(87.0, 0.0)	(88.0, 0.0)	(89.0, 0.0)	(90.0, 0.0)	(91.0, 0.0)	(92.0, 0.0)	(93.0, 0.0)	(94.0, 0.001306480797998381)	(95.0, 0.0)	(96.0, 0.0)	(97.0, 0.0)	(98.0, 0.0)	(99.0, 0.001306480797998381)	(100.0, 0.0019597211969975712)
SRR19621149_1	(0.0, 0.0)	(1.0, 0.0)	(2.0, 0.0)	(3.0, 0.0)	(4.0, 0.0)	(5.0, 0.0)	(6.0, 0.0)	(7.0, 0.0)	(8.0, 0.0)	(9.0, 0.0)	(10.0, 0.0)	(11.0, 0.0)	(12.0, 0.0)	(13.0, 0.0)	(14.0, 0.0)	(15.0, 0.0)	(16.0, 0.0)	(17.0, 0.0)	(18.0, 0.0)	(19.0, 0.0)	(20.0, 0.0)	(21.0, 0.0)	(22.0, 0.0)	(23.0, 0.0)	(24.0, 0.0)	(25.0, 0.0)	(26.0, 0.0)	(27.0, 0.0)	(28.0, 0.0)	(29.0, 0.0)	(30.0, 0.0)	(31.0, 0.0)	(32.0, 0.0)	(33.0, 0.001046550569323515)	(34.0, 0.001046550569323515)	(35.0, 0.0)	(36.0, 0.00209310113864703)	(37.0, 0.0031396517079705453)	(38.0, 0.007325853985264604)	(39.0, 0.0282568653717349)	(40.0, 0.05023442732752875)	(41.0, 0.09314300066979271)	(42.0, 0.11826021433355716)	(43.0, 0.11930676490288067)	(44.0, 0.2584979906229079)	(45.0, 0.7304922973878205)	(46.0, 2.6006781647690107)	(47.0, 1.7173894842598638)	(48.0, 2.2417113194910043)	(49.0, 2.238571667783033)	(50.0, 5.438923308773947)	(51.0, 15.57895177494971)	(52.0, 15.340338245144164)	(53.0, 15.55488111185529)	(54.0, 17.85833891493425)	(55.0, 13.198049229740876)	(56.0, 3.5697839919625745)	(57.0, 1.0465505693235102)	(58.0, 0.6185113864702011)	(59.0, 0.1423308774279982)	(60.0, 0.07953784326858707)	(61.0, 0.03244306764902896)	(62.0, 0.023024112525117317)	(63.0, 0.016744809109176237)	(64.0, 0.06488613529805791)	(65.0, 0.06593268586738141)	(66.0, 0.03976892163429358)	(67.0, 0.045001674480911164)	(68.0, 0.2543117883456139)	(69.0, 0.7032819825854083)	(70.0, 0.08267749497655759)	(71.0, 0.016744809109176237)	(72.0, 0.011512056262558664)	(73.0, 0.0031396517079705453)	(74.0, 0.00209310113864703)	(75.0, 0.0)	(76.0, 0.001046550569323515)	(77.0, 0.0)	(78.0, 0.0)	(79.0, 0.0)	(80.0, 0.0)	(81.0, 0.0)	(82.0, 0.0)	(83.0, 0.0)	(84.0, 0.0)	(85.0, 0.0)	(86.0, 0.0)	(87.0, 0.0)	(88.0, 0.0)	(89.0, 0.0)	(90.0, 0.0)	(91.0, 0.0)	(92.0, 0.0)	(93.0, 0.0)	(94.0, 0.0)	(95.0, 0.0)	(96.0, 0.0)	(97.0, 0.0)	(98.0, 0.0)	(99.0, 0.0)	(100.0, 0.0)
SRR19621149_2	(0.0, 0.0)	(1.0, 0.0)	(2.0, 0.0)	(3.0, 0.0)	(4.0, 0.0)	(5.0, 0.0)	(6.0, 0.0)	(7.0, 0.0)	(8.0, 0.0)	(9.0, 0.0)	(10.0, 0.0)	(11.0, 0.0)	(12.0, 0.0)	(13.0, 0.0)	(14.0, 0.0)	(15.0, 0.0)	(16.0, 0.0)	(17.0, 0.0)	(18.0, 0.0)	(19.0, 0.0)	(20.0, 0.0)	(21.0, 0.0)	(22.0, 0.0)	(23.0, 0.0)	(24.0, 0.0)	(25.0, 0.0)	(26.0, 0.0)	(27.0, 0.0)	(28.0, 0.0)	(29.0, 0.0)	(30.0, 0.0)	(31.0, 0.0)	(32.0, 0.0)	(33.0, 0.0)	(34.0, 0.0)	(35.0, 0.0010607322234537943)	(36.0, 0.00371256278208828)	(37.0, 0.007955491675903457)	(38.0, 0.011668054457991739)	(39.0, 0.030230868368433143)	(40.0, 0.05409734339614354)	(41.0, 0.07690308620040004)	(42.0, 0.10289102567501793)	(43.0, 0.14054701960762786)	(44.0, 0.15804910129461558)	(45.0, 0.28162440532698185)	(46.0, 0.5945404112458547)	(47.0, 3.0888522346975775)	(48.0, 2.8162440532699216)	(49.0, 1.9427310672556228)	(50.0, 2.4789312062115765)	(51.0, 6.230210714455334)	(52.0, 13.40818567056972)	(53.0, 13.485088756770047)	(54.0, 15.033227436899452)	(55.0, 15.936971291281262)	(56.0, 13.653745180299047)	(57.0, 6.38879018186164)	(58.0, 1.2219635214187572)	(59.0, 0.46141851720239974)	(60.0, 0.2598793947461794)	(61.0, 0.6184068862735658)	(62.0, 0.16441349463533841)	(63.0, 0.048793682278874574)	(64.0, 0.040307824491244204)	(65.0, 0.027579037809798645)	(66.0, 0.025457573362891055)	(67.0, 0.08804077454666483)	(68.0, 0.09440516788738758)	(69.0, 0.04985441450232837)	(70.0, 0.041368556714697996)	(71.0, 0.13577372460208575)	(72.0, 0.6417429951895499)	(73.0, 0.11455908013300972)	(74.0, 0.01485025112835312)	(75.0, 0.008485857787630354)	(76.0, 0.008485857787630354)	(77.0, 0.0010607322234537943)	(78.0, 0.0)	(79.0, 0.0021214644469075886)	(80.0, 0.0010607322234537943)	(81.0, 0.0)	(82.0, 0.0)	(83.0, 0.0)	(84.0, 0.0)	(85.0, 0.0)	(86.0, 0.0010607322234537943)	(87.0, 0.0010607322234537943)	(88.0, 0.0)	(89.0, 0.0)	(90.0, 0.0)	(91.0, 0.0)	(92.0, 0.0)	(93.0, 0.0)	(94.0, 0.0)	(95.0, 0.0)	(96.0, 0.0)	(97.0, 0.0)	(98.0, 0.0)	(99.0, 0.0)	(100.0, 0.0015910983351806916)
SRR19621150_1	(0.0, 0.0)	(1.0, 0.0)	(2.0, 0.0)	(3.0, 0.0)	(4.0, 0.0)	(5.0, 0.0)	(6.0, 0.0)	(7.0, 0.0)	(8.0, 0.0)	(9.0, 0.0)	(10.0, 0.0)	(11.0, 0.0)	(12.0, 0.0)	(13.0, 0.0)	(14.0, 0.0)	(15.0, 0.0)	(16.0, 0.0)	(17.0, 0.0)	(18.0, 0.0)	(19.0, 0.0)	(20.0, 0.0)	(21.0, 0.0)	(22.0, 0.0)	(23.0, 0.0)	(24.0, 0.0)	(25.0, 0.0)	(26.0, 0.0)	(27.0, 0.0)	(28.0, 0.0)	(29.0, 0.0)	(30.0, 0.0)	(31.0, 0.0)	(32.0, 0.0)	(33.0, 0.0)	(34.0, 0.0013501471660411527)	(35.0, 0.0)	(36.0, 0.0013501471660411527)	(37.0, 0.004050441498123458)	(38.0, 0.008100882996246917)	(39.0, 0.029703237652905345)	(40.0, 0.05265573947560498)	(41.0, 0.079658682796428)	(42.0, 0.12016309777766244)	(43.0, 0.1890206032457616)	(44.0, 0.23762590122324345)	(45.0, 0.8127885939567793)	(46.0, 3.9019253098590916)	(47.0, 7.903761510004243)	(48.0, 6.43210109901972)	(49.0, 2.3654578349040856)	(50.0, 2.7637512488862708)	(51.0, 6.57521669862005)	(52.0, 17.582966543356047)	(53.0, 26.80042124591061)	(54.0, 13.795803742610243)	(55.0, 6.664326411578745)	(56.0, 2.0981286960279064)	(57.0, 0.6629222585262071)	(58.0, 0.4131450328085913)	(59.0, 0.09991089028704522)	(60.0, 0.047255150811440355)	(61.0, 0.06480706396997538)	(62.0, 0.047255150811440355)	(63.0, 0.04995544514352267)	(64.0, 0.09181000729079833)	(65.0, 0.06345691680393421)	(66.0, 0.02295250182269959)	(67.0, 0.006750735830205763)	(68.0, 0.004050441498123458)	(69.0, 0.0027002943320823054)	(70.0, 0.0013501471660411527)	(71.0, 0.0)	(72.0, 0.0)	(73.0, 0.0)	(74.0, 0.0)	(75.0, 0.0013501471660411527)	(76.0, 0.0)	(77.0, 0.0)	(78.0, 0.0)	(79.0, 0.0)	(80.0, 0.0)	(81.0, 0.0)	(82.0, 0.0)	(83.0, 0.0)	(84.0, 0.0)	(85.0, 0.0)	(86.0, 0.0)	(87.0, 0.0)	(88.0, 0.0)	(89.0, 0.0)	(90.0, 0.0)	(91.0, 0.0)	(92.0, 0.0)	(93.0, 0.0)	(94.0, 0.0)	(95.0, 0.0)	(96.0, 0.0)	(97.0, 0.0)	(98.0, 0.0)	(99.0, 0.0)	(100.0, 0.0)
SRR19621150_2	(0.0, 0.0)	(1.0, 0.0)	(2.0, 0.0)	(3.0, 0.0)	(4.0, 0.0)	(5.0, 0.0)	(6.0, 0.0)	(7.0, 0.0)	(8.0, 0.0)	(9.0, 0.0)	(10.0, 0.0)	(11.0, 0.0)	(12.0, 0.0)	(13.0, 0.0)	(14.0, 0.0)	(15.0, 0.0)	(16.0, 0.0)	(17.0, 0.0)	(18.0, 0.0)	(19.0, 0.0)	(20.0, 0.0)	(21.0, 0.0)	(22.0, 0.0)	(23.0, 0.001400942834527673)	(24.0, 0.0)	(25.0, 0.0)	(26.0, 0.0)	(27.0, 0.0)	(28.0, 0.0)	(29.0, 0.0)	(30.0, 0.0)	(31.0, 0.0)	(32.0, 0.0)	(33.0, 0.0)	(34.0, 0.0)	(35.0, 0.001400942834527673)	(36.0, 0.004202828503583019)	(37.0, 0.008405657007166037)	(38.0, 0.014009428345276732)	(39.0, 0.04202828503583019)	(40.0, 0.07004714172638367)	(41.0, 0.08125468440260504)	(42.0, 0.1302876836110734)	(43.0, 0.1779197399850146)	(44.0, 0.2661791385602586)	(45.0, 0.3103088378478797)	(46.0, 1.0780255111690566)	(47.0, 6.698608163293719)	(48.0, 6.657280349675163)	(49.0, 3.029538879666144)	(50.0, 2.0005463677054767)	(51.0, 3.1633289203635515)	(52.0, 5.131653602874874)	(53.0, 14.592921035859446)	(54.0, 26.055435307958014)	(55.0, 13.33277295620123)	(56.0, 9.578946631082625)	(57.0, 5.328486071125967)	(58.0, 0.8475704148892479)	(59.0, 0.24096216753876032)	(60.0, 0.369848908315305)	(61.0, 0.3600423084736114)	(62.0, 0.06584431322280067)	(63.0, 0.04483017070488555)	(64.0, 0.064443370388273)	(65.0, 0.03362262802866414)	(66.0, 0.04202828503583019)	(67.0, 0.09386316991335404)	(68.0, 0.04202828503583019)	(69.0, 0.01961319968338742)	(70.0, 0.007004714172638364)	(71.0, 0.002801885669055346)	(72.0, 0.001400942834527673)	(73.0, 0.0)	(74.0, 0.0)	(75.0, 0.0)	(76.0, 0.0)	(77.0, 0.0)	(78.0, 0.0)	(79.0, 0.0)	(80.0, 0.0)	(81.0, 0.001400942834527673)	(82.0, 0.001400942834527673)	(83.0, 0.0)	(84.0, 0.0)	(85.0, 0.0)	(86.0, 0.0)	(87.0, 0.0)	(88.0, 0.0)	(89.0, 0.0)	(90.0, 0.0)	(91.0, 0.0)	(92.0, 0.0)	(93.0, 0.0)	(94.0, 0.0)	(95.0, 0.0)	(96.0, 0.0)	(97.0, 0.001400942834527673)	(98.0, 0.001400942834527673)	(99.0, 0.001400942834527673)	(100.0, 0.0021014142517915093)
SRR19621151_1	(0.0, 0.0)	(1.0, 0.0)	(2.0, 0.0)	(3.0, 0.0)	(4.0, 0.0)	(5.0, 0.0)	(6.0, 0.0)	(7.0, 0.0)	(8.0, 0.0)	(9.0, 0.0)	(10.0, 0.0)	(11.0, 0.0)	(12.0, 0.0)	(13.0, 0.0)	(14.0, 0.0)	(15.0, 0.0)	(16.0, 0.0)	(17.0, 0.0)	(18.0, 0.0)	(19.0, 0.0)	(20.0, 0.0)	(21.0, 0.0)	(22.0, 0.0)	(23.0, 0.0)	(24.0, 0.0)	(25.0, 0.0)	(26.0, 0.0)	(27.0, 0.0)	(28.0, 0.0)	(29.0, 0.0)	(30.0, 0.0)	(31.0, 0.0)	(32.0, 0.0)	(33.0, 0.0)	(34.0, 0.0)	(35.0, 0.0)	(36.0, 0.0013358447214094824)	(37.0, 0.0026716894428189648)	(38.0, 0.004007534164228448)	(39.0, 0.025381049706780158)	(40.0, 0.05209794413496984)	(41.0, 0.0641205466276552)	(42.0, 0.09217328577725423)	(43.0, 0.10686757771275848)	(44.0, 0.12289771436967223)	(45.0, 0.1977050187686037)	(46.0, 0.5583830935491619)	(47.0, 0.47823241026459223)	(48.0, 0.7013184787399808)	(49.0, 1.14749061569075)	(50.0, 6.935705793557576)	(51.0, 13.900800170988918)	(52.0, 14.249455643276951)	(53.0, 14.913370469817764)	(54.0, 14.906691246210716)	(55.0, 10.635995671862657)	(56.0, 3.6922748099759493)	(57.0, 7.196195514232365)	(58.0, 6.696589588425332)	(59.0, 0.6612431370976951)	(60.0, 0.23911620513229792)	(61.0, 0.07079977023470259)	(62.0, 0.0374036521994655)	(63.0, 0.025381049706780158)	(64.0, 0.04675456524933189)	(65.0, 0.05209794413496984)	(66.0, 0.0374036521994655)	(67.0, 0.08950159633443527)	(68.0, 0.42880615557244217)	(69.0, 1.386606820823034)	(70.0, 0.18835410571873726)	(71.0, 0.025381049706780158)	(72.0, 0.013358447214094826)	(73.0, 0.006679223607047411)	(74.0, 0.004007534164228448)	(75.0, 0.0026716894428189648)	(76.0, 0.0026716894428189648)	(77.0, 0.0)	(78.0, 0.0)	(79.0, 0.0)	(80.0, 0.0)	(81.0, 0.0)	(82.0, 0.0)	(83.0, 0.0)	(84.0, 0.0)	(85.0, 0.0)	(86.0, 0.0)	(87.0, 0.0)	(88.0, 0.0)	(89.0, 0.0)	(90.0, 0.0)	(91.0, 0.0)	(92.0, 0.0)	(93.0, 0.0)	(94.0, 0.0)	(95.0, 0.0)	(96.0, 0.0)	(97.0, 0.0)	(98.0, 0.0)	(99.0, 0.0)	(100.0, 0.0)
SRR19621151_2	(0.0, 0.0)	(1.0, 0.0)	(2.0, 0.0)	(3.0, 0.0)	(4.0, 0.0)	(5.0, 0.0)	(6.0, 0.0)	(7.0, 0.0)	(8.0, 0.0)	(9.0, 0.0)	(10.0, 0.0)	(11.0, 0.0)	(12.0, 0.0)	(13.0, 0.0)	(14.0, 0.0)	(15.0, 0.0)	(16.0, 0.0)	(17.0, 0.0)	(18.0, 0.0)	(19.0, 0.0)	(20.0, 0.0)	(21.0, 0.0)	(22.0, 0.0)	(23.0, 0.0)	(24.0, 0.0)	(25.0, 0.0)	(26.0, 0.0)	(27.0, 0.0)	(28.0, 0.0)	(29.0, 0.0)	(30.0, 0.0)	(31.0, 0.0)	(32.0, 0.0)	(33.0, 0.0)	(34.0, 0.0)	(35.0, 0.0)	(36.0, 0.002788816844453622)	(37.0, 0.0069720421111340546)	(38.0, 0.011852471588927894)	(39.0, 0.025796555811195998)	(40.0, 0.05298752004461884)	(41.0, 0.06693160426688698)	(42.0, 0.09342536428919629)	(43.0, 0.12549675800041285)	(44.0, 0.13734922958934073)	(45.0, 0.15338492644494917)	(46.0, 0.24750749494525953)	(47.0, 0.8798717144251244)	(48.0, 0.7780798996025643)	(49.0, 0.6260893815798376)	(50.0, 2.4325454925746564)	(51.0, 8.233284529037501)	(52.0, 10.080178484277527)	(53.0, 11.184549954681662)	(54.0, 15.993864602944118)	(55.0, 14.7988565850952)	(56.0, 11.782751167817237)	(57.0, 5.608310674196127)	(58.0, 1.0179181482255826)	(59.0, 0.490831764623835)	(60.0, 2.685630621208851)	(61.0, 7.687373631735829)	(62.0, 1.8531687931393994)	(63.0, 0.3416300634455684)	(64.0, 0.13386320853377368)	(65.0, 0.0711148295335674)	(66.0, 0.06832601268911377)	(67.0, 0.10458063166701075)	(68.0, 0.10318622324478394)	(69.0, 0.0711148295335674)	(70.0, 0.08366450533360864)	(71.0, 0.303981036045445)	(72.0, 1.3023774663598406)	(73.0, 0.30119221920099143)	(74.0, 0.03625461897789708)	(75.0, 0.0069720421111340546)	(76.0, 0.005577633688907244)	(77.0, 0.002788816844453622)	(78.0, 0.001394408422226811)	(79.0, 0.001394408422226811)	(80.0, 0.0)	(81.0, 0.0)	(82.0, 0.0)	(83.0, 0.0)	(84.0, 0.0)	(85.0, 0.0)	(86.0, 0.0)	(87.0, 0.0)	(88.0, 0.0)	(89.0, 0.0)	(90.0, 0.0)	(91.0, 0.0)	(92.0, 0.0)	(93.0, 0.0)	(94.0, 0.0)	(95.0, 0.001394408422226811)	(96.0, 0.0)	(97.0, 0.001394408422226811)	(98.0, 0.0)	(99.0, 0.0)	(100.0, 0.0)
SRR19621152_1	(0.0, 0.0)	(1.0, 0.0)	(2.0, 0.0)	(3.0, 0.0)	(4.0, 0.0)	(5.0, 0.0)	(6.0, 0.0)	(7.0, 0.0)	(8.0, 0.0)	(9.0, 0.0)	(10.0, 0.0)	(11.0, 0.0)	(12.0, 0.0)	(13.0, 0.0)	(14.0, 0.0)	(15.0, 0.0)	(16.0, 0.0)	(17.0, 0.0)	(18.0, 0.0)	(19.0, 0.0)	(20.0, 0.0)	(21.0, 0.0)	(22.0, 0.0)	(23.0, 0.0)	(24.0, 0.0)	(25.0, 0.0)	(26.0, 0.0)	(27.0, 0.0)	(28.0, 0.0)	(29.0, 0.0)	(30.0, 0.0)	(31.0, 0.001212606254623035)	(32.0, 0.0)	(33.0, 0.0)	(34.0, 0.0)	(35.0, 0.001212606254623035)	(36.0, 0.001212606254623035)	(37.0, 0.0036378187638691052)	(38.0, 0.010913456291607317)	(39.0, 0.03274036887482194)	(40.0, 0.052142068948790546)	(41.0, 0.10307153164295788)	(42.0, 0.12247323171692642)	(43.0, 0.1273236567354186)	(44.0, 0.15400099433712555)	(45.0, 0.8318478906714099)	(46.0, 4.139837753283117)	(47.0, 3.870639164756864)	(48.0, 5.421562564419373)	(49.0, 4.4599658045035255)	(50.0, 2.7865691731237976)	(51.0, 4.804345980816389)	(52.0, 11.832611832612892)	(53.0, 18.32369311360828)	(54.0, 19.13250148544111)	(55.0, 15.401312039969426)	(56.0, 3.608716213758309)	(57.0, 1.3023391174651293)	(58.0, 0.8463991657268867)	(59.0, 0.13096147549928772)	(60.0, 0.0569924939672827)	(61.0, 0.04850425018492143)	(62.0, 0.03274036887482194)	(63.0, 0.060630312731151784)	(64.0, 0.11641020044381122)	(65.0, 0.04607903767567535)	(66.0, 0.04365382516642928)	(67.0, 0.06669334400426695)	(68.0, 0.43411303915504434)	(69.0, 1.3617568239416546)	(70.0, 0.18431615070270166)	(71.0, 0.030315156365575868)	(72.0, 0.006063031273115175)	(73.0, 0.00485042501849214)	(74.0, 0.001212606254623035)	(75.0, 0.001212606254623035)	(76.0, 0.001212606254623035)	(77.0, 0.0)	(78.0, 0.0)	(79.0, 0.0)	(80.0, 0.0)	(81.0, 0.0)	(82.0, 0.0)	(83.0, 0.0)	(84.0, 0.0)	(85.0, 0.0)	(86.0, 0.0)	(87.0, 0.0)	(88.0, 0.0)	(89.0, 0.0)	(90.0, 0.0)	(91.0, 0.0)	(92.0, 0.0)	(93.0, 0.0)	(94.0, 0.0)	(95.0, 0.0)	(96.0, 0.0)	(97.0, 0.0)	(98.0, 0.0)	(99.0, 0.0)	(100.0, 0.0)
SRR19621152_2	(0.0, 0.0)	(1.0, 0.0)	(2.0, 0.0)	(3.0, 0.0)	(4.0, 0.0)	(5.0, 0.0)	(6.0, 0.0)	(7.0, 0.0)	(8.0, 0.0)	(9.0, 0.0)	(10.0, 0.0)	(11.0, 0.0)	(12.0, 0.0)	(13.0, 0.0)	(14.0, 0.0)	(15.0, 0.0)	(16.0, 0.0)	(17.0, 0.0)	(18.0, 0.0)	(19.0, 0.0)	(20.0, 0.0)	(21.0, 0.0)	(22.0, 0.0)	(23.0, 0.0)	(24.0, 0.0)	(25.0, 0.0)	(26.0, 0.0)	(27.0, 0.0)	(28.0, 0.0)	(29.0, 0.0)	(30.0, 0.004898269074165792)	(31.0, 0.006122836342707241)	(32.0, 0.004898269074165792)	(33.0, 0.0036737018056243443)	(34.0, 0.004898269074165792)	(35.0, 0.001224567268541448)	(36.0, 0.007347403611248687)	(37.0, 0.009796538148331584)	(38.0, 0.01714394175958027)	(39.0, 0.03734930169051416)	(40.0, 0.0661266325012382)	(41.0, 0.10041451602039865)	(42.0, 0.0991899487518572)	(43.0, 0.16899028305872002)	(44.0, 0.29573299535275943)	(45.0, 1.1321124397665683)	(46.0, 1.1657880396514564)	(47.0, 5.181144113198714)	(48.0, 5.796489165640653)	(49.0, 3.723296780000439)	(50.0, 2.6456775836838426)	(51.0, 3.5720627223355534)	(52.0, 3.189997734550578)	(53.0, 10.172480299774328)	(54.0, 17.15802428316932)	(55.0, 18.15237290522407)	(56.0, 16.497370241791806)	(57.0, 5.252781298408373)	(58.0, 0.952101051290986)	(59.0, 0.30001898079265443)	(60.0, 0.8449514152936072)	(61.0, 0.8584216552475633)	(62.0, 0.11633389051143739)	(63.0, 0.05388095981582375)	(64.0, 0.03796158532478489)	(65.0, 0.048982690741657946)	(66.0, 0.10653735236310585)	(67.0, 0.13347783227101775)	(68.0, 0.1077619196316473)	(69.0, 0.07347403611248687)	(70.0, 0.09306711240914997)	(71.0, 0.26940479907911874)	(72.0, 1.225791835809984)	(73.0, 0.2522608573195387)	(74.0, 0.022042210833746058)	(75.0, 0.008571970879790135)	(76.0, 0.002449134537082896)	(77.0, 0.004898269074165792)	(78.0, 0.001224567268541448)	(79.0, 0.002449134537082896)	(80.0, 0.002449134537082896)	(81.0, 0.0)	(82.0, 0.0)	(83.0, 0.0)	(84.0, 0.001224567268541448)	(85.0, 0.0)	(86.0, 0.0)	(87.0, 0.0)	(88.0, 0.0)	(89.0, 0.0)	(90.0, 0.001224567268541448)	(91.0, 0.001224567268541448)	(92.0, 0.0)	(93.0, 0.0)	(94.0, 0.0)	(95.0, 0.0)	(96.0, 0.0)	(97.0, 0.001224567268541448)	(98.0, 0.004898269074165792)	(99.0, 0.002449134537082896)	(100.0, 0.0018368509028121721)
SRR19621153_1	(0.0, 0.0)	(1.0, 0.0)	(2.0, 0.0)	(3.0, 0.0)	(4.0, 0.0)	(5.0, 0.0)	(6.0, 0.0)	(7.0, 0.0)	(8.0, 0.0)	(9.0, 0.0)	(10.0, 0.0)	(11.0, 0.0)	(12.0, 0.0)	(13.0, 0.0)	(14.0, 0.0)	(15.0, 0.0)	(16.0, 0.0)	(17.0, 0.0)	(18.0, 0.0)	(19.0, 0.0)	(20.0, 0.0)	(21.0, 0.0)	(22.0, 0.0)	(23.0, 0.0)	(24.0, 0.0)	(25.0, 0.0)	(26.0, 0.0)	(27.0, 0.0)	(28.0, 0.0)	(29.0, 0.0)	(30.0, 0.0)	(31.0, 0.0)	(32.0, 0.0)	(33.0, 0.0)	(34.0, 0.0)	(35.0, 0.0)	(36.0, 0.0011882552847653914)	(37.0, 0.002376510569530783)	(38.0, 0.007129531708592348)	(39.0, 0.02020033984101165)	(40.0, 0.06654229594686192)	(41.0, 0.0986251886355274)	(42.0, 0.11169599676794666)	(43.0, 0.1449671447413778)	(44.0, 0.25072186508549793)	(45.0, 0.2887460341979899)	(46.0, 0.6998823627268199)	(47.0, 0.6119514716541785)	(48.0, 1.070618011573619)	(49.0, 1.3653053221954194)	(50.0, 4.05908005275865)	(51.0, 8.507907838920088)	(52.0, 12.883063797428248)	(53.0, 20.88952790617252)	(54.0, 20.2276697125588)	(55.0, 14.211533205796561)	(56.0, 4.268212982877311)	(57.0, 3.15600603633699)	(58.0, 2.6664448590135925)	(59.0, 0.40875981795929267)	(60.0, 0.21982722768159801)	(61.0, 0.1164490179070082)	(62.0, 0.09149565692693507)	(63.0, 0.11407250733747741)	(64.0, 0.19368561141675922)	(65.0, 0.08674263578787351)	(66.0, 0.07723659350975041)	(67.0, 0.14021412360231622)	(68.0, 0.6321518114951906)	(69.0, 1.9903276019820078)	(70.0, 0.24121582280737489)	(71.0, 0.036835913827727135)	(72.0, 0.01663557398671548)	(73.0, 0.007129531708592348)	(74.0, 0.007129531708592348)	(75.0, 0.0035647658542961747)	(76.0, 0.0035647658542961747)	(77.0, 0.0011882552847653914)	(78.0, 0.0)	(79.0, 0.0)	(80.0, 0.0)	(81.0, 0.0)	(82.0, 0.0011882552847653914)	(83.0, 0.0011882552847653914)	(84.0, 0.0)	(85.0, 0.0)	(86.0, 0.0)	(87.0, 0.0)	(88.0, 0.0)	(89.0, 0.0)	(90.0, 0.0)	(91.0, 0.0)	(92.0, 0.0)	(93.0, 0.0)	(94.0, 0.0)	(95.0, 0.0)	(96.0, 0.0)	(97.0, 0.0)	(98.0, 0.0)	(99.0, 0.0)	(100.0, 0.0)
SRR19621153_2	(0.0, 0.0)	(1.0, 0.0)	(2.0, 0.0)	(3.0, 0.0)	(4.0, 0.0)	(5.0, 0.0)	(6.0, 0.0)	(7.0, 0.0)	(8.0, 0.0)	(9.0, 0.0)	(10.0, 0.0)	(11.0, 0.0)	(12.0, 0.0)	(13.0, 0.0)	(14.0, 0.0)	(15.0, 0.0)	(16.0, 0.0)	(17.0, 0.0)	(18.0, 0.0)	(19.0, 0.0)	(20.0, 0.0)	(21.0, 0.0)	(22.0, 0.0)	(23.0, 0.0)	(24.0, 0.0)	(25.0, 0.0)	(26.0, 0.0)	(27.0, 0.0)	(28.0, 0.0)	(29.0, 0.0024052048633242695)	(30.0, 0.0012026024316621347)	(31.0, 0.0)	(32.0, 0.0)	(33.0, 0.0)	(34.0, 0.0)	(35.0, 0.0)	(36.0, 0.0024052048633242695)	(37.0, 0.010823421884959215)	(38.0, 0.017437735259100955)	(39.0, 0.03487547051820191)	(40.0, 0.0877899775113358)	(41.0, 0.125671954108693)	(42.0, 0.14972400274193587)	(43.0, 0.19542289514509734)	(44.0, 0.22007624499417125)	(45.0, 0.3920483927218544)	(46.0, 0.3752119586785847)	(47.0, 0.7353913869614007)	(48.0, 0.7714694599112657)	(49.0, 0.894736209156638)	(50.0, 2.5104325760947397)	(51.0, 6.935408223394964)	(52.0, 4.203696799875044)	(53.0, 10.745252726902029)	(54.0, 19.10454222938343)	(55.0, 20.48092071241949)	(56.0, 15.545440332882574)	(57.0, 5.226510168003458)	(58.0, 1.0450615131143988)	(59.0, 0.6145298425793526)	(60.0, 2.4966026481306236)	(61.0, 2.6733852055849776)	(62.0, 0.46059673132659507)	(63.0, 0.18760597933929338)	(64.0, 0.13108366505117264)	(65.0, 0.12386805046119978)	(66.0, 0.18039036474932052)	(67.0, 0.23450747417411688)	(68.0, 0.1635539307060505)	(69.0, 0.13709667720948335)	(70.0, 0.16235132827438836)	(71.0, 0.4425576948516633)	(72.0, 1.7377605137517491)	(73.0, 0.36679374165694983)	(74.0, 0.03968588024485046)	(75.0, 0.009620819453297078)	(76.0, 0.003607807294986405)	(77.0, 0.003607807294986405)	(78.0, 0.0024052048633242695)	(79.0, 0.0024052048633242695)	(80.0, 0.0)	(81.0, 0.0)	(82.0, 0.0)	(83.0, 0.0024052048633242695)	(84.0, 0.0024052048633242695)	(85.0, 0.0)	(86.0, 0.0)	(87.0, 0.0)	(88.0, 0.0)	(89.0, 0.0)	(90.0, 0.0)	(91.0, 0.0)	(92.0, 0.0012026024316621347)	(93.0, 0.0012026024316621347)	(94.0, 0.0)	(95.0, 0.0)	(96.0, 0.0)	(97.0, 0.0)	(98.0, 0.0)	(99.0, 0.0012026024316621347)	(100.0, 0.003607807294986405)
SRR19621154_1	(0.0, 0.0)	(1.0, 0.0)	(2.0, 0.0)	(3.0, 0.0)	(4.0, 0.0)	(5.0, 0.0)	(6.0, 0.0)	(7.0, 0.0)	(8.0, 0.0)	(9.0, 0.0)	(10.0, 0.0)	(11.0, 0.0)	(12.0, 0.0)	(13.0, 0.0)	(14.0, 0.0)	(15.0, 0.0)	(16.0, 0.0)	(17.0, 0.0)	(18.0, 0.0)	(19.0, 0.0)	(20.0, 0.0)	(21.0, 0.0)	(22.0, 0.0)	(23.0, 0.0)	(24.0, 0.0)	(25.0, 0.0)	(26.0, 0.0)	(27.0, 0.0)	(28.0, 0.0)	(29.0, 0.0)	(30.0, 0.0)	(31.0, 0.0)	(32.0, 0.0)	(33.0, 0.0)	(34.0, 0.0)	(35.0, 0.0012383440862879114)	(36.0, 0.006191720431439557)	(37.0, 0.007430064517727467)	(38.0, 0.008668408604015378)	(39.0, 0.026005225812046128)	(40.0, 0.05696382796924396)	(41.0, 0.08296905378129002)	(42.0, 0.10154421507560862)	(43.0, 0.1312644731465185)	(44.0, 0.1795598925117474)	(45.0, 0.2959642366228107)	(46.0, 0.5820217205553186)	(47.0, 1.1689968174557868)	(48.0, 1.2631109680136627)	(49.0, 0.9114212475079125)	(50.0, 4.091488861095367)	(51.0, 10.550691615173651)	(52.0, 16.811759315446)	(53.0, 25.273364457043606)	(54.0, 22.40164452094455)	(55.0, 10.051638948399395)	(56.0, 1.5305932906518362)	(57.0, 1.75225688209736)	(58.0, 1.1578517206791963)	(59.0, 0.26005225812046173)	(60.0, 0.13250281723280644)	(61.0, 0.1362178494916702)	(62.0, 0.08420739786757793)	(63.0, 0.04829541936522857)	(64.0, 0.1362178494916702)	(65.0, 0.12135772045621515)	(66.0, 0.05448713979666814)	(67.0, 0.02848191398462195)	(68.0, 0.11145096776591187)	(69.0, 0.361596473196069)	(70.0, 0.05572548388295605)	(71.0, 0.013621784949167026)	(72.0, 0.004953376345151646)	(73.0, 0.0012383440862879114)	(74.0, 0.002476688172575823)	(75.0, 0.0)	(76.0, 0.0)	(77.0, 0.0)	(78.0, 0.0)	(79.0, 0.0)	(80.0, 0.0)	(81.0, 0.0)	(82.0, 0.0)	(83.0, 0.0)	(84.0, 0.0)	(85.0, 0.0)	(86.0, 0.0)	(87.0, 0.0)	(88.0, 0.0)	(89.0, 0.0)	(90.0, 0.0012383440862879114)	(91.0, 0.0012383440862879114)	(92.0, 0.0)	(93.0, 0.0)	(94.0, 0.0)	(95.0, 0.0)	(96.0, 0.0)	(97.0, 0.0)	(98.0, 0.0)	(99.0, 0.0)	(100.0, 0.0)
SRR19621154_2	(0.0, 0.0)	(1.0, 0.0)	(2.0, 0.0)	(3.0, 0.0)	(4.0, 0.0)	(5.0, 0.0)	(6.0, 0.0)	(7.0, 0.0)	(8.0, 0.0)	(9.0, 0.0)	(10.0, 0.0)	(11.0, 0.0)	(12.0, 0.0)	(13.0, 0.0)	(14.0, 0.0)	(15.0, 0.0)	(16.0, 0.0)	(17.0, 0.0)	(18.0, 0.0)	(19.0, 0.0)	(20.0, 0.0)	(21.0, 0.0)	(22.0, 0.0)	(23.0, 0.0)	(24.0, 0.0)	(25.0, 0.0)	(26.0, 0.0)	(27.0, 0.0)	(28.0, 0.0)	(29.0, 0.0)	(30.0, 0.0)	(31.0, 0.0)	(32.0, 0.0)	(33.0, 0.0012410104306927827)	(34.0, 0.0)	(35.0, 0.004343536507424739)	(36.0, 0.009307578230195871)	(37.0, 0.009307578230195871)	(38.0, 0.009307578230195871)	(39.0, 0.01985616689108452)	(40.0, 0.06391203718067834)	(41.0, 0.08873224579453391)	(42.0, 0.10238336053215447)	(43.0, 0.14271619952967)	(44.0, 0.16505438728214025)	(45.0, 0.19545914283411364)	(46.0, 0.2686787582449877)	(47.0, 0.6707661377894518)	(48.0, 1.3235376243338424)	(49.0, 0.8711893223463419)	(50.0, 1.54195546013576)	(51.0, 4.847386742285948)	(52.0, 9.266004380767717)	(53.0, 16.860988216608803)	(54.0, 25.973107303962273)	(55.0, 22.00187392574898)	(56.0, 9.117703634299861)	(57.0, 1.7634758220144091)	(58.0, 0.7359191854008248)	(59.0, 0.7173040289404325)	(60.0, 0.9729521776631513)	(61.0, 0.9468909586186038)	(62.0, 0.1898745958959961)	(63.0, 0.12286003263858535)	(64.0, 0.12161902220789256)	(65.0, 0.059568500673253616)	(66.0, 0.06453254239602473)	(67.0, 0.1439572099603628)	(68.0, 0.0769426467029525)	(69.0, 0.0359893024900907)	(70.0, 0.02730222947524121)	(71.0, 0.07942466756433807)	(72.0, 0.3152166493959664)	(73.0, 0.05460445895048247)	(74.0, 0.011169093876235046)	(75.0, 0.0024820208613855655)	(76.0, 0.0)	(77.0, 0.0)	(78.0, 0.0)	(79.0, 0.0)	(80.0, 0.0)	(81.0, 0.0)	(82.0, 0.0)	(83.0, 0.0)	(84.0, 0.0)	(85.0, 0.0)	(86.0, 0.0)	(87.0, 0.0012410104306927827)	(88.0, 0.0)	(89.0, 0.0)	(90.0, 0.0)	(91.0, 0.0)	(92.0, 0.0)	(93.0, 0.0)	(94.0, 0.0)	(95.0, 0.0)	(96.0, 0.0)	(97.0, 0.0)	(98.0, 0.0)	(99.0, 0.0)	(100.0, 0.0018615156460391742)
SRR19621155_1	(0.0, 0.0)	(1.0, 0.0)	(2.0, 0.0)	(3.0, 0.0)	(4.0, 0.0)	(5.0, 0.0)	(6.0, 0.0)	(7.0, 0.0)	(8.0, 0.0)	(9.0, 0.0)	(10.0, 0.0)	(11.0, 0.0)	(12.0, 0.0)	(13.0, 0.0)	(14.0, 0.0)	(15.0, 0.0)	(16.0, 0.0)	(17.0, 0.0)	(18.0, 0.0)	(19.0, 0.0)	(20.0, 0.0)	(21.0, 0.0)	(22.0, 0.0)	(23.0, 0.0)	(24.0, 0.0)	(25.0, 0.0)	(26.0, 0.0)	(27.0, 0.0)	(28.0, 0.0)	(29.0, 0.0)	(30.0, 0.0)	(31.0, 0.0)	(32.0, 0.0)	(33.0, 0.0)	(34.0, 0.0)	(35.0, 0.0)	(36.0, 0.002459722051408111)	(37.0, 0.002459722051408111)	(38.0, 0.0110687492313365)	(39.0, 0.028286803591193264)	(40.0, 0.06518263436231496)	(41.0, 0.08117082769646763)	(42.0, 0.10084860410773246)	(43.0, 0.1402041569302623)	(44.0, 0.20415693026687365)	(45.0, 1.0810478415938678)	(46.0, 3.1558233919567074)	(47.0, 2.5913171811584816)	(48.0, 2.7708768909112944)	(49.0, 1.560693641618422)	(50.0, 5.583569056696173)	(51.0, 13.617021276597372)	(52.0, 19.00504243020398)	(53.0, 17.877259869634386)	(54.0, 13.703111548396693)	(55.0, 6.8675439675309145)	(56.0, 1.1966547780100425)	(57.0, 4.283605952527282)	(58.0, 3.8248677899397734)	(59.0, 0.4120034436108567)	(60.0, 0.1820194318042005)	(61.0, 0.09592916000491625)	(62.0, 0.041815274873937894)	(63.0, 0.0332062476940095)	(64.0, 0.045504857951050075)	(65.0, 0.043045135899641956)	(66.0, 0.061493051285202806)	(67.0, 0.06641249538801901)	(68.0, 0.3062353954003095)	(69.0, 0.8301561923502448)	(70.0, 0.10699790923625271)	(71.0, 0.009838888205632444)	(72.0, 0.006149305128520277)	(73.0, 0.002459722051408111)	(74.0, 0.0)	(75.0, 0.0012298610257040555)	(76.0, 0.0012298610257040555)	(77.0, 0.0)	(78.0, 0.0)	(79.0, 0.0)	(80.0, 0.0)	(81.0, 0.0)	(82.0, 0.0)	(83.0, 0.0)	(84.0, 0.0)	(85.0, 0.0)	(86.0, 0.0)	(87.0, 0.0)	(88.0, 0.0)	(89.0, 0.0)	(90.0, 0.0)	(91.0, 0.0)	(92.0, 0.0)	(93.0, 0.0)	(94.0, 0.0)	(95.0, 0.0)	(96.0, 0.0)	(97.0, 0.0)	(98.0, 0.0)	(99.0, 0.0)	(100.0, 0.0)
SRR19621155_2	(0.0, 0.0)	(1.0, 0.0)	(2.0, 0.0)	(3.0, 0.0)	(4.0, 0.0)	(5.0, 0.0)	(6.0, 0.0)	(7.0, 0.0)	(8.0, 0.0)	(9.0, 0.0)	(10.0, 0.0)	(11.0, 0.0)	(12.0, 0.0)	(13.0, 0.0)	(14.0, 0.0)	(15.0, 0.0)	(16.0, 0.0)	(17.0, 0.0)	(18.0, 0.0)	(19.0, 0.0)	(20.0, 0.0)	(21.0, 0.0)	(22.0, 0.0)	(23.0, 0.0)	(24.0, 0.0)	(25.0, 0.0)	(26.0, 0.0)	(27.0, 0.0012479642583036105)	(28.0, 0.0)	(29.0, 0.0)	(30.0, 0.0012479642583036105)	(31.0, 0.0)	(32.0, 0.0012479642583036105)	(33.0, 0.003743892774910831)	(34.0, 0.004991857033214442)	(35.0, 0.003743892774910831)	(36.0, 0.003743892774910831)	(37.0, 0.008111767678973468)	(38.0, 0.01996742813285777)	(39.0, 0.03057512432843845)	(40.0, 0.056782373752814315)	(41.0, 0.09921315853513694)	(42.0, 0.114812711763932)	(43.0, 0.14663580035067425)	(44.0, 0.1759629604208093)	(45.0, 0.20092224558688168)	(46.0, 0.7300590911076165)	(47.0, 3.503035673058371)	(48.0, 3.5847773319772673)	(49.0, 1.7864608357615823)	(50.0, 2.616357067533555)	(51.0, 5.345030918314194)	(52.0, 11.139328969618909)	(53.0, 19.00587167183429)	(54.0, 18.482974647605552)	(55.0, 14.21930475911362)	(56.0, 6.433255751554695)	(57.0, 1.1980456879714634)	(58.0, 0.576559487336268)	(59.0, 0.6389577002514504)	(60.0, 3.6802465977375043)	(61.0, 3.967278377147321)	(62.0, 0.45550695428081545)	(63.0, 0.11231678324732479)	(64.0, 0.08486156956464547)	(65.0, 0.053662463107055275)	(66.0, 0.05241449884875167)	(67.0, 0.0898534265978599)	(68.0, 0.06614210569009137)	(69.0, 0.06239821291518056)	(70.0, 0.06364617717348417)	(71.0, 0.19218649577875635)	(72.0, 0.7724898758899406)	(73.0, 0.1647312820960767)	(74.0, 0.014975571099643325)	(75.0, 0.008735749808125273)	(76.0, 0.004991857033214442)	(77.0, 0.002495928516607221)	(78.0, 0.002495928516607221)	(79.0, 0.002495928516607221)	(80.0, 0.0012479642583036105)	(81.0, 0.0)	(82.0, 0.0)	(83.0, 0.0)	(84.0, 0.0)	(85.0, 0.0)	(86.0, 0.0012479642583036105)	(87.0, 0.0012479642583036105)	(88.0, 0.0)	(89.0, 0.0)	(90.0, 0.0012479642583036105)	(91.0, 0.0)	(92.0, 0.0)	(93.0, 0.0)	(94.0, 0.0)	(95.0, 0.0)	(96.0, 0.0)	(97.0, 0.0)	(98.0, 0.0)	(99.0, 0.002495928516607221)	(100.0, 0.005615839162366247)
SRR19621156_1	(0.0, 0.0)	(1.0, 0.0)	(2.0, 0.0)	(3.0, 0.0)	(4.0, 0.0)	(5.0, 0.0)	(6.0, 0.0)	(7.0, 0.0)	(8.0, 0.0)	(9.0, 0.0)	(10.0, 0.0)	(11.0, 0.0)	(12.0, 0.0)	(13.0, 0.0)	(14.0, 0.0)	(15.0, 0.0)	(16.0, 0.0)	(17.0, 0.0)	(18.0, 0.0)	(19.0, 0.0)	(20.0, 0.0)	(21.0, 0.0)	(22.0, 0.0)	(23.0, 0.0)	(24.0, 0.0)	(25.0, 0.0)	(26.0, 0.0)	(27.0, 0.0)	(28.0, 0.0)	(29.0, 0.0)	(30.0, 0.0)	(31.0, 0.0)	(32.0, 0.0)	(33.0, 0.0)	(34.0, 0.0)	(35.0, 0.001164320560736862)	(36.0, 0.001164320560736862)	(37.0, 0.002328641121473724)	(38.0, 0.004657282242947448)	(39.0, 0.024450731775474095)	(40.0, 0.06985923364421172)	(41.0, 0.07917379813010657)	(42.0, 0.09896724766263315)	(43.0, 0.14088278784916036)	(44.0, 0.21423498317558318)	(45.0, 0.3027233457915836)	(46.0, 1.5369031401726316)	(47.0, 1.8733917822255797)	(48.0, 2.1994015392319386)	(49.0, 2.052697148579077)	(50.0, 4.113544541083374)	(51.0, 7.641435840115597)	(52.0, 11.80038888306956)	(53.0, 21.916005914745636)	(54.0, 22.00100131567935)	(55.0, 16.221314052186823)	(56.0, 4.447704542014777)	(57.0, 0.9454282953183393)	(58.0, 0.31436655139895203)	(59.0, 0.12574662055958105)	(60.0, 0.07102355420494857)	(61.0, 0.05123010467242196)	(62.0, 0.025615052336210958)	(63.0, 0.013971846728842344)	(64.0, 0.033765296261369)	(65.0, 0.04075121962579018)	(66.0, 0.037258257943579585)	(67.0, 0.075680836447896)	(68.0, 0.337652962613689)	(69.0, 0.997822720551495)	(70.0, 0.14437574953137094)	(71.0, 0.020957770093263512)	(72.0, 0.011643205607368623)	(73.0, 0.003492961682210586)	(74.0, 0.003492961682210586)	(75.0, 0.001164320560736862)	(76.0, 0.0)	(77.0, 0.001164320560736862)	(78.0, 0.0)	(79.0, 0.0)	(80.0, 0.0)	(81.0, 0.0)	(82.0, 0.0)	(83.0, 0.0)	(84.0, 0.0)	(85.0, 0.0)	(86.0, 0.0)	(87.0, 0.0)	(88.0, 0.0)	(89.0, 0.0)	(90.0, 0.0)	(91.0, 0.0)	(92.0, 0.0)	(93.0, 0.0)	(94.0, 0.0)	(95.0, 0.0)	(96.0, 0.0)	(97.0, 0.0)	(98.0, 0.0)	(99.0, 0.0)	(100.0, 0.0)
SRR19621156_2	(0.0, 0.0)	(1.0, 0.0)	(2.0, 0.0)	(3.0, 0.0)	(4.0, 0.0)	(5.0, 0.0)	(6.0, 0.0)	(7.0, 0.0)	(8.0, 0.0)	(9.0, 0.0)	(10.0, 0.0)	(11.0, 0.0)	(12.0, 0.0)	(13.0, 0.0)	(14.0, 0.0)	(15.0, 0.0)	(16.0, 0.0)	(17.0, 0.0)	(18.0, 0.0)	(19.0, 0.0)	(20.0, 0.0)	(21.0, 0.0)	(22.0, 0.0)	(23.0, 0.0)	(24.0, 0.0)	(25.0, 0.0)	(26.0, 0.0)	(27.0, 0.0)	(28.0, 0.0)	(29.0, 0.0)	(30.0, 0.0)	(31.0, 0.0)	(32.0, 0.0)	(33.0, 0.0)	(34.0, 0.0)	(35.0, 0.00114297470596978)	(36.0, 0.00457189882387912)	(37.0, 0.0057148735298489)	(38.0, 0.00114297470596978)	(39.0, 0.014858671177607141)	(40.0, 0.05143386176864013)	(41.0, 0.08686607765370322)	(42.0, 0.07715079265296011)	(43.0, 0.11886936942085702)	(44.0, 0.1594449714827845)	(45.0, 0.2291664285469414)	(46.0, 0.3360345635551143)	(47.0, 1.807614497491173)	(48.0, 2.1699374792836346)	(49.0, 1.8293310169046013)	(50.0, 1.8641917454366836)	(51.0, 5.25768364746075)	(52.0, 6.87727880581956)	(53.0, 12.74302499685904)	(54.0, 20.827285092177718)	(55.0, 18.3927489684643)	(56.0, 14.772948074661299)	(57.0, 8.582597067127148)	(58.0, 1.4047159136368397)	(59.0, 0.4743345029774572)	(60.0, 0.13372804059846427)	(61.0, 0.06057765941639836)	(62.0, 0.0342892411790934)	(63.0, 0.03314626647312362)	(64.0, 0.02743139294327471)	(65.0, 0.028574367649244495)	(66.0, 0.041147089414912096)	(67.0, 0.07543633059400545)	(68.0, 0.08458012824176366)	(69.0, 0.052576836474609916)	(70.0, 0.052576836474609916)	(71.0, 0.20459247236859113)	(72.0, 0.8869483718325587)	(73.0, 0.16115943354173917)	(74.0, 0.011429747059697803)	(75.0, 0.00914379764775824)	(76.0, 0.006857848235818679)	(77.0, 0.00457189882387912)	(78.0, 0.0)	(79.0, 0.0)	(80.0, 0.0)	(81.0, 0.0)	(82.0, 0.0)	(83.0, 0.0)	(84.0, 0.0)	(85.0, 0.0)	(86.0, 0.0)	(87.0, 0.0)	(88.0, 0.0)	(89.0, 0.0)	(90.0, 0.00114297470596978)	(91.0, 0.0)	(92.0, 0.0)	(93.0, 0.0)	(94.0, 0.0)	(95.0, 0.0)	(96.0, 0.0)	(97.0, 0.0)	(98.0, 0.0)	(99.0, 0.0)	(100.0, 0.0)
SRR19621157_1	(0.0, 0.0)	(1.0, 0.0)	(2.0, 0.0)	(3.0, 0.0)	(4.0, 0.0)	(5.0, 0.0)	(6.0, 0.0)	(7.0, 0.0)	(8.0, 0.0)	(9.0, 0.0)	(10.0, 0.0)	(11.0, 0.0)	(12.0, 0.0)	(13.0, 0.0)	(14.0, 0.0)	(15.0, 0.0)	(16.0, 0.0)	(17.0, 0.0)	(18.0, 0.0)	(19.0, 0.0)	(20.0, 0.0)	(21.0, 0.0)	(22.0, 0.0)	(23.0, 0.0)	(24.0, 0.0)	(25.0, 0.0)	(26.0, 0.0)	(27.0, 0.0)	(28.0, 0.0)	(29.0, 0.0)	(30.0, 0.0)	(31.0, 0.0)	(32.0, 0.0)	(33.0, 0.0)	(34.0, 0.0013968041121913155)	(35.0, 0.0013968041121913155)	(36.0, 0.0013968041121913155)	(37.0, 0.0013968041121913155)	(38.0, 0.012571237009721839)	(39.0, 0.02514247401944367)	(40.0, 0.050284948038887375)	(41.0, 0.08241144261928761)	(42.0, 0.09218907140462677)	(43.0, 0.1326963906581748)	(44.0, 0.1620292770141926)	(45.0, 0.24164711140909814)	(46.0, 1.0015085484411834)	(47.0, 1.0797295787238985)	(48.0, 1.3297575148061298)	(49.0, 1.6342608112638193)	(50.0, 5.275729131746569)	(51.0, 13.132752262824035)	(52.0, 20.72298580847024)	(53.0, 23.897921555478213)	(54.0, 18.50765448653683)	(55.0, 8.115431891830868)	(56.0, 2.321488434461937)	(57.0, 0.7654486534808442)	(58.0, 0.20952061682869763)	(59.0, 0.10615711252653988)	(60.0, 0.1326963906581748)	(61.0, 0.09218907140462677)	(62.0, 0.04330092747793078)	(63.0, 0.060062576824226596)	(64.0, 0.21231422505308029)	(65.0, 0.0949826796290094)	(66.0, 0.013968041121913154)	(67.0, 0.008380824673147892)	(68.0, 0.09917309196558331)	(69.0, 0.28634484299922014)	(70.0, 0.03771371102916551)	(71.0, 0.006984020560956577)	(72.0, 0.002793608224382631)	(73.0, 0.0013968041121913155)	(74.0, 0.0013968041121913155)	(75.0, 0.0013968041121913155)	(76.0, 0.0)	(77.0, 0.0)	(78.0, 0.0)	(79.0, 0.0)	(80.0, 0.0)	(81.0, 0.0)	(82.0, 0.0)	(83.0, 0.0)	(84.0, 0.0)	(85.0, 0.0)	(86.0, 0.0)	(87.0, 0.0)	(88.0, 0.0)	(89.0, 0.0)	(90.0, 0.0)	(91.0, 0.0)	(92.0, 0.0)	(93.0, 0.0)	(94.0, 0.0)	(95.0, 0.0)	(96.0, 0.0)	(97.0, 0.0)	(98.0, 0.0)	(99.0, 0.0)	(100.0, 0.0)
SRR19621157_2	(0.0, 0.0)	(1.0, 0.0)	(2.0, 0.0)	(3.0, 0.0)	(4.0, 0.0)	(5.0, 0.0)	(6.0, 0.0)	(7.0, 0.0)	(8.0, 0.0)	(9.0, 0.0)	(10.0, 0.0)	(11.0, 0.0)	(12.0, 0.0)	(13.0, 0.0)	(14.0, 0.0)	(15.0, 0.0)	(16.0, 0.0)	(17.0, 0.0)	(18.0, 0.0)	(19.0, 0.0)	(20.0, 0.0)	(21.0, 0.0)	(22.0, 0.0)	(23.0, 0.0)	(24.0, 0.0)	(25.0, 0.0)	(26.0, 0.0)	(27.0, 0.0)	(28.0, 0.0)	(29.0, 0.0)	(30.0, 0.0)	(31.0, 0.0)	(32.0, 0.0)	(33.0, 0.0)	(34.0, 0.0)	(35.0, 0.0)	(36.0, 0.002804970407562102)	(37.0, 0.002804970407562102)	(38.0, 0.0070124260189052545)	(39.0, 0.023842248464277863)	(40.0, 0.05469692294746102)	(41.0, 0.06030686376258524)	(42.0, 0.09396650865333038)	(43.0, 0.16689573924994516)	(44.0, 0.17811562088019364)	(45.0, 0.19284171551989476)	(46.0, 0.43406917057023386)	(47.0, 1.1304030742475362)	(48.0, 1.006984376314805)	(49.0, 1.3351659139995582)	(50.0, 2.5805727749571337)	(51.0, 6.470365487643584)	(52.0, 12.186895178256286)	(53.0, 19.26664048694348)	(54.0, 20.794648116461545)	(55.0, 18.572410311072492)	(56.0, 9.736052284647782)	(57.0, 3.429076323244766)	(58.0, 0.7727693472833628)	(59.0, 0.2426299402541224)	(60.0, 0.11921124232138923)	(61.0, 0.08274662702308201)	(62.0, 0.11360130150626503)	(63.0, 0.10799136069114086)	(64.0, 0.058904378558804184)	(65.0, 0.0673192897814905)	(66.0, 0.11360130150626503)	(67.0, 0.07853917141173888)	(68.0, 0.06030686376258524)	(69.0, 0.025244733668058916)	(70.0, 0.023842248464277863)	(71.0, 0.0701242601890526)	(72.0, 0.25525230708815194)	(73.0, 0.057501893355023134)	(74.0, 0.005609940815124204)	(75.0, 0.004207455611343154)	(76.0, 0.001402485203781051)	(77.0, 0.001402485203781051)	(78.0, 0.001402485203781051)	(79.0, 0.001402485203781051)	(80.0, 0.001402485203781051)	(81.0, 0.002804970407562102)	(82.0, 0.001402485203781051)	(83.0, 0.0)	(84.0, 0.0)	(85.0, 0.0)	(86.0, 0.0)	(87.0, 0.0)	(88.0, 0.0)	(89.0, 0.001402485203781051)	(90.0, 0.001402485203781051)	(91.0, 0.0)	(92.0, 0.0)	(93.0, 0.0)	(94.0, 0.0)	(95.0, 0.0)	(96.0, 0.0)	(97.0, 0.0)	(98.0, 0.0)	(99.0, 0.0)	(100.0, 0.0)
SRR19621158_1	(0.0, 0.0)	(1.0, 0.0)	(2.0, 0.0)	(3.0, 0.0)	(4.0, 0.0)	(5.0, 0.0)	(6.0, 0.0)	(7.0, 0.0)	(8.0, 0.0)	(9.0, 0.0)	(10.0, 0.0)	(11.0, 0.0)	(12.0, 0.0)	(13.0, 0.0)	(14.0, 0.0)	(15.0, 0.0)	(16.0, 0.0)	(17.0, 0.0)	(18.0, 0.0)	(19.0, 0.0)	(20.0, 0.0)	(21.0, 0.0)	(22.0, 0.0)	(23.0, 0.0)	(24.0, 0.0)	(25.0, 0.0)	(26.0, 0.0)	(27.0, 0.0)	(28.0, 0.0)	(29.0, 0.0)	(30.0, 0.0)	(31.0, 0.0)	(32.0, 0.0)	(33.0, 0.0)	(34.0, 0.0)	(35.0, 0.0)	(36.0, 0.00513985546726508)	(37.0, 0.007195797654171112)	(38.0, 0.010279710934530163)	(39.0, 0.018503479682154284)	(40.0, 0.05551043904646288)	(41.0, 0.08018174528933518)	(42.0, 0.1027971093453015)	(43.0, 0.14905580855068754)	(44.0, 0.17064320151320103)	(45.0, 0.17989494135427825)	(46.0, 0.3114752413162628)	(47.0, 0.3721255358299899)	(48.0, 0.4934261248574483)	(49.0, 1.4021525714698881)	(50.0, 3.5752834630296384)	(51.0, 7.063189383115438)	(52.0, 23.026552493340404)	(53.0, 26.453808118912885)	(54.0, 18.43974547435722)	(55.0, 13.666875687459203)	(56.0, 2.5678717914457105)	(57.0, 0.96834877003274)	(58.0, 0.18092291244773126)	(59.0, 0.08737754294350628)	(60.0, 0.0986852249714894)	(61.0, 0.14083203980306336)	(62.0, 0.08018174528933518)	(63.0, 0.05448246795300987)	(64.0, 0.1027971093453015)	(65.0, 0.08326565856969421)	(66.0, 0.025699277336325398)	(67.0, 0.013363624214889208)	(68.0, 0.00513985546726508)	(69.0, 0.006167826560718096)	(70.0, 0.001027971093453016)	(71.0, 0.0)	(72.0, 0.0)	(73.0, 0.0)	(74.0, 0.0)	(75.0, 0.0)	(76.0, 0.0)	(77.0, 0.0)	(78.0, 0.0)	(79.0, 0.0)	(80.0, 0.0)	(81.0, 0.0)	(82.0, 0.0)	(83.0, 0.0)	(84.0, 0.0)	(85.0, 0.0)	(86.0, 0.0)	(87.0, 0.0)	(88.0, 0.0)	(89.0, 0.0)	(90.0, 0.0)	(91.0, 0.0)	(92.0, 0.0)	(93.0, 0.0)	(94.0, 0.0)	(95.0, 0.0)	(96.0, 0.0)	(97.0, 0.0)	(98.0, 0.0)	(99.0, 0.0)	(100.0, 0.0)
SRR19621158_2	(0.0, 0.0)	(1.0, 0.0)	(2.0, 0.0)	(3.0, 0.0)	(4.0, 0.0)	(5.0, 0.0)	(6.0, 0.0)	(7.0, 0.0)	(8.0, 0.0)	(9.0, 0.0)	(10.0, 0.0)	(11.0, 0.0)	(12.0, 0.0)	(13.0, 0.0)	(14.0, 0.0)	(15.0, 0.0)	(16.0, 0.0)	(17.0, 0.0)	(18.0, 0.0)	(19.0, 0.0)	(20.0, 0.0)	(21.0, 0.0)	(22.0, 0.0)	(23.0, 0.0)	(24.0, 0.0)	(25.0, 0.0)	(26.0, 0.0)	(27.0, 0.0)	(28.0, 0.0)	(29.0, 0.0)	(30.0, 0.0)	(31.0, 0.0)	(32.0, 0.0)	(33.0, 0.0)	(34.0, 0.0)	(35.0, 0.0)	(36.0, 0.001997423323912462)	(37.0, 0.005992269971737386)	(38.0, 0.007490337464671732)	(39.0, 0.01847616574619027)	(40.0, 0.059922699717373844)	(41.0, 0.08788662625214821)	(42.0, 0.10636279199833854)	(43.0, 0.1478093259695224)	(44.0, 0.18426230163092505)	(45.0, 0.18276423413799073)	(46.0, 0.18376294579994695)	(47.0, 0.28363411199556876)	(48.0, 0.4214563213455283)	(49.0, 0.909826324042127)	(50.0, 1.7587312367049135)	(51.0, 3.910954868220548)	(52.0, 5.433990152703454)	(53.0, 19.319078388877152)	(54.0, 24.977778665517192)	(55.0, 16.711442239511808)	(56.0, 15.77964425890749)	(57.0, 7.573230532614195)	(58.0, 0.8748714158736608)	(59.0, 0.29262251695317476)	(60.0, 0.12084411109670398)	(61.0, 0.1058634361673604)	(62.0, 0.07490337464671726)	(63.0, 0.06891110467497989)	(64.0, 0.12983251605431012)	(65.0, 0.045940736449986655)	(66.0, 0.055927853069548936)	(67.0, 0.09887245453366673)	(68.0, 0.035953619830424326)	(69.0, 0.010985828281518542)	(70.0, 0.002996134985868693)	(71.0, 0.002996134985868693)	(72.0, 0.000998711661956231)	(73.0, 0.001997423323912462)	(74.0, 0.000998711661956231)	(75.0, 0.000998711661956231)	(76.0, 0.001997423323912462)	(77.0, 0.000998711661956231)	(78.0, 0.0)	(79.0, 0.0)	(80.0, 0.0)	(81.0, 0.0)	(82.0, 0.0)	(83.0, 0.0)	(84.0, 0.0)	(85.0, 0.0)	(86.0, 0.0)	(87.0, 0.0)	(88.0, 0.0)	(89.0, 0.0)	(90.0, 0.0)	(91.0, 0.000998711661956231)	(92.0, 0.000998711661956231)	(93.0, 0.0)	(94.0, 0.0)	(95.0, 0.0)	(96.0, 0.000998711661956231)	(97.0, 0.000998711661956231)	(98.0, 0.0)	(99.0, 0.0)	(100.0, 0.0)
SRR19621159_1	(0.0, 0.0)	(1.0, 0.0)	(2.0, 0.0)	(3.0, 0.0)	(4.0, 0.0)	(5.0, 0.0)	(6.0, 0.0)	(7.0, 0.0)	(8.0, 0.0)	(9.0, 0.0)	(10.0, 0.0)	(11.0, 0.0)	(12.0, 0.0)	(13.0, 0.0)	(14.0, 0.0)	(15.0, 0.0)	(16.0, 0.0)	(17.0, 0.0)	(18.0, 0.0)	(19.0, 0.0)	(20.0, 0.0)	(21.0, 0.0)	(22.0, 0.0)	(23.0, 0.0)	(24.0, 0.0)	(25.0, 0.0)	(26.0, 0.0)	(27.0, 0.0)	(28.0, 0.0)	(29.0, 0.0)	(30.0, 0.0)	(31.0, 0.0004064379775644803)	(32.0, 0.0)	(33.0, 0.0)	(34.0, 0.0004064379775644803)	(35.0, 0.0004064379775644803)	(36.0, 0.001219313932693441)	(37.0, 0.0056901316859027246)	(38.0, 0.008128759551289605)	(39.0, 0.02601203056412673)	(40.0, 0.055682002926333865)	(41.0, 0.08250690944558965)	(42.0, 0.09754511461547521)	(43.0, 0.15363355551937272)	(44.0, 0.18736790765722544)	(45.0, 0.17680052024054865)	(46.0, 0.30889286294900853)	(47.0, 0.4682165501542761)	(48.0, 0.8681515200777435)	(49.0, 1.833848154770859)	(50.0, 4.813851406274532)	(51.0, 12.415054462685395)	(52.0, 17.749959356206467)	(53.0, 16.38432775158733)	(54.0, 17.084620386932205)	(55.0, 22.37562997886314)	(56.0, 3.331165664118633)	(57.0, 0.6937896277025616)	(58.0, 0.19671598114120878)	(59.0, 0.09754511461547521)	(60.0, 0.09429361079495943)	(61.0, 0.12193139326934369)	(62.0, 0.08413266135584756)	(63.0, 0.052430499105818006)	(64.0, 0.09713867663791075)	(65.0, 0.07519102584942906)	(66.0, 0.029263534384642565)	(67.0, 0.013818891237192335)	(68.0, 0.004877255730773764)	(69.0, 0.0040643797756448035)	(70.0, 0.0016257519102579213)	(71.0, 0.001219313932693441)	(72.0, 0.0004064379775644803)	(73.0, 0.0004064379775644803)	(74.0, 0.0004064379775644803)	(75.0, 0.0)	(76.0, 0.0)	(77.0, 0.0008128759551289606)	(78.0, 0.0004064379775644803)	(79.0, 0.0)	(80.0, 0.0)	(81.0, 0.0)	(82.0, 0.0)	(83.0, 0.0)	(84.0, 0.0)	(85.0, 0.0)	(86.0, 0.0)	(87.0, 0.0)	(88.0, 0.0)	(89.0, 0.0)	(90.0, 0.0)	(91.0, 0.0)	(92.0, 0.0)	(93.0, 0.0)	(94.0, 0.0)	(95.0, 0.0)	(96.0, 0.0)	(97.0, 0.0)	(98.0, 0.0)	(99.0, 0.0)	(100.0, 0.0)
SRR19621159_2	(0.0, 0.0)	(1.0, 0.0)	(2.0, 0.0)	(3.0, 0.0)	(4.0, 0.0)	(5.0, 0.0)	(6.0, 0.0)	(7.0, 0.0)	(8.0, 0.0)	(9.0, 0.0)	(10.0, 0.0)	(11.0, 0.0)	(12.0, 0.0)	(13.0, 0.0)	(14.0, 0.0)	(15.0, 0.0)	(16.0, 0.0)	(17.0, 0.0)	(18.0, 0.0)	(19.0, 0.0)	(20.0, 0.0)	(21.0, 0.0003813860713991875)	(22.0, 0.0003813860713991875)	(23.0, 0.0)	(24.0, 0.0)	(25.0, 0.0)	(26.0, 0.0)	(27.0, 0.0)	(28.0, 0.0)	(29.0, 0.0)	(30.0, 0.0)	(31.0, 0.0)	(32.0, 0.0)	(33.0, 0.000762772142798375)	(34.0, 0.0003813860713991875)	(35.0, 0.0)	(36.0, 0.002479009464094719)	(37.0, 0.005911484106687408)	(38.0, 0.007818414463683343)	(39.0, 0.027650490176441077)	(40.0, 0.06445424606646284)	(41.0, 0.07837483767253317)	(42.0, 0.1123181980270604)	(43.0, 0.13253165981121703)	(44.0, 0.17143303909393465)	(45.0, 0.1716237321296343)	(46.0, 0.21166926962655008)	(47.0, 0.35411696729414543)	(48.0, 0.740461057621527)	(49.0, 1.055295259561592)	(50.0, 1.816541858074237)	(51.0, 5.100657318893209)	(52.0, 9.869127369594267)	(53.0, 14.656476030841278)	(54.0, 14.865094211897015)	(55.0, 13.42097585254136)	(56.0, 20.775624853405596)	(57.0, 13.996868820355182)	(58.0, 1.269252845616527)	(59.0, 0.34172191997367257)	(60.0, 0.14073146034629944)	(61.0, 0.09877899249238942)	(62.0, 0.08695602427901476)	(63.0, 0.06903087892325313)	(64.0, 0.11212750499136079)	(65.0, 0.05034296142469279)	(66.0, 0.043859398210906564)	(67.0, 0.08695602427901476)	(68.0, 0.03165504392613253)	(69.0, 0.008009107499382936)	(70.0, 0.0022883164283951252)	(71.0, 0.0022883164283951252)	(72.0, 0.0011441582141975626)	(73.0, 0.000762772142798375)	(74.0, 0.000762772142798375)	(75.0, 0.0011441582141975626)	(76.0, 0.0011441582141975626)	(77.0, 0.000762772142798375)	(78.0, 0.0003813860713991875)	(79.0, 0.000762772142798375)	(80.0, 0.0011441582141975626)	(81.0, 0.000762772142798375)	(82.0, 0.0011441582141975626)	(83.0, 0.00152554428559675)	(84.0, 0.0)	(85.0, 0.0)	(86.0, 0.0)	(87.0, 0.0)	(88.0, 0.0003813860713991875)	(89.0, 0.0)	(90.0, 0.000762772142798375)	(91.0, 0.000762772142798375)	(92.0, 0.000762772142798375)	(93.0, 0.0003813860713991875)	(94.0, 0.0)	(95.0, 0.0003813860713991875)	(96.0, 0.0003813860713991875)	(97.0, 0.000762772142798375)	(98.0, 0.0)	(99.0, 0.0)	(100.0, 0.0005720791070987813)
SRR19621160_1	(0.0, 0.0)	(1.0, 0.0)	(2.0, 0.0)	(3.0, 0.0)	(4.0, 0.0)	(5.0, 0.0)	(6.0, 0.0)	(7.0, 0.0)	(8.0, 0.0)	(9.0, 0.0)	(10.0, 0.0)	(11.0, 0.0)	(12.0, 0.0)	(13.0, 0.0)	(14.0, 0.0)	(15.0, 0.0)	(16.0, 0.0)	(17.0, 0.0)	(18.0, 0.0)	(19.0, 0.0)	(20.0, 0.0)	(21.0, 0.0)	(22.0, 0.0)	(23.0, 0.0)	(24.0, 0.0)	(25.0, 0.0)	(26.0, 0.0)	(27.0, 0.0)	(28.0, 0.0)	(29.0, 0.0)	(30.0, 0.0)	(31.0, 0.0)	(32.0, 0.0)	(33.0, 0.0)	(34.0, 0.0)	(35.0, 0.00144753412561687)	(36.0, 0.007237670628084349)	(37.0, 0.01158027300493496)	(38.0, 0.0144753412561687)	(39.0, 0.026055614261103654)	(40.0, 0.06803410390399293)	(41.0, 0.08395697928577846)	(42.0, 0.11146012767249888)	(43.0, 0.15778121969223874)	(44.0, 0.18528436807895948)	(45.0, 0.30108709812830936)	(46.0, 3.75200845359905)	(47.0, 5.884226220632451)	(48.0, 4.018354732712584)	(49.0, 2.4390950016643997)	(50.0, 4.736331659018534)	(51.0, 13.169665474863418)	(52.0, 17.11709103542242)	(53.0, 18.102861774967526)	(54.0, 15.505985553610108)	(55.0, 11.390646034479476)	(56.0, 1.819550395900378)	(57.0, 0.5630907748649595)	(58.0, 0.16791395857155691)	(59.0, 0.05645383089905795)	(60.0, 0.05645383089905795)	(61.0, 0.06079643327590857)	(62.0, 0.050663694396590464)	(63.0, 0.027503148386720522)	(64.0, 0.0434260237685061)	(65.0, 0.036188353140421736)	(66.0, 0.01737040950740244)	(67.0, 0.007237670628084349)	(68.0, 0.007237670628084349)	(69.0, 0.0)	(70.0, 0.0)	(71.0, 0.00144753412561687)	(72.0, 0.0)	(73.0, 0.0)	(74.0, 0.0)	(75.0, 0.0)	(76.0, 0.0)	(77.0, 0.0)	(78.0, 0.0)	(79.0, 0.0)	(80.0, 0.0)	(81.0, 0.0)	(82.0, 0.0)	(83.0, 0.0)	(84.0, 0.0)	(85.0, 0.0)	(86.0, 0.0)	(87.0, 0.0)	(88.0, 0.0)	(89.0, 0.0)	(90.0, 0.0)	(91.0, 0.0)	(92.0, 0.0)	(93.0, 0.0)	(94.0, 0.0)	(95.0, 0.0)	(96.0, 0.0)	(97.0, 0.0)	(98.0, 0.0)	(99.0, 0.0)	(100.0, 0.0)
SRR19621160_2	(0.0, 0.0)	(1.0, 0.0)	(2.0, 0.0)	(3.0, 0.0)	(4.0, 0.0)	(5.0, 0.0)	(6.0, 0.0)	(7.0, 0.0)	(8.0, 0.0)	(9.0, 0.0)	(10.0, 0.0)	(11.0, 0.0)	(12.0, 0.0)	(13.0, 0.0)	(14.0, 0.0)	(15.0, 0.0)	(16.0, 0.0)	(17.0, 0.0)	(18.0, 0.0)	(19.0, 0.0)	(20.0, 0.0)	(21.0, 0.0)	(22.0, 0.0)	(23.0, 0.0)	(24.0, 0.0)	(25.0, 0.0)	(26.0, 0.0)	(27.0, 0.0)	(28.0, 0.0)	(29.0, 0.0)	(30.0, 0.0)	(31.0, 0.0)	(32.0, 0.0)	(33.0, 0.001426594576087316)	(34.0, 0.0)	(35.0, 0.0)	(36.0, 0.002853189152174632)	(37.0, 0.009986162032611212)	(38.0, 0.01711913491304779)	(39.0, 0.02995848609783363)	(40.0, 0.07275632338045315)	(41.0, 0.10770789049459228)	(42.0, 0.1398062684565568)	(43.0, 0.1419461603206878)	(44.0, 0.1997232406522245)	(45.0, 0.24751415895114992)	(46.0, 0.6184287487338505)	(47.0, 4.675663723126311)	(48.0, 6.753498723197016)	(49.0, 2.415937914603846)	(50.0, 2.6891307759245975)	(51.0, 4.969542205800232)	(52.0, 11.399203960226098)	(53.0, 14.287344679516185)	(54.0, 17.93800019972473)	(55.0, 14.73957516013607)	(56.0, 12.001940168623266)	(57.0, 5.092942636631755)	(58.0, 0.7860536114241148)	(59.0, 0.22540194302179636)	(60.0, 0.09986162032611208)	(61.0, 0.06419675592392927)	(62.0, 0.05563718846740535)	(63.0, 0.03994464813044485)	(64.0, 0.0670499450761039)	(65.0, 0.032811675250008256)	(66.0, 0.019972324065222424)	(67.0, 0.032811675250008256)	(68.0, 0.014265945760873162)	(69.0, 0.001426594576087316)	(70.0, 0.001426594576087316)	(71.0, 0.001426594576087316)	(72.0, 0.001426594576087316)	(73.0, 0.0)	(74.0, 0.001426594576087316)	(75.0, 0.001426594576087316)	(76.0, 0.0)	(77.0, 0.0)	(78.0, 0.0)	(79.0, 0.0)	(80.0, 0.0)	(81.0, 0.0)	(82.0, 0.0)	(83.0, 0.001426594576087316)	(84.0, 0.0)	(85.0, 0.0)	(86.0, 0.0)	(87.0, 0.0)	(88.0, 0.0)	(89.0, 0.0)	(90.0, 0.0)	(91.0, 0.0)	(92.0, 0.0)	(93.0, 0.0)	(94.0, 0.0)	(95.0, 0.0)	(96.0, 0.0)	(97.0, 0.0)	(98.0, 0.0)	(99.0, 0.0)	(100.0, 0.0)
SRR19621161_1	(0.0, 0.0)	(1.0, 0.0)	(2.0, 0.0)	(3.0, 0.0)	(4.0, 0.0)	(5.0, 0.0)	(6.0, 0.0)	(7.0, 0.0)	(8.0, 0.0)	(9.0, 0.0)	(10.0, 0.0)	(11.0, 0.0)	(12.0, 0.0)	(13.0, 0.0)	(14.0, 0.0)	(15.0, 0.0)	(16.0, 0.0)	(17.0, 0.0)	(18.0, 0.0)	(19.0, 0.0)	(20.0, 0.0)	(21.0, 0.0)	(22.0, 0.0)	(23.0, 0.0)	(24.0, 0.0)	(25.0, 0.0)	(26.0, 0.0)	(27.0, 0.0)	(28.0, 0.0)	(29.0, 0.0)	(30.0, 0.0)	(31.0, 0.0045009902178477475)	(32.0, 0.0)	(33.0, 0.0045009902178477475)	(34.0, 0.0)	(35.0, 0.0)	(36.0, 0.0015003300726159157)	(37.0, 0.0030006601452318314)	(38.0, 0.012002640580927326)	(39.0, 0.0390085818880138)	(40.0, 0.07501650363079583)	(41.0, 0.0990217847926504)	(42.0, 0.11702574566404132)	(43.0, 0.22955050111023553)	(44.0, 0.297065354377952)	(45.0, 1.3773030066614111)	(46.0, 6.903018664105516)	(47.0, 7.224089299645249)	(48.0, 4.1844205725259505)	(49.0, 2.388525475604495)	(50.0, 7.09506091340031)	(51.0, 11.851107243593479)	(52.0, 13.351437316210077)	(53.0, 14.766248574687529)	(54.0, 14.556202364521203)	(55.0, 11.588549480885574)	(56.0, 2.715597431434802)	(57.0, 0.3765828482265944)	(58.0, 0.16353597791513474)	(59.0, 0.07351617355817992)	(60.0, 0.04500990217847747)	(61.0, 0.06151353297725259)	(62.0, 0.03750825181539788)	(63.0, 0.03450759167016605)	(64.0, 0.13953069675327998)	(65.0, 0.11852607573665723)	(66.0, 0.04200924203324564)	(67.0, 0.013502970653543243)	(68.0, 0.0030006601452318314)	(69.0, 0.0030006601452318314)	(70.0, 0.0015003300726159157)	(71.0, 0.0)	(72.0, 0.0)	(73.0, 0.0)	(74.0, 0.0)	(75.0, 0.0)	(76.0, 0.0)	(77.0, 0.0)	(78.0, 0.0)	(79.0, 0.0)	(80.0, 0.0)	(81.0, 0.0)	(82.0, 0.0)	(83.0, 0.0)	(84.0, 0.0)	(85.0, 0.0)	(86.0, 0.0)	(87.0, 0.0)	(88.0, 0.0015003300726159157)	(89.0, 0.0015003300726159157)	(90.0, 0.0)	(91.0, 0.0)	(92.0, 0.0)	(93.0, 0.0)	(94.0, 0.0)	(95.0, 0.0)	(96.0, 0.0)	(97.0, 0.0)	(98.0, 0.0)	(99.0, 0.0)	(100.0, 0.0)
SRR19621161_2	(0.0, 0.0)	(1.0, 0.0)	(2.0, 0.0)	(3.0, 0.0)	(4.0, 0.0)	(5.0, 0.0)	(6.0, 0.0)	(7.0, 0.0)	(8.0, 0.0)	(9.0, 0.0)	(10.0, 0.0)	(11.0, 0.0)	(12.0, 0.0)	(13.0, 0.0)	(14.0, 0.0)	(15.0, 0.0)	(16.0, 0.0)	(17.0, 0.0)	(18.0, 0.0)	(19.0, 0.0)	(20.0, 0.0)	(21.0, 0.0)	(22.0, 0.0)	(23.0, 0.0)	(24.0, 0.0)	(25.0, 0.0)	(26.0, 0.0)	(27.0, 0.0)	(28.0, 0.003096166945321614)	(29.0, 0.0)	(30.0, 0.0)	(31.0, 0.0)	(32.0, 0.003096166945321614)	(33.0, 0.004644250417982421)	(34.0, 0.001548083472660807)	(35.0, 0.0)	(36.0, 0.003096166945321614)	(37.0, 0.004644250417982421)	(38.0, 0.016254876462938474)	(39.0, 0.03870208681652016)	(40.0, 0.0828224657873532)	(41.0, 0.13158709517616846)	(42.0, 0.17106322372901914)	(43.0, 0.20821722707287876)	(44.0, 0.30032819369619734)	(45.0, 0.3653476995479503)	(46.0, 1.1912502322125045)	(47.0, 9.078735525418537)	(48.0, 6.797634528453356)	(49.0, 2.360827295807678)	(50.0, 2.822156170660648)	(51.0, 7.231871942534615)	(52.0, 8.377453712303351)	(53.0, 12.163291844696301)	(54.0, 15.728528082235762)	(55.0, 14.45755155118066)	(56.0, 12.934237414081734)	(57.0, 4.031209362808876)	(58.0, 0.6981856461700235)	(59.0, 0.1780295993559928)	(60.0, 0.08669267446900521)	(61.0, 0.07740417363304039)	(62.0, 0.047990587652485026)	(63.0, 0.037154003343859356)	(64.0, 0.041798253761841785)	(65.0, 0.024769335562572912)	(66.0, 0.046442504179824214)	(67.0, 0.1501640968480981)	(68.0, 0.06347142237909312)	(69.0, 0.01702891819926888)	(70.0, 0.004644250417982421)	(71.0, 0.006192333890643228)	(72.0, 0.001548083472660807)	(73.0, 0.001548083472660807)	(74.0, 0.003096166945321614)	(75.0, 0.0)	(76.0, 0.0)	(77.0, 0.0)	(78.0, 0.0)	(79.0, 0.001548083472660807)	(80.0, 0.0)	(81.0, 0.0)	(82.0, 0.0)	(83.0, 0.0)	(84.0, 0.0)	(85.0, 0.0)	(86.0, 0.0)	(87.0, 0.0)	(88.0, 0.0)	(89.0, 0.001548083472660807)	(90.0, 0.0)	(91.0, 0.0)	(92.0, 0.0)	(93.0, 0.0)	(94.0, 0.0)	(95.0, 0.0)	(96.0, 0.0)	(97.0, 0.0)	(98.0, 0.001548083472660807)	(99.0, 0.0)	(100.0, 0.0)
SRR19621162_1	(0.0, 0.0)	(1.0, 0.0)	(2.0, 0.0)	(3.0, 0.0)	(4.0, 0.0)	(5.0, 0.0)	(6.0, 0.0)	(7.0, 0.0)	(8.0, 0.0)	(9.0, 0.0)	(10.0, 0.0)	(11.0, 0.0)	(12.0, 0.0)	(13.0, 0.0)	(14.0, 0.0)	(15.0, 0.0)	(16.0, 0.0)	(17.0, 0.0)	(18.0, 0.0)	(19.0, 0.0)	(20.0, 0.0)	(21.0, 0.0)	(22.0, 0.0)	(23.0, 0.0)	(24.0, 0.0)	(25.0, 0.0)	(26.0, 0.0)	(27.0, 0.0)	(28.0, 0.0)	(29.0, 0.0)	(30.0, 0.0)	(31.0, 0.0)	(32.0, 0.0)	(33.0, 0.0)	(34.0, 0.0)	(35.0, 0.0)	(36.0, 0.001492158705999871)	(37.0, 0.004476476117999613)	(38.0, 0.004476476117999613)	(39.0, 0.02238238058999806)	(40.0, 0.059686348239994864)	(41.0, 0.0999746333019913)	(42.0, 0.12384917259798917)	(43.0, 0.16264529895398586)	(44.0, 0.15518450542398643)	(45.0, 0.5222555470999523)	(46.0, 1.6503275288358414)	(47.0, 1.2519211543338988)	(48.0, 2.6515660205617593)	(49.0, 3.9467597773697944)	(50.0, 7.093722488323023)	(51.0, 7.507050449884894)	(52.0, 14.42469821090231)	(53.0, 18.159571452021684)	(54.0, 16.454034051063058)	(55.0, 10.427205037526836)	(56.0, 2.518763895727756)	(57.0, 4.458570213527809)	(58.0, 4.034797141023797)	(59.0, 0.69534595699594)	(60.0, 0.3984063745019647)	(61.0, 0.3491651372039697)	(62.0, 0.19398063177998337)	(63.0, 0.07908441141799319)	(64.0, 0.06863930047599412)	(65.0, 0.04476476117999613)	(66.0, 0.03431965023799702)	(67.0, 0.11638837906798982)	(68.0, 0.9594580479579248)	(69.0, 0.9490129370159254)	(70.0, 0.18801199695598383)	(71.0, 0.09251383977199197)	(72.0, 0.058194189533994994)	(73.0, 0.02238238058999806)	(74.0, 0.008952952235999224)	(75.0, 0.001492158705999871)	(76.0, 0.001492158705999871)	(77.0, 0.0)	(78.0, 0.0)	(79.0, 0.0)	(80.0, 0.0)	(81.0, 0.0)	(82.0, 0.0)	(83.0, 0.0)	(84.0, 0.0)	(85.0, 0.0)	(86.0, 0.0)	(87.0, 0.0)	(88.0, 0.0)	(89.0, 0.001492158705999871)	(90.0, 0.001492158705999871)	(91.0, 0.0)	(92.0, 0.0)	(93.0, 0.0)	(94.0, 0.0)	(95.0, 0.0)	(96.0, 0.0)	(97.0, 0.0)	(98.0, 0.0)	(99.0, 0.0)	(100.0, 0.0)
SRR19621162_2	(0.0, 0.0)	(1.0, 0.0)	(2.0, 0.0)	(3.0, 0.0)	(4.0, 0.0)	(5.0, 0.0)	(6.0, 0.0)	(7.0, 0.0)	(8.0, 0.0)	(9.0, 0.0)	(10.0, 0.0)	(11.0, 0.0)	(12.0, 0.0)	(13.0, 0.0)	(14.0, 0.0)	(15.0, 0.0)	(16.0, 0.0)	(17.0, 0.0)	(18.0, 0.0)	(19.0, 0.0)	(20.0, 0.0)	(21.0, 0.0)	(22.0, 0.0)	(23.0, 0.0)	(24.0, 0.0)	(25.0, 0.0)	(26.0, 0.0)	(27.0, 0.0)	(28.0, 0.0)	(29.0, 0.0)	(30.0, 0.0)	(31.0, 0.0)	(32.0, 0.0)	(33.0, 0.0)	(34.0, 0.0)	(35.0, 0.0)	(36.0, 0.003661930569796279)	(37.0, 0.007323861139592558)	(38.0, 0.013182950051266606)	(39.0, 0.03588691958400353)	(40.0, 0.06737952248425158)	(41.0, 0.0959425809286625)	(42.0, 0.10692837263805129)	(43.0, 0.1486743811337288)	(44.0, 0.20360333968067337)	(45.0, 0.4211220155265709)	(46.0, 0.5148674381133543)	(47.0, 3.0086421561446577)	(48.0, 2.5516332210340305)	(49.0, 2.083638494214041)	(50.0, 3.6743811337336973)	(51.0, 7.01039988281763)	(52.0, 12.016991357844024)	(53.0, 14.466090522924887)	(54.0, 12.244031053171495)	(55.0, 11.145451882232113)	(56.0, 12.053610663542003)	(57.0, 6.759923831843621)	(58.0, 0.9579610370587146)	(59.0, 0.5317123187344169)	(60.0, 1.0648894096967692)	(61.0, 4.240515599824266)	(62.0, 1.3783506664713179)	(63.0, 0.3984180459938343)	(64.0, 0.3632635125237905)	(65.0, 0.15380108393144362)	(66.0, 0.08349201699135517)	(67.0, 0.08056247253551815)	(68.0, 0.06298520580049605)	(69.0, 0.046872711293392384)	(70.0, 0.10253405595429575)	(71.0, 0.39402372931007884)	(72.0, 0.8041599531272666)	(73.0, 0.5302475465064985)	(74.0, 0.12450563937307337)	(75.0, 0.01904203896294065)	(76.0, 0.00878863336751107)	(77.0, 0.005859088911674046)	(78.0, 0.0)	(79.0, 0.0)	(80.0, 0.0014647722279185116)	(81.0, 0.0)	(82.0, 0.0014647722279185116)	(83.0, 0.0014647722279185116)	(84.0, 0.0)	(85.0, 0.0014647722279185116)	(86.0, 0.002929544455837023)	(87.0, 0.0014647722279185116)	(88.0, 0.0)	(89.0, 0.0)	(90.0, 0.0)	(91.0, 0.0)	(92.0, 0.0)	(93.0, 0.0)	(94.0, 0.0)	(95.0, 0.0)	(96.0, 0.0)	(97.0, 0.0)	(98.0, 0.0)	(99.0, 0.0)	(100.0, 0.004394316683755535)
SRR19621163_1	(0.0, 0.0)	(1.0, 0.0)	(2.0, 0.0)	(3.0, 0.0)	(4.0, 0.0)	(5.0, 0.0)	(6.0, 0.0)	(7.0, 0.0)	(8.0, 0.0)	(9.0, 0.0)	(10.0, 0.0)	(11.0, 0.0)	(12.0, 0.0)	(13.0, 0.0)	(14.0, 0.0)	(15.0, 0.0)	(16.0, 0.0)	(17.0, 0.0)	(18.0, 0.0)	(19.0, 0.0)	(20.0, 0.0)	(21.0, 0.0)	(22.0, 0.0)	(23.0, 0.0)	(24.0, 0.0)	(25.0, 0.0)	(26.0, 0.0)	(27.0, 0.0)	(28.0, 0.0)	(29.0, 0.0)	(30.0, 0.0)	(31.0, 0.0)	(32.0, 0.0)	(33.0, 0.0)	(34.0, 0.0)	(35.0, 0.0)	(36.0, 0.0010070899129874201)	(37.0, 0.00302126973896226)	(38.0, 0.00906380921688678)	(39.0, 0.024170157911698072)	(40.0, 0.05136158556235845)	(41.0, 0.07855301321301869)	(42.0, 0.09265227199484252)	(43.0, 0.119843699645503)	(44.0, 0.14703512729616355)	(45.0, 0.5236867547534602)	(46.0, 1.8137689332903384)	(47.0, 1.5992587818239936)	(48.0, 6.240936190782503)	(49.0, 6.253021269738358)	(50.0, 4.788712536254938)	(51.0, 5.510796003866753)	(52.0, 13.662181759588421)	(53.0, 15.770020947469174)	(54.0, 13.321785368998981)	(55.0, 10.418345149856222)	(56.0, 2.474419916210161)	(57.0, 7.57130196583949)	(58.0, 6.884466645181757)	(59.0, 0.6727360618756025)	(60.0, 0.2165243312922955)	(61.0, 0.11077989042861616)	(62.0, 0.06546084434418227)	(63.0, 0.038269416693521977)	(64.0, 0.01712052852078614)	(65.0, 0.020141798259748395)	(66.0, 0.03424105704157229)	(67.0, 0.05740412504028294)	(68.0, 0.6012326780534937)	(69.0, 0.5760554302288075)	(70.0, 0.12085078955849043)	(71.0, 0.05740412504028294)	(72.0, 0.020141798259748395)	(73.0, 0.019134708346760974)	(74.0, 0.00906380921688678)	(75.0, 0.0020141798259748402)	(76.0, 0.0)	(77.0, 0.0)	(78.0, 0.0)	(79.0, 0.0010070899129874201)	(80.0, 0.0010070899129874201)	(81.0, 0.0)	(82.0, 0.0)	(83.0, 0.0)	(84.0, 0.0)	(85.0, 0.0)	(86.0, 0.0)	(87.0, 0.0)	(88.0, 0.0)	(89.0, 0.0)	(90.0, 0.0)	(91.0, 0.0)	(92.0, 0.0)	(93.0, 0.0)	(94.0, 0.0)	(95.0, 0.0)	(96.0, 0.0)	(97.0, 0.0)	(98.0, 0.0)	(99.0, 0.0)	(100.0, 0.0)
SRR19621163_2	(0.0, 0.0)	(1.0, 0.0)	(2.0, 0.0)	(3.0, 0.0)	(4.0, 0.0)	(5.0, 0.0)	(6.0, 0.0)	(7.0, 0.0)	(8.0, 0.0)	(9.0, 0.0)	(10.0, 0.0)	(11.0, 0.0)	(12.0, 0.0)	(13.0, 0.0)	(14.0, 0.0)	(15.0, 0.0)	(16.0, 0.0)	(17.0, 0.0)	(18.0, 0.0)	(19.0, 0.0)	(20.0, 0.0)	(21.0, 0.0)	(22.0, 0.0)	(23.0, 0.0)	(24.0, 0.0)	(25.0, 0.0)	(26.0, 0.0)	(27.0, 0.0)	(28.0, 0.0)	(29.0, 0.0)	(30.0, 0.0)	(31.0, 0.00099432241898752)	(32.0, 0.00099432241898752)	(33.0, 0.0)	(34.0, 0.0)	(35.0, 0.0)	(36.0, 0.0024858060474687994)	(37.0, 0.005965934513925119)	(38.0, 0.012429030237344)	(39.0, 0.02336657684620671)	(40.0, 0.04225870280696962)	(41.0, 0.055682055463301114)	(42.0, 0.08849469528988915)	(43.0, 0.14268526712470925)	(44.0, 0.2127849976633294)	(45.0, 0.3927573555000685)	(46.0, 0.7263525270703908)	(47.0, 6.447683725924171)	(48.0, 6.436746179315303)	(49.0, 1.9478776187965643)	(50.0, 2.5951815135575136)	(51.0, 4.993984349364516)	(52.0, 7.297829394158888)	(53.0, 11.767308667509822)	(54.0, 12.31518032037206)	(55.0, 9.863678396357349)	(56.0, 11.428741883844417)	(57.0, 7.27844010698862)	(58.0, 0.9694643585128289)	(59.0, 0.7497191039165982)	(60.0, 3.380199063348139)	(61.0, 7.270982688846213)	(62.0, 1.5859442582850662)	(63.0, 0.3112229171430925)	(64.0, 0.15411997494306587)	(65.0, 0.09545495222280177)	(66.0, 0.054687733044313604)	(67.0, 0.03579560708355073)	(68.0, 0.04275586401646338)	(69.0, 0.046733153692413466)	(70.0, 0.08352308319495158)	(71.0, 0.22173389943421698)	(72.0, 0.5031271440076863)	(73.0, 0.32912072068486764)	(74.0, 0.07457418142406393)	(75.0, 0.006960256932912638)	(76.0, 0.0)	(77.0, 0.0029829672569625597)	(78.0, 0.0)	(79.0, 0.0)	(80.0, 0.0)	(81.0, 0.0)	(82.0, 0.0)	(83.0, 0.0)	(84.0, 0.0)	(85.0, 0.0)	(86.0, 0.0)	(87.0, 0.0)	(88.0, 0.0)	(89.0, 0.0)	(90.0, 0.0)	(91.0, 0.0)	(92.0, 0.0)	(93.0, 0.0)	(94.0, 0.0)	(95.0, 0.0)	(96.0, 0.0)	(97.0, 0.0)	(98.0, 0.0)	(99.0, 0.00099432241898752)	(100.0, 0.0)
SRR19621164_1	(0.0, 0.0)	(1.0, 0.0)	(2.0, 0.0)	(3.0, 0.0)	(4.0, 0.0)	(5.0, 0.0)	(6.0, 0.0)	(7.0, 0.0)	(8.0, 0.0)	(9.0, 0.0)	(10.0, 0.0)	(11.0, 0.0)	(12.0, 0.0)	(13.0, 0.0)	(14.0, 0.0)	(15.0, 0.0)	(16.0, 0.0)	(17.0, 0.0)	(18.0, 0.0)	(19.0, 0.0)	(20.0, 0.0)	(21.0, 0.0)	(22.0, 0.0)	(23.0, 0.0)	(24.0, 0.0)	(25.0, 0.0)	(26.0, 0.0)	(27.0, 0.0)	(28.0, 0.0)	(29.0, 0.0)	(30.0, 0.0)	(31.0, 0.0)	(32.0, 0.0014896247635219715)	(33.0, 0.0014896247635219715)	(34.0, 0.0)	(35.0, 0.0)	(36.0, 0.004468874290565915)	(37.0, 0.008937748581131829)	(38.0, 0.013406622871697745)	(39.0, 0.03724061908804928)	(40.0, 0.07448123817609861)	(41.0, 0.13704547824402122)	(42.0, 0.12363885537232351)	(43.0, 0.16832759827798274)	(44.0, 0.232381463109428)	(45.0, 1.2810772966289008)	(46.0, 5.2092177980363985)	(47.0, 1.4598322682515272)	(48.0, 0.902712606694321)	(49.0, 2.0273793031533662)	(50.0, 6.018084044628645)	(51.0, 10.926397640433635)	(52.0, 18.521994309635325)	(53.0, 11.486496551518153)	(54.0, 10.841489028912845)	(55.0, 17.75483755642146)	(56.0, 4.865114477662901)	(57.0, 3.9519744976239277)	(58.0, 1.71455810281377)	(59.0, 0.5064724195974679)	(60.0, 0.32771744797483393)	(61.0, 0.49306579672577044)	(62.0, 0.3187796993937022)	(63.0, 0.17577572209559267)	(64.0, 0.08490861152075238)	(65.0, 0.026813245743395484)	(66.0, 0.011916998108175772)	(67.0, 0.014896247635219718)	(68.0, 0.01638587239874169)	(69.0, 0.03277174479748336)	(70.0, 0.08341898675723042)	(71.0, 0.06703311435848876)	(72.0, 0.026813245743395484)	(73.0, 0.022344371452829574)	(74.0, 0.014896247635219718)	(75.0, 0.008937748581131829)	(76.0, 0.002979249527043943)	(77.0, 0.0)	(78.0, 0.0)	(79.0, 0.0)	(80.0, 0.0)	(81.0, 0.0)	(82.0, 0.0)	(83.0, 0.0)	(84.0, 0.0)	(85.0, 0.0)	(86.0, 0.0)	(87.0, 0.0)	(88.0, 0.0)	(89.0, 0.0)	(90.0, 0.0)	(91.0, 0.0)	(92.0, 0.0)	(93.0, 0.0)	(94.0, 0.0)	(95.0, 0.0)	(96.0, 0.0)	(97.0, 0.0)	(98.0, 0.0)	(99.0, 0.0)	(100.0, 0.0)
SRR19621164_2	(0.0, 0.0)	(1.0, 0.0)	(2.0, 0.0)	(3.0, 0.0)	(4.0, 0.0)	(5.0, 0.0)	(6.0, 0.0)	(7.0, 0.0)	(8.0, 0.0)	(9.0, 0.0)	(10.0, 0.0)	(11.0, 0.0)	(12.0, 0.0)	(13.0, 0.0)	(14.0, 0.0)	(15.0, 0.0)	(16.0, 0.0)	(17.0, 0.0)	(18.0, 0.0)	(19.0, 0.0)	(20.0, 0.0)	(21.0, 0.0)	(22.0, 0.0)	(23.0, 0.0)	(24.0, 0.0)	(25.0, 0.0)	(26.0, 0.0)	(27.0, 0.0)	(28.0, 0.0)	(29.0, 0.0)	(30.0, 0.0)	(31.0, 0.0)	(32.0, 0.0)	(33.0, 0.0014301036825169046)	(34.0, 0.0)	(35.0, 0.0)	(36.0, 0.0014301036825169046)	(37.0, 0.0014301036825169046)	(38.0, 0.010725777618876785)	(39.0, 0.0343224883804057)	(40.0, 0.0650697175545192)	(41.0, 0.09009653199856496)	(42.0, 0.13872005720413955)	(43.0, 0.2016446192348838)	(44.0, 0.3868430461208219)	(45.0, 1.2313192706470597)	(46.0, 0.9031104755094322)	(47.0, 3.887021809081089)	(48.0, 1.5888451912762656)	(49.0, 1.2406149445834191)	(50.0, 1.7089739006076787)	(51.0, 4.887379335001609)	(52.0, 10.612084376116721)	(53.0, 10.177332856631386)	(54.0, 11.608151590990198)	(55.0, 13.387200572042039)	(56.0, 15.908473364320486)	(57.0, 12.989631748302156)	(58.0, 2.7472291741149863)	(59.0, 2.805863425098186)	(60.0, 1.1898462638540719)	(61.0, 0.7679656775115808)	(62.0, 0.22738648552018828)	(63.0, 0.19878441186984996)	(64.0, 0.47336431891309333)	(65.0, 0.1916338934572654)	(66.0, 0.04433321415802405)	(67.0, 0.015731140507685953)	(68.0, 0.01859134787271976)	(69.0, 0.014301036825169047)	(70.0, 0.005720414730067618)	(71.0, 0.010010725777618332)	(72.0, 0.04719342152305786)	(73.0, 0.13013943510903817)	(74.0, 0.035752592062922604)	(75.0, 0.004290311047550714)	(76.0, 0.0)	(77.0, 0.0)	(78.0, 0.0)	(79.0, 0.0)	(80.0, 0.0)	(81.0, 0.0014301036825169046)	(82.0, 0.0014301036825169046)	(83.0, 0.0)	(84.0, 0.0)	(85.0, 0.0014301036825169046)	(86.0, 0.0014301036825169046)	(87.0, 0.0)	(88.0, 0.0)	(89.0, 0.0)	(90.0, 0.0)	(91.0, 0.0)	(92.0, 0.0)	(93.0, 0.0)	(94.0, 0.0)	(95.0, 0.0)	(96.0, 0.002860207365033809)	(97.0, 0.0014301036825169046)	(98.0, 0.0)	(99.0, 0.0)	(100.0, 0.0)
SRR19621165_1	(0.0, 0.0)	(1.0, 0.0)	(2.0, 0.0)	(3.0, 0.0)	(4.0, 0.0)	(5.0, 0.0)	(6.0, 0.0)	(7.0, 0.0)	(8.0, 0.0)	(9.0, 0.0)	(10.0, 0.0)	(11.0, 0.0)	(12.0, 0.0)	(13.0, 0.0)	(14.0, 0.0)	(15.0, 0.0)	(16.0, 0.0)	(17.0, 0.0)	(18.0, 0.0)	(19.0, 0.0)	(20.0, 0.0)	(21.0, 0.0)	(22.0, 0.0)	(23.0, 0.0)	(24.0, 0.0)	(25.0, 0.0)	(26.0, 0.0)	(27.0, 0.0)	(28.0, 0.0)	(29.0, 0.0)	(30.0, 0.0)	(31.0, 0.0)	(32.0, 0.0)	(33.0, 0.0)	(34.0, 0.0)	(35.0, 0.001016063971387544)	(36.0, 0.004064255885550176)	(37.0, 0.004064255885550176)	(38.0, 0.005080319856937719)	(39.0, 0.024385535313301048)	(40.0, 0.07925298976822835)	(41.0, 0.10160639713875429)	(42.0, 0.13615257216593105)	(43.0, 0.19813247442057158)	(44.0, 0.23267864944774758)	(45.0, 0.46738942683827017)	(46.0, 2.971987116308691)	(47.0, 5.612737377944368)	(48.0, 4.363994757109361)	(49.0, 11.846289842409357)	(50.0, 11.362643392028666)	(51.0, 9.853788394517476)	(52.0, 11.245796035319044)	(53.0, 13.00358670581959)	(54.0, 12.928397971936977)	(55.0, 6.031355734155942)	(56.0, 1.261951452463311)	(57.0, 3.638525081538819)	(58.0, 3.472906654202687)	(59.0, 0.6055741269469801)	(60.0, 0.17476300307865797)	(61.0, 0.0904296934534913)	(62.0, 0.0365783029699516)	(63.0, 0.029465855170238777)	(64.0, 0.04877107062660215)	(65.0, 0.043690750769664416)	(66.0, 0.017273087513588244)	(67.0, 0.014224895599425615)	(68.0, 0.009144575742487896)	(69.0, 0.007112447799712807)	(70.0, 0.005080319856937719)	(71.0, 0.024385535313301048)	(72.0, 0.02641766325607614)	(73.0, 0.01219276765665053)	(74.0, 0.004064255885550176)	(75.0, 0.002032127942775088)	(76.0, 0.001016063971387544)	(77.0, 0.0)	(78.0, 0.0)	(79.0, 0.0)	(80.0, 0.0)	(81.0, 0.0)	(82.0, 0.0)	(83.0, 0.0)	(84.0, 0.0)	(85.0, 0.0)	(86.0, 0.0)	(87.0, 0.0)	(88.0, 0.0)	(89.0, 0.0)	(90.0, 0.0)	(91.0, 0.0)	(92.0, 0.0)	(93.0, 0.0)	(94.0, 0.0)	(95.0, 0.0)	(96.0, 0.0)	(97.0, 0.0)	(98.0, 0.0)	(99.0, 0.0)	(100.0, 0.0)
SRR19621165_2	(0.0, 0.0)	(1.0, 0.0)	(2.0, 0.0)	(3.0, 0.0)	(4.0, 0.0)	(5.0, 0.0)	(6.0, 0.0)	(7.0, 0.0)	(8.0, 0.0)	(9.0, 0.0)	(10.0, 0.0)	(11.0, 0.0)	(12.0, 0.0)	(13.0, 0.0)	(14.0, 0.0)	(15.0, 0.0)	(16.0, 0.0)	(17.0, 0.0)	(18.0, 0.0)	(19.0, 0.0)	(20.0, 0.0)	(21.0, 0.0)	(22.0, 0.0)	(23.0, 0.0)	(24.0, 0.0)	(25.0, 0.0)	(26.0, 0.0)	(27.0, 0.0)	(28.0, 0.0)	(29.0, 0.0)	(30.0, 0.0)	(31.0, 0.0)	(32.0, 0.0)	(33.0, 0.0)	(34.0, 0.0)	(35.0, 0.0)	(36.0, 0.0037125627820882366)	(37.0, 0.010076956122810931)	(38.0, 0.0175020816869874)	(39.0, 0.0424292889381513)	(40.0, 0.09599626622256716)	(41.0, 0.14160775183108004)	(42.0, 0.16494386074706344)	(43.0, 0.2169197396962988)	(44.0, 0.26200085919308397)	(45.0, 0.35905785763910364)	(46.0, 1.1588499541232467)	(47.0, 5.661127876572436)	(48.0, 5.709921558851299)	(49.0, 12.491182663393861)	(50.0, 5.4675442457921655)	(51.0, 5.554524288115355)	(52.0, 8.135285787778923)	(53.0, 10.729306440236327)	(54.0, 12.452996303349508)	(55.0, 12.691661053626719)	(56.0, 7.53332025096863)	(57.0, 1.871131642172462)	(58.0, 0.5420341661848841)	(59.0, 0.5303661117268922)	(60.0, 3.2373547459810887)	(61.0, 3.6701334931501397)	(62.0, 0.6512895852006267)	(63.0, 0.19411399689204262)	(64.0, 0.10076956122810915)	(65.0, 0.03288269892706725)	(66.0, 0.02863977003325211)	(67.0, 0.06788686230104203)	(68.0, 0.03394343115052103)	(69.0, 0.013789518904899165)	(70.0, 0.006364393340722692)	(71.0, 0.004242928893815128)	(72.0, 0.007425125564176473)	(73.0, 0.007425125564176473)	(74.0, 0.010607322234537822)	(75.0, 0.04136855671469752)	(76.0, 0.0360648955974286)	(77.0, 0.001060732223453782)	(78.0, 0.0)	(79.0, 0.0)	(80.0, 0.001060732223453782)	(81.0, 0.001060732223453782)	(82.0, 0.001060732223453782)	(83.0, 0.0)	(84.0, 0.0)	(85.0, 0.0)	(86.0, 0.0)	(87.0, 0.001060732223453782)	(88.0, 0.0)	(89.0, 0.0)	(90.0, 0.0)	(91.0, 0.0)	(92.0, 0.0)	(93.0, 0.0)	(94.0, 0.0)	(95.0, 0.002121464446907564)	(96.0, 0.002121464446907564)	(97.0, 0.0)	(98.0, 0.0)	(99.0, 0.001060732223453782)	(100.0, 0.0015910983351806734)
SRR19621166_1	(0.0, 0.0)	(1.0, 0.0)	(2.0, 0.0)	(3.0, 0.0)	(4.0, 0.0)	(5.0, 0.0)	(6.0, 0.0)	(7.0, 0.0)	(8.0, 0.0)	(9.0, 0.0)	(10.0, 0.0)	(11.0, 0.0)	(12.0, 0.0)	(13.0, 0.0)	(14.0, 0.0)	(15.0, 0.0)	(16.0, 0.0)	(17.0, 0.0)	(18.0, 0.0)	(19.0, 0.0)	(20.0, 0.0)	(21.0, 0.0)	(22.0, 0.0)	(23.0, 0.0)	(24.0, 0.0)	(25.0, 0.0)	(26.0, 0.0)	(27.0, 0.0)	(28.0, 0.0)	(29.0, 0.0)	(30.0, 0.0)	(31.0, 0.0)	(32.0, 0.0)	(33.0, 0.0)	(34.0, 0.0)	(35.0, 0.0)	(36.0, 0.0023825975078029084)	(37.0, 0.0035738962617043626)	(38.0, 0.008339091277310178)	(39.0, 0.03335636510924071)	(40.0, 0.06671273021848144)	(41.0, 0.07862571775749595)	(42.0, 0.12032117414404675)	(43.0, 0.14057325296037163)	(44.0, 0.21681637321006522)	(45.0, 0.7898310738366711)	(46.0, 6.882132901288135)	(47.0, 12.609897310048632)	(48.0, 8.204474518119053)	(49.0, 6.113745205021871)	(50.0, 4.232684472611902)	(51.0, 7.474208381977128)	(52.0, 13.278215910987653)	(53.0, 16.034881227514965)	(54.0, 10.396464225298724)	(55.0, 5.018941650186683)	(56.0, 0.9578041981367771)	(57.0, 2.4111886778965674)	(58.0, 3.109289747682899)	(59.0, 1.1627075838078156)	(60.0, 0.2049033856710506)	(61.0, 0.1036429915894264)	(62.0, 0.052417145171664015)	(63.0, 0.036930261370945086)	(64.0, 0.0702866264801858)	(65.0, 0.07743441900359449)	(66.0, 0.023825975078029075)	(67.0, 0.016678182554620356)	(68.0, 0.009530390031211634)	(69.0, 0.005956493769507271)	(70.0, 0.0035738962617043626)	(71.0, 0.01429558504681745)	(72.0, 0.011912987539014543)	(73.0, 0.007147792523408724)	(74.0, 0.004765195015605817)	(75.0, 0.0035738962617043626)	(76.0, 0.0023825975078029084)	(77.0, 0.0011912987539014542)	(78.0, 0.0)	(79.0, 0.0)	(80.0, 0.0)	(81.0, 0.0011912987539014542)	(82.0, 0.0)	(83.0, 0.0)	(84.0, 0.0)	(85.0, 0.0)	(86.0, 0.0)	(87.0, 0.0)	(88.0, 0.0)	(89.0, 0.0)	(90.0, 0.0)	(91.0, 0.0)	(92.0, 0.0)	(93.0, 0.0)	(94.0, 0.0)	(95.0, 0.0)	(96.0, 0.0)	(97.0, 0.0)	(98.0, 0.0)	(99.0, 0.0011912987539014542)	(100.0, 0.0)
SRR19621166_2	(0.0, 0.0)	(1.0, 0.0)	(2.0, 0.0)	(3.0, 0.0)	(4.0, 0.0)	(5.0, 0.0)	(6.0, 0.0)	(7.0, 0.0)	(8.0, 0.0)	(9.0, 0.0)	(10.0, 0.0)	(11.0, 0.0)	(12.0, 0.0)	(13.0, 0.0)	(14.0, 0.0)	(15.0, 0.0)	(16.0, 0.0)	(17.0, 0.0)	(18.0, 0.0)	(19.0, 0.0)	(20.0, 0.0)	(21.0, 0.0)	(22.0, 0.0)	(23.0, 0.0)	(24.0, 0.0)	(25.0, 0.0)	(26.0, 0.0)	(27.0, 0.0)	(28.0, 0.0)	(29.0, 0.0)	(30.0, 0.0)	(31.0, 0.0012168336770887757)	(32.0, 0.0012168336770887757)	(33.0, 0.0024336673541775515)	(34.0, 0.0024336673541775515)	(35.0, 0.0)	(36.0, 0.004867334708355103)	(37.0, 0.014602004125065309)	(38.0, 0.01399358728652092)	(39.0, 0.03346292611994133)	(40.0, 0.0778773553336816)	(41.0, 0.13263487080267647)	(42.0, 0.12898436977141012)	(43.0, 0.1758324663393283)	(44.0, 0.23789098387085625)	(45.0, 0.4751735509031645)	(46.0, 2.447052524625551)	(47.0, 12.69279208571471)	(48.0, 10.994092272498007)	(49.0, 5.29018441114327)	(50.0, 2.863818059028504)	(51.0, 4.153661756742611)	(52.0, 6.008724697464028)	(53.0, 12.43969068088013)	(54.0, 15.734876278436966)	(55.0, 10.14778445008238)	(56.0, 6.517969591325564)	(57.0, 1.7552825792005229)	(58.0, 0.44475270897594515)	(59.0, 0.35531543370992136)	(60.0, 2.0126429019048087)	(61.0, 2.702587596814223)	(62.0, 1.3397338784747297)	(63.0, 0.3516649326786551)	(64.0, 0.11316553196925598)	(65.0, 0.055974349146083714)	(66.0, 0.0462396797293735)	(67.0, 0.08152785636494793)	(68.0, 0.03285450928139694)	(69.0, 0.019469338833420405)	(70.0, 0.01095150309379898)	(71.0, 0.007301002062532653)	(72.0, 0.003650501031266327)	(73.0, 0.0012168336770887757)	(74.0, 0.006084168385443877)	(75.0, 0.019469338833420405)	(76.0, 0.019469338833420405)	(77.0, 0.004867334708355103)	(78.0, 0.0)	(79.0, 0.0024336673541775515)	(80.0, 0.0024336673541775515)	(81.0, 0.0012168336770887757)	(82.0, 0.0012168336770887757)	(83.0, 0.0012168336770887757)	(84.0, 0.0)	(85.0, 0.0)	(86.0, 0.0)	(87.0, 0.0012168336770887757)	(88.0, 0.0012168336770887757)	(89.0, 0.0)	(90.0, 0.0012168336770887757)	(91.0, 0.0012168336770887757)	(92.0, 0.0012168336770887757)	(93.0, 0.0012168336770887757)	(94.0, 0.0)	(95.0, 0.0)	(96.0, 0.0)	(97.0, 0.0)	(98.0, 0.0012168336770887757)	(99.0, 0.0)	(100.0, 0.00547575154689949)
SRR19621167_1	(0.0, 0.0)	(1.0, 0.0)	(2.0, 0.0)	(3.0, 0.0)	(4.0, 0.0)	(5.0, 0.0)	(6.0, 0.0)	(7.0, 0.0)	(8.0, 0.0)	(9.0, 0.0)	(10.0, 0.0)	(11.0, 0.0)	(12.0, 0.0)	(13.0, 0.0)	(14.0, 0.0)	(15.0, 0.0)	(16.0, 0.0)	(17.0, 0.0)	(18.0, 0.0)	(19.0, 0.0)	(20.0, 0.0)	(21.0, 0.0)	(22.0, 0.0)	(23.0, 0.0)	(24.0, 0.0)	(25.0, 0.0)	(26.0, 0.0)	(27.0, 0.0)	(28.0, 0.0)	(29.0, 0.0)	(30.0, 0.0)	(31.0, 0.0)	(32.0, 0.0)	(33.0, 0.0)	(34.0, 0.0)	(35.0, 0.0)	(36.0, 0.002795345749327326)	(37.0, 0.008386037247981978)	(38.0, 0.013976728746636632)	(39.0, 0.03214647611726424)	(40.0, 0.07687200810650148)	(41.0, 0.08945106397847441)	(42.0, 0.10622313847443832)	(43.0, 0.16492539921031227)	(44.0, 0.1733114364582943)	(45.0, 0.3955414235298156)	(46.0, 3.713616827981482)	(47.0, 7.301443097242487)	(48.0, 7.555819560431215)	(49.0, 8.87522275411361)	(50.0, 10.412662916244338)	(51.0, 12.80268353192029)	(52.0, 10.492330270100204)	(53.0, 12.996960061498628)	(54.0, 11.891400817639166)	(55.0, 5.558545022537295)	(56.0, 0.9490198818966358)	(57.0, 1.7722492050734975)	(58.0, 2.7673922918340743)	(59.0, 1.34036828680245)	(60.0, 0.2138439498235408)	(61.0, 0.08945106397847441)	(62.0, 0.029351130367936913)	(63.0, 0.015374401621300295)	(64.0, 0.055906914986546555)	(65.0, 0.04053251336524623)	(66.0, 0.01677207449596396)	(67.0, 0.002795345749327326)	(68.0, 0.001397672874663663)	(69.0, 0.00419301862399099)	(70.0, 0.00419301862399099)	(71.0, 0.012579055871972968)	(72.0, 0.005590691498654652)	(73.0, 0.00419301862399099)	(74.0, 0.00419301862399099)	(75.0, 0.002795345749327326)	(76.0, 0.0)	(77.0, 0.0)	(78.0, 0.0)	(79.0, 0.0)	(80.0, 0.0)	(81.0, 0.0)	(82.0, 0.0)	(83.0, 0.0)	(84.0, 0.0)	(85.0, 0.0)	(86.0, 0.0)	(87.0, 0.0)	(88.0, 0.0)	(89.0, 0.0)	(90.0, 0.0)	(91.0, 0.0)	(92.0, 0.0)	(93.0, 0.0)	(94.0, 0.0)	(95.0, 0.0)	(96.0, 0.0)	(97.0, 0.0)	(98.0, 0.0)	(99.0, 0.001397672874663663)	(100.0, 0.002096509311995495)
SRR19621167_2	(0.0, 0.0)	(1.0, 0.0)	(2.0, 0.0)	(3.0, 0.0)	(4.0, 0.0)	(5.0, 0.0)	(6.0, 0.0)	(7.0, 0.0)	(8.0, 0.0)	(9.0, 0.0)	(10.0, 0.0)	(11.0, 0.0)	(12.0, 0.0)	(13.0, 0.0)	(14.0, 0.0)	(15.0, 0.0)	(16.0, 0.0)	(17.0, 0.0)	(18.0, 0.0)	(19.0, 0.0)	(20.0, 0.0)	(21.0, 0.0)	(22.0, 0.0)	(23.0, 0.0)	(24.0, 0.0)	(25.0, 0.0)	(26.0, 0.0)	(27.0, 0.0)	(28.0, 0.0)	(29.0, 0.0)	(30.0, 0.0)	(31.0, 0.0)	(32.0, 0.0)	(33.0, 0.0)	(34.0, 0.0)	(35.0, 0.0)	(36.0, 0.001466017709493979)	(37.0, 0.004398053128481937)	(38.0, 0.01685920365918076)	(39.0, 0.04764557555855432)	(40.0, 0.09235911569812065)	(41.0, 0.10848531050255436)	(42.0, 0.1392716824019278)	(43.0, 0.15832991262534965)	(44.0, 0.24335893977600107)	(45.0, 0.42148009147951776)	(46.0, 1.4110420453879515)	(47.0, 7.271447839089711)	(48.0, 10.018032017826748)	(49.0, 7.388729255849203)	(50.0, 4.9910572919723455)	(51.0, 8.998416700873227)	(52.0, 8.826159620007724)	(53.0, 10.595642995367637)	(54.0, 11.904796809946355)	(55.0, 10.385269454055154)	(56.0, 8.269072890400137)	(57.0, 2.1843663871459813)	(58.0, 0.4442033659766741)	(59.0, 0.26828124083739885)	(60.0, 1.3809886823433264)	(61.0, 2.1403858558611644)	(62.0, 1.5774350554155085)	(63.0, 0.40462088782033717)	(64.0, 0.0952911511171086)	(65.0, 0.04104849586583141)	(66.0, 0.03078637189937355)	(67.0, 0.06157274379874715)	(68.0, 0.02345628335190366)	(69.0, 0.008796106256963874)	(70.0, 0.005864070837975916)	(71.0, 0.0)	(72.0, 0.002932035418987958)	(73.0, 0.0)	(74.0, 0.001466017709493979)	(75.0, 0.017592212513927747)	(76.0, 0.013194159385445813)	(77.0, 0.0)	(78.0, 0.0)	(79.0, 0.0)	(80.0, 0.0)	(81.0, 0.0)	(82.0, 0.0)	(83.0, 0.0)	(84.0, 0.0)	(85.0, 0.0)	(86.0, 0.0)	(87.0, 0.0)	(88.0, 0.0)	(89.0, 0.0)	(90.0, 0.0)	(91.0, 0.0)	(92.0, 0.0)	(93.0, 0.0)	(94.0, 0.0)	(95.0, 0.0)	(96.0, 0.0)	(97.0, 0.0)	(98.0, 0.0)	(99.0, 0.0)	(100.0, 0.004398053128481937)
SRR19621168_1	(0.0, 0.0)	(1.0, 0.0)	(2.0, 0.0)	(3.0, 0.0)	(4.0, 0.0)	(5.0, 0.0)	(6.0, 0.0)	(7.0, 0.0)	(8.0, 0.0)	(9.0, 0.0)	(10.0, 0.0)	(11.0, 0.0)	(12.0, 0.0)	(13.0, 0.0)	(14.0, 0.0)	(15.0, 0.0)	(16.0, 0.0)	(17.0, 0.0)	(18.0, 0.0)	(19.0, 0.0)	(20.0, 0.0)	(21.0, 0.0)	(22.0, 0.0)	(23.0, 0.0)	(24.0, 0.0)	(25.0, 0.0)	(26.0, 0.0)	(27.0, 0.0)	(28.0, 0.0)	(29.0, 0.0)	(30.0, 0.0)	(31.0, 0.0)	(32.0, 0.0)	(33.0, 0.0)	(34.0, 0.0)	(35.0, 0.0)	(36.0, 0.00397045977924207)	(37.0, 0.006617432965403449)	(38.0, 0.005293946372322759)	(39.0, 0.027793218454694478)	(40.0, 0.033087164827017235)	(41.0, 0.07014478943327658)	(42.0, 0.09793800788797098)	(43.0, 0.13499563249423022)	(44.0, 0.1813176632520547)	(45.0, 1.0230551364513845)	(46.0, 3.9519309669391123)	(47.0, 2.7382937610839813)	(48.0, 2.457714603350843)	(49.0, 3.704438974032995)	(50.0, 12.481802059345224)	(51.0, 11.98549458693974)	(52.0, 12.536065009661556)	(53.0, 13.035019455253206)	(54.0, 12.845760872442579)	(55.0, 14.793933137458243)	(56.0, 4.075015220095627)	(57.0, 1.2983403478121522)	(58.0, 0.6657137563195885)	(59.0, 0.2752852113607839)	(60.0, 0.07808570899176069)	(61.0, 0.048969003943985547)	(62.0, 0.03441065142009793)	(63.0, 0.07940919558484139)	(64.0, 0.23955107334760548)	(65.0, 0.10323195426029373)	(66.0, 0.03573413801317862)	(67.0, 0.038381111199340005)	(68.0, 0.20911088170674938)	(69.0, 0.5571878556869689)	(70.0, 0.08205616877100275)	(71.0, 0.0251462452685331)	(72.0, 0.01455835252388759)	(73.0, 0.01588183911696828)	(74.0, 0.00397045977924207)	(75.0, 0.0026469731861613797)	(76.0, 0.0)	(77.0, 0.0013234865930806898)	(78.0, 0.0013234865930806898)	(79.0, 0.0)	(80.0, 0.0)	(81.0, 0.0)	(82.0, 0.0)	(83.0, 0.0)	(84.0, 0.0)	(85.0, 0.0)	(86.0, 0.0)	(87.0, 0.0)	(88.0, 0.0)	(89.0, 0.0)	(90.0, 0.0)	(91.0, 0.0)	(92.0, 0.0)	(93.0, 0.0)	(94.0, 0.0)	(95.0, 0.0)	(96.0, 0.0)	(97.0, 0.0)	(98.0, 0.0)	(99.0, 0.0)	(100.0, 0.0)
SRR19621168_2	(0.0, 0.0)	(1.0, 0.0)	(2.0, 0.0)	(3.0, 0.0)	(4.0, 0.0)	(5.0, 0.0)	(6.0, 0.0)	(7.0, 0.0)	(8.0, 0.0)	(9.0, 0.0)	(10.0, 0.0)	(11.0, 0.0)	(12.0, 0.0)	(13.0, 0.0)	(14.0, 0.0)	(15.0, 0.0)	(16.0, 0.0)	(17.0, 0.0)	(18.0, 0.0)	(19.0, 0.0)	(20.0, 0.0)	(21.0, 0.0)	(22.0, 0.0)	(23.0, 0.0)	(24.0, 0.0)	(25.0, 0.0)	(26.0, 0.0)	(27.0, 0.0)	(28.0, 0.0)	(29.0, 0.0)	(30.0, 0.0)	(31.0, 0.0)	(32.0, 0.0)	(33.0, 0.0)	(34.0, 0.0018668093738720326)	(35.0, 0.0031113489564533877)	(36.0, 0.004355888539034742)	(37.0, 0.005600428121616098)	(38.0, 0.008711777078069484)	(39.0, 0.030491219773243195)	(40.0, 0.06658286766810252)	(41.0, 0.07653918432875333)	(42.0, 0.08774004057198546)	(43.0, 0.12632076763200742)	(44.0, 0.22588393423851652)	(45.0, 0.45301240805961096)	(46.0, 2.3061318465232525)	(47.0, 2.467299722467556)	(48.0, 2.9987181242298555)	(49.0, 2.85310699306782)	(50.0, 5.9308533807911425)	(51.0, 10.479023285335602)	(52.0, 10.091971475152626)	(53.0, 11.953802690695179)	(54.0, 10.660726064392563)	(55.0, 10.637079812323506)	(56.0, 13.152294308721569)	(57.0, 9.711142362882557)	(58.0, 2.42062948812075)	(59.0, 0.6011126183867952)	(60.0, 0.32855844980147714)	(61.0, 0.5289293225970746)	(62.0, 0.29495588107178106)	(63.0, 0.10080770618908966)	(64.0, 0.047292504138091516)	(65.0, 0.04355888539034744)	(66.0, 0.17672462072655265)	(67.0, 0.21032718945624948)	(68.0, 0.06720513745939319)	(69.0, 0.04231434580776608)	(70.0, 0.041069806225184725)	(71.0, 0.11325310201490317)	(72.0, 0.47043596221574957)	(73.0, 0.11698672076264723)	(74.0, 0.019912633321301675)	(75.0, 0.01866809373872032)	(76.0, 0.013689935408394907)	(77.0, 0.003733618747744065)	(78.0, 0.0024890791651627103)	(79.0, 0.0012445395825813551)	(80.0, 0.0)	(81.0, 0.0)	(82.0, 0.0)	(83.0, 0.0)	(84.0, 0.0012445395825813551)	(85.0, 0.0012445395825813551)	(86.0, 0.0)	(87.0, 0.0)	(88.0, 0.0)	(89.0, 0.0)	(90.0, 0.0)	(91.0, 0.0)	(92.0, 0.0)	(93.0, 0.0)	(94.0, 0.0)	(95.0, 0.0)	(96.0, 0.0)	(97.0, 0.0)	(98.0, 0.0012445395825813551)	(99.0, 0.0)	(100.0, 0.0)
SRR19621169_1	(0.0, 0.0)	(1.0, 0.0)	(2.0, 0.0)	(3.0, 0.0)	(4.0, 0.0)	(5.0, 0.0)	(6.0, 0.0)	(7.0, 0.0)	(8.0, 0.0)	(9.0, 0.0)	(10.0, 0.0)	(11.0, 0.0)	(12.0, 0.0)	(13.0, 0.0)	(14.0, 0.0)	(15.0, 0.0)	(16.0, 0.0)	(17.0, 0.0)	(18.0, 0.0)	(19.0, 0.0)	(20.0, 0.0)	(21.0, 0.0)	(22.0, 0.0)	(23.0, 0.0)	(24.0, 0.0)	(25.0, 0.0)	(26.0, 0.0)	(27.0, 0.0)	(28.0, 0.0)	(29.0, 0.0)	(30.0, 0.0)	(31.0, 0.0)	(32.0, 0.0)	(33.0, 0.0)	(34.0, 0.0)	(35.0, 0.001356079303517563)	(36.0, 0.001356079303517563)	(37.0, 0.002712158607035126)	(38.0, 0.014916872338693193)	(39.0, 0.025765506766833687)	(40.0, 0.05288709283718497)	(41.0, 0.08272083751457132)	(42.0, 0.0962816305497469)	(43.0, 0.14916872338693185)	(44.0, 0.3010496053808991)	(45.0, 0.987225732960796)	(46.0, 3.901440156220187)	(47.0, 2.3026226573727993)	(48.0, 2.8653955683326515)	(49.0, 4.240459982099591)	(50.0, 13.39670743945155)	(51.0, 13.613680128014458)	(52.0, 12.386428358330505)	(53.0, 11.80873857503176)	(54.0, 13.182446909495676)	(55.0, 12.309131838029968)	(56.0, 2.482981204740655)	(57.0, 1.977163624528565)	(58.0, 1.650348512380851)	(59.0, 0.4692034390170745)	(60.0, 0.13018361313768584)	(61.0, 0.05288709283718497)	(62.0, 0.04068237910552689)	(63.0, 0.10170594776381713)	(64.0, 0.26714762279296045)	(65.0, 0.09492555124622934)	(66.0, 0.04068237910552689)	(67.0, 0.04475061701607958)	(68.0, 0.18442678527838874)	(69.0, 0.6237964796180788)	(70.0, 0.08136475821105375)	(71.0, 0.017629030945728315)	(72.0, 0.005424317214070252)	(73.0, 0.006780396517587813)	(74.0, 0.0040682379105526885)	(75.0, 0.001356079303517563)	(76.0, 0.0)	(77.0, 0.0)	(78.0, 0.0)	(79.0, 0.0)	(80.0, 0.0)	(81.0, 0.0)	(82.0, 0.0)	(83.0, 0.0)	(84.0, 0.0)	(85.0, 0.0)	(86.0, 0.0)	(87.0, 0.0)	(88.0, 0.0)	(89.0, 0.0)	(90.0, 0.0)	(91.0, 0.0)	(92.0, 0.0)	(93.0, 0.0)	(94.0, 0.0)	(95.0, 0.0)	(96.0, 0.0)	(97.0, 0.0)	(98.0, 0.0)	(99.0, 0.0)	(100.0, 0.0)
SRR19621169_2	(0.0, 0.0)	(1.0, 0.0)	(2.0, 0.0)	(3.0, 0.0)	(4.0, 0.0)	(5.0, 0.0)	(6.0, 0.0)	(7.0, 0.0)	(8.0, 0.0)	(9.0, 0.0)	(10.0, 0.0)	(11.0, 0.0)	(12.0, 0.0)	(13.0, 0.0)	(14.0, 0.0)	(15.0, 0.0)	(16.0, 0.0)	(17.0, 0.0)	(18.0, 0.0)	(19.0, 0.0)	(20.0, 0.0)	(21.0, 0.0)	(22.0, 0.0)	(23.0, 0.0)	(24.0, 0.0)	(25.0, 0.0)	(26.0, 0.0)	(27.0, 0.0)	(28.0, 0.0)	(29.0, 0.0)	(30.0, 0.0)	(31.0, 0.0)	(32.0, 0.0)	(33.0, 0.0)	(34.0, 0.0)	(35.0, 0.0012974459775930702)	(36.0, 0.0025948919551861405)	(37.0, 0.0077846758655584205)	(38.0, 0.0077846758655584205)	(39.0, 0.016866797708709913)	(40.0, 0.055790177036502055)	(41.0, 0.103146955218649)	(42.0, 0.12001375292735887)	(43.0, 0.13298821270328962)	(44.0, 0.25105579666425976)	(45.0, 0.508598823216481)	(46.0, 2.3295642527683507)	(47.0, 2.4100059033791297)	(48.0, 3.3824416635852463)	(49.0, 3.4369343946441617)	(50.0, 7.152819674470057)	(51.0, 11.290374897015681)	(52.0, 9.98514424355646)	(53.0, 11.61214149945891)	(54.0, 9.560879408883332)	(55.0, 9.995523811377208)	(56.0, 13.296226378375481)	(57.0, 8.33738785201251)	(58.0, 1.105423972909301)	(59.0, 0.3282538323310463)	(60.0, 0.5916353657824398)	(61.0, 1.6334844857896504)	(62.0, 0.7032157198554471)	(63.0, 0.15180117937838922)	(64.0, 0.06227740692446742)	(65.0, 0.04541060921575747)	(66.0, 0.20759135641489163)	(67.0, 0.24002750585471866)	(68.0, 0.05449273105890898)	(69.0, 0.03243614943982674)	(70.0, 0.041518271282978254)	(71.0, 0.12195992189374842)	(72.0, 0.5254656209251913)	(73.0, 0.10509312418503858)	(74.0, 0.02075913564148912)	(75.0, 0.011677013798337634)	(76.0, 0.0077846758655584205)	(77.0, 0.003892337932779211)	(78.0, 0.0025948919551861405)	(79.0, 0.0012974459775930702)	(80.0, 0.0)	(81.0, 0.0)	(82.0, 0.0)	(83.0, 0.0)	(84.0, 0.0)	(85.0, 0.0)	(86.0, 0.0)	(87.0, 0.0)	(88.0, 0.0)	(89.0, 0.0)	(90.0, 0.0)	(91.0, 0.0)	(92.0, 0.0)	(93.0, 0.0)	(94.0, 0.0)	(95.0, 0.0)	(96.0, 0.0)	(97.0, 0.0012974459775930702)	(98.0, 0.0012974459775930702)	(99.0, 0.0)	(100.0, 0.0019461689663896056)
SRR19621170_1	(0.0, 0.0)	(1.0, 0.0)	(2.0, 0.0)	(3.0, 0.0)	(4.0, 0.0)	(5.0, 0.0)	(6.0, 0.0)	(7.0, 0.0)	(8.0, 0.0)	(9.0, 0.0)	(10.0, 0.0)	(11.0, 0.0)	(12.0, 0.0)	(13.0, 0.0)	(14.0, 0.0)	(15.0, 0.0)	(16.0, 0.0)	(17.0, 0.0)	(18.0, 0.0)	(19.0, 0.0)	(20.0, 0.0)	(21.0, 0.0)	(22.0, 0.0)	(23.0, 0.0)	(24.0, 0.0)	(25.0, 0.0)	(26.0, 0.0)	(27.0, 0.0)	(28.0, 0.0)	(29.0, 0.0)	(30.0, 0.0)	(31.0, 0.0)	(32.0, 0.0)	(33.0, 0.0)	(34.0, 0.0)	(35.0, 0.0)	(36.0, 0.002154290269070723)	(37.0, 0.004308580538141446)	(38.0, 0.012925741614424339)	(39.0, 0.03123720890152548)	(40.0, 0.07540015941747524)	(41.0, 0.09586591697364705)	(42.0, 0.1184859647988897)	(43.0, 0.17880609233287037)	(44.0, 0.28652060578640554)	(45.0, 0.5590383248238543)	(46.0, 1.972252741334245)	(47.0, 1.8839268403023353)	(48.0, 3.6924535211872818)	(49.0, 5.230616773303428)	(50.0, 10.40845343501632)	(51.0, 12.517503608437517)	(52.0, 15.437644068161205)	(53.0, 14.866757146857983)	(54.0, 12.25683448587984)	(55.0, 7.455998621253551)	(56.0, 2.1284387858418903)	(57.0, 4.009134190740606)	(58.0, 3.6762963441692555)	(59.0, 0.7324586914840525)	(60.0, 0.23697192959777963)	(61.0, 0.08724875589736418)	(62.0, 0.046317240785020565)	(63.0, 0.06678299834119239)	(64.0, 0.1852689631400826)	(65.0, 0.09155733643550562)	(66.0, 0.0366229345742023)	(67.0, 0.08617161076282884)	(68.0, 0.3296064111678194)	(69.0, 0.9845106529653208)	(70.0, 0.1464917382968093)	(71.0, 0.030160063766990115)	(72.0, 0.01831146728710114)	(73.0, 0.009694306210818253)	(74.0, 0.006462870807212168)	(75.0, 0.0032314354036060847)	(76.0, 0.0)	(77.0, 0.0)	(78.0, 0.0010771451345353614)	(79.0, 0.0)	(80.0, 0.0)	(81.0, 0.0)	(82.0, 0.0)	(83.0, 0.0)	(84.0, 0.0)	(85.0, 0.0)	(86.0, 0.0)	(87.0, 0.0)	(88.0, 0.0)	(89.0, 0.0)	(90.0, 0.0)	(91.0, 0.0)	(92.0, 0.0)	(93.0, 0.0)	(94.0, 0.0)	(95.0, 0.0)	(96.0, 0.0)	(97.0, 0.0)	(98.0, 0.0)	(99.0, 0.0)	(100.0, 0.0)
SRR19621170_2	(0.0, 0.0)	(1.0, 0.0)	(2.0, 0.0)	(3.0, 0.0)	(4.0, 0.0)	(5.0, 0.0)	(6.0, 0.0)	(7.0, 0.0)	(8.0, 0.0)	(9.0, 0.0)	(10.0, 0.0)	(11.0, 0.0)	(12.0, 0.0)	(13.0, 0.0)	(14.0, 0.0)	(15.0, 0.0)	(16.0, 0.0)	(17.0, 0.0)	(18.0, 0.0)	(19.0, 0.0)	(20.0, 0.0)	(21.0, 0.0)	(22.0, 0.0)	(23.0, 0.0)	(24.0, 0.0)	(25.0, 0.0)	(26.0, 0.0)	(27.0, 0.0)	(28.0, 0.0)	(29.0, 0.0)	(30.0, 0.0)	(31.0, 0.0)	(32.0, 0.0)	(33.0, 0.0)	(34.0, 0.0010692957083816136)	(35.0, 0.0010692957083816136)	(36.0, 0.0042771828335264545)	(37.0, 0.00641577425028968)	(38.0, 0.012296900646388558)	(39.0, 0.02994027983468518)	(40.0, 0.09249407877500947)	(41.0, 0.11976111933874072)	(42.0, 0.12885013285998448)	(43.0, 0.14649351204828123)	(44.0, 0.2817594191585547)	(45.0, 0.42825293120683444)	(46.0, 1.1377306337180282)	(47.0, 1.7301204561614232)	(48.0, 3.9943541186595066)	(49.0, 4.617753516645844)	(50.0, 5.336320232678125)	(51.0, 9.882965584717972)	(52.0, 10.724501307214686)	(53.0, 15.424590593405089)	(54.0, 12.852934414749253)	(55.0, 10.663016803982714)	(56.0, 8.24213132020564)	(57.0, 3.8558803244241178)	(58.0, 1.0008607830451894)	(59.0, 0.47476729452143585)	(60.0, 1.3163030170177477)	(61.0, 3.868711872924694)	(62.0, 1.2104427418879737)	(63.0, 0.3036799811803774)	(64.0, 0.09516731804596348)	(65.0, 0.07485069958671291)	(66.0, 0.1721566090494401)	(67.0, 0.19247322750869092)	(68.0, 0.12403830217226716)	(69.0, 0.07591999529509452)	(70.0, 0.09089013521243705)	(71.0, 0.22027491592661272)	(72.0, 0.8319120611209041)	(73.0, 0.15183999059018932)	(74.0, 0.021385914167632265)	(75.0, 0.020316618459250653)	(76.0, 0.021385914167632265)	(77.0, 0.005346478541908067)	(78.0, 0.0010692957083816136)	(79.0, 0.0032078871251448406)	(80.0, 0.0021385914167632272)	(81.0, 0.0010692957083816136)	(82.0, 0.0)	(83.0, 0.0)	(84.0, 0.0)	(85.0, 0.0)	(86.0, 0.0)	(87.0, 0.0)	(88.0, 0.0010692957083816136)	(89.0, 0.0010692957083816136)	(90.0, 0.0010692957083816136)	(91.0, 0.0)	(92.0, 0.0)	(93.0, 0.0)	(94.0, 0.0)	(95.0, 0.0)	(96.0, 0.0)	(97.0, 0.0)	(98.0, 0.0)	(99.0, 0.0)	(100.0, 0.0016039435625724203)
SRR19621171_1	(0.0, 0.0)	(1.0, 0.0)	(2.0, 0.0)	(3.0, 0.0)	(4.0, 0.0)	(5.0, 0.0)	(6.0, 0.0)	(7.0, 0.0)	(8.0, 0.0)	(9.0, 0.0)	(10.0, 0.0)	(11.0, 0.0)	(12.0, 0.0)	(13.0, 0.0)	(14.0, 0.0)	(15.0, 0.0)	(16.0, 0.0)	(17.0, 0.0)	(18.0, 0.0)	(19.0, 0.0)	(20.0, 0.0)	(21.0, 0.0)	(22.0, 0.0)	(23.0, 0.0)	(24.0, 0.0)	(25.0, 0.0)	(26.0, 0.0)	(27.0, 0.0)	(28.0, 0.0)	(29.0, 0.0)	(30.0, 0.0)	(31.0, 0.0)	(32.0, 0.0)	(33.0, 0.0)	(34.0, 0.0)	(35.0, 0.0017745284190725647)	(36.0, 0.0017745284190725647)	(37.0, 0.008872642095362824)	(38.0, 0.014196227352580517)	(39.0, 0.03371603996237872)	(40.0, 0.07985377885826547)	(41.0, 0.0922754777917734)	(42.0, 0.11711887565878923)	(43.0, 0.16680567139282088)	(44.0, 0.3602292690717313)	(45.0, 0.6441538161233377)	(46.0, 1.3876812237147598)	(47.0, 1.5243199119833395)	(48.0, 4.001561585008717)	(49.0, 3.547282309726088)	(50.0, 6.718364594608689)	(51.0, 8.271076961296831)	(52.0, 9.708444980745282)	(53.0, 18.116160630314102)	(54.0, 24.680141252462583)	(55.0, 15.638918957287675)	(56.0, 3.0202473692614764)	(57.0, 1.0203538409667305)	(58.0, 0.17567831348818372)	(59.0, 0.06033396624846722)	(60.0, 0.04081415363866897)	(61.0, 0.046137738895886675)	(62.0, 0.026617926286088472)	(63.0, 0.019519812609798216)	(64.0, 0.04968679573403181)	(65.0, 0.046137738895886675)	(66.0, 0.015970755771653085)	(67.0, 0.012421698933507953)	(68.0, 0.0727556651819752)	(69.0, 0.23068869447943358)	(70.0, 0.03371603996237872)	(71.0, 0.008872642095362824)	(72.0, 0.0035490568381451293)	(73.0, 0.0017745284190725647)	(74.0, 0.0)	(75.0, 0.0)	(76.0, 0.0)	(77.0, 0.0)	(78.0, 0.0)	(79.0, 0.0)	(80.0, 0.0)	(81.0, 0.0)	(82.0, 0.0)	(83.0, 0.0)	(84.0, 0.0)	(85.0, 0.0)	(86.0, 0.0)	(87.0, 0.0)	(88.0, 0.0)	(89.0, 0.0)	(90.0, 0.0)	(91.0, 0.0)	(92.0, 0.0)	(93.0, 0.0)	(94.0, 0.0)	(95.0, 0.0)	(96.0, 0.0)	(97.0, 0.0)	(98.0, 0.0)	(99.0, 0.0)	(100.0, 0.0)
SRR19621171_2	(0.0, 0.0)	(1.0, 0.0)	(2.0, 0.0)	(3.0, 0.0)	(4.0, 0.0)	(5.0, 0.0)	(6.0, 0.0)	(7.0, 0.0)	(8.0, 0.0)	(9.0, 0.0)	(10.0, 0.0)	(11.0, 0.0)	(12.0, 0.0)	(13.0, 0.0)	(14.0, 0.0)	(15.0, 0.0)	(16.0, 0.0)	(17.0, 0.0)	(18.0, 0.0)	(19.0, 0.0)	(20.0, 0.0)	(21.0, 0.0)	(22.0, 0.0)	(23.0, 0.0)	(24.0, 0.0)	(25.0, 0.0)	(26.0, 0.0)	(27.0, 0.0)	(28.0, 0.0)	(29.0, 0.0)	(30.0, 0.0016783310675863178)	(31.0, 0.0033566621351726355)	(32.0, 0.0016783310675863178)	(33.0, 0.0)	(34.0, 0.0)	(35.0, 0.0)	(36.0, 0.006713324270345271)	(37.0, 0.005034993202758953)	(38.0, 0.011748317473104224)	(39.0, 0.03272745581793319)	(40.0, 0.0721682359062117)	(41.0, 0.08307738784552277)	(42.0, 0.0956648708524201)	(43.0, 0.13930147860966421)	(44.0, 0.16531561015725207)	(45.0, 0.4002819596193366)	(46.0, 0.636926640149004)	(47.0, 1.4181897521104456)	(48.0, 2.0912005102125213)	(49.0, 3.525334407465109)	(50.0, 3.782958226339638)	(51.0, 6.001711897688714)	(52.0, 10.078378060854952)	(53.0, 12.313915042880785)	(54.0, 16.252958058507662)	(55.0, 17.62415454072631)	(56.0, 15.549737341188678)	(57.0, 7.859624389506345)	(58.0, 0.891193796888338)	(59.0, 0.2651763086786387)	(60.0, 0.11244818152828322)	(61.0, 0.05874158736552113)	(62.0, 0.03524495241931266)	(63.0, 0.02013997281103581)	(64.0, 0.023496634946208447)	(65.0, 0.016783310675863177)	(66.0, 0.02013997281103581)	(67.0, 0.05202826309517586)	(68.0, 0.04363660775724425)	(69.0, 0.013426648540690542)	(70.0, 0.011748317473104224)	(71.0, 0.036923283486898974)	(72.0, 0.18797307956966752)	(73.0, 0.04027994562207161)	(74.0, 0.0016783310675863178)	(75.0, 0.005034993202758953)	(76.0, 0.005034993202758953)	(77.0, 0.0)	(78.0, 0.0016783310675863178)	(79.0, 0.0)	(80.0, 0.0)	(81.0, 0.0)	(82.0, 0.0)	(83.0, 0.0)	(84.0, 0.0)	(85.0, 0.0)	(86.0, 0.0)	(87.0, 0.0)	(88.0, 0.0)	(89.0, 0.0)	(90.0, 0.0)	(91.0, 0.0)	(92.0, 0.0)	(93.0, 0.0)	(94.0, 0.0)	(95.0, 0.0)	(96.0, 0.0)	(97.0, 0.0)	(98.0, 0.0016783310675863178)	(99.0, 0.0016783310675863178)	(100.0, 0.0)
SRR19621172_1	(0.0, 0.0)	(1.0, 0.0)	(2.0, 0.0)	(3.0, 0.0)	(4.0, 0.0)	(5.0, 0.0)	(6.0, 0.0)	(7.0, 0.0)	(8.0, 0.0)	(9.0, 0.0)	(10.0, 0.0)	(11.0, 0.0)	(12.0, 0.0)	(13.0, 0.0)	(14.0, 0.0)	(15.0, 0.0)	(16.0, 0.0)	(17.0, 0.0)	(18.0, 0.0)	(19.0, 0.0)	(20.0, 0.0)	(21.0, 0.0)	(22.0, 0.0)	(23.0, 0.0)	(24.0, 0.0)	(25.0, 0.0)	(26.0, 0.0)	(27.0, 0.0)	(28.0, 0.0)	(29.0, 0.0)	(30.0, 0.0)	(31.0, 0.0)	(32.0, 0.0)	(33.0, 0.0)	(34.0, 0.0)	(35.0, 0.0)	(36.0, 0.0031854235020546857)	(37.0, 0.007963558755136714)	(38.0, 0.0111489822571914)	(39.0, 0.027076099767464824)	(40.0, 0.05574491128595702)	(41.0, 0.0971554168126679)	(42.0, 0.10671168731883193)	(43.0, 0.13856592233937867)	(44.0, 0.1592711751027341)	(45.0, 0.2054598158825274)	(46.0, 0.7820214697544268)	(47.0, 2.2982830567324086)	(48.0, 2.5770076131621997)	(49.0, 2.5849711719173376)	(50.0, 2.4814449081005487)	(51.0, 6.668684101551303)	(52.0, 22.761443633932416)	(53.0, 27.48701939922625)	(54.0, 14.711878444240917)	(55.0, 10.12805402478214)	(56.0, 1.8634727487019689)	(57.0, 0.47144267830409203)	(58.0, 0.21023795113560945)	(59.0, 0.07485745229828517)	(60.0, 0.06689389354314844)	(61.0, 0.036632370273628874)	(62.0, 0.020705252763355456)	(63.0, 0.057337623036984364)	(64.0, 0.140158634090406)	(65.0, 0.05255948778390233)	(66.0, 0.058930334788011705)	(67.0, 0.13378778708629666)	(68.0, 1.2423151658013403)	(69.0, 1.8236549549262877)	(70.0, 0.28350269168286774)	(71.0, 0.08600643455547653)	(72.0, 0.04141050552671091)	(73.0, 0.02548338801643748)	(74.0, 0.009556270506164057)	(75.0, 0.0063708470041093715)	(76.0, 0.0015927117510273429)	(77.0, 0.0)	(78.0, 0.0)	(79.0, 0.0)	(80.0, 0.0)	(81.0, 0.0)	(82.0, 0.0)	(83.0, 0.0)	(84.0, 0.0)	(85.0, 0.0)	(86.0, 0.0)	(87.0, 0.0)	(88.0, 0.0)	(89.0, 0.0)	(90.0, 0.0)	(91.0, 0.0)	(92.0, 0.0)	(93.0, 0.0)	(94.0, 0.0)	(95.0, 0.0)	(96.0, 0.0)	(97.0, 0.0)	(98.0, 0.0)	(99.0, 0.0)	(100.0, 0.0)
SRR19621172_2	(0.0, 0.0)	(1.0, 0.0)	(2.0, 0.0)	(3.0, 0.0)	(4.0, 0.0)	(5.0, 0.0)	(6.0, 0.0)	(7.0, 0.0)	(8.0, 0.0)	(9.0, 0.0)	(10.0, 0.0)	(11.0, 0.0)	(12.0, 0.0)	(13.0, 0.0)	(14.0, 0.0)	(15.0, 0.0)	(16.0, 0.0)	(17.0, 0.0)	(18.0, 0.0)	(19.0, 0.0)	(20.0, 0.0)	(21.0, 0.0)	(22.0, 0.0)	(23.0, 0.0)	(24.0, 0.0)	(25.0, 0.001585414189457018)	(26.0, 0.001585414189457018)	(27.0, 0.0)	(28.0, 0.0)	(29.0, 0.0)	(30.0, 0.0)	(31.0, 0.0)	(32.0, 0.0)	(33.0, 0.0)	(34.0, 0.0)	(35.0, 0.0)	(36.0, 0.003170828378914036)	(37.0, 0.0087197780420136)	(38.0, 0.014268727705113164)	(39.0, 0.026952041220769305)	(40.0, 0.06420927467300926)	(41.0, 0.085612366230679)	(42.0, 0.11969877130400476)	(43.0, 0.14189456995640293)	(44.0, 0.16171224732461567)	(45.0, 0.1942132382084848)	(46.0, 0.6111771700356771)	(47.0, 1.1827189853349482)	(48.0, 2.084026952041215)	(49.0, 2.4772096710265403)	(50.0, 2.821244550138752)	(51.0, 2.577883472057072)	(52.0, 7.4173602853743015)	(53.0, 23.11216805390465)	(54.0, 24.716607213633697)	(55.0, 12.153785176377712)	(56.0, 11.105826397146146)	(57.0, 3.8858501783592603)	(58.0, 0.6674593737614027)	(59.0, 0.2219579865239828)	(60.0, 0.13158937772493234)	(61.0, 0.10146650812524911)	(62.0, 0.05866032500990969)	(63.0, 0.0364645263575114)	(64.0, 0.04122076892588246)	(65.0, 0.04756242568371054)	(66.0, 0.14268727705113146)	(67.0, 0.16012683313515866)	(68.0, 0.08244153785176497)	(69.0, 0.09353943717796406)	(70.0, 0.16012683313515866)	(71.0, 0.5453824811732116)	(72.0, 1.5980975029726663)	(73.0, 0.7356321839080565)	(74.0, 0.1458581054300455)	(75.0, 0.030122869599683338)	(76.0, 0.009512485136742108)	(77.0, 0.006341656757828072)	(78.0, 0.0)	(79.0, 0.003170828378914036)	(80.0, 0.00792707094728509)	(81.0, 0.003170828378914036)	(82.0, 0.0)	(83.0, 0.0)	(84.0, 0.0)	(85.0, 0.0)	(86.0, 0.0)	(87.0, 0.0)	(88.0, 0.0)	(89.0, 0.0)	(90.0, 0.0)	(91.0, 0.0)	(92.0, 0.0)	(93.0, 0.0)	(94.0, 0.0)	(95.0, 0.0)	(96.0, 0.0)	(97.0, 0.0)	(98.0, 0.0)	(99.0, 0.0)	(100.0, 0.0)
SRR19621173_1	(0.0, 0.0)	(1.0, 0.0)	(2.0, 0.0)	(3.0, 0.0)	(4.0, 0.0)	(5.0, 0.0)	(6.0, 0.0)	(7.0, 0.0)	(8.0, 0.0)	(9.0, 0.0)	(10.0, 0.0)	(11.0, 0.0)	(12.0, 0.0)	(13.0, 0.0)	(14.0, 0.0)	(15.0, 0.0)	(16.0, 0.0)	(17.0, 0.0)	(18.0, 0.0)	(19.0, 0.0)	(20.0, 0.0)	(21.0, 0.0)	(22.0, 0.0)	(23.0, 0.0)	(24.0, 0.0)	(25.0, 0.0)	(26.0, 0.0)	(27.0, 0.0)	(28.0, 0.0)	(29.0, 0.0)	(30.0, 0.0)	(31.0, 0.0)	(32.0, 0.0)	(33.0, 0.0)	(34.0, 0.0)	(35.0, 0.0)	(36.0, 0.00533942739980628)	(37.0, 0.006407312879767536)	(38.0, 0.007475198359728792)	(39.0, 0.029900793438915167)	(40.0, 0.07261621263736538)	(41.0, 0.11746740279573811)	(42.0, 0.13775722691500214)	(43.0, 0.16445436391403373)	(44.0, 0.4143395662249651)	(45.0, 0.6567495701761772)	(46.0, 1.230204072915353)	(47.0, 1.5292120073044877)	(48.0, 3.6350821737881835)	(49.0, 4.329207735762843)	(50.0, 6.468182352124751)	(51.0, 7.311811881294464)	(52.0, 9.881144346082415)	(53.0, 20.879296904197812)	(54.0, 26.548700917307787)	(55.0, 11.513941244943918)	(56.0, 2.8437790331369244)	(57.0, 1.1565199747980304)	(58.0, 0.3769635744263215)	(59.0, 0.13348568499515706)	(60.0, 0.07154832715740411)	(61.0, 0.039511762758566486)	(62.0, 0.039511762758566486)	(63.0, 0.03844387727860523)	(64.0, 0.06620889975759786)	(65.0, 0.04912273207821781)	(66.0, 0.025629251519070133)	(67.0, 0.02456136603910888)	(68.0, 0.05232638851810158)	(69.0, 0.11853528827569938)	(70.0, 0.019221938639302605)	(71.0, 0.004271541919845024)	(72.0, 0.001067885479961256)	(73.0, 0.0)	(74.0, 0.0)	(75.0, 0.0)	(76.0, 0.0)	(77.0, 0.0)	(78.0, 0.0)	(79.0, 0.0)	(80.0, 0.0)	(81.0, 0.0)	(82.0, 0.0)	(83.0, 0.0)	(84.0, 0.0)	(85.0, 0.0)	(86.0, 0.0)	(87.0, 0.0)	(88.0, 0.0)	(89.0, 0.0)	(90.0, 0.0)	(91.0, 0.0)	(92.0, 0.0)	(93.0, 0.0)	(94.0, 0.0)	(95.0, 0.0)	(96.0, 0.0)	(97.0, 0.0)	(98.0, 0.0)	(99.0, 0.0)	(100.0, 0.0)
SRR19621173_2	(0.0, 0.0)	(1.0, 0.0)	(2.0, 0.0)	(3.0, 0.0)	(4.0, 0.0)	(5.0, 0.0)	(6.0, 0.0)	(7.0, 0.0)	(8.0, 0.0)	(9.0, 0.0)	(10.0, 0.0)	(11.0, 0.0)	(12.0, 0.0)	(13.0, 0.0)	(14.0, 0.0)	(15.0, 0.0)	(16.0, 0.0)	(17.0, 0.0)	(18.0, 0.0)	(19.0, 0.0)	(20.0, 0.0)	(21.0, 0.0)	(22.0, 0.0)	(23.0, 0.0)	(24.0, 0.0)	(25.0, 0.0)	(26.0, 0.0)	(27.0, 0.0)	(28.0, 0.0)	(29.0, 0.0)	(30.0, 0.0)	(31.0, 0.0)	(32.0, 0.0)	(33.0, 0.0)	(34.0, 0.001019783805833192)	(35.0, 0.0)	(36.0, 0.004079135223332768)	(37.0, 0.01019783805833192)	(38.0, 0.009178054252498728)	(39.0, 0.024984703242913193)	(40.0, 0.07903324495207233)	(41.0, 0.11778502957373368)	(42.0, 0.13869059759331426)	(43.0, 0.1973281664287232)	(44.0, 0.24423822149704935)	(45.0, 0.5017336324699313)	(46.0, 0.8372425045890565)	(47.0, 1.259433000203974)	(48.0, 2.154293289822649)	(49.0, 3.596777483173705)	(50.0, 3.3974097491333612)	(51.0, 6.700999388129533)	(52.0, 9.618090964716703)	(53.0, 13.07311849888039)	(54.0, 18.44686926371351)	(55.0, 18.847134407502676)	(56.0, 13.241892718745632)	(57.0, 5.439526820313864)	(58.0, 0.886192127269047)	(59.0, 0.2784009789924608)	(60.0, 0.15398735468081223)	(61.0, 0.17540281460330945)	(62.0, 0.09483989394248672)	(63.0, 0.04792983887416006)	(64.0, 0.039771568427494505)	(65.0, 0.032633081786662146)	(66.0, 0.041811136039160895)	(67.0, 0.0713848664083234)	(68.0, 0.03161329798082896)	(69.0, 0.011217621864165113)	(70.0, 0.008158270446665537)	(71.0, 0.022435243728330216)	(72.0, 0.1029981643891523)	(73.0, 0.02651437895166299)	(74.0, 0.008158270446665537)	(75.0, 0.007138486640832343)	(76.0, 0.001019783805833192)	(77.0, 0.001019783805833192)	(78.0, 0.002039567611666384)	(79.0, 0.001019783805833192)	(80.0, 0.0)	(81.0, 0.0)	(82.0, 0.001019783805833192)	(83.0, 0.001019783805833192)	(84.0, 0.0)	(85.0, 0.0)	(86.0, 0.001019783805833192)	(87.0, 0.0)	(88.0, 0.0)	(89.0, 0.0)	(90.0, 0.0)	(91.0, 0.0)	(92.0, 0.0)	(93.0, 0.0)	(94.0, 0.001019783805833192)	(95.0, 0.001019783805833192)	(96.0, 0.0)	(97.0, 0.0)	(98.0, 0.001019783805833192)	(99.0, 0.001019783805833192)	(100.0, 0.0061187028349991525)
SRR19621174_1	(0.0, 0.0)	(1.0, 0.0)	(2.0, 0.0)	(3.0, 0.0)	(4.0, 0.0)	(5.0, 0.0)	(6.0, 0.0)	(7.0, 0.0)	(8.0, 0.0)	(9.0, 0.0)	(10.0, 0.0)	(11.0, 0.0)	(12.0, 0.0)	(13.0, 0.0)	(14.0, 0.0)	(15.0, 0.0)	(16.0, 0.0)	(17.0, 0.0)	(18.0, 0.0)	(19.0, 0.0)	(20.0, 0.0)	(21.0, 0.0)	(22.0, 0.0)	(23.0, 0.0)	(24.0, 0.0)	(25.0, 0.0)	(26.0, 0.0)	(27.0, 0.0)	(28.0, 0.0)	(29.0, 0.0)	(30.0, 0.0)	(31.0, 0.0)	(32.0, 0.0)	(33.0, 0.0)	(34.0, 0.0)	(35.0, 0.0)	(36.0, 0.0024575458946694976)	(37.0, 0.0036863188420042463)	(38.0, 0.013516502420682239)	(39.0, 0.03317686957803821)	(40.0, 0.06143864736673747)	(41.0, 0.11058956526012725)	(42.0, 0.14008011599616135)	(43.0, 0.1327074783121528)	(44.0, 0.24206827062494607)	(45.0, 0.6377331596667366)	(46.0, 2.6160576048757203)	(47.0, 2.8089749576072975)	(48.0, 5.437320291956057)	(49.0, 4.99004693912631)	(50.0, 7.775675210733707)	(51.0, 11.989137647146476)	(52.0, 12.257010149665573)	(53.0, 16.74326018038454)	(54.0, 18.642943156962332)	(55.0, 10.494949743186742)	(56.0, 2.6946990735051526)	(57.0, 1.1095819714432793)	(58.0, 0.5173134108279278)	(59.0, 0.11796220294413573)	(60.0, 0.06266742031407221)	(61.0, 0.04546459905138572)	(62.0, 0.01720282126268648)	(63.0, 0.015974048315351735)	(64.0, 0.031948096630703464)	(65.0, 0.028261777788699212)	(66.0, 0.014745275368016985)	(67.0, 0.00983018357867799)	(68.0, 0.04792214494605523)	(69.0, 0.12779238652281377)	(70.0, 0.014745275368016985)	(71.0, 0.0036863188420042463)	(72.0, 0.0024575458946694976)	(73.0, 0.0024575458946694976)	(74.0, 0.0024575458946694976)	(75.0, 0.0)	(76.0, 0.0)	(77.0, 0.0)	(78.0, 0.0)	(79.0, 0.0)	(80.0, 0.0)	(81.0, 0.0)	(82.0, 0.0)	(83.0, 0.0)	(84.0, 0.0)	(85.0, 0.0)	(86.0, 0.0)	(87.0, 0.0)	(88.0, 0.0)	(89.0, 0.0)	(90.0, 0.0)	(91.0, 0.0)	(92.0, 0.0)	(93.0, 0.0)	(94.0, 0.0)	(95.0, 0.0)	(96.0, 0.0)	(97.0, 0.0)	(98.0, 0.0)	(99.0, 0.0)	(100.0, 0.0)
SRR19621174_2	(0.0, 0.0)	(1.0, 0.0)	(2.0, 0.0)	(3.0, 0.0)	(4.0, 0.0)	(5.0, 0.0)	(6.0, 0.0)	(7.0, 0.0)	(8.0, 0.0)	(9.0, 0.0)	(10.0, 0.0)	(11.0, 0.0)	(12.0, 0.0)	(13.0, 0.0)	(14.0, 0.0)	(15.0, 0.0)	(16.0, 0.0)	(17.0, 0.0)	(18.0, 0.0)	(19.0, 0.0)	(20.0, 0.0)	(21.0, 0.0)	(22.0, 0.0)	(23.0, 0.0)	(24.0, 0.0)	(25.0, 0.0)	(26.0, 0.0)	(27.0, 0.001207379503525456)	(28.0, 0.001207379503525456)	(29.0, 0.0)	(30.0, 0.0)	(31.0, 0.0)	(32.0, 0.0)	(33.0, 0.001207379503525456)	(34.0, 0.001207379503525456)	(35.0, 0.0)	(36.0, 0.004829518014101824)	(37.0, 0.008451656524678192)	(38.0, 0.010866415531729106)	(39.0, 0.030184487588136393)	(40.0, 0.07425383946681553)	(41.0, 0.08813870375735823)	(42.0, 0.10443832705495185)	(43.0, 0.17748478701824233)	(44.0, 0.19680285907464976)	(45.0, 0.30003380662607554)	(46.0, 0.6079155800250685)	(47.0, 2.7956872404132587)	(48.0, 4.024799575002205)	(49.0, 5.042620496473933)	(50.0, 5.029339321935156)	(51.0, 9.170047329275961)	(52.0, 10.81449821307838)	(53.0, 11.992900608519761)	(54.0, 13.596300589202295)	(55.0, 16.097990920506458)	(56.0, 12.719743069642417)	(57.0, 4.869361537718069)	(58.0, 0.7920409543127058)	(59.0, 0.3030522553848891)	(60.0, 0.3006374963778382)	(61.0, 0.38756882063166986)	(62.0, 0.10987153482081635)	(63.0, 0.028977108084610934)	(64.0, 0.02294021056698366)	(65.0, 0.009659036028203649)	(66.0, 0.019318072056407294)	(67.0, 0.0446730416304419)	(68.0, 0.026562349077560027)	(69.0, 0.013281174538780019)	(70.0, 0.006036897517627281)	(71.0, 0.02294021056698366)	(72.0, 0.11107891432434183)	(73.0, 0.024147590070509116)	(74.0, 0.003622138510576369)	(75.0, 0.002414759007050912)	(76.0, 0.003622138510576369)	(77.0, 0.001207379503525456)	(78.0, 0.001207379503525456)	(79.0, 0.0)	(80.0, 0.0)	(81.0, 0.0)	(82.0, 0.0)	(83.0, 0.001207379503525456)	(84.0, 0.001207379503525456)	(85.0, 0.0)	(86.0, 0.0)	(87.0, 0.0)	(88.0, 0.0)	(89.0, 0.0)	(90.0, 0.0)	(91.0, 0.0)	(92.0, 0.0)	(93.0, 0.0)	(94.0, 0.0)	(95.0, 0.0)	(96.0, 0.0)	(97.0, 0.0)	(98.0, 0.001207379503525456)	(99.0, 0.0)	(100.0, 0.0)
SRR19621175_1	(0.0, 0.0)	(1.0, 0.0)	(2.0, 0.0)	(3.0, 0.0)	(4.0, 0.0)	(5.0, 0.0)	(6.0, 0.0)	(7.0, 0.0)	(8.0, 0.0)	(9.0, 0.0)	(10.0, 0.0)	(11.0, 0.0)	(12.0, 0.0)	(13.0, 0.0)	(14.0, 0.0)	(15.0, 0.0)	(16.0, 0.0)	(17.0, 0.0)	(18.0, 0.0)	(19.0, 0.0)	(20.0, 0.0)	(21.0, 0.0)	(22.0, 0.0)	(23.0, 0.0)	(24.0, 0.0)	(25.0, 0.0)	(26.0, 0.0)	(27.0, 0.0)	(28.0, 0.0)	(29.0, 0.0)	(30.0, 0.0)	(31.0, 0.0)	(32.0, 0.0)	(33.0, 0.0)	(34.0, 0.0)	(35.0, 0.0)	(36.0, 0.0)	(37.0, 0.0026416589618283976)	(38.0, 0.01496940078369425)	(39.0, 0.02289437766917944)	(40.0, 0.058116497160224725)	(41.0, 0.07924976885485183)	(42.0, 0.11359133535862116)	(43.0, 0.14617179588783832)	(44.0, 0.1866772333025403)	(45.0, 0.40681548012157326)	(46.0, 1.002949852507504)	(47.0, 1.688020076608353)	(48.0, 1.6624840399773424)	(49.0, 1.055783031744069)	(50.0, 4.382512217673053)	(51.0, 10.39756967375835)	(52.0, 20.757275569053203)	(53.0, 22.71298375379464)	(54.0, 17.594329238760213)	(55.0, 9.864835116456046)	(56.0, 1.550653810593261)	(57.0, 2.7816668868054077)	(58.0, 2.218993527935922)	(59.0, 0.3293268172412718)	(60.0, 0.12856073614231553)	(61.0, 0.07044423898209053)	(62.0, 0.06251926209660537)	(63.0, 0.029058248580112377)	(64.0, 0.041385990401978254)	(65.0, 0.033461013516493054)	(66.0, 0.01937216572007491)	(67.0, 0.02817769559283624)	(68.0, 0.1276801831550394)	(69.0, 0.37159336063052695)	(70.0, 0.04931096728746343)	(71.0, 0.005283317923656794)	(72.0, 0.0)	(73.0, 0.001761105974552265)	(74.0, 0.0008805529872761325)	(75.0, 0.0)	(76.0, 0.0)	(77.0, 0.0)	(78.0, 0.0)	(79.0, 0.0)	(80.0, 0.0)	(81.0, 0.0)	(82.0, 0.0)	(83.0, 0.0)	(84.0, 0.0)	(85.0, 0.0)	(86.0, 0.0)	(87.0, 0.0)	(88.0, 0.0)	(89.0, 0.0)	(90.0, 0.0)	(91.0, 0.0)	(92.0, 0.0)	(93.0, 0.0)	(94.0, 0.0)	(95.0, 0.0)	(96.0, 0.0)	(97.0, 0.0)	(98.0, 0.0)	(99.0, 0.0)	(100.0, 0.0)
SRR19621175_2	(0.0, 0.0026571364040976664)	(1.0, 0.0013285682020488332)	(2.0, 0.0)	(3.0, 0.0)	(4.0, 0.0)	(5.0, 0.0)	(6.0, 0.0)	(7.0, 0.0)	(8.0, 0.0)	(9.0, 0.0)	(10.0, 0.0)	(11.0, 0.0)	(12.0, 0.0)	(13.0, 0.0)	(14.0, 0.0)	(15.0, 0.0)	(16.0, 0.0)	(17.0, 0.0)	(18.0, 0.0)	(19.0, 0.0)	(20.0, 0.0)	(21.0, 0.0)	(22.0, 0.0)	(23.0, 0.0)	(24.0, 0.0)	(25.0, 0.0)	(26.0, 0.0008857121346992221)	(27.0, 0.0008857121346992221)	(28.0, 0.0)	(29.0, 0.0)	(30.0, 0.0)	(31.0, 0.0026571364040976664)	(32.0, 0.0017714242693984443)	(33.0, 0.0008857121346992221)	(34.0, 0.0)	(35.0, 0.0008857121346992221)	(36.0, 0.0017714242693984443)	(37.0, 0.005314272808195332)	(38.0, 0.011514257751089888)	(39.0, 0.026571364040976667)	(40.0, 0.07705695571883224)	(41.0, 0.10849973650065477)	(42.0, 0.13329967627223316)	(43.0, 0.15057106289886812)	(44.0, 0.19131382109503214)	(45.0, 0.19839951817262583)	(46.0, 0.36137055095728127)	(47.0, 1.2058970713929686)	(48.0, 1.8808097180338263)	(49.0, 1.074368819390142)	(50.0, 1.9361667264525337)	(51.0, 4.94050228735188)	(52.0, 9.11486357819087)	(53.0, 19.713294981994537)	(54.0, 22.823473142990906)	(55.0, 17.33870074886808)	(56.0, 9.456305606117576)	(57.0, 2.4569654616557357)	(58.0, 0.7997980576333986)	(59.0, 0.817512300327382)	(60.0, 1.9405952871260308)	(61.0, 2.00702369722848)	(62.0, 0.3170849442223199)	(63.0, 0.0947711984128167)	(64.0, 0.06997125864123849)	(65.0, 0.04339989460026191)	(66.0, 0.030114212579773557)	(67.0, 0.050485591677855664)	(68.0, 0.04959987954315645)	(69.0, 0.026571364040976667)	(70.0, 0.023914227636878994)	(71.0, 0.08148551639232833)	(72.0, 0.3170849442223199)	(73.0, 0.08945692560462135)	(74.0, 0.007085697077593777)	(75.0, 0.00442856067349611)	(76.0, 0.0035428485387968885)	(77.0, 0.0017714242693984443)	(78.0, 0.0008857121346992221)	(79.0, 0.0)	(80.0, 0.0)	(81.0, 0.0008857121346992221)	(82.0, 0.0)	(83.0, 0.0)	(84.0, 0.0)	(85.0, 0.0)	(86.0, 0.0)	(87.0, 0.0)	(88.0, 0.0)	(89.0, 0.0008857121346992221)	(90.0, 0.0017714242693984443)	(91.0, 0.0008857121346992221)	(92.0, 0.0)	(93.0, 0.0)	(94.0, 0.0)	(95.0, 0.0)	(96.0, 0.0)	(97.0, 0.0)	(98.0, 0.0)	(99.0, 0.0)	(100.0, 0.0)
SRR19621176_1	(0.0, 0.0)	(1.0, 0.0)	(2.0, 0.0)	(3.0, 0.0)	(4.0, 0.0)	(5.0, 0.0)	(6.0, 0.0)	(7.0, 0.0)	(8.0, 0.0)	(9.0, 0.0)	(10.0, 0.0)	(11.0, 0.0)	(12.0, 0.0)	(13.0, 0.0)	(14.0, 0.0)	(15.0, 0.0)	(16.0, 0.0)	(17.0, 0.0)	(18.0, 0.0)	(19.0, 0.0)	(20.0, 0.0)	(21.0, 0.0)	(22.0, 0.0)	(23.0, 0.0)	(24.0, 0.0)	(25.0, 0.0)	(26.0, 0.0)	(27.0, 0.0)	(28.0, 0.0)	(29.0, 0.0)	(30.0, 0.0)	(31.0, 0.0)	(32.0, 0.0)	(33.0, 0.0)	(34.0, 0.0)	(35.0, 0.0011339925610087506)	(36.0, 0.0011339925610087506)	(37.0, 0.0022679851220175013)	(38.0, 0.007937947927061253)	(39.0, 0.024947836342192508)	(40.0, 0.05896761317245506)	(41.0, 0.07144153134355127)	(42.0, 0.11906921890591873)	(43.0, 0.15762496598021652)	(44.0, 0.366279597205825)	(45.0, 1.1441984940578238)	(46.0, 15.007257552391366)	(47.0, 14.961897849951056)	(48.0, 5.413680486255495)	(49.0, 3.3736278690011794)	(50.0, 2.9869364056971515)	(51.0, 4.763902748797628)	(52.0, 7.2326045541132995)	(53.0, 10.279642565545197)	(54.0, 10.597160482627793)	(55.0, 9.438220085276322)	(56.0, 7.754241132177561)	(57.0, 5.267395445885399)	(58.0, 0.2993740361063096)	(59.0, 0.09298739000271747)	(60.0, 0.06350358341649005)	(61.0, 0.03175179170824501)	(62.0, 0.010205933049078755)	(63.0, 0.022679851220175008)	(64.0, 0.06690556109951629)	(65.0, 0.062369590855481306)	(66.0, 0.022679851220175008)	(67.0, 0.010205933049078755)	(68.0, 0.07144153134355127)	(69.0, 0.18484078744442675)	(70.0, 0.021545858659166257)	(71.0, 0.005669962805043753)	(72.0, 0.0022679851220175013)	(73.0, 0.0)	(74.0, 0.0)	(75.0, 0.0)	(76.0, 0.0)	(77.0, 0.0)	(78.0, 0.0)	(79.0, 0.0)	(80.0, 0.0)	(81.0, 0.0)	(82.0, 0.0)	(83.0, 0.0)	(84.0, 0.0)	(85.0, 0.0)	(86.0, 0.0)	(87.0, 0.0)	(88.0, 0.0)	(89.0, 0.0)	(90.0, 0.0)	(91.0, 0.0)	(92.0, 0.0)	(93.0, 0.0)	(94.0, 0.0)	(95.0, 0.0)	(96.0, 0.0)	(97.0, 0.0)	(98.0, 0.0)	(99.0, 0.0)	(100.0, 0.0)
SRR19621176_2	(0.0, 0.0)	(1.0, 0.0)	(2.0, 0.0)	(3.0, 0.0)	(4.0, 0.0)	(5.0, 0.0)	(6.0, 0.0)	(7.0, 0.0)	(8.0, 0.0)	(9.0, 0.0)	(10.0, 0.0)	(11.0, 0.0)	(12.0, 0.0)	(13.0, 0.0)	(14.0, 0.0)	(15.0, 0.0)	(16.0, 0.0)	(17.0, 0.0)	(18.0, 0.0)	(19.0, 0.0)	(20.0, 0.0)	(21.0, 0.0)	(22.0, 0.0)	(23.0, 0.0)	(24.0, 0.0)	(25.0, 0.0)	(26.0, 0.0)	(27.0, 0.0)	(28.0, 0.0)	(29.0, 0.0)	(30.0, 0.0)	(31.0, 0.0)	(32.0, 0.0)	(33.0, 0.0)	(34.0, 0.0011396271140082697)	(35.0, 0.0034188813420248094)	(36.0, 0.006837762684049618)	(37.0, 0.005698135570041348)	(38.0, 0.012535898254090969)	(39.0, 0.03304918630623982)	(40.0, 0.0501435930163639)	(41.0, 0.0877512877786367)	(42.0, 0.11453252495783098)	(43.0, 0.14986096549208763)	(44.0, 0.3299220495053931)	(45.0, 0.6011533026393645)	(46.0, 1.115694944614092)	(47.0, 14.20317272188743)	(48.0, 16.533710170032222)	(49.0, 5.113506860554899)	(50.0, 3.013743902994973)	(51.0, 3.7339882390482018)	(52.0, 4.756803573870391)	(53.0, 7.782513561562192)	(54.0, 10.12444728085025)	(55.0, 8.891940557049747)	(56.0, 8.178533983680245)	(57.0, 5.71409034963712)	(58.0, 1.397182841774119)	(59.0, 5.840588959292009)	(60.0, 1.4040206044581682)	(61.0, 0.213110270319547)	(62.0, 0.0809135250945871)	(63.0, 0.03418881342024809)	(64.0, 0.027351050736198458)	(65.0, 0.023932169394173655)	(66.0, 0.03418881342024809)	(67.0, 0.08319277932260363)	(68.0, 0.03988694899028945)	(69.0, 0.011396271140082698)	(70.0, 0.011396271140082698)	(71.0, 0.03760769476227291)	(72.0, 0.1675251857592159)	(73.0, 0.02507179650818192)	(74.0, 0.0022792542280165393)	(75.0, 0.0022792542280165393)	(76.0, 0.004558508456033079)	(77.0, 0.0011396271140082697)	(78.0, 0.0)	(79.0, 0.0)	(80.0, 0.0)	(81.0, 0.0)	(82.0, 0.0)	(83.0, 0.0)	(84.0, 0.0)	(85.0, 0.0)	(86.0, 0.0)	(87.0, 0.0)	(88.0, 0.0)	(89.0, 0.0)	(90.0, 0.0)	(91.0, 0.0)	(92.0, 0.0)	(93.0, 0.0)	(94.0, 0.0)	(95.0, 0.0)	(96.0, 0.0)	(97.0, 0.0)	(98.0, 0.0)	(99.0, 0.0)	(100.0, 0.0)
SRR19621177_1	(0.0, 0.0)	(1.0, 0.0)	(2.0, 0.0)	(3.0, 0.0)	(4.0, 0.0)	(5.0, 0.0)	(6.0, 0.0)	(7.0, 0.0)	(8.0, 0.0)	(9.0, 0.0)	(10.0, 0.0)	(11.0, 0.0)	(12.0, 0.0)	(13.0, 0.0)	(14.0, 0.0)	(15.0, 0.0)	(16.0, 0.0)	(17.0, 0.0)	(18.0, 0.0)	(19.0, 0.0)	(20.0, 0.0)	(21.0, 0.0)	(22.0, 0.0)	(23.0, 0.0)	(24.0, 0.0)	(25.0, 0.0)	(26.0, 0.0)	(27.0, 0.0)	(28.0, 0.0)	(29.0, 0.0)	(30.0, 0.0)	(31.0, 0.0)	(32.0, 0.001219527067403324)	(33.0, 0.001219527067403324)	(34.0, 0.0)	(35.0, 0.0)	(36.0, 0.002439054134806648)	(37.0, 0.008536689471823268)	(38.0, 0.008536689471823268)	(39.0, 0.03292723081988975)	(40.0, 0.05731777216795627)	(41.0, 0.08658642178563596)	(42.0, 0.1195136526055256)	(43.0, 0.1865876413127089)	(44.0, 0.2670764277613281)	(45.0, 0.3573214307491729)	(46.0, 1.6231905267137958)	(47.0, 2.136611422090611)	(48.0, 2.684179075354766)	(49.0, 2.0744155416530345)	(50.0, 4.335418724618853)	(51.0, 7.513506262271208)	(52.0, 10.92574299686726)	(53.0, 18.467298381688096)	(54.0, 22.781985146157133)	(55.0, 18.618519738045972)	(56.0, 4.624446639593375)	(57.0, 1.048793277966863)	(58.0, 0.302442712716024)	(59.0, 0.15609946462762558)	(60.0, 0.07317162404419943)	(61.0, 0.05122013683093964)	(62.0, 0.03658581202209973)	(63.0, 0.030488176685083093)	(64.0, 0.06585446163977951)	(65.0, 0.04878108269613299)	(66.0, 0.030488176685083093)	(67.0, 0.04634202856132634)	(68.0, 0.2573202112221017)	(69.0, 0.7890340126099571)	(70.0, 0.12561128794254225)	(71.0, 0.01463432480883989)	(72.0, 0.004878108269613296)	(73.0, 0.001219527067403324)	(74.0, 0.001219527067403324)	(75.0, 0.0)	(76.0, 0.001219527067403324)	(77.0, 0.0)	(78.0, 0.0)	(79.0, 0.0)	(80.0, 0.0)	(81.0, 0.0)	(82.0, 0.0)	(83.0, 0.0)	(84.0, 0.0)	(85.0, 0.0)	(86.0, 0.0)	(87.0, 0.0)	(88.0, 0.0)	(89.0, 0.0)	(90.0, 0.0)	(91.0, 0.0)	(92.0, 0.0)	(93.0, 0.0)	(94.0, 0.0)	(95.0, 0.0)	(96.0, 0.0)	(97.0, 0.0)	(98.0, 0.0)	(99.0, 0.0)	(100.0, 0.0)
SRR19621177_2	(0.0, 0.0035629030534080203)	(1.0, 0.0017814515267040101)	(2.0, 0.0)	(3.0, 0.0)	(4.0, 0.0)	(5.0, 0.0)	(6.0, 0.0)	(7.0, 0.0)	(8.0, 0.0)	(9.0, 0.0)	(10.0, 0.0)	(11.0, 0.0)	(12.0, 0.0)	(13.0, 0.0)	(14.0, 0.0)	(15.0, 0.0)	(16.0, 0.0)	(17.0, 0.0)	(18.0, 0.0)	(19.0, 0.0)	(20.0, 0.0)	(21.0, 0.0)	(22.0, 0.0)	(23.0, 0.0)	(24.0, 0.0)	(25.0, 0.0)	(26.0, 0.0)	(27.0, 0.0)	(28.0, 0.0)	(29.0, 0.0)	(30.0, 0.0)	(31.0, 0.0)	(32.0, 0.0)	(33.0, 0.0)	(34.0, 0.0017814515267040101)	(35.0, 0.0017814515267040101)	(36.0, 0.0023752687022720134)	(37.0, 0.007125806106816039)	(38.0, 0.009501074809088053)	(39.0, 0.02434650419828813)	(40.0, 0.06353843778577636)	(41.0, 0.07422714694600041)	(42.0, 0.11579434923576053)	(43.0, 0.15023574541870494)	(44.0, 0.19774111946414555)	(45.0, 0.25177848244083373)	(46.0, 0.3830120782413606)	(47.0, 2.1133953278465154)	(48.0, 2.3705181648674896)	(49.0, 2.0890488236482243)	(50.0, 2.2867899431123924)	(51.0, 5.28319141102832)	(52.0, 6.388285174760123)	(53.0, 10.530753791523779)	(54.0, 18.201684065509813)	(55.0, 20.7990403914419)	(56.0, 16.74445671666726)	(57.0, 8.478521632759826)	(58.0, 1.2838327335780124)	(59.0, 0.4251730977066882)	(60.0, 0.17576988396812926)	(61.0, 0.10213655419769646)	(62.0, 0.05819408320566436)	(63.0, 0.0356290305340802)	(64.0, 0.032066127480672175)	(65.0, 0.023752687022720126)	(66.0, 0.0486930083965763)	(67.0, 0.08669730763292842)	(68.0, 0.06650752366361638)	(69.0, 0.038004299236352214)	(70.0, 0.051068277098848314)	(71.0, 0.154392465647681)	(72.0, 0.6686381396895752)	(73.0, 0.13895321908291278)	(74.0, 0.015439246564768087)	(75.0, 0.007125806106816039)	(76.0, 0.004750537404544027)	(77.0, 0.0023752687022720134)	(78.0, 0.0023752687022720134)	(79.0, 0.0011876343511360067)	(80.0, 0.0)	(81.0, 0.0)	(82.0, 0.0)	(83.0, 0.0)	(84.0, 0.0)	(85.0, 0.0)	(86.0, 0.0)	(87.0, 0.0)	(88.0, 0.0)	(89.0, 0.0)	(90.0, 0.0)	(91.0, 0.0)	(92.0, 0.0)	(93.0, 0.0)	(94.0, 0.0)	(95.0, 0.0)	(96.0, 0.0)	(97.0, 0.0)	(98.0, 0.0)	(99.0, 0.0011876343511360067)	(100.0, 0.0017814515267040101)
SRR19621178_1	(0.0, 0.0)	(1.0, 0.0)	(2.0, 0.0)	(3.0, 0.0)	(4.0, 0.0)	(5.0, 0.0)	(6.0, 0.0)	(7.0, 0.0)	(8.0, 0.0)	(9.0, 0.0)	(10.0, 0.0)	(11.0, 0.0)	(12.0, 0.0)	(13.0, 0.0)	(14.0, 0.0)	(15.0, 0.0)	(16.0, 0.0)	(17.0, 0.0)	(18.0, 0.0)	(19.0, 0.0)	(20.0, 0.0)	(21.0, 0.0)	(22.0, 0.0)	(23.0, 0.0)	(24.0, 0.0)	(25.0, 0.0)	(26.0, 0.0)	(27.0, 0.0)	(28.0, 0.0)	(29.0, 0.0)	(30.0, 0.0)	(31.0, 0.0)	(32.0, 0.0)	(33.0, 0.0)	(34.0, 0.0)	(35.0, 0.0)	(36.0, 0.0012186502230130177)	(37.0, 0.003655950669039053)	(38.0, 0.009749201784104142)	(39.0, 0.034122206244364496)	(40.0, 0.08286821516488517)	(41.0, 0.09018011650296325)	(42.0, 0.11455312096322351)	(43.0, 0.13527017475444492)	(44.0, 0.18645348412099205)	(45.0, 0.19498403568208322)	(46.0, 0.4070291744863461)	(47.0, 0.8091837480806509)	(48.0, 1.4014477564649548)	(49.0, 1.3648882497745662)	(50.0, 2.7882717102538463)	(51.0, 4.5626264349607215)	(52.0, 12.021984450024801)	(53.0, 20.763362499693255)	(54.0, 22.28301932778911)	(55.0, 14.233834604794435)	(56.0, 4.023983036389091)	(57.0, 3.5377415974069377)	(58.0, 2.912574033001188)	(59.0, 0.4691803358600092)	(60.0, 0.20473323746618743)	(61.0, 0.10236661873309338)	(62.0, 0.052401959589559795)	(63.0, 0.04509005825148167)	(64.0, 0.08164956494187214)	(65.0, 0.1048039191791194)	(66.0, 0.137707475200471)	(67.0, 0.31928635842941006)	(68.0, 2.9430402885765172)	(69.0, 2.7517122035634514)	(70.0, 0.42896487850058007)	(71.0, 0.19498403568208322)	(72.0, 0.11820907163226256)	(73.0, 0.062151161373663937)	(74.0, 0.017061103122182248)	(75.0, 0.0024373004460260354)	(76.0, 0.0012186502230130177)	(77.0, 0.0)	(78.0, 0.0)	(79.0, 0.0)	(80.0, 0.0)	(81.0, 0.0)	(82.0, 0.0)	(83.0, 0.0)	(84.0, 0.0)	(85.0, 0.0)	(86.0, 0.0)	(87.0, 0.0)	(88.0, 0.0)	(89.0, 0.0)	(90.0, 0.0)	(91.0, 0.0)	(92.0, 0.0)	(93.0, 0.0)	(94.0, 0.0)	(95.0, 0.0)	(96.0, 0.0)	(97.0, 0.0)	(98.0, 0.0)	(99.0, 0.0)	(100.0, 0.0)
SRR19621178_2	(0.0, 0.0)	(1.0, 0.0)	(2.0, 0.0)	(3.0, 0.0)	(4.0, 0.0)	(5.0, 0.0)	(6.0, 0.0)	(7.0, 0.0)	(8.0, 0.0)	(9.0, 0.0)	(10.0, 0.0)	(11.0, 0.0)	(12.0, 0.0)	(13.0, 0.0)	(14.0, 0.0)	(15.0, 0.0)	(16.0, 0.0)	(17.0, 0.0)	(18.0, 0.0)	(19.0, 0.0)	(20.0, 0.0)	(21.0, 0.0)	(22.0, 0.0)	(23.0, 0.0)	(24.0, 0.0)	(25.0, 0.0)	(26.0, 0.0)	(27.0, 0.0)	(28.0, 0.0)	(29.0, 0.0)	(30.0, 0.0)	(31.0, 0.0)	(32.0, 0.0)	(33.0, 0.0)	(34.0, 0.0)	(35.0, 0.002380796495467581)	(36.0, 0.0035711947432013713)	(37.0, 0.007142389486402743)	(38.0, 0.010713584229604115)	(39.0, 0.021427168459208223)	(40.0, 0.06130550975829023)	(41.0, 0.10058865193350519)	(42.0, 0.11189743528697617)	(43.0, 0.1202302230211127)	(44.0, 0.17022694942593228)	(45.0, 0.2047484986102124)	(46.0, 0.23927004779449235)	(47.0, 0.633291867794379)	(48.0, 1.1261167423561642)	(49.0, 1.198731035467921)	(50.0, 1.7909541637154487)	(51.0, 2.7682711251049947)	(52.0, 3.9830725369173545)	(53.0, 11.423061585254658)	(54.0, 18.825553088784872)	(55.0, 20.137371957786314)	(56.0, 15.74063602978556)	(57.0, 6.687657355767912)	(58.0, 1.2320621864044656)	(59.0, 0.6690038152263936)	(60.0, 2.590306587068773)	(61.0, 2.9093333174614653)	(62.0, 0.49996726404819064)	(63.0, 0.15237097570992528)	(64.0, 0.11189743528697617)	(65.0, 0.1154686300301775)	(66.0, 0.12380141776431411)	(67.0, 0.18808292314193925)	(68.0, 0.22379487057395323)	(69.0, 0.2214140740784856)	(70.0, 0.35592907607240215)	(71.0, 1.1380207248335015)	(72.0, 2.3867484867062716)	(73.0, 1.3141996654980923)	(74.0, 0.29402836719024594)	(75.0, 0.05951991238668955)	(76.0, 0.016665575468273065)	(77.0, 0.005951991238668952)	(78.0, 0.004761592990935162)	(79.0, 0.005951991238668952)	(80.0, 0.0035711947432013713)	(81.0, 0.0)	(82.0, 0.0011903982477337906)	(83.0, 0.0)	(84.0, 0.0)	(85.0, 0.0)	(86.0, 0.0)	(87.0, 0.0)	(88.0, 0.0)	(89.0, 0.0)	(90.0, 0.0)	(91.0, 0.0)	(92.0, 0.0011903982477337906)	(93.0, 0.0011903982477337906)	(94.0, 0.0)	(95.0, 0.0011903982477337906)	(96.0, 0.0011903982477337906)	(97.0, 0.0011903982477337906)	(98.0, 0.0)	(99.0, 0.0)	(100.0, 0.0017855973716006856)
SRR19621179_1	(0.0, 0.0)	(1.0, 0.0)	(2.0, 0.0)	(3.0, 0.0)	(4.0, 0.0)	(5.0, 0.0)	(6.0, 0.0)	(7.0, 0.0)	(8.0, 0.0)	(9.0, 0.0)	(10.0, 0.0)	(11.0, 0.0)	(12.0, 0.0)	(13.0, 0.0)	(14.0, 0.0)	(15.0, 0.0)	(16.0, 0.0)	(17.0, 0.0)	(18.0, 0.0)	(19.0, 0.0)	(20.0, 0.0)	(21.0, 0.0)	(22.0, 0.0)	(23.0, 0.0)	(24.0, 0.0)	(25.0, 0.0)	(26.0, 0.0)	(27.0, 0.0)	(28.0, 0.0)	(29.0, 0.0)	(30.0, 0.0)	(31.0, 0.0)	(32.0, 0.0)	(33.0, 0.0)	(34.0, 0.0)	(35.0, 0.0)	(36.0, 0.0)	(37.0, 0.0014883388649926986)	(38.0, 0.007441694324963493)	(39.0, 0.017860066379912387)	(40.0, 0.04018514935480286)	(41.0, 0.08037029870960574)	(42.0, 0.10120704281950345)	(43.0, 0.10120704281950345)	(44.0, 0.11757877033442309)	(45.0, 0.19050737471906554)	(46.0, 0.5685454464272077)	(47.0, 0.9644435845152767)	(48.0, 1.1757877033442432)	(49.0, 1.480897170667729)	(50.0, 2.7757519832113866)	(51.0, 6.828498712586195)	(52.0, 13.191147360431296)	(53.0, 19.38561371653223)	(54.0, 20.84865082081872)	(55.0, 14.363958386046077)	(56.0, 5.462203634523209)	(57.0, 2.805518760511244)	(58.0, 1.9765140127102694)	(59.0, 0.2768310288886427)	(60.0, 0.14139219217430618)	(61.0, 0.0922770096295473)	(62.0, 0.05358019913973717)	(63.0, 0.052091860274744474)	(64.0, 0.11609043146943039)	(65.0, 0.113113753739445)	(66.0, 0.10269538168449614)	(67.0, 0.2545059459137521)	(68.0, 2.8308205212161224)	(69.0, 2.7623569334264504)	(70.0, 0.4435249817678228)	(71.0, 0.16222893628420407)	(72.0, 0.06251023232969338)	(73.0, 0.037208471624817455)	(74.0, 0.01041837205494889)	(75.0, 0.0029766777299853973)	(76.0, 0.0)	(77.0, 0.0)	(78.0, 0.0)	(79.0, 0.0)	(80.0, 0.0)	(81.0, 0.0)	(82.0, 0.0)	(83.0, 0.0)	(84.0, 0.0)	(85.0, 0.0)	(86.0, 0.0)	(87.0, 0.0)	(88.0, 0.0)	(89.0, 0.0)	(90.0, 0.0)	(91.0, 0.0)	(92.0, 0.0)	(93.0, 0.0)	(94.0, 0.0)	(95.0, 0.0)	(96.0, 0.0)	(97.0, 0.0)	(98.0, 0.0)	(99.0, 0.0)	(100.0, 0.0)
SRR19621179_2	(0.0, 0.0)	(1.0, 0.0)	(2.0, 0.0)	(3.0, 0.0)	(4.0, 0.0)	(5.0, 0.0)	(6.0, 0.0)	(7.0, 0.0)	(8.0, 0.0)	(9.0, 0.0)	(10.0, 0.0)	(11.0, 0.0)	(12.0, 0.0)	(13.0, 0.0)	(14.0, 0.0)	(15.0, 0.0)	(16.0, 0.0)	(17.0, 0.0)	(18.0, 0.0)	(19.0, 0.0)	(20.0, 0.0)	(21.0, 0.0)	(22.0, 0.0)	(23.0, 0.0)	(24.0, 0.0)	(25.0, 0.0)	(26.0, 0.0)	(27.0, 0.0)	(28.0, 0.0)	(29.0, 0.0)	(30.0, 0.0)	(31.0, 0.0014445856928231933)	(32.0, 0.0)	(33.0, 0.0028891713856463866)	(34.0, 0.0014445856928231933)	(35.0, 0.0)	(36.0, 0.00433375707846958)	(37.0, 0.008667514156939159)	(38.0, 0.005778342771292773)	(39.0, 0.026002542470817475)	(40.0, 0.0736738703339829)	(41.0, 0.07728533456604086)	(42.0, 0.0852305558765684)	(43.0, 0.11773373396509013)	(44.0, 0.1459031549751424)	(45.0, 0.21307638969142134)	(46.0, 0.2549693747832943)	(47.0, 0.698457182480015)	(48.0, 1.2864035594590562)	(49.0, 1.2784583381485288)	(50.0, 1.7082225817634051)	(51.0, 3.054576447474687)	(52.0, 7.458395932045662)	(53.0, 14.201721946146428)	(54.0, 13.340026580377002)	(55.0, 16.59612273200196)	(56.0, 18.185889286954016)	(57.0, 9.321911475787461)	(58.0, 1.173003582572442)	(59.0, 0.7237374321044215)	(60.0, 1.7291690743093397)	(61.0, 1.6944990176815853)	(62.0, 0.22679995377324177)	(63.0, 0.08956431295503796)	(64.0, 0.09967641280480027)	(65.0, 0.06500635617704374)	(66.0, 0.0967872414191539)	(67.0, 0.1921298971454849)	(68.0, 0.17335028313878323)	(69.0, 0.17768404021725287)	(70.0, 0.27736045302205387)	(71.0, 1.0401016988327099)	(72.0, 2.4182364497859976)	(73.0, 1.327574251704515)	(74.0, 0.2860279671789929)	(75.0, 0.04189298509187261)	(76.0, 0.010112099849762352)	(77.0, 0.0)	(78.0, 0.005778342771292773)	(79.0, 0.0)	(80.0, 0.0014445856928231933)	(81.0, 0.0)	(82.0, 0.0)	(83.0, 0.0)	(84.0, 0.0)	(85.0, 0.0)	(86.0, 0.0)	(87.0, 0.0)	(88.0, 0.0)	(89.0, 0.0)	(90.0, 0.0)	(91.0, 0.0)	(92.0, 0.0)	(93.0, 0.0)	(94.0, 0.0)	(95.0, 0.0)	(96.0, 0.0014445856928231933)	(97.0, 0.0)	(98.0, 0.0)	(99.0, 0.0)	(100.0, 0.0)
SRR19621180_1	(0.0, 0.0)	(1.0, 0.0)	(2.0, 0.0)	(3.0, 0.0)	(4.0, 0.0)	(5.0, 0.0)	(6.0, 0.0)	(7.0, 0.0)	(8.0, 0.0)	(9.0, 0.0)	(10.0, 0.0)	(11.0, 0.0)	(12.0, 0.0)	(13.0, 0.0)	(14.0, 0.0)	(15.0, 0.0)	(16.0, 0.0)	(17.0, 0.0)	(18.0, 0.0)	(19.0, 0.0)	(20.0, 0.0)	(21.0, 0.0)	(22.0, 0.0)	(23.0, 0.0)	(24.0, 0.0)	(25.0, 0.0)	(26.0, 0.0)	(27.0, 0.0)	(28.0, 0.0)	(29.0, 0.0)	(30.0, 0.0)	(31.0, 0.0)	(32.0, 0.0)	(33.0, 0.0)	(34.0, 0.0)	(35.0, 0.0)	(36.0, 0.0031701498688345617)	(37.0, 0.007925374672086405)	(38.0, 0.011095524540920965)	(39.0, 0.02773881135230242)	(40.0, 0.055477622704604795)	(41.0, 0.07212090951598618)	(42.0, 0.07608359685202937)	(43.0, 0.14344928156476427)	(44.0, 0.1751507802531096)	(45.0, 0.24806422723630348)	(46.0, 0.768761343192379)	(47.0, 1.7007854046297695)	(48.0, 1.1206479786329953)	(49.0, 0.9383643611750184)	(50.0, 1.3948659422871994)	(51.0, 6.79917893118336)	(52.0, 23.56689412491648)	(53.0, 33.89682747253269)	(54.0, 17.641884020058917)	(55.0, 7.737543292358817)	(56.0, 1.660365993802124)	(57.0, 0.405779183210825)	(58.0, 0.1648477931793974)	(59.0, 0.06974329711436027)	(60.0, 0.04200448576205795)	(61.0, 0.03566418602438884)	(62.0, 0.03407911108997156)	(63.0, 0.0578552351062307)	(64.0, 0.1672254055810233)	(65.0, 0.03328657362276292)	(66.0, 0.01902089921300736)	(67.0, 0.03962687336043204)	(68.0, 0.2734254261869796)	(69.0, 0.5040538291446992)	(70.0, 0.07291344698319482)	(71.0, 0.01822836174579872)	(72.0, 0.011095524540920965)	(73.0, 0.002377612401625921)	(74.0, 0.0)	(75.0, 0.0)	(76.0, 0.0007925374672086404)	(77.0, 0.0007925374672086404)	(78.0, 0.0007925374672086404)	(79.0, 0.0)	(80.0, 0.0)	(81.0, 0.0)	(82.0, 0.0)	(83.0, 0.0)	(84.0, 0.0)	(85.0, 0.0)	(86.0, 0.0)	(87.0, 0.0)	(88.0, 0.0)	(89.0, 0.0)	(90.0, 0.0)	(91.0, 0.0)	(92.0, 0.0)	(93.0, 0.0)	(94.0, 0.0)	(95.0, 0.0)	(96.0, 0.0)	(97.0, 0.0)	(98.0, 0.0)	(99.0, 0.0)	(100.0, 0.0)
SRR19621180_2	(0.0, 0.0)	(1.0, 0.0)	(2.0, 0.0)	(3.0, 0.0)	(4.0, 0.0)	(5.0, 0.0)	(6.0, 0.0)	(7.0, 0.0)	(8.0, 0.0)	(9.0, 0.0)	(10.0, 0.0)	(11.0, 0.0)	(12.0, 0.0)	(13.0, 0.0)	(14.0, 0.0)	(15.0, 0.0)	(16.0, 0.0)	(17.0, 0.0)	(18.0, 0.0)	(19.0, 0.0)	(20.0, 0.0)	(21.0, 0.0)	(22.0, 0.0)	(23.0, 0.0)	(24.0, 0.0)	(25.0, 0.0)	(26.0, 0.0)	(27.0, 0.0)	(28.0, 0.0)	(29.0, 0.0)	(30.0, 0.0)	(31.0, 0.0)	(32.0, 0.000785521271916025)	(33.0, 0.000785521271916025)	(34.0, 0.000785521271916025)	(35.0, 0.000785521271916025)	(36.0, 0.002749324451706088)	(37.0, 0.007462452083202241)	(38.0, 0.01060453717086634)	(39.0, 0.016888707346194538)	(40.0, 0.05734305284986979)	(41.0, 0.07619556337585433)	(42.0, 0.1009394834412093)	(43.0, 0.14296487148871695)	(44.0, 0.18184817444855977)	(45.0, 0.21562558914094843)	(46.0, 0.49370011939922553)	(47.0, 0.9901495632501346)	(48.0, 1.4940614591842853)	(49.0, 1.0635958021742788)	(50.0, 0.9807233079871427)	(51.0, 1.5529755545779935)	(52.0, 10.057814365614174)	(53.0, 24.55657324200535)	(54.0, 22.68389052975414)	(55.0, 12.251775278073637)	(56.0, 12.692452711618127)	(57.0, 7.8395022937228624)	(58.0, 0.814585558976913)	(59.0, 0.2105197008734943)	(60.0, 0.12646892477848032)	(61.0, 0.0879783824545948)	(62.0, 0.05105888267454161)	(63.0, 0.030635329604724995)	(64.0, 0.026707723245144862)	(65.0, 0.024351159429396783)	(66.0, 0.11939923333123602)	(67.0, 0.15003456293596124)	(68.0, 0.043989191227297414)	(69.0, 0.029064287060892945)	(70.0, 0.03770502105196924)	(71.0, 0.13196757368189252)	(72.0, 0.4391063910010602)	(73.0, 0.14924904166404518)	(74.0, 0.035348457236221154)	(75.0, 0.009426255262992303)	(76.0, 0.0031420850876641)	(77.0, 0.00157104254383205)	(78.0, 0.0023565638157480757)	(79.0, 0.00157104254383205)	(80.0, 0.0)	(81.0, 0.0)	(82.0, 0.0)	(83.0, 0.0)	(84.0, 0.0)	(85.0, 0.000785521271916025)	(86.0, 0.0)	(87.0, 0.0)	(88.0, 0.0)	(89.0, 0.0)	(90.0, 0.0)	(91.0, 0.0)	(92.0, 0.0)	(93.0, 0.0)	(94.0, 0.0)	(95.0, 0.0)	(96.0, 0.0)	(97.0, 0.0)	(98.0, 0.0)	(99.0, 0.0)	(100.0, 0.0)
SRR19621181_1	(0.0, 0.0)	(1.0, 0.0)	(2.0, 0.0)	(3.0, 0.0)	(4.0, 0.0)	(5.0, 0.0)	(6.0, 0.0)	(7.0, 0.0)	(8.0, 0.0)	(9.0, 0.0)	(10.0, 0.0)	(11.0, 0.0)	(12.0, 0.0)	(13.0, 0.0)	(14.0, 0.0)	(15.0, 0.0)	(16.0, 0.0)	(17.0, 0.0)	(18.0, 0.0)	(19.0, 0.0)	(20.0, 0.0)	(21.0, 0.0)	(22.0, 0.0)	(23.0, 0.0)	(24.0, 0.0)	(25.0, 0.0)	(26.0, 0.0)	(27.0, 0.0)	(28.0, 0.0)	(29.0, 0.0)	(30.0, 0.0)	(31.0, 0.00013733867855471546)	(32.0, 0.00013733867855471546)	(33.0, 0.0)	(34.0, 0.0005493547142188618)	(35.0, 0.0006866933927735773)	(36.0, 0.0034334669638678853)	(37.0, 0.005218869785079189)	(38.0, 0.011811126355705517)	(39.0, 0.03227458946035812)	(40.0, 0.06496119495638046)	(41.0, 0.09023151181044882)	(42.0, 0.11000828152232803)	(43.0, 0.1539566586598345)	(44.0, 0.19474624619058264)	(45.0, 0.20902946876027226)	(46.0, 0.4157241799851422)	(47.0, 0.6965817776294735)	(48.0, 0.4879643249049081)	(49.0, 1.497540950960838)	(50.0, 6.108549744760378)	(51.0, 6.462334180717969)	(52.0, 13.4715509794125)	(53.0, 18.33581229649848)	(54.0, 16.165861175318188)	(55.0, 11.82486022354745)	(56.0, 3.3024458645255264)	(57.0, 4.096812781287246)	(58.0, 3.670238845695524)	(59.0, 0.5404277001127975)	(60.0, 0.21575906400945372)	(61.0, 0.14530432191088788)	(62.0, 0.09668642970252063)	(63.0, 0.07869506281185239)	(64.0, 0.10561344380857739)	(65.0, 0.12648892294889294)	(66.0, 0.19364753676214497)	(67.0, 0.4486854628382685)	(68.0, 4.664982894469138)	(69.0, 4.53918066491279)	(70.0, 0.7534399905511128)	(71.0, 0.3572179029208267)	(72.0, 0.19337285940503557)	(73.0, 0.08267788448993925)	(74.0, 0.03433466963867882)	(75.0, 0.007278949963399921)	(76.0, 0.0013733867855471548)	(77.0, 0.0005493547142188618)	(78.0, 0.00013733867855471546)	(79.0, 0.00013733867855471546)	(80.0, 0.0)	(81.0, 0.0)	(82.0, 0.0)	(83.0, 0.0)	(84.0, 0.00013733867855471546)	(85.0, 0.00013733867855471546)	(86.0, 0.0)	(87.0, 0.0)	(88.0, 0.0)	(89.0, 0.0002746773571094309)	(90.0, 0.0)	(91.0, 0.0)	(92.0, 0.0)	(93.0, 0.0)	(94.0, 0.0)	(95.0, 0.0)	(96.0, 0.0)	(97.0, 0.0)	(98.0, 0.0)	(99.0, 0.0)	(100.0, 0.0)
SRR19621181_2	(0.0, 0.0)	(1.0, 0.0)	(2.0, 0.0)	(3.0, 0.0)	(4.0, 0.0)	(5.0, 0.0)	(6.0, 0.0)	(7.0, 0.0)	(8.0, 0.0)	(9.0, 0.0)	(10.0, 0.0)	(11.0, 0.0)	(12.0, 0.0)	(13.0, 0.0)	(14.0, 0.0)	(15.0, 0.0)	(16.0, 0.0)	(17.0, 0.0)	(18.0, 0.0)	(19.0, 0.0)	(20.0, 0.0)	(21.0, 0.0)	(22.0, 0.00013720423055527237)	(23.0, 0.0)	(24.0, 0.0)	(25.0, 0.0)	(26.0, 0.0)	(27.0, 0.00013720423055527237)	(28.0, 0.00013720423055527237)	(29.0, 0.0)	(30.0, 0.00013720423055527237)	(31.0, 0.00027440846111054473)	(32.0, 0.0005488169222210895)	(33.0, 0.0)	(34.0, 0.0)	(35.0, 0.0006860211527763619)	(36.0, 0.004870750184712171)	(37.0, 0.008300855948593979)	(38.0, 0.009192683447203245)	(39.0, 0.031213962451324462)	(40.0, 0.08005866852900188)	(41.0, 0.10331478560812123)	(42.0, 0.12609068788029537)	(43.0, 0.16087196032605497)	(44.0, 0.19688807084681198)	(45.0, 0.2191837583120439)	(46.0, 0.31268844143547253)	(47.0, 0.6812876068221653)	(48.0, 0.7123643650429275)	(49.0, 1.8271487383047402)	(50.0, 3.908056701020849)	(51.0, 4.861488899151172)	(52.0, 4.417427406958225)	(53.0, 11.206498541166932)	(54.0, 17.7004433754856)	(55.0, 15.958567066458471)	(56.0, 12.834426736699317)	(57.0, 4.320012403263804)	(58.0, 1.0936549217561133)	(59.0, 0.8418851586870748)	(60.0, 3.1340190343425216)	(61.0, 3.4808713291862317)	(62.0, 0.8481965532926196)	(63.0, 0.374841957877018)	(64.0, 0.26315771420501355)	(65.0, 0.23846095270506174)	(66.0, 0.25314180537447756)	(67.0, 0.31268844143547253)	(68.0, 0.366746908274256)	(69.0, 0.4199821497297077)	(70.0, 0.598484853682077)	(71.0, 1.600898962119186)	(72.0, 3.3930606216306973)	(73.0, 2.2714160368423086)	(74.0, 0.6065799032848362)	(75.0, 0.12389542019141112)	(76.0, 0.040475248013805226)	(77.0, 0.019894613430514525)	(78.0, 0.011113542674977052)	(79.0, 0.007134619988874166)	(80.0, 0.0054881692222108975)	(81.0, 0.001920859227773813)	(82.0, 0.0006860211527763619)	(83.0, 0.0006860211527763619)	(84.0, 0.0005488169222210895)	(85.0, 0.001097633844442179)	(86.0, 0.001097633844442179)	(87.0, 0.0008232253833316341)	(88.0, 0.0004116126916658172)	(89.0, 0.0004116126916658172)	(90.0, 0.00027440846111054473)	(91.0, 0.0)	(92.0, 0.0)	(93.0, 0.00013720423055527237)	(94.0, 0.00013720423055527237)	(95.0, 0.00013720423055527237)	(96.0, 0.0004116126916658172)	(97.0, 0.00027440846111054473)	(98.0, 0.0004116126916658172)	(99.0, 0.0005488169222210895)	(100.0, 0.00144064442083036)
SRR19621182_1	(0.0, 0.0)	(1.0, 0.0)	(2.0, 0.0)	(3.0, 0.0)	(4.0, 0.0)	(5.0, 0.0)	(6.0, 0.0)	(7.0, 0.0)	(8.0, 0.0)	(9.0, 0.0)	(10.0, 0.0)	(11.0, 0.0)	(12.0, 0.0)	(13.0, 0.0)	(14.0, 0.0)	(15.0, 0.0)	(16.0, 0.0)	(17.0, 0.0)	(18.0, 0.0)	(19.0, 0.0)	(20.0, 0.0)	(21.0, 0.0)	(22.0, 0.0)	(23.0, 0.0)	(24.0, 0.0)	(25.0, 0.0)	(26.0, 0.0)	(27.0, 0.0)	(28.0, 0.0)	(29.0, 0.0)	(30.0, 0.0)	(31.0, 0.0)	(32.0, 0.0)	(33.0, 0.0)	(34.0, 0.0)	(35.0, 0.0008700796993005787)	(36.0, 0.005220478195803472)	(37.0, 0.009570876692306367)	(38.0, 0.012181115790208101)	(39.0, 0.03219294887412143)	(40.0, 0.05916541955243931)	(41.0, 0.08004733233565313)	(42.0, 0.09744892632166478)	(43.0, 0.1496537082796999)	(44.0, 0.1792364180559195)	(45.0, 0.28886646016779083)	(46.0, 0.6090557895104111)	(47.0, 0.799603243657232)	(48.0, 1.2259422963144913)	(49.0, 1.8306476873284434)	(50.0, 6.0531444680339614)	(51.0, 11.921832039817355)	(52.0, 17.51470434691639)	(53.0, 22.58552883443883)	(54.0, 20.41729022378048)	(55.0, 10.683708627713747)	(56.0, 3.015696237775849)	(57.0, 1.0510562767550848)	(58.0, 0.6386384992866315)	(59.0, 0.1609647443706075)	(60.0, 0.07917725263635256)	(61.0, 0.05046462255943356)	(62.0, 0.03654334737062433)	(63.0, 0.024362231580416203)	(64.0, 0.0600354992517399)	(65.0, 0.08091741203495371)	(66.0, 0.04872446316083241)	(67.0, 0.013921275188809258)	(68.0, 0.044374064664329534)	(69.0, 0.1192009188041794)	(70.0, 0.013051195489508678)	(71.0, 0.0034803187972023146)	(72.0, 0.0008700796993005787)	(73.0, 0.0)	(74.0, 0.0008700796993005787)	(75.0, 0.0008700796993005787)	(76.0, 0.0)	(77.0, 0.0008700796993005787)	(78.0, 0.0)	(79.0, 0.0)	(80.0, 0.0)	(81.0, 0.0)	(82.0, 0.0)	(83.0, 0.0)	(84.0, 0.0)	(85.0, 0.0)	(86.0, 0.0)	(87.0, 0.0)	(88.0, 0.0)	(89.0, 0.0)	(90.0, 0.0)	(91.0, 0.0)	(92.0, 0.0)	(93.0, 0.0)	(94.0, 0.0)	(95.0, 0.0)	(96.0, 0.0)	(97.0, 0.0)	(98.0, 0.0)	(99.0, 0.0)	(100.0, 0.0)
SRR19621182_2	(0.0, 0.0)	(1.0, 0.0)	(2.0, 0.0)	(3.0, 0.0)	(4.0, 0.0)	(5.0, 0.0)	(6.0, 0.0)	(7.0, 0.0)	(8.0, 0.0)	(9.0, 0.0)	(10.0, 0.0)	(11.0, 0.0)	(12.0, 0.0)	(13.0, 0.0)	(14.0, 0.0)	(15.0, 0.0)	(16.0, 0.0)	(17.0, 0.0)	(18.0, 0.0)	(19.0, 0.0)	(20.0, 0.0)	(21.0, 0.0)	(22.0, 0.0)	(23.0, 0.0)	(24.0, 0.0)	(25.0, 0.0)	(26.0, 0.0)	(27.0, 0.0)	(28.0, 0.0)	(29.0, 0.0)	(30.0, 0.0)	(31.0, 0.0)	(32.0, 0.0)	(33.0, 0.0)	(34.0, 0.0)	(35.0, 0.00087855705788827)	(36.0, 0.005710620876273755)	(37.0, 0.008346292049938567)	(38.0, 0.010542684694659242)	(39.0, 0.020206812331430204)	(40.0, 0.07511662844944701)	(41.0, 0.10410901135976)	(42.0, 0.12255870957541382)	(43.0, 0.15638315630411248)	(44.0, 0.1792256398092074)	(45.0, 0.23018194916672638)	(46.0, 0.28553104381368666)	(47.0, 0.6707783136977018)	(48.0, 1.1803414072728697)	(49.0, 1.5168287604440864)	(50.0, 2.4643525473766936)	(51.0, 5.241032128832019)	(52.0, 9.671595371764473)	(53.0, 19.184171916042597)	(54.0, 20.716375424998347)	(55.0, 19.12267292199048)	(56.0, 11.929926289065751)	(57.0, 4.244309146658004)	(58.0, 0.9207277966669006)	(59.0, 0.3206733261292169)	(60.0, 0.5306484629645187)	(61.0, 0.5201057782698592)	(62.0, 0.10806251812025727)	(63.0, 0.042170738778636994)	(64.0, 0.030749497026089465)	(65.0, 0.018449698215653666)	(66.0, 0.028113825852424643)	(67.0, 0.08082724932572075)	(68.0, 0.0632561081679554)	(69.0, 0.019328255273541935)	(70.0, 0.014935469984100587)	(71.0, 0.022842483505095018)	(72.0, 0.10191261871503933)	(73.0, 0.023721040562983287)	(74.0, 0.0026356711736648104)	(75.0, 0.0)	(76.0, 0.0)	(77.0, 0.0)	(78.0, 0.0)	(79.0, 0.0)	(80.0, 0.00175711411577654)	(81.0, 0.00087855705788827)	(82.0, 0.0)	(83.0, 0.0)	(84.0, 0.0)	(85.0, 0.0)	(86.0, 0.0)	(87.0, 0.0)	(88.0, 0.0)	(89.0, 0.0)	(90.0, 0.0)	(91.0, 0.0)	(92.0, 0.0)	(93.0, 0.00175711411577654)	(94.0, 0.00087855705788827)	(95.0, 0.00087855705788827)	(96.0, 0.00175711411577654)	(97.0, 0.00087855705788827)	(98.0, 0.0)	(99.0, 0.00087855705788827)	(100.0, 0.0)
SRR19621183_1	(0.0, 0.0)	(1.0, 0.0)	(2.0, 0.0)	(3.0, 0.0)	(4.0, 0.0)	(5.0, 0.0)	(6.0, 0.0)	(7.0, 0.0)	(8.0, 0.0)	(9.0, 0.0)	(10.0, 0.0)	(11.0, 0.0)	(12.0, 0.0)	(13.0, 0.0)	(14.0, 0.0)	(15.0, 0.0)	(16.0, 0.0)	(17.0, 0.0)	(18.0, 0.0)	(19.0, 0.0)	(20.0, 0.0)	(21.0, 0.0)	(22.0, 0.0)	(23.0, 0.0)	(24.0, 0.0)	(25.0, 0.0)	(26.0, 0.0)	(27.0, 0.0)	(28.0, 0.0)	(29.0, 0.0)	(30.0, 0.0)	(31.0, 0.0)	(32.0, 0.0)	(33.0, 0.0)	(34.0, 0.0)	(35.0, 0.0)	(36.0, 0.00421413420612751)	(37.0, 0.00983297981429752)	(38.0, 0.0449507648653601)	(39.0, 0.09130624113276266)	(40.0, 0.06321201309191268)	(41.0, 0.08709210692663516)	(42.0, 0.10394864375114514)	(43.0, 0.15451825422467527)	(44.0, 0.16575594544101538)	(45.0, 0.33291660228407305)	(46.0, 0.6391436879293386)	(47.0, 0.8723257806684007)	(48.0, 1.5353495624324422)	(49.0, 1.8191012656450116)	(50.0, 5.308404388318589)	(51.0, 8.599643203303426)	(52.0, 12.504740900983338)	(53.0, 27.50143982918195)	(54.0, 17.834215960334237)	(55.0, 9.307617749933147)	(56.0, 2.404865920296744)	(57.0, 4.971273651828464)	(58.0, 4.600429841689328)	(59.0, 0.5071008161373409)	(60.0, 0.16294652263693032)	(61.0, 0.07164028150416768)	(62.0, 0.023880093834722546)	(63.0, 0.01966595962859504)	(64.0, 0.042141342061275094)	(65.0, 0.04776018766944511)	(66.0, 0.018261248226552538)	(67.0, 0.008428268412255017)	(68.0, 0.02949893944289255)	(69.0, 0.08709210692663516)	(70.0, 0.014047114020425031)	(71.0, 0.0028094228040850063)	(72.0, 0.0014047114020425031)	(73.0, 0.0014047114020425031)	(74.0, 0.0)	(75.0, 0.0)	(76.0, 0.0)	(77.0, 0.0)	(78.0, 0.0)	(79.0, 0.0)	(80.0, 0.0)	(81.0, 0.0)	(82.0, 0.0)	(83.0, 0.0014047114020425031)	(84.0, 0.0014047114020425031)	(85.0, 0.0)	(86.0, 0.0)	(87.0, 0.0)	(88.0, 0.0)	(89.0, 0.0014047114020425031)	(90.0, 0.0014047114020425031)	(91.0, 0.0)	(92.0, 0.0)	(93.0, 0.0)	(94.0, 0.0)	(95.0, 0.0)	(96.0, 0.0)	(97.0, 0.0)	(98.0, 0.0)	(99.0, 0.0)	(100.0, 0.0)
SRR19621183_2	(0.0, 0.0)	(1.0, 0.0)	(2.0, 0.0)	(3.0, 0.0)	(4.0, 0.0)	(5.0, 0.0)	(6.0, 0.0)	(7.0, 0.0)	(8.0, 0.0)	(9.0, 0.0)	(10.0, 0.0)	(11.0, 0.0)	(12.0, 0.0)	(13.0, 0.0)	(14.0, 0.0)	(15.0, 0.0)	(16.0, 0.0)	(17.0, 0.0)	(18.0, 0.0)	(19.0, 0.0)	(20.0, 0.0)	(21.0, 0.0)	(22.0, 0.0)	(23.0, 0.0)	(24.0, 0.0)	(25.0, 0.0)	(26.0, 0.0)	(27.0, 0.0)	(28.0, 0.0)	(29.0, 0.0)	(30.0, 0.0)	(31.0, 0.0)	(32.0, 0.0)	(33.0, 0.0013985818380162585)	(34.0, 0.0)	(35.0, 0.0)	(36.0, 0.005594327352065034)	(37.0, 0.00769220010908942)	(38.0, 0.014685109299170718)	(39.0, 0.043356036978504015)	(40.0, 0.07272625557684546)	(41.0, 0.11468371071733308)	(42.0, 0.1566411658578209)	(43.0, 0.16782982056195106)	(44.0, 0.2020950755933496)	(45.0, 0.2650312583040817)	(46.0, 0.3286667319338206)	(47.0, 0.8748129396791763)	(48.0, 1.4880910756492876)	(49.0, 1.4174626928294707)	(50.0, 2.404162179549928)	(51.0, 5.901316065509433)	(52.0, 7.053747500034568)	(53.0, 13.63617292066003)	(54.0, 24.926224808040853)	(55.0, 15.089998741278594)	(56.0, 10.136921161941762)	(57.0, 4.15238947707045)	(58.0, 0.7860029929651412)	(59.0, 0.5286639347701427)	(60.0, 4.338400861526619)	(61.0, 4.801331449909895)	(62.0, 0.5440483349883216)	(63.0, 0.1734241479140161)	(64.0, 0.06713192822478045)	(65.0, 0.02377589124627639)	(66.0, 0.030768800436357675)	(67.0, 0.05874043719668289)	(68.0, 0.025174473084292645)	(69.0, 0.013985818380162586)	(70.0, 0.00839149102809755)	(71.0, 0.01818156389421136)	(72.0, 0.08251632844295924)	(73.0, 0.02377589124627639)	(74.0, 0.004195745514048776)	(75.0, 0.0013985818380162585)	(76.0, 0.0013985818380162585)	(77.0, 0.002797163676032517)	(78.0, 0.0)	(79.0, 0.0)	(80.0, 0.0)	(81.0, 0.0)	(82.0, 0.0013985818380162585)	(83.0, 0.0)	(84.0, 0.0)	(85.0, 0.0)	(86.0, 0.0)	(87.0, 0.0013985818380162585)	(88.0, 0.0013985818380162585)	(89.0, 0.0)	(90.0, 0.0)	(91.0, 0.0)	(92.0, 0.0)	(93.0, 0.0)	(94.0, 0.0)	(95.0, 0.0)	(96.0, 0.0)	(97.0, 0.0)	(98.0, 0.0)	(99.0, 0.0)	(100.0, 0.0)
SRR19621184_1	(0.0, 0.0)	(1.0, 0.0)	(2.0, 0.0)	(3.0, 0.0)	(4.0, 0.0)	(5.0, 0.0)	(6.0, 0.0)	(7.0, 0.0)	(8.0, 0.0)	(9.0, 0.0)	(10.0, 0.0)	(11.0, 0.0)	(12.0, 0.0)	(13.0, 0.0)	(14.0, 0.0)	(15.0, 0.0)	(16.0, 0.0)	(17.0, 0.0)	(18.0, 0.0)	(19.0, 0.0)	(20.0, 0.0)	(21.0, 0.0)	(22.0, 0.0)	(23.0, 0.0)	(24.0, 0.0)	(25.0, 0.0)	(26.0, 0.0)	(27.0, 0.0)	(28.0, 0.0)	(29.0, 0.0)	(30.0, 0.0)	(31.0, 0.0)	(32.0, 0.0)	(33.0, 0.0)	(34.0, 0.0)	(35.0, 0.0012773349683221226)	(36.0, 0.0038320049049663674)	(37.0, 0.01532801961986547)	(38.0, 0.05109339873288492)	(39.0, 0.05875740854281767)	(40.0, 0.07025342325771675)	(41.0, 0.08941344778254852)	(42.0, 0.13412017167382276)	(43.0, 0.14178418148375554)	(44.0, 0.1686082158185203)	(45.0, 0.31422440220724185)	(46.0, 0.8008890251379769)	(47.0, 1.1853668506029293)	(48.0, 1.9837012058042138)	(49.0, 2.452483139178486)	(50.0, 4.208818720621506)	(51.0, 9.507204169221598)	(52.0, 13.21275291232576)	(53.0, 24.412425914567333)	(54.0, 17.104792560803116)	(55.0, 8.611792356427383)	(56.0, 2.7960862456571762)	(57.0, 5.76589004700582)	(58.0, 5.256233394645409)	(59.0, 0.6795422031473718)	(60.0, 0.29123237277744396)	(61.0, 0.12006948702227935)	(62.0, 0.05620273860617342)	(63.0, 0.03704271408134155)	(64.0, 0.031933374208053054)	(65.0, 0.05748007357449555)	(66.0, 0.0498160637645628)	(67.0, 0.02682403433476456)	(68.0, 0.06386674841610616)	(69.0, 0.19798692008992932)	(70.0, 0.02426936439812032)	(71.0, 0.008941344778254857)	(72.0, 0.0038320049049663674)	(73.0, 0.0012773349683221226)	(74.0, 0.0)	(75.0, 0.0012773349683221226)	(76.0, 0.0)	(77.0, 0.0012773349683221226)	(78.0, 0.0)	(79.0, 0.0)	(80.0, 0.0)	(81.0, 0.0)	(82.0, 0.0)	(83.0, 0.0)	(84.0, 0.0)	(85.0, 0.0)	(86.0, 0.0)	(87.0, 0.0)	(88.0, 0.0)	(89.0, 0.0)	(90.0, 0.0)	(91.0, 0.0)	(92.0, 0.0)	(93.0, 0.0)	(94.0, 0.0)	(95.0, 0.0)	(96.0, 0.0)	(97.0, 0.0)	(98.0, 0.0)	(99.0, 0.0)	(100.0, 0.0)
SRR19621184_2	(0.0, 0.0)	(1.0, 0.0)	(2.0, 0.0)	(3.0, 0.0)	(4.0, 0.0)	(5.0, 0.0)	(6.0, 0.0)	(7.0, 0.0)	(8.0, 0.0)	(9.0, 0.0)	(10.0, 0.0)	(11.0, 0.0)	(12.0, 0.0)	(13.0, 0.0)	(14.0, 0.0)	(15.0, 0.0)	(16.0, 0.0)	(17.0, 0.0)	(18.0, 0.0)	(19.0, 0.0)	(20.0, 0.0)	(21.0, 0.0)	(22.0, 0.0)	(23.0, 0.0)	(24.0, 0.0)	(25.0, 0.0)	(26.0, 0.0)	(27.0, 0.0)	(28.0, 0.0)	(29.0, 0.0)	(30.0, 0.0)	(31.0, 0.0)	(32.0, 0.0)	(33.0, 0.0)	(34.0, 0.0)	(35.0, 0.0)	(36.0, 0.0038034865293185235)	(37.0, 0.006973058637083959)	(38.0, 0.013312202852614833)	(39.0, 0.03169572107765435)	(40.0, 0.07036450079239269)	(41.0, 0.14960380348652863)	(42.0, 0.16291600633914352)	(43.0, 0.1673534072900152)	(44.0, 0.19017432646592647)	(45.0, 0.27194928684627473)	(46.0, 0.38478605388272263)	(47.0, 1.009191759112524)	(48.0, 2.0177496038034404)	(49.0, 2.083676703644969)	(50.0, 2.2212361331220043)	(51.0, 5.4237717908080425)	(52.0, 7.980982567352745)	(53.0, 13.726148969890989)	(54.0, 22.24912836766702)	(55.0, 15.620919175913972)	(56.0, 9.11378763866863)	(57.0, 3.4763866877972593)	(58.0, 0.9128367670364549)	(59.0, 0.7594294770206034)	(60.0, 5.010459587955524)	(61.0, 5.380665610142444)	(62.0, 0.7594294770206034)	(63.0, 0.17115689381933372)	(64.0, 0.07987321711568897)	(65.0, 0.058320126782884056)	(66.0, 0.050713153724247)	(67.0, 0.06339144215530876)	(68.0, 0.07099841521394577)	(69.0, 0.02155309033280496)	(70.0, 0.012678288431061745)	(71.0, 0.054516640253565535)	(72.0, 0.16735340729001516)	(73.0, 0.032963549920760525)	(74.0, 0.005071315372424698)	(75.0, 0.0)	(76.0, 0.0)	(77.0, 0.0012678288431061744)	(78.0, 0.0)	(79.0, 0.0012678288431061744)	(80.0, 0.002535657686212349)	(81.0, 0.0012678288431061744)	(82.0, 0.0)	(83.0, 0.0)	(84.0, 0.0)	(85.0, 0.0)	(86.0, 0.0)	(87.0, 0.0)	(88.0, 0.0)	(89.0, 0.0)	(90.0, 0.0)	(91.0, 0.0)	(92.0, 0.0038034865293185235)	(93.0, 0.0)	(94.0, 0.0)	(95.0, 0.0)	(96.0, 0.0)	(97.0, 0.0012678288431061744)	(98.0, 0.0012678288431061744)	(99.0, 0.0)	(100.0, 0.0)
SRR19621185_1	(0.0, 0.0)	(1.0, 0.0)	(2.0, 0.0)	(3.0, 0.0)	(4.0, 0.0)	(5.0, 0.0)	(6.0, 0.0)	(7.0, 0.0)	(8.0, 0.0)	(9.0, 0.0)	(10.0, 0.0)	(11.0, 0.0)	(12.0, 0.0)	(13.0, 0.0)	(14.0, 0.0)	(15.0, 0.0)	(16.0, 0.0)	(17.0, 0.0)	(18.0, 0.0)	(19.0, 0.0)	(20.0, 0.0)	(21.0, 0.0)	(22.0, 0.0)	(23.0, 0.0)	(24.0, 0.0)	(25.0, 0.0)	(26.0, 0.0)	(27.0, 0.0)	(28.0, 0.0)	(29.0, 0.0)	(30.0, 0.0)	(31.0, 0.0)	(32.0, 0.0)	(33.0, 0.0)	(34.0, 0.0)	(35.0, 0.0)	(36.0, 0.0069449267310229094)	(37.0, 0.0069449267310229094)	(38.0, 0.19445794846864145)	(39.0, 0.2847419959719394)	(40.0, 0.09722897423432073)	(41.0, 0.11806375442738944)	(42.0, 0.17362316827557267)	(43.0, 0.13195360788943525)	(44.0, 0.22223765539273313)	(45.0, 0.9445100354191166)	(46.0, 3.9586082366830797)	(47.0, 2.784915619140175)	(48.0, 2.0001388985345923)	(49.0, 1.6806722689075428)	(50.0, 6.708799222168113)	(51.0, 14.32043891936941)	(52.0, 13.605111466073968)	(53.0, 14.987151885547686)	(54.0, 18.779081880686626)	(55.0, 12.51475796930325)	(56.0, 3.118272102229284)	(57.0, 0.7014375998333131)	(58.0, 0.26390721577887066)	(59.0, 0.11806375442738944)	(60.0, 0.0694492673102291)	(61.0, 0.09028404750329781)	(62.0, 0.076394194041252)	(63.0, 0.027779706924091638)	(64.0, 0.076394194041252)	(65.0, 0.04861448711716036)	(66.0, 0.06250434057920619)	(67.0, 0.14584346135148105)	(68.0, 0.7986665740676345)	(69.0, 0.631988332523084)	(70.0, 0.09028404750329781)	(71.0, 0.0694492673102291)	(72.0, 0.04166956038613746)	(73.0, 0.027779706924091638)	(74.0, 0.013889853462045819)	(75.0, 0.0069449267310229094)	(76.0, 0.0)	(77.0, 0.0)	(78.0, 0.0)	(79.0, 0.0)	(80.0, 0.0)	(81.0, 0.0)	(82.0, 0.0)	(83.0, 0.0)	(84.0, 0.0)	(85.0, 0.0)	(86.0, 0.0)	(87.0, 0.0)	(88.0, 0.0)	(89.0, 0.0)	(90.0, 0.0)	(91.0, 0.0)	(92.0, 0.0)	(93.0, 0.0)	(94.0, 0.0)	(95.0, 0.0)	(96.0, 0.0)	(97.0, 0.0)	(98.0, 0.0)	(99.0, 0.0)	(100.0, 0.0)
SRR19621185_2	(0.0, 0.0)	(1.0, 0.0)	(2.0, 0.0)	(3.0, 0.0)	(4.0, 0.0)	(5.0, 0.0)	(6.0, 0.0)	(7.0, 0.0)	(8.0, 0.0)	(9.0, 0.0)	(10.0, 0.0)	(11.0, 0.0)	(12.0, 0.0)	(13.0, 0.0)	(14.0, 0.0)	(15.0, 0.0)	(16.0, 0.0)	(17.0, 0.0)	(18.0, 0.0)	(19.0, 0.0)	(20.0, 0.0)	(21.0, 0.0)	(22.0, 0.0)	(23.0, 0.0)	(24.0, 0.0)	(25.0, 0.0)	(26.0, 0.0)	(27.0, 0.0)	(28.0, 0.0)	(29.0, 0.0)	(30.0, 0.0)	(31.0, 0.0)	(32.0, 0.0)	(33.0, 0.0)	(34.0, 0.013895643715694994)	(35.0, 0.02084346557354249)	(36.0, 0.02084346557354249)	(37.0, 0.02084346557354249)	(38.0, 0.006947821857847497)	(39.0, 0.04168693114708497)	(40.0, 0.11811297158340743)	(41.0, 0.33349544917668006)	(42.0, 0.3022302508163663)	(43.0, 0.2049607448065012)	(44.0, 0.23622594316681494)	(45.0, 0.28486069617174753)	(46.0, 0.6391996109219689)	(47.0, 3.824775932745065)	(48.0, 3.0188285972347324)	(49.0, 1.5354686305842975)	(50.0, 2.6679635934134236)	(51.0, 5.822274716876236)	(52.0, 11.04008893211947)	(53.0, 13.152226776905351)	(54.0, 13.819217675258786)	(55.0, 18.18939762384536)	(56.0, 15.806294726603396)	(57.0, 4.932953519071772)	(58.0, 1.014381991245736)	(59.0, 0.3960258458973073)	(60.0, 0.1945390120197299)	(61.0, 0.11116514972555992)	(62.0, 0.055582574862779975)	(63.0, 0.048634753004932474)	(64.0, 0.11811297158340743)	(65.0, 0.06253039672062748)	(66.0, 0.08337386229416996)	(67.0, 0.13895643715694989)	(68.0, 0.06947821857847498)	(69.0, 0.06947821857847498)	(70.0, 0.09726950600986495)	(71.0, 0.4168693114708497)	(72.0, 0.6461474327798163)	(73.0, 0.31265198360313756)	(74.0, 0.09032168415201745)	(75.0, 0.02084346557354249)	(76.0, 0.0)	(77.0, 0.0)	(78.0, 0.0)	(79.0, 0.0)	(80.0, 0.0)	(81.0, 0.0)	(82.0, 0.0)	(83.0, 0.0)	(84.0, 0.0)	(85.0, 0.0)	(86.0, 0.0)	(87.0, 0.0)	(88.0, 0.0)	(89.0, 0.0)	(90.0, 0.0)	(91.0, 0.0)	(92.0, 0.0)	(93.0, 0.0)	(94.0, 0.0)	(95.0, 0.0)	(96.0, 0.0)	(97.0, 0.0)	(98.0, 0.0)	(99.0, 0.0)	(100.0, 0.0)
SRR19621186_1	(0.0, 0.0)	(1.0, 0.0)	(2.0, 0.0)	(3.0, 0.0)	(4.0, 0.0)	(5.0, 0.0)	(6.0, 0.0)	(7.0, 0.0)	(8.0, 0.0)	(9.0, 0.0)	(10.0, 0.0)	(11.0, 0.0)	(12.0, 0.0)	(13.0, 0.0)	(14.0, 0.0)	(15.0, 0.0)	(16.0, 0.0)	(17.0, 0.0)	(18.0, 0.0)	(19.0, 0.0)	(20.0, 0.0)	(21.0, 0.0)	(22.0, 0.0)	(23.0, 0.0)	(24.0, 0.0)	(25.0, 0.0)	(26.0, 0.0)	(27.0, 0.0)	(28.0, 0.0)	(29.0, 0.0)	(30.0, 0.0)	(31.0, 0.0)	(32.0, 0.0)	(33.0, 0.0026541391299734706)	(34.0, 0.0)	(35.0, 0.0013270695649867353)	(36.0, 0.007962417389920411)	(37.0, 0.007962417389920411)	(38.0, 0.009289486954907146)	(39.0, 0.03848501738461532)	(40.0, 0.07431589563925718)	(41.0, 0.08227831302917757)	(42.0, 0.12474453910875295)	(43.0, 0.1446505825835541)	(44.0, 0.18844387822811665)	(45.0, 0.22958303474270575)	(46.0, 0.5865647477241362)	(47.0, 0.6396475303236072)	(48.0, 0.541444382514586)	(49.0, 0.711309286832893)	(50.0, 3.9387424688808)	(51.0, 12.71598057170423)	(52.0, 23.417469543752432)	(53.0, 30.25851315125283)	(54.0, 13.806831754123824)	(55.0, 7.282957772646659)	(56.0, 2.30644690394693)	(57.0, 0.5321548955596785)	(58.0, 0.24683493908753343)	(59.0, 0.12739867823872641)	(60.0, 0.07829710433421737)	(61.0, 0.0663534782493368)	(62.0, 0.059718130424403125)	(63.0, 0.03848501738461532)	(64.0, 0.06104519998938986)	(65.0, 0.070334686944297)	(66.0, 0.05440985216445618)	(67.0, 0.08891366085411123)	(68.0, 0.6529182259734749)	(69.0, 0.5985083738090172)	(70.0, 0.1008572869389918)	(71.0, 0.05573692172944291)	(72.0, 0.029195530429708166)	(73.0, 0.011943626084880617)	(74.0, 0.005308278259946941)	(75.0, 0.0026541391299734706)	(76.0, 0.0013270695649867353)	(77.0, 0.0)	(78.0, 0.0)	(79.0, 0.0)	(80.0, 0.0)	(81.0, 0.0)	(82.0, 0.0)	(83.0, 0.0)	(84.0, 0.0)	(85.0, 0.0)	(86.0, 0.0)	(87.0, 0.0)	(88.0, 0.0)	(89.0, 0.0)	(90.0, 0.0)	(91.0, 0.0)	(92.0, 0.0)	(93.0, 0.0)	(94.0, 0.0)	(95.0, 0.0)	(96.0, 0.0)	(97.0, 0.0)	(98.0, 0.0)	(99.0, 0.0)	(100.0, 0.0)
SRR19621186_2	(0.0, 0.0)	(1.0, 0.0)	(2.0, 0.0)	(3.0, 0.0)	(4.0, 0.0)	(5.0, 0.0)	(6.0, 0.0)	(7.0, 0.0)	(8.0, 0.0)	(9.0, 0.0)	(10.0, 0.0)	(11.0, 0.0)	(12.0, 0.0)	(13.0, 0.0)	(14.0, 0.0)	(15.0, 0.0)	(16.0, 0.0)	(17.0, 0.0)	(18.0, 0.0)	(19.0, 0.0)	(20.0, 0.0)	(21.0, 0.0)	(22.0, 0.0)	(23.0, 0.0)	(24.0, 0.0)	(25.0, 0.0)	(26.0, 0.0)	(27.0, 0.0)	(28.0, 0.0)	(29.0, 0.0013337423476533466)	(30.0, 0.0013337423476533466)	(31.0, 0.0040012270429600405)	(32.0, 0.005334969390613386)	(33.0, 0.0013337423476533466)	(34.0, 0.0013337423476533466)	(35.0, 0.002667484695306693)	(36.0, 0.005334969390613386)	(37.0, 0.010669938781226773)	(38.0, 0.014671165824186816)	(39.0, 0.02934233164837362)	(40.0, 0.08069141203302747)	(41.0, 0.108033130159921)	(42.0, 0.11136748602905434)	(43.0, 0.1527134988063082)	(44.0, 0.19606012510504228)	(45.0, 0.219400616188976)	(46.0, 0.24407484962056308)	(47.0, 0.6415300692212605)	(48.0, 0.6942128919535693)	(49.0, 0.4694773063739758)	(50.0, 1.1923656588020939)	(51.0, 3.465729490377336)	(52.0, 11.05939154674211)	(53.0, 18.92313642850636)	(54.0, 29.65576110006308)	(55.0, 15.902210011073613)	(56.0, 9.416220974432438)	(57.0, 4.026568147565632)	(58.0, 0.7829067580725194)	(59.0, 0.405457673686616)	(60.0, 0.18405644397616205)	(61.0, 0.12003681128880106)	(62.0, 0.08135828320685413)	(63.0, 0.06401963268736069)	(64.0, 0.07735705616389411)	(65.0, 0.061352147992054)	(66.0, 0.06001840564440064)	(67.0, 0.06802085973032072)	(68.0, 0.08135828320685413)	(69.0, 0.07202208677328074)	(70.0, 0.11470184189818769)	(71.0, 0.25607853074944326)	(72.0, 0.5468343625378702)	(73.0, 0.29208957413608316)	(74.0, 0.06535337503501402)	(75.0, 0.014671165824186816)	(76.0, 0.002667484695306693)	(77.0, 0.0)	(78.0, 0.0013337423476533466)	(79.0, 0.0013337423476533466)	(80.0, 0.0013337423476533466)	(81.0, 0.002667484695306693)	(82.0, 0.0013337423476533466)	(83.0, 0.0)	(84.0, 0.0)	(85.0, 0.0013337423476533466)	(86.0, 0.0013337423476533466)	(87.0, 0.0)	(88.0, 0.0)	(89.0, 0.0)	(90.0, 0.0)	(91.0, 0.0)	(92.0, 0.0)	(93.0, 0.0)	(94.0, 0.0)	(95.0, 0.0)	(96.0, 0.0)	(97.0, 0.0)	(98.0, 0.0013337423476533466)	(99.0, 0.0013337423476533466)	(100.0, 0.0)
SRR19621187_1	(0.0, 0.0)	(1.0, 0.0)	(2.0, 0.0)	(3.0, 0.0)	(4.0, 0.0)	(5.0, 0.0)	(6.0, 0.0)	(7.0, 0.0)	(8.0, 0.0)	(9.0, 0.0)	(10.0, 0.0)	(11.0, 0.0)	(12.0, 0.0)	(13.0, 0.0)	(14.0, 0.0)	(15.0, 0.0)	(16.0, 0.0)	(17.0, 0.0)	(18.0, 0.0)	(19.0, 0.0)	(20.0, 0.0)	(21.0, 0.0)	(22.0, 0.0)	(23.0, 0.0)	(24.0, 0.0)	(25.0, 0.0)	(26.0, 0.0)	(27.0, 0.0)	(28.0, 0.0)	(29.0, 0.0)	(30.0, 0.0)	(31.0, 0.0)	(32.0, 0.004094556968935955)	(33.0, 0.0)	(34.0, 0.0)	(35.0, 0.0)	(36.0, 0.005459409291914607)	(37.0, 0.010918818583829214)	(38.0, 0.010918818583829214)	(39.0, 0.03002675110553033)	(40.0, 0.05186438827318879)	(41.0, 0.08871540099361232)	(42.0, 0.11874215209914257)	(43.0, 0.1378500846208437)	(44.0, 0.20882240541573405)	(45.0, 0.26205164601190184)	(46.0, 0.4039962876016796)	(47.0, 0.37806409346508557)	(48.0, 0.5759676802969895)	(49.0, 0.7274662881476242)	(50.0, 3.0763771359939445)	(51.0, 11.150843478736078)	(52.0, 19.911830539935746)	(53.0, 25.97177485395545)	(54.0, 16.114811377411694)	(55.0, 14.228585467054339)	(56.0, 2.907135447944573)	(57.0, 0.661953376644647)	(58.0, 0.3057269203472181)	(59.0, 0.15968772178850227)	(60.0, 0.1201070044221212)	(61.0, 0.08735054867063369)	(62.0, 0.06278320685701802)	(63.0, 0.04231042201233821)	(64.0, 0.06824261614893262)	(65.0, 0.05322924059616744)	(66.0, 0.054594092919146096)	(67.0, 0.11464759513020663)	(68.0, 0.8666812250914505)	(69.0, 0.7738712671288996)	(70.0, 0.12693126603701446)	(71.0, 0.07097232079488992)	(72.0, 0.03412130807446628)	(73.0, 0.013648523229786519)	(74.0, 0.005459409291914607)	(75.0, 0.0)	(76.0, 0.0013648523229786518)	(77.0, 0.0)	(78.0, 0.0)	(79.0, 0.0)	(80.0, 0.0)	(81.0, 0.0)	(82.0, 0.0)	(83.0, 0.0)	(84.0, 0.0)	(85.0, 0.0)	(86.0, 0.0)	(87.0, 0.0)	(88.0, 0.0)	(89.0, 0.0)	(90.0, 0.0)	(91.0, 0.0)	(92.0, 0.0)	(93.0, 0.0)	(94.0, 0.0)	(95.0, 0.0)	(96.0, 0.0)	(97.0, 0.0)	(98.0, 0.0)	(99.0, 0.0)	(100.0, 0.0)
SRR19621187_2	(0.0, 0.0)	(1.0, 0.0)	(2.0, 0.0)	(3.0, 0.0)	(4.0, 0.0)	(5.0, 0.0)	(6.0, 0.0)	(7.0, 0.0)	(8.0, 0.0)	(9.0, 0.0)	(10.0, 0.0)	(11.0, 0.0)	(12.0, 0.0)	(13.0, 0.0)	(14.0, 0.0)	(15.0, 0.0)	(16.0, 0.0)	(17.0, 0.0)	(18.0, 0.0)	(19.0, 0.0)	(20.0, 0.0)	(21.0, 0.0)	(22.0, 0.0)	(23.0, 0.0)	(24.0, 0.0)	(25.0, 0.0)	(26.0, 0.0)	(27.0, 0.0)	(28.0, 0.0)	(29.0, 0.0)	(30.0, 0.0)	(31.0, 0.005249447167594998)	(32.0, 0.003937085375696248)	(33.0, 0.0)	(34.0, 0.0013123617918987494)	(35.0, 0.001968542687848124)	(36.0, 0.001968542687848124)	(37.0, 0.002624723583797499)	(38.0, 0.009842713439240623)	(39.0, 0.025591054942025605)	(40.0, 0.04921356719620312)	(41.0, 0.08005406930582372)	(42.0, 0.12533055112633043)	(43.0, 0.16732612846709066)	(44.0, 0.18701155534557207)	(45.0, 0.20932170580785092)	(46.0, 0.2349127607498767)	(47.0, 0.3845220050263325)	(48.0, 0.5439739627420299)	(49.0, 0.5452863245339288)	(50.0, 0.8445048130868519)	(51.0, 2.345190522123057)	(52.0, 9.655045702999091)	(53.0, 15.281140704871587)	(54.0, 24.524104805207227)	(55.0, 15.501617485910677)	(56.0, 15.290327237414884)	(57.0, 9.895207910916671)	(58.0, 1.1246940556572331)	(59.0, 0.4212681351994968)	(60.0, 0.18635537444962266)	(61.0, 0.12598673202227978)	(62.0, 0.1154878376870898)	(63.0, 0.09711477260050738)	(64.0, 0.08005406930582369)	(65.0, 0.032809044797468725)	(66.0, 0.04462030092455749)	(67.0, 0.08792824005721617)	(68.0, 0.0918653254329124)	(69.0, 0.07480462213822872)	(70.0, 0.10498894335189984)	(71.0, 0.3385893423098768)	(72.0, 0.6824281317873518)	(73.0, 0.3648365781478514)	(74.0, 0.07480462213822872)	(75.0, 0.017060703294683743)	(76.0, 0.003937085375696248)	(77.0, 0.002624723583797499)	(78.0, 0.003937085375696248)	(79.0, 0.0013123617918987494)	(80.0, 0.0013123617918987494)	(81.0, 0.0013123617918987494)	(82.0, 0.0)	(83.0, 0.0)	(84.0, 0.0)	(85.0, 0.0)	(86.0, 0.0)	(87.0, 0.0)	(88.0, 0.0)	(89.0, 0.0)	(90.0, 0.0)	(91.0, 0.0)	(92.0, 0.0)	(93.0, 0.0)	(94.0, 0.0)	(95.0, 0.0)	(96.0, 0.0)	(97.0, 0.0)	(98.0, 0.0)	(99.0, 0.0013123617918987494)	(100.0, 0.001968542687848124)
SRR19621188_1	(0.0, 0.0)	(1.0, 0.0)	(2.0, 0.0)	(3.0, 0.0)	(4.0, 0.0)	(5.0, 0.0)	(6.0, 0.0)	(7.0, 0.0)	(8.0, 0.0)	(9.0, 0.0)	(10.0, 0.0)	(11.0, 0.0)	(12.0, 0.0)	(13.0, 0.0)	(14.0, 0.0)	(15.0, 0.0)	(16.0, 0.0)	(17.0, 0.0)	(18.0, 0.0)	(19.0, 0.0)	(20.0, 0.0)	(21.0, 0.0)	(22.0, 0.0)	(23.0, 0.0)	(24.0, 0.0)	(25.0, 0.0)	(26.0, 0.0)	(27.0, 0.0)	(28.0, 0.0)	(29.0, 0.0)	(30.0, 0.0)	(31.0, 0.0)	(32.0, 0.0022893248780933473)	(33.0, 0.011446624390466736)	(34.0, 0.004578649756186695)	(35.0, 0.0022893248780933473)	(36.0, 0.004578649756186695)	(37.0, 0.0022893248780933473)	(38.0, 0.0022893248780933473)	(39.0, 0.00915729951237339)	(40.0, 0.050365147318053624)	(41.0, 0.07096907122089378)	(42.0, 0.07096907122089378)	(43.0, 0.18543531512556097)	(44.0, 0.23808978732170794)	(45.0, 0.27242966049310835)	(46.0, 0.49678349854625675)	(47.0, 0.5677525697671495)	(48.0, 1.5109544195416222)	(49.0, 2.0626817151621086)	(50.0, 3.8460657951967807)	(51.0, 6.634463496714795)	(52.0, 27.94807811176862)	(53.0, 33.6530757079723)	(54.0, 12.04413818364828)	(55.0, 3.6033973581188588)	(56.0, 0.7852384331860144)	(57.0, 1.1950275863647313)	(58.0, 1.0187495707515384)	(59.0, 0.10988759414848075)	(60.0, 0.06867974634280043)	(61.0, 0.041207847805680244)	(62.0, 0.02060392390284013)	(63.0, 0.05952244683042701)	(64.0, 0.2106178887845877)	(65.0, 0.07325839609898713)	(66.0, 0.03662919804949355)	(67.0, 0.06410109658661373)	(68.0, 0.7348732858679615)	(69.0, 1.8726677502803717)	(70.0, 0.2632723609807349)	(71.0, 0.07325839609898713)	(72.0, 0.03662919804949355)	(73.0, 0.013735949268560083)	(74.0, 0.01602527414665343)	(75.0, 0.006867974634280042)	(76.0, 0.0022893248780933473)	(77.0, 0.0022893248780933473)	(78.0, 0.0)	(79.0, 0.0)	(80.0, 0.0)	(81.0, 0.0)	(82.0, 0.0)	(83.0, 0.0)	(84.0, 0.0)	(85.0, 0.0)	(86.0, 0.0)	(87.0, 0.0)	(88.0, 0.0)	(89.0, 0.0)	(90.0, 0.0)	(91.0, 0.0)	(92.0, 0.0)	(93.0, 0.0)	(94.0, 0.0)	(95.0, 0.0)	(96.0, 0.0)	(97.0, 0.0)	(98.0, 0.0)	(99.0, 0.0)	(100.0, 0.0)
SRR19621188_2	(0.0, 0.0)	(1.0, 0.0)	(2.0, 0.0)	(3.0, 0.0)	(4.0, 0.0)	(5.0, 0.0)	(6.0, 0.0)	(7.0, 0.0)	(8.0, 0.0)	(9.0, 0.0)	(10.0, 0.0)	(11.0, 0.0)	(12.0, 0.0)	(13.0, 0.0)	(14.0, 0.0)	(15.0, 0.0)	(16.0, 0.0)	(17.0, 0.0)	(18.0, 0.0)	(19.0, 0.0)	(20.0, 0.0)	(21.0, 0.0)	(22.0, 0.0)	(23.0, 0.0)	(24.0, 0.0)	(25.0, 0.0)	(26.0, 0.0)	(27.0, 0.0)	(28.0, 0.0)	(29.0, 0.002295842229721868)	(30.0, 0.0)	(31.0, 0.0)	(32.0, 0.002295842229721868)	(33.0, 0.006887526689165604)	(34.0, 0.006887526689165604)	(35.0, 0.002295842229721868)	(36.0, 0.008035447804026537)	(37.0, 0.01721881672291401)	(38.0, 0.018366737837774944)	(39.0, 0.02640218564180149)	(40.0, 0.07117110912137792)	(41.0, 0.13430677043872927)	(42.0, 0.14808182381706042)	(43.0, 0.09986913699290133)	(44.0, 0.17104024611427907)	(45.0, 0.21695709070871624)	(46.0, 0.2858323576003727)	(47.0, 0.621025323139764)	(48.0, 1.0285373189153961)	(49.0, 1.5496935050622749)	(50.0, 2.6941708565785794)	(51.0, 3.9224464494797764)	(52.0, 5.275845443900971)	(53.0, 25.568794912416376)	(54.0, 32.681314140091864)	(55.0, 11.14631402529906)	(56.0, 5.448033611130131)	(57.0, 2.371605023302675)	(58.0, 0.4683518148632619)	(59.0, 0.22728838074246466)	(60.0, 0.9183368918887432)	(61.0, 1.0606791101315032)	(62.0, 0.18137153614802742)	(63.0, 0.05280437128360294)	(64.0, 0.05739605574304669)	(65.0, 0.043621002364715486)	(66.0, 0.15611727162108693)	(67.0, 0.21351332736413345)	(68.0, 0.06887526689165605)	(69.0, 0.05739605574304669)	(70.0, 0.1124962692563716)	(71.0, 0.41554744357965917)	(72.0, 1.7310650412103077)	(73.0, 0.5464104506738043)	(74.0, 0.11938379594553718)	(75.0, 0.025254264526940552)	(76.0, 0.013775053378331207)	(77.0, 0.002295842229721868)	(78.0, 0.0)	(79.0, 0.0)	(80.0, 0.0)	(81.0, 0.0)	(82.0, 0.0)	(83.0, 0.0)	(84.0, 0.0)	(85.0, 0.002295842229721868)	(86.0, 0.0)	(87.0, 0.0)	(88.0, 0.0)	(89.0, 0.0)	(90.0, 0.0)	(91.0, 0.0)	(92.0, 0.0)	(93.0, 0.0)	(94.0, 0.0)	(95.0, 0.0)	(96.0, 0.0)	(97.0, 0.0)	(98.0, 0.0)	(99.0, 0.0)	(100.0, 0.0)
SRR19621189_1	(0.0, 0.0)	(1.0, 0.0)	(2.0, 0.0)	(3.0, 0.0)	(4.0, 0.0)	(5.0, 0.0)	(6.0, 0.0)	(7.0, 0.0)	(8.0, 0.0)	(9.0, 0.0)	(10.0, 0.0)	(11.0, 0.0)	(12.0, 0.0)	(13.0, 0.0)	(14.0, 0.0)	(15.0, 0.0)	(16.0, 0.0)	(17.0, 0.0)	(18.0, 0.0)	(19.0, 0.0)	(20.0, 0.0)	(21.0, 0.0)	(22.0, 0.0)	(23.0, 0.0)	(24.0, 0.0)	(25.0, 0.0)	(26.0, 0.0)	(27.0, 0.0)	(28.0, 0.0)	(29.0, 0.0)	(30.0, 0.0)	(31.0, 0.0)	(32.0, 0.0)	(33.0, 0.0)	(34.0, 0.0)	(35.0, 0.0)	(36.0, 0.005006675567422813)	(37.0, 0.010013351134845626)	(38.0, 0.015020026702268442)	(39.0, 0.02336448598130646)	(40.0, 0.06675567423230422)	(41.0, 0.12683578104137783)	(42.0, 0.14352469959945383)	(43.0, 0.18024032042722118)	(44.0, 0.23698264352468015)	(45.0, 0.32710280373829126)	(46.0, 0.854472630173496)	(47.0, 0.8027369826434587)	(48.0, 0.7059412550066149)	(49.0, 1.3384512683577101)	(50.0, 7.469959946594537)	(51.0, 18.58144192256472)	(52.0, 15.689252336448828)	(53.0, 17.20460614152282)	(54.0, 17.293057409880667)	(55.0, 11.485313751667562)	(56.0, 4.020360480640626)	(57.0, 1.0831108144191441)	(58.0, 0.8611481975967265)	(59.0, 0.7359813084111526)	(60.0, 0.24532710280371822)	(61.0, 0.09679572763684105)	(62.0, 0.063417890520689)	(63.0, 0.050066755674228136)	(64.0, 0.08678237650199547)	(65.0, 0.10013351134845626)	(66.0, 0.04672897196261292)	(67.0, 0.020026702269691252)	(68.0, 0.005006675567422813)	(69.0, 0.003337783711615209)	(70.0, 0.005006675567422813)	(71.0, 0.005006675567422813)	(72.0, 0.005006675567422813)	(73.0, 0.005006675567422813)	(74.0, 0.0016688918558076045)	(75.0, 0.0)	(76.0, 0.0)	(77.0, 0.0)	(78.0, 0.0)	(79.0, 0.0)	(80.0, 0.0)	(81.0, 0.0)	(82.0, 0.0)	(83.0, 0.0)	(84.0, 0.0)	(85.0, 0.0)	(86.0, 0.0)	(87.0, 0.0)	(88.0, 0.0)	(89.0, 0.0)	(90.0, 0.0)	(91.0, 0.0)	(92.0, 0.0)	(93.0, 0.0)	(94.0, 0.0)	(95.0, 0.0)	(96.0, 0.0)	(97.0, 0.0)	(98.0, 0.0)	(99.0, 0.0)	(100.0, 0.0)
SRR19621189_2	(0.0, 0.0)	(1.0, 0.0)	(2.0, 0.0)	(3.0, 0.0)	(4.0, 0.0)	(5.0, 0.0)	(6.0, 0.0)	(7.0, 0.0)	(8.0, 0.0)	(9.0, 0.0)	(10.0, 0.0)	(11.0, 0.0)	(12.0, 0.0)	(13.0, 0.0)	(14.0, 0.0)	(15.0, 0.0)	(16.0, 0.0)	(17.0, 0.0)	(18.0, 0.0)	(19.0, 0.0)	(20.0, 0.0)	(21.0, 0.0)	(22.0, 0.0)	(23.0, 0.0)	(24.0, 0.0)	(25.0, 0.0)	(26.0, 0.0)	(27.0, 0.0)	(28.0, 0.0)	(29.0, 0.0)	(30.0, 0.0)	(31.0, 0.0)	(32.0, 0.0)	(33.0, 0.0)	(34.0, 0.0)	(35.0, 0.0)	(36.0, 0.0016996685646298517)	(37.0, 0.006798674258519407)	(38.0, 0.01019801138777911)	(39.0, 0.03824254270417165)	(40.0, 0.080734256819918)	(41.0, 0.12407580521797909)	(42.0, 0.158069176510576)	(43.0, 0.20141072490863746)	(44.0, 0.22860542194271521)	(45.0, 0.2396532676128094)	(46.0, 0.35013172431374995)	(47.0, 1.0359479901419018)	(48.0, 0.759751848389543)	(49.0, 1.4413189428061213)	(50.0, 5.035268122716151)	(51.0, 12.473867595818454)	(52.0, 10.944165887650891)	(53.0, 12.820599983003103)	(54.0, 14.50497153055205)	(55.0, 16.632956573469592)	(56.0, 12.92937877113946)	(57.0, 5.760176765530681)	(58.0, 1.3223421432820384)	(59.0, 0.4402141582391308)	(60.0, 0.5982833347497047)	(61.0, 0.625478031783782)	(62.0, 0.6288773689130417)	(63.0, 0.20226055919095237)	(64.0, 0.10028044531316124)	(65.0, 0.050990056938895544)	(66.0, 0.0526897255035254)	(67.0, 0.11047845670094031)	(68.0, 0.04419138268037613)	(69.0, 0.02379535990481792)	(70.0, 0.013597348517038813)	(71.0, 0.0016996685646298517)	(72.0, 0.0)	(73.0, 0.0016996685646298517)	(74.0, 0.0)	(75.0, 0.0)	(76.0, 0.0)	(77.0, 0.0)	(78.0, 0.0)	(79.0, 0.0)	(80.0, 0.0)	(81.0, 0.0016996685646298517)	(82.0, 0.0016996685646298517)	(83.0, 0.0)	(84.0, 0.0)	(85.0, 0.0)	(86.0, 0.0)	(87.0, 0.0)	(88.0, 0.0)	(89.0, 0.0)	(90.0, 0.0)	(91.0, 0.0)	(92.0, 0.0)	(93.0, 0.0)	(94.0, 0.0)	(95.0, 0.0)	(96.0, 0.0)	(97.0, 0.0)	(98.0, 0.0)	(99.0, 0.0016996685646298517)	(100.0, 0.0)
SRR19621190_1	(0.0, 0.0)	(1.0, 0.0)	(2.0, 0.0)	(3.0, 0.0)	(4.0, 0.0)	(5.0, 0.0)	(6.0, 0.0)	(7.0, 0.0)	(8.0, 0.0)	(9.0, 0.0)	(10.0, 0.0)	(11.0, 0.0)	(12.0, 0.0)	(13.0, 0.0)	(14.0, 0.0)	(15.0, 0.0)	(16.0, 0.0)	(17.0, 0.0)	(18.0, 0.0)	(19.0, 0.0)	(20.0, 0.0)	(21.0, 0.0)	(22.0, 0.0)	(23.0, 0.0)	(24.0, 0.0)	(25.0, 0.0)	(26.0, 0.0)	(27.0, 0.0)	(28.0, 0.0)	(29.0, 0.0)	(30.0, 0.0)	(31.0, 0.0)	(32.0, 0.0)	(33.0, 0.0)	(34.0, 0.0)	(35.0, 0.0)	(36.0, 0.0026589380201545564)	(37.0, 0.010635752080618226)	(38.0, 0.013294690100772784)	(39.0, 0.029248318221700112)	(40.0, 0.04786088436278204)	(41.0, 0.08641548565502306)	(42.0, 0.08508601664494579)	(43.0, 0.1542184051689643)	(44.0, 0.18745513042089648)	(45.0, 0.24595176686429712)	(46.0, 0.691323885240187)	(47.0, 1.4690632561353787)	(48.0, 1.208487330160247)	(49.0, 2.1125262570127568)	(50.0, 8.335770693183868)	(51.0, 12.523598074929199)	(52.0, 15.02299981387562)	(53.0, 19.692094977264567)	(54.0, 16.476109441890554)	(55.0, 13.32659735701624)	(56.0, 2.996623148714247)	(57.0, 1.726980244090356)	(58.0, 1.7788295354833668)	(59.0, 1.019702730729284)	(60.0, 0.28051796112630606)	(61.0, 0.14890052912865515)	(62.0, 0.08508601664494579)	(63.0, 0.05450822941316844)	(64.0, 0.059826105453477565)	(65.0, 0.03988407030231835)	(66.0, 0.03057778723177739)	(67.0, 0.026589380201545557)	(68.0, 0.011965221090695505)	(69.0, 0.005317876040309113)	(70.0, 0.005317876040309113)	(71.0, 0.003988407030231835)	(72.0, 0.0013294690100772782)	(73.0, 0.0013294690100772782)	(74.0, 0.0013294690100772782)	(75.0, 0.0)	(76.0, 0.0)	(77.0, 0.0)	(78.0, 0.0)	(79.0, 0.0)	(80.0, 0.0)	(81.0, 0.0)	(82.0, 0.0)	(83.0, 0.0)	(84.0, 0.0)	(85.0, 0.0)	(86.0, 0.0)	(87.0, 0.0)	(88.0, 0.0)	(89.0, 0.0)	(90.0, 0.0)	(91.0, 0.0)	(92.0, 0.0)	(93.0, 0.0)	(94.0, 0.0)	(95.0, 0.0)	(96.0, 0.0)	(97.0, 0.0)	(98.0, 0.0)	(99.0, 0.0)	(100.0, 0.0)
SRR19621190_2	(0.0, 0.0)	(1.0, 0.0)	(2.0, 0.0)	(3.0, 0.0)	(4.0, 0.0)	(5.0, 0.0)	(6.0, 0.0)	(7.0, 0.0)	(8.0, 0.0)	(9.0, 0.0)	(10.0, 0.0)	(11.0, 0.0)	(12.0, 0.0)	(13.0, 0.0)	(14.0, 0.0)	(15.0, 0.0)	(16.0, 0.0)	(17.0, 0.0)	(18.0, 0.0)	(19.0, 0.0)	(20.0, 0.0)	(21.0, 0.0)	(22.0, 0.0)	(23.0, 0.0)	(24.0, 0.0)	(25.0, 0.0)	(26.0, 0.0)	(27.0, 0.0)	(28.0, 0.0)	(29.0, 0.0)	(30.0, 0.0)	(31.0, 0.0)	(32.0, 0.0)	(33.0, 0.0)	(34.0, 0.0013104785867798282)	(35.0, 0.0013104785867798282)	(36.0, 0.0013104785867798282)	(37.0, 0.0026209571735596564)	(38.0, 0.00982858940084871)	(39.0, 0.03145148608271586)	(40.0, 0.068800125805941)	(41.0, 0.0799391937935695)	(42.0, 0.09959637259526682)	(43.0, 0.1356345337317121)	(44.0, 0.160533626880529)	(45.0, 0.18412224144256606)	(46.0, 0.2614404780625762)	(47.0, 0.9016092677045302)	(48.0, 1.6341667977144214)	(49.0, 1.7324526917229028)	(50.0, 6.119935000261504)	(51.0, 8.54563086439075)	(52.0, 8.60329192220909)	(53.0, 10.672537610735379)	(54.0, 17.011322534991052)	(55.0, 16.66863238454844)	(56.0, 13.562798133879605)	(57.0, 7.092310111651915)	(58.0, 1.3799339518791491)	(59.0, 0.503223777323451)	(60.0, 1.296063322325245)	(61.0, 1.647271583582219)	(62.0, 0.9173350107458886)	(63.0, 0.2686481102898652)	(64.0, 0.1638098233474786)	(65.0, 0.04455627195051416)	(66.0, 0.03931435760339484)	(67.0, 0.06945536509933091)	(68.0, 0.032761964669495686)	(69.0, 0.01834670021491759)	(70.0, 0.020967657388477244)	(71.0, 0.010483828694238626)	(72.0, 0.0013104785867798282)	(73.0, 0.0)	(74.0, 0.0)	(75.0, 0.0)	(76.0, 0.0)	(77.0, 0.0)	(78.0, 0.0)	(79.0, 0.0)	(80.0, 0.0)	(81.0, 0.0)	(82.0, 0.0013104785867798282)	(83.0, 0.0)	(84.0, 0.0)	(85.0, 0.0)	(86.0, 0.0)	(87.0, 0.0)	(88.0, 0.0)	(89.0, 0.0)	(90.0, 0.0)	(91.0, 0.0)	(92.0, 0.0)	(93.0, 0.0)	(94.0, 0.0013104785867798282)	(95.0, 0.0013104785867798282)	(96.0, 0.0)	(97.0, 0.0)	(98.0, 0.0)	(99.0, 0.0)	(100.0, 0.0)
SRR19621191_1	(0.0, 0.0)	(1.0, 0.0)	(2.0, 0.0)	(3.0, 0.0)	(4.0, 0.0)	(5.0, 0.0)	(6.0, 0.0)	(7.0, 0.0)	(8.0, 0.0)	(9.0, 0.0)	(10.0, 0.0)	(11.0, 0.0)	(12.0, 0.0)	(13.0, 0.0)	(14.0, 0.0)	(15.0, 0.0)	(16.0, 0.0)	(17.0, 0.0)	(18.0, 0.0)	(19.0, 0.0)	(20.0, 0.0)	(21.0, 0.0)	(22.0, 0.0)	(23.0, 0.0)	(24.0, 0.0)	(25.0, 0.0)	(26.0, 0.0)	(27.0, 0.0)	(28.0, 0.0)	(29.0, 0.0)	(30.0, 0.0)	(31.0, 0.0)	(32.0, 0.0)	(33.0, 0.0)	(34.0, 0.0)	(35.0, 0.001365224989078097)	(36.0, 0.002730449978156194)	(37.0, 0.001365224989078097)	(38.0, 0.008191349934468581)	(39.0, 0.02047837483617145)	(40.0, 0.04095674967234291)	(41.0, 0.06826124945390488)	(42.0, 0.11331367409348192)	(43.0, 0.12150502402795046)	(44.0, 0.1324268239405752)	(45.0, 0.37953254696371)	(46.0, 1.6369047619046166)	(47.0, 2.522935779816324)	(48.0, 2.1925513324593866)	(49.0, 1.6341743119264607)	(50.0, 3.5700633464393428)	(51.0, 9.856924421143765)	(52.0, 16.373143294016483)	(53.0, 19.67425731760487)	(54.0, 18.35408475316755)	(55.0, 15.712374399302384)	(56.0, 3.7516382699867505)	(57.0, 1.3283639143729844)	(58.0, 1.2519113149846153)	(59.0, 0.8218654434250197)	(60.0, 0.1733835736129184)	(61.0, 0.07508737439929535)	(62.0, 0.030034949759718124)	(63.0, 0.028669724770640025)	(64.0, 0.04778287461773341)	(65.0, 0.03959152468326481)	(66.0, 0.019113149847093353)	(67.0, 0.006826124945390484)	(68.0, 0.001365224989078097)	(69.0, 0.005460899956312388)	(70.0, 0.001365224989078097)	(71.0, 0.0)	(72.0, 0.0)	(73.0, 0.0)	(74.0, 0.0)	(75.0, 0.0)	(76.0, 0.0)	(77.0, 0.0)	(78.0, 0.0)	(79.0, 0.0)	(80.0, 0.0)	(81.0, 0.0)	(82.0, 0.0)	(83.0, 0.0)	(84.0, 0.0)	(85.0, 0.0)	(86.0, 0.0)	(87.0, 0.0)	(88.0, 0.0)	(89.0, 0.0)	(90.0, 0.0)	(91.0, 0.0)	(92.0, 0.0)	(93.0, 0.0)	(94.0, 0.0)	(95.0, 0.0)	(96.0, 0.0)	(97.0, 0.0)	(98.0, 0.0)	(99.0, 0.0)	(100.0, 0.0)
SRR19621191_2	(0.0, 0.0)	(1.0, 0.0)	(2.0, 0.0)	(3.0, 0.0)	(4.0, 0.0)	(5.0, 0.0)	(6.0, 0.0)	(7.0, 0.0)	(8.0, 0.0)	(9.0, 0.0)	(10.0, 0.0)	(11.0, 0.0)	(12.0, 0.0)	(13.0, 0.0)	(14.0, 0.0)	(15.0, 0.0)	(16.0, 0.0)	(17.0, 0.0)	(18.0, 0.0)	(19.0, 0.0)	(20.0, 0.0)	(21.0, 0.0)	(22.0, 0.0)	(23.0, 0.0)	(24.0, 0.0)	(25.0, 0.0)	(26.0, 0.0)	(27.0, 0.0)	(28.0, 0.0)	(29.0, 0.0)	(30.0, 0.0)	(31.0, 0.0)	(32.0, 0.0)	(33.0, 0.0)	(34.0, 0.0)	(35.0, 0.0013573125212079406)	(36.0, 0.002714625042415881)	(37.0, 0.0013573125212079406)	(38.0, 0.006786562606039702)	(39.0, 0.025788937902950865)	(40.0, 0.05022056328469382)	(41.0, 0.0841533763148923)	(42.0, 0.0963691890057637)	(43.0, 0.12894468951475418)	(44.0, 0.15473362741770524)	(45.0, 0.1662707838479728)	(46.0, 0.3759755683745986)	(47.0, 2.4832032575499254)	(48.0, 2.4017645062774395)	(49.0, 1.4753987105530186)	(50.0, 2.479131319986301)	(51.0, 5.123854767559948)	(52.0, 7.7801153715632845)	(53.0, 11.869697997964288)	(54.0, 18.730912792670747)	(55.0, 18.558534102477495)	(56.0, 16.081438751274444)	(57.0, 6.926365795723684)	(58.0, 1.4862572107226815)	(59.0, 0.37869019341701443)	(60.0, 0.8184594502883936)	(61.0, 1.0627757041058281)	(62.0, 0.8252460128944336)	(63.0, 0.19138106549031986)	(64.0, 0.08551068883610023)	(65.0, 0.025788937902950865)	(66.0, 0.024431625381742927)	(67.0, 0.04479131319986205)	(68.0, 0.027146250424158802)	(69.0, 0.006786562606039702)	(70.0, 0.005429250084831762)	(71.0, 0.0013573125212079406)	(72.0, 0.0013573125212079406)	(73.0, 0.0)	(74.0, 0.002714625042415881)	(75.0, 0.002714625042415881)	(76.0, 0.0013573125212079406)	(77.0, 0.0)	(78.0, 0.0)	(79.0, 0.0)	(80.0, 0.0)	(81.0, 0.0)	(82.0, 0.0)	(83.0, 0.0)	(84.0, 0.0)	(85.0, 0.0)	(86.0, 0.0)	(87.0, 0.0)	(88.0, 0.0)	(89.0, 0.0)	(90.0, 0.0)	(91.0, 0.0)	(92.0, 0.0)	(93.0, 0.0)	(94.0, 0.0)	(95.0, 0.0)	(96.0, 0.0)	(97.0, 0.0013573125212079406)	(98.0, 0.0013573125212079406)	(99.0, 0.0)	(100.0, 0.0)
SRR19621192_1	(0.0, 0.0)	(1.0, 0.0)	(2.0, 0.0)	(3.0, 0.0)	(4.0, 0.0)	(5.0, 0.0)	(6.0, 0.0)	(7.0, 0.0)	(8.0, 0.0)	(9.0, 0.0)	(10.0, 0.0)	(11.0, 0.0)	(12.0, 0.0)	(13.0, 0.0)	(14.0, 0.0)	(15.0, 0.0)	(16.0, 0.0)	(17.0, 0.0)	(18.0, 0.0)	(19.0, 0.0)	(20.0, 0.0)	(21.0, 0.0)	(22.0, 0.0)	(23.0, 0.0)	(24.0, 0.0)	(25.0, 0.0)	(26.0, 0.0)	(27.0, 0.0)	(28.0, 0.0)	(29.0, 0.0)	(30.0, 0.0)	(31.0, 0.0)	(32.0, 0.0)	(33.0, 0.0012435336251492403)	(34.0, 0.0012435336251492403)	(35.0, 0.0012435336251492403)	(36.0, 0.0012435336251492403)	(37.0, 0.0024870672502984807)	(38.0, 0.00746120175089544)	(39.0, 0.02984480700358175)	(40.0, 0.06342021488261128)	(41.0, 0.08207321925984981)	(42.0, 0.1057003581376853)	(43.0, 0.14300636689216262)	(44.0, 0.20145244727417735)	(45.0, 0.7038400318344737)	(46.0, 2.7768105849583087)	(47.0, 2.8551532033427196)	(48.0, 2.023229208117783)	(49.0, 1.5656088340628698)	(50.0, 4.735376044568272)	(51.0, 10.650865499403917)	(52.0, 19.177775567050816)	(53.0, 20.999552327892797)	(54.0, 18.105849582173146)	(55.0, 11.0798846000806)	(56.0, 3.133704735376181)	(57.0, 0.6640469558296969)	(58.0, 0.23005372065261007)	(59.0, 0.11191802626343149)	(60.0, 0.0920214882610437)	(61.0, 0.1579287703939536)	(62.0, 0.09326502188619294)	(63.0, 0.06342021488261128)	(64.0, 0.0708814166335067)	(65.0, 0.03606247512932797)	(66.0, 0.012435336251492403)	(67.0, 0.0024870672502984807)	(68.0, 0.00746120175089544)	(69.0, 0.00746120175089544)	(70.0, 0.0024870672502984807)	(71.0, 0.0)	(72.0, 0.0)	(73.0, 0.0)	(74.0, 0.0)	(75.0, 0.0)	(76.0, 0.0)	(77.0, 0.0)	(78.0, 0.0)	(79.0, 0.0)	(80.0, 0.0)	(81.0, 0.0)	(82.0, 0.0)	(83.0, 0.0)	(84.0, 0.0)	(85.0, 0.0)	(86.0, 0.0)	(87.0, 0.0)	(88.0, 0.0)	(89.0, 0.0)	(90.0, 0.0)	(91.0, 0.0)	(92.0, 0.0)	(93.0, 0.0)	(94.0, 0.0)	(95.0, 0.0)	(96.0, 0.0)	(97.0, 0.0)	(98.0, 0.0)	(99.0, 0.0)	(100.0, 0.0)
SRR19621192_2	(0.0, 0.0)	(1.0, 0.0)	(2.0, 0.0)	(3.0, 0.0)	(4.0, 0.0)	(5.0, 0.0)	(6.0, 0.0)	(7.0, 0.0)	(8.0, 0.0)	(9.0, 0.0)	(10.0, 0.0)	(11.0, 0.0)	(12.0, 0.0)	(13.0, 0.0)	(14.0, 0.0)	(15.0, 0.0)	(16.0, 0.0)	(17.0, 0.0)	(18.0, 0.0)	(19.0, 0.0)	(20.0, 0.0)	(21.0, 0.0)	(22.0, 0.0)	(23.0, 0.0)	(24.0, 0.0)	(25.0, 0.0)	(26.0, 0.0)	(27.0, 0.0)	(28.0, 0.0)	(29.0, 0.0)	(30.0, 0.0)	(31.0, 0.0)	(32.0, 0.0)	(33.0, 0.0)	(34.0, 0.0012660792059151298)	(35.0, 0.0)	(36.0, 0.006330396029575649)	(37.0, 0.01392687126506643)	(38.0, 0.015192950470981558)	(39.0, 0.02532158411830259)	(40.0, 0.0690013167223746)	(41.0, 0.10824977210574349)	(42.0, 0.09748809885546492)	(43.0, 0.1550947027246035)	(44.0, 0.21080218778486956)	(45.0, 0.20890306897599686)	(46.0, 0.8204193254330109)	(47.0, 3.423478172794635)	(48.0, 2.9132482528107797)	(49.0, 1.6193153043654256)	(50.0, 1.9636888483743242)	(51.0, 4.694621695533295)	(52.0, 7.203990681656512)	(53.0, 16.724906310140632)	(54.0, 23.84913400181859)	(55.0, 17.485819912894936)	(56.0, 12.722829940242681)	(57.0, 3.9564975184849422)	(58.0, 0.7393902562544402)	(59.0, 0.2164995442114877)	(60.0, 0.13673655423883394)	(61.0, 0.11268104932644642)	(62.0, 0.0721665147371624)	(63.0, 0.07469867314899264)	(64.0, 0.18484756406360925)	(65.0, 0.046844930618859824)	(66.0, 0.02658766332421772)	(67.0, 0.06077180188392628)	(68.0, 0.021523346500557202)	(69.0, 0.0025321584118302596)	(70.0, 0.0012660792059151298)	(71.0, 0.0)	(72.0, 0.005064316823660519)	(73.0, 0.0)	(74.0, 0.0)	(75.0, 0.0)	(76.0, 0.0)	(77.0, 0.0)	(78.0, 0.0)	(79.0, 0.0)	(80.0, 0.0012660792059151298)	(81.0, 0.0)	(82.0, 0.0)	(83.0, 0.0)	(84.0, 0.0)	(85.0, 0.0)	(86.0, 0.0)	(87.0, 0.0)	(88.0, 0.0)	(89.0, 0.0)	(90.0, 0.0)	(91.0, 0.0)	(92.0, 0.0)	(93.0, 0.0012660792059151298)	(94.0, 0.0025321584118302596)	(95.0, 0.0)	(96.0, 0.0)	(97.0, 0.0)	(98.0, 0.0)	(99.0, 0.0)	(100.0, 0.0037982376177453894)
SRR19621193_1	(0.0, 0.0)	(1.0, 0.0)	(2.0, 0.0)	(3.0, 0.0)	(4.0, 0.0)	(5.0, 0.0)	(6.0, 0.0)	(7.0, 0.0)	(8.0, 0.0)	(9.0, 0.0)	(10.0, 0.0)	(11.0, 0.0)	(12.0, 0.0)	(13.0, 0.0)	(14.0, 0.0)	(15.0, 0.0)	(16.0, 0.0)	(17.0, 0.0)	(18.0, 0.0)	(19.0, 0.0)	(20.0, 0.0)	(21.0, 0.0014556252638321843)	(22.0, 0.0)	(23.0, 0.0)	(24.0, 0.0)	(25.0, 0.0)	(26.0, 0.0)	(27.0, 0.0)	(28.0, 0.0)	(29.0, 0.0014556252638321843)	(30.0, 0.0014556252638321843)	(31.0, 0.0)	(32.0, 0.0)	(33.0, 0.0)	(34.0, 0.0)	(35.0, 0.0014556252638321843)	(36.0, 0.004366875791496553)	(37.0, 0.004366875791496553)	(38.0, 0.007278126319160922)	(39.0, 0.024745629485147125)	(40.0, 0.05822501055328741)	(41.0, 0.07132563792777707)	(42.0, 0.10043814320442065)	(43.0, 0.17030815586836556)	(44.0, 0.17613065692369437)	(45.0, 0.41776445071983576)	(46.0, 2.001484737769216)	(47.0, 2.8734042708047536)	(48.0, 0.9840026783505657)	(49.0, 0.7292682571799259)	(50.0, 3.138328068822241)	(51.0, 7.2286350601902045)	(52.0, 18.27974206320747)	(53.0, 35.8928077555612)	(54.0, 17.748438841909014)	(55.0, 5.943317952226677)	(56.0, 1.8107978282072106)	(57.0, 1.0975414489294792)	(58.0, 0.7642032635118995)	(59.0, 0.15720752849387581)	(60.0, 0.10480501899591721)	(61.0, 0.06404751160861616)	(62.0, 0.032023755804308045)	(63.0, 0.017467503165986213)	(64.0, 0.018923128429818397)	(65.0, 0.026201254748979313)	(66.0, 0.017467503165986213)	(67.0, 0.007278126319160922)	(68.0, 0.005822501055328737)	(69.0, 0.010189376846825289)	(70.0, 0.004366875791496553)	(71.0, 0.0014556252638321843)	(72.0, 0.0)	(73.0, 0.0)	(74.0, 0.0)	(75.0, 0.0)	(76.0, 0.0)	(77.0, 0.0)	(78.0, 0.0)	(79.0, 0.0)	(80.0, 0.0)	(81.0, 0.0)	(82.0, 0.0)	(83.0, 0.0)	(84.0, 0.0)	(85.0, 0.0)	(86.0, 0.0)	(87.0, 0.0)	(88.0, 0.0)	(89.0, 0.0)	(90.0, 0.0)	(91.0, 0.0)	(92.0, 0.0)	(93.0, 0.0)	(94.0, 0.0)	(95.0, 0.0)	(96.0, 0.0)	(97.0, 0.0)	(98.0, 0.0)	(99.0, 0.0)	(100.0, 0.0)
SRR19621193_2	(0.0, 0.0)	(1.0, 0.0)	(2.0, 0.0)	(3.0, 0.0)	(4.0, 0.0)	(5.0, 0.0)	(6.0, 0.0)	(7.0, 0.0)	(8.0, 0.0)	(9.0, 0.0)	(10.0, 0.0)	(11.0, 0.0)	(12.0, 0.0)	(13.0, 0.0)	(14.0, 0.0)	(15.0, 0.0)	(16.0, 0.0)	(17.0, 0.0)	(18.0, 0.0)	(19.0, 0.0)	(20.0, 0.0)	(21.0, 0.0)	(22.0, 0.0)	(23.0, 0.0)	(24.0, 0.0)	(25.0, 0.0)	(26.0, 0.0)	(27.0, 0.0014703071471631214)	(28.0, 0.0)	(29.0, 0.0)	(30.0, 0.0)	(31.0, 0.0)	(32.0, 0.0014703071471631214)	(33.0, 0.0014703071471631214)	(34.0, 0.0)	(35.0, 0.0014703071471631214)	(36.0, 0.0)	(37.0, 0.005881228588652486)	(38.0, 0.005881228588652486)	(39.0, 0.01764368576595746)	(40.0, 0.06175290018085114)	(41.0, 0.08674812168262416)	(42.0, 0.0860129681090426)	(43.0, 0.1374737182597517)	(44.0, 0.17202593621808523)	(45.0, 0.18819931483687968)	(46.0, 0.5601870230691461)	(47.0, 2.045932395277444)	(48.0, 2.740652522312062)	(49.0, 1.0556805316631321)	(50.0, 0.9380559598900791)	(51.0, 3.4353726493467165)	(52.0, 6.191463396703729)	(53.0, 16.837957449314793)	(54.0, 33.19806507578565)	(55.0, 18.315616132214068)	(56.0, 8.14991251672456)	(57.0, 3.067060708982312)	(58.0, 0.7057474306382991)	(59.0, 0.2984723508741142)	(60.0, 0.6689897519592201)	(61.0, 0.6983958949024833)	(62.0, 0.12056518606737585)	(63.0, 0.049990443003546145)	(64.0, 0.05587167159219864)	(65.0, 0.024995221501773062)	(66.0, 0.011762457177304972)	(67.0, 0.027935835796099304)	(68.0, 0.008821842882978728)	(69.0, 0.002940614294326243)	(70.0, 0.0)	(71.0, 0.0014703071471631214)	(72.0, 0.002940614294326243)	(73.0, 0.0)	(74.0, 0.0)	(75.0, 0.0)	(76.0, 0.0)	(77.0, 0.0)	(78.0, 0.0)	(79.0, 0.0)	(80.0, 0.0014703071471631214)	(81.0, 0.0)	(82.0, 0.0)	(83.0, 0.0)	(84.0, 0.0)	(85.0, 0.0014703071471631214)	(86.0, 0.0014703071471631214)	(87.0, 0.0014703071471631214)	(88.0, 0.002940614294326243)	(89.0, 0.0014703071471631214)	(90.0, 0.0)	(91.0, 0.0014703071471631214)	(92.0, 0.0014703071471631214)	(93.0, 0.0)	(94.0, 0.0014703071471631214)	(95.0, 0.0)	(96.0, 0.0014703071471631214)	(97.0, 0.0014703071471631214)	(98.0, 0.0)	(99.0, 0.0)	(100.0, 0.0)
SRR19621194_1	(0.0, 0.0)	(1.0, 0.0)	(2.0, 0.0)	(3.0, 0.0)	(4.0, 0.0)	(5.0, 0.0)	(6.0, 0.0)	(7.0, 0.0)	(8.0, 0.0)	(9.0, 0.0)	(10.0, 0.0)	(11.0, 0.0)	(12.0, 0.0)	(13.0, 0.0)	(14.0, 0.0)	(15.0, 0.0)	(16.0, 0.0)	(17.0, 0.0)	(18.0, 0.0)	(19.0, 0.0)	(20.0, 0.0)	(21.0, 0.0)	(22.0, 0.0)	(23.0, 0.0)	(24.0, 0.0)	(25.0, 0.0)	(26.0, 0.0)	(27.0, 0.0)	(28.0, 0.0)	(29.0, 0.0)	(30.0, 0.0)	(31.0, 0.0)	(32.0, 0.0)	(33.0, 0.0)	(34.0, 0.0)	(35.0, 0.0)	(36.0, 0.0)	(37.0, 0.00325513769232444)	(38.0, 0.014105596666739242)	(39.0, 0.032551376923244404)	(40.0, 0.05642238666695699)	(41.0, 0.06076257025672289)	(42.0, 0.09548403897485012)	(43.0, 0.1345456912827436)	(44.0, 0.18120266487272757)	(45.0, 0.2148390876934135)	(46.0, 0.5609687289772469)	(47.0, 0.7508517610295113)	(48.0, 0.6586228597469829)	(49.0, 0.8116143312862358)	(50.0, 3.2410320956578422)	(51.0, 6.962739523881506)	(52.0, 18.592261452657404)	(53.0, 33.81762548556191)	(54.0, 19.18035632907015)	(55.0, 9.041687463380327)	(56.0, 3.548100084633742)	(57.0, 1.0101777305180173)	(58.0, 0.3602352379505698)	(59.0, 0.11718495692367979)	(60.0, 0.10307936025694046)	(61.0, 0.13888587487250953)	(62.0, 0.08137844230811095)	(63.0, 0.037976606410451814)	(64.0, 0.08897376359020127)	(65.0, 0.06944293743625471)	(66.0, 0.0162756884616222)	(67.0, 0.00651027538464888)	(68.0, 0.00434018358976592)	(69.0, 0.00434018358976592)	(70.0, 0.00108504589744148)	(71.0, 0.0)	(72.0, 0.0)	(73.0, 0.0)	(74.0, 0.0)	(75.0, 0.0)	(76.0, 0.0)	(77.0, 0.00108504589744148)	(78.0, 0.0)	(79.0, 0.0)	(80.0, 0.0)	(81.0, 0.0)	(82.0, 0.0)	(83.0, 0.0)	(84.0, 0.0)	(85.0, 0.0)	(86.0, 0.0)	(87.0, 0.0)	(88.0, 0.0)	(89.0, 0.0)	(90.0, 0.0)	(91.0, 0.0)	(92.0, 0.0)	(93.0, 0.0)	(94.0, 0.0)	(95.0, 0.0)	(96.0, 0.0)	(97.0, 0.0)	(98.0, 0.0)	(99.0, 0.0)	(100.0, 0.0)
SRR19621194_2	(0.0, 0.0)	(1.0, 0.0)	(2.0, 0.0)	(3.0, 0.0)	(4.0, 0.0)	(5.0, 0.0)	(6.0, 0.0)	(7.0, 0.0)	(8.0, 0.0)	(9.0, 0.0)	(10.0, 0.0)	(11.0, 0.0)	(12.0, 0.0)	(13.0, 0.0)	(14.0, 0.0)	(15.0, 0.0)	(16.0, 0.0)	(17.0, 0.0)	(18.0, 0.0)	(19.0, 0.0)	(20.0, 0.0)	(21.0, 0.0)	(22.0, 0.0)	(23.0, 0.0)	(24.0, 0.0)	(25.0, 0.0)	(26.0, 0.0)	(27.0, 0.0)	(28.0, 0.0)	(29.0, 0.0)	(30.0, 0.0)	(31.0, 0.0)	(32.0, 0.0)	(33.0, 0.0)	(34.0, 0.0)	(35.0, 0.0)	(36.0, 0.0038709748773731274)	(37.0, 0.006082960521586343)	(38.0, 0.01105992822106608)	(39.0, 0.03152079543003833)	(40.0, 0.06635956932639647)	(41.0, 0.10451632168907432)	(42.0, 0.1006453468117012)	(43.0, 0.12829516736436652)	(44.0, 0.16645191972704476)	(45.0, 0.17751184794811095)	(46.0, 0.33124485022092803)	(47.0, 0.7094943953813947)	(48.0, 0.8571444371326302)	(49.0, 0.8129047242483655)	(50.0, 1.0573291379339151)	(51.0, 3.6265504636876695)	(52.0, 6.00332903839423)	(53.0, 19.602616779014525)	(54.0, 33.42365608047422)	(55.0, 17.08593011231323)	(56.0, 9.216238186614847)	(57.0, 4.384155546830524)	(58.0, 0.8129047242483655)	(59.0, 0.27096824141611875)	(60.0, 0.2654382773055857)	(61.0, 0.232258492642388)	(62.0, 0.08958541859063515)	(63.0, 0.05419364828322383)	(64.0, 0.12497718889804667)	(65.0, 0.037603755951624684)	(66.0, 0.040921734417944514)	(67.0, 0.08184346883588893)	(68.0, 0.03539177030741147)	(69.0, 0.013271913865279298)	(70.0, 0.006635956932639647)	(71.0, 0.0022119856442132163)	(72.0, 0.0011059928221066081)	(73.0, 0.0)	(74.0, 0.0011059928221066081)	(75.0, 0.0022119856442132163)	(76.0, 0.0022119856442132163)	(77.0, 0.0011059928221066081)	(78.0, 0.0)	(79.0, 0.0)	(80.0, 0.0011059928221066081)	(81.0, 0.0011059928221066081)	(82.0, 0.0)	(83.0, 0.0)	(84.0, 0.0)	(85.0, 0.0011059928221066081)	(86.0, 0.0011059928221066081)	(87.0, 0.0)	(88.0, 0.0)	(89.0, 0.0011059928221066081)	(90.0, 0.0011059928221066081)	(91.0, 0.0)	(92.0, 0.0)	(93.0, 0.0)	(94.0, 0.0011059928221066081)	(95.0, 0.0)	(96.0, 0.0)	(97.0, 0.0)	(98.0, 0.0011059928221066081)	(99.0, 0.0)	(100.0, 0.008294946165799559)
SRR19621195	(0.0, 0.0)	(1.0, 0.0)	(2.0, 0.0)	(3.0, 0.0)	(4.0, 0.0)	(5.0, 0.0)	(6.0, 0.0)	(7.0, 0.0)	(8.0, 0.0)	(9.0, 0.0)	(10.0, 0.0)	(11.0, 0.0)	(12.0, 0.0)	(13.0, 0.0)	(14.0, 0.0)	(15.0, 0.0)	(16.0, 0.0)	(17.0, 0.0)	(18.0, 0.0)	(19.0, 0.0)	(20.0, 0.0)	(21.0, 0.0)	(22.0, 0.0)	(23.0, 0.0)	(24.0, 0.0)	(25.0, 0.0)	(26.0, 0.0)	(27.0, 0.0)	(28.0, 0.0)	(29.0, 0.0)	(30.0, 0.0)	(31.0, 0.0)	(32.0, 0.0)	(33.0, 0.0)	(34.0, 0.0)	(35.0, 0.0)	(36.0, 0.0)	(37.0, 0.005607031217146552)	(38.0, 0.005607031217146552)	(39.0, 0.019624609260012933)	(40.0, 0.05046328095431896)	(41.0, 0.08550722606148493)	(42.0, 0.08971249947434486)	(43.0, 0.09672128849577806)	(44.0, 0.12896171799437078)	(45.0, 0.1331669914072307)	(46.0, 0.1191494133643643)	(47.0, 0.22988827990300842)	(48.0, 0.3238060527902134)	(49.0, 0.906937299373451)	(50.0, 2.447469126284478)	(51.0, 5.172486297817694)	(52.0, 12.450412817673437)	(53.0, 16.198713186335056)	(54.0, 18.699449109182854)	(55.0, 16.123018264903592)	(56.0, 13.526962811365332)	(57.0, 7.718078470402519)	(58.0, 1.1466378839064657)	(59.0, 0.2831550764659006)	(60.0, 0.7289140582290505)	(61.0, 0.7849843704005153)	(62.0, 0.13456874921151735)	(63.0, 0.05326679656289223)	(64.0, 0.05887382778003879)	(65.0, 0.030838671694306045)	(66.0, 0.05887382778003879)	(67.0, 0.1373722648200906)	(68.0, 0.0981230463000647)	(69.0, 0.07008789021433189)	(70.0, 0.0841054682571983)	(71.0, 0.3588499978973796)	(72.0, 0.8494652293976998)	(73.0, 0.4737941378488847)	(74.0, 0.08130195264862501)	(75.0, 0.014017578042866382)	(76.0, 0.008410546825719829)	(77.0, 0.002803515608573276)	(78.0, 0.002803515608573276)	(79.0, 0.0)	(80.0, 0.0)	(81.0, 0.0)	(82.0, 0.0)	(83.0, 0.0)	(84.0, 0.0)	(85.0, 0.0)	(86.0, 0.0)	(87.0, 0.0)	(88.0, 0.0)	(89.0, 0.0)	(90.0, 0.0)	(91.0, 0.0)	(92.0, 0.0)	(93.0, 0.0)	(94.0, 0.0)	(95.0, 0.0)	(96.0, 0.0)	(97.0, 0.0)	(98.0, 0.0)	(99.0, 0.002803515608573276)	(100.0, 0.0042052734128599145)
SRR19621195_1	(0.0, 0.0)	(1.0, 0.0)	(2.0, 0.0)	(3.0, 0.0)	(4.0, 0.0)	(5.0, 0.0)	(6.0, 0.0)	(7.0, 0.0)	(8.0, 0.0)	(9.0, 0.0)	(10.0, 0.0)	(11.0, 0.0)	(12.0, 0.0)	(13.0, 0.0)	(14.0, 0.0)	(15.0, 0.0)	(16.0, 0.0)	(17.0, 0.0)	(18.0, 0.0)	(19.0, 0.0)	(20.0, 0.0)	(21.0, 0.0)	(22.0, 0.0)	(23.0, 0.0)	(24.0, 0.0)	(25.0, 0.0)	(26.0, 0.0)	(27.0, 0.0)	(28.0, 0.0)	(29.0, 0.0)	(30.0, 0.0)	(31.0, 0.0)	(32.0, 0.0)	(33.0, 0.0)	(34.0, 0.002542329791020576)	(35.0, 0.002542329791020576)	(36.0, 0.002542329791020576)	(37.0, 0.010169319164082305)	(38.0, 0.015253978746123458)	(39.0, 0.03305028728326749)	(40.0, 0.06610057456653497)	(41.0, 0.0762698937306173)	(42.0, 0.07118523414857614)	(43.0, 0.14491279808817287)	(44.0, 0.16779376620735795)	(45.0, 0.20592871307266647)	(46.0, 0.27711394722124266)	(47.0, 0.2694869578481809)	(48.0, 0.312706564295531)	(49.0, 0.9965932780800608)	(50.0, 4.550770325926816)	(51.0, 14.097218691208022)	(52.0, 16.921747089032127)	(53.0, 19.83271469975201)	(54.0, 17.209030355417582)	(55.0, 14.78619006457444)	(56.0, 4.891442517923612)	(57.0, 1.2152336401078367)	(58.0, 0.9076117353943411)	(59.0, 0.17542075558041964)	(60.0, 0.10932018101388484)	(61.0, 0.04576193623837036)	(62.0, 0.05338892561143209)	(63.0, 0.03559261707428807)	(64.0, 0.08389688310367903)	(65.0, 0.07881222352163787)	(66.0, 0.050846595820411504)	(67.0, 0.06610057456653497)	(68.0, 0.9101540651853616)	(69.0, 1.0321858951543499)	(70.0, 0.16270910662531682)	(71.0, 0.05847358519347324)	(72.0, 0.04067727665632921)	(73.0, 0.02033863832816461)	(74.0, 0.007626989373061729)	(75.0, 0.002542329791020576)	(76.0, 0.0)	(77.0, 0.0)	(78.0, 0.0)	(79.0, 0.0)	(80.0, 0.0)	(81.0, 0.0)	(82.0, 0.0)	(83.0, 0.0)	(84.0, 0.0)	(85.0, 0.0)	(86.0, 0.0)	(87.0, 0.0)	(88.0, 0.0)	(89.0, 0.0)	(90.0, 0.0)	(91.0, 0.0)	(92.0, 0.0)	(93.0, 0.0)	(94.0, 0.0)	(95.0, 0.0)	(96.0, 0.0)	(97.0, 0.0)	(98.0, 0.0)	(99.0, 0.0)	(100.0, 0.0)
SRR19621195_2	(0.0, 0.0)	(1.0, 0.0)	(2.0, 0.0)	(3.0, 0.0)	(4.0, 0.0)	(5.0, 0.0)	(6.0, 0.0)	(7.0, 0.0)	(8.0, 0.0)	(9.0, 0.0)	(10.0, 0.0)	(11.0, 0.0)	(12.0, 0.0)	(13.0, 0.0)	(14.0, 0.0)	(15.0, 0.0)	(16.0, 0.0)	(17.0, 0.0)	(18.0, 0.0)	(19.0, 0.0)	(20.0, 0.0)	(21.0, 0.0)	(22.0, 0.0)	(23.0, 0.0)	(24.0, 0.0)	(25.0, 0.0)	(26.0, 0.0)	(27.0, 0.0)	(28.0, 0.0)	(29.0, 0.0)	(30.0, 0.0)	(31.0, 0.0)	(32.0, 0.0)	(33.0, 0.0)	(34.0, 0.0025380066495775135)	(35.0, 0.005076013299155027)	(36.0, 0.0)	(37.0, 0.007614019948732541)	(38.0, 0.021573056521408868)	(39.0, 0.029187076470141408)	(40.0, 0.05076013299155026)	(41.0, 0.0736021928377479)	(42.0, 0.12943833912845326)	(43.0, 0.12943833912845326)	(44.0, 0.140859369051552)	(45.0, 0.16877744219690463)	(46.0, 0.19923352199183467)	(47.0, 0.28171873810310394)	(48.0, 0.3413618943681759)	(49.0, 0.9796705667369149)	(50.0, 2.6610999720820048)	(51.0, 5.328544960788064)	(52.0, 12.33217431029646)	(53.0, 16.19248242430339)	(54.0, 18.608664754702282)	(55.0, 16.319382756782325)	(56.0, 13.606253648384085)	(57.0, 7.0810385523215365)	(58.0, 0.9745945534377597)	(59.0, 0.2715667115047938)	(60.0, 0.763940001522829)	(61.0, 0.7537879749245191)	(62.0, 0.1522803989746508)	(63.0, 0.045684119692395234)	(64.0, 0.06598817288901535)	(65.0, 0.03299408644450767)	(66.0, 0.05583614629070528)	(67.0, 0.13197634577803077)	(68.0, 0.1015202659831006)	(69.0, 0.08629222608563548)	(70.0, 0.09898225933352307)	(71.0, 0.4035430572828254)	(72.0, 0.8273901677622659)	(73.0, 0.4162330905307131)	(74.0, 0.09136823938479052)	(75.0, 0.020304053196620108)	(76.0, 0.0025380066495775135)	(77.0, 0.0025380066495775135)	(78.0, 0.0025380066495775135)	(79.0, 0.0)	(80.0, 0.0)	(81.0, 0.0)	(82.0, 0.0)	(83.0, 0.0)	(84.0, 0.0)	(85.0, 0.0)	(86.0, 0.0)	(87.0, 0.0)	(88.0, 0.0)	(89.0, 0.0)	(90.0, 0.0)	(91.0, 0.0)	(92.0, 0.0025380066495775135)	(93.0, 0.0025380066495775135)	(94.0, 0.0)	(95.0, 0.0)	(96.0, 0.0)	(97.0, 0.0)	(98.0, 0.0025380066495775135)	(99.0, 0.0)	(100.0, 0.0)
SRR19621196_1	(0.0, 0.0)	(1.0, 0.0)	(2.0, 0.0)	(3.0, 0.0)	(4.0, 0.0)	(5.0, 0.0)	(6.0, 0.0)	(7.0, 0.0)	(8.0, 0.0)	(9.0, 0.0)	(10.0, 0.0)	(11.0, 0.0)	(12.0, 0.0)	(13.0, 0.0)	(14.0, 0.0)	(15.0, 0.0)	(16.0, 0.0)	(17.0, 0.0)	(18.0, 0.0)	(19.0, 0.0)	(20.0, 0.0)	(21.0, 0.0)	(22.0, 0.0)	(23.0, 0.0)	(24.0, 0.0)	(25.0, 0.0)	(26.0, 0.0)	(27.0, 0.0)	(28.0, 0.0)	(29.0, 0.0)	(30.0, 0.0)	(31.0, 0.0)	(32.0, 0.0)	(33.0, 0.0)	(34.0, 0.0)	(35.0, 0.0)	(36.0, 0.003203639334283557)	(37.0, 0.003203639334283557)	(38.0, 0.0016018196671417784)	(39.0, 0.032036393342835555)	(40.0, 0.08169280302423074)	(41.0, 0.08649826202565605)	(42.0, 0.11372919636706619)	(43.0, 0.15217286837846872)	(44.0, 0.225856573066991)	(45.0, 1.0219609476364626)	(46.0, 4.594018805362807)	(47.0, 3.456726841692015)	(48.0, 6.5017860289283425)	(49.0, 5.374104983260787)	(50.0, 4.68692434605704)	(51.0, 11.794198209164906)	(52.0, 17.6953018629179)	(53.0, 16.924826603022357)	(54.0, 14.44841339762004)	(55.0, 8.86607185762907)	(56.0, 1.9638309119157926)	(57.0, 0.5766550801710372)	(58.0, 0.37482580211117605)	(59.0, 0.1073219176984991)	(60.0, 0.06727642601995473)	(61.0, 0.10411827836421556)	(62.0, 0.05766550801710404)	(63.0, 0.03043457367569378)	(64.0, 0.09130372102708137)	(65.0, 0.07048006535423829)	(66.0, 0.032036393342835555)	(67.0, 0.017620016338559565)	(68.0, 0.18741290105558808)	(69.0, 0.19542199939129704)	(70.0, 0.03363821300997733)	(71.0, 0.016018196671417784)	(72.0, 0.008009098335708892)	(73.0, 0.0016018196671417784)	(74.0, 0.0)	(75.0, 0.0)	(76.0, 0.0)	(77.0, 0.0)	(78.0, 0.0)	(79.0, 0.0)	(80.0, 0.0)	(81.0, 0.0)	(82.0, 0.0)	(83.0, 0.0)	(84.0, 0.0)	(85.0, 0.0)	(86.0, 0.0)	(87.0, 0.0)	(88.0, 0.0)	(89.0, 0.0)	(90.0, 0.0)	(91.0, 0.0)	(92.0, 0.0)	(93.0, 0.0)	(94.0, 0.0)	(95.0, 0.0)	(96.0, 0.0)	(97.0, 0.0)	(98.0, 0.0)	(99.0, 0.0)	(100.0, 0.0)
SRR19621196_2	(0.0, 0.0)	(1.0, 0.0)	(2.0, 0.0)	(3.0, 0.0)	(4.0, 0.0)	(5.0, 0.0)	(6.0, 0.0)	(7.0, 0.0)	(8.0, 0.0)	(9.0, 0.0)	(10.0, 0.0)	(11.0, 0.0)	(12.0, 0.0)	(13.0, 0.0)	(14.0, 0.0)	(15.0, 0.0)	(16.0, 0.0)	(17.0, 0.0)	(18.0, 0.0)	(19.0, 0.0)	(20.0, 0.0)	(21.0, 0.0)	(22.0, 0.0)	(23.0, 0.0)	(24.0, 0.0)	(25.0, 0.0)	(26.0, 0.0)	(27.0, 0.0)	(28.0, 0.0)	(29.0, 0.0)	(30.0, 0.0)	(31.0, 0.0016160832606095027)	(32.0, 0.0)	(33.0, 0.0)	(34.0, 0.0032321665212190053)	(35.0, 0.0032321665212190053)	(36.0, 0.008080416303047512)	(37.0, 0.009696499563657016)	(38.0, 0.013736707715180776)	(39.0, 0.0363618733637138)	(40.0, 0.08242024629108469)	(41.0, 0.10666149520022715)	(42.0, 0.11959016128510314)	(43.0, 0.1478716183457693)	(44.0, 0.19231390801253087)	(45.0, 0.42260577264938426)	(46.0, 0.9195513752868121)	(47.0, 5.200555932641551)	(48.0, 7.679627654415964)	(49.0, 5.795274572545713)	(50.0, 2.3465528944049496)	(51.0, 4.070105691845156)	(52.0, 10.642716312743303)	(53.0, 16.59071075341928)	(54.0, 18.47021558550899)	(55.0, 14.696661171984083)	(56.0, 7.91234364394368)	(57.0, 2.4031158085262785)	(58.0, 0.5074501438313819)	(59.0, 0.18261740844887378)	(60.0, 0.2795824040854446)	(61.0, 0.29251107017032074)	(62.0, 0.08242024629108469)	(63.0, 0.05979508064255162)	(64.0, 0.09211674585474165)	(65.0, 0.03878599825462805)	(66.0, 0.033937748472799546)	(67.0, 0.08888457933352267)	(68.0, 0.05656291412133261)	(69.0, 0.03232166521219004)	(70.0, 0.019392999127314032)	(71.0, 0.08242024629108469)	(72.0, 0.15352790975790254)	(73.0, 0.09050066259413217)	(74.0, 0.019392999127314032)	(75.0, 0.0032321665212190053)	(76.0, 0.0)	(77.0, 0.0)	(78.0, 0.0)	(79.0, 0.0032321665212190053)	(80.0, 0.0032321665212190053)	(81.0, 0.0016160832606095027)	(82.0, 0.0)	(83.0, 0.0)	(84.0, 0.0)	(85.0, 0.0)	(86.0, 0.0)	(87.0, 0.0)	(88.0, 0.0)	(89.0, 0.0016160832606095027)	(90.0, 0.0)	(91.0, 0.0)	(92.0, 0.0)	(93.0, 0.0)	(94.0, 0.0)	(95.0, 0.0)	(96.0, 0.0)	(97.0, 0.0)	(98.0, 0.0)	(99.0, 0.0)	(100.0, 0.0)
SRR19621197_1	(0.0, 0.0)	(1.0, 0.0)	(2.0, 0.0)	(3.0, 0.0)	(4.0, 0.0)	(5.0, 0.0)	(6.0, 0.0)	(7.0, 0.0)	(8.0, 0.0)	(9.0, 0.0)	(10.0, 0.0)	(11.0, 0.0)	(12.0, 0.0)	(13.0, 0.0)	(14.0, 0.0)	(15.0, 0.0)	(16.0, 0.0)	(17.0, 0.0)	(18.0, 0.0)	(19.0, 0.0)	(20.0, 0.0)	(21.0, 0.0)	(22.0, 0.0)	(23.0, 0.0)	(24.0, 0.0)	(25.0, 0.0)	(26.0, 0.0)	(27.0, 0.0)	(28.0, 0.0)	(29.0, 0.0)	(30.0, 0.0)	(31.0, 0.0002680110098923687)	(32.0, 0.0)	(33.0, 0.0)	(34.0, 0.0002680110098923687)	(35.0, 0.0005360220197847374)	(36.0, 0.0026801100989236873)	(37.0, 0.003752154138493162)	(38.0, 0.010184418375910016)	(39.0, 0.02974922209805292)	(40.0, 0.06834280752255392)	(41.0, 0.09433987548211331)	(42.0, 0.12650119666919812)	(43.0, 0.17581522248939535)	(44.0, 0.3342097293357788)	(45.0, 0.557998922595919)	(46.0, 1.4569078497748096)	(47.0, 1.7552041037850221)	(48.0, 3.0931150651683352)	(49.0, 2.911671611471119)	(50.0, 7.812520938362382)	(51.0, 18.57932723875859)	(52.0, 20.91879534410057)	(53.0, 18.495171781652694)	(54.0, 12.481272730695936)	(55.0, 7.338409461861918)	(56.0, 1.7241148266374933)	(57.0, 0.511096995864749)	(58.0, 0.2985642650200958)	(59.0, 0.11524473425371831)	(60.0, 0.0769191598391096)	(61.0, 0.0490460148103036)	(62.0, 0.02974922209805292)	(63.0, 0.03296535421676137)	(64.0, 0.08335142407652636)	(65.0, 0.07665114882921722)	(66.0, 0.03671750835525456)	(67.0, 0.03966562946407063)	(68.0, 0.2982962540102035)	(69.0, 0.2907919457332176)	(70.0, 0.04770595976084175)	(71.0, 0.02117286978149711)	(72.0, 0.010720440395694754)	(73.0, 0.005628231207739741)	(74.0, 0.0026801100989236873)	(75.0, 0.0005360220197847374)	(76.0, 0.0002680110098923687)	(77.0, 0.0002680110098923687)	(78.0, 0.0)	(79.0, 0.0)	(80.0, 0.0)	(81.0, 0.0)	(82.0, 0.0)	(83.0, 0.0)	(84.0, 0.0)	(85.0, 0.0)	(86.0, 0.0002680110098923687)	(87.0, 0.0)	(88.0, 0.0002680110098923687)	(89.0, 0.0002680110098923687)	(90.0, 0.0)	(91.0, 0.0)	(92.0, 0.0)	(93.0, 0.0)	(94.0, 0.0)	(95.0, 0.0)	(96.0, 0.0)	(97.0, 0.0)	(98.0, 0.0)	(99.0, 0.0)	(100.0, 0.0)
SRR19621197_2	(0.0, 0.0)	(1.0, 0.0)	(2.0, 0.0)	(3.0, 0.0)	(4.0, 0.0)	(5.0, 0.0)	(6.0, 0.0)	(7.0, 0.0)	(8.0, 0.0)	(9.0, 0.0)	(10.0, 0.0)	(11.0, 0.0)	(12.0, 0.0)	(13.0, 0.0)	(14.0, 0.0)	(15.0, 0.0)	(16.0, 0.0)	(17.0, 0.0)	(18.0, 0.0)	(19.0, 0.0)	(20.0, 0.0)	(21.0, 0.0)	(22.0, 0.0)	(23.0, 0.0)	(24.0, 0.0)	(25.0, 0.0)	(26.0, 0.0)	(27.0, 0.0)	(28.0, 0.0)	(29.0, 0.0)	(30.0, 0.0)	(31.0, 0.0002743905785251264)	(32.0, 0.0002743905785251264)	(33.0, 0.0002743905785251264)	(34.0, 0.0008231717355753792)	(35.0, 0.0019207340496758844)	(36.0, 0.006036592727552779)	(37.0, 0.009603670248379426)	(38.0, 0.016051848843719893)	(39.0, 0.037728704547204915)	(40.0, 0.08478668876426376)	(41.0, 0.11977148752621751)	(42.0, 0.13403979760952447)	(43.0, 0.1635367848009764)	(44.0, 0.22884174248995673)	(45.0, 0.44437554192143525)	(46.0, 0.6035220774660266)	(47.0, 2.0304902810859384)	(48.0, 3.544989079255826)	(49.0, 2.803997321948621)	(50.0, 2.9455828604676513)	(51.0, 7.412798674144316)	(52.0, 14.828890035238334)	(53.0, 19.270175939229873)	(54.0, 19.879460218842702)	(55.0, 13.290519256741739)	(56.0, 7.495939019437582)	(57.0, 2.4534633578826135)	(58.0, 0.5432933454797545)	(59.0, 0.1885063274467636)	(60.0, 0.19975634116629412)	(61.0, 0.20140268463744493)	(62.0, 0.0916464532273918)	(63.0, 0.05131103818419877)	(64.0, 0.05323177223387466)	(65.0, 0.036493946943841844)	(66.0, 0.044176883142545434)	(67.0, 0.10042695174019574)	(68.0, 0.05762202149027661)	(69.0, 0.03484760347269107)	(70.0, 0.044176883142545434)	(71.0, 0.11442087124497735)	(72.0, 0.2315856482752079)	(73.0, 0.14213431967601592)	(74.0, 0.03786589983646749)	(75.0, 0.005487811570502527)	(76.0, 0.0008231717355753792)	(77.0, 0.0005487811570502528)	(78.0, 0.0005487811570502528)	(79.0, 0.0005487811570502528)	(80.0, 0.0008231717355753792)	(81.0, 0.0002743905785251264)	(82.0, 0.0)	(83.0, 0.0002743905785251264)	(84.0, 0.0002743905785251264)	(85.0, 0.0002743905785251264)	(86.0, 0.0)	(87.0, 0.0)	(88.0, 0.0)	(89.0, 0.0008231717355753792)	(90.0, 0.0008231717355753792)	(91.0, 0.0008231717355753792)	(92.0, 0.0005487811570502528)	(93.0, 0.0005487811570502528)	(94.0, 0.0008231717355753792)	(95.0, 0.0)	(96.0, 0.0)	(97.0, 0.0005487811570502528)	(98.0, 0.0005487811570502528)	(99.0, 0.0010975623141005056)	(100.0, 0.0024695152067261378)
SRR19621198_1	(0.0, 0.0)	(1.0, 0.0)	(2.0, 0.0)	(3.0, 0.0)	(4.0, 0.0)	(5.0, 0.0)	(6.0, 0.0)	(7.0, 0.0)	(8.0, 0.0)	(9.0, 0.0)	(10.0, 0.0)	(11.0, 0.0)	(12.0, 0.0)	(13.0, 0.0)	(14.0, 0.0)	(15.0, 0.0)	(16.0, 0.0)	(17.0, 0.0)	(18.0, 0.0)	(19.0, 0.0)	(20.0, 0.0)	(21.0, 0.0)	(22.0, 0.0)	(23.0, 0.0)	(24.0, 0.0)	(25.0, 0.0)	(26.0, 0.0)	(27.0, 0.0)	(28.0, 0.0)	(29.0, 0.0)	(30.0, 0.0)	(31.0, 0.0)	(32.0, 0.0)	(33.0, 0.0)	(34.0, 0.0)	(35.0, 0.002159197642156379)	(36.0, 0.0010795988210781896)	(37.0, 0.0010795988210781896)	(38.0, 0.007557191747547327)	(39.0, 0.039945156379893036)	(40.0, 0.07125352219116049)	(41.0, 0.0777311151176296)	(42.0, 0.1014822891813497)	(43.0, 0.1662582184460415)	(44.0, 0.20620337482593482)	(45.0, 0.2925712805121888)	(46.0, 0.6358837056150577)	(47.0, 1.2177874701761853)	(48.0, 2.8220713182984825)	(49.0, 2.8058773359823075)	(50.0, 3.3089703866048015)	(51.0, 10.379263065846816)	(52.0, 19.315102507906804)	(53.0, 25.474213782152273)	(54.0, 16.503827177821755)	(55.0, 10.919062476386156)	(56.0, 2.8361061029725003)	(57.0, 1.5373487212153112)	(58.0, 0.33575523335531576)	(59.0, 0.1209150679607572)	(60.0, 0.05290034223283133)	(61.0, 0.03670635991665846)	(62.0, 0.03022876699018931)	(63.0, 0.03778595873773665)	(64.0, 0.1273926608872264)	(65.0, 0.06801472572792593)	(66.0, 0.04534315048528399)	(67.0, 0.032387964632345695)	(68.0, 0.08312910922302053)	(69.0, 0.2418301359215146)	(70.0, 0.042104354022049414)	(71.0, 0.006477592926469137)	(72.0, 0.007557191747547327)	(73.0, 0.004318395284312758)	(74.0, 0.002159197642156379)	(75.0, 0.0010795988210781896)	(76.0, 0.0010795988210781896)	(77.0, 0.0)	(78.0, 0.0)	(79.0, 0.0)	(80.0, 0.0)	(81.0, 0.0)	(82.0, 0.0)	(83.0, 0.0)	(84.0, 0.0)	(85.0, 0.0)	(86.0, 0.0)	(87.0, 0.0)	(88.0, 0.0)	(89.0, 0.0)	(90.0, 0.0)	(91.0, 0.0)	(92.0, 0.0)	(93.0, 0.0)	(94.0, 0.0)	(95.0, 0.0)	(96.0, 0.0)	(97.0, 0.0)	(98.0, 0.0)	(99.0, 0.0)	(100.0, 0.0)
SRR19621198_2	(0.0, 0.0)	(1.0, 0.0)	(2.0, 0.0)	(3.0, 0.0)	(4.0, 0.0)	(5.0, 0.0)	(6.0, 0.0)	(7.0, 0.0)	(8.0, 0.0)	(9.0, 0.0)	(10.0, 0.0)	(11.0, 0.0)	(12.0, 0.0)	(13.0, 0.0)	(14.0, 0.0)	(15.0, 0.0)	(16.0, 0.0)	(17.0, 0.0)	(18.0, 0.0)	(19.0, 0.0)	(20.0, 0.0)	(21.0, 0.0)	(22.0, 0.0)	(23.0, 0.0)	(24.0, 0.0)	(25.0, 0.0)	(26.0, 0.0)	(27.0, 0.0)	(28.0, 0.0)	(29.0, 0.0)	(30.0, 0.0)	(31.0, 0.0)	(32.0, 0.0)	(33.0, 0.0)	(34.0, 0.0)	(35.0, 0.0)	(36.0, 0.004226899991546388)	(37.0, 0.005283624989432984)	(38.0, 0.008453799983092775)	(39.0, 0.03064502493871131)	(40.0, 0.06868712486262876)	(41.0, 0.0961619748076802)	(42.0, 0.104615774790773)	(43.0, 0.1542818496914434)	(44.0, 0.21293008707414968)	(45.0, 0.30116662439767933)	(46.0, 0.41212274917577063)	(47.0, 0.7655972609688473)	(48.0, 1.2575027474850344)	(49.0, 2.2518809704963725)	(50.0, 2.5213458449574855)	(51.0, 5.063826189872307)	(52.0, 10.284576041932437)	(53.0, 14.808415757884527)	(54.0, 20.055583734885655)	(55.0, 17.427508665144078)	(56.0, 15.449319469102168)	(57.0, 5.904979288189846)	(58.0, 1.2479922225040554)	(59.0, 0.5315326739369595)	(60.0, 0.16484909967030942)	(61.0, 0.08665144982670085)	(62.0, 0.04755262490489689)	(63.0, 0.032758474934484506)	(64.0, 0.035928649928144304)	(65.0, 0.0412122749175773)	(66.0, 0.10989939978020599)	(67.0, 0.062346774875309215)	(68.0, 0.05917659988164943)	(69.0, 0.02641812494716491)	(70.0, 0.017964324964072142)	(71.0, 0.051779524896443274)	(72.0, 0.2113449995773198)	(73.0, 0.05494969989010306)	(74.0, 0.008453799983092775)	(75.0, 0.006340349987319581)	(76.0, 0.005283624989432984)	(77.0, 0.002113449995773194)	(78.0, 0.002113449995773194)	(79.0, 0.002113449995773194)	(80.0, 0.001056724997886597)	(81.0, 0.0)	(82.0, 0.0)	(83.0, 0.0)	(84.0, 0.0)	(85.0, 0.0)	(86.0, 0.0)	(87.0, 0.0)	(88.0, 0.001056724997886597)	(89.0, 0.0)	(90.0, 0.0)	(91.0, 0.0)	(92.0, 0.0)	(93.0, 0.0)	(94.0, 0.0)	(95.0, 0.0)	(96.0, 0.0)	(97.0, 0.0)	(98.0, 0.0)	(99.0, 0.0)	(100.0, 0.0)
SRR19621199_1	(0.0, 0.0)	(1.0, 0.0)	(2.0, 0.0)	(3.0, 0.0)	(4.0, 0.0)	(5.0, 0.0)	(6.0, 0.0)	(7.0, 0.0)	(8.0, 0.0)	(9.0, 0.0)	(10.0, 0.0)	(11.0, 0.0)	(12.0, 0.0)	(13.0, 0.0)	(14.0, 0.0)	(15.0, 0.0)	(16.0, 0.0)	(17.0, 0.0)	(18.0, 0.0)	(19.0, 0.0)	(20.0, 0.0)	(21.0, 0.0)	(22.0, 0.0)	(23.0, 0.0)	(24.0, 0.0)	(25.0, 0.0)	(26.0, 0.0)	(27.0, 0.0)	(28.0, 0.0)	(29.0, 0.0)	(30.0, 0.0)	(31.0, 0.0)	(32.0, 0.0)	(33.0, 0.0)	(34.0, 0.0)	(35.0, 0.0)	(36.0, 0.006786102062974743)	(37.0, 0.006786102062974743)	(38.0, 0.0016965255157436858)	(39.0, 0.015268729641693173)	(40.0, 0.04919923995656689)	(41.0, 0.06277144408251639)	(42.0, 0.09500542888164641)	(43.0, 0.10518458197610848)	(44.0, 0.1306324647122637)	(45.0, 0.21545874049944824)	(46.0, 0.9347855591747752)	(47.0, 2.329329533116037)	(48.0, 4.9623371335504896)	(49.0, 3.6441368078174956)	(50.0, 3.325190010857646)	(51.0, 9.229098805644973)	(52.0, 19.862920738330416)	(53.0, 24.19415038002145)	(54.0, 15.684378393051817)	(55.0, 10.131650380020409)	(56.0, 2.646579804560095)	(57.0, 1.2147122692724912)	(58.0, 0.2527823018458096)	(59.0, 0.06955754614549116)	(60.0, 0.0339305103148737)	(61.0, 0.025447882736155284)	(62.0, 0.011875678610205798)	(63.0, 0.03732356134636107)	(64.0, 0.1543838219326752)	(65.0, 0.08143322475569696)	(66.0, 0.05428881650379795)	(67.0, 0.030537459283386335)	(68.0, 0.07295059717697852)	(69.0, 0.2714440825189902)	(70.0, 0.04241313789359213)	(71.0, 0.0033930510314873715)	(72.0, 0.006786102062974743)	(73.0, 0.0033930510314873715)	(74.0, 0.0)	(75.0, 0.0)	(76.0, 0.0)	(77.0, 0.0)	(78.0, 0.0)	(79.0, 0.0)	(80.0, 0.0)	(81.0, 0.0)	(82.0, 0.0)	(83.0, 0.0)	(84.0, 0.0)	(85.0, 0.0)	(86.0, 0.0)	(87.0, 0.0)	(88.0, 0.0)	(89.0, 0.0)	(90.0, 0.0)	(91.0, 0.0)	(92.0, 0.0)	(93.0, 0.0)	(94.0, 0.0)	(95.0, 0.0)	(96.0, 0.0)	(97.0, 0.0)	(98.0, 0.0)	(99.0, 0.0)	(100.0, 0.0)
SRR19621199_2	(0.0, 0.0)	(1.0, 0.0)	(2.0, 0.0)	(3.0, 0.0)	(4.0, 0.0)	(5.0, 0.0)	(6.0, 0.0)	(7.0, 0.0)	(8.0, 0.0)	(9.0, 0.0)	(10.0, 0.0)	(11.0, 0.0)	(12.0, 0.0)	(13.0, 0.0)	(14.0, 0.0)	(15.0, 0.0)	(16.0, 0.0)	(17.0, 0.0)	(18.0, 0.0016787114211130546)	(19.0, 0.0016787114211130546)	(20.0, 0.0)	(21.0, 0.0)	(22.0, 0.0)	(23.0, 0.0)	(24.0, 0.0)	(25.0, 0.0)	(26.0, 0.0)	(27.0, 0.0)	(28.0, 0.0)	(29.0, 0.0)	(30.0, 0.0)	(31.0, 0.0)	(32.0, 0.0)	(33.0, 0.0)	(34.0, 0.0)	(35.0, 0.0016787114211130546)	(36.0, 0.0)	(37.0, 0.0016787114211130546)	(38.0, 0.0033574228422261093)	(39.0, 0.013429691368904437)	(40.0, 0.05036134263339165)	(41.0, 0.08729299389787888)	(42.0, 0.08645363818732234)	(43.0, 0.11834915518847026)	(44.0, 0.17710405492742717)	(45.0, 0.3432964856176203)	(46.0, 0.5674044603362098)	(47.0, 1.0332468796950927)	(48.0, 3.1551381159819933)	(49.0, 3.5731372598391915)	(50.0, 2.968801148238423)	(51.0, 3.4665390845985002)	(52.0, 9.251378641753348)	(53.0, 16.310360167536228)	(54.0, 21.81485491736682)	(55.0, 15.850393238151042)	(56.0, 13.035194184943169)	(57.0, 5.600181300833284)	(58.0, 1.0357649468267622)	(59.0, 0.41799914385715015)	(60.0, 0.14101175937349644)	(61.0, 0.07386330252897445)	(62.0, 0.055397476896730816)	(63.0, 0.023501959895582764)	(64.0, 0.02182324847446971)	(65.0, 0.03189551700114803)	(66.0, 0.12758206800459207)	(67.0, 0.06211232258118305)	(68.0, 0.07554201395008751)	(69.0, 0.013429691368904437)	(70.0, 0.020144537053356656)	(71.0, 0.05875489973895693)	(72.0, 0.25852155885141087)	(73.0, 0.04868263121227859)	(74.0, 0.0067148456844522185)	(75.0, 0.0016787114211130546)	(76.0, 0.0016787114211130546)	(77.0, 0.0033574228422261093)	(78.0, 0.0)	(79.0, 0.0)	(80.0, 0.0)	(81.0, 0.0)	(82.0, 0.0)	(83.0, 0.0016787114211130546)	(84.0, 0.0016787114211130546)	(85.0, 0.0)	(86.0, 0.0)	(87.0, 0.0)	(88.0, 0.0)	(89.0, 0.0)	(90.0, 0.0016787114211130546)	(91.0, 0.0)	(92.0, 0.0)	(93.0, 0.0)	(94.0, 0.0)	(95.0, 0.0)	(96.0, 0.0)	(97.0, 0.0)	(98.0, 0.0)	(99.0, 0.0)	(100.0, 0.002518067131669582)
SRR19621200_1	(0.0, 0.0)	(1.0, 0.0)	(2.0, 0.0)	(3.0, 0.0)	(4.0, 0.0)	(5.0, 0.0)	(6.0, 0.0)	(7.0, 0.0)	(8.0, 0.0)	(9.0, 0.0)	(10.0, 0.0)	(11.0, 0.0)	(12.0, 0.0)	(13.0, 0.0)	(14.0, 0.0)	(15.0, 0.0)	(16.0, 0.0)	(17.0, 0.0)	(18.0, 0.0)	(19.0, 0.0)	(20.0, 0.0)	(21.0, 0.0)	(22.0, 0.0)	(23.0, 0.0)	(24.0, 0.0)	(25.0, 0.0)	(26.0, 0.0)	(27.0, 0.0)	(28.0, 0.0)	(29.0, 0.0)	(30.0, 0.0)	(31.0, 0.0)	(32.0, 0.0)	(33.0, 0.0)	(34.0, 0.0)	(35.0, 0.0029762790559241764)	(36.0, 0.005952558111848353)	(37.0, 0.005952558111848353)	(38.0, 0.011905116223696706)	(39.0, 0.032739069615165935)	(40.0, 0.0520848834786731)	(41.0, 0.0892883716777253)	(42.0, 0.09077651120568737)	(43.0, 0.11756302270900486)	(44.0, 0.15179023185213286)	(45.0, 0.2693532545611387)	(46.0, 0.49406232328341115)	(47.0, 0.7515104616208566)	(48.0, 1.8438048751450005)	(49.0, 1.9583916187980748)	(50.0, 4.461442304830536)	(51.0, 8.942230423523402)	(52.0, 21.441114318878228)	(53.0, 21.947081758384876)	(54.0, 17.696955266528214)	(55.0, 12.418524360844286)	(56.0, 3.279859519628504)	(57.0, 0.8482395309383949)	(58.0, 0.3884044167981044)	(59.0, 0.11905116223696695)	(60.0, 0.13393255751658778)	(61.0, 0.12946813893270154)	(62.0, 0.07291883687014238)	(63.0, 0.02381023244739341)	(64.0, 0.07589511592606654)	(65.0, 0.08631209262180112)	(66.0, 0.053573023006635204)	(67.0, 0.08482395309383904)	(68.0, 0.8631209262180162)	(69.0, 0.8229411589630387)	(70.0, 0.11161046459715654)	(71.0, 0.05952558111848356)	(72.0, 0.03571534867109011)	(73.0, 0.019345813863507148)	(74.0, 0.004464418583886265)	(75.0, 0.0014881395279620882)	(76.0, 0.0)	(77.0, 0.0)	(78.0, 0.0)	(79.0, 0.0)	(80.0, 0.0)	(81.0, 0.0)	(82.0, 0.0)	(83.0, 0.0)	(84.0, 0.0)	(85.0, 0.0)	(86.0, 0.0)	(87.0, 0.0)	(88.0, 0.0)	(89.0, 0.0)	(90.0, 0.0)	(91.0, 0.0)	(92.0, 0.0)	(93.0, 0.0)	(94.0, 0.0)	(95.0, 0.0)	(96.0, 0.0)	(97.0, 0.0)	(98.0, 0.0)	(99.0, 0.0)	(100.0, 0.0)
SRR19621200_2	(0.0, 0.0)	(1.0, 0.0)	(2.0, 0.0)	(3.0, 0.0)	(4.0, 0.0)	(5.0, 0.0)	(6.0, 0.0)	(7.0, 0.0)	(8.0, 0.0)	(9.0, 0.0)	(10.0, 0.0)	(11.0, 0.0)	(12.0, 0.0)	(13.0, 0.0)	(14.0, 0.0)	(15.0, 0.0)	(16.0, 0.0)	(17.0, 0.0)	(18.0, 0.0)	(19.0, 0.0)	(20.0, 0.0)	(21.0, 0.0)	(22.0, 0.0)	(23.0, 0.0)	(24.0, 0.0)	(25.0, 0.0)	(26.0, 0.0)	(27.0, 0.0)	(28.0, 0.0)	(29.0, 0.0)	(30.0, 0.0)	(31.0, 0.0)	(32.0, 0.0)	(33.0, 0.0)	(34.0, 0.0)	(35.0, 0.002998635620792607)	(36.0, 0.007496589051981518)	(37.0, 0.004497953431188911)	(38.0, 0.011994542483170428)	(39.0, 0.020990449345548248)	(40.0, 0.04722851102748357)	(41.0, 0.07571554942501335)	(42.0, 0.09670599877056153)	(43.0, 0.17167188929037674)	(44.0, 0.17691950162676387)	(45.0, 0.16192632352280073)	(46.0, 0.24513846199979614)	(47.0, 0.821626160097178)	(48.0, 1.7984317135703427)	(49.0, 1.397364199289354)	(50.0, 2.3869139541508724)	(51.0, 4.697362699971807)	(52.0, 5.031710571690107)	(53.0, 11.75315231569694)	(54.0, 26.711846110016356)	(55.0, 21.558690795688946)	(56.0, 12.9181222543754)	(57.0, 5.474009325756915)	(58.0, 1.0180367932590995)	(59.0, 0.4542932965500784)	(60.0, 0.2653792524401464)	(61.0, 0.2533847099569759)	(62.0, 0.13044064950447826)	(63.0, 0.08246247957179671)	(64.0, 0.12894133169408195)	(65.0, 0.052476123363870635)	(66.0, 0.04497953431188911)	(67.0, 0.1004542932965523)	(68.0, 0.07646520833021152)	(69.0, 0.05547475898466325)	(70.0, 0.06297134803664478)	(71.0, 0.42280762253175647)	(72.0, 0.8096316176140073)	(73.0, 0.3523396854431312)	(74.0, 0.08546111519258931)	(75.0, 0.017991813724755643)	(76.0, 0.0014993178103963035)	(77.0, 0.004497953431188911)	(78.0, 0.004497953431188911)	(79.0, 0.0)	(80.0, 0.0)	(81.0, 0.0)	(82.0, 0.0)	(83.0, 0.0)	(84.0, 0.0)	(85.0, 0.0)	(86.0, 0.0)	(87.0, 0.0)	(88.0, 0.0)	(89.0, 0.0014993178103963035)	(90.0, 0.0014993178103963035)	(91.0, 0.0)	(92.0, 0.0)	(93.0, 0.0)	(94.0, 0.0)	(95.0, 0.0)	(96.0, 0.0)	(97.0, 0.0)	(98.0, 0.0)	(99.0, 0.0)	(100.0, 0.0)
SRR19621201_1	(0.0, 0.0)	(1.0, 0.0)	(2.0, 0.0)	(3.0, 0.0)	(4.0, 0.0)	(5.0, 0.0)	(6.0, 0.0)	(7.0, 0.0)	(8.0, 0.0)	(9.0, 0.0)	(10.0, 0.0)	(11.0, 0.0)	(12.0, 0.0)	(13.0, 0.0)	(14.0, 0.0)	(15.0, 0.0)	(16.0, 0.0)	(17.0, 0.0)	(18.0, 0.0)	(19.0, 0.0)	(20.0, 0.0)	(21.0, 0.0)	(22.0, 0.0)	(23.0, 0.0)	(24.0, 0.0)	(25.0, 0.0)	(26.0, 0.0)	(27.0, 0.0)	(28.0, 0.0)	(29.0, 0.0)	(30.0, 0.0)	(31.0, 0.0)	(32.0, 0.0)	(33.0, 0.0)	(34.0, 0.0014448152803663535)	(35.0, 0.0014448152803663535)	(36.0, 0.002889630560732707)	(37.0, 0.013003337523297184)	(38.0, 0.02022741392512895)	(39.0, 0.04334445841099061)	(40.0, 0.0635718723361196)	(41.0, 0.10258188490601104)	(42.0, 0.1401470821955361)	(43.0, 0.1444815280366352)	(44.0, 0.1921604322887252)	(45.0, 0.3886553104185483)	(46.0, 1.4462600956467133)	(47.0, 2.4793030211086418)	(48.0, 3.265282533628028)	(49.0, 2.8101657203125745)	(50.0, 3.6669411815699196)	(51.0, 13.244621675119541)	(52.0, 21.559533613626495)	(53.0, 19.434210336209524)	(54.0, 13.654949214743773)	(55.0, 9.1471255399987)	(56.0, 3.0312224582086515)	(57.0, 1.1211766575643025)	(58.0, 0.4146619854651423)	(59.0, 0.1762674642046952)	(60.0, 0.14303671275626884)	(61.0, 0.12714374467223896)	(62.0, 0.09391299322381295)	(63.0, 0.053458165373555105)	(64.0, 0.04478927369135696)	(65.0, 0.03467556672879247)	(66.0, 0.05056853481282239)	(67.0, 0.11414040714894183)	(68.0, 1.1269559186857674)	(69.0, 1.1731900076574882)	(70.0, 0.20227413925128973)	(71.0, 0.14303671275626884)	(72.0, 0.07368557929868406)	(73.0, 0.036120382009158826)	(74.0, 0.013003337523297184)	(75.0, 0.002889630560732707)	(76.0, 0.0014448152803663535)	(77.0, 0.0)	(78.0, 0.0)	(79.0, 0.0)	(80.0, 0.0)	(81.0, 0.0)	(82.0, 0.0)	(83.0, 0.0)	(84.0, 0.0)	(85.0, 0.0)	(86.0, 0.0)	(87.0, 0.0)	(88.0, 0.0)	(89.0, 0.0)	(90.0, 0.0)	(91.0, 0.0)	(92.0, 0.0)	(93.0, 0.0)	(94.0, 0.0)	(95.0, 0.0)	(96.0, 0.0)	(97.0, 0.0)	(98.0, 0.0)	(99.0, 0.0)	(100.0, 0.0)
SRR19621201_2	(0.0, 0.0)	(1.0, 0.0)	(2.0, 0.0)	(3.0, 0.0)	(4.0, 0.0)	(5.0, 0.0)	(6.0, 0.0)	(7.0, 0.0)	(8.0, 0.0)	(9.0, 0.0)	(10.0, 0.0)	(11.0, 0.0)	(12.0, 0.0)	(13.0, 0.0)	(14.0, 0.0)	(15.0, 0.0)	(16.0, 0.0)	(17.0, 0.0)	(18.0, 0.0)	(19.0, 0.0)	(20.0, 0.0)	(21.0, 0.0)	(22.0, 0.0)	(23.0, 0.0)	(24.0, 0.0)	(25.0, 0.0)	(26.0, 0.0)	(27.0, 0.0)	(28.0, 0.0)	(29.0, 0.0)	(30.0, 0.0)	(31.0, 0.0)	(32.0, 0.0)	(33.0, 0.0028551850159889394)	(34.0, 0.0014275925079944697)	(35.0, 0.0014275925079944697)	(36.0, 0.008565555047966817)	(37.0, 0.009993147555961288)	(38.0, 0.009993147555961288)	(39.0, 0.025696665143900448)	(40.0, 0.09779008679762113)	(41.0, 0.12348675194152148)	(42.0, 0.13633508451347168)	(43.0, 0.20557332115120394)	(44.0, 0.2391217450890742)	(45.0, 0.25411146642301624)	(46.0, 0.656692553677456)	(47.0, 2.4718764275924063)	(48.0, 3.278466194609373)	(49.0, 2.528266331658194)	(50.0, 2.706715395157523)	(51.0, 10.36003883051579)	(52.0, 12.02746687985409)	(53.0, 10.375742348103739)	(54.0, 19.987722704431537)	(55.0, 14.861238008224403)	(56.0, 9.704773869346033)	(57.0, 4.3070465966195055)	(58.0, 1.12066011877567)	(59.0, 0.785175879396962)	(60.0, 0.2755253540429334)	(61.0, 0.1855870260392812)	(62.0, 0.1327661032434855)	(63.0, 0.09136592051164603)	(64.0, 0.1284833257195021)	(65.0, 0.05424851530378987)	(66.0, 0.06566925536774566)	(67.0, 0.09564869803562943)	(68.0, 0.09707629054362389)	(69.0, 0.09136592051164603)	(70.0, 0.1327661032434855)	(71.0, 0.8194380995888302)	(72.0, 1.0721219735038585)	(73.0, 0.33548423937870026)	(74.0, 0.08708314298766265)	(75.0, 0.019986295111922577)	(76.0, 0.005710370031977879)	(77.0, 0.004282777523983409)	(78.0, 0.0014275925079944697)	(79.0, 0.0028551850159889394)	(80.0, 0.0014275925079944697)	(81.0, 0.0)	(82.0, 0.0)	(83.0, 0.0014275925079944697)	(84.0, 0.0028551850159889394)	(85.0, 0.0014275925079944697)	(86.0, 0.0014275925079944697)	(87.0, 0.0)	(88.0, 0.0)	(89.0, 0.0)	(90.0, 0.0)	(91.0, 0.0)	(92.0, 0.0)	(93.0, 0.0)	(94.0, 0.0)	(95.0, 0.0028551850159889394)	(96.0, 0.0014275925079944697)	(97.0, 0.0)	(98.0, 0.0)	(99.0, 0.0)	(100.0, 0.0)
SRR19621202_1	(0.0, 0.0)	(1.0, 0.0)	(2.0, 0.0)	(3.0, 0.0)	(4.0, 0.0)	(5.0, 0.0)	(6.0, 0.0)	(7.0, 0.0)	(8.0, 0.0)	(9.0, 0.0)	(10.0, 0.0)	(11.0, 0.0)	(12.0, 0.0)	(13.0, 0.0)	(14.0, 0.0)	(15.0, 0.0)	(16.0, 0.0)	(17.0, 0.0)	(18.0, 0.0)	(19.0, 0.0)	(20.0, 0.0)	(21.0, 0.0)	(22.0, 0.0)	(23.0, 0.0)	(24.0, 0.0)	(25.0, 0.0)	(26.0, 0.0)	(27.0, 0.0)	(28.0, 0.0)	(29.0, 0.0)	(30.0, 0.0)	(31.0, 0.0)	(32.0, 0.0)	(33.0, 0.0027120482744591875)	(34.0, 0.0)	(35.0, 0.0)	(36.0, 0.0013560241372295937)	(37.0, 0.004068072411688781)	(38.0, 0.006780120686147968)	(39.0, 0.02712048274459187)	(40.0, 0.05559698962641338)	(41.0, 0.07322530341039808)	(42.0, 0.1057698827039082)	(43.0, 0.1762831378398473)	(44.0, 0.19119940334937296)	(45.0, 0.22645603091734265)	(46.0, 0.5668180893619685)	(47.0, 0.6305512238117612)	(48.0, 0.9356566546884286)	(49.0, 2.5384771848938037)	(50.0, 6.814021289578295)	(51.0, 10.464438267000988)	(52.0, 11.38789070445476)	(53.0, 12.68153773137238)	(54.0, 10.341040070513039)	(55.0, 14.592175740729749)	(56.0, 5.117635093904459)	(57.0, 10.113228015458363)	(58.0, 9.264356905552251)	(59.0, 0.9939656925893027)	(60.0, 0.3444301308563163)	(61.0, 0.14780663095802565)	(62.0, 0.08949759305715316)	(63.0, 0.12475422062512245)	(64.0, 0.21696386195673542)	(65.0, 0.0962777137433011)	(66.0, 0.14780663095802565)	(67.0, 0.29425723777882207)	(68.0, 0.42714760322732037)	(69.0, 0.47189639975589637)	(70.0, 0.21018374127058742)	(71.0, 0.08678554478269397)	(72.0, 0.02305241033290309)	(73.0, 0.006780120686147968)	(74.0, 0.0)	(75.0, 0.0)	(76.0, 0.0)	(77.0, 0.0)	(78.0, 0.0)	(79.0, 0.0)	(80.0, 0.0)	(81.0, 0.0)	(82.0, 0.0)	(83.0, 0.0)	(84.0, 0.0)	(85.0, 0.0)	(86.0, 0.0)	(87.0, 0.0)	(88.0, 0.0)	(89.0, 0.0)	(90.0, 0.0)	(91.0, 0.0)	(92.0, 0.0)	(93.0, 0.0)	(94.0, 0.0)	(95.0, 0.0)	(96.0, 0.0)	(97.0, 0.0)	(98.0, 0.0)	(99.0, 0.0)	(100.0, 0.0)
SRR19621202_2	(0.0, 0.0)	(1.0, 0.0)	(2.0, 0.0)	(3.0, 0.0)	(4.0, 0.0)	(5.0, 0.0)	(6.0, 0.0)	(7.0, 0.0)	(8.0, 0.0)	(9.0, 0.0)	(10.0, 0.0)	(11.0, 0.0)	(12.0, 0.0)	(13.0, 0.0)	(14.0, 0.0)	(15.0, 0.0)	(16.0, 0.0)	(17.0, 0.0)	(18.0, 0.0)	(19.0, 0.0)	(20.0, 0.0)	(21.0, 0.0)	(22.0, 0.0)	(23.0, 0.0)	(24.0, 0.0)	(25.0, 0.0)	(26.0, 0.0)	(27.0, 0.0)	(28.0, 0.0)	(29.0, 0.001362230789140279)	(30.0, 0.001362230789140279)	(31.0, 0.0)	(32.0, 0.0)	(33.0, 0.001362230789140279)	(34.0, 0.001362230789140279)	(35.0, 0.0)	(36.0, 0.004767807761990976)	(37.0, 0.011578961707692372)	(38.0, 0.018390115653393768)	(39.0, 0.019752346442534045)	(40.0, 0.0531270007764709)	(41.0, 0.13281750194117703)	(42.0, 0.15325096377828135)	(43.0, 0.12804969417918605)	(44.0, 0.18253892574479758)	(45.0, 0.20024792600362132)	(46.0, 0.3119508507131239)	(47.0, 0.67634758680815)	(48.0, 0.6497840864199137)	(49.0, 1.3050170959963845)	(50.0, 3.5813047446499144)	(51.0, 7.6632293043080395)	(52.0, 9.922489068097736)	(53.0, 10.611777847403031)	(54.0, 11.51766132218173)	(55.0, 9.083354901986944)	(56.0, 12.33908648803369)	(57.0, 10.70032284869719)	(58.0, 1.9561634132054009)	(59.0, 0.8173384734841728)	(60.0, 2.481984497813585)	(61.0, 9.953820376247977)	(62.0, 2.807557656418149)	(63.0, 0.5557901619692318)	(64.0, 0.18117669495565727)	(65.0, 0.16755438706425438)	(66.0, 0.22204361862986594)	(67.0, 0.2043346183710422)	(68.0, 0.21523246468416452)	(69.0, 0.6974621640398249)	(70.0, 0.13486084812488747)	(71.0, 0.08037161655927645)	(72.0, 0.18526338732307812)	(73.0, 0.0463158468307695)	(74.0, 0.004086692367420837)	(75.0, 0.002724461578280558)	(76.0, 0.002724461578280558)	(77.0, 0.002724461578280558)	(78.0, 0.0)	(79.0, 0.0)	(80.0, 0.0)	(81.0, 0.002724461578280558)	(82.0, 0.001362230789140279)	(83.0, 0.0)	(84.0, 0.0)	(85.0, 0.0)	(86.0, 0.0)	(87.0, 0.0)	(88.0, 0.0)	(89.0, 0.0)	(90.0, 0.001362230789140279)	(91.0, 0.001362230789140279)	(92.0, 0.0)	(93.0, 0.0)	(94.0, 0.0)	(95.0, 0.0)	(96.0, 0.0)	(97.0, 0.0)	(98.0, 0.001362230789140279)	(99.0, 0.0)	(100.0, 0.0)
SRR19621203_1	(0.0, 0.0)	(1.0, 0.0)	(2.0, 0.0)	(3.0, 0.0)	(4.0, 0.0)	(5.0, 0.0)	(6.0, 0.0)	(7.0, 0.0)	(8.0, 0.0)	(9.0, 0.0)	(10.0, 0.0)	(11.0, 0.0)	(12.0, 0.0)	(13.0, 0.0)	(14.0, 0.0)	(15.0, 0.0)	(16.0, 0.0)	(17.0, 0.0)	(18.0, 0.0)	(19.0, 0.0)	(20.0, 0.0)	(21.0, 0.0)	(22.0, 0.0)	(23.0, 0.0)	(24.0, 0.0)	(25.0, 0.0)	(26.0, 0.0)	(27.0, 0.0)	(28.0, 0.0)	(29.0, 0.0)	(30.0, 0.0)	(31.0, 0.0)	(32.0, 0.0)	(33.0, 0.0)	(34.0, 0.0)	(35.0, 0.0)	(36.0, 0.0027788970557588153)	(37.0, 0.015283933806673486)	(38.0, 0.025010073501829336)	(39.0, 0.04446235289214106)	(40.0, 0.09587194842367908)	(41.0, 0.11671367634187013)	(42.0, 0.12921871309278476)	(43.0, 0.1709021689291672)	(44.0, 0.2028594850703938)	(45.0, 0.27650025704800274)	(46.0, 0.4015506245571477)	(47.0, 0.5488321685123635)	(48.0, 0.6308096316572509)	(49.0, 1.004571285656822)	(50.0, 2.36345194592285)	(51.0, 10.268024621028834)	(52.0, 19.727390198832524)	(53.0, 31.2292451126078)	(54.0, 19.456447735896283)	(55.0, 8.104653263119907)	(56.0, 2.0494365786220827)	(57.0, 0.746133859471245)	(58.0, 0.3723722054716805)	(59.0, 0.17923886009644374)	(60.0, 0.07780911756124684)	(61.0, 0.047241249947899876)	(62.0, 0.04446235289214106)	(63.0, 0.03334676466910577)	(64.0, 0.036125661724864595)	(65.0, 0.037515110252744004)	(66.0, 0.04029400730850282)	(67.0, 0.04585180142002047)	(68.0, 0.6266412860736125)	(69.0, 0.625251837545733)	(70.0, 0.12505036750914655)	(71.0, 0.052799044059417516)	(72.0, 0.029178419085467554)	(73.0, 0.009726139695155855)	(74.0, 0.0027788970557588153)	(75.0, 0.0027788970557588153)	(76.0, 0.0013894485278794077)	(77.0, 0.0)	(78.0, 0.0)	(79.0, 0.0)	(80.0, 0.0)	(81.0, 0.0)	(82.0, 0.0)	(83.0, 0.0)	(84.0, 0.0)	(85.0, 0.0)	(86.0, 0.0)	(87.0, 0.0)	(88.0, 0.0)	(89.0, 0.0)	(90.0, 0.0)	(91.0, 0.0)	(92.0, 0.0)	(93.0, 0.0)	(94.0, 0.0)	(95.0, 0.0)	(96.0, 0.0)	(97.0, 0.0)	(98.0, 0.0)	(99.0, 0.0)	(100.0, 0.0)
SRR19621203_2	(0.0, 0.0)	(1.0, 0.0)	(2.0, 0.0)	(3.0, 0.0)	(4.0, 0.0)	(5.0, 0.0)	(6.0, 0.0)	(7.0, 0.0)	(8.0, 0.0)	(9.0, 0.0)	(10.0, 0.0)	(11.0, 0.0)	(12.0, 0.0)	(13.0, 0.0)	(14.0, 0.0)	(15.0, 0.0)	(16.0, 0.0)	(17.0, 0.0)	(18.0, 0.0013765667049812098)	(19.0, 0.0)	(20.0, 0.0)	(21.0, 0.0)	(22.0, 0.0)	(23.0, 0.0)	(24.0, 0.0)	(25.0, 0.0)	(26.0, 0.0)	(27.0, 0.0)	(28.0, 0.0)	(29.0, 0.0)	(30.0, 0.0)	(31.0, 0.0)	(32.0, 0.0)	(33.0, 0.0)	(34.0, 0.0013765667049812098)	(35.0, 0.0013765667049812098)	(36.0, 0.0027531334099624195)	(37.0, 0.016518800459774517)	(38.0, 0.019960217222227544)	(39.0, 0.04611498461687054)	(40.0, 0.11907301998087452)	(41.0, 0.12595585350578054)	(42.0, 0.1562403210153673)	(43.0, 0.19684903881231328)	(44.0, 0.21061470586212547)	(45.0, 0.19753732216480388)	(46.0, 0.293208708160998)	(47.0, 0.5148359476629697)	(48.0, 0.5251601979503285)	(49.0, 0.6965427527204938)	(50.0, 1.4564075738701092)	(51.0, 6.984699461074224)	(52.0, 9.27186504140054)	(53.0, 11.795111811632246)	(54.0, 29.968545450784635)	(55.0, 19.00625649567674)	(56.0, 10.377936388853444)	(57.0, 4.578460860767616)	(58.0, 0.8534713570883564)	(59.0, 0.3813089772797942)	(60.0, 0.25053514030658086)	(61.0, 0.22300380620695645)	(62.0, 0.07020490195404173)	(63.0, 0.056439234904229627)	(64.0, 0.0633220684291357)	(65.0, 0.038543867739473874)	(66.0, 0.04405013455939872)	(67.0, 0.041297001149436297)	(68.0, 0.04680326796936114)	(69.0, 0.052309534789285995)	(70.0, 0.0881002691187974)	(71.0, 0.3069743752108099)	(72.0, 0.5396141483526316)	(73.0, 0.28081960781616727)	(74.0, 0.06607520183909811)	(75.0, 0.017895367164755725)	(76.0, 0.005506266819924839)	(77.0, 0.0027531334099624195)	(78.0, 0.0)	(79.0, 0.0013765667049812098)	(80.0, 0.0)	(81.0, 0.0)	(82.0, 0.0)	(83.0, 0.0)	(84.0, 0.0)	(85.0, 0.0)	(86.0, 0.0)	(87.0, 0.0)	(88.0, 0.0)	(89.0, 0.0)	(90.0, 0.0)	(91.0, 0.0)	(92.0, 0.0)	(93.0, 0.0)	(94.0, 0.0013765667049812098)	(95.0, 0.0)	(96.0, 0.0)	(97.0, 0.0013765667049812098)	(98.0, 0.0)	(99.0, 0.0)	(100.0, 0.0020648500574718147)
SRR19621204_1	(0.0, 0.0)	(1.0, 0.0)	(2.0, 0.0)	(3.0, 0.0)	(4.0, 0.0)	(5.0, 0.0)	(6.0, 0.0)	(7.0, 0.0)	(8.0, 0.0)	(9.0, 0.0)	(10.0, 0.0)	(11.0, 0.0)	(12.0, 0.0)	(13.0, 0.0)	(14.0, 0.0)	(15.0, 0.0)	(16.0, 0.0)	(17.0, 0.0)	(18.0, 0.0)	(19.0, 0.0)	(20.0, 0.0)	(21.0, 0.0)	(22.0, 0.0)	(23.0, 0.0)	(24.0, 0.0)	(25.0, 0.0)	(26.0, 0.0)	(27.0, 0.0)	(28.0, 0.0)	(29.0, 0.0)	(30.0, 0.0)	(31.0, 0.0)	(32.0, 0.0)	(33.0, 0.0)	(34.0, 0.0)	(35.0, 0.0)	(36.0, 0.0014516948537415958)	(37.0, 0.004355084561224788)	(38.0, 0.011613558829932766)	(39.0, 0.023227117659865532)	(40.0, 0.06532626841837186)	(41.0, 0.09581186034694529)	(42.0, 0.1088771140306196)	(43.0, 0.13065253683674347)	(44.0, 0.17565507730273316)	(45.0, 0.23517456630613903)	(46.0, 0.5226101473469719)	(47.0, 0.4500254046598931)	(48.0, 1.599767728823224)	(49.0, 2.778543950061426)	(50.0, 8.881469115190281)	(51.0, 17.638092472963542)	(52.0, 16.89482470784751)	(53.0, 16.041228133847063)	(54.0, 15.062785802424782)	(55.0, 11.792117296943479)	(56.0, 3.7308557741160215)	(57.0, 1.945271104013704)	(58.0, 1.1889380852143754)	(59.0, 0.23517456630613903)	(60.0, 0.11758728315306914)	(61.0, 0.07113304783333825)	(62.0, 0.04064745590476468)	(63.0, 0.024678812513607127)	(64.0, 0.049357625027214275)	(65.0, 0.039195761051023084)	(66.0, 0.00725847426870798)	(67.0, 0.005806779414966383)	(68.0, 0.01016186397619117)	(69.0, 0.01016186397619117)	(70.0, 0.0029033897074831915)	(71.0, 0.0029033897074831915)	(72.0, 0.0029033897074831915)	(73.0, 0.0)	(74.0, 0.0014516948537415958)	(75.0, 0.0)	(76.0, 0.0)	(77.0, 0.0)	(78.0, 0.0)	(79.0, 0.0)	(80.0, 0.0)	(81.0, 0.0)	(82.0, 0.0)	(83.0, 0.0)	(84.0, 0.0)	(85.0, 0.0)	(86.0, 0.0)	(87.0, 0.0)	(88.0, 0.0)	(89.0, 0.0)	(90.0, 0.0)	(91.0, 0.0)	(92.0, 0.0)	(93.0, 0.0)	(94.0, 0.0)	(95.0, 0.0)	(96.0, 0.0)	(97.0, 0.0)	(98.0, 0.0)	(99.0, 0.0)	(100.0, 0.0)
SRR19621204_2	(0.0, 0.0)	(1.0, 0.0)	(2.0, 0.0)	(3.0, 0.0)	(4.0, 0.0)	(5.0, 0.0)	(6.0, 0.0)	(7.0, 0.0)	(8.0, 0.0)	(9.0, 0.0)	(10.0, 0.0)	(11.0, 0.0)	(12.0, 0.0)	(13.0, 0.0)	(14.0, 0.0)	(15.0, 0.0)	(16.0, 0.0)	(17.0, 0.0)	(18.0, 0.0)	(19.0, 0.0)	(20.0, 0.0)	(21.0, 0.0)	(22.0, 0.0)	(23.0, 0.0)	(24.0, 0.0)	(25.0, 0.0)	(26.0, 0.0)	(27.0, 0.0)	(28.0, 0.0)	(29.0, 0.0)	(30.0, 0.0)	(31.0, 0.0)	(32.0, 0.0)	(33.0, 0.0)	(34.0, 0.0)	(35.0, 0.0)	(36.0, 0.0029329813755680882)	(37.0, 0.011731925502272353)	(38.0, 0.020530869628976614)	(39.0, 0.03959524857016918)	(40.0, 0.06892506232585012)	(41.0, 0.0982548760815309)	(42.0, 0.13711687930780794)	(43.0, 0.14371608740283615)	(44.0, 0.17671212787797735)	(45.0, 0.1891772987241418)	(46.0, 0.22730605660652722)	(47.0, 0.6745857163806602)	(48.0, 1.5016864642908527)	(49.0, 2.767267927848498)	(50.0, 6.280979615778862)	(51.0, 11.667399912010243)	(52.0, 11.192256929167996)	(53.0, 12.855257369115858)	(54.0, 13.955125384954393)	(55.0, 16.59040915090352)	(56.0, 12.19533655961274)	(57.0, 5.232438774013508)	(58.0, 0.9986801583809432)	(59.0, 0.36955565332157864)	(60.0, 1.04414136970225)	(61.0, 1.0954685437746927)	(62.0, 0.19797624285084614)	(63.0, 0.07772400645255435)	(64.0, 0.036662267194601084)	(65.0, 0.021997360316760656)	(66.0, 0.021997360316760656)	(67.0, 0.051327174072441556)	(68.0, 0.016131397565624487)	(69.0, 0.007332453438920219)	(70.0, 0.007332453438920219)	(71.0, 0.004399472063352132)	(72.0, 0.0029329813755680882)	(73.0, 0.0029329813755680882)	(74.0, 0.0014664906877840441)	(75.0, 0.0)	(76.0, 0.0014664906877840441)	(77.0, 0.0029329813755680882)	(78.0, 0.0)	(79.0, 0.0)	(80.0, 0.0014664906877840441)	(81.0, 0.0014664906877840441)	(82.0, 0.0)	(83.0, 0.0)	(84.0, 0.0)	(85.0, 0.0)	(86.0, 0.0)	(87.0, 0.0)	(88.0, 0.0)	(89.0, 0.0)	(90.0, 0.0)	(91.0, 0.0014664906877840441)	(92.0, 0.0)	(93.0, 0.0)	(94.0, 0.0)	(95.0, 0.0)	(96.0, 0.0)	(97.0, 0.0)	(98.0, 0.0)	(99.0, 0.0)	(100.0, 0.004399472063352132)
SRR19621205_1	(0.0, 0.0)	(1.0, 0.0)	(2.0, 0.0)	(3.0, 0.0)	(4.0, 0.0)	(5.0, 0.0)	(6.0, 0.0)	(7.0, 0.0)	(8.0, 0.0)	(9.0, 0.0)	(10.0, 0.0)	(11.0, 0.0)	(12.0, 0.0)	(13.0, 0.0)	(14.0, 0.0)	(15.0, 0.0)	(16.0, 0.0)	(17.0, 0.0)	(18.0, 0.0)	(19.0, 0.0)	(20.0, 0.0)	(21.0, 0.0)	(22.0, 0.0)	(23.0, 0.0)	(24.0, 0.0)	(25.0, 0.0)	(26.0, 0.0)	(27.0, 0.0)	(28.0, 0.0)	(29.0, 0.0)	(30.0, 0.0)	(31.0, 0.0)	(32.0, 0.0)	(33.0, 0.0)	(34.0, 0.0)	(35.0, 0.0)	(36.0, 0.0029577048210585643)	(37.0, 0.00739426205264641)	(38.0, 0.010351966873704974)	(39.0, 0.041407867494819894)	(40.0, 0.07542147293699343)	(41.0, 0.10943507837916679)	(42.0, 0.15823720792663307)	(43.0, 0.19668737060039468)	(44.0, 0.20408163265304116)	(45.0, 0.3771073646849664)	(46.0, 0.8118899733805797)	(47.0, 0.9020999704228683)	(48.0, 1.2821650399288922)	(49.0, 2.070393374740955)	(50.0, 5.346051464063378)	(51.0, 12.457852706299379)	(52.0, 16.490683229814564)	(53.0, 18.48417627920852)	(54.0, 18.986986098788016)	(55.0, 12.870452528837237)	(56.0, 4.445430346051217)	(57.0, 2.953268263827002)	(58.0, 0.8887902987281044)	(59.0, 0.28246081041109367)	(60.0, 0.18929310854774822)	(61.0, 0.11830819284234244)	(62.0, 0.05175983436852488)	(63.0, 0.02957704821058563)	(64.0, 0.04436557231587846)	(65.0, 0.03845016267376132)	(66.0, 0.019225081336880667)	(67.0, 0.017746228926351387)	(68.0, 0.01330967169476354)	(69.0, 0.01330967169476354)	(70.0, 0.004436557231587847)	(71.0, 0.0)	(72.0, 0.0029577048210585643)	(73.0, 0.0)	(74.0, 0.0)	(75.0, 0.0)	(76.0, 0.0)	(77.0, 0.0)	(78.0, 0.0)	(79.0, 0.0)	(80.0, 0.0)	(81.0, 0.0)	(82.0, 0.0)	(83.0, 0.0)	(84.0, 0.0)	(85.0, 0.0)	(86.0, 0.0)	(87.0, 0.0)	(88.0, 0.0)	(89.0, 0.0)	(90.0, 0.0)	(91.0, 0.0)	(92.0, 0.0)	(93.0, 0.0)	(94.0, 0.0014788524105292821)	(95.0, 0.0)	(96.0, 0.0)	(97.0, 0.0)	(98.0, 0.0)	(99.0, 0.0)	(100.0, 0.0)
SRR19621205_2	(0.0, 0.0)	(1.0, 0.0)	(2.0, 0.0)	(3.0, 0.0)	(4.0, 0.0)	(5.0, 0.0)	(6.0, 0.0)	(7.0, 0.0)	(8.0, 0.0)	(9.0, 0.0)	(10.0, 0.0)	(11.0, 0.0)	(12.0, 0.0)	(13.0, 0.0)	(14.0, 0.0)	(15.0, 0.0)	(16.0, 0.0)	(17.0, 0.0)	(18.0, 0.0)	(19.0, 0.0)	(20.0, 0.0)	(21.0, 0.0)	(22.0, 0.0)	(23.0, 0.0)	(24.0, 0.0)	(25.0, 0.0)	(26.0, 0.0)	(27.0, 0.0014598113923679848)	(28.0, 0.0014598113923679848)	(29.0, 0.0)	(30.0, 0.0)	(31.0, 0.0)	(32.0, 0.0)	(33.0, 0.0014598113923679848)	(34.0, 0.0029196227847359695)	(35.0, 0.0029196227847359695)	(36.0, 0.005839245569471939)	(37.0, 0.010218679746575893)	(38.0, 0.017517736708415818)	(39.0, 0.029196227847359688)	(40.0, 0.08174943797260716)	(41.0, 0.12481387404746257)	(42.0, 0.15619981898337432)	(43.0, 0.14525123354061434)	(44.0, 0.19634463227349414)	(45.0, 0.25838661644913397)	(46.0, 0.40436775568593086)	(47.0, 1.165659396805846)	(48.0, 1.1218650550348093)	(49.0, 1.7043298005896022)	(50.0, 4.007182272050268)	(51.0, 7.9457534086583586)	(52.0, 12.738314209803933)	(53.0, 12.085778517415148)	(54.0, 16.05427578756932)	(55.0, 18.899448191294507)	(56.0, 15.758663980614667)	(57.0, 4.1765203935649735)	(58.0, 0.9955913695949747)	(59.0, 0.38539020758514725)	(60.0, 0.513853610113528)	(61.0, 0.5372105923914156)	(62.0, 0.16641849872995024)	(63.0, 0.07445038101076726)	(64.0, 0.0613120784794554)	(65.0, 0.029196227847359688)	(66.0, 0.036495284809199606)	(67.0, 0.04671396455577552)	(68.0, 0.016057925316047834)	(69.0, 0.020437359493151785)	(70.0, 0.010218679746575893)	(71.0, 0.0)	(72.0, 0.0043794341771039545)	(73.0, 0.0014598113923679848)	(74.0, 0.0)	(75.0, 0.0)	(76.0, 0.0)	(77.0, 0.0)	(78.0, 0.0)	(79.0, 0.0)	(80.0, 0.0)	(81.0, 0.0)	(82.0, 0.0)	(83.0, 0.0)	(84.0, 0.0)	(85.0, 0.0)	(86.0, 0.0)	(87.0, 0.0)	(88.0, 0.0)	(89.0, 0.0)	(90.0, 0.0)	(91.0, 0.0014598113923679848)	(92.0, 0.0)	(93.0, 0.0)	(94.0, 0.0)	(95.0, 0.0)	(96.0, 0.0)	(97.0, 0.0)	(98.0, 0.0)	(99.0, 0.0014598113923679848)	(100.0, 0.0)
SRR19621206_1	(0.0, 0.0)	(1.0, 0.0)	(2.0, 0.0)	(3.0, 0.0)	(4.0, 0.0)	(5.0, 0.0)	(6.0, 0.0)	(7.0, 0.0)	(8.0, 0.0)	(9.0, 0.0)	(10.0, 0.0)	(11.0, 0.0)	(12.0, 0.0)	(13.0, 0.0)	(14.0, 0.0)	(15.0, 0.0)	(16.0, 0.0)	(17.0, 0.0)	(18.0, 0.0)	(19.0, 0.0)	(20.0, 0.0)	(21.0, 0.0)	(22.0, 0.0)	(23.0, 0.0)	(24.0, 0.0)	(25.0, 0.0)	(26.0, 0.0)	(27.0, 0.0)	(28.0, 0.0)	(29.0, 0.0)	(30.0, 0.0)	(31.0, 0.0)	(32.0, 0.0)	(33.0, 0.0)	(34.0, 0.0012792304149823065)	(35.0, 0.0012792304149823065)	(36.0, 0.0038376912449469194)	(37.0, 0.007675382489893839)	(38.0, 0.012792304149823066)	(39.0, 0.025584608299646122)	(40.0, 0.06268229033413306)	(41.0, 0.08698766821879679)	(42.0, 0.0908253594637437)	(43.0, 0.11896842859335434)	(44.0, 0.16757918436268227)	(45.0, 0.21618994013201026)	(46.0, 0.38248989407970835)	(47.0, 0.4912244793532029)	(48.0, 1.1756127513687398)	(49.0, 2.7234815534973715)	(50.0, 6.1978713605889375)	(51.0, 14.534615975031286)	(52.0, 19.551757662588944)	(53.0, 20.669805045282462)	(54.0, 14.718825154788822)	(55.0, 11.330143785499152)	(56.0, 4.090978867113558)	(57.0, 1.7755718159954075)	(58.0, 0.9402343550120053)	(59.0, 0.18804687100239934)	(60.0, 0.1279230414982305)	(61.0, 0.0985007419536375)	(62.0, 0.058844599089186135)	(63.0, 0.03453922120452227)	(64.0, 0.04349383410939843)	(65.0, 0.03581845161950458)	(66.0, 0.0204676866397169)	(67.0, 0.0012792304149823065)	(68.0, 0.0038376912449469194)	(69.0, 0.006396152074911531)	(70.0, 0.002558460829964613)	(71.0, 0.0)	(72.0, 0.0)	(73.0, 0.0)	(74.0, 0.0)	(75.0, 0.0)	(76.0, 0.0)	(77.0, 0.0)	(78.0, 0.0)	(79.0, 0.0)	(80.0, 0.0)	(81.0, 0.0)	(82.0, 0.0)	(83.0, 0.0)	(84.0, 0.0)	(85.0, 0.0)	(86.0, 0.0)	(87.0, 0.0)	(88.0, 0.0)	(89.0, 0.0)	(90.0, 0.0)	(91.0, 0.0)	(92.0, 0.0)	(93.0, 0.0)	(94.0, 0.0)	(95.0, 0.0)	(96.0, 0.0)	(97.0, 0.0)	(98.0, 0.0)	(99.0, 0.0)	(100.0, 0.0)
SRR19621206_2	(0.0, 0.0)	(1.0, 0.0)	(2.0, 0.0)	(3.0, 0.0)	(4.0, 0.0)	(5.0, 0.0)	(6.0, 0.0)	(7.0, 0.0)	(8.0, 0.0)	(9.0, 0.0)	(10.0, 0.0)	(11.0, 0.0)	(12.0, 0.0)	(13.0, 0.0)	(14.0, 0.0)	(15.0, 0.0)	(16.0, 0.0)	(17.0, 0.0)	(18.0, 0.0)	(19.0, 0.0)	(20.0, 0.0)	(21.0, 0.0)	(22.0, 0.0)	(23.0, 0.0)	(24.0, 0.0)	(25.0, 0.0)	(26.0, 0.0)	(27.0, 0.0)	(28.0, 0.0)	(29.0, 0.0)	(30.0, 0.0)	(31.0, 0.0)	(32.0, 0.0)	(33.0, 0.0)	(34.0, 0.0)	(35.0, 0.0)	(36.0, 0.0)	(37.0, 0.003842311534618949)	(38.0, 0.008965393580777548)	(39.0, 0.030738492276951582)	(40.0, 0.07620584543660915)	(41.0, 0.08389046850584701)	(42.0, 0.11398857552702868)	(43.0, 0.13704244473474245)	(44.0, 0.16778093701169428)	(45.0, 0.18763287994055897)	(46.0, 0.2644791106329381)	(47.0, 0.58403135326208)	(48.0, 1.0419068111375127)	(49.0, 2.605727605727446)	(50.0, 7.404774712465875)	(51.0, 9.251645790106574)	(52.0, 11.247726632342024)	(53.0, 14.610389610390904)	(54.0, 17.610594533671343)	(55.0, 15.41215195061509)	(56.0, 11.211865058018898)	(57.0, 4.659443120981259)	(58.0, 0.8670816363123507)	(59.0, 0.25999641384254935)	(60.0, 0.8248162094315411)	(61.0, 0.8850124234739063)	(62.0, 0.17162324854631322)	(63.0, 0.08581162427315649)	(64.0, 0.06531929608852217)	(65.0, 0.023053869207713688)	(66.0, 0.023053869207713688)	(67.0, 0.0435461973923481)	(68.0, 0.016650016650015448)	(69.0, 0.0064038525576982485)	(70.0, 0.0025615410230792994)	(71.0, 0.0012807705115396497)	(72.0, 0.0012807705115396497)	(73.0, 0.0025615410230792994)	(74.0, 0.0)	(75.0, 0.0012807705115396497)	(76.0, 0.0)	(77.0, 0.0)	(78.0, 0.0012807705115396497)	(79.0, 0.0)	(80.0, 0.0)	(81.0, 0.0)	(82.0, 0.0)	(83.0, 0.0)	(84.0, 0.0)	(85.0, 0.0)	(86.0, 0.0)	(87.0, 0.0)	(88.0, 0.0012807705115396497)	(89.0, 0.0)	(90.0, 0.0)	(91.0, 0.0)	(92.0, 0.0012807705115396497)	(93.0, 0.0)	(94.0, 0.0)	(95.0, 0.0)	(96.0, 0.0)	(97.0, 0.0)	(98.0, 0.0)	(99.0, 0.0)	(100.0, 0.0)
SRR19621207_1	(0.0, 0.0)	(1.0, 0.0)	(2.0, 0.0)	(3.0, 0.0)	(4.0, 0.0)	(5.0, 0.0)	(6.0, 0.0)	(7.0, 0.0)	(8.0, 0.0)	(9.0, 0.0)	(10.0, 0.0)	(11.0, 0.0)	(12.0, 0.0)	(13.0, 0.0)	(14.0, 0.0)	(15.0, 0.0)	(16.0, 0.0)	(17.0, 0.0)	(18.0, 0.0)	(19.0, 0.0)	(20.0, 0.0)	(21.0, 0.0)	(22.0, 0.0)	(23.0, 0.0)	(24.0, 0.0)	(25.0, 0.0)	(26.0, 0.0)	(27.0, 0.0)	(28.0, 0.0)	(29.0, 0.0)	(30.0, 0.0)	(31.0, 0.0)	(32.0, 0.0)	(33.0, 0.0)	(34.0, 0.0)	(35.0, 0.0)	(36.0, 0.004038259625479528)	(37.0, 0.0069227307865363345)	(38.0, 0.01096099041201586)	(39.0, 0.031152288539413514)	(40.0, 0.068650413633152)	(41.0, 0.10557164449467937)	(42.0, 0.14133908689178337)	(43.0, 0.19037509662974836)	(44.0, 0.2272963274912752)	(45.0, 0.33402176045038007)	(46.0, 0.6980420209757376)	(47.0, 1.4837719652476689)	(48.0, 2.027783226222957)	(49.0, 2.1668147361858634)	(50.0, 4.07345017364434)	(51.0, 11.005411267893866)	(52.0, 31.813409329535773)	(53.0, 24.15167703154162)	(54.0, 9.85681485156209)	(55.0, 5.778172629829688)	(56.0, 1.9718244856984677)	(57.0, 0.9189925119126819)	(58.0, 0.2792168083902992)	(59.0, 0.1326856734086131)	(60.0, 0.1067254329591021)	(61.0, 0.07268867325863156)	(62.0, 0.05480495206007924)	(63.0, 0.1448004522850515)	(64.0, 0.5145896551325352)	(65.0, 0.45343886651813436)	(66.0, 0.31786872194846155)	(67.0, 0.06576594247209516)	(68.0, 0.17364516389561913)	(69.0, 0.507090030113788)	(70.0, 0.0703810963297861)	(71.0, 0.013845461573072664)	(72.0, 0.01153788464422722)	(73.0, 0.004038259625479528)	(74.0, 0.004038259625479528)	(75.0, 0.0017306826966340836)	(76.0, 0.0005768942322113612)	(77.0, 0.0017306826966340836)	(78.0, 0.0005768942322113612)	(79.0, 0.0)	(80.0, 0.0)	(81.0, 0.0)	(82.0, 0.0)	(83.0, 0.0)	(84.0, 0.0)	(85.0, 0.0)	(86.0, 0.0)	(87.0, 0.0)	(88.0, 0.0)	(89.0, 0.0)	(90.0, 0.0005768942322113612)	(91.0, 0.0005768942322113612)	(92.0, 0.0)	(93.0, 0.0)	(94.0, 0.0)	(95.0, 0.0)	(96.0, 0.0005768942322113612)	(97.0, 0.0)	(98.0, 0.0)	(99.0, 0.0)	(100.0, 0.0)
SRR19621207_2	(0.0, 0.0)	(1.0, 0.0)	(2.0, 0.0)	(3.0, 0.0)	(4.0, 0.0)	(5.0, 0.0)	(6.0, 0.0)	(7.0, 0.0)	(8.0, 0.0)	(9.0, 0.0)	(10.0, 0.0)	(11.0, 0.0)	(12.0, 0.0)	(13.0, 0.0)	(14.0, 0.0)	(15.0, 0.0)	(16.0, 0.0)	(17.0, 0.0)	(18.0, 0.0)	(19.0, 0.0)	(20.0, 0.0)	(21.0, 0.0)	(22.0, 0.0)	(23.0, 0.0)	(24.0, 0.0)	(25.0, 0.0)	(26.0, 0.0)	(27.0, 0.0)	(28.0, 0.0)	(29.0, 0.0)	(30.0, 0.0)	(31.0, 0.0005735819619943955)	(32.0, 0.002294327847977582)	(33.0, 0.0017207458859831864)	(34.0, 0.0005735819619943955)	(35.0, 0.0014339549049859888)	(36.0, 0.004301864714957967)	(37.0, 0.010898057277893515)	(38.0, 0.016347085916840268)	(39.0, 0.03355454477667214)	(40.0, 0.09378065078608387)	(41.0, 0.13393138812569133)	(42.0, 0.15085205600452575)	(43.0, 0.19272353923011606)	(44.0, 0.24176479698063708)	(45.0, 0.3375529846337038)	(46.0, 0.4038017012440583)	(47.0, 1.1242206455090227)	(48.0, 1.9217863636622659)	(49.0, 1.9648050108118358)	(50.0, 2.72652185634022)	(51.0, 4.015647315922665)	(52.0, 12.542229971946735)	(53.0, 29.69950041012283)	(54.0, 18.33110592338146)	(55.0, 11.789403646829776)	(56.0, 7.850616313817844)	(57.0, 2.817434597316311)	(58.0, 0.6900191002792486)	(59.0, 0.30973425947697486)	(60.0, 0.16805951486435736)	(61.0, 0.13651250695466605)	(62.0, 0.09980326138702507)	(63.0, 0.07800714683123787)	(64.0, 0.06768267151533867)	(65.0, 0.12848235948674464)	(66.0, 0.4043752832060528)	(67.0, 0.2529496452395281)	(68.0, 0.3590623082084943)	(69.0, 0.10439191708298025)	(70.0, 0.05735819619943948)	(71.0, 0.11528997436087372)	(72.0, 0.46115989744349783)	(73.0, 0.10725982689295224)	(74.0, 0.015486712973848677)	(75.0, 0.009750893353904722)	(76.0, 0.010324475315899116)	(77.0, 0.003441491771966373)	(78.0, 0.001147163923988791)	(79.0, 0.0005735819619943955)	(80.0, 0.0017207458859831864)	(81.0, 0.001147163923988791)	(82.0, 0.001147163923988791)	(83.0, 0.0017207458859831864)	(84.0, 0.0)	(85.0, 0.0)	(86.0, 0.0005735819619943955)	(87.0, 0.0005735819619943955)	(88.0, 0.0)	(89.0, 0.0005735819619943955)	(90.0, 0.0)	(91.0, 0.0)	(92.0, 0.0)	(93.0, 0.0005735819619943955)	(94.0, 0.0)	(95.0, 0.0)	(96.0, 0.0)	(97.0, 0.0)	(98.0, 0.0)	(99.0, 0.0)	(100.0, 0.0017207458859831864)
SRR19621208_1	(0.0, 0.0)	(1.0, 0.0)	(2.0, 0.0)	(3.0, 0.0)	(4.0, 0.0)	(5.0, 0.0)	(6.0, 0.0)	(7.0, 0.0)	(8.0, 0.0)	(9.0, 0.0)	(10.0, 0.0)	(11.0, 0.0)	(12.0, 0.0)	(13.0, 0.0)	(14.0, 0.0)	(15.0, 0.0)	(16.0, 0.0)	(17.0, 0.0)	(18.0, 0.0)	(19.0, 0.0)	(20.0, 0.0)	(21.0, 0.0)	(22.0, 0.0)	(23.0, 0.0)	(24.0, 0.0)	(25.0, 0.0)	(26.0, 0.0)	(27.0, 0.0)	(28.0, 0.0)	(29.0, 0.0)	(30.0, 0.0)	(31.0, 0.0)	(32.0, 0.0)	(33.0, 0.0)	(34.0, 0.0)	(35.0, 0.0005471058102636387)	(36.0, 0.0005471058102636387)	(37.0, 0.002188423241054555)	(38.0, 0.008753692964218218)	(39.0, 0.02079002079001828)	(40.0, 0.061822956559791156)	(41.0, 0.08753692964218236)	(42.0, 0.12145748987852784)	(43.0, 0.14115329904801854)	(44.0, 0.16905569537146373)	(45.0, 0.2790239632344565)	(46.0, 0.7604770762664432)	(47.0, 1.0433307801727627)	(48.0, 1.6621074515810086)	(49.0, 2.202647992121367)	(50.0, 5.4978662873399715)	(51.0, 10.102308786516238)	(52.0, 17.20100667469074)	(53.0, 22.95108874057204)	(54.0, 17.960936645148315)	(55.0, 12.561002297838794)	(56.0, 3.425429478060365)	(57.0, 1.140168508589438)	(58.0, 0.5996279680489426)	(59.0, 0.14115329904801854)	(60.0, 0.0815187657292823)	(61.0, 0.05088084035451833)	(62.0, 0.03392056023634559)	(63.0, 0.042674253200563776)	(64.0, 0.09683772841666428)	(65.0, 0.04103293576977286)	(66.0, 0.02680818470291831)	(67.0, 0.047051099682672876)	(68.0, 0.4628515154830407)	(69.0, 0.7982273771746321)	(70.0, 0.10942116205272796)	(71.0, 0.03720319509792741)	(72.0, 0.01914870335922736)	(73.0, 0.00820658715395458)	(74.0, 0.0016413174307909162)	(75.0, 0.0)	(76.0, 0.0005471058102636387)	(77.0, 0.0)	(78.0, 0.0)	(79.0, 0.0)	(80.0, 0.0)	(81.0, 0.0)	(82.0, 0.0)	(83.0, 0.0)	(84.0, 0.0)	(85.0, 0.0)	(86.0, 0.0)	(87.0, 0.0)	(88.0, 0.0)	(89.0, 0.0)	(90.0, 0.0)	(91.0, 0.0)	(92.0, 0.0)	(93.0, 0.0)	(94.0, 0.0)	(95.0, 0.0)	(96.0, 0.0)	(97.0, 0.0)	(98.0, 0.0)	(99.0, 0.0)	(100.0, 0.0)
SRR19621208_2	(0.0, 0.0)	(1.0, 0.0)	(2.0, 0.0)	(3.0, 0.0)	(4.0, 0.0)	(5.0, 0.0)	(6.0, 0.0)	(7.0, 0.0)	(8.0, 0.0)	(9.0, 0.0)	(10.0, 0.0)	(11.0, 0.0)	(12.0, 0.0)	(13.0, 0.0)	(14.0, 0.0)	(15.0, 0.0)	(16.0, 0.0)	(17.0, 0.0)	(18.0, 0.0)	(19.0, 0.0)	(20.0, 0.0)	(21.0, 0.0)	(22.0, 0.0)	(23.0, 0.0)	(24.0, 0.0)	(25.0, 0.0)	(26.0, 0.0)	(27.0, 0.0005512587994685408)	(28.0, 0.0005512587994685408)	(29.0, 0.0)	(30.0, 0.0)	(31.0, 0.0)	(32.0, 0.0005512587994685408)	(33.0, 0.0)	(34.0, 0.0005512587994685408)	(35.0, 0.002480664597608434)	(36.0, 0.005236958594951139)	(37.0, 0.006615105593622491)	(38.0, 0.012954581787510706)	(39.0, 0.02949234577156694)	(40.0, 0.062016614940210844)	(41.0, 0.09068207251257515)	(42.0, 0.10280976610088313)	(43.0, 0.15545498145012815)	(44.0, 0.1893573976174429)	(45.0, 0.255784082953403)	(46.0, 0.30567300430530736)	(47.0, 1.3210917129263933)	(48.0, 1.6973258435637133)	(49.0, 2.149633688527548)	(50.0, 3.5815284201468907)	(51.0, 5.3932404646010745)	(52.0, 6.93483569731533)	(53.0, 15.193243772150518)	(54.0, 20.97512169038683)	(55.0, 17.542708775489714)	(56.0, 14.726603198399552)	(57.0, 5.254598876534673)	(58.0, 0.972420522262501)	(59.0, 0.25688660055234014)	(60.0, 0.41509787599981585)	(61.0, 0.5314134826876721)	(62.0, 0.1433272878618204)	(63.0, 0.060638467941539466)	(64.0, 0.03858811596279784)	(65.0, 0.03858811596279784)	(66.0, 0.07772749072506437)	(67.0, 0.0683560911340991)	(68.0, 0.05071580955110569)	(69.0, 0.04189566875960907)	(70.0, 0.06449727953781928)	(71.0, 0.2155421905921984)	(72.0, 0.7111238513144061)	(73.0, 0.255784082953403)	(74.0, 0.04189566875960907)	(75.0, 0.012127693588307896)	(76.0, 0.004961329195216868)	(77.0, 0.002756293997342704)	(78.0, 0.0005512587994685408)	(79.0, 0.0)	(80.0, 0.0)	(81.0, 0.0)	(82.0, 0.0)	(83.0, 0.0)	(84.0, 0.0)	(85.0, 0.0)	(86.0, 0.0)	(87.0, 0.0)	(88.0, 0.0005512587994685408)	(89.0, 0.0)	(90.0, 0.0005512587994685408)	(91.0, 0.0005512587994685408)	(92.0, 0.0)	(93.0, 0.0005512587994685408)	(94.0, 0.0005512587994685408)	(95.0, 0.0)	(96.0, 0.0)	(97.0, 0.0)	(98.0, 0.0)	(99.0, 0.0)	(100.0, 0.0016537763984056228)
SRR19621209_1	(0.0, 0.0)	(1.0, 0.0)	(2.0, 0.0)	(3.0, 0.0)	(4.0, 0.0)	(5.0, 0.0)	(6.0, 0.0)	(7.0, 0.0)	(8.0, 0.0)	(9.0, 0.0)	(10.0, 0.0)	(11.0, 0.0)	(12.0, 0.0)	(13.0, 0.0)	(14.0, 0.0)	(15.0, 0.0)	(16.0, 0.0)	(17.0, 0.0)	(18.0, 0.0)	(19.0, 0.0)	(20.0, 0.0)	(21.0, 0.0)	(22.0, 0.0)	(23.0, 0.0)	(24.0, 0.0)	(25.0, 0.0)	(26.0, 0.0015214447639477898)	(27.0, 0.0)	(28.0, 0.0)	(29.0, 0.0)	(30.0, 0.0)	(31.0, 0.0)	(32.0, 0.0)	(33.0, 0.0)	(34.0, 0.0)	(35.0, 0.0)	(36.0, 0.0030428895278955797)	(37.0, 0.006085779055791159)	(38.0, 0.018257337167373478)	(39.0, 0.03195034004290358)	(40.0, 0.06390068008580721)	(41.0, 0.11410835729608412)	(42.0, 0.1643160345063612)	(43.0, 0.19018059549347383)	(44.0, 0.20843793266084742)	(45.0, 0.544677225493306)	(46.0, 2.3901897241619303)	(47.0, 4.1261581998265555)	(48.0, 4.695178541543086)	(49.0, 3.0824470917582536)	(50.0, 3.7305825612000856)	(51.0, 8.68136382308539)	(52.0, 17.670059488492566)	(53.0, 23.243111658829648)	(54.0, 16.582226482269398)	(55.0, 8.85328708141145)	(56.0, 2.604713435878593)	(57.0, 1.057404110943724)	(58.0, 0.6420496903859656)	(59.0, 0.10497968871239743)	(60.0, 0.053250566738172654)	(61.0, 0.019778781931321265)	(62.0, 0.012171558111582319)	(63.0, 0.01673589240342569)	(64.0, 0.05172912197422486)	(65.0, 0.028907450515007996)	(66.0, 0.013693002875530108)	(67.0, 0.039557563862642524)	(68.0, 0.2632099441629682)	(69.0, 0.6085779055791133)	(70.0, 0.065422124849755)	(71.0, 0.006085779055791159)	(72.0, 0.0076072238197389475)	(73.0, 0.0030428895278955797)	(74.0, 0.0)	(75.0, 0.0)	(76.0, 0.0)	(77.0, 0.0)	(78.0, 0.0)	(79.0, 0.0)	(80.0, 0.0)	(81.0, 0.0)	(82.0, 0.0)	(83.0, 0.0)	(84.0, 0.0)	(85.0, 0.0)	(86.0, 0.0)	(87.0, 0.0)	(88.0, 0.0)	(89.0, 0.0)	(90.0, 0.0)	(91.0, 0.0)	(92.0, 0.0)	(93.0, 0.0)	(94.0, 0.0)	(95.0, 0.0)	(96.0, 0.0)	(97.0, 0.0)	(98.0, 0.0)	(99.0, 0.0)	(100.0, 0.0)
SRR19621209_2	(0.0, 0.0)	(1.0, 0.0)	(2.0, 0.0)	(3.0, 0.0)	(4.0, 0.0)	(5.0, 0.0)	(6.0, 0.0)	(7.0, 0.0)	(8.0, 0.0)	(9.0, 0.0)	(10.0, 0.0)	(11.0, 0.0)	(12.0, 0.0)	(13.0, 0.0)	(14.0, 0.0)	(15.0, 0.0)	(16.0, 0.0)	(17.0, 0.0)	(18.0, 0.0)	(19.0, 0.0)	(20.0, 0.0)	(21.0, 0.0)	(22.0, 0.0015245296825928548)	(23.0, 0.0015245296825928548)	(24.0, 0.0)	(25.0, 0.0)	(26.0, 0.0)	(27.0, 0.0)	(28.0, 0.0)	(29.0, 0.0)	(30.0, 0.0)	(31.0, 0.0)	(32.0, 0.0)	(33.0, 0.0)	(34.0, 0.002286794523889282)	(35.0, 0.002286794523889282)	(36.0, 0.006098118730371419)	(37.0, 0.009147178095557129)	(38.0, 0.01524529682592855)	(39.0, 0.035826447540932074)	(40.0, 0.08156233801871776)	(41.0, 0.08842272159038557)	(42.0, 0.16007561667224962)	(43.0, 0.2073360368326285)	(44.0, 0.19818885873707132)	(45.0, 0.3475927676311709)	(46.0, 0.7195780101838278)	(47.0, 5.252004756532467)	(48.0, 5.26191419946932)	(49.0, 2.127481172058288)	(50.0, 3.0162819770099865)	(51.0, 4.302985029118502)	(52.0, 5.7962618532179935)	(53.0, 14.76735677043729)	(54.0, 22.478427904990347)	(55.0, 16.048723968657168)	(56.0, 11.333353660395325)	(57.0, 4.514132390157637)	(58.0, 0.7150044211360492)	(59.0, 0.17684544318077114)	(60.0, 0.4619324938256334)	(61.0, 0.6189590511326966)	(62.0, 0.11891331524224255)	(63.0, 0.048784949842971354)	(64.0, 0.021343415556299965)	(65.0, 0.018294356191114258)	(66.0, 0.04573589047778564)	(67.0, 0.030490593651857086)	(68.0, 0.030490593651857086)	(69.0, 0.02286794523889282)	(70.0, 0.03201512333444994)	(71.0, 0.13415861206817106)	(72.0, 0.5503552154160177)	(73.0, 0.16007561667224962)	(74.0, 0.01981888587370711)	(75.0, 0.006098118730371419)	(76.0, 0.006098118730371419)	(77.0, 0.004573589047778564)	(78.0, 0.0015245296825928548)	(79.0, 0.0)	(80.0, 0.0)	(81.0, 0.0)	(82.0, 0.0)	(83.0, 0.0)	(84.0, 0.0)	(85.0, 0.0)	(86.0, 0.0)	(87.0, 0.0)	(88.0, 0.0)	(89.0, 0.0)	(90.0, 0.0)	(91.0, 0.0)	(92.0, 0.0)	(93.0, 0.0)	(94.0, 0.0)	(95.0, 0.0)	(96.0, 0.0)	(97.0, 0.0)	(98.0, 0.0)	(99.0, 0.0)	(100.0, 0.0)
SRR19621210_1	(0.0, 0.0)	(1.0, 0.0)	(2.0, 0.0)	(3.0, 0.0)	(4.0, 0.0)	(5.0, 0.0)	(6.0, 0.0)	(7.0, 0.0)	(8.0, 0.0)	(9.0, 0.0)	(10.0, 0.0)	(11.0, 0.0)	(12.0, 0.0)	(13.0, 0.0)	(14.0, 0.0)	(15.0, 0.0)	(16.0, 0.0)	(17.0, 0.0)	(18.0, 0.0)	(19.0, 0.0)	(20.0, 0.0)	(21.0, 0.0)	(22.0, 0.0)	(23.0, 0.0)	(24.0, 0.0)	(25.0, 0.0)	(26.0, 0.0)	(27.0, 0.0)	(28.0, 0.0)	(29.0, 0.0)	(30.0, 0.0)	(31.0, 0.0)	(32.0, 0.0)	(33.0, 0.0)	(34.0, 0.0)	(35.0, 0.0)	(36.0, 0.0)	(37.0, 0.001556299120690935)	(38.0, 0.00622519648276374)	(39.0, 0.02023188856898216)	(40.0, 0.05758306746556463)	(41.0, 0.08870904987938331)	(42.0, 0.08559645163800146)	(43.0, 0.16652400591392996)	(44.0, 0.18986849272429415)	(45.0, 0.18519959536222133)	(46.0, 0.37973698544858786)	(47.0, 0.5633802816901157)	(48.0, 1.3353046455528281)	(49.0, 9.862267527817723)	(50.0, 15.208155007393517)	(51.0, 12.081550073924006)	(52.0, 11.79985993307882)	(53.0, 15.517858532411156)	(54.0, 14.224573963116399)	(55.0, 10.263792700956168)	(56.0, 2.9258423468989645)	(57.0, 1.377324721811481)	(58.0, 1.0053692319663525)	(59.0, 0.17274920239669375)	(60.0, 0.07470235779316495)	(61.0, 0.028013384172436828)	(62.0, 0.01711929032760029)	(63.0, 0.0357948797758915)	(64.0, 0.09337794724145611)	(65.0, 0.04513267450003712)	(66.0, 0.049801571862109935)	(67.0, 0.0684771613104012)	(68.0, 0.5229165045521519)	(69.0, 1.3088475605010836)	(70.0, 0.15874251031047523)	(71.0, 0.048245272741419)	(72.0, 0.02023188856898216)	(73.0, 0.00311259824138187)	(74.0, 0.004668897362072806)	(75.0, 0.001556299120690935)	(76.0, 0.0)	(77.0, 0.0)	(78.0, 0.0)	(79.0, 0.0)	(80.0, 0.0)	(81.0, 0.0)	(82.0, 0.0)	(83.0, 0.0)	(84.0, 0.0)	(85.0, 0.0)	(86.0, 0.0)	(87.0, 0.0)	(88.0, 0.0)	(89.0, 0.0)	(90.0, 0.0)	(91.0, 0.0)	(92.0, 0.0)	(93.0, 0.0)	(94.0, 0.0)	(95.0, 0.0)	(96.0, 0.0)	(97.0, 0.0)	(98.0, 0.0)	(99.0, 0.0)	(100.0, 0.0)
SRR19621210_2	(0.0, 0.0)	(1.0, 0.0)	(2.0, 0.0)	(3.0, 0.0)	(4.0, 0.0)	(5.0, 0.0)	(6.0, 0.0)	(7.0, 0.0)	(8.0, 0.0)	(9.0, 0.0)	(10.0, 0.0)	(11.0, 0.0)	(12.0, 0.0)	(13.0, 0.0)	(14.0, 0.0)	(15.0, 0.0)	(16.0, 0.0)	(17.0, 0.0)	(18.0, 0.0)	(19.0, 0.0)	(20.0, 0.0)	(21.0, 0.0)	(22.0, 0.0)	(23.0, 0.0)	(24.0, 0.0)	(25.0, 0.0)	(26.0, 0.0)	(27.0, 0.0)	(28.0, 0.0)	(29.0, 0.0)	(30.0, 0.0)	(31.0, 0.0)	(32.0, 0.0)	(33.0, 0.0)	(34.0, 0.002450940344111947)	(35.0, 0.002450940344111947)	(36.0, 0.004901880688223894)	(37.0, 0.008169801147039822)	(38.0, 0.006535840917631858)	(39.0, 0.021241482982303536)	(40.0, 0.05637162791457478)	(41.0, 0.14297152007319672)	(42.0, 0.13071681835263702)	(43.0, 0.13316775869674893)	(44.0, 0.14869038087612457)	(45.0, 0.18627146615250792)	(46.0, 0.24346007418178708)	(47.0, 0.5792389013251205)	(48.0, 1.1560268623061463)	(49.0, 3.858597081747004)	(50.0, 13.78082057482756)	(51.0, 10.96060521886813)	(52.0, 6.851195241907406)	(53.0, 8.631394911846979)	(54.0, 15.791408637114973)	(55.0, 15.8151010604414)	(56.0, 12.058626493030781)	(57.0, 4.032613846178972)	(58.0, 0.6878972565807512)	(59.0, 0.2205846309700754)	(60.0, 0.7091387395630553)	(61.0, 1.0342968252152493)	(62.0, 0.20587898890540363)	(63.0, 0.0653584091763186)	(64.0, 0.05882256825868674)	(65.0, 0.045750886423423)	(66.0, 0.091501772846846)	(67.0, 0.07516217055276642)	(68.0, 0.0604565284880947)	(69.0, 0.07189425009395048)	(70.0, 0.08496593192921417)	(71.0, 0.33659580725804117)	(72.0, 1.2434437345794749)	(73.0, 0.3218901651933697)	(74.0, 0.0408490057351991)	(75.0, 0.016339602294079644)	(76.0, 0.003267920458815929)	(77.0, 0.006535840917631858)	(78.0, 0.003267920458815929)	(79.0, 0.0016339602294079645)	(80.0, 0.0016339602294079645)	(81.0, 0.0016339602294079645)	(82.0, 0.0016339602294079645)	(83.0, 0.0)	(84.0, 0.0)	(85.0, 0.0)	(86.0, 0.0)	(87.0, 0.0)	(88.0, 0.0)	(89.0, 0.0016339602294079645)	(90.0, 0.0)	(91.0, 0.0)	(92.0, 0.0)	(93.0, 0.0)	(94.0, 0.0016339602294079645)	(95.0, 0.003267920458815929)	(96.0, 0.0)	(97.0, 0.0)	(98.0, 0.0)	(99.0, 0.0)	(100.0, 0.0)
SRR19621211_1	(0.0, 0.0)	(1.0, 0.0)	(2.0, 0.0)	(3.0, 0.0)	(4.0, 0.0)	(5.0, 0.0)	(6.0, 0.0)	(7.0, 0.0)	(8.0, 0.0)	(9.0, 0.0)	(10.0, 0.0)	(11.0, 0.0)	(12.0, 0.0)	(13.0, 0.0)	(14.0, 0.0)	(15.0, 0.0)	(16.0, 0.0)	(17.0, 0.0)	(18.0, 0.0)	(19.0, 0.0)	(20.0, 0.0)	(21.0, 0.0)	(22.0, 0.0)	(23.0, 0.0)	(24.0, 0.0)	(25.0, 0.0)	(26.0, 0.0)	(27.0, 0.0)	(28.0, 0.0)	(29.0, 0.0)	(30.0, 0.0)	(31.0, 0.0)	(32.0, 0.0)	(33.0, 0.0)	(34.0, 0.0)	(35.0, 0.0)	(36.0, 0.0022125362302809707)	(37.0, 0.0033188043454214565)	(38.0, 0.007743876805983398)	(39.0, 0.023231630417950185)	(40.0, 0.04646326083590042)	(41.0, 0.06526981879328864)	(42.0, 0.08407637675067682)	(43.0, 0.12279576078059384)	(44.0, 0.1449211230834037)	(45.0, 0.3606434055357967)	(46.0, 1.2412328251876121)	(47.0, 1.1040555789101998)	(48.0, 1.9647321724894935)	(49.0, 1.943713078301822)	(50.0, 5.272473836759282)	(51.0, 9.630063942298596)	(52.0, 14.613801801007359)	(53.0, 27.04493661082969)	(54.0, 17.98791955218277)	(55.0, 9.010553797819643)	(56.0, 2.1550102882936786)	(57.0, 2.135097462221148)	(58.0, 1.6870588755892024)	(59.0, 0.2588667389428735)	(60.0, 0.16594021727107308)	(61.0, 0.06637608690842912)	(62.0, 0.030975507223933593)	(63.0, 0.043144456490478954)	(64.0, 0.06637608690842912)	(65.0, 0.037613115914776514)	(66.0, 0.03982565214505749)	(67.0, 0.07301369559927201)	(68.0, 0.5110958691949042)	(69.0, 1.7412660132310902)	(70.0, 0.24337898533090693)	(71.0, 0.03982565214505749)	(72.0, 0.012168949266545341)	(73.0, 0.0022125362302809707)	(74.0, 0.004425072460561941)	(75.0, 0.006637608690842912)	(76.0, 0.0033188043454214565)	(77.0, 0.0022125362302809707)	(78.0, 0.0)	(79.0, 0.0)	(80.0, 0.0)	(81.0, 0.0)	(82.0, 0.0)	(83.0, 0.0)	(84.0, 0.0)	(85.0, 0.0)	(86.0, 0.0)	(87.0, 0.0)	(88.0, 0.0)	(89.0, 0.0)	(90.0, 0.0)	(91.0, 0.0)	(92.0, 0.0)	(93.0, 0.0)	(94.0, 0.0)	(95.0, 0.0)	(96.0, 0.0)	(97.0, 0.0)	(98.0, 0.0)	(99.0, 0.0)	(100.0, 0.0)
SRR19621211_2	(0.0, 0.0)	(1.0, 0.0)	(2.0, 0.0)	(3.0, 0.0)	(4.0, 0.0)	(5.0, 0.0)	(6.0, 0.0)	(7.0, 0.0)	(8.0, 0.0)	(9.0, 0.0)	(10.0, 0.0)	(11.0, 0.0)	(12.0, 0.0)	(13.0, 0.0)	(14.0, 0.0)	(15.0, 0.0)	(16.0, 0.0)	(17.0, 0.0)	(18.0, 0.0)	(19.0, 0.0)	(20.0, 0.0)	(21.0, 0.0)	(22.0, 0.0)	(23.0, 0.0)	(24.0, 0.0)	(25.0, 0.0)	(26.0, 0.0)	(27.0, 0.0)	(28.0, 0.0)	(29.0, 0.0010896629127779523)	(30.0, 0.0)	(31.0, 0.0)	(32.0, 0.0)	(33.0, 0.0)	(34.0, 0.0)	(35.0, 0.0010896629127779523)	(36.0, 0.0010896629127779523)	(37.0, 0.0032689887383338576)	(38.0, 0.007627640389445667)	(39.0, 0.021793258255559042)	(40.0, 0.05720730292084253)	(41.0, 0.0833592128275133)	(42.0, 0.08281438137112432)	(43.0, 0.11495943729807391)	(44.0, 0.12531123496946456)	(45.0, 0.14982865050696864)	(46.0, 0.29584348081921347)	(47.0, 1.5936320099377221)	(48.0, 1.950496613872528)	(49.0, 1.7946748173452634)	(50.0, 2.4005273968498737)	(51.0, 7.052843202954852)	(52.0, 10.77404205009325)	(53.0, 16.871795709996697)	(54.0, 20.063418381520417)	(55.0, 15.348991789390892)	(56.0, 10.466212277233339)	(57.0, 3.9206071601750945)	(58.0, 0.7889159488512457)	(59.0, 0.3704853903445021)	(60.0, 0.6047629165917665)	(61.0, 1.5778318977024426)	(62.0, 0.45874808627951674)	(63.0, 0.13075954953335434)	(64.0, 0.05230381981334175)	(65.0, 0.04140719068556221)	(66.0, 0.061021123115565346)	(67.0, 0.1002489879755715)	(68.0, 0.07082808933056689)	(69.0, 0.06646943767945508)	(70.0, 0.10351797671390535)	(71.0, 0.3563197724783889)	(72.0, 1.583280212266332)	(73.0, 0.3759337049083918)	(74.0, 0.035958876121672444)	(75.0, 0.018524269517225186)	(76.0, 0.005448314563889762)	(77.0, 0.004358651651111809)	(78.0, 0.0010896629127779523)	(79.0, 0.0021793258255559046)	(80.0, 0.0010896629127779523)	(81.0, 0.0010896629127779523)	(82.0, 0.0)	(83.0, 0.0)	(84.0, 0.0010896629127779523)	(85.0, 0.0010896629127779523)	(86.0, 0.0)	(87.0, 0.0)	(88.0, 0.0)	(89.0, 0.0)	(90.0, 0.0)	(91.0, 0.0)	(92.0, 0.0)	(93.0, 0.0)	(94.0, 0.0)	(95.0, 0.0010896629127779523)	(96.0, 0.0)	(97.0, 0.0)	(98.0, 0.0)	(99.0, 0.0)	(100.0, 0.0016344943691669288)
SRR19621212_1	(0.0, 0.0)	(1.0, 0.0)	(2.0, 0.0)	(3.0, 0.0)	(4.0, 0.0)	(5.0, 0.0)	(6.0, 0.0)	(7.0, 0.0)	(8.0, 0.0)	(9.0, 0.0)	(10.0, 0.0)	(11.0, 0.0)	(12.0, 0.0)	(13.0, 0.0)	(14.0, 0.0)	(15.0, 0.0)	(16.0, 0.0)	(17.0, 0.0)	(18.0, 0.0)	(19.0, 0.0)	(20.0, 0.0)	(21.0, 0.0)	(22.0, 0.0)	(23.0, 0.0)	(24.0, 0.0)	(25.0, 0.0)	(26.0, 0.0)	(27.0, 0.0)	(28.0, 0.0)	(29.0, 0.0)	(30.0, 0.0)	(31.0, 0.0)	(32.0, 0.0)	(33.0, 0.0)	(34.0, 0.0)	(35.0, 0.0)	(36.0, 0.0008475869200387528)	(37.0, 0.003390347680155011)	(38.0, 0.01356139072062004)	(39.0, 0.03051312912139511)	(40.0, 0.05848349748267391)	(41.0, 0.07119730128325515)	(42.0, 0.09408214812430153)	(43.0, 0.12205251648558055)	(44.0, 0.1678222101676734)	(45.0, 0.21698225152992034)	(46.0, 0.42548863385945485)	(47.0, 0.4492210676205406)	(48.0, 0.6068722347477531)	(49.0, 1.2629045108577142)	(50.0, 7.8401790103591855)	(51.0, 16.72204234544071)	(52.0, 22.56361139834721)	(53.0, 21.84061975555284)	(54.0, 12.138292281875305)	(55.0, 7.8249224457984825)	(56.0, 2.293570205624948)	(57.0, 1.9316505907683592)	(58.0, 1.5977013442730528)	(59.0, 0.2822464443729034)	(60.0, 0.18053601396825453)	(61.0, 0.06611177976302265)	(62.0, 0.03390347680155013)	(63.0, 0.02712278144124009)	(64.0, 0.04576969368209266)	(65.0, 0.01695173840077505)	(66.0, 0.019494499160891306)	(67.0, 0.05339797596244141)	(68.0, 0.22545812073030777)	(69.0, 0.6738316014308146)	(70.0, 0.08136834432372016)	(71.0, 0.011018629960503786)	(72.0, 0.0059331084402712685)	(73.0, 0.0008475869200387528)	(74.0, 0.0)	(75.0, 0.0)	(76.0, 0.0)	(77.0, 0.0)	(78.0, 0.0)	(79.0, 0.0)	(80.0, 0.0)	(81.0, 0.0)	(82.0, 0.0)	(83.0, 0.0)	(84.0, 0.0)	(85.0, 0.0)	(86.0, 0.0)	(87.0, 0.0)	(88.0, 0.0)	(89.0, 0.0)	(90.0, 0.0)	(91.0, 0.0)	(92.0, 0.0)	(93.0, 0.0)	(94.0, 0.0)	(95.0, 0.0)	(96.0, 0.0)	(97.0, 0.0)	(98.0, 0.0)	(99.0, 0.0)	(100.0, 0.0)
SRR19621212_2	(0.0, 0.0)	(1.0, 0.0)	(2.0, 0.0)	(3.0, 0.0)	(4.0, 0.0)	(5.0, 0.0)	(6.0, 0.0)	(7.0, 0.0)	(8.0, 0.0)	(9.0, 0.0)	(10.0, 0.0)	(11.0, 0.0)	(12.0, 0.0)	(13.0, 0.0)	(14.0, 0.0)	(15.0, 0.0)	(16.0, 0.0)	(17.0, 0.0)	(18.0, 0.0)	(19.0, 0.0)	(20.0, 0.0)	(21.0, 0.0)	(22.0, 0.0)	(23.0, 0.0)	(24.0, 0.0)	(25.0, 0.0)	(26.0, 0.0)	(27.0, 0.0)	(28.0, 0.0)	(29.0, 0.0)	(30.0, 0.0)	(31.0, 0.0)	(32.0, 0.0008584096244888054)	(33.0, 0.0017168192489776107)	(34.0, 0.0008584096244888054)	(35.0, 0.0)	(36.0, 0.005150457746932832)	(37.0, 0.008584096244888055)	(38.0, 0.013734553991820886)	(39.0, 0.026181493546908564)	(40.0, 0.060517878526460754)	(41.0, 0.0897038057590801)	(42.0, 0.11631450411823327)	(43.0, 0.14120838322840878)	(44.0, 0.1824120452038714)	(45.0, 0.1781199970814274)	(46.0, 0.23048298417524382)	(47.0, 0.5201962324402196)	(48.0, 0.6154797007584798)	(49.0, 0.8923168046561075)	(50.0, 2.9769645777272196)	(51.0, 12.648236612030313)	(52.0, 9.591869144039396)	(53.0, 19.085879590878253)	(54.0, 21.41131126361717)	(55.0, 13.387756503526745)	(56.0, 8.64676014747679)	(57.0, 3.8362326118403187)	(58.0, 0.8047590229582543)	(59.0, 0.36096124709754174)	(60.0, 0.594019460146259)	(61.0, 1.6447128405205582)	(62.0, 0.5296387383095967)	(63.0, 0.1356287206692315)	(64.0, 0.06180549296319395)	(65.0, 0.030044336857108198)	(66.0, 0.0446373004734179)	(67.0, 0.07296481808154838)	(68.0, 0.051504577469328315)	(69.0, 0.019743421363242517)	(70.0, 0.04206207159995149)	(71.0, 0.15880578053042943)	(72.0, 0.6146212911339909)	(73.0, 0.1356287206692315)	(74.0, 0.011159325118354472)	(75.0, 0.006867276995910443)	(76.0, 0.006008867371421638)	(77.0, 0.0)	(78.0, 0.0008584096244888054)	(79.0, 0.0)	(80.0, 0.0)	(81.0, 0.0)	(82.0, 0.0)	(83.0, 0.0008584096244888054)	(84.0, 0.0)	(85.0, 0.0)	(86.0, 0.0)	(87.0, 0.0)	(88.0, 0.0008584096244888054)	(89.0, 0.0008584096244888054)	(90.0, 0.0)	(91.0, 0.0)	(92.0, 0.0)	(93.0, 0.0)	(94.0, 0.0)	(95.0, 0.0008584096244888054)	(96.0, 0.0)	(97.0, 0.0)	(98.0, 0.0)	(99.0, 0.0)	(100.0, 0.0012876144367332083)
SRR19621213_1	(0.0, 0.0)	(1.0, 0.0)	(2.0, 0.0)	(3.0, 0.0)	(4.0, 0.0)	(5.0, 0.0)	(6.0, 0.0)	(7.0, 0.0)	(8.0, 0.0)	(9.0, 0.0)	(10.0, 0.0)	(11.0, 0.0)	(12.0, 0.0)	(13.0, 0.0)	(14.0, 0.0)	(15.0, 0.0)	(16.0, 0.0)	(17.0, 0.0)	(18.0, 0.0)	(19.0, 0.0)	(20.0, 0.0)	(21.0, 0.0)	(22.0, 0.0)	(23.0, 0.0)	(24.0, 0.0)	(25.0, 0.0)	(26.0, 0.0)	(27.0, 0.0)	(28.0, 0.0)	(29.0, 0.0)	(30.0, 0.0)	(31.0, 0.0)	(32.0, 0.0)	(33.0, 0.0)	(34.0, 0.0)	(35.0, 0.0011505626251236878)	(36.0, 0.0023011252502473756)	(37.0, 0.0023011252502473756)	(38.0, 0.006903375750742126)	(39.0, 0.018409002001979)	(40.0, 0.044871942379823844)	(41.0, 0.06788319488229758)	(42.0, 0.10700232413650282)	(43.0, 0.11390569988724494)	(44.0, 0.16453045539268757)	(45.0, 0.2508226522769641)	(46.0, 0.6466161953195158)	(47.0, 0.49359136617806104)	(48.0, 0.6949398255747121)	(49.0, 1.6349494903007276)	(50.0, 6.116390915157098)	(51.0, 13.200404998046213)	(52.0, 16.724578318798144)	(53.0, 19.704535517865786)	(54.0, 18.689739282507617)	(55.0, 12.688404629865941)	(56.0, 2.9580965091930964)	(57.0, 1.8811698920772022)	(58.0, 1.4807740985341622)	(59.0, 0.25657546540258247)	(60.0, 0.10585176151137914)	(61.0, 0.041420254504452775)	(62.0, 0.025312377752721126)	(63.0, 0.019559564627102687)	(64.0, 0.039119129254205395)	(65.0, 0.025312377752721126)	(66.0, 0.03221575350346326)	(67.0, 0.06903375750742126)	(68.0, 0.40039579354304144)	(69.0, 1.1091423706192323)	(70.0, 0.13461582713947148)	(71.0, 0.019559564627102687)	(72.0, 0.01610787675173163)	(73.0, 0.005752813125618439)	(74.0, 0.0023011252502473756)	(75.0, 0.0011505626251236878)	(76.0, 0.0)	(77.0, 0.0)	(78.0, 0.0)	(79.0, 0.0)	(80.0, 0.0)	(81.0, 0.0)	(82.0, 0.0)	(83.0, 0.0)	(84.0, 0.0)	(85.0, 0.0)	(86.0, 0.0)	(87.0, 0.0)	(88.0, 0.0011505626251236878)	(89.0, 0.0011505626251236878)	(90.0, 0.0)	(91.0, 0.0)	(92.0, 0.0)	(93.0, 0.0)	(94.0, 0.0)	(95.0, 0.0)	(96.0, 0.0)	(97.0, 0.0)	(98.0, 0.0)	(99.0, 0.0)	(100.0, 0.0)
SRR19621213_2	(0.0, 0.0)	(1.0, 0.0)	(2.0, 0.0)	(3.0, 0.0)	(4.0, 0.0)	(5.0, 0.0)	(6.0, 0.0)	(7.0, 0.0)	(8.0, 0.0)	(9.0, 0.0)	(10.0, 0.0)	(11.0, 0.0)	(12.0, 0.0)	(13.0, 0.0)	(14.0, 0.0)	(15.0, 0.0)	(16.0, 0.0)	(17.0, 0.0)	(18.0, 0.0)	(19.0, 0.0)	(20.0, 0.0)	(21.0, 0.0)	(22.0, 0.0)	(23.0, 0.0)	(24.0, 0.0)	(25.0, 0.0)	(26.0, 0.0)	(27.0, 0.0)	(28.0, 0.0017453834607463134)	(29.0, 0.0017453834607463134)	(30.0, 0.0)	(31.0, 0.0)	(32.0, 0.0)	(33.0, 0.0)	(34.0, 0.0011635889738308757)	(35.0, 0.0011635889738308757)	(36.0, 0.006399739356069816)	(37.0, 0.008726917303731567)	(38.0, 0.0034907669214926267)	(39.0, 0.026762546398110126)	(40.0, 0.0488707369008968)	(41.0, 0.09308711790646997)	(42.0, 0.11112274700084848)	(43.0, 0.14719400518960585)	(44.0, 0.15068477211109851)	(45.0, 0.16406604531015367)	(46.0, 0.21002780977647356)	(47.0, 0.7778592290059472)	(48.0, 0.7871679407965946)	(49.0, 1.2008238209934563)	(50.0, 2.644837737517637)	(51.0, 9.562374186942584)	(52.0, 8.269626837015892)	(53.0, 13.044995985619979)	(54.0, 18.004212192084363)	(55.0, 20.823588275674012)	(56.0, 14.608859566448961)	(57.0, 3.726975483180422)	(58.0, 0.6760451937957427)	(59.0, 0.28275212064090255)	(60.0, 0.5655042412818063)	(61.0, 1.5499005131426993)	(62.0, 0.4037653739193119)	(63.0, 0.12915837609522715)	(64.0, 0.05236150382238944)	(65.0, 0.03723484716258803)	(66.0, 0.06865174945602165)	(67.0, 0.08145122816816125)	(68.0, 0.06865174945602165)	(69.0, 0.07214251637751427)	(70.0, 0.09192352893263908)	(71.0, 0.24319009553065335)	(72.0, 0.9867234498085874)	(73.0, 0.2071188373418964)	(74.0, 0.02210819050278663)	(75.0, 0.013963067685970507)	(76.0, 0.011635889738308758)	(77.0, 0.0)	(78.0, 0.0)	(79.0, 0.0023271779476617513)	(80.0, 0.0)	(81.0, 0.0)	(82.0, 0.0)	(83.0, 0.0)	(84.0, 0.0)	(85.0, 0.0)	(86.0, 0.0011635889738308757)	(87.0, 0.0)	(88.0, 0.0)	(89.0, 0.0)	(90.0, 0.0)	(91.0, 0.0011635889738308757)	(92.0, 0.0011635889738308757)	(93.0, 0.0011635889738308757)	(94.0, 0.0)	(95.0, 0.0011635889738308757)	(96.0, 0.0)	(97.0, 0.0)	(98.0, 0.0)	(99.0, 0.0)	(100.0, 0.0)
SRR19621214_1	(0.0, 0.0)	(1.0, 0.0)	(2.0, 0.0)	(3.0, 0.0)	(4.0, 0.0)	(5.0, 0.0)	(6.0, 0.0)	(7.0, 0.0)	(8.0, 0.0)	(9.0, 0.0)	(10.0, 0.0)	(11.0, 0.0)	(12.0, 0.0)	(13.0, 0.0)	(14.0, 0.0)	(15.0, 0.0)	(16.0, 0.0)	(17.0, 0.0)	(18.0, 0.0)	(19.0, 0.0)	(20.0, 0.0)	(21.0, 0.0)	(22.0, 0.0)	(23.0, 0.0)	(24.0, 0.0)	(25.0, 0.0)	(26.0, 0.0)	(27.0, 0.0)	(28.0, 0.0)	(29.0, 0.0)	(30.0, 0.0)	(31.0, 0.001106317070472488)	(32.0, 0.0)	(33.0, 0.0)	(34.0, 0.0)	(35.0, 0.0)	(36.0, 0.004425268281889952)	(37.0, 0.008850536563779904)	(38.0, 0.01991370726850478)	(39.0, 0.029870560902757172)	(40.0, 0.07633587786260163)	(41.0, 0.10178117048346878)	(42.0, 0.12390751189291863)	(43.0, 0.1869675849098509)	(44.0, 0.223476048235443)	(45.0, 0.26219714570197955)	(46.0, 0.42261312092048803)	(47.0, 0.41708153556812566)	(48.0, 0.6095807058303437)	(49.0, 1.3917468746543689)	(50.0, 3.6663347715459182)	(51.0, 6.64011505697529)	(52.0, 14.256001770110352)	(53.0, 21.07755282663751)	(54.0, 21.361876313748677)	(55.0, 16.92665117822851)	(56.0, 4.4429693550174285)	(57.0, 1.3862152893020068)	(58.0, 1.0886159973449243)	(59.0, 0.6195375594645964)	(60.0, 0.26662241398386943)	(61.0, 0.14271490209095106)	(62.0, 0.10178117048346878)	(63.0, 0.1272264631043361)	(64.0, 0.22679499944686043)	(65.0, 0.08739904856732647)	(66.0, 0.08076114614449156)	(67.0, 0.14050226795000606)	(68.0, 0.7799535346831118)	(69.0, 2.2756942139619345)	(70.0, 0.3352140723531627)	(71.0, 0.0387210974665371)	(72.0, 0.01991370726850478)	(73.0, 0.011063170704724882)	(74.0, 0.009956853634252394)	(75.0, 0.006637902422834928)	(76.0, 0.002212634140944976)	(77.0, 0.001106317070472488)	(78.0, 0.0)	(79.0, 0.0)	(80.0, 0.0)	(81.0, 0.0)	(82.0, 0.0)	(83.0, 0.0)	(84.0, 0.0)	(85.0, 0.0)	(86.0, 0.0)	(87.0, 0.0)	(88.0, 0.0)	(89.0, 0.0)	(90.0, 0.0)	(91.0, 0.0)	(92.0, 0.0)	(93.0, 0.0)	(94.0, 0.0)	(95.0, 0.0)	(96.0, 0.0)	(97.0, 0.0)	(98.0, 0.0)	(99.0, 0.0)	(100.0, 0.0)
SRR19621214_2	(0.0, 0.0)	(1.0, 0.0)	(2.0, 0.0)	(3.0, 0.0)	(4.0, 0.0)	(5.0, 0.0)	(6.0, 0.0)	(7.0, 0.0)	(8.0, 0.0)	(9.0, 0.0)	(10.0, 0.0)	(11.0, 0.0)	(12.0, 0.0)	(13.0, 0.0)	(14.0, 0.0)	(15.0, 0.0)	(16.0, 0.0)	(17.0, 0.0)	(18.0, 0.0)	(19.0, 0.0)	(20.0, 0.0)	(21.0, 0.0)	(22.0, 0.0)	(23.0, 0.0)	(24.0, 0.0)	(25.0, 0.0)	(26.0, 0.0)	(27.0, 0.0)	(28.0, 0.0)	(29.0, 0.0)	(30.0, 0.0)	(31.0, 0.0)	(32.0, 0.0)	(33.0, 0.0)	(34.0, 0.0)	(35.0, 0.0022080294992742667)	(36.0, 0.0055200737481856665)	(37.0, 0.0055200737481856665)	(38.0, 0.016560221244556996)	(39.0, 0.04029653836175539)	(40.0, 0.10488140121552751)	(41.0, 0.12420165933417748)	(42.0, 0.1368978289550046)	(43.0, 0.19596261806059168)	(44.0, 0.19706663281022882)	(45.0, 0.20810678030660024)	(46.0, 0.25447539979135925)	(47.0, 0.42449367123547543)	(48.0, 0.5624955149401211)	(49.0, 1.211656187726743)	(50.0, 1.9447219814858)	(51.0, 4.311177597332951)	(52.0, 5.05141948696448)	(53.0, 11.896862942091458)	(54.0, 21.607776679893124)	(55.0, 20.93929574898845)	(56.0, 15.285636216101835)	(57.0, 7.443819449428056)	(58.0, 1.2254563720972063)	(59.0, 0.4184215901124712)	(60.0, 0.35770077888242974)	(61.0, 0.9163322421988265)	(62.0, 0.6701369530297445)	(63.0, 0.20645075818214448)	(64.0, 0.09494526846879335)	(65.0, 0.09052920947024484)	(66.0, 0.1909945516872245)	(67.0, 0.257235436665452)	(68.0, 0.1391058584542789)	(69.0, 0.10708943071480179)	(70.0, 0.1534580501995617)	(71.0, 0.5310310945754617)	(72.0, 2.1197083193033057)	(73.0, 0.4382938556059399)	(74.0, 0.04416058998548536)	(75.0, 0.024288324492016924)	(76.0, 0.014352191745282733)	(77.0, 0.004416058998548533)	(78.0, 0.0033120442489114003)	(79.0, 0.0011040147496371334)	(80.0, 0.0)	(81.0, 0.0)	(82.0, 0.0011040147496371334)	(83.0, 0.0033120442489114003)	(84.0, 0.0033120442489114003)	(85.0, 0.0033120442489114003)	(86.0, 0.0011040147496371334)	(87.0, 0.0)	(88.0, 0.0022080294992742667)	(89.0, 0.0011040147496371334)	(90.0, 0.0)	(91.0, 0.0011040147496371334)	(92.0, 0.0011040147496371334)	(93.0, 0.0)	(94.0, 0.0011040147496371334)	(95.0, 0.0)	(96.0, 0.0)	(97.0, 0.0)	(98.0, 0.0)	(99.0, 0.0)	(100.0, 0.0016560221244557001)
SRR19621215_1	(0.0, 0.0)	(1.0, 0.0)	(2.0, 0.0)	(3.0, 0.0)	(4.0, 0.0)	(5.0, 0.0)	(6.0, 0.0)	(7.0, 0.0)	(8.0, 0.0)	(9.0, 0.0)	(10.0, 0.0)	(11.0, 0.0)	(12.0, 0.0)	(13.0, 0.0)	(14.0, 0.0)	(15.0, 0.0)	(16.0, 0.0)	(17.0, 0.0)	(18.0, 0.0)	(19.0, 0.0)	(20.0, 0.0)	(21.0, 0.0)	(22.0, 0.0)	(23.0, 0.0)	(24.0, 0.0)	(25.0, 0.0)	(26.0, 0.0)	(27.0, 0.0)	(28.0, 0.0)	(29.0, 0.0)	(30.0, 0.0)	(31.0, 0.0)	(32.0, 0.0)	(33.0, 0.0)	(34.0, 0.0009512756606610712)	(35.0, 0.0009512756606610712)	(36.0, 0.0019025513213221424)	(37.0, 0.003805102642644285)	(38.0, 0.013317859249254996)	(39.0, 0.02092806453454356)	(40.0, 0.04851505869371465)	(41.0, 0.07134567454958028)	(42.0, 0.08656608512015737)	(43.0, 0.11320180361866748)	(44.0, 0.1474477274024663)	(45.0, 0.3205798976427795)	(46.0, 1.062574912958406)	(47.0, 0.794315176651999)	(48.0, 0.6906261296399449)	(49.0, 1.173874165255745)	(50.0, 4.734498963109872)	(51.0, 9.616445653623952)	(52.0, 16.89750956032)	(53.0, 17.389319076881325)	(54.0, 19.59057095564904)	(55.0, 17.173379501911455)	(56.0, 5.22155210136823)	(57.0, 1.2499762181086262)	(58.0, 0.7990715549553042)	(59.0, 0.41285363672690417)	(60.0, 0.15886303533039922)	(61.0, 0.07324822587090242)	(62.0, 0.04185612906908716)	(63.0, 0.05422271265768106)	(64.0, 0.12842221418924474)	(65.0, 0.04661250737239252)	(66.0, 0.02948954548049321)	(67.0, 0.06278419360363068)	(68.0, 0.4299765986188039)	(69.0, 1.1624588573278127)	(70.0, 0.12651966286792257)	(71.0, 0.01997678887388249)	(72.0, 0.014269134909916065)	(73.0, 0.009512756606610712)	(74.0, 0.004756378303305356)	(75.0, 0.0)	(76.0, 0.0)	(77.0, 0.0009512756606610712)	(78.0, 0.0)	(79.0, 0.0)	(80.0, 0.0)	(81.0, 0.0)	(82.0, 0.0)	(83.0, 0.0)	(84.0, 0.0)	(85.0, 0.0)	(86.0, 0.0)	(87.0, 0.0)	(88.0, 0.0)	(89.0, 0.0)	(90.0, 0.0)	(91.0, 0.0)	(92.0, 0.0)	(93.0, 0.0)	(94.0, 0.0)	(95.0, 0.0)	(96.0, 0.0)	(97.0, 0.0)	(98.0, 0.0)	(99.0, 0.0)	(100.0, 0.0)
SRR19621215_2	(0.0, 0.0)	(1.0, 0.0)	(2.0, 0.0)	(3.0, 0.0)	(4.0, 0.0)	(5.0, 0.0)	(6.0, 0.0)	(7.0, 0.0)	(8.0, 0.0)	(9.0, 0.0)	(10.0, 0.0)	(11.0, 0.0)	(12.0, 0.0)	(13.0, 0.0)	(14.0, 0.0)	(15.0, 0.0)	(16.0, 0.0)	(17.0, 0.0)	(18.0, 0.0)	(19.0, 0.0)	(20.0, 0.0)	(21.0, 0.0)	(22.0, 0.0)	(23.0, 0.0)	(24.0, 0.0)	(25.0, 0.0)	(26.0, 0.0)	(27.0, 0.0)	(28.0, 0.0)	(29.0, 0.0)	(30.0, 0.0)	(31.0, 0.0)	(32.0, 0.0)	(33.0, 0.0)	(34.0, 0.0009532252375915106)	(35.0, 0.0009532252375915106)	(36.0, 0.002859675712774532)	(37.0, 0.004766126187957553)	(38.0, 0.009532252375915108)	(39.0, 0.030026594984132585)	(40.0, 0.06481931615622269)	(41.0, 0.08674349662082737)	(42.0, 0.08722010923962312)	(43.0, 0.11677009160496007)	(44.0, 0.13011524493124133)	(45.0, 0.12773218183726254)	(46.0, 0.2492683996301796)	(47.0, 1.208212988647221)	(48.0, 0.9046107504743421)	(49.0, 0.8693414166834582)	(50.0, 2.25199462381)	(51.0, 5.33520165479927)	(52.0, 7.00668210891639)	(53.0, 15.002812014451925)	(54.0, 20.0892218822356)	(55.0, 20.406645886353285)	(56.0, 14.121078669680578)	(57.0, 7.020503874861472)	(58.0, 1.1143203027444626)	(59.0, 0.32314335554352064)	(60.0, 0.2602304898624818)	(61.0, 0.5338061330512486)	(62.0, 0.3650852659975465)	(63.0, 0.09436929852155942)	(64.0, 0.05433383854271611)	(65.0, 0.05433383854271611)	(66.0, 0.10771445184784069)	(67.0, 0.13917088468836075)	(68.0, 0.09913542470951701)	(69.0, 0.06863221710658872)	(70.0, 0.07530479376972928)	(71.0, 0.25355791319934134)	(72.0, 1.039968734212329)	(73.0, 0.24783856177379235)	(74.0, 0.026690306652562293)	(75.0, 0.006672576663140573)	(76.0, 0.0038129009503660425)	(77.0, 0.0019064504751830213)	(78.0, 0.0)	(79.0, 0.0)	(80.0, 0.0)	(81.0, 0.0)	(82.0, 0.0)	(83.0, 0.0)	(84.0, 0.0)	(85.0, 0.0)	(86.0, 0.0)	(87.0, 0.0)	(88.0, 0.0)	(89.0, 0.0)	(90.0, 0.0)	(91.0, 0.0)	(92.0, 0.0)	(93.0, 0.0)	(94.0, 0.0)	(95.0, 0.0009532252375915106)	(96.0, 0.0009532252375915106)	(97.0, 0.0)	(98.0, 0.0)	(99.0, 0.0)	(100.0, 0.0)
SRR19621216_1	(0.0, 0.0)	(1.0, 0.0)	(2.0, 0.0)	(3.0, 0.0)	(4.0, 0.0)	(5.0, 0.0)	(6.0, 0.0)	(7.0, 0.0)	(8.0, 0.0)	(9.0, 0.0)	(10.0, 0.0)	(11.0, 0.0)	(12.0, 0.0)	(13.0, 0.0)	(14.0, 0.0)	(15.0, 0.0)	(16.0, 0.0)	(17.0, 0.0)	(18.0, 0.0)	(19.0, 0.0)	(20.0, 0.0)	(21.0, 0.0)	(22.0, 0.0)	(23.0, 0.0)	(24.0, 0.0)	(25.0, 0.0)	(26.0, 0.0)	(27.0, 0.0)	(28.0, 0.0)	(29.0, 0.0)	(30.0, 0.0)	(31.0, 0.0)	(32.0, 0.0)	(33.0, 0.0)	(34.0, 0.0)	(35.0, 0.00103258849283385)	(36.0, 0.0041303539713354)	(37.0, 0.007228119449836949)	(38.0, 0.0103258849283385)	(39.0, 0.026847300813680093)	(40.0, 0.06298789806286484)	(41.0, 0.06815084052703407)	(42.0, 0.11771508818305887)	(43.0, 0.14869274296807458)	(44.0, 0.20445252158110272)	(45.0, 0.2003221676097674)	(46.0, 0.31597207880715694)	(47.0, 0.4181983395977076)	(48.0, 1.1100326297963796)	(49.0, 4.32861096195938)	(50.0, 16.118706373135584)	(51.0, 16.165172855313067)	(52.0, 8.440378340424266)	(53.0, 10.298005039033207)	(54.0, 14.833133699558612)	(55.0, 16.531741770268752)	(56.0, 5.11131303952726)	(57.0, 1.3568212795836558)	(58.0, 1.3475279831481517)	(59.0, 0.8384618561810926)	(60.0, 0.22510429143777944)	(61.0, 0.10325884928338487)	(62.0, 0.04233612820618787)	(63.0, 0.06815084052703407)	(64.0, 0.10222626079055101)	(65.0, 0.02994506629218165)	(66.0, 0.02065176985667699)	(67.0, 0.04853165916319098)	(68.0, 0.3025484284003171)	(69.0, 0.8508529180950981)	(70.0, 0.10325884928338487)	(71.0, 0.017554004378175444)	(72.0, 0.0082607079426708)	(73.0, 0.0041303539713354)	(74.0, 0.0020651769856677)	(75.0, 0.0020651769856677)	(76.0, 0.00103258849283385)	(77.0, 0.0)	(78.0, 0.0)	(79.0, 0.0)	(80.0, 0.0)	(81.0, 0.0)	(82.0, 0.0)	(83.0, 0.0)	(84.0, 0.0)	(85.0, 0.0)	(86.0, 0.0)	(87.0, 0.0)	(88.0, 0.0)	(89.0, 0.0)	(90.0, 0.0)	(91.0, 0.0)	(92.0, 0.0)	(93.0, 0.0)	(94.0, 0.0)	(95.0, 0.0)	(96.0, 0.0)	(97.0, 0.00103258849283385)	(98.0, 0.00103258849283385)	(99.0, 0.0)	(100.0, 0.0)
SRR19621216_2	(0.0, 0.0)	(1.0, 0.0)	(2.0, 0.0)	(3.0, 0.0)	(4.0, 0.0)	(5.0, 0.0)	(6.0, 0.0)	(7.0, 0.0)	(8.0, 0.0)	(9.0, 0.0)	(10.0, 0.0)	(11.0, 0.0)	(12.0, 0.0)	(13.0, 0.0)	(14.0, 0.0)	(15.0, 0.0)	(16.0, 0.0)	(17.0, 0.0)	(18.0, 0.0)	(19.0, 0.0)	(20.0, 0.0)	(21.0, 0.0)	(22.0, 0.0)	(23.0, 0.0)	(24.0, 0.0)	(25.0, 0.0)	(26.0, 0.0)	(27.0, 0.0)	(28.0, 0.0)	(29.0, 0.0)	(30.0, 0.0)	(31.0, 0.0)	(32.0, 0.0)	(33.0, 0.0)	(34.0, 0.0010747603284467682)	(35.0, 0.0010747603284467682)	(36.0, 0.0)	(37.0, 0.005911181806457225)	(38.0, 0.00913546279179753)	(39.0, 0.03600447100296675)	(40.0, 0.08383130561884786)	(41.0, 0.09941533038132595)	(42.0, 0.12252267744293156)	(43.0, 0.17142427238725988)	(44.0, 0.18647091698551474)	(45.0, 0.1886204376424083)	(46.0, 0.2090408838828969)	(47.0, 0.3960491810326321)	(48.0, 0.4508619577834181)	(49.0, 2.2462490864537754)	(50.0, 7.257856498000723)	(51.0, 19.39996130862516)	(52.0, 8.310584239714812)	(53.0, 6.323889772580247)	(54.0, 10.612183483084612)	(55.0, 14.607067623921155)	(56.0, 15.623790894630874)	(57.0, 8.35196251236003)	(58.0, 1.0865826920596773)	(59.0, 0.304694553114658)	(60.0, 0.28481148703839304)	(61.0, 0.7555565108980855)	(62.0, 0.9076350973733006)	(63.0, 0.2901852886806268)	(64.0, 0.0698594213490399)	(65.0, 0.03976613215253044)	(66.0, 0.08275654529040108)	(67.0, 0.0945789089033155)	(68.0, 0.06663514036369961)	(69.0, 0.061261338721465795)	(70.0, 0.07200894200593344)	(71.0, 0.202054941747993)	(72.0, 0.7856498000945958)	(73.0, 0.16981213189458969)	(74.0, 0.015046644598254756)	(75.0, 0.004299041313787073)	(76.0, 0.005373801642233841)	(77.0, 0.0021495206568935363)	(78.0, 0.0010747603284467682)	(79.0, 0.0)	(80.0, 0.0)	(81.0, 0.0)	(82.0, 0.0)	(83.0, 0.0)	(84.0, 0.0)	(85.0, 0.0)	(86.0, 0.0)	(87.0, 0.0010747603284467682)	(88.0, 0.0010747603284467682)	(89.0, 0.0)	(90.0, 0.0)	(91.0, 0.0)	(92.0, 0.0)	(93.0, 0.0)	(94.0, 0.0)	(95.0, 0.0)	(96.0, 0.0)	(97.0, 0.0)	(98.0, 0.0010747603284467682)	(99.0, 0.0)	(100.0, 0.0)
SRR19621217_1	(0.0, 0.0)	(1.0, 0.0)	(2.0, 0.0)	(3.0, 0.0)	(4.0, 0.0)	(5.0, 0.0)	(6.0, 0.0)	(7.0, 0.0)	(8.0, 0.0)	(9.0, 0.0)	(10.0, 0.0)	(11.0, 0.0)	(12.0, 0.0)	(13.0, 0.0)	(14.0, 0.0)	(15.0, 0.0)	(16.0, 0.0)	(17.0, 0.0)	(18.0, 0.0)	(19.0, 0.0)	(20.0, 0.0)	(21.0, 0.0)	(22.0, 0.0)	(23.0, 0.0)	(24.0, 0.0)	(25.0, 0.0)	(26.0, 0.0)	(27.0, 0.0)	(28.0, 0.0)	(29.0, 0.0)	(30.0, 0.0)	(31.0, 0.0)	(32.0, 0.0)	(33.0, 0.0)	(34.0, 0.0)	(35.0, 0.0008446302631024478)	(36.0, 0.002533890789307344)	(37.0, 0.00844630263102448)	(38.0, 0.010135563157229376)	(39.0, 0.02956205920858569)	(40.0, 0.06841505131129821)	(41.0, 0.08023987499473245)	(42.0, 0.1190928670974453)	(43.0, 0.1579458592001582)	(44.0, 0.227205540774558)	(45.0, 1.3235356222815093)	(46.0, 1.86494362093024)	(47.0, 1.407154018328661)	(48.0, 2.4240888551041238)	(49.0, 3.853203260273199)	(50.0, 12.517420499178222)	(51.0, 14.521728113518506)	(52.0, 14.868026521390195)	(53.0, 20.03885299209868)	(54.0, 16.013345158156074)	(55.0, 6.1725579627526646)	(56.0, 2.0321804130245433)	(57.0, 0.867435280206209)	(58.0, 0.3108239368216992)	(59.0, 0.1756830947253094)	(60.0, 0.27028168419278226)	(61.0, 0.09375395920437168)	(62.0, 0.0549009671016591)	(63.0, 0.0532117065754542)	(64.0, 0.06672579078509332)	(65.0, 0.028717428945483237)	(66.0, 0.016047974998946505)	(67.0, 0.015203344735844058)	(68.0, 0.07686135394232266)	(69.0, 0.20524515393389467)	(70.0, 0.018581865788253847)	(71.0, 0.002533890789307344)	(72.0, 0.0016892605262048956)	(73.0, 0.0008446302631024478)	(74.0, 0.0)	(75.0, 0.0)	(76.0, 0.0)	(77.0, 0.0)	(78.0, 0.0)	(79.0, 0.0)	(80.0, 0.0)	(81.0, 0.0)	(82.0, 0.0)	(83.0, 0.0)	(84.0, 0.0)	(85.0, 0.0)	(86.0, 0.0)	(87.0, 0.0)	(88.0, 0.0)	(89.0, 0.0)	(90.0, 0.0)	(91.0, 0.0)	(92.0, 0.0)	(93.0, 0.0)	(94.0, 0.0)	(95.0, 0.0)	(96.0, 0.0)	(97.0, 0.0)	(98.0, 0.0)	(99.0, 0.0)	(100.0, 0.0)
SRR19621217_2	(0.0, 0.0)	(1.0, 0.0)	(2.0, 0.0)	(3.0, 0.0)	(4.0, 0.0)	(5.0, 0.0)	(6.0, 0.0)	(7.0, 0.0)	(8.0, 0.0)	(9.0, 0.0)	(10.0, 0.0)	(11.0, 0.0)	(12.0, 0.0)	(13.0, 0.0)	(14.0, 0.0)	(15.0, 0.0)	(16.0, 0.0)	(17.0, 0.0)	(18.0, 0.0)	(19.0, 0.0)	(20.0, 0.0)	(21.0, 0.0)	(22.0, 0.0)	(23.0, 0.0)	(24.0, 0.0)	(25.0, 0.0)	(26.0, 0.0)	(27.0, 0.0)	(28.0, 0.0)	(29.0, 0.0)	(30.0, 0.0)	(31.0, 0.0)	(32.0, 0.0)	(33.0, 0.0)	(34.0, 0.000804421098356684)	(35.0, 0.0024132632950700523)	(36.0, 0.008848632081923526)	(37.0, 0.008848632081923526)	(38.0, 0.009250842631101867)	(39.0, 0.028154738442483944)	(40.0, 0.06797358281113973)	(41.0, 0.07963768873731163)	(42.0, 0.1053791638847257)	(43.0, 0.1472090609992735)	(44.0, 0.21357380161369913)	(45.0, 0.7863216236436559)	(46.0, 1.2207090167562407)	(47.0, 1.4057258693782964)	(48.0, 1.5694255628939002)	(49.0, 2.3006443413002087)	(50.0, 3.200389339812014)	(51.0, 10.273664057663833)	(52.0, 15.474648669084242)	(53.0, 16.516373991455204)	(54.0, 19.030994344915907)	(55.0, 14.457055979663963)	(56.0, 7.156934512079975)	(57.0, 3.1774633385088533)	(58.0, 0.9773716345033576)	(59.0, 0.5011543442762177)	(60.0, 0.22443348644151426)	(61.0, 0.14560021880256016)	(62.0, 0.26304569916263454)	(63.0, 0.16329748296640714)	(64.0, 0.056309476884967846)	(65.0, 0.03137242283591069)	(66.0, 0.041829897114547585)	(67.0, 0.05470063468825448)	(68.0, 0.02413263295070052)	(69.0, 0.02091494855727378)	(70.0, 0.020110527458917095)	(71.0, 0.030568001737554005)	(72.0, 0.1576665352779104)	(73.0, 0.03298126503262406)	(74.0, 0.0024132632950700523)	(75.0, 0.000804421098356684)	(76.0, 0.001608842196713368)	(77.0, 0.001608842196713368)	(78.0, 0.000804421098356684)	(79.0, 0.000804421098356684)	(80.0, 0.0)	(81.0, 0.000804421098356684)	(82.0, 0.0)	(83.0, 0.0)	(84.0, 0.0)	(85.0, 0.0)	(86.0, 0.0)	(87.0, 0.0)	(88.0, 0.0)	(89.0, 0.0)	(90.0, 0.000804421098356684)	(91.0, 0.000804421098356684)	(92.0, 0.0)	(93.0, 0.0)	(94.0, 0.0)	(95.0, 0.0)	(96.0, 0.000804421098356684)	(97.0, 0.000804421098356684)	(98.0, 0.0)	(99.0, 0.0)	(100.0, 0.0)
SRR19621218_1	(0.0, 0.0)	(1.0, 0.0)	(2.0, 0.0)	(3.0, 0.0)	(4.0, 0.0)	(5.0, 0.0)	(6.0, 0.0)	(7.0, 0.0)	(8.0, 0.0)	(9.0, 0.0)	(10.0, 0.0)	(11.0, 0.0)	(12.0, 0.0)	(13.0, 0.0)	(14.0, 0.0)	(15.0, 0.0)	(16.0, 0.0)	(17.0, 0.0)	(18.0, 0.0)	(19.0, 0.0)	(20.0, 0.0)	(21.0, 0.0)	(22.0, 0.0)	(23.0, 0.0)	(24.0, 0.0)	(25.0, 0.0)	(26.0, 0.0)	(27.0, 0.0)	(28.0, 0.0)	(29.0, 0.0)	(30.0, 0.0)	(31.0, 0.0010548523206751468)	(32.0, 0.0)	(33.0, 0.0)	(34.0, 0.0)	(35.0, 0.0021097046413502936)	(36.0, 0.0021097046413502936)	(37.0, 0.004219409282700587)	(38.0, 0.007383966244726026)	(39.0, 0.02637130801687866)	(40.0, 0.059071729957808225)	(41.0, 0.14029535864979464)	(42.0, 0.1708860759493741)	(43.0, 0.15611814345992195)	(44.0, 0.20358649789030386)	(45.0, 0.7257383966245078)	(46.0, 1.733122362869242)	(47.0, 2.066455696202626)	(48.0, 3.2573839662449964)	(49.0, 3.558016877637345)	(50.0, 7.566455696202731)	(51.0, 13.113924050635644)	(52.0, 17.004219409282047)	(53.0, 20.848101265818787)	(54.0, 15.873417721519317)	(55.0, 7.907172995780959)	(56.0, 3.0875527426162845)	(57.0, 1.114978902953622)	(58.0, 0.30168776371309114)	(59.0, 0.18987341772152688)	(60.0, 0.33016877637131964)	(61.0, 0.11603375527426608)	(62.0, 0.05696202531645793)	(63.0, 0.04641350210970649)	(64.0, 0.051687763713082216)	(65.0, 0.030590717299579257)	(66.0, 0.014767932489452053)	(67.0, 0.01793248945147749)	(68.0, 0.048523206751056785)	(69.0, 0.1371308016877692)	(70.0, 0.021097046413502928)	(71.0, 0.00632911392405088)	(72.0, 0.0010548523206751468)	(73.0, 0.0)	(74.0, 0.0)	(75.0, 0.0)	(76.0, 0.0)	(77.0, 0.0)	(78.0, 0.0)	(79.0, 0.0)	(80.0, 0.0)	(81.0, 0.0)	(82.0, 0.0)	(83.0, 0.0)	(84.0, 0.0)	(85.0, 0.0)	(86.0, 0.0)	(87.0, 0.0)	(88.0, 0.0)	(89.0, 0.0)	(90.0, 0.0)	(91.0, 0.0)	(92.0, 0.0)	(93.0, 0.0)	(94.0, 0.0)	(95.0, 0.0)	(96.0, 0.0)	(97.0, 0.0)	(98.0, 0.0)	(99.0, 0.0)	(100.0, 0.0)
SRR19621218_2	(0.0, 0.0)	(1.0, 0.0)	(2.0, 0.0)	(3.0, 0.0)	(4.0, 0.0)	(5.0, 0.0)	(6.0, 0.0)	(7.0, 0.0)	(8.0, 0.0)	(9.0, 0.0)	(10.0, 0.0)	(11.0, 0.0)	(12.0, 0.0)	(13.0, 0.0)	(14.0, 0.0)	(15.0, 0.0)	(16.0, 0.0)	(17.0, 0.0)	(18.0, 0.0)	(19.0, 0.0)	(20.0, 0.0)	(21.0, 0.0)	(22.0, 0.0)	(23.0, 0.0)	(24.0, 0.0)	(25.0, 0.0)	(26.0, 0.0)	(27.0, 0.0)	(28.0, 0.0)	(29.0, 0.0010125249334265365)	(30.0, 0.0010125249334265365)	(31.0, 0.0030375748002796094)	(32.0, 0.002025049866853073)	(33.0, 0.002025049866853073)	(34.0, 0.002025049866853073)	(35.0, 0.002025049866853073)	(36.0, 0.004050099733706146)	(37.0, 0.011137774267691901)	(38.0, 0.011137774267691901)	(39.0, 0.033919585269788985)	(40.0, 0.07897694480726977)	(41.0, 0.10125249334265352)	(42.0, 0.12808440407845692)	(43.0, 0.20604882395230054)	(44.0, 0.20959266121929337)	(45.0, 0.46019258224236065)	(46.0, 0.7604062250033372)	(47.0, 1.984548869516025)	(48.0, 2.07365106365757)	(49.0, 2.2771685752763267)	(50.0, 3.1221206322208634)	(51.0, 6.486740985996661)	(52.0, 12.462156880616055)	(53.0, 18.223423751807807)	(54.0, 19.301762805906087)	(55.0, 15.43999270982079)	(56.0, 8.79782914654378)	(57.0, 4.5543371505523735)	(58.0, 1.6251025181495633)	(59.0, 0.39690977390320026)	(60.0, 0.20655508641901377)	(61.0, 0.20351751161873421)	(62.0, 0.29261970576026813)	(63.0, 0.18529206281705665)	(64.0, 0.034425847736502244)	(65.0, 0.03138827293622263)	(66.0, 0.04556362200419417)	(67.0, 0.03645089760335532)	(68.0, 0.011137774267691901)	(69.0, 0.009112724400838828)	(70.0, 0.011137774267691901)	(71.0, 0.033413322803075705)	(72.0, 0.11340279254377206)	(73.0, 0.014175349067971509)	(74.0, 0.002025049866853073)	(75.0, 0.002025049866853073)	(76.0, 0.0)	(77.0, 0.0)	(78.0, 0.0)	(79.0, 0.0)	(80.0, 0.0010125249334265365)	(81.0, 0.0010125249334265365)	(82.0, 0.0)	(83.0, 0.0010125249334265365)	(84.0, 0.0010125249334265365)	(85.0, 0.0)	(86.0, 0.0)	(87.0, 0.0)	(88.0, 0.0)	(89.0, 0.0)	(90.0, 0.0)	(91.0, 0.0)	(92.0, 0.0)	(93.0, 0.0)	(94.0, 0.0)	(95.0, 0.0)	(96.0, 0.0)	(97.0, 0.0)	(98.0, 0.0)	(99.0, 0.0)	(100.0, 0.0)
SRR19621219_1	(0.0, 0.0)	(1.0, 0.0)	(2.0, 0.0)	(3.0, 0.0)	(4.0, 0.0)	(5.0, 0.0)	(6.0, 0.0)	(7.0, 0.0)	(8.0, 0.0)	(9.0, 0.0)	(10.0, 0.0)	(11.0, 0.0)	(12.0, 0.0)	(13.0, 0.0)	(14.0, 0.0)	(15.0, 0.0)	(16.0, 0.0)	(17.0, 0.0)	(18.0, 0.0)	(19.0, 0.0)	(20.0, 0.0)	(21.0, 0.0)	(22.0, 0.0)	(23.0, 0.0)	(24.0, 0.0)	(25.0, 0.0)	(26.0, 0.0)	(27.0, 0.0)	(28.0, 0.0)	(29.0, 0.0)	(30.0, 0.0)	(31.0, 0.0)	(32.0, 0.0)	(33.0, 0.0)	(34.0, 0.0)	(35.0, 0.0)	(36.0, 0.0)	(37.0, 0.0)	(38.0, 0.009280419474960175)	(39.0, 0.023201048687400434)	(40.0, 0.060322726587241166)	(41.0, 0.08120367040590148)	(42.0, 0.09744440448708173)	(43.0, 0.13224597751818248)	(44.0, 0.19256870410542404)	(45.0, 0.6554296254190658)	(46.0, 1.1971741122698554)	(47.0, 1.655394823845988)	(48.0, 2.537034673967283)	(49.0, 3.1089405241117687)	(50.0, 9.780402074174214)	(51.0, 15.972761968841862)	(52.0, 15.635186710440493)	(53.0, 20.133870050923345)	(54.0, 15.732631114927486)	(55.0, 7.359372643642876)	(56.0, 2.0718536477848515)	(57.0, 0.7911557602403623)	(58.0, 0.30973399997679524)	(59.0, 0.2830527939862851)	(60.0, 0.8572787489994553)	(61.0, 0.2784125842488051)	(62.0, 0.10556477152767185)	(63.0, 0.08352377527464151)	(64.0, 0.07772351310279144)	(65.0, 0.03248146816236061)	(66.0, 0.009280419474960175)	(67.0, 0.03480157303110066)	(68.0, 0.16820760298365342)	(69.0, 0.45010034453556613)	(70.0, 0.06728304119346128)	(71.0, 0.009280419474960175)	(72.0, 0.003480157303110066)	(73.0, 0.001160052434370022)	(74.0, 0.0)	(75.0, 0.001160052434370022)	(76.0, 0.0)	(77.0, 0.0)	(78.0, 0.0)	(79.0, 0.0)	(80.0, 0.0)	(81.0, 0.0)	(82.0, 0.0)	(83.0, 0.0)	(84.0, 0.0)	(85.0, 0.0)	(86.0, 0.0)	(87.0, 0.0)	(88.0, 0.0)	(89.0, 0.0)	(90.0, 0.0)	(91.0, 0.0)	(92.0, 0.0)	(93.0, 0.0)	(94.0, 0.0)	(95.0, 0.0)	(96.0, 0.0)	(97.0, 0.0)	(98.0, 0.0)	(99.0, 0.0)	(100.0, 0.0)
SRR19621219_2	(0.0, 0.0)	(1.0, 0.0)	(2.0, 0.0)	(3.0, 0.0)	(4.0, 0.0)	(5.0, 0.0)	(6.0, 0.0)	(7.0, 0.0)	(8.0, 0.0)	(9.0, 0.0)	(10.0, 0.0)	(11.0, 0.0)	(12.0, 0.0)	(13.0, 0.0)	(14.0, 0.0)	(15.0, 0.0)	(16.0, 0.0)	(17.0, 0.0)	(18.0, 0.0)	(19.0, 0.0)	(20.0, 0.0)	(21.0, 0.0)	(22.0, 0.0)	(23.0, 0.0)	(24.0, 0.0)	(25.0, 0.0)	(26.0, 0.0)	(27.0, 0.0)	(28.0, 0.0)	(29.0, 0.0)	(30.0, 0.0)	(31.0, 0.0)	(32.0, 0.0)	(33.0, 0.0)	(34.0, 0.0016567171597241359)	(35.0, 0.002761195266206893)	(36.0, 0.0066268686388965435)	(37.0, 0.0066268686388965435)	(38.0, 0.0044179124259310296)	(39.0, 0.01877612781020687)	(40.0, 0.055223905324137894)	(41.0, 0.08504481419917223)	(42.0, 0.10161198579641355)	(43.0, 0.13971648047006888)	(44.0, 0.14302991478951718)	(45.0, 0.3677912094587566)	(46.0, 0.7897018461351794)	(47.0, 1.3789409159437023)	(48.0, 1.627448489902308)	(49.0, 2.0885680993589)	(50.0, 2.695478818871244)	(51.0, 8.717645694468665)	(52.0, 13.019035680167718)	(53.0, 17.404366001954273)	(54.0, 20.37541210839019)	(55.0, 16.130902745180812)	(56.0, 7.880451289754353)	(57.0, 2.9467475880961)	(58.0, 0.8703287479084212)	(59.0, 0.3280299976253779)	(60.0, 0.2661792236623443)	(61.0, 0.30704491360220576)	(62.0, 0.7576719810471786)	(63.0, 0.5721196591580701)	(64.0, 0.07510451124082747)	(65.0, 0.045283602365793076)	(66.0, 0.06626868638896542)	(67.0, 0.06847764260193094)	(68.0, 0.04197016804634479)	(69.0, 0.03313434319448272)	(70.0, 0.025402996449103408)	(71.0, 0.09167168283806876)	(72.0, 0.370000165671722)	(73.0, 0.07179107692137919)	(74.0, 0.009940302958344817)	(75.0, 0.0022089562129655148)	(76.0, 0.0022089562129655148)	(77.0, 0.0022089562129655148)	(78.0, 0.0)	(79.0, 0.0)	(80.0, 0.0)	(81.0, 0.0)	(82.0, 0.0)	(83.0, 0.0)	(84.0, 0.0)	(85.0, 0.0011044781064827574)	(86.0, 0.0)	(87.0, 0.0)	(88.0, 0.0)	(89.0, 0.0)	(90.0, 0.0)	(91.0, 0.0)	(92.0, 0.0)	(93.0, 0.0)	(94.0, 0.0)	(95.0, 0.0)	(96.0, 0.0)	(97.0, 0.0)	(98.0, 0.0011044781064827574)	(99.0, 0.0011044781064827574)	(100.0, 0.0016567171597241359)
SRR19621220_1	(0.0, 0.0)	(1.0, 0.0)	(2.0, 0.0)	(3.0, 0.0)	(4.0, 0.0)	(5.0, 0.0)	(6.0, 0.0)	(7.0, 0.0)	(8.0, 0.0)	(9.0, 0.0)	(10.0, 0.0)	(11.0, 0.0)	(12.0, 0.0)	(13.0, 0.0)	(14.0, 0.0)	(15.0, 0.0)	(16.0, 0.0)	(17.0, 0.0)	(18.0, 0.0)	(19.0, 0.0)	(20.0, 0.0)	(21.0, 0.0)	(22.0, 0.0)	(23.0, 0.0)	(24.0, 0.0)	(25.0, 0.0)	(26.0, 0.0)	(27.0, 0.0)	(28.0, 0.0)	(29.0, 0.0)	(30.0, 0.0)	(31.0, 0.0)	(32.0, 0.0)	(33.0, 0.0)	(34.0, 0.0)	(35.0, 0.0010475591870941004)	(36.0, 0.002095118374188201)	(37.0, 0.005237795935470503)	(38.0, 0.006285355122564604)	(39.0, 0.019903624554787905)	(40.0, 0.06285355122564602)	(41.0, 0.11523151058035101)	(42.0, 0.1257071024512921)	(43.0, 0.14665828619317428)	(44.0, 0.17703750261890341)	(45.0, 0.373978629792592)	(46.0, 1.2350722815839292)	(47.0, 0.9511837418814442)	(48.0, 0.8328095537398175)	(49.0, 2.262727844123295)	(50.0, 11.934841818565003)	(51.0, 20.51016132411079)	(52.0, 17.686989314894756)	(53.0, 16.16069557930004)	(54.0, 13.447517284728788)	(55.0, 9.170333123822415)	(56.0, 2.1705426356590034)	(57.0, 0.9396605908234096)	(58.0, 0.5332076262308986)	(59.0, 0.14351560863189194)	(60.0, 0.12780222082548032)	(61.0, 0.11208883301906869)	(62.0, 0.06390111041274013)	(63.0, 0.015713387806411506)	(64.0, 0.013618269432223308)	(65.0, 0.012570710245129207)	(66.0, 0.018856065367693808)	(67.0, 0.03561701236119943)	(68.0, 0.2493190865283958)	(69.0, 0.2535093232767721)	(70.0, 0.04818772260632866)	(71.0, 0.020951183741882005)	(72.0, 0.010475591870941006)	(73.0, 0.002095118374188201)	(74.0, 0.0)	(75.0, 0.0)	(76.0, 0.0)	(77.0, 0.0)	(78.0, 0.0)	(79.0, 0.0)	(80.0, 0.0)	(81.0, 0.0)	(82.0, 0.0)	(83.0, 0.0)	(84.0, 0.0)	(85.0, 0.0)	(86.0, 0.0)	(87.0, 0.0)	(88.0, 0.0)	(89.0, 0.0)	(90.0, 0.0)	(91.0, 0.0)	(92.0, 0.0)	(93.0, 0.0)	(94.0, 0.0)	(95.0, 0.0)	(96.0, 0.0)	(97.0, 0.0)	(98.0, 0.0)	(99.0, 0.0)	(100.0, 0.0)
SRR19621220_2	(0.0, 0.0)	(1.0, 0.0)	(2.0, 0.0)	(3.0, 0.0)	(4.0, 0.0)	(5.0, 0.0)	(6.0, 0.0)	(7.0, 0.0)	(8.0, 0.0)	(9.0, 0.0)	(10.0, 0.0)	(11.0, 0.0)	(12.0, 0.0)	(13.0, 0.0)	(14.0, 0.0)	(15.0, 0.0)	(16.0, 0.0)	(17.0, 0.0)	(18.0, 0.0)	(19.0, 0.0)	(20.0, 0.0)	(21.0, 0.0)	(22.0, 0.0)	(23.0, 0.0)	(24.0, 0.0)	(25.0, 0.0)	(26.0, 0.0)	(27.0, 0.0)	(28.0, 0.0)	(29.0, 0.0)	(30.0, 0.0010756157900397572)	(31.0, 0.0)	(32.0, 0.0010756157900397572)	(33.0, 0.0)	(34.0, 0.0)	(35.0, 0.0010756157900397572)	(36.0, 0.008604926320318057)	(37.0, 0.010218350005377694)	(38.0, 0.010756157900397573)	(39.0, 0.038722168441431275)	(40.0, 0.08174680004302148)	(41.0, 0.10433473163385633)	(42.0, 0.1328385500699101)	(43.0, 0.16940948693126212)	(44.0, 0.22641712380336923)	(45.0, 0.506615037108726)	(46.0, 0.43293535549100054)	(47.0, 1.1584382058728089)	(48.0, 0.974507905776021)	(49.0, 2.944498225233945)	(50.0, 8.107991825319772)	(51.0, 12.37711089598951)	(52.0, 13.886199849415062)	(53.0, 15.944928471549286)	(54.0, 18.186511777990102)	(55.0, 12.306120253846853)	(56.0, 7.775626546197335)	(57.0, 2.291061632784718)	(58.0, 0.3743142949338337)	(59.0, 0.20114015273743516)	(60.0, 0.3893729159943901)	(61.0, 0.4216413896955828)	(62.0, 0.13552758954500949)	(63.0, 0.0699150263525842)	(64.0, 0.0742174895127432)	(65.0, 0.025814778960954167)	(66.0, 0.019361084220715627)	(67.0, 0.019361084220715627)	(68.0, 0.02151231580079514)	(69.0, 0.030117242121113205)	(70.0, 0.0408734000215108)	(71.0, 0.08282241583306124)	(72.0, 0.2205012369581506)	(73.0, 0.1441325158653276)	(74.0, 0.03226847370119272)	(75.0, 0.0064536947402385435)	(76.0, 0.003226847370119272)	(77.0, 0.0021512315800795143)	(78.0, 0.0)	(79.0, 0.0)	(80.0, 0.0010756157900397572)	(81.0, 0.0010756157900397572)	(82.0, 0.0)	(83.0, 0.0)	(84.0, 0.0)	(85.0, 0.0)	(86.0, 0.0)	(87.0, 0.0021512315800795143)	(88.0, 0.0010756157900397572)	(89.0, 0.0)	(90.0, 0.0)	(91.0, 0.0)	(92.0, 0.0)	(93.0, 0.0)	(94.0, 0.0)	(95.0, 0.0)	(96.0, 0.0)	(97.0, 0.0010756157900397572)	(98.0, 0.0)	(99.0, 0.0)	(100.0, 0.0)
SRR19621221_1	(0.0, 0.0)	(1.0, 0.0)	(2.0, 0.0)	(3.0, 0.0)	(4.0, 0.0)	(5.0, 0.0)	(6.0, 0.0)	(7.0, 0.0)	(8.0, 0.0)	(9.0, 0.0)	(10.0, 0.0)	(11.0, 0.0)	(12.0, 0.0)	(13.0, 0.0)	(14.0, 0.0)	(15.0, 0.0)	(16.0, 0.0)	(17.0, 0.0)	(18.0, 0.0)	(19.0, 0.0)	(20.0, 0.0)	(21.0, 0.0)	(22.0, 0.0)	(23.0, 0.0)	(24.0, 0.0)	(25.0, 0.0)	(26.0, 0.0)	(27.0, 0.0)	(28.0, 0.0)	(29.0, 0.0)	(30.0, 0.001596678907871624)	(31.0, 0.001596678907871624)	(32.0, 0.0)	(33.0, 0.0)	(34.0, 0.0)	(35.0, 0.0)	(36.0, 0.001596678907871624)	(37.0, 0.006386715631486496)	(38.0, 0.011176752355101368)	(39.0, 0.01916014689445949)	(40.0, 0.051093725051891976)	(41.0, 0.07664058757783801)	(42.0, 0.09899409228804068)	(43.0, 0.16924796423439203)	(44.0, 0.19160146894459493)	(45.0, 0.469423598914256)	(46.0, 1.7292032572249543)	(47.0, 1.2901165575602824)	(48.0, 1.908031294906566)	(49.0, 2.9219224014050695)	(50.0, 4.823566980680391)	(51.0, 8.612486029058921)	(52.0, 20.60035126936237)	(53.0, 26.565543669165333)	(54.0, 15.115759220822186)	(55.0, 9.687050934056279)	(56.0, 3.153440843046481)	(57.0, 0.9755708127095691)	(58.0, 0.7695992335941237)	(59.0, 0.1676512853265204)	(60.0, 0.07664058757783801)	(61.0, 0.05907711959125011)	(62.0, 0.043110330512533844)	(63.0, 0.028740220341689222)	(64.0, 0.06546383522273662)	(65.0, 0.16445792751077715)	(66.0, 0.12933099153760141)	(67.0, 0.009580073447229743)	(68.0, 0.001596678907871624)	(69.0, 0.0)	(70.0, 0.001596678907871624)	(71.0, 0.0)	(72.0, 0.0)	(73.0, 0.0)	(74.0, 0.0)	(75.0, 0.0)	(76.0, 0.001596678907871624)	(77.0, 0.0)	(78.0, 0.0)	(79.0, 0.0)	(80.0, 0.0)	(81.0, 0.0)	(82.0, 0.0)	(83.0, 0.0)	(84.0, 0.0)	(85.0, 0.0)	(86.0, 0.0)	(87.0, 0.0)	(88.0, 0.0)	(89.0, 0.0)	(90.0, 0.0)	(91.0, 0.0)	(92.0, 0.0)	(93.0, 0.0)	(94.0, 0.0)	(95.0, 0.0)	(96.0, 0.0)	(97.0, 0.0)	(98.0, 0.0)	(99.0, 0.0)	(100.0, 0.0)
SRR19621221_2	(0.0, 0.0)	(1.0, 0.0)	(2.0, 0.0)	(3.0, 0.0)	(4.0, 0.0)	(5.0, 0.0)	(6.0, 0.0)	(7.0, 0.0)	(8.0, 0.0)	(9.0, 0.0)	(10.0, 0.0)	(11.0, 0.0)	(12.0, 0.0)	(13.0, 0.0)	(14.0, 0.0)	(15.0, 0.0)	(16.0, 0.0)	(17.0, 0.0)	(18.0, 0.0)	(19.0, 0.0)	(20.0, 0.0)	(21.0, 0.0)	(22.0, 0.0)	(23.0, 0.0)	(24.0, 0.0)	(25.0, 0.0)	(26.0, 0.0)	(27.0, 0.001595074410221174)	(28.0, 0.0)	(29.0, 0.0)	(30.0, 0.0)	(31.0, 0.0)	(32.0, 0.0)	(33.0, 0.0)	(34.0, 0.0)	(35.0, 0.001595074410221174)	(36.0, 0.004785223230663523)	(37.0, 0.009570446461327044)	(38.0, 0.011165520871548217)	(39.0, 0.022331041743096434)	(40.0, 0.06619558802417877)	(41.0, 0.11723796915125621)	(42.0, 0.13877147368924198)	(43.0, 0.1738631107141079)	(44.0, 0.18821878040609857)	(45.0, 0.3923883049144085)	(46.0, 0.398768602555293)	(47.0, 2.1174612795685723)	(48.0, 2.1366021724912247)	(49.0, 2.6733447115306572)	(50.0, 2.1948223884642943)	(51.0, 4.774057709792183)	(52.0, 9.586397205428414)	(53.0, 16.70840444706905)	(54.0, 21.81583270859655)	(55.0, 14.411497296349514)	(56.0, 11.771649147432269)	(57.0, 7.236852599173159)	(58.0, 0.9921362831575776)	(59.0, 0.24723653358428244)	(60.0, 0.5550858947569659)	(61.0, 0.6810967731644398)	(62.0, 0.15791236661189606)	(63.0, 0.05104238112707758)	(64.0, 0.03987686025552934)	(65.0, 0.012760595281769392)	(66.0, 0.030306413794202302)	(67.0, 0.08932416697238577)	(68.0, 0.14834192015056902)	(69.0, 0.028711339383981127)	(70.0, 0.007975372051105871)	(71.0, 0.001595074410221174)	(72.0, 0.001595074410221174)	(73.0, 0.001595074410221174)	(74.0, 0.0)	(75.0, 0.0)	(76.0, 0.0)	(77.0, 0.0)	(78.0, 0.0)	(79.0, 0.0)	(80.0, 0.0)	(81.0, 0.0)	(82.0, 0.0)	(83.0, 0.0)	(84.0, 0.0)	(85.0, 0.0)	(86.0, 0.0)	(87.0, 0.0)	(88.0, 0.0)	(89.0, 0.0)	(90.0, 0.0)	(91.0, 0.0)	(92.0, 0.0)	(93.0, 0.0)	(94.0, 0.0)	(95.0, 0.0)	(96.0, 0.0)	(97.0, 0.0)	(98.0, 0.0)	(99.0, 0.0)	(100.0, 0.0)
SRR19621222_1	(0.0, 0.0)	(1.0, 0.0)	(2.0, 0.0)	(3.0, 0.0)	(4.0, 0.0)	(5.0, 0.0)	(6.0, 0.0)	(7.0, 0.0)	(8.0, 0.0)	(9.0, 0.0)	(10.0, 0.0)	(11.0, 0.0)	(12.0, 0.0)	(13.0, 0.0)	(14.0, 0.0)	(15.0, 0.0)	(16.0, 0.0)	(17.0, 0.0)	(18.0, 0.0)	(19.0, 0.0)	(20.0, 0.0)	(21.0, 0.0)	(22.0, 0.0)	(23.0, 0.0)	(24.0, 0.0)	(25.0, 0.0)	(26.0, 0.0)	(27.0, 0.0)	(28.0, 0.0)	(29.0, 0.0)	(30.0, 0.0)	(31.0, 0.0)	(32.0, 0.0)	(33.0, 0.0)	(34.0, 0.0)	(35.0, 0.0)	(36.0, 0.003284287966369072)	(37.0, 0.004379050621825429)	(38.0, 0.005473813277281785)	(39.0, 0.02408477842003985)	(40.0, 0.061306708705556004)	(41.0, 0.07006480994920683)	(42.0, 0.10838150289017923)	(43.0, 0.1532667717638902)	(44.0, 0.15874058504117203)	(45.0, 0.21347871781399017)	(46.0, 0.4225783850061515)	(47.0, 0.4160098090734134)	(48.0, 0.41491504641795707)	(49.0, 0.9568225608688592)	(50.0, 4.806008057453233)	(51.0, 9.590120861798379)	(52.0, 16.607549483272514)	(53.0, 18.460982658958443)	(54.0, 20.183044315989726)	(55.0, 16.049220528990283)	(56.0, 2.948195831144076)	(57.0, 2.400814503415835)	(58.0, 1.9180241723595264)	(59.0, 0.33499737256964407)	(60.0, 0.25398493606587486)	(61.0, 0.26493256262043824)	(62.0, 0.1620248730075411)	(63.0, 0.06568575932738142)	(64.0, 0.03941145559642887)	(65.0, 0.021895253109127138)	(66.0, 0.02955859169732164)	(67.0, 0.10728674023472286)	(68.0, 1.2545980031529715)	(69.0, 1.1352688737082353)	(70.0, 0.19924680329305752)	(71.0, 0.08320196181468308)	(72.0, 0.04488526887371067)	(73.0, 0.019705727798214424)	(74.0, 0.004379050621825429)	(75.0, 0.0010947626554563572)	(76.0, 0.0)	(77.0, 0.0)	(78.0, 0.0)	(79.0, 0.0)	(80.0, 0.0)	(81.0, 0.0)	(82.0, 0.0010947626554563572)	(83.0, 0.0)	(84.0, 0.0)	(85.0, 0.0)	(86.0, 0.0)	(87.0, 0.0)	(88.0, 0.0)	(89.0, 0.0)	(90.0, 0.0)	(91.0, 0.0)	(92.0, 0.0)	(93.0, 0.0)	(94.0, 0.0)	(95.0, 0.0)	(96.0, 0.0)	(97.0, 0.0)	(98.0, 0.0)	(99.0, 0.0)	(100.0, 0.0)
SRR19621222_2	(0.0, 0.0)	(1.0, 0.0)	(2.0, 0.0)	(3.0, 0.0)	(4.0, 0.0)	(5.0, 0.0)	(6.0, 0.0)	(7.0, 0.0)	(8.0, 0.0)	(9.0, 0.0)	(10.0, 0.0)	(11.0, 0.0)	(12.0, 0.0)	(13.0, 0.0)	(14.0, 0.0)	(15.0, 0.0)	(16.0, 0.0)	(17.0, 0.0)	(18.0, 0.0)	(19.0, 0.0)	(20.0, 0.0)	(21.0, 0.0)	(22.0, 0.0)	(23.0, 0.0)	(24.0, 0.0)	(25.0, 0.0)	(26.0, 0.0)	(27.0, 0.0)	(28.0, 0.0)	(29.0, 0.0)	(30.0, 0.0)	(31.0, 0.0)	(32.0, 0.0)	(33.0, 0.0)	(34.0, 0.0)	(35.0, 0.0016607433487229673)	(36.0, 0.004982230046168901)	(37.0, 0.007750135627373846)	(38.0, 0.007750135627373846)	(39.0, 0.02435756911460351)	(40.0, 0.06421540948395472)	(41.0, 0.08857297859855817)	(42.0, 0.11569845329436662)	(43.0, 0.165520753756056)	(44.0, 0.17769953831335783)	(45.0, 0.20150352631172053)	(46.0, 0.24080778556483037)	(47.0, 0.4677760432236346)	(48.0, 0.39082826806613646)	(49.0, 0.861372216870988)	(50.0, 1.9701951927016719)	(51.0, 5.202001749316319)	(52.0, 7.586275616966251)	(53.0, 16.61020139281062)	(54.0, 21.02390363259601)	(55.0, 17.941563977368986)	(56.0, 14.377608751012739)	(57.0, 3.9038540317314947)	(58.0, 0.8281573498965287)	(59.0, 0.5768315231231125)	(60.0, 1.6219926705860637)	(61.0, 1.8257105213627574)	(62.0, 0.4417577307603073)	(63.0, 0.2258610954263239)	(64.0, 0.24800434007596317)	(65.0, 0.12289500780549953)	(66.0, 0.07750135627373841)	(67.0, 0.09189446529600409)	(68.0, 0.10185892538834185)	(69.0, 0.11403770994564365)	(70.0, 0.13839527906024734)	(71.0, 0.4096500260183297)	(72.0, 0.9244804641224572)	(73.0, 0.6155822012599829)	(74.0, 0.14614541468762124)	(75.0, 0.031000542509495382)	(76.0, 0.007750135627373846)	(77.0, 0.006642973394891869)	(78.0, 0.001107162232481978)	(79.0, 0.0)	(80.0, 0.001107162232481978)	(81.0, 0.001107162232481978)	(82.0, 0.001107162232481978)	(83.0, 0.0)	(84.0, 0.0)	(85.0, 0.001107162232481978)	(86.0, 0.002214324464963956)	(87.0, 0.0)	(88.0, 0.0)	(89.0, 0.0)	(90.0, 0.0)	(91.0, 0.0)	(92.0, 0.0)	(93.0, 0.0)	(94.0, 0.0)	(95.0, 0.0)	(96.0, 0.0)	(97.0, 0.0)	(98.0, 0.0)	(99.0, 0.0)	(100.0, 0.0)
SRR19621223_1	(0.0, 0.0)	(1.0, 0.0)	(2.0, 0.0)	(3.0, 0.0)	(4.0, 0.0)	(5.0, 0.0)	(6.0, 0.0)	(7.0, 0.0)	(8.0, 0.0)	(9.0, 0.0)	(10.0, 0.0)	(11.0, 0.0)	(12.0, 0.0)	(13.0, 0.0)	(14.0, 0.0)	(15.0, 0.0)	(16.0, 0.0)	(17.0, 0.0)	(18.0, 0.0)	(19.0, 0.0)	(20.0, 0.0)	(21.0, 0.0)	(22.0, 0.0)	(23.0, 0.0)	(24.0, 0.0)	(25.0, 0.0)	(26.0, 0.0)	(27.0, 0.0)	(28.0, 0.0)	(29.0, 0.0)	(30.0, 0.0)	(31.0, 0.0)	(32.0, 0.0)	(33.0, 0.0)	(34.0, 0.0)	(35.0, 0.0)	(36.0, 0.0)	(37.0, 0.00501288310959214)	(38.0, 0.014036072706857989)	(39.0, 0.03509018176714499)	(40.0, 0.07619582326580046)	(41.0, 0.0942422024603321)	(42.0, 0.1353478439589879)	(43.0, 0.17946121532339904)	(44.0, 0.22758489317548317)	(45.0, 0.5233449966414211)	(46.0, 1.9951274776176884)	(47.0, 1.5509860341077744)	(48.0, 1.4016021174419353)	(49.0, 2.6708641207907857)	(50.0, 8.12788867389303)	(51.0, 11.258935464145704)	(52.0, 5.473065779052294)	(53.0, 9.929518863481265)	(54.0, 25.096497999853955)	(55.0, 19.653509519462514)	(56.0, 4.490540689572458)	(57.0, 2.425232848420743)	(58.0, 1.912916194620368)	(59.0, 0.4100538383646356)	(60.0, 0.22959004641932)	(61.0, 0.24462869574809623)	(62.0, 0.13935815044666167)	(63.0, 0.055141714205513545)	(64.0, 0.026066992169879122)	(65.0, 0.024061838926042262)	(66.0, 0.03308502852330813)	(67.0, 0.07419067002196361)	(68.0, 0.652677380868902)	(69.0, 0.6246052354551852)	(70.0, 0.10025766219184268)	(71.0, 0.0571468674493504)	(72.0, 0.03007729865755284)	(73.0, 0.014036072706857989)	(74.0, 0.0070180363534289945)	(75.0, 0.0)	(76.0, 0.0)	(77.0, 0.001002576621918428)	(78.0, 0.0)	(79.0, 0.0)	(80.0, 0.0)	(81.0, 0.0)	(82.0, 0.0)	(83.0, 0.0)	(84.0, 0.0)	(85.0, 0.0)	(86.0, 0.0)	(87.0, 0.0)	(88.0, 0.0)	(89.0, 0.0)	(90.0, 0.0)	(91.0, 0.0)	(92.0, 0.0)	(93.0, 0.0)	(94.0, 0.0)	(95.0, 0.0)	(96.0, 0.0)	(97.0, 0.0)	(98.0, 0.0)	(99.0, 0.0)	(100.0, 0.0)
SRR19621223_2	(0.0, 0.0)	(1.0, 0.0)	(2.0, 0.0)	(3.0, 0.0)	(4.0, 0.0)	(5.0, 0.0)	(6.0, 0.0)	(7.0, 0.0)	(8.0, 0.0)	(9.0, 0.0)	(10.0, 0.0)	(11.0, 0.0)	(12.0, 0.0)	(13.0, 0.0)	(14.0, 0.0)	(15.0, 0.0)	(16.0, 0.0)	(17.0, 0.0)	(18.0, 0.0)	(19.0, 0.0)	(20.0, 0.0)	(21.0, 0.0)	(22.0, 0.0)	(23.0, 0.0)	(24.0, 0.0)	(25.0, 0.0)	(26.0, 0.0)	(27.0, 0.0)	(28.0, 0.0)	(29.0, 0.0)	(30.0, 0.0)	(31.0, 0.0)	(32.0, 0.0)	(33.0, 0.001017542431519491)	(34.0, 0.001017542431519491)	(35.0, 0.002035084863038982)	(36.0, 0.006105254589116944)	(37.0, 0.010175424315194909)	(38.0, 0.013228051609753379)	(39.0, 0.044771866986857624)	(40.0, 0.09157881883675406)	(41.0, 0.12210509178233891)	(42.0, 0.14906996621760563)	(43.0, 0.20859619846149594)	(44.0, 0.28796450812001506)	(45.0, 0.5962798648704252)	(46.0, 0.662420122919194)	(47.0, 1.9806463429527008)	(48.0, 1.3838577068664824)	(49.0, 2.4253123855267686)	(50.0, 4.558590093207135)	(51.0, 8.247690178681571)	(52.0, 7.488094753551926)	(53.0, 7.1675688876231405)	(54.0, 10.571248321057386)	(55.0, 21.633460865314106)	(56.0, 19.897533477143433)	(57.0, 5.436729211608256)	(58.0, 0.9371565794294511)	(59.0, 0.5688062192193982)	(60.0, 1.4947698319021003)	(61.0, 1.584313565875814)	(62.0, 0.35512230860030053)	(63.0, 0.2106312833245349)	(64.0, 0.22996458952340496)	(65.0, 0.10277178558346846)	(66.0, 0.06105254589116944)	(67.0, 0.04680695184989661)	(68.0, 0.0478244942814161)	(69.0, 0.0722455126378838)	(70.0, 0.08954373397371508)	(71.0, 0.2574382351744308)	(72.0, 0.5250518946640588)	(73.0, 0.313403068908002)	(74.0, 0.08140339452155917)	(75.0, 0.01628067890431185)	(76.0, 0.006105254589116944)	(77.0, 0.001017542431519491)	(78.0, 0.001017542431519491)	(79.0, 0.0030526272945584727)	(80.0, 0.001017542431519491)	(81.0, 0.0)	(82.0, 0.0)	(83.0, 0.0)	(84.0, 0.001017542431519491)	(85.0, 0.0)	(86.0, 0.0)	(87.0, 0.001017542431519491)	(88.0, 0.001017542431519491)	(89.0, 0.001017542431519491)	(90.0, 0.0)	(91.0, 0.0)	(92.0, 0.0)	(93.0, 0.0)	(94.0, 0.0)	(95.0, 0.0)	(96.0, 0.0)	(97.0, 0.002035084863038982)	(98.0, 0.0)	(99.0, 0.0)	(100.0, 0.0)
SRR19621224_1	(0.0, 0.0)	(1.0, 0.0)	(2.0, 0.0)	(3.0, 0.0)	(4.0, 0.0)	(5.0, 0.0)	(6.0, 0.0)	(7.0, 0.0)	(8.0, 0.0)	(9.0, 0.0)	(10.0, 0.0)	(11.0, 0.0)	(12.0, 0.0)	(13.0, 0.0)	(14.0, 0.0)	(15.0, 0.0)	(16.0, 0.0)	(17.0, 0.0)	(18.0, 0.0)	(19.0, 0.0)	(20.0, 0.0)	(21.0, 0.0)	(22.0, 0.0)	(23.0, 0.0)	(24.0, 0.0)	(25.0, 0.0)	(26.0, 0.0)	(27.0, 0.0)	(28.0, 0.0)	(29.0, 0.0)	(30.0, 0.0)	(31.0, 0.0)	(32.0, 0.0)	(33.0, 0.0)	(34.0, 0.0)	(35.0, 0.0010892890210560228)	(36.0, 0.0021785780421120456)	(37.0, 0.0065357341263361365)	(38.0, 0.014160757273728298)	(39.0, 0.03921440475801684)	(40.0, 0.06971449734758545)	(41.0, 0.08278596560025767)	(42.0, 0.14160757273728308)	(43.0, 0.1851791335795243)	(44.0, 0.1982506018321967)	(45.0, 0.6350554992756652)	(46.0, 2.8724551485248306)	(47.0, 2.1763994640699527)	(48.0, 1.5064867161204512)	(49.0, 1.3692362994674)	(50.0, 8.028060085182886)	(51.0, 21.96551310958933)	(52.0, 17.715107349432596)	(53.0, 17.34801694933705)	(54.0, 13.269718854506854)	(55.0, 6.845092208315508)	(56.0, 2.384453667091677)	(57.0, 0.672091325991571)	(58.0, 0.31262594904307767)	(59.0, 0.24835789680077322)	(60.0, 0.8420204132763148)	(61.0, 0.33659030750630986)	(62.0, 0.138339705674115)	(63.0, 0.07951809853708962)	(64.0, 0.08714312168448175)	(65.0, 0.055553740073857195)	(66.0, 0.03050009258956864)	(67.0, 0.018517913357952383)	(68.0, 0.08387525462131369)	(69.0, 0.20478633595853285)	(70.0, 0.021785780421120452)	(71.0, 0.003267867063168069)	(72.0, 0.0021785780421120456)	(73.0, 0.0)	(74.0, 0.0)	(75.0, 0.0)	(76.0, 0.0)	(77.0, 0.0)	(78.0, 0.0)	(79.0, 0.0)	(80.0, 0.0)	(81.0, 0.0010892890210560228)	(82.0, 0.0010892890210560228)	(83.0, 0.0)	(84.0, 0.0)	(85.0, 0.0)	(86.0, 0.0)	(87.0, 0.0)	(88.0, 0.0010892890210560228)	(89.0, 0.0)	(90.0, 0.0)	(91.0, 0.0010892890210560228)	(92.0, 0.0010892890210560228)	(93.0, 0.0)	(94.0, 0.0)	(95.0, 0.0)	(96.0, 0.0010892890210560228)	(97.0, 0.0)	(98.0, 0.0)	(99.0, 0.0)	(100.0, 0.0)
SRR19621224_2	(0.0, 0.003090409942879146)	(1.0, 0.001545204971439573)	(2.0, 0.0)	(3.0, 0.0)	(4.0, 0.0)	(5.0, 0.0)	(6.0, 0.0)	(7.0, 0.0)	(8.0, 0.0)	(9.0, 0.0)	(10.0, 0.0)	(11.0, 0.0)	(12.0, 0.0)	(13.0, 0.0)	(14.0, 0.0)	(15.0, 0.0)	(16.0, 0.0)	(17.0, 0.0)	(18.0, 0.0)	(19.0, 0.0)	(20.0, 0.0)	(21.0, 0.0)	(22.0, 0.0)	(23.0, 0.0)	(24.0, 0.0)	(25.0, 0.0)	(26.0, 0.0)	(27.0, 0.0)	(28.0, 0.0)	(29.0, 0.0)	(30.0, 0.0)	(31.0, 0.0010301366476263818)	(32.0, 0.0010301366476263818)	(33.0, 0.0010301366476263818)	(34.0, 0.0020602732952527637)	(35.0, 0.0010301366476263818)	(36.0, 0.006695888209571482)	(37.0, 0.009271229828637437)	(38.0, 0.009786298152450629)	(39.0, 0.03141916775260464)	(40.0, 0.08498627342917643)	(41.0, 0.11073968961983599)	(42.0, 0.12722187598185825)	(43.0, 0.18799993819181518)	(44.0, 0.2673204600590457)	(45.0, 0.8756161504824288)	(46.0, 0.8004161752057071)	(47.0, 2.266300624778082)	(48.0, 1.6873638288119892)	(49.0, 1.39222967926703)	(50.0, 2.759221010667362)	(51.0, 5.53080366110565)	(52.0, 17.14353408979647)	(53.0, 22.827313043069864)	(54.0, 15.492740111976696)	(55.0, 11.504051012369398)	(56.0, 8.601125939356933)	(57.0, 4.556294392451314)	(58.0, 0.8441969827298258)	(59.0, 0.28792319301157304)	(60.0, 0.2472327954303315)	(61.0, 0.2791670315067489)	(62.0, 0.7386079763481234)	(63.0, 0.6953422371478141)	(64.0, 0.14215885737244086)	(65.0, 0.05459724232419826)	(66.0, 0.02884382613353869)	(67.0, 0.05768765226707739)	(68.0, 0.04223560255268168)	(69.0, 0.023693142895406777)	(70.0, 0.01854245965727487)	(71.0, 0.043265739200308066)	(72.0, 0.16379172697259503)	(73.0, 0.029873962781165078)	(74.0, 0.0010301366476263818)	(75.0, 0.0010301366476263818)	(76.0, 0.0020602732952527637)	(77.0, 0.003090409942879146)	(78.0, 0.0010301366476263818)	(79.0, 0.003090409942879146)	(80.0, 0.0010301366476263818)	(81.0, 0.0)	(82.0, 0.0010301366476263818)	(83.0, 0.0010301366476263818)	(84.0, 0.0010301366476263818)	(85.0, 0.0)	(86.0, 0.0)	(87.0, 0.0)	(88.0, 0.0010301366476263818)	(89.0, 0.0)	(90.0, 0.0)	(91.0, 0.0)	(92.0, 0.0)	(93.0, 0.0)	(94.0, 0.0)	(95.0, 0.0)	(96.0, 0.0)	(97.0, 0.0)	(98.0, 0.0)	(99.0, 0.0)	(100.0, 0.003090409942879146)
SRR19621225_1	(0.0, 0.0)	(1.0, 0.0)	(2.0, 0.0)	(3.0, 0.0)	(4.0, 0.0)	(5.0, 0.0)	(6.0, 0.0)	(7.0, 0.0)	(8.0, 0.0)	(9.0, 0.0)	(10.0, 0.0)	(11.0, 0.0)	(12.0, 0.0)	(13.0, 0.0)	(14.0, 0.0)	(15.0, 0.0)	(16.0, 0.0)	(17.0, 0.0)	(18.0, 0.0)	(19.0, 0.0)	(20.0, 0.0)	(21.0, 0.0)	(22.0, 0.0)	(23.0, 0.0)	(24.0, 0.0)	(25.0, 0.0)	(26.0, 0.0)	(27.0, 0.0)	(28.0, 0.0)	(29.0, 0.0)	(30.0, 0.0)	(31.0, 0.0)	(32.0, 0.0)	(33.0, 0.0)	(34.0, 0.0)	(35.0, 0.001246105919003077)	(36.0, 0.001246105919003077)	(37.0, 0.003738317757009231)	(38.0, 0.004984423676012308)	(39.0, 0.021183800623052303)	(40.0, 0.05732087227414157)	(41.0, 0.06728971962616616)	(42.0, 0.08598130841121226)	(43.0, 0.11214953271027678)	(44.0, 0.14080996884734767)	(45.0, 0.42616822429905027)	(46.0, 1.7208722741432168)	(47.0, 1.603738317756934)	(48.0, 1.3395638629282969)	(49.0, 1.3806853582553962)	(50.0, 6.821183800622337)	(51.0, 15.438006230531789)	(52.0, 18.88099688473416)	(53.0, 19.64984423675836)	(54.0, 15.542679127727954)	(55.0, 9.264797507787911)	(56.0, 2.418691588784986)	(57.0, 1.2560747663550955)	(58.0, 0.8610591900311344)	(59.0, 0.398753894080983)	(60.0, 1.1900311526479361)	(61.0, 0.46978193146415737)	(62.0, 0.1732087227414279)	(63.0, 0.10591900311526141)	(64.0, 0.11962616822429521)	(65.0, 0.0747663551401846)	(66.0, 0.03239875389407999)	(67.0, 0.03613707165108923)	(68.0, 0.08099688473519996)	(69.0, 0.189408099688468)	(70.0, 0.023676012461058455)	(71.0, 0.001246105919003077)	(72.0, 0.001246105919003077)	(73.0, 0.001246105919003077)	(74.0, 0.001246105919003077)	(75.0, 0.0)	(76.0, 0.0)	(77.0, 0.0)	(78.0, 0.0)	(79.0, 0.0)	(80.0, 0.0)	(81.0, 0.0)	(82.0, 0.0)	(83.0, 0.0)	(84.0, 0.0)	(85.0, 0.0)	(86.0, 0.0)	(87.0, 0.0)	(88.0, 0.0)	(89.0, 0.0)	(90.0, 0.0)	(91.0, 0.0)	(92.0, 0.0)	(93.0, 0.0)	(94.0, 0.0)	(95.0, 0.0)	(96.0, 0.0)	(97.0, 0.0)	(98.0, 0.0)	(99.0, 0.0)	(100.0, 0.0)
SRR19621225_2	(0.0, 0.0)	(1.0, 0.0)	(2.0, 0.0)	(3.0, 0.0)	(4.0, 0.0)	(5.0, 0.0)	(6.0, 0.0)	(7.0, 0.0)	(8.0, 0.0)	(9.0, 0.0)	(10.0, 0.0)	(11.0, 0.0)	(12.0, 0.0)	(13.0, 0.0)	(14.0, 0.0)	(15.0, 0.0)	(16.0, 0.0)	(17.0, 0.0)	(18.0, 0.0)	(19.0, 0.0)	(20.0, 0.0)	(21.0, 0.0)	(22.0, 0.0)	(23.0, 0.0)	(24.0, 0.0)	(25.0, 0.0)	(26.0, 0.0)	(27.0, 0.0)	(28.0, 0.0)	(29.0, 0.0)	(30.0, 0.0)	(31.0, 0.0)	(32.0, 0.0012236756769985078)	(33.0, 0.0)	(34.0, 0.0012236756769985078)	(35.0, 0.0012236756769985078)	(36.0, 0.0024473513539970157)	(37.0, 0.0061183783849925386)	(38.0, 0.012236756769985079)	(39.0, 0.025085351378469404)	(40.0, 0.05690091898043066)	(41.0, 0.07831524332790447)	(42.0, 0.09728221632138127)	(43.0, 0.12175572986135139)	(44.0, 0.2123077299592416)	(45.0, 0.8333231360359914)	(46.0, 0.6155088655302509)	(47.0, 1.6121927044455067)	(48.0, 1.5559036233035786)	(49.0, 0.8645268657994541)	(50.0, 2.3543520025451405)	(51.0, 6.944359466965978)	(52.0, 13.246901041349268)	(53.0, 17.14186072123442)	(54.0, 17.673547802889786)	(55.0, 13.866692771749294)	(56.0, 10.343730497668988)	(57.0, 6.215048763475033)	(58.0, 1.0193218389397634)	(59.0, 0.3316161084665949)	(60.0, 0.8504545955139711)	(61.0, 1.0009667037847865)	(62.0, 1.231017731060493)	(63.0, 1.041348001125735)	(64.0, 0.1333806487928373)	(65.0, 0.04160497301794928)	(66.0, 0.04772335140294183)	(67.0, 0.06852583791191645)	(68.0, 0.04772335140294183)	(69.0, 0.009789405415988063)	(70.0, 0.013460432446983587)	(71.0, 0.0440523243719463)	(72.0, 0.1774329731647839)	(73.0, 0.03793394598695375)	(74.0, 0.004894702707994031)	(75.0, 0.0012236756769985078)	(76.0, 0.0024473513539970157)	(77.0, 0.0012236756769985078)	(78.0, 0.0)	(79.0, 0.0)	(80.0, 0.0)	(81.0, 0.0)	(82.0, 0.0)	(83.0, 0.0012236756769985078)	(84.0, 0.0012236756769985078)	(85.0, 0.0012236756769985078)	(86.0, 0.0)	(87.0, 0.0)	(88.0, 0.0)	(89.0, 0.0012236756769985078)	(90.0, 0.0012236756769985078)	(91.0, 0.0)	(92.0, 0.0)	(93.0, 0.0)	(94.0, 0.0)	(95.0, 0.0)	(96.0, 0.0)	(97.0, 0.0)	(98.0, 0.0)	(99.0, 0.0)	(100.0, 0.0036710270309955237)
SRR19621226_1	(0.0, 0.0)	(1.0, 0.0)	(2.0, 0.0)	(3.0, 0.0)	(4.0, 0.0)	(5.0, 0.0)	(6.0, 0.0)	(7.0, 0.0)	(8.0, 0.0)	(9.0, 0.0)	(10.0, 0.0)	(11.0, 0.0)	(12.0, 0.0)	(13.0, 0.0)	(14.0, 0.0)	(15.0, 0.0)	(16.0, 0.0)	(17.0, 0.0)	(18.0, 0.0)	(19.0, 0.0)	(20.0, 0.0)	(21.0, 0.0)	(22.0, 0.0)	(23.0, 0.0)	(24.0, 0.0)	(25.0, 0.0)	(26.0, 0.0)	(27.0, 0.0)	(28.0, 0.0)	(29.0, 0.0)	(30.0, 0.0)	(31.0, 0.0)	(32.0, 0.0)	(33.0, 0.0010876658690451716)	(34.0, 0.0)	(35.0, 0.0)	(36.0, 0.003262997607135515)	(37.0, 0.003262997607135515)	(38.0, 0.008701326952361373)	(39.0, 0.025016314988038937)	(40.0, 0.06525995214271028)	(41.0, 0.0783119425712523)	(42.0, 0.10659125516642667)	(43.0, 0.14574722645205312)	(44.0, 0.175114204916273)	(45.0, 0.35457907330872446)	(46.0, 1.0811398738308962)	(47.0, 0.8168370676529328)	(48.0, 0.7276484663912263)	(49.0, 1.0224059169024602)	(50.0, 4.948879704155317)	(51.0, 12.661518381556954)	(52.0, 23.447900804869075)	(53.0, 25.584076571671847)	(54.0, 15.462257994346684)	(55.0, 7.62780073961361)	(56.0, 2.6908853600178326)	(57.0, 0.6156188818795704)	(58.0, 0.37306939308249215)	(59.0, 0.2012181857733573)	(60.0, 0.49706330215364336)	(61.0, 0.2414618229280282)	(62.0, 0.0924515988688395)	(63.0, 0.060909288666529615)	(64.0, 0.07613661083316196)	(65.0, 0.05547095932130378)	(66.0, 0.02610398085708411)	(67.0, 0.03154231020230998)	(68.0, 0.14683489232109834)	(69.0, 0.441592342832338)	(70.0, 0.06743528388080063)	(71.0, 0.01631498803567757)	(72.0, 0.008701326952361373)	(73.0, 0.003262997607135515)	(74.0, 0.0010876658690451716)	(75.0, 0.002175331738090343)	(76.0, 0.002175331738090343)	(77.0, 0.0010876658690451716)	(78.0, 0.0)	(79.0, 0.0)	(80.0, 0.0)	(81.0, 0.0)	(82.0, 0.0)	(83.0, 0.0)	(84.0, 0.0)	(85.0, 0.0)	(86.0, 0.0)	(87.0, 0.0)	(88.0, 0.0)	(89.0, 0.0)	(90.0, 0.0)	(91.0, 0.0)	(92.0, 0.0)	(93.0, 0.0)	(94.0, 0.0)	(95.0, 0.0)	(96.0, 0.0)	(97.0, 0.0)	(98.0, 0.0)	(99.0, 0.0)	(100.0, 0.0)
SRR19621226_2	(0.0, 0.0)	(1.0, 0.0)	(2.0, 0.0)	(3.0, 0.0)	(4.0, 0.0)	(5.0, 0.0)	(6.0, 0.0)	(7.0, 0.0)	(8.0, 0.0)	(9.0, 0.0)	(10.0, 0.0)	(11.0, 0.0)	(12.0, 0.0)	(13.0, 0.0)	(14.0, 0.0)	(15.0, 0.0)	(16.0, 0.0)	(17.0, 0.0)	(18.0, 0.0)	(19.0, 0.0)	(20.0, 0.0)	(21.0, 0.0)	(22.0, 0.0)	(23.0, 0.0)	(24.0, 0.0)	(25.0, 0.0)	(26.0, 0.0)	(27.0, 0.0)	(28.0, 0.0)	(29.0, 0.0)	(30.0, 0.0)	(31.0, 0.0)	(32.0, 0.0010889983937275047)	(33.0, 0.0)	(34.0, 0.0)	(35.0, 0.0010889983937275047)	(36.0, 0.003266995181182514)	(37.0, 0.011978982331002553)	(38.0, 0.008711987149820037)	(39.0, 0.026680460646323855)	(40.0, 0.08603087310447279)	(41.0, 0.08766437069506405)	(42.0, 0.11216683455393288)	(43.0, 0.13503580082221064)	(44.0, 0.22215567232041136)	(45.0, 0.4606463205467333)	(46.0, 0.43396585990040876)	(47.0, 0.8788217037381033)	(48.0, 0.6931474776075622)	(49.0, 0.6604775257957362)	(50.0, 1.9596526095126392)	(51.0, 5.000680623996477)	(52.0, 10.17015599902214)	(53.0, 21.753831913095453)	(54.0, 25.387819552960835)	(55.0, 15.547630067248047)	(56.0, 8.327570716834364)	(57.0, 4.55854727614321)	(58.0, 0.6708230105361477)	(59.0, 0.23304565625768622)	(60.0, 0.31254253899979295)	(61.0, 0.3463014892053451)	(62.0, 0.5259862241703854)	(63.0, 0.44975633660945796)	(64.0, 0.07405189077347027)	(65.0, 0.032669951811825144)	(66.0, 0.03484794859928016)	(67.0, 0.07622988756092527)	(68.0, 0.05662791647383027)	(69.0, 0.032669951811825144)	(70.0, 0.032669951811825144)	(71.0, 0.09256486346683779)	(72.0, 0.4051074024666295)	(73.0, 0.07296289237974277)	(74.0, 0.009800985543547544)	(75.0, 0.005444991968637523)	(76.0, 0.0)	(77.0, 0.0010889983937275047)	(78.0, 0.0)	(79.0, 0.0)	(80.0, 0.0)	(81.0, 0.0)	(82.0, 0.0)	(83.0, 0.0)	(84.0, 0.0)	(85.0, 0.0010889983937275047)	(86.0, 0.0)	(87.0, 0.0010889983937275047)	(88.0, 0.0)	(89.0, 0.0)	(90.0, 0.0)	(91.0, 0.0)	(92.0, 0.0)	(93.0, 0.0)	(94.0, 0.0)	(95.0, 0.0)	(96.0, 0.0)	(97.0, 0.0)	(98.0, 0.0010889983937275047)	(99.0, 0.0010889983937275047)	(100.0, 0.001633497590591257)
SRR19621227_1	(0.0, 0.0)	(1.0, 0.0)	(2.0, 0.0)	(3.0, 0.0)	(4.0, 0.0)	(5.0, 0.0)	(6.0, 0.0)	(7.0, 0.0)	(8.0, 0.0)	(9.0, 0.0)	(10.0, 0.0)	(11.0, 0.0)	(12.0, 0.0)	(13.0, 0.0)	(14.0, 0.0)	(15.0, 0.0)	(16.0, 0.0)	(17.0, 0.0)	(18.0, 0.0)	(19.0, 0.0)	(20.0, 0.0)	(21.0, 0.0)	(22.0, 0.0)	(23.0, 0.0)	(24.0, 0.0)	(25.0, 0.0)	(26.0, 0.0)	(27.0, 0.0)	(28.0, 0.0)	(29.0, 0.0)	(30.0, 0.0)	(31.0, 0.0)	(32.0, 0.0012033839155705251)	(33.0, 0.0)	(34.0, 0.0)	(35.0, 0.0012033839155705251)	(36.0, 0.0024067678311410503)	(37.0, 0.0048135356622821006)	(38.0, 0.006016919577852627)	(39.0, 0.018050758733557878)	(40.0, 0.03850828529825681)	(41.0, 0.05655904403181472)	(42.0, 0.08183010625879568)	(43.0, 0.1492196055307452)	(44.0, 0.21059218522484244)	(45.0, 3.09390004693192)	(46.0, 9.586156271435128)	(47.0, 7.72572473796225)	(48.0, 8.344264070565782)	(49.0, 6.077088773630779)	(50.0, 4.963958651728297)	(51.0, 7.063863584398386)	(52.0, 13.332290400607876)	(53.0, 14.197523435903477)	(54.0, 13.320256561452167)	(55.0, 8.63427959421841)	(56.0, 2.101108316586124)	(57.0, 0.3176933537106181)	(58.0, 0.12515192721933452)	(59.0, 0.03610151746711576)	(60.0, 0.07581318668094307)	(61.0, 0.0661861153563789)	(62.0, 0.026474446142551546)	(63.0, 0.010830455240134727)	(64.0, 0.006016919577852627)	(65.0, 0.0024067678311410503)	(66.0, 0.0048135356622821006)	(67.0, 0.012033839155705254)	(68.0, 0.08062672234322515)	(69.0, 0.1949481943224255)	(70.0, 0.026474446142551546)	(71.0, 0.003610151746711576)	(72.0, 0.0)	(73.0, 0.0)	(74.0, 0.0)	(75.0, 0.0)	(76.0, 0.0)	(77.0, 0.0)	(78.0, 0.0)	(79.0, 0.0)	(80.0, 0.0)	(81.0, 0.0)	(82.0, 0.0)	(83.0, 0.0)	(84.0, 0.0)	(85.0, 0.0)	(86.0, 0.0)	(87.0, 0.0)	(88.0, 0.0)	(89.0, 0.0)	(90.0, 0.0)	(91.0, 0.0)	(92.0, 0.0)	(93.0, 0.0)	(94.0, 0.0)	(95.0, 0.0)	(96.0, 0.0)	(97.0, 0.0)	(98.0, 0.0)	(99.0, 0.0)	(100.0, 0.0)
SRR19621227_2	(0.0, 0.0)	(1.0, 0.0)	(2.0, 0.0)	(3.0, 0.0)	(4.0, 0.0)	(5.0, 0.0)	(6.0, 0.0)	(7.0, 0.0)	(8.0, 0.0)	(9.0, 0.0)	(10.0, 0.0)	(11.0, 0.0)	(12.0, 0.0)	(13.0, 0.0)	(14.0, 0.0)	(15.0, 0.0)	(16.0, 0.0)	(17.0, 0.0)	(18.0, 0.0)	(19.0, 0.0)	(20.0, 0.0)	(21.0, 0.0)	(22.0, 0.0)	(23.0, 0.0)	(24.0, 0.0)	(25.0, 0.0)	(26.0, 0.0)	(27.0, 0.0)	(28.0, 0.0)	(29.0, 0.0)	(30.0, 0.0)	(31.0, 0.0)	(32.0, 0.0)	(33.0, 0.0012116952828701505)	(34.0, 0.0030292382071753763)	(35.0, 0.004240933490045526)	(36.0, 0.0012116952828701505)	(37.0, 0.003635085848610452)	(38.0, 0.012116952828701507)	(39.0, 0.0266572962231433)	(40.0, 0.06179645942637771)	(41.0, 0.07876019338655976)	(42.0, 0.09996486083678731)	(43.0, 0.1490385197930286)	(44.0, 0.1993238740321402)	(45.0, 0.4143997867415895)	(46.0, 3.801088102363813)	(47.0, 14.650001817544156)	(48.0, 10.559924390214102)	(49.0, 3.5666250651284392)	(50.0, 2.0538235044648845)	(51.0, 4.790437300827067)	(52.0, 4.8704091894964785)	(53.0, 10.295168970906854)	(54.0, 14.109585721383821)	(55.0, 15.155884598142308)	(56.0, 9.7287014261648)	(57.0, 4.062814283463706)	(58.0, 0.5573798301202691)	(59.0, 0.15025021507589872)	(60.0, 0.07391341225507916)	(61.0, 0.06179645942637771)	(62.0, 0.04362103018332543)	(63.0, 0.08481866980091049)	(64.0, 0.010905257545831356)	(65.0, 0.007270171697220903)	(66.0, 0.007270171697220903)	(67.0, 0.013328648111571658)	(68.0, 0.014540343394441808)	(69.0, 0.018175429243052255)	(70.0, 0.014540343394441808)	(71.0, 0.04240933490045528)	(72.0, 0.16963733960182129)	(73.0, 0.027868991506013453)	(74.0, 0.0012116952828701505)	(75.0, 0.0)	(76.0, 0.0)	(77.0, 0.0)	(78.0, 0.0)	(79.0, 0.0)	(80.0, 0.0)	(81.0, 0.0)	(82.0, 0.0)	(83.0, 0.0)	(84.0, 0.0)	(85.0, 0.0)	(86.0, 0.0)	(87.0, 0.0)	(88.0, 0.0)	(89.0, 0.0)	(90.0, 0.0)	(91.0, 0.0)	(92.0, 0.0012116952828701505)	(93.0, 0.0)	(94.0, 0.0)	(95.0, 0.0)	(96.0, 0.0)	(97.0, 0.0)	(98.0, 0.0)	(99.0, 0.0)	(100.0, 0.0)
SRR19621228_1	(0.0, 0.0)	(1.0, 0.0)	(2.0, 0.0)	(3.0, 0.0)	(4.0, 0.0)	(5.0, 0.0)	(6.0, 0.0)	(7.0, 0.0)	(8.0, 0.0)	(9.0, 0.0)	(10.0, 0.0)	(11.0, 0.0)	(12.0, 0.0)	(13.0, 0.0)	(14.0, 0.0)	(15.0, 0.0)	(16.0, 0.0)	(17.0, 0.0)	(18.0, 0.0)	(19.0, 0.0)	(20.0, 0.0)	(21.0, 0.0)	(22.0, 0.0)	(23.0, 0.0)	(24.0, 0.0)	(25.0, 0.0)	(26.0, 0.0)	(27.0, 0.0)	(28.0, 0.0)	(29.0, 0.0)	(30.0, 0.0)	(31.0, 0.0)	(32.0, 0.0)	(33.0, 0.0)	(34.0, 0.0)	(35.0, 0.0)	(36.0, 0.0014550110580839452)	(37.0, 0.004365033174251836)	(38.0, 0.0160051216389234)	(39.0, 0.0291002211616789)	(40.0, 0.04947037597485415)	(41.0, 0.07857059713653307)	(42.0, 0.10767081829821186)	(43.0, 0.13531602840180673)	(44.0, 0.2429868467000194)	(45.0, 4.190431847281935)	(46.0, 12.55383540914911)	(47.0, 6.572284949364906)	(48.0, 3.8470492375740837)	(49.0, 2.416773367477403)	(50.0, 2.6743103247582907)	(51.0, 5.972820393434457)	(52.0, 15.904725875917961)	(53.0, 18.241473635201345)	(54.0, 13.58980328250535)	(55.0, 8.162612035850296)	(56.0, 2.352752880921702)	(57.0, 1.2149342335001014)	(58.0, 1.0243277848911077)	(59.0, 0.16005121638923392)	(60.0, 0.07129554184611336)	(61.0, 0.021825165871259176)	(62.0, 0.010185077406587617)	(63.0, 0.0072750552904197255)	(64.0, 0.0072750552904197255)	(65.0, 0.005820044232335781)	(66.0, 0.0014550110580839452)	(67.0, 0.013095099522755508)	(68.0, 0.06693050867186152)	(69.0, 0.20952159236408843)	(70.0, 0.030555232219762838)	(71.0, 0.004365033174251836)	(72.0, 0.004365033174251836)	(73.0, 0.0)	(74.0, 0.0014550110580839452)	(75.0, 0.0014550110580839452)	(76.0, 0.0)	(77.0, 0.0)	(78.0, 0.0)	(79.0, 0.0)	(80.0, 0.0)	(81.0, 0.0)	(82.0, 0.0)	(83.0, 0.0)	(84.0, 0.0)	(85.0, 0.0)	(86.0, 0.0)	(87.0, 0.0)	(88.0, 0.0)	(89.0, 0.0)	(90.0, 0.0)	(91.0, 0.0)	(92.0, 0.0)	(93.0, 0.0)	(94.0, 0.0)	(95.0, 0.0)	(96.0, 0.0)	(97.0, 0.0)	(98.0, 0.0)	(99.0, 0.0)	(100.0, 0.0)
SRR19621228_2	(0.0, 0.0)	(1.0, 0.0)	(2.0, 0.0)	(3.0, 0.0)	(4.0, 0.0)	(5.0, 0.0)	(6.0, 0.0)	(7.0, 0.0)	(8.0, 0.0)	(9.0, 0.0)	(10.0, 0.0)	(11.0, 0.0)	(12.0, 0.0)	(13.0, 0.0)	(14.0, 0.0)	(15.0, 0.0)	(16.0, 0.0)	(17.0, 0.0)	(18.0, 0.0)	(19.0, 0.0)	(20.0, 0.0)	(21.0, 0.0)	(22.0, 0.0)	(23.0, 0.0)	(24.0, 0.0)	(25.0, 0.0)	(26.0, 0.0)	(27.0, 0.0)	(28.0, 0.0)	(29.0, 0.0)	(30.0, 0.0)	(31.0, 0.0)	(32.0, 0.0)	(33.0, 0.0)	(34.0, 0.0014631755298523603)	(35.0, 0.0029263510597047205)	(36.0, 0.004389526589557081)	(37.0, 0.0073158776492618)	(38.0, 0.015363343063449783)	(39.0, 0.029995098361973373)	(40.0, 0.06291654778365152)	(41.0, 0.0848641807314369)	(42.0, 0.1272962710971552)	(43.0, 0.14485437745538352)	(44.0, 0.16680201040316903)	(45.0, 0.3745729356422037)	(46.0, 3.462604891395697)	(47.0, 13.959426142557884)	(48.0, 7.54779097074291)	(49.0, 2.3944867546033533)	(50.0, 1.5509660616434904)	(51.0, 3.0199942936153077)	(52.0, 5.074292737528057)	(53.0, 12.712069003358181)	(54.0, 16.277096181845078)	(55.0, 14.167197067797014)	(56.0, 9.572094316293587)	(57.0, 5.810270029043627)	(58.0, 0.7462195202247057)	(59.0, 0.25020301560475416)	(60.0, 0.9203374082771415)	(61.0, 0.9715485518219756)	(62.0, 0.11559086685833633)	(63.0, 0.02780033506719484)	(64.0, 0.02048445741793304)	(65.0, 0.017558106358228322)	(66.0, 0.005852702119409441)	(67.0, 0.011705404238818882)	(68.0, 0.014631755298523603)	(69.0, 0.017558106358228322)	(70.0, 0.019021281888080683)	(71.0, 0.046821616955275536)	(72.0, 0.1887496433509546)	(73.0, 0.03365303718660427)	(74.0, 0.0029263510597047205)	(75.0, 0.0029263510597047205)	(76.0, 0.0014631755298523603)	(77.0, 0.0014631755298523603)	(78.0, 0.0029263510597047205)	(79.0, 0.0014631755298523603)	(80.0, 0.0)	(81.0, 0.0)	(82.0, 0.0)	(83.0, 0.0)	(84.0, 0.0)	(85.0, 0.0)	(86.0, 0.0)	(87.0, 0.0)	(88.0, 0.0)	(89.0, 0.0)	(90.0, 0.0)	(91.0, 0.0)	(92.0, 0.0)	(93.0, 0.0)	(94.0, 0.0)	(95.0, 0.0)	(96.0, 0.0)	(97.0, 0.0014631755298523603)	(98.0, 0.0)	(99.0, 0.0)	(100.0, 0.006584289884335621)
SRR19621229_1	(0.0, 0.0)	(1.0, 0.0)	(2.0, 0.0)	(3.0, 0.0)	(4.0, 0.0)	(5.0, 0.0)	(6.0, 0.0)	(7.0, 0.0)	(8.0, 0.0)	(9.0, 0.0)	(10.0, 0.0)	(11.0, 0.0)	(12.0, 0.0)	(13.0, 0.0)	(14.0, 0.0)	(15.0, 0.0)	(16.0, 0.0)	(17.0, 0.0)	(18.0, 0.0)	(19.0, 0.0)	(20.0, 0.0)	(21.0, 0.0)	(22.0, 0.0)	(23.0, 0.0)	(24.0, 0.0)	(25.0, 0.0)	(26.0, 0.0)	(27.0, 0.0)	(28.0, 0.0)	(29.0, 0.0)	(30.0, 0.0)	(31.0, 0.0)	(32.0, 0.0)	(33.0, 0.0)	(34.0, 0.0)	(35.0, 0.001379177182892689)	(36.0, 0.001379177182892689)	(37.0, 0.002758354365785378)	(38.0, 0.006895885914463443)	(39.0, 0.03999613830388798)	(40.0, 0.06344215041306374)	(41.0, 0.060683796047278346)	(42.0, 0.10481746589984427)	(43.0, 0.12412594646034185)	(44.0, 0.1627429075813373)	(45.0, 0.2661811962982897)	(46.0, 0.47443695091508276)	(47.0, 1.1985049719337508)	(48.0, 1.1778173141903616)	(49.0, 0.6468340987766713)	(50.0, 2.09634931799684)	(51.0, 4.999517287986016)	(52.0, 16.744590177503127)	(53.0, 21.997876067136875)	(54.0, 21.767553477594006)	(55.0, 20.76351248844904)	(56.0, 4.907112416732227)	(57.0, 0.7323430841160206)	(58.0, 0.30203980305349903)	(59.0, 0.1544678444839811)	(60.0, 0.12274676927744915)	(61.0, 0.052408732949922196)	(62.0, 0.02068765774339033)	(63.0, 0.011033417463141511)	(64.0, 0.01930848056049764)	(65.0, 0.00965424028024882)	(66.0, 0.01379177182892689)	(67.0, 0.04965037858413681)	(68.0, 0.1710179706786935)	(69.0, 0.623388086667495)	(70.0, 0.084129808156454)	(71.0, 0.01517094901181958)	(72.0, 0.006895885914463443)	(73.0, 0.001379177182892689)	(74.0, 0.001379177182892689)	(75.0, 0.0)	(76.0, 0.0)	(77.0, 0.0)	(78.0, 0.0)	(79.0, 0.0)	(80.0, 0.0)	(81.0, 0.0)	(82.0, 0.0)	(83.0, 0.0)	(84.0, 0.0)	(85.0, 0.0)	(86.0, 0.0)	(87.0, 0.0)	(88.0, 0.0)	(89.0, 0.0)	(90.0, 0.0)	(91.0, 0.0)	(92.0, 0.0)	(93.0, 0.0)	(94.0, 0.0)	(95.0, 0.0)	(96.0, 0.0)	(97.0, 0.0)	(98.0, 0.0)	(99.0, 0.0)	(100.0, 0.0)
SRR19621229_2	(0.0, 0.004052986037463262)	(1.0, 0.002026493018731631)	(2.0, 0.0)	(3.0, 0.0)	(4.0, 0.0)	(5.0, 0.0)	(6.0, 0.0)	(7.0, 0.0)	(8.0, 0.0)	(9.0, 0.0)	(10.0, 0.0)	(11.0, 0.0)	(12.0, 0.0)	(13.0, 0.0)	(14.0, 0.0)	(15.0, 0.0)	(16.0, 0.0)	(17.0, 0.0)	(18.0, 0.0)	(19.0, 0.0)	(20.0, 0.0)	(21.0, 0.0)	(22.0, 0.0)	(23.0, 0.0)	(24.0, 0.0)	(25.0, 0.0)	(26.0, 0.0)	(27.0, 0.0)	(28.0, 0.0)	(29.0, 0.0)	(30.0, 0.0)	(31.0, 0.0)	(32.0, 0.0)	(33.0, 0.0)	(34.0, 0.0013509953458210873)	(35.0, 0.003377488364552718)	(36.0, 0.003377488364552718)	(37.0, 0.0013509953458210873)	(38.0, 0.008781469747837067)	(39.0, 0.012834455785300332)	(40.0, 0.056066306851575154)	(41.0, 0.06957626030978603)	(42.0, 0.09727166489911822)	(43.0, 0.13172204621755584)	(44.0, 0.15941745080688832)	(45.0, 0.18305986935875754)	(46.0, 0.25939110639764945)	(47.0, 0.6917096170603987)	(48.0, 1.2672336343801787)	(49.0, 0.5309411709076847)	(50.0, 0.8659880166713239)	(51.0, 1.9447578003094153)	(52.0, 2.2156323671465517)	(53.0, 10.169617465668331)	(54.0, 21.56188571930306)	(55.0, 23.23036497139059)	(56.0, 20.648612865528836)	(57.0, 12.546693776641613)	(58.0, 1.4820418943657192)	(59.0, 0.37557670613826133)	(60.0, 0.19184133910659465)	(61.0, 0.14320550665703513)	(62.0, 0.08511270678672847)	(63.0, 0.036476874337169354)	(64.0, 0.01621194414985305)	(65.0, 0.010807962766568698)	(66.0, 0.014860948804031963)	(67.0, 0.01891393484149522)	(68.0, 0.02837090226224282)	(69.0, 0.03377488364552717)	(70.0, 0.0432318510662748)	(71.0, 0.12564256716136096)	(72.0, 0.5687690405906762)	(73.0, 0.12429157181553988)	(74.0, 0.013509953458210874)	(75.0, 0.006754976729105436)	(76.0, 0.0027019906916421746)	(77.0, 0.0)	(78.0, 0.0)	(79.0, 0.0)	(80.0, 0.0)	(81.0, 0.0013509953458210873)	(82.0, 0.0)	(83.0, 0.0)	(84.0, 0.0013509953458210873)	(85.0, 0.0027019906916421746)	(86.0, 0.0013509953458210873)	(87.0, 0.0)	(88.0, 0.0)	(89.0, 0.0)	(90.0, 0.0)	(91.0, 0.0)	(92.0, 0.0)	(93.0, 0.0)	(94.0, 0.0)	(95.0, 0.0)	(96.0, 0.0)	(97.0, 0.0)	(98.0, 0.0)	(99.0, 0.0)	(100.0, 0.004052986037463262)
SRR19621230_1	(0.0, 0.0)	(1.0, 0.0)	(2.0, 0.0)	(3.0, 0.0)	(4.0, 0.0)	(5.0, 0.0)	(6.0, 0.0)	(7.0, 0.0)	(8.0, 0.0)	(9.0, 0.0)	(10.0, 0.0)	(11.0, 0.0)	(12.0, 0.0)	(13.0, 0.0)	(14.0, 0.0)	(15.0, 0.0)	(16.0, 0.0)	(17.0, 0.0)	(18.0, 0.0)	(19.0, 0.0)	(20.0, 0.0)	(21.0, 0.0)	(22.0, 0.0)	(23.0, 0.0)	(24.0, 0.0)	(25.0, 0.0)	(26.0, 0.0)	(27.0, 0.0)	(28.0, 0.0)	(29.0, 0.0)	(30.0, 0.0)	(31.0, 0.0)	(32.0, 0.0)	(33.0, 0.0)	(34.0, 0.0)	(35.0, 0.0)	(36.0, 0.002257158012346774)	(37.0, 0.002257158012346774)	(38.0, 0.011285790061733872)	(39.0, 0.036114528197548394)	(40.0, 0.08238626745065719)	(41.0, 0.13091516471611292)	(42.0, 0.14220095477784686)	(43.0, 0.15800106086427437)	(44.0, 0.19411558906182305)	(45.0, 0.4074170212285906)	(46.0, 1.3283374902660603)	(47.0, 0.9750922613338101)	(48.0, 0.9931495254325833)	(49.0, 1.593553556716791)	(50.0, 5.737695667385141)	(51.0, 19.51651675375377)	(52.0, 17.434288487365762)	(53.0, 17.354159377927523)	(54.0, 19.14972857674775)	(55.0, 11.36704775017974)	(56.0, 1.8237836739761641)	(57.0, 0.6274899274324063)	(58.0, 0.3002020156421204)	(59.0, 0.13430090173463308)	(60.0, 0.09254347850621765)	(61.0, 0.11285790061733858)	(62.0, 0.07900053043213705)	(63.0, 0.04175742322841534)	(64.0, 0.08012910943831043)	(65.0, 0.049657476271629065)	(66.0, 0.01241436906790726)	(67.0, 0.009028632049387097)	(68.0, 0.0033857370185201617)	(69.0, 0.010157211055560484)	(70.0, 0.005642895030866935)	(71.0, 0.0)	(72.0, 0.001128579006173387)	(73.0, 0.0)	(74.0, 0.0)	(75.0, 0.0)	(76.0, 0.0)	(77.0, 0.0)	(78.0, 0.0)	(79.0, 0.0)	(80.0, 0.0)	(81.0, 0.0)	(82.0, 0.0)	(83.0, 0.0)	(84.0, 0.0)	(85.0, 0.0)	(86.0, 0.0)	(87.0, 0.0)	(88.0, 0.0)	(89.0, 0.0)	(90.0, 0.0)	(91.0, 0.0)	(92.0, 0.0)	(93.0, 0.0)	(94.0, 0.0)	(95.0, 0.0)	(96.0, 0.0)	(97.0, 0.0)	(98.0, 0.0)	(99.0, 0.0)	(100.0, 0.0)
SRR19621230_2	(0.0, 0.0)	(1.0, 0.0)	(2.0, 0.0)	(3.0, 0.0)	(4.0, 0.0)	(5.0, 0.0)	(6.0, 0.0)	(7.0, 0.0)	(8.0, 0.0)	(9.0, 0.0)	(10.0, 0.0)	(11.0, 0.0)	(12.0, 0.0)	(13.0, 0.0)	(14.0, 0.0)	(15.0, 0.0)	(16.0, 0.0)	(17.0, 0.0)	(18.0, 0.0)	(19.0, 0.0)	(20.0, 0.0)	(21.0, 0.0)	(22.0, 0.0)	(23.0, 0.0)	(24.0, 0.0)	(25.0, 0.0)	(26.0, 0.0)	(27.0, 0.0)	(28.0, 0.0)	(29.0, 0.0)	(30.0, 0.0)	(31.0, 0.0)	(32.0, 0.0)	(33.0, 0.0)	(34.0, 0.0011416046394812339)	(35.0, 0.0022832092789624677)	(36.0, 0.005708023197406168)	(37.0, 0.01141604639481234)	(38.0, 0.01655326727247789)	(39.0, 0.04052696470158382)	(40.0, 0.07420430156628018)	(41.0, 0.11587287090734513)	(42.0, 0.1358509520982669)	(43.0, 0.18551075391570088)	(44.0, 0.2545778346043152)	(45.0, 0.2711311018767929)	(46.0, 0.5531074478286586)	(47.0, 1.568564774647186)	(48.0, 1.1261929768482328)	(49.0, 1.369354765057722)	(50.0, 2.33515229005889)	(51.0, 7.671583177313552)	(52.0, 15.929380337002216)	(53.0, 17.10466231334708)	(54.0, 16.69710945705265)	(55.0, 17.358098543311684)	(56.0, 12.623864103385396)	(57.0, 2.6325402986437854)	(58.0, 0.6781131558518572)	(59.0, 0.3481894150417751)	(60.0, 0.23517055573313456)	(61.0, 0.20320562582766014)	(62.0, 0.09018676651901739)	(63.0, 0.0525138134161368)	(64.0, 0.10502762683227337)	(65.0, 0.035389743823918254)	(66.0, 0.035389743823918254)	(67.0, 0.07420430156628018)	(68.0, 0.025115302068587135)	(69.0, 0.01141604639481234)	(70.0, 0.0034248139184437014)	(71.0, 0.0034248139184437014)	(72.0, 0.0022832092789624677)	(73.0, 0.0034248139184437014)	(74.0, 0.0)	(75.0, 0.0)	(76.0, 0.0)	(77.0, 0.0)	(78.0, 0.0)	(79.0, 0.0)	(80.0, 0.0)	(81.0, 0.0)	(82.0, 0.0034248139184437014)	(83.0, 0.0022832092789624677)	(84.0, 0.0)	(85.0, 0.0)	(86.0, 0.0011416046394812339)	(87.0, 0.0011416046394812339)	(88.0, 0.0)	(89.0, 0.0)	(90.0, 0.0011416046394812339)	(91.0, 0.0)	(92.0, 0.0)	(93.0, 0.0)	(94.0, 0.0)	(95.0, 0.0)	(96.0, 0.0)	(97.0, 0.0)	(98.0, 0.0)	(99.0, 0.0)	(100.0, 0.0)
SRR19621231_1	(0.0, 0.0)	(1.0, 0.0)	(2.0, 0.0)	(3.0, 0.0)	(4.0, 0.0)	(5.0, 0.0)	(6.0, 0.0)	(7.0, 0.0)	(8.0, 0.0)	(9.0, 0.0)	(10.0, 0.0)	(11.0, 0.0)	(12.0, 0.0)	(13.0, 0.0)	(14.0, 0.0)	(15.0, 0.0)	(16.0, 0.0)	(17.0, 0.0)	(18.0, 0.0)	(19.0, 0.0)	(20.0, 0.0)	(21.0, 0.0024278916189180216)	(22.0, 0.010925512285131098)	(23.0, 0.0012139458094590108)	(24.0, 0.0012139458094590108)	(25.0, 0.0)	(26.0, 0.0)	(27.0, 0.0012139458094590108)	(28.0, 0.0024278916189180216)	(29.0, 0.023064970379721196)	(30.0, 0.03156259104593427)	(31.0, 0.01699524133242615)	(32.0, 0.07162280275808162)	(33.0, 0.09347382732834375)	(34.0, 0.04977177818781947)	(35.0, 0.0849762066621307)	(36.0, 0.12139458094590093)	(37.0, 0.1019714479945568)	(38.0, 0.11046906866076985)	(39.0, 0.14810138875399936)	(40.0, 0.1748081965620978)	(41.0, 0.18451976303776996)	(42.0, 0.24157521608234367)	(43.0, 0.3386908808390631)	(44.0, 0.36418374283770205)	(45.0, 0.5134990774011602)	(46.0, 1.0634165290860966)	(47.0, 1.3729727104981266)	(48.0, 3.055501602408423)	(49.0, 3.871273186364922)	(50.0, 8.780470039816949)	(51.0, 16.691754880062497)	(52.0, 14.351267359426881)	(53.0, 16.59828105273424)	(54.0, 18.356074584829287)	(55.0, 9.158007186558871)	(56.0, 1.7383703991452684)	(57.0, 0.7939205593861998)	(58.0, 0.5219966980673735)	(59.0, 0.24400310770126163)	(60.0, 0.16631057589588466)	(61.0, 0.15538506361075347)	(62.0, 0.07647858599591766)	(63.0, 0.04734388656890144)	(64.0, 0.12625036418373703)	(65.0, 0.09711566475672077)	(66.0, 0.023064970379721196)	(67.0, 0.009711566475672086)	(68.0, 0.003641837428377033)	(69.0, 0.004855783237836043)	(70.0, 0.0024278916189180216)	(71.0, 0.0)	(72.0, 0.0)	(73.0, 0.0)	(74.0, 0.0)	(75.0, 0.0)	(76.0, 0.0)	(77.0, 0.0)	(78.0, 0.0)	(79.0, 0.0)	(80.0, 0.0)	(81.0, 0.0)	(82.0, 0.0)	(83.0, 0.0)	(84.0, 0.0)	(85.0, 0.0)	(86.0, 0.0)	(87.0, 0.0)	(88.0, 0.0)	(89.0, 0.0)	(90.0, 0.0)	(91.0, 0.0)	(92.0, 0.0)	(93.0, 0.0)	(94.0, 0.0)	(95.0, 0.0)	(96.0, 0.0)	(97.0, 0.0)	(98.0, 0.0)	(99.0, 0.0)	(100.0, 0.0)
SRR19621231_2	(0.0, 0.0)	(1.0, 0.0)	(2.0, 0.0)	(3.0, 0.0)	(4.0, 0.0)	(5.0, 0.0)	(6.0, 0.0)	(7.0, 0.0)	(8.0, 0.0)	(9.0, 0.0)	(10.0, 0.0)	(11.0, 0.0)	(12.0, 0.0)	(13.0, 0.0)	(14.0, 0.0)	(15.0, 0.0)	(16.0, 0.0)	(17.0, 0.0)	(18.0, 0.0)	(19.0, 0.0)	(20.0, 0.0012439590239896202)	(21.0, 0.0024879180479792404)	(22.0, 0.009951672191916961)	(23.0, 0.008707713167927341)	(24.0, 0.0)	(25.0, 0.0)	(26.0, 0.0)	(27.0, 0.0)	(28.0, 0.0012439590239896202)	(29.0, 0.0037318770719688608)	(30.0, 0.0037318770719688608)	(31.0, 0.0037318770719688608)	(32.0, 0.004975836095958481)	(33.0, 0.028611057551761254)	(34.0, 0.04851440193559521)	(35.0, 0.047270442911605585)	(36.0, 0.10946839411108643)	(37.0, 0.1057365170391176)	(38.0, 0.1343475745908789)	(39.0, 0.15736081653468706)	(40.0, 0.23635221455802852)	(41.0, 0.24443794821396095)	(42.0, 0.284866616493623)	(43.0, 0.3769195842688536)	(44.0, 0.4055306418206145)	(45.0, 0.5006935071558201)	(46.0, 0.7413995782978183)	(47.0, 1.364623049316601)	(48.0, 2.4188783221478305)	(49.0, 3.578870112018283)	(50.0, 4.456483203442843)	(51.0, 10.161901266971658)	(52.0, 12.588243343264516)	(53.0, 15.609197833024242)	(54.0, 14.938703919093971)	(55.0, 13.94104878185384)	(56.0, 10.964254837445326)	(57.0, 3.5937976203061606)	(58.0, 1.0225343177194748)	(59.0, 0.4727044291160529)	(60.0, 0.3383568545251759)	(61.0, 0.34208873159714476)	(62.0, 0.2114730340782359)	(63.0, 0.11693214825502414)	(64.0, 0.13559153361486853)	(65.0, 0.04105064779165747)	(66.0, 0.0373187707196886)	(67.0, 0.11568818923103452)	(68.0, 0.043538565839636716)	(69.0, 0.023635221455802775)	(70.0, 0.007463754143937721)	(71.0, 0.0024879180479792404)	(72.0, 0.0012439590239896202)	(73.0, 0.0012439590239896202)	(74.0, 0.0)	(75.0, 0.0)	(76.0, 0.0)	(77.0, 0.0)	(78.0, 0.0012439590239896202)	(79.0, 0.0)	(80.0, 0.0)	(81.0, 0.0)	(82.0, 0.0)	(83.0, 0.0)	(84.0, 0.0)	(85.0, 0.0012439590239896202)	(86.0, 0.0012439590239896202)	(87.0, 0.0)	(88.0, 0.0)	(89.0, 0.0)	(90.0, 0.0)	(91.0, 0.0)	(92.0, 0.0)	(93.0, 0.0)	(94.0, 0.0)	(95.0, 0.0024879180479792404)	(96.0, 0.0)	(97.0, 0.0012439590239896202)	(98.0, 0.0)	(99.0, 0.0)	(100.0, 0.0018659385359844304)
SRR19621232_1	(0.0, 0.0)	(1.0, 0.0)	(2.0, 0.0)	(3.0, 0.0)	(4.0, 0.0)	(5.0, 0.0)	(6.0, 0.0)	(7.0, 0.0)	(8.0, 0.0)	(9.0, 0.0)	(10.0, 0.0)	(11.0, 0.0)	(12.0, 0.0)	(13.0, 0.0)	(14.0, 0.0)	(15.0, 0.0)	(16.0, 0.0)	(17.0, 0.0)	(18.0, 0.0)	(19.0, 0.0)	(20.0, 0.0)	(21.0, 0.0)	(22.0, 0.0)	(23.0, 0.0)	(24.0, 0.0)	(25.0, 0.0)	(26.0, 0.0)	(27.0, 0.0)	(28.0, 0.0)	(29.0, 0.0)	(30.0, 0.0)	(31.0, 0.0)	(32.0, 0.0)	(33.0, 0.0)	(34.0, 0.0)	(35.0, 0.0)	(36.0, 0.001652537471287104)	(37.0, 0.0)	(38.0, 0.006610149885148416)	(39.0, 0.018177912184158148)	(40.0, 0.052881199081187345)	(41.0, 0.11072001057623591)	(42.0, 0.1470758349445521)	(43.0, 0.11567762299009722)	(44.0, 0.16029613471484888)	(45.0, 0.340422719085144)	(46.0, 1.146861005073261)	(47.0, 1.7996133062316406)	(48.0, 1.7252491200237252)	(49.0, 2.3862641085385294)	(50.0, 6.970403053888805)	(51.0, 12.489878207988072)	(52.0, 21.33921636673313)	(53.0, 24.2807330656215)	(54.0, 14.353940475600774)	(55.0, 7.053029927453141)	(56.0, 1.999570340257369)	(57.0, 1.373258638639592)	(58.0, 1.0543189066811807)	(59.0, 0.15038090988712627)	(60.0, 0.07105911126534552)	(61.0, 0.09915224827722624)	(62.0, 0.05783881149504866)	(63.0, 0.04957612413861313)	(64.0, 0.16029613471484888)	(65.0, 0.2660585328772243)	(66.0, 0.19004180919801697)	(67.0, 0.016525374712871042)	(68.0, 0.0049576124138613125)	(69.0, 0.001652537471287104)	(70.0, 0.001652537471287104)	(71.0, 0.001652537471287104)	(72.0, 0.003305074942574208)	(73.0, 0.0)	(74.0, 0.0)	(75.0, 0.0)	(76.0, 0.0)	(77.0, 0.0)	(78.0, 0.0)	(79.0, 0.0)	(80.0, 0.0)	(81.0, 0.0)	(82.0, 0.0)	(83.0, 0.0)	(84.0, 0.0)	(85.0, 0.0)	(86.0, 0.0)	(87.0, 0.0)	(88.0, 0.0)	(89.0, 0.0)	(90.0, 0.0)	(91.0, 0.0)	(92.0, 0.0)	(93.0, 0.0)	(94.0, 0.0)	(95.0, 0.0)	(96.0, 0.0)	(97.0, 0.0)	(98.0, 0.0)	(99.0, 0.0)	(100.0, 0.0)
SRR19621232_2	(0.0, 0.0)	(1.0, 0.0)	(2.0, 0.0)	(3.0, 0.0)	(4.0, 0.0)	(5.0, 0.0)	(6.0, 0.0)	(7.0, 0.0)	(8.0, 0.0)	(9.0, 0.0)	(10.0, 0.0)	(11.0, 0.0)	(12.0, 0.0)	(13.0, 0.0)	(14.0, 0.0)	(15.0, 0.0)	(16.0, 0.0)	(17.0, 0.0)	(18.0, 0.0)	(19.0, 0.0)	(20.0, 0.0)	(21.0, 0.0)	(22.0, 0.0)	(23.0, 0.0)	(24.0, 0.0)	(25.0, 0.0)	(26.0, 0.0)	(27.0, 0.0)	(28.0, 0.0)	(29.0, 0.0)	(30.0, 0.0)	(31.0, 0.0016710392192903825)	(32.0, 0.0)	(33.0, 0.0)	(34.0, 0.0)	(35.0, 0.003342078438580765)	(36.0, 0.0)	(37.0, 0.011697274535032678)	(38.0, 0.01671039219290383)	(39.0, 0.02757214711829131)	(40.0, 0.05263773540764707)	(41.0, 0.07519676486806727)	(42.0, 0.1111241080828104)	(43.0, 0.16125528466152173)	(44.0, 0.16877496114832846)	(45.0, 0.2239192553849115)	(46.0, 0.40104941262969157)	(47.0, 1.9434186120346923)	(48.0, 1.9734973179819173)	(49.0, 2.0837859064550766)	(50.0, 2.225824240094751)	(51.0, 7.447821800376943)	(52.0, 14.16372842270612)	(53.0, 18.553548451783954)	(54.0, 18.092341627259596)	(55.0, 13.295623548284375)	(56.0, 10.212556188692252)	(57.0, 4.9796968734855565)	(58.0, 0.6500342563039554)	(59.0, 0.18214327490265164)	(60.0, 0.8706114332502922)	(61.0, 1.0143208061092692)	(62.0, 0.21890613772704032)	(63.0, 0.09190715706097106)	(64.0, 0.11363066691174598)	(65.0, 0.06182845111374418)	(66.0, 0.051802215798001865)	(67.0, 0.16877496114832846)	(68.0, 0.25232692211284824)	(69.0, 0.06851260799090572)	(70.0, 0.003342078438580765)	(71.0, 0.0016710392192903825)	(72.0, 0.005013117657871148)	(73.0, 0.005013117657871148)	(74.0, 0.0016710392192903825)	(75.0, 0.0016710392192903825)	(76.0, 0.003342078438580765)	(77.0, 0.0)	(78.0, 0.0)	(79.0, 0.0016710392192903825)	(80.0, 0.0)	(81.0, 0.0)	(82.0, 0.0)	(83.0, 0.0)	(84.0, 0.0)	(85.0, 0.0)	(86.0, 0.0)	(87.0, 0.0)	(88.0, 0.0)	(89.0, 0.0)	(90.0, 0.0016710392192903825)	(91.0, 0.0)	(92.0, 0.0)	(93.0, 0.0)	(94.0, 0.0)	(95.0, 0.0016710392192903825)	(96.0, 0.0016710392192903825)	(97.0, 0.0)	(98.0, 0.0)	(99.0, 0.0)	(100.0, 0.0)
SRR19621233_1	(0.0, 0.0)	(1.0, 0.0)	(2.0, 0.0)	(3.0, 0.0)	(4.0, 0.0)	(5.0, 0.0)	(6.0, 0.0)	(7.0, 0.0)	(8.0, 0.0)	(9.0, 0.0)	(10.0, 0.0)	(11.0, 0.0)	(12.0, 0.0)	(13.0, 0.0)	(14.0, 0.0)	(15.0, 0.0)	(16.0, 0.0)	(17.0, 0.0)	(18.0, 0.0)	(19.0, 0.0)	(20.0, 0.0)	(21.0, 0.0)	(22.0, 0.0)	(23.0, 0.0)	(24.0, 0.0)	(25.0, 0.0)	(26.0, 0.0)	(27.0, 0.0)	(28.0, 0.0033291164524935687)	(29.0, 0.0)	(30.0, 0.0)	(31.0, 0.0)	(32.0, 0.0016645582262467843)	(33.0, 0.0)	(34.0, 0.0)	(35.0, 0.0)	(36.0, 0.004993674678740353)	(37.0, 0.0033291164524935687)	(38.0, 0.00832279113123392)	(39.0, 0.021639256941208197)	(40.0, 0.08489246953858605)	(41.0, 0.10153805180105382)	(42.0, 0.12317730874226195)	(43.0, 0.18643052133963978)	(44.0, 0.24968373393701804)	(45.0, 0.24136094280578407)	(46.0, 0.5260003994939818)	(47.0, 0.6608296158199704)	(48.0, 0.8039816232771979)	(49.0, 1.766096278047825)	(50.0, 5.68946001731161)	(51.0, 9.090152473533017)	(52.0, 10.967774152739468)	(53.0, 12.46254743990976)	(54.0, 9.326519741660007)	(55.0, 15.297290099209324)	(56.0, 6.047340035954587)	(57.0, 11.204141420866618)	(58.0, 10.160463413009456)	(59.0, 1.1119248951328617)	(60.0, 0.5509687728876832)	(61.0, 0.26965843265197964)	(62.0, 0.16312670617218464)	(63.0, 0.17644317198215903)	(64.0, 0.2613356415207456)	(65.0, 0.1498102403622104)	(66.0, 0.17644317198215903)	(67.0, 0.3312470870231108)	(68.0, 0.5309940741727222)	(69.0, 0.6991144550236474)	(70.0, 0.32458885411812377)	(71.0, 0.16146214794593786)	(72.0, 0.04660763033490996)	(73.0, 0.013316465809974275)	(74.0, 0.0)	(75.0, 0.0)	(76.0, 0.0)	(77.0, 0.0)	(78.0, 0.0)	(79.0, 0.0)	(80.0, 0.0)	(81.0, 0.0)	(82.0, 0.0)	(83.0, 0.0)	(84.0, 0.0)	(85.0, 0.0)	(86.0, 0.0)	(87.0, 0.0)	(88.0, 0.0)	(89.0, 0.0)	(90.0, 0.0)	(91.0, 0.0)	(92.0, 0.0)	(93.0, 0.0)	(94.0, 0.0)	(95.0, 0.0)	(96.0, 0.0)	(97.0, 0.0)	(98.0, 0.0)	(99.0, 0.0)	(100.0, 0.0)
SRR19621233_2	(0.0, 0.0)	(1.0, 0.0)	(2.0, 0.0)	(3.0, 0.0)	(4.0, 0.0)	(5.0, 0.0)	(6.0, 0.0)	(7.0, 0.0)	(8.0, 0.0)	(9.0, 0.0)	(10.0, 0.0)	(11.0, 0.0)	(12.0, 0.0)	(13.0, 0.0)	(14.0, 0.0)	(15.0, 0.0)	(16.0, 0.0)	(17.0, 0.0)	(18.0, 0.0)	(19.0, 0.0)	(20.0, 0.0)	(21.0, 0.0)	(22.0, 0.0)	(23.0, 0.0)	(24.0, 0.0)	(25.0, 0.0)	(26.0, 0.003428355931912966)	(27.0, 0.003428355931912966)	(28.0, 0.0)	(29.0, 0.001714177965956483)	(30.0, 0.001714177965956483)	(31.0, 0.0)	(32.0, 0.0)	(33.0, 0.0)	(34.0, 0.0)	(35.0, 0.0)	(36.0, 0.005142533897869449)	(37.0, 0.0077138008468041735)	(38.0, 0.011142156778717141)	(39.0, 0.030855203387216687)	(40.0, 0.0857088982978242)	(41.0, 0.11570701270206256)	(42.0, 0.14141968219140974)	(43.0, 0.1628469067658657)	(44.0, 0.21598642371051702)	(45.0, 0.2451274491317774)	(46.0, 0.43625829233592434)	(47.0, 0.6616726948591988)	(48.0, 0.5596791058847894)	(49.0, 1.025935512624962)	(50.0, 3.0932341395684664)	(51.0, 6.351029363868762)	(52.0, 8.502322711143659)	(53.0, 11.57412962613769)	(54.0, 11.409568541405793)	(55.0, 8.402900389118207)	(56.0, 13.015753295507748)	(57.0, 9.9765157618659)	(58.0, 1.9284502117010236)	(59.0, 0.9479404151739396)	(60.0, 2.830107821794116)	(61.0, 11.306717863448357)	(62.0, 3.085520338721661)	(63.0, 0.7730942626463734)	(64.0, 0.26912594065516837)	(65.0, 0.22455731354029945)	(66.0, 0.2965527881104723)	(67.0, 0.2554125169275164)	(68.0, 0.3171229237019502)	(69.0, 1.0216500677100706)	(70.0, 0.20912971184669102)	(71.0, 0.11484992371908433)	(72.0, 0.2948386101445158)	(73.0, 0.04971116101273801)	(74.0, 0.013713423727651865)	(75.0, 0.003428355931912966)	(76.0, 0.006856711863825932)	(77.0, 0.006856711863825932)	(78.0, 0.001714177965956483)	(79.0, 0.0)	(80.0, 0.0)	(81.0, 0.0)	(82.0, 0.0)	(83.0, 0.0)	(84.0, 0.0)	(85.0, 0.0)	(86.0, 0.0)	(87.0, 0.0)	(88.0, 0.0)	(89.0, 0.0)	(90.0, 0.0)	(91.0, 0.0)	(92.0, 0.0)	(93.0, 0.001714177965956483)	(94.0, 0.0)	(95.0, 0.0)	(96.0, 0.0)	(97.0, 0.0)	(98.0, 0.0)	(99.0, 0.0)	(100.0, 0.0)
SRR19621234_1	(0.0, 0.0)	(1.0, 0.0)	(2.0, 0.0)	(3.0, 0.0)	(4.0, 0.0)	(5.0, 0.0)	(6.0, 0.0)	(7.0, 0.0)	(8.0, 0.0)	(9.0, 0.0)	(10.0, 0.0)	(11.0, 0.0)	(12.0, 0.0)	(13.0, 0.0)	(14.0, 0.0)	(15.0, 0.0)	(16.0, 0.0)	(17.0, 0.0)	(18.0, 0.0)	(19.0, 0.0)	(20.0, 0.0)	(21.0, 0.0)	(22.0, 0.0)	(23.0, 0.0)	(24.0, 0.0)	(25.0, 0.0)	(26.0, 0.0)	(27.0, 0.0)	(28.0, 0.0)	(29.0, 0.0)	(30.0, 0.0)	(31.0, 0.0)	(32.0, 0.0)	(33.0, 0.0)	(34.0, 0.0)	(35.0, 0.0)	(36.0, 0.0)	(37.0, 0.002681180792020732)	(38.0, 0.016087084752124392)	(39.0, 0.03485535029626951)	(40.0, 0.06568892940450798)	(41.0, 0.08445719494865303)	(42.0, 0.10992841247284989)	(43.0, 0.17025498029331657)	(44.0, 0.15818966672922322)	(45.0, 0.20913210177761749)	(46.0, 0.34185055098264283)	(47.0, 0.42496715553528436)	(48.0, 1.3325468536342981)	(49.0, 8.499343110705091)	(50.0, 12.549266697054248)	(51.0, 11.349438292624425)	(52.0, 6.223020618279827)	(53.0, 5.9575837198698345)	(54.0, 3.678580046652581)	(55.0, 4.9253291149420875)	(56.0, 2.732123227069155)	(57.0, 19.323269968093822)	(58.0, 18.123441563665633)	(59.0, 1.6475855966967163)	(60.0, 0.47993136177170853)	(61.0, 0.21047269217362782)	(62.0, 0.08311660455264268)	(63.0, 0.1300372684130053)	(64.0, 0.18768265544145146)	(65.0, 0.11395018366088099)	(66.0, 0.07775424296860123)	(67.0, 0.13539962999704683)	(68.0, 0.2010885594015552)	(69.0, 0.26275571761803235)	(70.0, 0.10456605088880845)	(71.0, 0.044239483068342085)	(72.0, 0.00938413277207256)	(73.0, 0.0)	(74.0, 0.0)	(75.0, 0.0)	(76.0, 0.0)	(77.0, 0.0)	(78.0, 0.0)	(79.0, 0.0)	(80.0, 0.0)	(81.0, 0.0)	(82.0, 0.0)	(83.0, 0.0)	(84.0, 0.0)	(85.0, 0.0)	(86.0, 0.0)	(87.0, 0.0)	(88.0, 0.0)	(89.0, 0.0)	(90.0, 0.0)	(91.0, 0.0)	(92.0, 0.0)	(93.0, 0.0)	(94.0, 0.0)	(95.0, 0.0)	(96.0, 0.0)	(97.0, 0.0)	(98.0, 0.0)	(99.0, 0.0)	(100.0, 0.0)
SRR19621234_2	(0.0, 0.0)	(1.0, 0.0)	(2.0, 0.0)	(3.0, 0.0)	(4.0, 0.0)	(5.0, 0.0)	(6.0, 0.0)	(7.0, 0.0)	(8.0, 0.0)	(9.0, 0.0)	(10.0, 0.0)	(11.0, 0.0)	(12.0, 0.0)	(13.0, 0.0)	(14.0, 0.0)	(15.0, 0.0)	(16.0, 0.0)	(17.0, 0.0)	(18.0, 0.0)	(19.0, 0.0)	(20.0, 0.0)	(21.0, 0.0)	(22.0, 0.0)	(23.0, 0.0)	(24.0, 0.0)	(25.0, 0.0)	(26.0, 0.0)	(27.0, 0.001411721523812207)	(28.0, 0.002823443047624414)	(29.0, 0.0)	(30.0, 0.001411721523812207)	(31.0, 0.0)	(32.0, 0.001411721523812207)	(33.0, 0.0)	(34.0, 0.004235164571436622)	(35.0, 0.004235164571436622)	(36.0, 0.005646886095248828)	(37.0, 0.004235164571436622)	(38.0, 0.014117215238122071)	(39.0, 0.029646152000056342)	(40.0, 0.06776263314298599)	(41.0, 0.11576116495260087)	(42.0, 0.1319959624764412)	(43.0, 0.1694065828574649)	(44.0, 0.20540548171467643)	(45.0, 0.18140621580986876)	(46.0, 0.2505805704766674)	(47.0, 0.3995171912388536)	(48.0, 1.0369094592400772)	(49.0, 7.314835075632471)	(50.0, 3.549773771625903)	(51.0, 5.605240310296277)	(52.0, 12.179627446690624)	(53.0, 11.133541797545302)	(54.0, 6.143812071630511)	(55.0, 4.45115796458006)	(56.0, 4.873262700199814)	(57.0, 2.5298049706714667)	(58.0, 0.9373830918113137)	(59.0, 1.1999632952403818)	(60.0, 9.008195043445056)	(61.0, 20.53348956384881)	(62.0, 4.996082472771448)	(63.0, 1.0870255733354117)	(64.0, 0.34869521638161477)	(65.0, 0.21034650704801922)	(66.0, 0.23716921600045135)	(67.0, 0.19199412723846038)	(68.0, 0.1538776460955305)	(69.0, 0.34728349485780263)	(70.0, 0.10023222819066663)	(71.0, 0.04799853180961505)	(72.0, 0.1298783801907229)	(73.0, 0.03670475961911737)	(74.0, 0.005646886095248828)	(75.0, 0.004235164571436622)	(76.0, 0.001411721523812207)	(77.0, 0.0)	(78.0, 0.0)	(79.0, 0.0)	(80.0, 0.0)	(81.0, 0.001411721523812207)	(82.0, 0.001411721523812207)	(83.0, 0.0)	(84.0, 0.001411721523812207)	(85.0, 0.0)	(86.0, 0.001411721523812207)	(87.0, 0.0)	(88.0, 0.0)	(89.0, 0.001411721523812207)	(90.0, 0.001411721523812207)	(91.0, 0.0)	(92.0, 0.0)	(93.0, 0.0)	(94.0, 0.0)	(95.0, 0.0)	(96.0, 0.001411721523812207)	(97.0, 0.001411721523812207)	(98.0, 0.0)	(99.0, 0.0)	(100.0, 0.002117582285718311)
