Sample	0	1	2	3	4	5	6	7	8	9	10	11	12	13	14	15
SRR19621115_1	(1.0, 5.703838407539939)	(2.0, 2.0257718855712636)	(3.0, 1.3668094092802252)	(4.0, 0.9072955163176317)	(5.0, 0.703936176453335)	(6.0, 0.6100780195928902)	(7.0, 0.5064429713928159)	(8.0, 0.5005768365890382)	(9.0, 0.4047633014606675)	('>10', 6.982655794763497)	('>50', 3.7445493830781564)	('>100', 10.911010735026691)	('>500', 13.533172992315363)	('>1k', 29.04127803523592)	('>5k', 23.05782053538257)	('>10k+', 0.0)
SRR19621115_2	(1.0, 9.112062728534836)	(2.0, 2.299524843080894)	(3.0, 1.51346277937467)	(4.0, 1.0246182123931875)	(5.0, 0.8799202205666686)	(6.0, 0.6687393676306681)	(7.0, 0.643319450147631)	(8.0, 0.3910756535851861)	(9.0, 0.5631489411626679)	('>10', 6.671750650163275)	('>50', 3.723040222130971)	('>100', 9.376038794704836)	('>500', 11.485891945796913)	('>1k', 37.39856475235134)	('>5k', 14.248841438376253)	('>10k+', 0.0)
SRR19621116_1	(1.0, 5.667740708867853)	(2.0, 2.3055216442852284)	(3.0, 1.242820261372506)	(4.0, 0.9526287349650769)	(5.0, 0.7705085356335182)	(6.0, 0.6484279624552204)	(7.0, 0.5743790901995317)	(8.0, 0.5123381431744952)	(9.0, 0.5403566353793503)	('>10', 6.3061620669641965)	('>50', 3.1680909400204134)	('>100', 12.19404807172734)	('>500', 12.632337342646146)	('>1k', 52.48463986230912)	('>5k', 0.0)	('>10k+', 0.0)
SRR19621116_2	(1.0, 9.356175075549864)	(2.0, 2.5336722236676206)	(3.0, 1.4229391398322893)	(4.0, 1.1687713891168172)	(5.0, 0.8905877879400405)	(6.0, 0.8165389156843516)	(7.0, 0.6724438129165249)	(8.0, 0.4482958752776833)	(9.0, 0.414273420457502)	('>10', 6.70242359957572)	('>50', 2.1153961614665677)	('>100', 8.027298016691017)	('>500', 12.598314887825964)	('>1k', 52.83286969399804)	('>5k', 0.0)	('>10k+', 0.0)
SRR19621117_1	(1.0, 4.5611736012522295)	(2.0, 1.9220268646936771)	(3.0, 1.2067270940264279)	(4.0, 0.7061992646791162)	(5.0, 0.6370354191693058)	(6.0, 0.6115540024025335)	(7.0, 0.7771832113865531)	(8.0, 0.3494594299443049)	(9.0, 0.24571366167958938)	('>10', 4.903352626406028)	('>50', 3.0104473808743766)	('>100', 10.993411233664592)	('>500', 11.27734702049434)	('>1k', 31.673401041097886)	('>5k', 27.12496814822904)	('>10k+', 0.0)
SRR19621117_2	(1.0, 8.660041498307306)	(2.0, 2.409813985657603)	(3.0, 1.4032980233700993)	(4.0, 0.8518073604892432)	(5.0, 0.8008445269556987)	(6.0, 0.7316806814458884)	(7.0, 0.4968876269520585)	(8.0, 0.2912161916202541)	(9.0, 0.36038003713006445)	('>10', 6.104619416839576)	('>50', 2.4644170215864003)	('>100', 9.328018637836264)	('>500', 15.793018091805905)	('>1k', 32.24673291835026)	('>5k', 18.05722398165338)	('>10k+', 0.0)
SRR19621118_1	(1.0, 3.7897236089126993)	(2.0, 1.2571532935589917)	(3.0, 0.7625106538414708)	(4.0, 0.49312066236454405)	(5.0, 0.494642639717521)	(6.0, 0.22829660294654816)	(7.0, 0.3089614026543285)	(8.0, 0.29221965177158166)	(9.0, 0.24656033118227202)	('>10', 4.713563862169731)	('>50', 2.089674905637404)	('>100', 7.830573481066602)	('>500', 4.5735419456958475)	('>1k', 24.861500060879095)	('>5k', 7.666199926945088)	('>10k+', 40.39175697065628)
SRR19621118_2	(1.0, 7.619018629002801)	(2.0, 1.7624497747473518)	(3.0, 0.990807256788019)	(4.0, 0.7061974917813223)	(5.0, 0.5250821867770608)	(6.0, 0.4565932058930963)	(7.0, 0.34092292706684524)	(8.0, 0.3287471082430294)	(9.0, 0.1369779617679289)	('>10', 5.418239376598076)	('>50', 0.999939120905881)	('>100', 5.990502861317423)	('>500', 10.379885547303056)	('>1k', 26.591988311213928)	('>5k', 0.0)	('>10k+', 37.752648240594176)
SRR19621119_1	(1.0, 4.46785268414482)	(2.0, 1.66354556803995)	(3.0, 0.9550561797752809)	(4.0, 0.6554307116104869)	(5.0, 0.5149812734082396)	(6.0, 0.48689138576779023)	(7.0, 0.5024968789013733)	(8.0, 0.32459425717852686)	(9.0, 0.3089887640449438)	('>10', 5.188826466916355)	('>50', 3.7983770287141074)	('>100', 13.06803995006242)	('>500', 5.8161672908863915)	('>1k', 30.52434456928839)	('>5k', 12.746566791510611)	('>10k+', 18.97784019975031)
SRR19621119_2	(1.0, 6.694756554307116)	(2.0, 1.6666666666666667)	(3.0, 0.9035580524344569)	(4.0, 0.7927590511860174)	(5.0, 0.5696004993757803)	(6.0, 0.48689138576779023)	(7.0, 0.5789637952559301)	(8.0, 0.38701622971285893)	(9.0, 0.46348314606741575)	('>10', 5.463483146067416)	('>50', 2.3517478152309614)	('>100', 11.234394506866417)	('>500', 4.714419475655431)	('>1k', 29.605181023720352)	('>5k', 14.998439450686643)	('>10k+', 19.088639200998752)
SRR19621120_1	(1.0, 4.1180525747583925)	(2.0, 1.4333840610814115)	(3.0, 0.8701759862644867)	(4.0, 0.7336012799001054)	(5.0, 0.5593059403493711)	(6.0, 0.45264759823623524)	(7.0, 0.3641992169716835)	(8.0, 0.3537935250582068)	(9.0, 0.3628985054824989)	('>10', 5.257475839284089)	('>50', 3.0761826719215413)	('>100', 8.190580247395324)	('>500', 9.746231188460088)	('>1k', 19.735695425397694)	('>5k', 27.676539066869577)	('>10k+', 17.069236872569295)
SRR19621120_2	(1.0, 7.4452725640925586)	(2.0, 1.8183946618800482)	(3.0, 1.0613805751746206)	(4.0, 0.6555585905490303)	(5.0, 0.6958806467137525)	(6.0, 0.5619073633277403)	(7.0, 0.49166894291177277)	(8.0, 0.45785044419297355)	(9.0, 0.2107152612479026)	('>10', 5.820683914101013)	('>50', 3.178938879567123)	('>100', 9.089371886421873)	('>500', 8.398694085664857)	('>1k', 3.822791066713492)	('>5k', 24.84749157789311)	('>10k+', 31.443399539548132)
SRR19621121_1	(1.0, 4.42448362496387)	(2.0, 1.8987482491050982)	(3.0, 1.1005625097271938)	(4.0, 0.7025813193409964)	(5.0, 0.8004090979834138)	(6.0, 0.41354470062476373)	(7.0, 0.42021477644129224)	(8.0, 0.37352424572559306)	(9.0, 0.4002045489917069)	('>10', 5.229339440158303)	('>50', 4.03984258621073)	('>100', 14.889832581097004)	('>500', 6.469973542032595)	('>1k', 39.74031171487649)	('>5k', 19.09642706272095)	('>10k+', 0.0)
SRR19621121_2	(1.0, 7.328189963759255)	(2.0, 1.9698957244814015)	(3.0, 1.2272939502412346)	(4.0, 0.7559419258732241)	(5.0, 0.8559930631211509)	(6.0, 0.49358561042310517)	(7.0, 0.42021477644129224)	(8.0, 0.5336060653222758)	(9.0, 0.36018409409253616)	('>10', 5.342730729039287)	('>50', 2.8370055806301)	('>100', 11.621495430998067)	('>500', 8.16861951664184)	('>1k', 27.411788247326413)	('>5k', 30.673455321608824)	('>10k+', 0.0)
SRR19621122_1	(1.0, 4.742696746023496)	(2.0, 1.5011955504730221)	(3.0, 0.8919846137852168)	(4.0, 0.5322798627715979)	(5.0, 0.4262397338600686)	(6.0, 0.3243580413764424)	(7.0, 0.4948539349204699)	(8.0, 0.3992098970786984)	(9.0, 0.3929722424368437)	('>10', 5.102401497037114)	('>50', 2.746647260630003)	('>100', 12.180060297328204)	('>500', 5.32487784592993)	('>1k', 24.557646324981807)	('>5k', 0.0)	('>10k+', 40.38257615136708)
SRR19621122_2	(1.0, 8.782617735731366)	(2.0, 2.2122881796444536)	(3.0, 1.1726790726686764)	(4.0, 0.6736667013203036)	(5.0, 0.7069341927435284)	(6.0, 0.47406175278095436)	(7.0, 0.4075267699345046)	(8.0, 0.4491111342135357)	(9.0, 0.3368333506601518)	('>10', 6.293793533631355)	('>50', 2.438922964965173)	('>100', 12.019960494853935)	('>500', 8.45410125792702)	('>1k', 22.933776899885643)	('>5k', 0.0)	('>10k+', 32.6437259590394)
SRR19621123_1	(1.0, 4.3320057929036935)	(2.0, 1.6437364228819695)	(3.0, 0.9341057204923968)	(4.0, 0.7313540912382331)	(5.0, 0.4887762490948588)	(6.0, 0.38015930485155686)	(7.0, 0.36748732802317163)	(8.0, 0.34757422157856627)	(9.0, 0.391020999275887)	('>10', 4.913106444605359)	('>50', 3.184286748732802)	('>100', 12.58689355539464)	('>500', 7.185010861694424)	('>1k', 28.04670528602462)	('>5k', 0.0)	('>10k+', 34.46777697320782)
SRR19621123_2	(1.0, 7.617668356263577)	(2.0, 1.8935553946415642)	(3.0, 1.330557566980449)	(4.0, 0.832729905865315)	(5.0, 0.5611875452570602)	(6.0, 0.4887762490948588)	(7.0, 0.4561911658218682)	(8.0, 0.40550325850832725)	(9.0, 0.27697320782042)	('>10', 6.08616944243302)	('>50', 1.660028964518465)	('>100', 12.146994931209269)	('>500', 4.869659666908038)	('>1k', 31.962346125995655)	('>5k', 0.0)	('>10k+', 29.411658218682113)
SRR19621124_1	(1.0, 4.216670397217583)	(2.0, 1.2879009624821363)	(3.0, 0.7851374851495377)	(4.0, 0.6129582120904286)	(5.0, 0.39601232803595104)	(6.0, 0.320253447889943)	(7.0, 0.27720862962516574)	(8.0, 0.33058420427348956)	(9.0, 0.20144974947915772)	('>10', 5.043130907901307)	('>50', 1.46696740646361)	('>100', 7.348611374162778)	('>500', 3.62781728335543)	('>1k', 18.89495342550664)	('>5k', 8.832796707932298)	('>10k+', 46.35754747843455)
SRR19621124_2	(1.0, 7.949517037139069)	(2.0, 1.7424542433581844)	(3.0, 0.9246026963274161)	(4.0, 0.6473940667022504)	(5.0, 0.4821019645655056)	(6.0, 0.4545532808760481)	(7.0, 0.4459443172230927)	(8.0, 0.5096506482549631)	(9.0, 0.3254188260817163)	('>10', 5.492518810585581)	('>50', 1.472132784655383)	('>100', 6.034883520721776)	('>500', 1.0330756383546549)	('>1k', 25.177775099433532)	('>5k', 0.0)	('>10k+', 47.30797706572083)
SRR19621125_1	(1.0, 4.694343347109987)	(2.0, 1.6871260255382148)	(3.0, 0.9854419838381346)	(4.0, 0.746406760841404)	(5.0, 0.45493800505829374)	(6.0, 0.41638393683301456)	(7.0, 0.5181666769477515)	(8.0, 0.29609524397014375)	(9.0, 0.26370982666090925)	('>10', 5.4222441552032565)	('>50', 2.8761334896058233)	('>100', 15.693047930417617)	('>500', 5.536364197150083)	('>1k', 31.651347850225154)	('>5k', 0.0)	('>10k+', 28.758250570600207)
SRR19621125_2	(1.0, 8.369317130343594)	(2.0, 2.1343532169514527)	(3.0, 1.212139905002776)	(4.0, 0.7217321571772253)	(5.0, 0.6399975325396337)	(6.0, 0.44414286595521557)	(7.0, 0.38862500771081365)	(8.0, 0.33310714946641173)	(9.0, 0.3469866140275122)	('>10', 6.441613719079638)	('>50', 3.832274381592746)	('>100', 12.101350934550615)	('>500', 7.655295786811424)	('>1k', 25.268336314847943)	('>5k', 0.0)	('>10k+', 30.110727283943)
SRR19621126_1	(1.0, 3.7373804907401222)	(2.0, 1.3572240422544628)	(3.0, 0.782242428294444)	(4.0, 0.6685832720465334)	(5.0, 0.4429364177308283)	(6.0, 0.45129370863141005)	(7.0, 0.4446078759109447)	(8.0, 0.42789329410978133)	(9.0, 0.330948719663034)	('>10', 4.93748746406365)	('>50', 3.8209533997459384)	('>100', 10.306211138597313)	('>500', 7.160526843618372)	('>1k', 26.001203449889683)	('>5k', 0.0)	('>10k+', 39.13050745470348)
SRR19621126_2	(1.0, 5.833389048606004)	(2.0, 1.307080296850973)	(3.0, 0.8173430500768871)	(4.0, 0.6752691047669988)	(5.0, 0.5181520358360634)	(6.0, 0.45129370863141005)	(7.0, 0.3744066323460587)	(8.0, 0.41452162866885073)	(9.0, 0.4212074613893161)	('>10', 6.145951728287758)	('>50', 3.8710971451494283)	('>100', 8.965701678144013)	('>500', 4.713512067928061)	('>1k', 11.790466002540615)	('>5k', 9.594169953867754)	('>10k+', 44.10643845690981)
SRR19621127_1	(1.0, 4.628855245865265)	(2.0, 1.5054020379252078)	(3.0, 0.9165543020020823)	(4.0, 0.7578214340575876)	(5.0, 0.5461776101315947)	(6.0, 0.409633207598696)	(7.0, 0.3703766918704876)	(8.0, 0.3277065660789568)	(9.0, 0.2918636604140709)	('>10', 5.4839645667275425)	('>50', 2.3792862141357594)	('>100', 11.732577787639318)	('>500', 9.233815221287273)	('>1k', 23.38664254382222)	('>5k', 8.66203553568076)	('>10k+', 29.36728737476318)
SRR19621127_2	(1.0, 7.3836385669664955)	(2.0, 1.747768352421103)	(3.0, 0.9626380378569357)	(4.0, 0.8260936353240369)	(5.0, 0.5717796856065132)	(6.0, 0.460837358548533)	(7.0, 0.4659577736435167)	(8.0, 0.4642509686118555)	(9.0, 0.2457799245592176)	('>10', 6.53194285616754)	('>50', 2.7769717865128265)	('>100', 10.474662479304989)	('>500', 9.9370188943317)	('>1k', 15.7486900271382)	('>5k', 9.559814982334567)	('>10k+', 31.842154670671967)
SRR19621128_1	(1.0, 5.151572794715271)	(2.0, 1.5425320352084666)	(3.0, 1.099832258287651)	(4.0, 0.6778840334099988)	(5.0, 0.510142321061096)	(6.0, 0.5810434572085704)	(7.0, 0.3510470887301779)	(8.0, 0.24901862451795873)	(9.0, 0.2023276324208415)	('>10', 4.950974458298027)	('>50', 2.7928130458090514)	('>100', 11.971916232901586)	('>500', 3.903021080118284)	('>1k', 30.494405727428365)	('>5k', 0.0)	('>10k+', 35.52146920988466)
SRR19621128_2	(1.0, 8.651667905995469)	(2.0, 1.8434295398343334)	(3.0, 1.0790807062444878)	(4.0, 0.6640496653812232)	(5.0, 0.5447282411330348)	(6.0, 0.4669099209711727)	(7.0, 0.3994673768308922)	(8.0, 0.2766873605755097)	(9.0, 0.35796427274456566)	('>10', 5.29856295502101)	('>50', 1.9817732201220881)	('>100', 7.8855897764020275)	('>500', 4.207377176751344)	('>1k', 30.188320334791708)	('>5k', 0.0)	('>10k+', 36.154391547201136)
SRR19621129_1	(1.0, 5.275804159669294)	(2.0, 2.1702622400206693)	(3.0, 1.271153597726392)	(4.0, 0.8267665676269217)	(5.0, 0.5684020152435086)	(6.0, 0.5115618137191578)	(7.0, 0.37979589200361713)	(8.0, 0.3100374628600956)	(9.0, 0.18602247771605734)	('>10', 6.464281100632993)	('>50', 5.358480816431985)	('>100', 22.47771605735693)	('>500', 6.358351634155794)	('>1k', 31.957111484304352)	('>5k', 15.884252680532231)	('>10k+', 0.0)
SRR19621129_2	(1.0, 7.7561038625500585)	(2.0, 2.5164707402144426)	(3.0, 1.5579382508719803)	(4.0, 0.8887740601989408)	(5.0, 0.7234207466735564)	(6.0, 0.6665805451492055)	(7.0, 0.5244800413383284)	(8.0, 0.2480299702880765)	(9.0, 0.418550574861129)	('>10', 7.035266761400336)	('>50', 3.6816948714636353)	('>100', 21.542436377728976)	('>500', 12.621108383929725)	('>1k', 24.95543211471386)	('>5k', 14.863712698617752)	('>10k+', 0.0)
SRR19621130_1	(1.0, 4.578741246524087)	(2.0, 1.749967242709683)	(3.0, 1.0438656514333133)	(4.0, 0.7978220041638155)	(5.0, 0.5313960429193296)	(6.0, 0.5590577547425277)	(7.0, 0.5299401633496877)	(8.0, 0.4658814622854397)	(9.0, 0.4192933160568958)	('>10', 4.7301527217668555)	('>50', 3.464993375747958)	('>100', 14.009929098664959)	('>500', 8.94929171458937)	('>1k', 24.90718767743532)	('>5k', 33.262480527610755)	('>10k+', 0.0)
SRR19621130_2	(1.0, 7.494868024517013)	(2.0, 2.076084266309491)	(3.0, 1.2535123094617613)	(4.0, 0.9667040342422875)	(5.0, 0.7424985805174196)	(6.0, 0.5503224773246757)	(7.0, 0.5808959482871576)	(8.0, 0.4192933160568958)	(9.0, 0.5765283095782316)	('>10', 5.781297771048379)	('>50', 3.1752733413892003)	('>100', 13.90947340835966)	('>500', 7.671029452443694)	('>1k', 22.60398619826168)	('>5k', 32.198232562202456)	('>10k+', 0.0)
SRR19621131_1	(1.0, 5.066435058206863)	(2.0, 2.0479063814225635)	(3.0, 1.151947339550192)	(4.0, 0.877674163466813)	(5.0, 0.6247333455232522)	(6.0, 0.4936917169500823)	(7.0, 0.5119765953556409)	(8.0, 0.46321691960748457)	(9.0, 0.287986834887548)	('>10', 5.680502224660207)	('>50', 2.8722496495398304)	('>100', 17.12988358627415)	('>500', 14.27287133540562)	('>1k', 30.36051685256293)	('>5k', 0.0)	('>10k+', 18.158407996586824)
SRR19621131_2	(1.0, 7.643079173523495)	(2.0, 2.252087523617968)	(3.0, 1.2479429511793747)	(4.0, 0.8654842445297739)	(5.0, 0.7542512342292923)	(6.0, 0.603400987383434)	(7.0, 0.4159809837264582)	(8.0, 0.4510270006704456)	(9.0, 0.39769610532089966)	('>10', 6.180288901078808)	('>50', 3.257755835923691)	('>100', 13.064545620771623)	('>500', 14.6339976839154)	('>1k', 30.889254586457)	('>5k', 0.0)	('>10k+', 17.343207167672333)
SRR19621132_1	(1.0, 4.469931185798345)	(2.0, 1.3603271167846813)	(3.0, 0.8616734815996809)	(4.0, 0.6462551111997606)	(5.0, 0.5285728532961005)	(6.0, 0.45477211528872047)	(7.0, 0.4467936571257604)	(8.0, 0.36700907549616035)	(9.0, 0.25132143213324026)	('>10', 4.553704996509424)	('>50', 3.2831355340580433)	('>100', 9.25700608357435)	('>500', 5.925999800538546)	('>1k', 22.064426049665904)	('>5k', 0.0)	('>10k+', 45.52907150693129)
SRR19621132_2	(1.0, 8.483095641767228)	(2.0, 1.763239254014162)	(3.0, 1.065124164755161)	(4.0, 0.8138027326219208)	(5.0, 0.48868056248130054)	(6.0, 0.45477211528872047)	(7.0, 0.2792460357036003)	(8.0, 0.3350952428443203)	(9.0, 0.35903061733320035)	('>10', 5.469233070709086)	('>50', 1.990625311658522)	('>100', 8.49306871447093)	('>500', 3.9333798743392836)	('>1k', 23.8795252817393)	('>5k', 0.0)	('>10k+', 42.19208138027326)
SRR19621133_1	(1.0, 4.5782505206783695)	(2.0, 1.5731925022314786)	(3.0, 0.8702767033620946)	(4.0, 0.6471288307051473)	(5.0, 0.39980660517703065)	(6.0, 0.45745313894674206)	(7.0, 0.2603391847664386)	(8.0, 0.32728354656352276)	(9.0, 0.2845135376376079)	('>10', 5.513612020232074)	('>50', 2.886045819696519)	('>100', 12.786373103243081)	('>500', 11.447485867301399)	('>1k', 19.564489735197856)	('>5k', 0.0)	('>10k+', 38.40374888426064)
SRR19621133_2	(1.0, 7.084944956858077)	(2.0, 1.818655162154121)	(3.0, 1.004165426956263)	(4.0, 0.7735792918774174)	(5.0, 0.5206783695328772)	(6.0, 0.3570365962511157)	(7.0, 0.4555935733412675)	(8.0, 0.28265397203213327)	(9.0, 0.4016661707825052)	('>10', 5.85019339482297)	('>50', 2.757735792918774)	('>100', 12.33263909550729)	('>500', 9.28295150252901)	('>1k', 20.219056828324902)	('>5k', 0.0)	('>10k+', 36.85844986611128)
SRR19621134_1	(1.0, 4.498079079428687)	(2.0, 1.533060054043124)	(3.0, 0.7389570044668297)	(4.0, 0.7646918255179133)	(5.0, 0.5238874285399165)	(6.0, 0.3860223157662543)	(7.0, 0.41175713681733794)	(8.0, 0.24999540449624089)	(9.0, 0.28124483005827094)	('>10', 5.6543078252238015)	('>50', 2.5109832539843016)	('>100', 15.479494862226797)	('>500', 3.4999356629473724)	('>1k', 24.446241797025788)	('>5k', 0.0)	('>10k+', 39.021341519457366)
SRR19621134_2	(1.0, 7.593610411573317)	(2.0, 1.8933475487582947)	(3.0, 1.1249793202330838)	(4.0, 0.6396941232697928)	(5.0, 0.551460451094649)	(6.0, 0.3198470616348964)	(7.0, 0.4246245473428797)	(8.0, 0.30881785261300343)	(9.0, 0.3143324571239499)	('>10', 5.974154886858697)	('>50', 1.7701880480138235)	('>100', 13.63577875406702)	('>500', 9.781070200915424)	('>1k', 18.304810573335047)	('>5k', 0.0)	('>10k+', 37.363283763166116)
SRR19621135_1	(1.0, 5.3104612436698755)	(2.0, 1.8978968018613989)	(3.0, 1.1017838405036726)	(4.0, 0.7755828276837448)	(5.0, 0.5816871207628085)	(6.0, 0.5611569870888271)	(7.0, 0.415164925407181)	(8.0, 0.43797618504493824)	(9.0, 0.431132807153611)	('>10', 6.026734796295451)	('>50', 3.8551028787809667)	('>100', 15.363383366029474)	('>500', 15.240202563985584)	('>1k', 23.79442492814453)	('>5k', 0.0)	('>10k+', 24.207308727587936)
SRR19621135_2	(1.0, 8.70249555180437)	(2.0, 2.3404352388338885)	(3.0, 1.3481454445914505)	(4.0, 0.9033258816551849)	(5.0, 0.8440166065970163)	(6.0, 0.6159040102194443)	(7.0, 0.5908116246179114)	(8.0, 0.6387152698572015)	(9.0, 0.513253341849537)	('>10', 6.136228842556686)	('>50', 4.788083397965235)	('>100', 14.25019389570692)	('>500', 7.185546785893517)	('>1k', 28.46388977599343)	('>5k', 22.678954331858208)	('>10k+', 0.0)
SRR19621136_1	(1.0, 4.727610640027878)	(2.0, 1.7755505036257737)	(3.0, 1.1001775550503625)	(4.0, 0.6903074855217961)	(5.0, 0.5310057580936893)	(6.0, 0.43807975042729375)	(7.0, 0.39493553258218145)	(8.0, 0.4248046064749515)	(9.0, 0.20908351724939017)	('>10', 5.744818545376101)	('>50', 3.3221047740736442)	('>100', 16.21724773078008)	('>500', 10.216882664321393)	('>1k', 32.70497651958914)	('>5k', 0.0)	('>10k+', 21.50241441680633)
SRR19621136_2	(1.0, 7.619932628644442)	(2.0, 2.1671672502198693)	(3.0, 1.2594792824784695)	(4.0, 0.8894346448069296)	(5.0, 0.5227087931234754)	(6.0, 0.6571196256409405)	(7.0, 0.46463003833197813)	(8.0, 0.5442809020460315)	(9.0, 0.3882979606060103)	('>10', 6.262549159517448)	('>50', 3.3237641670676865)	('>100', 12.442128669332758)	('>500', 6.589449579343876)	('>1k', 34.54524334998258)	('>5k', 0.0)	('>10k+', 22.323813948857506)
SRR19621137_1	(1.0, 5.281812070967348)	(2.0, 1.8862159574684783)	(3.0, 1.1182857026459985)	(4.0, 0.9858839345731572)	(5.0, 0.6212698348033324)	(6.0, 0.4888680667304911)	(7.0, 0.39924225449656775)	(8.0, 0.39109445338439286)	(9.0, 0.5866416800765893)	('>10', 6.893039740899924)	('>50', 3.7276190088199948)	('>100', 15.739514798443771)	('>500', 4.623877131159229)	('>1k', 34.60371132340659)	('>5k', 0.0)	('>10k+', 22.65292404212413)
SRR19621137_2	(1.0, 9.87513494795592)	(2.0, 2.3710101236428818)	(3.0, 1.4421607968549488)	(4.0, 0.9695883323488074)	(5.0, 0.8657038681685779)	(6.0, 0.8188540117735726)	(7.0, 0.47053551422809764)	(8.0, 0.5214592711791906)	(9.0, 0.5133114700670157)	('>10', 6.872670238119488)	('>50', 4.970158678426659)	('>100', 8.881103212270588)	('>500', 1.2119854154360092)	('>1k', 40.61271464363555)	('>5k', 19.603609475892693)	('>10k+', 0.0)
SRR19621138_1	(1.0, 5.276967930029155)	(2.0, 1.932528113286131)	(3.0, 1.1557684298209079)	(4.0, 0.8996251561849229)	(5.0, 0.7184506455643481)	(6.0, 0.5372761349437735)	(7.0, 0.46647230320699706)	(8.0, 0.5164514785506039)	(9.0, 0.2811328613077884)	('>10', 5.83298625572678)	('>50', 4.689712619741774)	('>100', 11.055810079133694)	('>500', 11.682632236568097)	('>1k', 41.78883798417326)	('>5k', 13.165347771761764)	('>10k+', 0.0)
SRR19621138_2	(1.0, 10.616409829237817)	(2.0, 2.648896293211162)	(3.0, 1.661807580174927)	(4.0, 1.1745106205747604)	(5.0, 0.8954602249062891)	(6.0, 0.7621824239900041)	(7.0, 0.49562682215743437)	(8.0, 0.4331528529779259)	(9.0, 0.6372344856309871)	('>10', 6.368179925031237)	('>50', 3.981674302374011)	('>100', 11.695127030403999)	('>500', 14.641815910037485)	('>1k', 31.37234485630987)	('>5k', 12.61557684298209)	('>10k+', 0.0)
SRR19621139_1	(1.0, 4.3229053777424555)	(2.0, 1.5220480215784025)	(3.0, 0.8597644678852684)	(4.0, 0.6839582881776365)	(5.0, 0.5418683621125641)	(6.0, 0.5057438046383932)	(7.0, 0.33716253642559546)	(8.0, 0.3275293210991499)	(9.0, 0.47684415865905644)	('>10', 5.209161187775449)	('>50', 1.8929268116465572)	('>100', 7.518724562290778)	('>500', 8.132842039351685)	('>1k', 23.991522770512727)	('>5k', 43.67699829010428)	('>10k+', 0.0)
SRR19621139_2	(1.0, 9.336993955157382)	(2.0, 1.8881102039833346)	(3.0, 1.3944079185029985)	(4.0, 0.8284565180743202)	(5.0, 0.7706572261156467)	(6.0, 0.650242034535077)	(7.0, 0.522601931459673)	(8.0, 0.5972593502396263)	(9.0, 0.41181995520554876)	('>10', 6.598752498615225)	('>50', 2.560026973002914)	('>100', 8.08949257038268)	('>500', 9.076897141343352)	('>1k', 34.91799725453363)	('>5k', 22.35628446884859)	('>10k+', 0.0)
SRR19621140_1	(1.0, 4.525305751873676)	(2.0, 1.58083064817617)	(3.0, 0.8812062734765813)	(4.0, 0.6764815836789917)	(5.0, 0.5874708489843875)	(6.0, 0.5661082726576825)	(7.0, 0.510921617147028)	(8.0, 0.5411852669431934)	(9.0, 0.33646057714560373)	('>10', 5.438555889840314)	('>50', 3.291616969006462)	('>100', 8.99720506293059)	('>500', 12.506008224591886)	('>1k', 23.48103181243658)	('>5k', 13.828707742153703)	('>10k+', 22.25090345895715)
SRR19621140_2	(1.0, 7.6317803927153625)	(2.0, 2.157620208997205)	(3.0, 1.1909636302138038)	(4.0, 0.8758656293949051)	(5.0, 0.6675805102095314)	(6.0, 0.704965018781265)	(7.0, 0.5483061257187617)	(8.0, 0.5839104195966034)	(9.0, 0.40054830612571873)	('>10', 6.636640378829687)	('>50', 2.182543214711694)	('>100', 10.987485090701938)	('>500', 9.16098481476866)	('>1k', 25.98223345735496)	('>5k', 30.28857280187991)	('>10k+', 0.0)
SRR19621141_1	(1.0, 5.271591091171287)	(2.0, 1.6412205003776867)	(3.0, 0.9991530661295122)	(4.0, 0.741639389292009)	(5.0, 0.6409229290177856)	(6.0, 0.4394900084693387)	(7.0, 0.5527960262778401)	(8.0, 0.3845537574106714)	(9.0, 0.42232243001350517)	('>10', 6.012085975232907)	('>50', 2.800604298761645)	('>100', 9.182365463410168)	('>500', 7.616682308238149)	('>1k', 25.648362213015314)	('>5k', 6.683910545471193)	('>10k+', 30.96229999771099)
SRR19621141_2	(1.0, 9.675647217707786)	(2.0, 2.3164785863071398)	(3.0, 1.3219035410991828)	(4.0, 0.9796964772129009)	(5.0, 0.6695355597775082)	(6.0, 0.590564698880674)	(7.0, 0.3925652940233937)	(8.0, 0.5951427198022295)	(9.0, 0.4429235241605054)	('>10', 6.055577173987685)	('>50', 2.630073019433699)	('>100', 9.47192528669856)	('>500', 5.576029482454735)	('>1k', 27.325062375535058)	('>5k', 11.18296060612997)	('>10k+', 20.773914436788978)
SRR19621142_1	(1.0, 4.507070238765441)	(2.0, 1.423982514819353)	(3.0, 0.9189654601450474)	(4.0, 0.6225784018279962)	(5.0, 0.5712487995496242)	(6.0, 0.37752094578931683)	(7.0, 0.31294499453588104)	(8.0, 0.3311587243765937)	(9.0, 0.2682385667450409)	('>10', 4.536874523959334)	('>50', 4.045103818260092)	('>100', 7.239129714872339)	('>500', 2.179024406397987)	('>1k', 27.010961353776864)	('>5k', 0.0)	('>10k+', 45.655197536179095)
SRR19621142_2	(1.0, 9.913236414213332)	(2.0, 2.2883067854422627)	(3.0, 1.2070735503526842)	(4.0, 0.7749114150412293)	(5.0, 0.8610126833791436)	(6.0, 0.48680332483359273)	(7.0, 0.5331655462463158)	(8.0, 0.52985395900255)	(9.0, 0.4619664205053482)	('>10', 5.9393317216942085)	('>50', 2.311487896148624)	('>100', 9.696327449746663)	('>500', 2.038281948537934)	('>1k', 30.166903997085804)	('>5k', 12.807563665264762)	('>10k+', 19.983773222505548)
SRR19621143_1	(1.0, 4.412005011166185)	(2.0, 1.4234616990758393)	(3.0, 0.9695517185031863)	(4.0, 0.6245801332679702)	(5.0, 0.5265355774642773)	(6.0, 0.5337981371534397)	(7.0, 0.4575412604172341)	(8.0, 0.3631279844581223)	(9.0, 0.35949670461354105)	('>10', 4.549993645260272)	('>50', 3.0484594295259364)	('>100', 7.776385787170688)	('>500', 3.0974817074277827)	('>1k', 23.056811373168472)	('>5k', 26.490186466220017)	('>10k+', 22.310583365107032)
SRR19621143_2	(1.0, 10.005991611743559)	(2.0, 2.298600141619914)	(3.0, 1.312707663816112)	(4.0, 0.9296076402127931)	(5.0, 0.7171777693047915)	(6.0, 0.5991611743559018)	(7.0, 0.6100550138896454)	(8.0, 0.406703342593097)	(9.0, 0.47388201971784955)	('>10', 5.830019790475153)	('>50', 3.329883617480981)	('>100', 6.841331227191024)	('>500', 8.419122319661565)	('>1k', 27.4415817855003)	('>5k', 10.225684042340722)	('>10k+', 20.558490840096592)
SRR19621144_1	(1.0, 4.188557596849937)	(2.0, 1.2604713939921248)	(3.0, 0.8131713683365124)	(4.0, 0.6023491617307499)	(5.0, 0.4573391783511249)	(6.0, 0.354716728574775)	(7.0, 0.4138361833372375)	(8.0, 0.27663442983189995)	(9.0, 0.26101797008332495)	('>10', 4.401610726276925)	('>50', 3.1746031746031744)	('>100', 7.954355319077737)	('>500', 7.105489185601624)	('>1k', 16.990708206449597)	('>5k', 14.126203303996698)	('>10k+', 37.61893607290656)
SRR19621144_2	(1.0, 7.7736505705585115)	(2.0, 1.7178105723432497)	(3.0, 0.9369875849144998)	(4.0, 0.7049716115070999)	(5.0, 0.5409987841470625)	(6.0, 0.515343171702975)	(7.0, 0.40602795346294995)	(8.0, 0.39264241653559995)	(9.0, 0.180704748519225)	('>10', 4.938147664781537)	('>50', 2.7574206070340996)	('>100', 6.069225535142611)	('>500', 4.004506464098875)	('>1k', 23.34214547847717)	('>5k', 12.087139845397049)	('>10k+', 33.63227699137749)
SRR19621145_1	(1.0, 4.8028904793685125)	(2.0, 1.5603065380986352)	(3.0, 0.945849538581916)	(4.0, 0.6719904264377604)	(5.0, 0.37972061767887144)	(6.0, 0.6627850781303938)	(7.0, 0.41884334798517936)	(8.0, 0.34980323567993005)	(9.0, 0.28996847168204726)	('>10', 5.403539456424182)	('>50', 2.5982095597542174)	('>100', 11.914022046809196)	('>500', 5.389731433963132)	('>1k', 20.68902032080639)	('>5k', 13.159045405380526)	('>10k+', 30.76427404321911)
SRR19621145_2	(1.0, 8.45050974616252)	(2.0, 1.8272616390122662)	(3.0, 1.1529698754976643)	(4.0, 0.7364278645893264)	(5.0, 0.6558810668998688)	(6.0, 0.5108968310588452)	(7.0, 0.41884334798517936)	(8.0, 0.5339102018272616)	(9.0, 0.5592249096725197)	('>10', 6.3240742871608395)	('>50', 3.0124502335857133)	('>100', 8.887763790762433)	('>500', 5.698110602259913)	('>1k', 17.384300278461787)	('>5k', 15.619174740524244)	('>10k+', 28.22820058453962)
SRR19621146_1	(1.0, 4.807817589576547)	(2.0, 1.8188925081433227)	(3.0, 1.0319218241042345)	(4.0, 0.8547231270358305)	(5.0, 0.5993485342019543)	(6.0, 0.40651465798045605)	(7.0, 0.31009771986970686)	(8.0, 0.3335504885993485)	(9.0, 0.3752442996742671)	('>10', 5.646905537459284)	('>50', 1.0423452768729642)	('>100', 12.200651465798046)	('>500', 14.207166123778503)	('>1k', 28.8885993485342)	('>5k', 0.0)	('>10k+', 27.476221498371334)
SRR19621146_2	(1.0, 8.179804560260587)	(2.0, 2.0742671009771985)	(3.0, 1.3446254071661237)	(4.0, 1.0423452768729642)	(5.0, 0.6384364820846905)	(6.0, 0.5003257328990228)	(7.0, 0.8755700325732899)	(8.0, 0.3543973941368078)	(9.0, 0.3517915309446254)	('>10', 6.076872964169381)	('>50', 2.25928338762215)	('>100', 9.959609120521172)	('>500', 13.506188925081434)	('>1k', 30.355700325732897)	('>5k', 22.480781758957654)	('>10k+', 0.0)
SRR19621147_1	(1.0, 4.642271982523211)	(2.0, 1.3905810191992605)	(3.0, 0.8948451875813973)	(4.0, 0.7730118052346343)	(5.0, 0.4831323782716464)	(6.0, 0.39070705373272274)	(7.0, 0.3970087804058312)	(8.0, 0.28567827584758226)	(9.0, 0.43481914044448183)	('>10', 4.879637020543629)	('>50', 2.926101751880015)	('>100', 10.032348863588624)	('>500', 8.639667268831658)	('>1k', 26.280300802419866)	('>5k', 0.0)	('>10k+', 37.54988866949544)
SRR19621147_2	(1.0, 8.120825106079065)	(2.0, 1.9367306642019915)	(3.0, 1.0208797210435658)	(4.0, 0.7141956896189556)	(5.0, 0.5776582783682729)	(6.0, 0.5797588539259757)	(7.0, 0.38230475150191157)	(8.0, 0.48733352938705204)	(9.0, 0.3591984203671806)	('>10', 6.205100197454103)	('>50', 2.636222324917027)	('>100', 7.954879637020544)	('>500', 8.555644246523547)	('>1k', 25.574507415031718)	('>5k', 0.0)	('>10k+', 34.89476116455909)
SRR19621148_1	(1.0, 4.99584163394774)	(2.0, 1.9070460128038993)	(3.0, 1.0676363073709456)	(4.0, 0.8742239328472237)	(5.0, 0.5899077422973522)	(6.0, 0.5686323810997427)	(7.0, 0.4603214513664584)	(8.0, 0.3713517590855463)	(9.0, 0.22629247819275478)	('>10', 5.657311954818869)	('>50', 2.9011856178558304)	('>100', 11.687909792468522)	('>500', 11.790418350966094)	('>1k', 31.07943446221689)	('>5k', 25.82248612266213)	('>10k+', 0.0)
SRR19621148_2	(1.0, 8.204552927296287)	(2.0, 2.150745604703789)	(3.0, 1.282324043092277)	(4.0, 0.9438523876757634)	(5.0, 0.7349670231901437)	(6.0, 0.5918418660425895)	(7.0, 0.5415546486664217)	(8.0, 0.6189195984759105)	(9.0, 0.38295650155696964)	('>10', 5.902945670463996)	('>50', 2.9089221128367795)	('>100', 8.570102315146123)	('>500', 14.780573661102835)	('>1k', 26.160957778078643)	('>5k', 26.22478386167147)	('>10k+', 0.0)
SRR19621149_1	(1.0, 4.091514534200423)	(2.0, 1.523152863746768)	(3.0, 1.062446133354227)	(4.0, 0.796051085168064)	(5.0, 0.517119799420199)	(6.0, 0.3478805923372248)	(7.0, 0.37295306746062834)	(8.0, 0.3259421766042467)	(9.0, 0.380788215936692)	('>10', 4.375146909033926)	('>50', 1.9932617723105852)	('>100', 12.708610828175193)	('>500', 5.909268980647183)	('>1k', 31.494162814385334)	('>5k', 9.839379456240696)	('>10k+', 24.26232077097861)
SRR19621149_2	(1.0, 6.705320065815247)	(2.0, 1.7300007835148477)	(3.0, 0.9543210843845492)	(4.0, 0.6644205907701951)	(5.0, 0.6268118780850898)	(6.0, 0.6017394029616862)	(7.0, 0.4497375225260519)	(8.0, 0.2883334639191413)	(9.0, 0.2961686123952049)	('>10', 5.924939277599311)	('>50', 2.1186241479276036)	('>100', 10.213899553396537)	('>500', 9.118545796442842)	('>1k', 26.478100760009404)	('>5k', 10.716916085559822)	('>10k+', 23.11212097469247)
SRR19621150_1	(1.0, 4.572262293734459)	(2.0, 1.631629780325915)	(3.0, 0.9185623574378892)	(4.0, 0.600045208885601)	(5.0, 0.46236360273719257)	(6.0, 0.46852845077368843)	(7.0, 0.3452314900437704)	(8.0, 0.3452314900437704)	(9.0, 0.2034399852043647)	('>10', 4.777757228284322)	('>50', 2.6714341491482236)	('>100', 11.569364815157307)	('>500', 8.047181636972649)	('>1k', 30.078293570063497)	('>5k', 0.0)	('>10k+', 33.30867394118735)
SRR19621150_2	(1.0, 8.228017179376529)	(2.0, 1.9193226886957238)	(3.0, 1.0911781024597742)	(4.0, 0.7644411565254916)	(5.0, 0.5548363232846311)	(6.0, 0.5055175389926638)	(7.0, 0.532231880484146)	(8.0, 0.29591270575180323)	(9.0, 0.29591270575180323)	('>10', 5.447670714916877)	('>50', 2.6837638452212156)	('>100', 12.520806362123174)	('>500', 5.283274767276986)	('>1k', 25.00462363602737)	('>5k', 0.0)	('>10k+', 34.87249039311181)
SRR19621151_1	(1.0, 4.217437839617981)	(2.0, 1.6507492178494978)	(3.0, 1.0744277951589)	(4.0, 0.815083154948131)	(5.0, 0.5351556067841264)	(6.0, 0.5063395356495966)	(7.0, 0.4034249958834184)	(8.0, 0.31286020088918165)	(9.0, 0.3149184916845052)	('>10', 4.752593446402107)	('>50', 1.7330808496624404)	('>100', 11.923678577309401)	('>500', 9.585460233821834)	('>1k', 38.96961962786102)	('>5k', 0.0)	('>10k+', 23.205170426477853)
SRR19621151_2	(1.0, 6.602996871397991)	(2.0, 1.7454305944343818)	(3.0, 1.2411493495801087)	(4.0, 0.7574510126790713)	(5.0, 0.6689445084801581)	(6.0, 0.4816400461057138)	(7.0, 0.46105713815247823)	(8.0, 0.37872550633953567)	(9.0, 0.4816400461057138)	('>10', 5.48740326033262)	('>50', 2.031533014984357)	('>100', 7.737115099621275)	('>500', 6.724436028322081)	('>1k', 40.87765519512597)	('>5k', 0.0)	('>10k+', 24.322822328338546)
SRR19621152_1	(1.0, 3.864247311827957)	(2.0, 1.3328853046594982)	(3.0, 0.6048387096774194)	(4.0, 0.5152329749103943)	(5.0, 0.4666965352449224)	(6.0, 0.4816308243727599)	(7.0, 0.35282258064516125)	(8.0, 0.2837514934289128)	(9.0, 0.3024193548387097)	('>10', 4.624029271206691)	('>50', 3.227673237753883)	('>100', 8.469608721624851)	('>500', 7.603419952210275)	('>1k', 18.792936081242534)	('>5k', 13.076836917562723)	('>10k+', 36.000970728793305)
SRR19621152_2	(1.0, 7.595952807646356)	(2.0, 1.8742532855436083)	(3.0, 1.064068100358423)	(4.0, 0.6197729988052568)	(5.0, 0.54136798088411)	(6.0, 0.4256272401433692)	(7.0, 0.4442951015531661)	(8.0, 0.4629629629629629)	(9.0, 0.3024193548387097)	('>10', 5.871042413381123)	('>50', 1.2003434886499402)	('>100', 12.458930704898446)	('>500', 7.151657706093189)	('>1k', 25.877389486260455)	('>5k', 0.0)	('>10k+', 34.10991636798089)
SRR19621153_1	(1.0, 4.691570951524715)	(2.0, 1.522879894315805)	(3.0, 0.7541007669443324)	(4.0, 0.609151957726322)	(5.0, 0.6513522439543503)	(6.0, 0.50640343473634)	(7.0, 0.3724633958386848)	(8.0, 0.3816373711056475)	(9.0, 0.26421048768852523)	('>10', 4.950277054053062)	('>50', 2.4898168874536717)	('>100', 8.080437415140729)	('>500', 6.739202231110784)	('>1k', 30.156691497559724)	('>5k', 0.0)	('>10k+', 37.82980441084731)
SRR19621153_2	(1.0, 9.258375839418736)	(2.0, 1.9081868555282373)	(3.0, 1.1834428094381857)	(4.0, 0.8146490037062861)	(5.0, 0.5504385160177607)	(6.0, 0.5724560566584712)	(7.0, 0.3082455689699461)	(8.0, 0.35228065025136696)	(9.0, 0.3798025760522549)	('>10', 5.484202414590291)	('>50', 2.095335950974276)	('>100', 11.381233716193902)	('>500', 1.9724046823969763)	('>1k', 29.762210561080327)	('>5k', 0.0)	('>10k+', 33.97673479872299)
SRR19621154_1	(1.0, 4.62187257701545)	(2.0, 1.6641767053083456)	(3.0, 0.9360993967359444)	(4.0, 0.642977363414588)	(5.0, 0.482233022560941)	(6.0, 0.5219463303012538)	(7.0, 0.3574197696628151)	(8.0, 0.33283534106166907)	(9.0, 0.37443975869437773)	('>10', 5.6071408309536865)	('>50', 2.8971803551504376)	('>100', 12.061498893700714)	('>500', 3.2262334764273155)	('>1k', 30.581138069933246)	('>5k', 0.0)	('>10k+', 35.692808109079216)
SRR19621154_2	(1.0, 7.9067304601070365)	(2.0, 1.7889899582064712)	(3.0, 0.9474460560903194)	(4.0, 0.7261861986800053)	(5.0, 0.6335218139526088)	(6.0, 0.4992530115925036)	(7.0, 0.23827984644187675)	(8.0, 0.36309309934000267)	(9.0, 0.3403997806312525)	('>10', 6.0269672270655645)	('>50', 2.6929404867716866)	('>100', 10.754741958055183)	('>500', 8.759621021577564)	('>1k', 19.714820628226708)	('>5k', 0.0)	('>10k+', 38.60700845326122)
SRR19621155_1	(1.0, 4.549184914388033)	(2.0, 1.6040586413996343)	(3.0, 1.1023240198455626)	(4.0, 0.7535345245644794)	(5.0, 0.48494796135337787)	(6.0, 0.5147909128212781)	(7.0, 0.4569701943522214)	(8.0, 0.3282724661469019)	(9.0, 0.3021598836124893)	('>10', 5.097549147610699)	('>50', 2.8574626030514416)	('>100', 10.795687693512889)	('>500', 8.024023575931661)	('>1k', 38.907747976274855)	('>5k', 0.0)	('>10k+', 24.22128548513448)
SRR19621155_2	(1.0, 7.744245905920096)	(2.0, 1.9323311075465361)	(3.0, 1.1191106800462565)	(4.0, 0.8281419032342299)	(5.0, 0.7087700973626291)	(6.0, 0.5147909128212781)	(7.0, 0.4178013205506025)	(8.0, 0.47748722348640277)	(9.0, 0.5203864662215093)	('>10', 5.360540157421569)	('>50', 2.989890700190249)	('>100', 9.012571343305853)	('>500', 7.415973439773193)	('>1k', 36.022307606222256)	('>5k', 0.0)	('>10k+', 24.93565113589734)
SRR19621156_1	(1.0, 4.699873649742851)	(2.0, 1.7866994109586605)	(3.0, 1.0250387058886339)	(4.0, 0.6548858398732939)	(5.0, 0.6673429074795793)	(6.0, 0.4804868933852971)	(7.0, 0.34879789297599345)	(8.0, 0.2277863790863631)	(9.0, 0.30430836581068815)	('>10', 5.694659477159076)	('>50', 3.2797679426263056)	('>100', 12.10115138896304)	('>500', 11.255850372822238)	('>1k', 35.6894986920079)	('>5k', 0.0)	('>10k+', 21.783852081220083)
SRR19621156_2	(1.0, 7.278486644243945)	(2.0, 1.9860124926592282)	(3.0, 1.1638460306443863)	(4.0, 0.8043706511487195)	(5.0, 0.7207303400779457)	(6.0, 0.6299717046607228)	(7.0, 0.48582563664513373)	(8.0, 0.37015286601534)	(9.0, 0.3843895147082377)	('>10', 6.219635897709679)	('>50', 2.5323438862491767)	('>100', 11.238054561956115)	('>500', 13.386008933497054)	('>1k', 32.28871923549196)	('>5k', 0.0)	('>10k+', 20.51145160429235)
SRR19621157_1	(1.0, 4.781414994720169)	(2.0, 1.59662090813094)	(3.0, 0.8933474128827877)	(4.0, 0.6082365364308342)	(5.0, 0.5913410770855333)	(6.0, 0.44350580781415)	(7.0, 0.4287222808870116)	(8.0, 0.2703273495248152)	(9.0, 0.45617740232312565)	('>10', 5.372756071805703)	('>50', 3.9936642027455123)	('>100', 12.810982048574445)	('>500', 9.17001055966209)	('>1k', 26.19007391763464)	('>5k', 0.0)	('>10k+', 32.39281942977825)
SRR19621157_2	(1.0, 7.624076029567053)	(2.0, 1.8416050686378038)	(3.0, 1.0073917634635692)	(4.0, 0.7265047518479408)	(5.0, 0.6019007391763463)	(6.0, 0.4815205913410771)	(7.0, 0.41393875395987323)	(8.0, 0.32101372756071805)	(9.0, 0.26610348468848993)	('>10', 6.502639915522704)	('>50', 3.300950369588173)	('>100', 11.78247096092925)	('>500', 12.276663146779303)	('>1k', 24.057022175290392)	('>5k', 0.0)	('>10k+', 28.79619852164731)
SRR19621158_1	(1.0, 4.294002028911996)	(2.0, 1.3504945472990109)	(3.0, 0.7846183109307634)	(4.0, 0.570631498858737)	(5.0, 0.4755262490489475)	(6.0, 0.31384732437230534)	(7.0, 0.29958153690083694)	(8.0, 0.2155718995688562)	(9.0, 0.2853157494293685)	('>10', 4.940717727618565)	('>50', 2.670872432158255)	('>100', 9.97178544255643)	('>500', 6.112097387775805)	('>1k', 27.483832107532336)	('>5k', 0.0)	('>10k+', 40.23110575703779)
SRR19621158_2	(1.0, 6.679558711640883)	(2.0, 1.5438752219122496)	(3.0, 0.9700735480598528)	(4.0, 0.5389297489221405)	(5.0, 0.5230788739538422)	(6.0, 0.5135683489728633)	(7.0, 0.27739031194521935)	(8.0, 0.3550595992898808)	(9.0, 0.2853157494293685)	('>10', 5.6540071011919855)	('>50', 1.9702637585594724)	('>100', 10.027263504945473)	('>500', 8.917702257164596)	('>1k', 20.29546030940908)	('>5k', 0.0)	('>10k+', 41.44845295460309)
SRR19621159_1	(1.0, 3.2012718371181323)	(2.0, 1.0682950035830638)	(3.0, 0.5528155655520026)	(4.0, 0.4408071829891785)	(5.0, 0.41852594559764905)	(6.0, 0.3251856267952956)	(7.0, 0.2697836311190601)	(8.0, 0.24087824207058936)	(9.0, 0.18427185518400088)	('>10', 4.211153866999079)	('>50', 2.1504405060851868)	('>100', 6.640410938280973)	('>500', 2.519586412058365)	('>1k', 14.115464985336537)	('>5k', 16.757899300850905)	('>10k+', 46.90320910037998)
SRR19621159_2	(1.0, 5.3035366947892015)	(2.0, 1.1911429070390644)	(3.0, 0.6521778404061207)	(4.0, 0.5106618731896494)	(5.0, 0.3823942092870606)	(6.0, 0.3251856267952956)	(7.0, 0.22762993875670695)	(8.0, 0.28423632564329543)	(9.0, 0.23304969920329524)	('>10', 5.112038492343083)	('>50', 2.0510782312310685)	('>100', 5.837684196580733)	('>500', 4.397834504603786)	('>1k', 8.304277395383568)	('>5k', 14.04019053468948)	('>10k+', 51.14688153005859)
SRR19621160_1	(1.0, 4.811331193980303)	(2.0, 1.6421378776142526)	(3.0, 0.9361513776695807)	(4.0, 0.7613145955516212)	(5.0, 0.5200840987053226)	(6.0, 0.42491977426136995)	(7.0, 0.43377226955848175)	(8.0, 0.38950979307292244)	(9.0, 0.29877171627752575)	('>10', 5.774040057541219)	('>50', 3.560916233263251)	('>100', 11.39537457120726)	('>500', 10.05422153369481)	('>1k', 29.253070709306183)	('>5k', 0.0)	('>10k+', 29.744384198295894)
SRR19621160_2	(1.0, 9.11807015602523)	(2.0, 2.0405001659842865)	(3.0, 1.0954962930175944)	(4.0, 0.7613145955516212)	(5.0, 0.6528715281620007)	(6.0, 0.6108221755007193)	(7.0, 0.5112316034082106)	(8.0, 0.5842646896093836)	(9.0, 0.4381985172070378)	('>10', 6.491092176607281)	('>50', 1.8700896315148832)	('>100', 16.638264910921766)	('>500', 8.217328759544095)	('>1k', 9.35708752904725)	('>5k', 12.015049242005091)	('>10k+', 29.59831802589355)
SRR19621161_1	(1.0, 4.92682483410599)	(2.0, 1.4453231524406873)	(3.0, 1.104445050449959)	(4.0, 0.836287610217253)	(5.0, 0.5681301699845469)	(6.0, 0.47722934278701934)	(7.0, 0.44541405326788475)	(8.0, 0.25452231615307697)	(9.0, 0.24543223343332427)	('>10', 4.942732478865558)	('>50', 2.515680392691573)	('>100', 13.614671393509681)	('>500', 4.4973184255976735)	('>1k', 27.254340514498683)	('>5k', 12.923825106808472)	('>10k+', 23.947822925188618)
SRR19621161_2	(1.0, 8.553767839287337)	(2.0, 2.0270884465048633)	(3.0, 1.3430597218434688)	(4.0, 0.8817380238160166)	(5.0, 0.715844014180529)	(6.0, 0.5044995909462776)	(7.0, 0.5249522770657213)	(8.0, 0.436323970548132)	(9.0, 0.36814835014998637)	('>10', 4.979092809744569)	('>50', 2.308881010817198)	('>100', 11.858012907917463)	('>500', 11.212617034815016)	('>1k', 30.519952731569855)	('>5k', 0.0)	('>10k+', 23.766021270793562)
SRR19621162_1	(1.0, 5.473544913185334)	(2.0, 2.0306189965547925)	(3.0, 1.2183713979328756)	(4.0, 0.7848684660840997)	(5.0, 0.7529261447899792)	(6.0, 0.5475826507563486)	(7.0, 0.5909329439412261)	(8.0, 0.4380661206050789)	(9.0, 0.5954961326975291)	('>10', 6.121517716580346)	('>50', 2.6283967236304733)	('>100', 13.08722535307673)	('>500', 8.793264733395697)	('>1k', 38.76657007917132)	('>5k', 18.170617627598165)	('>10k+', 0.0)
SRR19621162_2	(1.0, 8.759040817723426)	(2.0, 2.304410321932967)	(3.0, 1.5400762052522303)	(4.0, 0.7483629560336763)	(5.0, 0.7643341166807366)	(6.0, 0.5886513495630746)	(7.0, 0.6548175865294669)	(8.0, 0.4198133655798672)	(9.0, 0.3490839398571722)	('>10', 5.710830728513085)	('>50', 3.3379725752355744)	('>100', 10.940245043236214)	('>500', 11.738803075589221)	('>1k', 39.46245636450752)	('>5k', 12.681101553765773)	('>10k+', 0.0)
SRR19621163_1	(1.0, 4.064925678011376)	(2.0, 1.5524339272807266)	(3.0, 0.9569152446497596)	(4.0, 0.6536563904339902)	(5.0, 0.6599415480343169)	(6.0, 0.5845196568303951)	(7.0, 0.3849659030200182)	(8.0, 0.439961032022878)	(9.0, 0.18384085980955972)	('>10', 5.204110493070614)	('>50', 1.968825618302379)	('>100', 10.023255083121208)	('>500', 6.550705508940637)	('>1k', 26.43694415637472)	('>5k', 20.437761226862765)	('>10k+', 19.897237673234656)
SRR19621163_2	(1.0, 6.677979950347256)	(2.0, 1.662424185286446)	(3.0, 1.0841896860563778)	(4.0, 0.8170704880424876)	(5.0, 0.7149366770371767)	(6.0, 0.4713868200245121)	(7.0, 0.5719493416297414)	(8.0, 0.4525313472235316)	(9.0, 0.3959649288205902)	('>10', 5.186826309669715)	('>50', 1.9468275667012351)	('>100', 11.916658810219666)	('>500', 3.2462839005688067)	('>1k', 36.141227491279345)	('>5k', 8.415826026837623)	('>10k+', 20.29791647025549)
SRR19621164_1	(1.0, 5.207356181417571)	(2.0, 1.7975959335936647)	(3.0, 1.0864111346233556)	(4.0, 0.8464408036824538)	(5.0, 0.6435567966142368)	(6.0, 0.6021073758153538)	(7.0, 0.4733960164925064)	(8.0, 0.4014049172102358)	(9.0, 0.4123126595257314)	('>10', 5.340430637666616)	('>50', 2.757477257357272)	('>100', 8.809092693994197)	('>500', 2.831649905102642)	('>1k', 31.505922904077316)	('>5k', 37.284844782826845)	('>10k+', 0.0)
SRR19621164_2	(1.0, 11.210977551866314)	(2.0, 2.5393224110473613)	(3.0, 1.3874648225310326)	(4.0, 1.0035122930255895)	(5.0, 0.8944348698706343)	(6.0, 0.6937324112655163)	(7.0, 0.5802918911843626)	(8.0, 0.43630969261982155)	(9.0, 0.5693841488688671)	('>10', 5.8051004603067256)	('>50', 2.351709243220838)	('>100', 8.366238355985079)	('>500', 4.498352930910361)	('>1k', 42.17151334016885)	('>5k', 17.491655577128647)	('>10k+', 0.0)
SRR19621165_1	(1.0, 5.09578781220018)	(2.0, 1.7300609699483147)	(3.0, 0.9424035158305221)	(4.0, 0.8232490483117204)	(5.0, 0.7350437931354646)	(6.0, 0.41781436662436944)	(7.0, 0.4874500943950977)	(8.0, 0.5075670824177525)	(9.0, 0.4874500943950977)	('>10', 5.60954473708644)	('>50', 2.308811240753923)	('>100', 7.386029525548575)	('>500', 10.352511528581598)	('>1k', 27.000092847637024)	('>5k', 20.60289065643279)	('>10k+', 15.513292686701124)
SRR19621165_2	(1.0, 8.713750735043794)	(2.0, 2.0116988022654825)	(3.0, 1.1327411717371794)	(4.0, 0.878957630528303)	(5.0, 0.6654080653647364)	(6.0, 0.6127944043824085)	(7.0, 0.6282690105536815)	(8.0, 0.48280771254371574)	(9.0, 0.4595958032868063)	('>10', 5.1979202129305815)	('>50', 1.5397233140416575)	('>100', 11.393952523908267)	('>500', 6.612299216984928)	('>1k', 30.272972052861252)	('>5k', 29.39710934356721)	('>10k+', 0.0)
SRR19621166_1	(1.0, 4.610230873698506)	(2.0, 1.5608872793119057)	(3.0, 0.9343594386600271)	(4.0, 0.6808510638297872)	(5.0, 0.48890900860117703)	(6.0, 0.41285649615210507)	(7.0, 0.4056133997283839)	(8.0, 0.3186962426437302)	(9.0, 0.4074241738343142)	('>10', 5.186057039384337)	('>50', 2.2580353100950656)	('>100', 11.165233137166139)	('>500', 4.105024898143957)	('>1k', 21.4051607062019)	('>5k', 0.0)	('>10k+', 46.060660932548664)
SRR19621166_2	(1.0, 9.140787686736079)	(2.0, 2.100497962879131)	(3.0, 1.3091896785875963)	(4.0, 0.9488456315074695)	(5.0, 0.7605251244907199)	(6.0, 0.6627433227704844)	(7.0, 0.48166591217745586)	(8.0, 0.463558171118153)	(9.0, 0.3911272068809416)	('>10', 5.115436849253055)	('>50', 2.533272974196469)	('>100', 10.678134902670893)	('>500', 8.802172928927117)	('>1k', 36.40923494794024)	('>5k', 0.0)	('>10k+', 20.202806699864194)
SRR19621167_1	(1.0, 4.623607444136776)	(2.0, 1.700045076952798)	(3.0, 0.9916929615557988)	(4.0, 0.9616416596904716)	(5.0, 0.6761542919698629)	(6.0, 0.46364865735076305)	(7.0, 0.510872131710563)	(8.0, 0.4808208298452358)	(9.0, 0.3477364930130723)	('>10', 4.8704574237448215)	('>50', 3.1832914761628777)	('>100', 10.017816128963016)	('>500', 8.489492776954945)	('>1k', 30.768240066971476)	('>5k', 31.914482580977527)	('>10k+', 0.0)
SRR19621167_2	(1.0, 7.873441088715737)	(2.0, 2.23667546740507)	(3.0, 1.358748148625153)	(4.0, 0.8586086247236353)	(5.0, 0.8371434091055445)	(6.0, 0.7469895035095627)	(7.0, 0.5709747354412176)	(8.0, 0.4464764848562903)	(9.0, 0.27046171678794517)	('>10', 5.720479962221221)	('>50', 1.575546826367871)	('>100', 11.086783866743941)	('>500', 10.176658724536889)	('>1k', 42.15124390924507)	('>5k', 14.089767531714855)	('>10k+', 0.0)
SRR19621168_1	(1.0, 5.203862660944206)	(2.0, 2.245554874310239)	(3.0, 1.1610974862047823)	(4.0, 0.8890251379521766)	(5.0, 0.7472409564684244)	(6.0, 0.413856529736358)	(7.0, 0.576716738197425)	(8.0, 0.4291845493562232)	(9.0, 0.27590435315757206)	('>10', 6.3860361741263025)	('>50', 2.707311465358676)	('>100', 21.037706928264868)	('>500', 11.978847332924586)	('>1k', 25.06897608828939)	('>5k', 20.87867872470877)	('>10k+', 0.0)
SRR19621168_2	(1.0, 8.66033108522379)	(2.0, 2.3720110361741265)	(3.0, 1.3967657878602084)	(4.0, 1.01931330472103)	(5.0, 0.7951410177805028)	(6.0, 0.7127529123237277)	(7.0, 0.6035407725321889)	(8.0, 0.6284488044144696)	(9.0, 0.29314837522992027)	('>10', 6.131207847946046)	('>50', 3.973789086450031)	('>100', 21.59334763948498)	('>500', 7.382357449417536)	('>1k', 33.779123237277744)	('>5k', 10.658721643163704)	('>10k+', 0.0)
SRR19621169_1	(1.0, 5.5925036231164755)	(2.0, 2.3664410077226976)	(3.0, 1.405570665660797)	(4.0, 0.8496952611621765)	(5.0, 0.5558754044986203)	(6.0, 0.5241110956701277)	(7.0, 0.44470032359889616)	(8.0, 0.34940739711341845)	(9.0, 0.37521589803656863)	('>10', 6.176172797840027)	('>50', 3.50797085624665)	('>100', 20.073057910305533)	('>500', 12.552857795159914)	('>1k', 45.226419963868096)	('>5k', 0.0)	('>10k+', 0.0)
SRR19621169_2	(1.0, 7.814019971809176)	(2.0, 2.596732246729269)	(3.0, 1.6795378293065453)	(4.0, 1.0005757280975165)	(5.0, 0.6948442556232752)	(6.0, 0.5717575589128665)	(7.0, 0.5141847491612237)	(8.0, 0.4764646324273888)	(9.0, 0.37521589803656863)	('>10', 5.6560322407734605)	('>50', 4.419209465764031)	('>100', 18.534474201425425)	('>500', 9.195767405848605)	('>1k', 46.471183816084654)	('>5k', 0.0)	('>10k+', 0.0)
SRR19621170_1	(1.0, 5.856477765291379)	(2.0, 2.2539733504575374)	(3.0, 1.2522074169208541)	(4.0, 0.8733344035960828)	(5.0, 0.6822925028094398)	(6.0, 0.4912506020227966)	(7.0, 0.5281746668807192)	(8.0, 0.4623535077861615)	(9.0, 0.317868036602986)	('>10', 6.09407609568149)	('>50', 3.9556911221704927)	('>100', 18.39781666399101)	('>500', 8.751003371327661)	('>1k', 39.988762241130196)	('>5k', 10.094718253331193)	('>10k+', 0.0)
SRR19621170_2	(1.0, 9.558516615829186)	(2.0, 2.5975276930486433)	(3.0, 1.5748916358966125)	(4.0, 1.2008348049446138)	(5.0, 0.8026970621287526)	(6.0, 0.6742655321881521)	(7.0, 0.5618879434901268)	(8.0, 0.603628190720822)	(9.0, 0.33231658372130357)	('>10', 5.736073205972066)	('>50', 3.5206293144967087)	('>100', 15.795472788569596)	('>500', 13.154599454165997)	('>1k', 34.94621929683737)	('>5k', 8.940439877990046)	('>10k+', 0.0)
SRR19621171_1	(1.0, 5.437159189694687)	(2.0, 1.996786175285161)	(3.0, 1.454123969336951)	(4.0, 0.7059877242433024)	(5.0, 0.7771133531782619)	(6.0, 0.5057822502041569)	(7.0, 0.5531993361607966)	(8.0, 0.35826242722794444)	(9.0, 0.331919601696478)	('>10', 5.821764442454098)	('>50', 4.0936750875898955)	('>100', 20.381444113695636)	('>500', 14.912673533363188)	('>1k', 19.664919259239745)	('>5k', 23.0051895366297)	('>10k+', 0.0)
SRR19621171_2	(1.0, 7.597270883274939)	(2.0, 2.1601116935802533)	(3.0, 1.4146097310397514)	(4.0, 0.821896156581755)	(5.0, 0.7507705276467954)	(6.0, 0.6006164221174363)	(7.0, 0.7191591370090356)	(8.0, 0.6533020731803694)	(9.0, 0.3556281446747978)	('>10', 6.717420510523958)	('>50', 3.2954874739864595)	('>100', 19.765021996259318)	('>500', 8.089881720713365)	('>1k', 23.811279997892573)	('>5k', 23.24754353151919)	('>10k+', 0.0)
SRR19621172_1	(1.0, 4.792386701066056)	(2.0, 1.6209901182884683)	(3.0, 0.861607360171348)	(4.0, 0.652290317869834)	(5.0, 0.5719709876843694)	(6.0, 0.4235019227960862)	(7.0, 0.5111230102711386)	(8.0, 0.23365623326680623)	(9.0, 0.3285790780314462)	('>10', 5.539599863700531)	('>50', 4.14983205958234)	('>100', 12.2231417027698)	('>500', 7.766635837024777)	('>1k', 19.680669814535364)	('>5k', 0.0)	('>10k+', 40.644014992941635)
SRR19621172_2	(1.0, 8.669619821837122)	(2.0, 2.132113128559607)	(3.0, 1.336221583994548)	(4.0, 0.8470038455921725)	(5.0, 0.5963101786496617)	(6.0, 0.5111230102711386)	(7.0, 0.5111230102711386)	(8.0, 0.42836976098914475)	(9.0, 0.3942948936377355)	('>10', 6.593486832497687)	('>50', 2.1296792094630774)	('>100', 13.695662756169986)	('>500', 10.3830988657937)	('>1k', 20.276979993185027)	('>5k', 0.0)	('>10k+', 31.49491310908825)
SRR19621173_1	(1.0, 5.4835924006908465)	(2.0, 2.0309601484040174)	(3.0, 1.1274227595471118)	(4.0, 0.9467152817757307)	(5.0, 0.623680675494147)	(6.0, 0.5757052389176741)	(7.0, 0.38060513017335124)	(8.0, 0.37101004285805667)	(9.0, 0.38860103626943004)	('>10', 6.382332245890105)	('>50', 2.1636921895989256)	('>100', 19.302117315934243)	('>500', 6.633403697306979)	('>1k', 32.928740484871746)	('>5k', 0.0)	('>10k+', 20.661421352267638)
SRR19621173_2	(1.0, 9.591888952856138)	(2.0, 2.4787308897844302)	(3.0, 1.496833621185953)	(4.0, 0.8443676837459221)	(5.0, 0.751615173031408)	(6.0, 0.6620610247553252)	(7.0, 0.5373248896564959)	(8.0, 0.5501183394102219)	(9.0, 0.5181347150259068)	('>10', 6.8396980745858125)	('>50', 2.7937695899699353)	('>100', 13.56425510138809)	('>500', 11.50770805347662)	('>1k', 28.91959316829783)	('>5k', 0.0)	('>10k+', 18.943900722829913)
SRR19621174_1	(1.0, 5.437068742850817)	(2.0, 1.9408877901184458)	(3.0, 1.2398066492011366)	(4.0, 0.7748791557507103)	(5.0, 0.7010811409173093)	(6.0, 0.5756245157005278)	(7.0, 0.37452492527951)	(8.0, 0.3542304712003247)	(9.0, 0.4981366001254566)	('>10', 6.4757758016309355)	('>50', 3.558909265340762)	('>100', 18.28161322460426)	('>500', 12.184052248994503)	('>1k', 30.622486255119735)	('>5k', 16.980923213165568)	('>10k+', 0.0)
SRR19621174_2	(1.0, 8.012619460536511)	(2.0, 2.1327626286852883)	(3.0, 1.3228294158887126)	(4.0, 0.9077155824508321)	(5.0, 0.7103058927714845)	(6.0, 0.75273975130069)	(7.0, 0.38743957787535516)	(8.0, 0.30995166230028415)	(9.0, 0.448322940112911)	('>10', 6.45548134755175)	('>50', 1.9538024427142908)	('>100', 17.61005128962031)	('>500', 10.344636729271983)	('>1k', 31.57817054721228)	('>5k', 17.073170731707318)	('>10k+', 0.0)
SRR19621175_1	(1.0, 4.382491802386492)	(2.0, 1.5211505231506046)	(3.0, 0.7877872566227193)	(4.0, 0.6204334870811054)	(5.0, 0.42178592323496195)	(6.0, 0.3918527286828034)	(7.0, 0.3333469393308571)	(8.0, 0.1632719702845014)	(9.0, 0.17143556879872646)	('>10', 5.496822999578214)	('>50', 2.02865423078493)	('>100', 12.374654747812835)	('>500', 6.367606841095555)	('>1k', 21.49475488795461)	('>5k', 6.830210756901642)	('>10k+', 36.61373933629944)
SRR19621175_2	(1.0, 7.894199763255644)	(2.0, 1.9647060424235003)	(3.0, 1.0857586023919343)	(4.0, 0.6639726791569724)	(5.0, 0.48301291209165)	(6.0, 0.47348871382505403)	(7.0, 0.5333551029293713)	(8.0, 0.315659142550036)	(9.0, 0.3061349442834401)	('>10', 6.739050573492795)	('>50', 1.6463257003687226)	('>100', 10.136468155162797)	('>500', 7.615276814019619)	('>1k', 23.317958556131543)	('>5k', 0.0)	('>10k+', 36.82463229791692)
SRR19621176_1	(1.0, 4.424386437792595)	(2.0, 1.560505036175344)	(3.0, 1.0852603206128528)	(4.0, 0.8228117463469995)	(5.0, 0.5408568591289545)	(6.0, 0.39367286139877994)	(7.0, 0.3475670307845084)	(8.0, 0.2837281883955171)	(9.0, 0.2872747907504611)	('>10', 4.988296212228685)	('>50', 3.0092920981699534)	('>100', 11.088452262732302)	('>500', 3.4792169102000283)	('>1k', 42.3038728897716)	('>5k', 0.0)	('>10k+', 25.38480635551142)
SRR19621176_2	(1.0, 7.843311107958575)	(2.0, 2.0180167399631155)	(3.0, 1.2235778124556675)	(4.0, 0.8511845651865514)	(5.0, 0.7181869768761526)	(6.0, 0.5319903532415946)	(7.0, 0.4716981132075472)	(8.0, 0.3972194637537239)	(9.0, 0.3830330543339481)	('>10', 5.461767626613704)	('>50', 2.787629450985955)	('>100', 9.852461342034331)	('>500', 2.131508015321322)	('>1k', 35.39154489998582)	('>5k', 8.964037452120868)	('>10k+', 20.97283302596113)
SRR19621177_1	(1.0, 5.020139684416688)	(2.0, 1.7700750157052585)	(3.0, 1.097520416836037)	(4.0, 0.7612431174014265)	(5.0, 0.6282103396031189)	(6.0, 0.4434425926610251)	(7.0, 0.4268134954362367)	(8.0, 0.31040981486271757)	(9.0, 0.3492110417205573)	('>10', 5.585528990059496)	('>50', 3.5216732567163076)	('>100', 12.4514984664277)	('>500', 8.606481652562728)	('>1k', 37.809024056760656)	('>5k', 0.0)	('>10k+', 21.21872805883005)
SRR19621177_2	(1.0, 8.761686559994088)	(2.0, 1.9770148922804036)	(3.0, 1.1751228705517165)	(4.0, 0.7981966667898452)	(5.0, 0.776024537156794)	(6.0, 0.5210450463767045)	(7.0, 0.6466871142973283)	(8.0, 0.4582240124163926)	(9.0, 0.5487602084180185)	('>10', 5.975388936107313)	('>50', 3.028343372380917)	('>100', 11.134104430730572)	('>500', 10.319278666715938)	('>1k', 33.81249769040316)	('>5k', 0.0)	('>10k+', 20.067624995380807)
SRR19621178_1	(1.0, 5.0863938963273245)	(2.0, 1.783977859226569)	(3.0, 1.1724885930136884)	(4.0, 0.6582392101129478)	(5.0, 0.6077492707008751)	(6.0, 0.4039195152965817)	(7.0, 0.48432941880469743)	(8.0, 0.4637594434886678)	(9.0, 0.4375794749046301)	('>10', 5.5034033959159245)	('>50', 2.9545964544842547)	('>100', 11.393896327324407)	('>500', 11.216246540504152)	('>1k', 32.09103149076221)	('>5k', 0.0)	('>10k+', 25.742389109133068)
SRR19621178_2	(1.0, 8.332710000748)	(2.0, 2.038297554042935)	(3.0, 1.1724885930136884)	(4.0, 0.8302790036651957)	(5.0, 0.747999102401077)	(6.0, 0.5385593537287755)	(7.0, 0.39269952876056546)	(8.0, 0.47871942553668934)	(9.0, 0.35342957588450896)	('>10', 6.086842695788765)	('>50', 2.915326501608198)	('>100', 9.961478046226345)	('>500', 4.336524796170244)	('>1k', 34.838058194330166)	('>5k', 0.0)	('>10k+', 26.976587628094844)
SRR19621179_1	(1.0, 4.812579415501906)	(2.0, 1.8605917589399164)	(3.0, 1.1844254855690688)	(4.0, 0.8349972771827918)	(5.0, 0.5899437284443637)	(6.0, 0.4220366672717372)	(7.0, 0.44472681067344344)	(8.0, 0.49010709747685605)	(9.0, 0.4696859684153204)	('>10', 5.089399165002723)	('>50', 4.2725540025412965)	('>100', 14.308404429115992)	('>500', 8.556453076783445)	('>1k', 33.75612633871846)	('>5k', 0.0)	('>10k+', 22.90796877836268)
SRR19621179_2	(1.0, 7.710110727899801)	(2.0, 2.055726992194591)	(3.0, 1.2593029587946996)	(4.0, 0.9529860228716646)	(5.0, 0.6466690869486296)	(6.0, 0.44926483935378475)	(7.0, 0.6353240152477764)	(8.0, 0.435650753312761)	(9.0, 0.4696859684153204)	('>10', 5.892630241423126)	('>50', 3.5895806861499366)	('>100', 12.191414049736794)	('>500', 9.69322926120893)	('>1k', 32.5172445089853)	('>5k', 21.50117988745689)	('>10k+', 0.0)
SRR19621180_1	(1.0, 3.6268791081404386)	(2.0, 1.1542872646104898)	(3.0, 0.6918324310325691)	(4.0, 0.40942667932765237)	(5.0, 0.36996386686233645)	(6.0, 0.37736314419958317)	(7.0, 0.2417097263500598)	(8.0, 0.25650828102455325)	(9.0, 0.23307723612327197)	('>10', 4.771300669634599)	('>50', 2.609478474269013)	('>100', 6.951621058343302)	('>500', 5.232522290322978)	('>1k', 11.574936181232966)	('>5k', 17.38583531675073)	('>10k+', 44.11325827177546)
SRR19621180_2	(1.0, 6.820900492051943)	(2.0, 1.452724783879441)	(3.0, 0.843517616446127)	(4.0, 0.5919421869797383)	(5.0, 0.4686208980256261)	(6.0, 0.4587551949092972)	(7.0, 0.3625645895250897)	(8.0, 0.345299609071514)	(9.0, 0.26637398414088226)	('>10', 5.485330932678909)	('>50', 2.6649730542983634)	('>100', 7.580559632009273)	('>500', 3.920383775851225)	('>1k', 12.825414051227662)	('>5k', 22.449407441206574)	('>10k+', 33.46323175769833)
SRR19621181_1	(1.0, 2.618679488922115)	(2.0, 1.0801787413347832)	(3.0, 0.5957336550224277)	(4.0, 0.3848375696615468)	(5.0, 0.30795500883512306)	(6.0, 0.26123080059806986)	(7.0, 0.23340865842055186)	(8.0, 0.1733043360065244)	(9.0, 0.17203003941824113)	('>10', 3.693761043903765)	('>50', 1.9447889764849804)	('>100', 4.446020796520321)	('>500', 2.876299782520049)	('>1k', 9.562109215712926)	('>5k', 12.792663449775723)	('>10k+', 58.85699843686285)
SRR19621181_2	(1.0, 8.684756014679897)	(2.0, 1.8817112953649586)	(3.0, 1.0200744189207558)	(4.0, 0.6728285986135653)	(5.0, 0.5001614109011825)	(6.0, 0.42434076389832814)	(7.0, 0.3345028544243578)	(8.0, 0.285442435775452)	(9.0, 0.31156551583525893)	('>10', 5.027737189071632)	('>50', 2.418614924561642)	('>100', 6.571335123012097)	('>500', 2.7943200353404922)	('>1k', 8.957030719043088)	('>5k', 6.285255538942504)	('>10k+', 53.83032316161479)
SRR19621182_1	(1.0, 4.443177448653522)	(2.0, 1.500948036966812)	(3.0, 0.9825110383325156)	(4.0, 0.6311406939895782)	(5.0, 0.5303703310836791)	(6.0, 0.4216444132115249)	(7.0, 0.46407403969821925)	(8.0, 0.38186663838024903)	(9.0, 0.3699333059308662)	('>10', 5.562258847240085)	('>50', 2.7844442381893155)	('>100', 8.961932669486469)	('>500', 9.050769699942986)	('>1k', 29.71134594730771)	('>5k', 8.741828982086743)	('>10k+', 25.461753669499725)
SRR19621182_2	(1.0, 7.220992057704293)	(2.0, 1.694533207812355)	(3.0, 0.9665999284000052)	(4.0, 0.7690369800713348)	(5.0, 0.5568888476378631)	(6.0, 0.4693777430090561)	(7.0, 0.45479255890425485)	(8.0, 0.41368885824526974)	(9.0, 0.2983333112345696)	('>10', 6.379029157108951)	('>50', 1.9371776342831382)	('>100', 7.335021678887283)	('>500', 9.703125207175912)	('>1k', 18.220872724379795)	('>5k', 17.27416168339543)	('>10k+', 26.306368421750488)
SRR19621183_1	(1.0, 4.933067864102346)	(2.0, 1.7622638312293486)	(3.0, 1.226383122934847)	(4.0, 0.6100144031178514)	(5.0, 0.5824790307548928)	(6.0, 0.4193849021435228)	(7.0, 0.50410912479878)	(8.0, 0.45751080233838853)	(9.0, 0.26688130136405996)	('>10', 5.8904515801067525)	('>50', 3.314835211386936)	('>100', 9.669151910531221)	('>500', 12.702279081589426)	('>1k', 26.751673303397443)	('>5k', 0.0)	('>10k+', 30.909514530204184)
SRR19621183_2	(1.0, 7.436668643565195)	(2.0, 1.8851139540794715)	(3.0, 0.9849190883673642)	(4.0, 0.8557146488180971)	(5.0, 0.6460221977463357)	(6.0, 0.5591798695246971)	(7.0, 0.4448021689401)	(8.0, 0.5252901804625942)	(9.0, 0.4384478522409557)	('>10', 5.680759129034991)	('>50', 3.0712530712530715)	('>100', 7.275692620520206)	('>500', 11.660171142929764)	('>1k', 24.546725408794373)	('>5k', 0.0)	('>10k+', 33.989240023722786)
SRR19621184_1	(1.0, 5.524669909659486)	(2.0, 1.7218747587058916)	(3.0, 1.1582117211026175)	(4.0, 0.9034051424600417)	(5.0, 0.5887576248938307)	(6.0, 0.46328468844104703)	(7.0, 0.3783491622268551)	(8.0, 0.4478418654930121)	(9.0, 0.45170257123002083)	('>10', 6.638483514786503)	('>50', 3.372326461277121)	('>100', 11.935371785962474)	('>500', 10.533935603428308)	('>1k', 29.113581962782796)	('>5k', 0.0)	('>10k+', 26.768203227549996)
SRR19621184_2	(1.0, 8.82750366767045)	(2.0, 2.0886418037217203)	(3.0, 1.2682418346073663)	(4.0, 0.9111265539340592)	(5.0, 0.6756235039765269)	(6.0, 0.4748668056520732)	(7.0, 0.49996139294262987)	(8.0, 0.4169562195969423)	(9.0, 0.4169562195969423)	('>10', 6.211875530847038)	('>50', 1.8801636939232491)	('>100', 13.226777854991893)	('>500', 7.866187939155278)	('>1k', 27.44382673152652)	('>5k', 0.0)	('>10k+', 27.791290247857308)
SRR19621185_1	(1.0, 7.695542472666106)	(2.0, 3.3010933557611435)	(3.0, 1.3246425567703952)	(4.0, 1.2195121951219512)	(5.0, 0.9461732548359966)	(6.0, 0.5046257359125316)	(7.0, 0.5887300252312868)	(8.0, 0.8410428931875525)	(9.0, 0.37846930193439865)	('>10', 8.862489486963836)	('>50', 7.474768713204373)	('>100', 30.46677880571909)	('>500', 16.20058873002523)	('>1k', 20.195542472666105)	('>5k', 0.0)	('>10k+', 0.0)
SRR19621185_2	(1.0, 11.669470142977293)	(2.0, 3.280067283431455)	(3.0, 1.8292682926829267)	(4.0, 0.9671993271656856)	(5.0, 0.5256518082422204)	(6.0, 0.4415475189234651)	(7.0, 1.1038687973086627)	(8.0, 0.6728343145500421)	(9.0, 0.37846930193439865)	('>10', 9.976871320437343)	('>50', 3.637510513036165)	('>100', 34.10428931875526)	('>500', 0.0)	('>1k', 31.41295206055509)	('>5k', 0.0)	('>10k+', 0.0)
SRR19621186_1	(1.0, 4.544912796472131)	(2.0, 1.4182988359620197)	(3.0, 0.6495570299153788)	(4.0, 0.7389456120138255)	(5.0, 0.5760597513011004)	(6.0, 0.4886575821381749)	(7.0, 0.26419292042429776)	(8.0, 0.3019347661991975)	(9.0, 0.2681657462953399)	('>10', 4.864725279091017)	('>50', 2.369790632076596)	('>100', 9.671844583051925)	('>500', 7.164991458424377)	('>1k', 26.97548766437567)	('>5k', 0.0)	('>10k+', 39.70243534225895)
SRR19621186_2	(1.0, 7.325890906201581)	(2.0, 1.7440705573874697)	(3.0, 0.7508640896269516)	(4.0, 0.6992173533034047)	(5.0, 0.5263994279130746)	(6.0, 0.36947280600691274)	(7.0, 0.5005760597513012)	(8.0, 0.23836955226252432)	(9.0, 0.3217988955544078)	('>10', 5.951293154821024)	('>50', 1.6248857812562074)	('>100', 9.763219578085893)	('>500', 4.076119343689166)	('>1k', 21.844583051924836)	('>5k', 0.0)	('>10k+', 44.263239442215244)
SRR19621187_1	(1.0, 4.463068409655946)	(2.0, 1.6160076990937526)	(3.0, 0.950356885074986)	(4.0, 0.6576309246932392)	(5.0, 0.4811933595316385)	(6.0, 0.5533723634613842)	(7.0, 0.4210441895901837)	(8.0, 0.36891490897425616)	(9.0, 0.32480551768385596)	('>10', 4.320715374127837)	('>50', 1.958857967760045)	('>100', 10.010826850589462)	('>500', 5.812414788675916)	('>1k', 34.52361857406368)	('>5k', 0.0)	('>10k+', 33.53717218702382)
SRR19621187_2	(1.0, 7.15574625070174)	(2.0, 1.611997754430989)	(3.0, 1.0225358890047318)	(4.0, 0.7378298179485123)	(5.0, 0.46114363621782023)	(6.0, 0.49322319351992944)	(7.0, 0.30876573903280136)	(8.0, 0.4811933595316385)	(9.0, 0.19849226080680088)	('>10', 5.7302109230892615)	('>50', 1.890688908493063)	('>100', 9.222872724356405)	('>500', 4.593391611195766)	('>1k', 27.947309327131286)	('>5k', 0.0)	('>10k+', 38.14459860453926)
SRR19621188_1	(1.0, 4.737793851717902)	(2.0, 1.4466546112115732)	(3.0, 0.8788426763110307)	(4.0, 0.6075949367088608)	(5.0, 0.6871609403254972)	(6.0, 0.8462929475587704)	(7.0, 0.3037974683544304)	(8.0, 0.433996383363472)	(9.0, 0.488245931283906)	('>10', 6.575045207956601)	('>50', 4.864376130198915)	('>100', 11.86618444846293)	('>500', 7.76130198915009)	('>1k', 9.113924050632912)	('>5k', 0.0)	('>10k+', 49.38878842676311)
SRR19621188_2	(1.0, 8.784810126582277)	(2.0, 1.952983725135624)	(3.0, 0.8462929475587704)	(4.0, 0.7522603978300181)	(5.0, 0.4159132007233273)	(6.0, 0.4773960216998192)	(7.0, 0.3037974683544304)	(8.0, 0.2603978300180832)	(9.0, 0.4231464737793852)	('>10', 6.386980108499096)	('>50', 5.291139240506329)	('>100', 15.537070524412297)	('>500', 5.905967450271247)	('>1k', 3.9312839059674505)	('>5k', 0.0)	('>10k+', 48.730560578661844)
SRR19621189_1	(1.0, 6.057879742090268)	(2.0, 2.2742040285899936)	(3.0, 1.282051282051282)	(4.0, 0.8696956065377117)	(5.0, 0.699755085719998)	(6.0, 0.47983205877942714)	(7.0, 0.4198530514319988)	(8.0, 0.3398810416354276)	(9.0, 0.22492127755285649)	('>10', 6.155345629029839)	('>50', 2.948967861248563)	('>100', 14.329984505423102)	('>500', 8.914379967011547)	('>1k', 33.43579747088519)	('>5k', 21.567451392012796)	('>10k+', 0.0)
SRR19621189_2	(1.0, 9.824061578447543)	(2.0, 2.4541410506322787)	(3.0, 1.566951566951567)	(4.0, 0.9696606187834258)	(5.0, 0.8871894836807118)	(6.0, 0.6447743289848553)	(7.0, 0.47233468286099867)	(8.0, 0.5598040685759984)	(9.0, 0.33738191632928477)	('>10', 5.820462838006698)	('>50', 1.871844854300995)	('>100', 9.47918228619983)	('>500', 14.027590343379817)	('>1k', 33.728195131703906)	('>5k', 17.356425251162094)	('>10k+', 0.0)
SRR19621190_1	(1.0, 5.043635505936002)	(2.0, 1.8201116439971694)	(3.0, 1.1262677883481407)	(4.0, 0.8412611054328171)	(5.0, 0.5896689991351521)	(6.0, 0.5307020992216369)	(7.0, 0.4402861860209136)	(8.0, 0.2987656262284771)	(9.0, 0.406871609403255)	('>10', 5.660822391697461)	('>50', 3.3571821684094663)	('>100', 14.201195062504915)	('>500', 10.509867127918863)	('>1k', 30.33650444217313)	('>5k', 0.0)	('>10k+', 24.836858243572607)
SRR19621190_2	(1.0, 7.982152684959509)	(2.0, 2.2407421967135783)	(3.0, 1.2500982781665224)	(4.0, 0.8962968786854313)	(5.0, 0.5503577325261421)	(6.0, 0.5896689991351521)	(7.0, 0.4540451293340671)	(8.0, 0.3616636528028933)	(9.0, 0.26535104961081846)	('>10', 5.93207013129963)	('>50', 2.6102681028382735)	('>100', 12.424325811777656)	('>500', 10.663181067694001)	('>1k', 27.33705479990565)	('>5k', 0.0)	('>10k+', 26.442723484550672)
SRR19621191_1	(1.0, 4.467087833706949)	(2.0, 1.8341145302628896)	(3.0, 1.1371510087629917)	(4.0, 0.6195231302221317)	(5.0, 0.6215610352557571)	(6.0, 0.4035051966578358)	(7.0, 0.5135520684736091)	(8.0, 0.4238842469940901)	(9.0, 0.4035051966578358)	('>10', 5.518646831057673)	('>50', 2.9957203994293864)	('>100', 15.767271245159975)	('>500', 8.392092928469532)	('>1k', 31.300183411453027)	('>5k', 0.0)	('>10k+', 25.602200937436315)
SRR19621191_2	(1.0, 7.26920725494192)	(2.0, 2.037905033625433)	(3.0, 1.3144487466884043)	(4.0, 0.7744039127776645)	(5.0, 0.5298553087426127)	(6.0, 0.5013246382718565)	(7.0, 0.442225392296719)	(8.0, 0.47279396780110045)	(9.0, 0.47686977786835133)	('>10', 6.480538006928876)	('>50', 2.687996739351946)	('>100', 11.400040758100673)	('>500', 16.507030772366008)	('>1k', 21.13715100876299)	('>5k', 0.0)	('>10k+', 27.968208681475442)
SRR19621192_1	(1.0, 4.544762194889761)	(2.0, 1.7135676478428088)	(3.0, 1.011004912227257)	(4.0, 0.7463539088382012)	(5.0, 0.4759910132896691)	(6.0, 0.4226800198012261)	(7.0, 0.33319370930276837)	(8.0, 0.25893911122957997)	(9.0, 0.2570351471764213)	('>10', 5.184494116751076)	('>50', 2.0334336087734664)	('>100', 11.758881992307984)	('>500', 6.8828300521686145)	('>1k', 35.84973915692471)	('>5k', 0.0)	('>10k+', 28.52709340847645)
SRR19621192_2	(1.0, 6.806671490042268)	(2.0, 1.7821103537565213)	(3.0, 1.1195308632573018)	(4.0, 0.7082746277750276)	(5.0, 0.6092684970107765)	(6.0, 0.39983245116332206)	(7.0, 0.45314344465176504)	(8.0, 0.3198659609306576)	(9.0, 0.22276379421956516)	('>10', 4.845588515288831)	('>50', 1.5993298046532882)	('>100', 11.2467156620083)	('>500', 7.930010281405887)	('>1k', 29.022124062297706)	('>5k', 0.0)	('>10k+', 32.93477019153878)
SRR19621193_1	(1.0, 4.366178889947181)	(2.0, 1.4763182959563599)	(3.0, 0.753311975062776)	(4.0, 0.4762317083730193)	(5.0, 0.44376136462031346)	(6.0, 0.3896441250324703)	(7.0, 0.30305654169192137)	(8.0, 0.27708026668975666)	(9.0, 0.29223309377435275)	('>10', 4.998268248333189)	('>50', 2.5846393627153867)	('>100', 10.37535717378128)	('>500', 3.6258550523854876)	('>1k', 26.420036366785006)	('>5k', 0.0)	('>10k+', 43.2180275348515)
SRR19621193_2	(1.0, 6.875054117239587)	(2.0, 1.7230929084769242)	(3.0, 1.091003550090917)	(4.0, 0.5974543250497878)	(5.0, 0.5303489479608624)	(6.0, 0.3896441250324703)	(7.0, 0.3939735041994978)	(8.0, 0.2597627500216469)	(9.0, 0.21430426876785869)	('>10', 5.102173348341847)	('>50', 2.558663087713222)	('>100', 7.99203394233267)	('>500', 6.846913152653909)	('>1k', 21.542990735128583)	('>5k', 0.0)	('>10k+', 43.88258723699022)
SRR19621194_1	(1.0, 3.8725319251399064)	(2.0, 1.3151995217456285)	(3.0, 0.6526179445025656)	(4.0, 0.47161194971686676)	(5.0, 0.48987860974111164)	(6.0, 0.30887261495541274)	(7.0, 0.37197562231189496)	(8.0, 0.23912718577193243)	(9.0, 0.20923628755044088)	('>10', 4.4985801823344795)	('>50', 2.2169082847606236)	('>100', 11.04468689284113)	('>500', 7.270130689649445)	('>1k', 12.399740945548746)	('>5k', 8.714857437021537)	('>10k+', 45.92404390640827)
SRR19621194_2	(1.0, 6.119331108122021)	(2.0, 1.5244358092960695)	(3.0, 0.8020724356100234)	(4.0, 0.5712482771218387)	(5.0, 0.40684833690363503)	(6.0, 0.3387635131769043)	(7.0, 0.3371029077201548)	(8.0, 0.22584234211793622)	(9.0, 0.22418173666118668)	('>10', 4.56832561151796)	('>50', 1.893090220694465)	('>100', 11.22569288762683)	('>500', 5.528155565519189)	('>1k', 20.759228814825885)	('>5k', 0.0)	('>10k+', 45.475680433085905)
SRR19621195	(1.0, 7.263131440060317)	(2.0, 1.843009131272514)	(3.0, 1.4073887911535563)	(4.0, 0.9717684510345983)	(5.0, 0.7330149953924772)	(6.0, 0.77909022367429)	(7.0, 0.4691295970511854)	(8.0, 0.26807405545782026)	(9.0, 0.3769791404875597)	('>10', 4.502806400268073)	('>50', 2.1529697578956184)	('>100', 15.79961464354528)	('>500', 6.601323615648822)	('>1k', 23.75387450783279)	('>5k', 33.07782524922509)	('>10k+', 0.0)
SRR19621195_1	(1.0, 4.257270608017732)	(2.0, 1.38342186723736)	(3.0, 0.8827913020216303)	(4.0, 0.5044521725837888)	(5.0, 0.47770092100737566)	(6.0, 0.36687430733366455)	(7.0, 0.3210150189169565)	(8.0, 0.4280200252226086)	(9.0, 0.5159169946879658)	('>10', 4.891657431115528)	('>50', 1.8955172545572667)	('>100', 12.393472694615355)	('>500', 10.796040814766691)	('>1k', 12.477548056712653)	('>5k', 0.0)	('>10k+', 48.40830053120342)
SRR19621195_2	(1.0, 7.459777582451179)	(2.0, 2.0636679787518633)	(3.0, 1.2955248977720029)	(4.0, 0.7796079030840372)	(5.0, 0.5923491420491459)	(6.0, 0.710818970458975)	(7.0, 0.6152787862574999)	(8.0, 0.45859288416708066)	(9.0, 0.37833912943784154)	('>10', 5.308212634233959)	('>50', 1.1044445293690526)	('>100', 16.467306148966255)	('>500', 6.8292123667214435)	('>1k', 22.180609164214466)	('>5k', 33.7562578820652)	('>10k+', 0.0)
SRR19621196_1	(1.0, 4.520528001552946)	(2.0, 1.4752984567601668)	(3.0, 1.0991944093953216)	(4.0, 0.5920605648840144)	(5.0, 0.5823546539842764)	(6.0, 0.5969135203338833)	(7.0, 0.4076482577889935)	(8.0, 0.42706007958846937)	(9.0, 0.24022129476851403)	('>10', 4.962146947491022)	('>50', 2.761331650975444)	('>100', 11.137532757449286)	('>500', 3.006405901193827)	('>1k', 22.986023488304376)	('>5k', 14.98107347374551)	('>10k+', 30.22420654178395)
SRR19621196_2	(1.0, 9.417160050470736)	(2.0, 2.077064932543919)	(3.0, 1.3685334368630497)	(4.0, 0.9608851790740561)	(5.0, 0.8128700378530526)	(6.0, 0.5823546539842764)	(7.0, 0.35669222556536934)	(8.0, 0.2523536833931864)	(9.0, 0.41492769096379695)	('>10', 6.189944676307872)	('>50', 2.341551004561778)	('>100', 12.76812578860526)	('>500', 9.99223527128021)	('>1k', 24.83257303697952)	('>5k', 0.0)	('>10k+', 27.632728331553917)
SRR19621197_1	(1.0, 3.218458819857903)	(2.0, 1.0926791308823707)	(3.0, 0.5775473892831522)	(4.0, 0.43934131226872775)	(5.0, 0.33436954116393025)	(6.0, 0.2772227468559131)	(7.0, 0.2581738154199073)	(8.0, 0.23669310550270942)	(9.0, 0.2808704145777014)	('>10', 4.016892754516015)	('>50', 2.0406674421338042)	('>100', 5.196710614307774)	('>500', 3.7112992587128595)	('>1k', 13.624444237292943)	('>5k', 3.4219176194509857)	('>10k+', 61.272711797773304)
SRR19621197_2	(1.0, 6.558101267361885)	(2.0, 1.559580599271277)	(3.0, 0.8754402532291992)	(4.0, 0.6533378186136432)	(5.0, 0.4782497679678033)	(6.0, 0.3915163354719474)	(7.0, 0.37733096099832614)	(8.0, 0.2820863038182975)	(9.0, 0.2918134177430664)	('>10', 4.576201805190226)	('>50', 2.565931594071324)	('>100', 4.84369743812137)	('>500', 5.607681177629259)	('>1k', 19.098782894870165)	('>5k', 4.448533434927635)	('>10k+', 47.39171493071458)
SRR19621198_1	(1.0, 4.987673956262426)	(2.0, 1.730417495029821)	(3.0, 1.0640159045725648)	(4.0, 0.6616302186878728)	(5.0, 0.5089463220675944)	(6.0, 0.38170974155069587)	(7.0, 0.5343936381709742)	(8.0, 0.4071570576540755)	(9.0, 0.35785288270377735)	('>10', 5.891053677932406)	('>50', 3.079125248508946)	('>100', 13.453677932405567)	('>500', 8.644135188866798)	('>1k', 28.81272365805169)	('>5k', 0.0)	('>10k+', 29.48548707753479)
SRR19621198_2	(1.0, 8.383300198807158)	(2.0, 2.1025844930417494)	(3.0, 1.149900596421471)	(4.0, 0.8906560636182902)	(5.0, 0.5805168986083499)	(6.0, 0.6107355864811134)	(7.0, 0.4230616302186878)	(8.0, 0.47077534791252484)	(9.0, 0.31491053677932407)	('>10', 6.233001988071571)	('>50', 3.425844930417495)	('>100', 12.583697813121272)	('>500', 4.531212723658052)	('>1k', 28.386481113320077)	('>5k', 0.0)	('>10k+', 29.913320079522865)
SRR19621199_1	(1.0, 4.769757706456932)	(2.0, 2.014461499429151)	(3.0, 1.2558670556894584)	(4.0, 0.47697577064569324)	(5.0, 0.46936445515666625)	(6.0, 0.5023468222757833)	(7.0, 0.4795128758087023)	(8.0, 0.44653050868958516)	(9.0, 0.43384498287454015)	('>10', 5.7744513510085)	('>50', 3.8031206393505013)	('>100', 17.70391982747685)	('>500', 14.07839654953698)	('>1k', 18.84815425599391)	('>5k', 0.0)	('>10k+', 28.943295699606747)
SRR19621199_2	(1.0, 7.344919446911074)	(2.0, 2.24787517442598)	(3.0, 1.0427502219967018)	(4.0, 0.8017252315108461)	(5.0, 0.6850183940124318)	(6.0, 0.5175694532538373)	(7.0, 0.44399340352657624)	(8.0, 0.385639984777369)	(9.0, 0.2968413040720538)	('>10', 5.888621083343905)	('>50', 3.978180895598123)	('>100', 13.63694025117341)	('>500', 13.839908664214132)	('>1k', 18.766966890777624)	('>5k', 0.0)	('>10k+', 30.12304960040594)
SRR19621200_1	(1.0, 4.250888431155073)	(2.0, 1.312840942529256)	(3.0, 0.8080762353154214)	(4.0, 0.5613526788745784)	(5.0, 0.3961158016252066)	(6.0, 0.4345956223545123)	(7.0, 0.3327372733651735)	(8.0, 0.3802711695601983)	(9.0, 0.4685484053509586)	('>10', 5.8625138640530565)	('>50', 2.7501754227121484)	('>100', 9.925530229294461)	('>500', 6.283528373208991)	('>1k', 12.433509133298626)	('>5k', 14.11983068878879)	('>10k+', 39.67948572851355)
SRR19621200_2	(1.0, 6.706806401231353)	(2.0, 1.7836528667466445)	(3.0, 0.8148667919147106)	(4.0, 0.5885149052717354)	(5.0, 0.3508454242966115)	(6.0, 0.4345956223545123)	(7.0, 0.23766948097512391)	(8.0, 0.36216301862876027)	(9.0, 0.2852033771701487)	('>10', 5.7832907037280155)	('>50', 2.7026415265171235)	('>100', 9.997962833020214)	('>500', 12.793408633060958)	('>1k', 11.261006360488015)	('>5k', 0.0)	('>10k+', 45.897372054596076)
SRR19621201_1	(1.0, 5.046202241300216)	(2.0, 1.6776984074972148)	(3.0, 1.1206501081329052)	(4.0, 0.7252550407409835)	(5.0, 0.6225833934071695)	(6.0, 0.4194246018743037)	(7.0, 0.4893287021866876)	(8.0, 0.4194246018743037)	(9.0, 0.31456845140572776)	('>10', 6.276077506171221)	('>50', 2.883544137885838)	('>100', 12.720361753719118)	('>500', 5.489656377656902)	('>1k', 18.179435087489352)	('>5k', 14.747580662778251)	('>10k+', 28.868208925879806)
SRR19621201_2	(1.0, 9.319090372894685)	(2.0, 2.324311335386766)	(3.0, 1.297594862048627)	(4.0, 0.9000152915219434)	(5.0, 0.6990410031238394)	(6.0, 0.6160298840028835)	(7.0, 0.4434541363566856)	(8.0, 0.36699652664001575)	(9.0, 0.5308342617471656)	('>10', 6.112239771064072)	('>50', 3.4536994560587195)	('>100', 11.756995871289075)	('>500', 12.36428774275291)	('>1k', 20.752779780238985)	('>5k', 0.0)	('>10k+', 29.062629704873626)
SRR19621202_1	(1.0, 5.796982785089964)	(2.0, 2.104271999672487)	(3.0, 1.3632734939512414)	(4.0, 0.9334124823449941)	(5.0, 0.6550263033999959)	(6.0, 0.5526784434937465)	(7.0, 0.5731480154749964)	(8.0, 0.5731480154749964)	(9.0, 0.4421427547949972)	('>10', 7.045626675946207)	('>50', 4.456225820318097)	('>100', 17.055247374777394)	('>500', 7.876691298384951)	('>1k', 12.906065134178043)	('>5k', 37.66605940269789)	('>10k+', 0.0)
SRR19621202_2	(1.0, 9.135569975231817)	(2.0, 2.378564264221235)	(3.0, 1.5597813849712403)	(4.0, 0.8597220232124947)	(5.0, 0.7983133072687449)	(6.0, 0.650932389003746)	(7.0, 0.4728471127668721)	(8.0, 0.4421427547949972)	(9.0, 0.5526784434937465)	('>10', 5.880908030213088)	('>50', 4.069350909872474)	('>100', 13.542668822794916)	('>500', 15.767711297156776)	('>1k', 6.752911796614333)	('>5k', 37.13589748838352)	('>10k+', 0.0)
SRR19621203_1	(1.0, 4.80849640408095)	(2.0, 1.6014383676200032)	(3.0, 0.8467134972403413)	(4.0, 0.7108212075597926)	(5.0, 0.574928917879244)	(6.0, 0.41394882087305573)	(7.0, 0.43903662819869543)	(8.0, 0.2508780732563974)	(9.0, 0.26342197691921726)	('>10', 5.120003345040977)	('>50', 2.596588058203713)	('>100', 11.151530356246864)	('>500', 2.974995818698779)	('>1k', 24.404164576016058)	('>5k', 0.0)	('>10k+', 43.84303395216592)
SRR19621203_2	(1.0, 7.963288175280148)	(2.0, 1.722696103027262)	(3.0, 0.9784244856999499)	(4.0, 0.6773707977922729)	(5.0, 0.5853821709315938)	(6.0, 0.45158053186151526)	(7.0, 0.4097675196521157)	(8.0, 0.23415286837263757)	(9.0, 0.3198695434019067)	('>10', 5.458688743937113)	('>50', 3.1255226626526174)	('>100', 6.052433517310587)	('>500', 11.210068573340024)	('>1k', 13.838016390700785)	('>5k', 0.0)	('>10k+', 46.97273791603947)
SRR19621204_1	(1.0, 5.543387796224101)	(2.0, 2.080686845678742)	(3.0, 1.2089885671733323)	(4.0, 0.9111218187393229)	(5.0, 0.7227649042884051)	(6.0, 0.7884708046782601)	(7.0, 0.42927854921371944)	(8.0, 0.4555609093696614)	(9.0, 0.3351000919882606)	('>10', 6.115029129615839)	('>50', 3.5700205878487887)	('>100', 15.716851373253318)	('>500', 8.165053221779315)	('>1k', 34.0926015156161)	('>5k', 19.86508388453283)	('>10k+', 0.0)
SRR19621204_2	(1.0, 8.666608261421874)	(2.0, 2.4793026413771955)	(3.0, 1.563800429278549)	(4.0, 0.9812081124885014)	(5.0, 0.7665688378816418)	(6.0, 0.6964825441324631)	(7.0, 0.5365981865171492)	(8.0, 0.42051776249507206)	(9.0, 0.39423540233913007)	('>10', 6.119409522975163)	('>50', 2.503394804853476)	('>100', 10.959744185027816)	('>500', 15.175872793376847)	('>1k', 34.13421525252968)	('>5k', 14.602041263305447)	('>10k+', 0.0)
SRR19621205_1	(1.0, 6.2625820568927795)	(2.0, 2.1269146608315097)	(3.0, 1.1816192560175056)	(4.0, 0.6564551422319475)	(5.0, 0.612691466083151)	(6.0, 0.5645514223194749)	(7.0, 0.5514223194748359)	(8.0, 0.3851203501094092)	(9.0, 0.3347921225382932)	('>10', 6.6017505470459525)	('>50', 3.7986870897155365)	('>100', 18.689277899343544)	('>500', 8.098468271334793)	('>1k', 17.592997811816193)	('>5k', 0.0)	('>10k+', 32.542669584245075)
SRR19621205_2	(1.0, 10.693654266958424)	(2.0, 2.835886214442013)	(3.0, 1.5164113785557987)	(4.0, 0.9277899343544859)	(5.0, 0.7439824945295405)	(6.0, 0.5645514223194749)	(7.0, 0.4442013129102845)	(8.0, 0.437636761487965)	(9.0, 0.3544857768052516)	('>10', 6.448577680525164)	('>50', 2.367614879649891)	('>100', 16.827133479212254)	('>500', 8.75711159737418)	('>1k', 22.910284463894968)	('>5k', 0.0)	('>10k+', 24.170678336980306)
SRR19621206_1	(1.0, 5.1691567920315995)	(2.0, 1.7860209513996224)	(3.0, 1.0189478504779894)	(4.0, 0.7021962714904497)	(5.0, 0.5629019024176161)	(6.0, 0.38926097658709713)	(7.0, 0.36063884595569295)	(8.0, 0.3205678630717271)	(9.0, 0.36063884595569295)	('>10', 6.2415326196882095)	('>50', 3.94985402713378)	('>100', 14.950292899803461)	('>500', 10.64552445284027)	('>1k', 23.802163833075735)	('>5k', 0.0)	('>10k+', 29.74030186807106)
SRR19621206_2	(1.0, 7.874902207720343)	(2.0, 2.0264468487034173)	(3.0, 1.219302764897819)	(4.0, 0.7937870895109432)	(5.0, 0.6392275841013605)	(6.0, 0.538096055870399)	(7.0, 0.3739958402503482)	(8.0, 0.4426889537657183)	(9.0, 0.34346556757685043)	('>10', 5.506897933482168)	('>50', 1.8986013318831454)	('>100', 12.818898238784895)	('>500', 10.204743641116645)	('>1k', 31.17713282576755)	('>5k', 0.0)	('>10k+', 24.141813116568397)
SRR19621207_1	(1.0, 4.658725268706784)	(2.0, 1.6481823783117684)	(3.0, 0.8651673855001027)	(4.0, 0.5819127815430958)	(5.0, 0.44499212706236735)	(6.0, 0.42103101252823993)	(7.0, 0.3534264393783802)	(8.0, 0.43130006161429446)	(9.0, 0.33887861983980283)	('>10', 5.541863490107483)	('>50', 3.037927021291162)	('>100', 9.616964469090163)	('>500', 7.559731635517218)	('>1k', 17.346135414527282)	('>5k', 6.2683987129458485)	('>10k+', 40.88536318203601)
SRR19621207_2	(1.0, 9.937016498938865)	(2.0, 1.983637981789553)	(3.0, 1.1449989730950914)	(4.0, 0.7427945505579516)	(5.0, 0.577634011090573)	(6.0, 0.6058738960772233)	(7.0, 0.4133292257136989)	(8.0, 0.3628397343739303)	(9.0, 0.4390018484288355)	('>10', 6.1648524679947965)	('>50', 3.4469774765523384)	('>100', 8.799719312658315)	('>500', 3.395632231122065)	('>1k', 16.189155884165128)	('>5k', 6.953857739439995)	('>10k+', 38.84267816800164)
SRR19621208_1	(1.0, 3.83349499672528)	(2.0, 1.3845018694920452)	(3.0, 0.8182654761608674)	(4.0, 0.5339037149418426)	(5.0, 0.5015710365525075)	(6.0, 0.44768323923694875)	(7.0, 0.27855845996965706)	(8.0, 0.25202908282968967)	(9.0, 0.22384161961847437)	('>10', 4.236409912038534)	('>50', 2.0518815131693486)	('>100', 7.61061506702813)	('>500', 4.606163105926829)	('>1k', 23.962659901675494)	('>5k', 17.449697813813515)	('>10k+', 31.808723190820835)
SRR19621208_2	(1.0, 6.3786571160908965)	(2.0, 1.482328947695675)	(3.0, 0.9252120277563608)	(4.0, 0.7096608384941262)	(5.0, 0.5844753401149053)	(6.0, 0.4725545303056682)	(7.0, 0.3830178824582784)	(8.0, 0.25866142711468154)	(9.0, 0.32083965478647997)	('>10', 4.776116928229744)	('>50', 1.7061705673141494)	('>100', 5.36059226834465)	('>500', 4.331749861135291)	('>1k', 23.70482751759644)	('>5k', 17.401613317747326)	('>10k+', 31.20352177481533)
SRR19621209_1	(1.0, 4.783964773873957)	(2.0, 1.931015503164847)	(3.0, 1.1214567470874233)	(4.0, 0.6971837446105862)	(5.0, 0.573341895238969)	(6.0, 0.41280616457205754)	(7.0, 0.3210714613338226)	(8.0, 0.3302449316576461)	(9.0, 0.3096046234290432)	('>10', 5.2219979818365285)	('>50', 2.988257957985506)	('>100', 14.893129070727456)	('>500', 6.72874048252454)	('>1k', 31.258600128428583)	('>5k', 0.0)	('>10k+', 28.428584533529033)
SRR19621209_2	(1.0, 6.666819557838731)	(2.0, 2.031923676726906)	(3.0, 1.272819007430511)	(4.0, 0.7247041555820567)	(5.0, 0.5618750573341895)	(6.0, 0.45408678102926336)	(7.0, 0.49766076506742496)	(8.0, 0.3302449316576461)	(9.0, 0.4747270892578663)	('>10', 4.87111274195028)	('>50', 1.1696174662874965)	('>100', 14.0904504173929)	('>500', 9.723878543252914)	('>1k', 27.933217136042565)	('>5k', 0.0)	('>10k+', 29.196862673149255)
SRR19621210_1	(1.0, 4.554706769798127)	(2.0, 1.8965971407361288)	(3.0, 1.1063483320960752)	(4.0, 0.8812471563016356)	(5.0, 0.6585406738667113)	(6.0, 0.5890945664407673)	(7.0, 0.3855456308819656)	(8.0, 0.36399339064632774)	(9.0, 0.3017313632989296)	('>10', 5.275509471012237)	('>50', 2.6126104552312075)	('>100', 12.51466749682703)	('>500', 11.097009027993964)	('>1k', 34.56979333796307)	('>5k', 23.19260518690582)	('>10k+', 0.0)
SRR19621210_2	(1.0, 7.172106611748366)	(2.0, 1.867860820421945)	(3.0, 1.0057712109964319)	(4.0, 0.8908259297396968)	(5.0, 0.5388060058909456)	(6.0, 0.4454129648698484)	(7.0, 0.36878277736535836)	(8.0, 0.34483584377020526)	(9.0, 0.49570152541967005)	('>10', 5.3641131253143035)	('>50', 3.8099571349888643)	('>100', 7.868962379367322)	('>500', 10.10321128379511)	('>1k', 24.11456213031921)	('>5k', 35.60909025599272)	('>10k+', 0.0)
SRR19621211_1	(1.0, 4.522004029022061)	(2.0, 1.4805837168547422)	(3.0, 0.9532076584175443)	(4.0, 0.6420230276626758)	(5.0, 0.5568567076666066)	(6.0, 0.40290220613525063)	(7.0, 0.3897996953666246)	(8.0, 0.40617783382740713)	(9.0, 0.4422097384411288)	('>10', 5.263933701295511)	('>50', 2.6958415906448074)	('>100', 12.927264687095667)	('>500', 6.010776815107195)	('>1k', 39.32554825818497)	('>5k', 0.0)	('>10k+', 23.980870334277807)
SRR19621211_2	(1.0, 7.402918584273712)	(2.0, 1.8015952306860803)	(3.0, 1.1546587614851695)	(4.0, 0.7730481353489362)	(5.0, 0.5896129845881717)	(6.0, 0.5404785692058242)	(7.0, 0.5044466645921024)	(8.0, 0.353767790752903)	(9.0, 0.36850811536760736)	('>10', 5.29341435052492)	('>50', 2.438704816810521)	('>100', 15.139951193147386)	('>500', 4.9003390274661385)	('>1k', 26.376991991090293)	('>5k', 8.297164944232438)	('>10k+', 24.0643988404278)
SRR19621212_1	(1.0, 4.056870818322182)	(2.0, 1.4976839938239834)	(3.0, 0.8685023160061761)	(4.0, 0.5301080802882141)	(5.0, 0.45033453422542463)	(6.0, 0.36284096757591355)	(7.0, 0.43232115285640765)	(8.0, 0.2676273803396809)	(9.0, 0.2431806484817293)	('>10', 5.162120432321153)	('>50', 2.3687596500257335)	('>100', 9.261451363870304)	('>500', 5.8517756047349465)	('>1k', 31.091096242923317)	('>5k', 8.259135357694287)	('>10k+', 29.296191456510552)
SRR19621212_2	(1.0, 7.536026762738033)	(2.0, 1.953165208440556)	(3.0, 1.0383427689140503)	(4.0, 0.6690684508492023)	(5.0, 0.5597014925373134)	(6.0, 0.3860010293360782)	(7.0, 0.4593412249099331)	(8.0, 0.4117344312918168)	(9.0, 0.3705609881626351)	('>10', 5.472207925887802)	('>50', 3.6528564076170866)	('>100', 7.665980442614513)	('>500', 3.5254760679361814)	('>1k', 28.91019042717447)	('>5k', 9.458311888831703)	('>10k+', 27.93103448275862)
SRR19621213_1	(1.0, 4.267261666114665)	(2.0, 1.509578677636969)	(3.0, 1.014520543169418)	(4.0, 0.7809367754981087)	(5.0, 0.5229487335924834)	(6.0, 0.5020307842487841)	(7.0, 0.4392769362176861)	(8.0, 0.3346871894991894)	(9.0, 0.3294577021632646)	('>10', 5.257377935049767)	('>50', 2.086565447034009)	('>100', 10.81283664824725)	('>500', 5.262607422385692)	('>1k', 33.231648857357015)	('>5k', 10.929628532082905)	('>10k+', 22.71863614970279)
SRR19621213_2	(1.0, 7.722209632715672)	(2.0, 1.9279376645109556)	(3.0, 1.2603064479578852)	(4.0, 0.8158000244042742)	(5.0, 0.6275384803109801)	(6.0, 0.5124897589206338)	(7.0, 0.4026705248662123)	(8.0, 0.4183589868739868)	(9.0, 0.4392769362176861)	('>10', 6.447957885195321)	('>50', 2.335837676713093)	('>100', 10.138232781912947)	('>500', 7.622849373333102)	('>1k', 24.12711140551188)	('>5k', 12.174246518033016)	('>10k+', 23.027175902522355)
SRR19621214_1	(1.0, 5.500738753120595)	(2.0, 2.027749944805801)	(3.0, 1.1310565018766028)	(4.0, 0.8695209143555865)	(5.0, 0.6368561384440331)	(6.0, 0.5604334018307491)	(7.0, 0.2734235687719715)	(8.0, 0.353242871456957)	(9.0, 0.2751218518078223)	('>10', 5.918516379939881)	('>50', 2.143233191243653)	('>100', 13.647402476096666)	('>500', 10.874106278552384)	('>1k', 27.680315201331453)	('>5k', 0.0)	('>10k+', 28.108282526365848)
SRR19621214_2	(1.0, 9.900990099009901)	(2.0, 2.1534228894587573)	(3.0, 1.2788071259956184)	(4.0, 0.8899003107857956)	(5.0, 0.7302617054158247)	(6.0, 0.6011921946911672)	(7.0, 0.416079343783435)	(8.0, 0.353242871456957)	(9.0, 0.4279673250343902)	('>10', 5.755481208498208)	('>50', 1.4792045242260075)	('>100', 8.75125248373894)	('>500', 12.37199191617275)	('>1k', 27.147054328074315)	('>5k', 0.0)	('>10k+', 27.743151673657934)
SRR19621215_1	(1.0, 4.215802740996146)	(2.0, 1.6457566713991831)	(3.0, 1.0083157071248514)	(4.0, 0.6722104714165676)	(5.0, 0.5722481383826384)	(6.0, 0.5215426071335438)	(7.0, 0.5070553124909455)	(8.0, 0.47518326427722885)	(9.0, 0.27380986874511054)	('>10', 5.4370816793671946)	('>50', 2.478776113348593)	('>100', 11.99113377567873)	('>500', 7.421841045403181)	('>1k', 40.70929794570162)	('>5k', 0.0)	('>10k+', 22.069944658534464)
SRR19621215_2	(1.0, 7.3247761712977715)	(2.0, 1.8717584678237187)	(3.0, 1.1865094312288125)	(4.0, 0.8576478428418277)	(5.0, 0.7171210848086229)	(6.0, 0.5128502303479848)	(7.0, 0.3549387187436618)	(8.0, 0.509952771419465)	(9.0, 0.3911569553501579)	('>10', 5.8876365427520065)	('>50', 2.9423695419117433)	('>100', 11.036421058731491)	('>500', 8.35482282038652)	('>1k', 22.530640628169095)	('>5k', 14.795874018485788)	('>10k+', 20.72552371570133)
SRR19621216_1	(1.0, 4.883568958097576)	(2.0, 1.6862976363143718)	(3.0, 1.0854146411437497)	(4.0, 0.7267974689596914)	(5.0, 0.6136338279593886)	(6.0, 0.6981080951849667)	(7.0, 0.49090706236751086)	(8.0, 0.4207774820292951)	(9.0, 0.5450981017197686)	('>10', 5.286814045042316)	('>50', 2.0114438724279182)	('>100', 9.025995760348097)	('>500', 10.146475191660956)	('>1k', 31.196506271815878)	('>5k', 13.185954957683174)	('>10k+', 17.996206627245343)
SRR19621216_2	(1.0, 8.67534785865702)	(2.0, 2.036945538005451)	(3.0, 1.2527693214963103)	(4.0, 1.0200666231013213)	(5.0, 0.6455109099313049)	(6.0, 0.6885449705933919)	(7.0, 0.5355349771281936)	(8.0, 0.3825249836629955)	(9.0, 0.38730654595878294)	('>10', 5.670932882803908)	('>50', 2.7478044659791845)	('>100', 8.970210866897244)	('>500', 7.103807717441546)	('>1k', 29.339666246951758)	('>5k', 12.534068631357487)	('>10k+', 18.008957460034107)
SRR19621217_1	(1.0, 5.317196567630575)	(2.0, 1.8674668915232377)	(3.0, 1.1755369277317593)	(4.0, 0.7787312137294777)	(5.0, 0.6634095530975646)	(6.0, 0.5803283567283369)	(7.0, 0.5989286245721939)	(8.0, 0.486086999652795)	(9.0, 0.3459649818957393)	('>10', 5.862804424383712)	('>50', 2.9958831407172264)	('>100', 14.816973364416446)	('>500', 12.868905312236494)	('>1k', 33.812806904419425)	('>5k', 17.828976737265016)	('>10k+', 0.0)
SRR19621217_2	(1.0, 8.960369029314021)	(2.0, 2.2642726055255196)	(3.0, 1.316898963345072)	(4.0, 1.0316948564059323)	(5.0, 0.6634095530975646)	(6.0, 0.6621695352413075)	(7.0, 0.6510093745349933)	(8.0, 0.4563265711026239)	(9.0, 0.5133673924904518)	('>10', 6.83125837012053)	('>50', 2.4527553196766037)	('>100', 13.996081543574226)	('>500', 10.579832349585834)	('>1k', 26.285898516938644)	('>5k', 23.334656019046673)	('>10k+', 0.0)
SRR19621218_1	(1.0, 5.369063964774395)	(2.0, 2.0327320360462733)	(3.0, 1.117371336584442)	(4.0, 0.7954168836702807)	(5.0, 0.5365907548569354)	(6.0, 0.4639931821409971)	(7.0, 0.4860880955762827)	(8.0, 0.47977526316620106)	(9.0, 0.29828133137635526)	('>10', 5.564761769486925)	('>50', 3.806637943279201)	('>100', 20.144248220570365)	('>500', 12.171140886637312)	('>1k', 24.7352555908022)	('>5k', 0.0)	('>10k+', 21.998642741031833)
SRR19621218_2	(1.0, 9.267237977999779)	(2.0, 2.342060824140271)	(3.0, 1.4724681596515317)	(4.0, 0.7386013919795464)	(5.0, 0.6944115651089753)	(6.0, 0.6817859002888121)	(7.0, 0.3756135283998548)	(8.0, 0.404021274245222)	(9.0, 0.3266890772217224)	('>10', 5.872512349478402)	('>50', 3.3221280558054387)	('>100', 15.516942063980558)	('>500', 9.34772659122832)	('>1k', 30.07275539352619)	('>5k', 0.0)	('>10k+', 19.565045846945377)
SRR19621219_1	(1.0, 4.9893061853024205)	(2.0, 2.0258362563093506)	(3.0, 1.3140559500384978)	(4.0, 0.8691932586192146)	(5.0, 0.6587389853708615)	(6.0, 0.6672940371289247)	(7.0, 0.5269911882966892)	(8.0, 0.39695440157412953)	(9.0, 0.3387800496193002)	('>10', 5.793481050560356)	('>50', 4.684746342715373)	('>100', 17.50534690734879)	('>500', 8.943451107879202)	('>1k', 38.475489776713154)	('>5k', 12.810334502523741)	('>10k+', 0.0)
SRR19621219_2	(1.0, 7.571220805885876)	(2.0, 2.0737445461545043)	(3.0, 1.3756523226965522)	(4.0, 0.8486611343998631)	(5.0, 0.7357344511934297)	(6.0, 0.5338352297031397)	(7.0, 0.5150141158354008)	(8.0, 0.49277098126443664)	(9.0, 0.2925827701257593)	('>10', 6.339293352724784)	('>50', 3.5452134485413636)	('>100', 13.558046026178458)	('>500', 8.317221319188981)	('>1k', 41.14295491487724)	('>5k', 12.658054581230216)	('>10k+', 0.0)
SRR19621220_1	(1.0, 4.410840090925213)	(2.0, 1.4799529252446435)	(3.0, 0.851214754389076)	(4.0, 0.7931773847716391)	(5.0, 0.6367989166357672)	(6.0, 0.5223363265569331)	(7.0, 0.32726627867610314)	(8.0, 0.3740186042012607)	(9.0, 0.3337148753002628)	('>10', 5.181447387512293)	('>50', 1.4509342404359251)	('>100', 8.995792290702735)	('>500', 9.287591287945961)	('>1k', 37.79200051588773)	('>5k', 0.0)	('>10k+', 27.562914120814458)
SRR19621220_2	(1.0, 7.093456286575633)	(2.0, 1.9023360041271018)	(3.0, 1.005981073368908)	(4.0, 0.735140015154202)	(5.0, 0.6609811539763659)	(6.0, 0.5223363265569331)	(7.0, 0.4852568959680149)	(8.0, 0.3740186042012607)	(9.0, 0.39175224491769983)	('>10', 5.690886520820906)	('>50', 2.6874526431185415)	('>100', 7.714133711651002)	('>500', 6.443760176691547)	('>1k', 31.074174982669394)	('>5k', 9.09413338922117)	('>10k+', 24.124199970981316)
SRR19621221_1	(1.0, 4.688869412795793)	(2.0, 1.7528483786152498)	(3.0, 1.0224948875255624)	(4.0, 0.7206154445418249)	(5.0, 0.47472976920829685)	(6.0, 0.3359626059012562)	(7.0, 0.44308111792774374)	(8.0, 0.370045768818775)	(9.0, 0.2848378615249781)	('>10', 5.701626253773493)	('>50', 2.412601032232934)	('>100', 13.818288051416886)	('>500', 8.898140033109359)	('>1k', 24.018891810302854)	('>5k', 0.0)	('>10k+', 35.056967572305)
SRR19621221_2	(1.0, 7.576200214237024)	(2.0, 1.855097867367806)	(3.0, 1.1758691206543967)	(4.0, 0.7595676307332748)	(5.0, 0.7790437238289999)	(6.0, 0.5696757230499562)	(7.0, 0.3237900477164281)	(8.0, 0.370045768818775)	(9.0, 0.37248028045574055)	('>10', 5.368098159509203)	('>50', 3.0139254065634433)	('>100', 8.252994449313467)	('>500', 14.022787028921998)	('>1k', 21.06582919466355)	('>5k', 0.0)	('>10k+', 34.49459538416594)
SRR19621222_1	(1.0, 4.085223841973605)	(2.0, 1.4526007073233849)	(3.0, 0.7556283964461312)	(4.0, 0.6210644354351763)	(5.0, 0.4744242215129819)	(6.0, 0.38298973518502544)	(7.0, 0.3502113344259467)	(8.0, 0.35883722936254636)	(9.0, 0.2950056068317088)	('>10', 4.578625032347106)	('>50', 2.582592944017942)	('>100', 9.393599585957043)	('>500', 7.7978090226861045)	('>1k', 23.507288881221427)	('>5k', 0.0)	('>10k+', 43.36409902527387)
SRR19621222_2	(1.0, 9.250409730009489)	(2.0, 2.0184594151643234)	(3.0, 1.1282670577072371)	(4.0, 0.814284482015009)	(5.0, 0.5865608556887777)	(6.0, 0.5175536961959804)	(7.0, 0.45889761062710255)	(8.0, 0.289830069869749)	(9.0, 0.37263866126110584)	('>10', 6.005348054860692)	('>50', 1.7286293452945745)	('>100', 6.269300439920642)	('>500', 7.145691365479169)	('>1k', 26.30207884067972)	('>5k', 0.0)	('>10k+', 37.11205037522643)
SRR19621223_1	(1.0, 4.776511831726555)	(2.0, 1.511831726555653)	(3.0, 1.018843120070114)	(4.0, 0.6760986603230249)	(5.0, 0.5321146863653436)	(6.0, 0.43195192187304376)	(7.0, 0.33961437335670464)	(8.0, 0.36309002128458745)	(9.0, 0.1971954425942156)	('>10', 5.507387003881306)	('>50', 2.1628896957556027)	('>100', 7.82052084637536)	('>500', 7.814260673594592)	('>1k', 24.195567797671217)	('>5k', 8.216476774758984)	('>10k+', 34.435645423813696)
SRR19621223_2	(1.0, 9.520157756354076)	(2.0, 2.137849004632528)	(3.0, 1.0282333792412672)	(4.0, 0.7950419431576311)	(5.0, 0.6494929260047577)	(6.0, 0.5446350319268812)	(7.0, 0.3943908851884312)	(8.0, 0.5008138224614999)	(9.0, 0.492988606485539)	('>10', 5.674846625766871)	('>50', 2.2693126330286715)	('>100', 9.956804807812695)	('>500', 7.081820458244648)	('>1k', 21.632027043946415)	('>5k', 8.290033804933016)	('>10k+', 29.031551270815076)
SRR19621224_1	(1.0, 4.876615746180963)	(2.0, 1.7975672499761806)	(3.0, 1.119509638898593)	(4.0, 0.6097754628894465)	(5.0, 0.5796042811318957)	(6.0, 0.47638708038238)	(7.0, 0.500206434401499)	(8.0, 0.4700352526439483)	(9.0, 0.2715406358179566)	('>10', 4.7479912344777215)	('>50', 2.5661384063264205)	('>100', 10.869565217391305)	('>500', 13.218153523676438)	('>1k', 26.860291548893194)	('>5k', 11.607965191983993)	('>10k+', 19.428653094928066)
SRR19621224_2	(1.0, 9.499158382824657)	(2.0, 2.2136119668434593)	(3.0, 1.2957728586400736)	(4.0, 0.8003302950423985)	(5.0, 0.6510623431892527)	(6.0, 0.5526090132435608)	(7.0, 0.38904944897894367)	(8.0, 0.5208498745514022)	(9.0, 0.3001238606408994)	('>10', 6.123161939848192)	('>50', 1.9468352018293265)	('>100', 12.116111411058531)	('>500', 12.305078286276876)	('>1k', 11.923968621970973)	('>5k', 22.92215835106552)	('>10k+', 16.440118143995935)
SRR19621225_1	(1.0, 4.5080461459328385)	(2.0, 1.8223234624145785)	(3.0, 0.9975016533176574)	(4.0, 0.6686751414505107)	(5.0, 0.5694760820045558)	(6.0, 0.5180395326622089)	(7.0, 0.4372106694099493)	(8.0, 0.2792269821441693)	(9.0, 0.42986259093247114)	('>10', 4.912190462194136)	('>50', 1.9343816591961203)	('>100', 12.883018590638548)	('>500', 8.343743111176426)	('>1k', 27.439562054522742)	('>5k', 10.798001322654125)	('>10k+', 23.45874053934896)
SRR19621225_2	(1.0, 7.428907340730399)	(2.0, 1.9803071496803586)	(3.0, 1.1187449481960468)	(4.0, 0.8082886325225953)	(5.0, 0.6337717686824895)	(6.0, 0.5180395326622089)	(7.0, 0.5015063560878831)	(8.0, 0.45558086560364464)	(9.0, 0.3967962377838195)	('>10', 5.305312660739217)	('>50', 2.3973106032772433)	('>100', 10.687780145491955)	('>500', 10.761260930266735)	('>1k', 22.363876846204718)	('>5k', 12.80402674700566)	('>10k+', 21.83848923506503)
SRR19621226_1	(1.0, 4.094650880587714)	(2.0, 1.4725656751172478)	(3.0, 0.7280836968285724)	(4.0, 0.5641008822275425)	(5.0, 0.4427535994227805)	(6.0, 0.41323669279459513)	(7.0, 0.3558427076842347)	(8.0, 0.3279656292020596)	(9.0, 0.29516906628185363)	('>10', 4.596438293266866)	('>50', 2.5499327670460135)	('>100', 10.535895838116167)	('>500', 9.120724148109279)	('>1k', 21.55062149486734)	('>5k', 9.551998950509986)	('>10k+', 33.400019677937756)
SRR19621226_2	(1.0, 6.4543635826965335)	(2.0, 1.3905742678167328)	(3.0, 0.9543799809779935)	(4.0, 0.5706601948115837)	(5.0, 0.5001475845331409)	(6.0, 0.4427535994227805)	(7.0, 0.42471548981666724)	(8.0, 0.3542028795382244)	(9.0, 0.32468597291003903)	('>10', 4.8424125151684105)	('>50', 1.9431963530222034)	('>100', 11.200026237250336)	('>500', 7.600603456757732)	('>1k', 18.192253451838248)	('>5k', 10.842543701420091)	('>10k+', 33.96248073201929)
SRR19621227_1	(1.0, 3.3647546950065514)	(2.0, 1.1901295676226527)	(3.0, 0.6714951230164508)	(4.0, 0.49497743485223467)	(5.0, 0.40944824574173827)	(6.0, 0.4695006551171932)	(7.0, 0.3311981365555394)	(8.0, 0.32027951666909305)	(9.0, 0.3111806667637211)	('>10', 4.77689620032028)	('>50', 1.6159557431940603)	('>100', 7.129858785849469)	('>500', 6.514776532246325)	('>1k', 24.095574319406026)	('>5k', 0.0)	('>10k+', 48.30397437763867)
SRR19621227_2	(1.0, 6.025258407337312)	(2.0, 1.5613626437618287)	(3.0, 1.0318095792691804)	(4.0, 0.6551171931867812)	(5.0, 0.6278206434706654)	(6.0, 0.41490755568496146)	(7.0, 0.4713204250982676)	(8.0, 0.42218663560925895)	(9.0, 0.3275585965933906)	('>10', 4.429320133935071)	('>50', 1.999927209200757)	('>100', 7.020672586985005)	('>500', 8.592953850633279)	('>1k', 29.327413014994903)	('>5k', 13.033192604454797)	('>10k+', 24.05917891978454)
SRR19621228_1	(1.0, 3.981673393694775)	(2.0, 1.4312206828842589)	(3.0, 0.8770590160357805)	(4.0, 0.7156103414421294)	(5.0, 0.6327042652994437)	(6.0, 0.43198429148030976)	(7.0, 0.35125995418348427)	(8.0, 0.29671648303698045)	(9.0, 0.11781389767644813)	('>10', 4.509654194392931)	('>50', 2.75771790116723)	('>100', 7.943711137776808)	('>500', 8.316788480418893)	('>1k', 25.508890585796877)	('>5k', 42.127195374713644)	('>10k+', 0.0)
SRR19621228_2	(1.0, 6.898658230609795)	(2.0, 1.9242936620486528)	(3.0, 0.9294207483364242)	(4.0, 0.72433729682557)	(5.0, 0.6872477364459474)	(6.0, 0.5628886222319188)	(7.0, 0.5497981891567579)	(8.0, 0.36653212610450525)	(9.0, 0.45161994109305115)	('>10', 4.221664666739391)	('>50', 1.6123050070906513)	('>100', 9.370568342969346)	('>500', 14.999454565288534)	('>1k', 21.28722591905749)	('>5k', 35.41398494600196)	('>10k+', 0.0)
SRR19621229_1	(1.0, 3.797204690787144)	(2.0, 1.074798475285884)	(3.0, 0.824845341498469)	(4.0, 0.6332146055947843)	(5.0, 0.437417984127976)	(6.0, 0.3249390739236393)	(7.0, 0.29161198941865063)	(8.0, 0.38326147180736947)	(9.0, 0.14997188027244893)	('>10', 4.528317607115333)	('>50', 2.3558082859463854)	('>100', 7.31737799162657)	('>500', 7.8235330875460845)	('>1k', 16.71769876481493)	('>5k', 11.304130475535837)	('>10k+', 42.035868274698494)
SRR19621229_2	(1.0, 6.544606219667146)	(2.0, 1.4747234893457477)	(3.0, 0.7811035430856714)	(4.0, 0.61655106334229)	(5.0, 0.447832698035785)	(6.0, 0.4624132975067175)	(7.0, 0.4519985835989085)	(8.0, 0.23328959153492054)	(9.0, 0.22495782040867335)	('>10', 4.742860713616197)	('>50', 1.5788706284238372)	('>100', 7.038263658897289)	('>500', 4.7720219125580625)	('>1k', 28.83625986794143)	('>5k', 0.0)	('>10k+', 41.79424691203732)
SRR19621230_1	(1.0, 4.914649207396505)	(2.0, 1.7865299700553214)	(3.0, 0.9541694158250011)	(4.0, 0.6361129438833342)	(5.0, 0.7020927439137864)	(6.0, 0.4669339694462772)	(7.0, 0.43817354379197754)	(8.0, 0.47370112842375944)	(9.0, 0.3349743693853728)	('>10', 5.261466104992472)	('>50', 2.9826253193253143)	('>100', 9.961258014853914)	('>500', 5.6218173205434026)	('>1k', 28.320560320763338)	('>5k', 9.788695460928116)	('>10k+', 27.356240166472112)
SRR19621230_2	(1.0, 9.724407450642033)	(2.0, 2.043682011199648)	(3.0, 1.3043698929097092)	(4.0, 0.8458948721852847)	(5.0, 0.6259622054171108)	(6.0, 0.5785920925747349)	(7.0, 0.4500160720025715)	(8.0, 0.5278384002436177)	(9.0, 0.44155712328071867)	('>10', 6.044764756636045)	('>50', 2.075826016342689)	('>100', 9.128897460623593)	('>500', 8.16626909607674)	('>1k', 22.729195215618603)	('>5k', 9.519700891573194)	('>10k+', 25.793026442673707)
SRR19621231_1	(1.0, 6.3906870678240395)	(2.0, 2.2693835515668677)	(3.0, 1.2910107400323672)	(4.0, 0.9636604384287185)	(5.0, 0.772399588053553)	(6.0, 0.7282624687362071)	(7.0, 0.46343975283213185)	(8.0, 0.39723407385611303)	(9.0, 0.5627482712961601)	('>10', 8.088127114903635)	('>50', 3.9686626452846845)	('>100', 12.007135500956306)	('>500', 9.82050904810946)	('>1k', 32.66330734147418)	('>5k', 0.0)	('>10k+', 19.613432396645578)
SRR19621231_2	(1.0, 12.14506399882301)	(2.0, 2.677651905252317)	(3.0, 1.3848021185817272)	(4.0, 1.1696336619096661)	(5.0, 0.8459614535824629)	(6.0, 0.6841253494188613)	(7.0, 0.6050463439752832)	(8.0, 0.6179196704428425)	(9.0, 0.5461968515521554)	('>10', 8.104678534647638)	('>50', 2.902015595115492)	('>100', 18.01897896130646)	('>500', 5.1603648668530235)	('>1k', 28.190745917316463)	('>5k', 16.9468147712226)	('>10k+', 0.0)
SRR19621232_1	(1.0, 4.731079475054998)	(2.0, 1.8560194199307152)	(3.0, 1.107542923609882)	(4.0, 0.7788201380635699)	(5.0, 0.5815864667357827)	(6.0, 0.5461855513692568)	(7.0, 0.371709611348522)	(8.0, 0.30343641742736494)	(9.0, 0.4551546261410473)	('>10', 5.664146458644145)	('>50', 3.818241585961008)	('>100', 13.328444635497002)	('>500', 6.407565681341189)	('>1k', 35.07724985460338)	('>5k', 24.972817154272132)	('>10k+', 0.0)
SRR19621232_2	(1.0, 8.1700255392318)	(2.0, 2.16451311098187)	(3.0, 1.1227147444812502)	(4.0, 0.7080183073305181)	(5.0, 0.6953751232710446)	(6.0, 0.4854982678837838)	(7.0, 0.47791235744809973)	(8.0, 0.4854982678837838)	(9.0, 0.5461855513692568)	('>10', 6.01562697549751)	('>50', 3.4086024224340656)	('>100', 11.505297494120919)	('>500', 8.319215111133587)	('>1k', 31.67117606898121)	('>5k', 24.2243406579513)	('>10k+', 0.0)
SRR19621233_1	(1.0, 6.47838850086041)	(2.0, 2.5255592671323006)	(3.0, 1.5031885818402673)	(4.0, 1.2045753618787327)	(5.0, 0.7212268448223504)	(6.0, 0.5617977528089888)	(7.0, 0.6022876809393664)	(8.0, 0.34416438910820935)	(9.0, 0.3416337686000607)	('>10', 6.38981678307521)	('>50', 5.706549245875089)	('>100', 17.00576981475858)	('>500', 14.649762121672232)	('>1k', 27.644498431015286)	('>5k', 14.320781455612916)	('>10k+', 0.0)
SRR19621233_2	(1.0, 11.564935722239094)	(2.0, 2.8241724870938354)	(3.0, 1.4044943820224718)	(4.0, 1.0426156493572223)	(5.0, 0.8097985626075512)	(6.0, 0.7136349832979046)	(7.0, 0.6022876809393664)	(8.0, 0.4858791375645309)	(9.0, 0.5693896143334346)	('>10', 7.252758376353882)	('>50', 3.5352768498835916)	('>100', 15.603806053244258)	('>500', 11.73448729628505)	('>1k', 27.598947261868613)	('>5k', 14.257515942909201)	('>10k+', 0.0)
SRR19621234_1	(1.0, 5.414502389362144)	(2.0, 2.0361520880947435)	(3.0, 1.1531269478495743)	(4.0, 0.7895283606897985)	(5.0, 0.7375857053812591)	(6.0, 0.5235819655100769)	(7.0, 0.5526698524828589)	(8.0, 0.4321628921670476)	(9.0, 0.5609806773322252)	('>10', 6.573862455848743)	('>50', 3.2100560980677333)	('>100', 10.75005194265531)	('>500', 8.485352171202992)	('>1k', 20.47579472262622)	('>5k', 11.383752337419489)	('>10k+', 26.920839393309787)
SRR19621234_2	(1.0, 9.586536463744027)	(2.0, 2.2314564720548513)	(3.0, 1.1655931851236236)	(4.0, 1.0637855807188865)	(5.0, 0.7583627675046748)	(6.0, 0.7355079991689175)	(7.0, 0.4944940785372948)	(8.0, 0.4321628921670476)	(9.0, 0.4674838977768544)	('>10', 7.6210263868688966)	('>50', 3.293164346561396)	('>100', 9.146062746727612)	('>500', 7.488053189279036)	('>1k', 25.657594016206108)	('>5k', 29.858715977560774)	('>10k+', 0.0)
