Feature ID	Taxon	Confidence
8622987ddfa6f1a7d9909f49018cb1f1	d__Bacteria; p__Firmicutes; c__Clostridia; o__Lachnospirales; f__Lachnospiraceae; g__Blautia	0.9859293528444203
a4546f79ebf09835b8d436dbcee45a5d	d__Bacteria; p__Firmicutes; c__Clostridia; o__Lachnospirales; f__Lachnospiraceae; g__Blautia	0.9974588974016916
8b7cd55d5449f3c0aa282f514ca5995b	d__Bacteria; p__Firmicutes; c__Clostridia; o__Lachnospirales; f__Lachnospiraceae; g__Fusicatenibacter; s__uncultured_organism	0.7706401839090673
b167ad9fdf6c2158e6e90d7756049242	d__Bacteria; p__Firmicutes; c__Clostridia; o__Oscillospirales; f__Ruminococcaceae; g__Faecalibacterium	0.9983111997347557
1de8a8bc685293bc92fccfd080dd1a64	d__Bacteria; p__Firmicutes; c__Clostridia; o__Lachnospirales; f__Lachnospiraceae; g__Blautia	0.9620590768676726
1d3c676d5555d4b2aa01154ec1d44206	d__Bacteria; p__Firmicutes; c__Clostridia; o__Oscillospirales; f__Ruminococcaceae	0.9775529478161589
a8950ea716619e3682e2a34473e5adc7	d__Bacteria; p__Firmicutes; c__Clostridia; o__Lachnospirales; f__Lachnospiraceae; g__Agathobacter	0.9661369864051096
fc9eb1f00856480534aa837ca362656e	d__Bacteria; p__Firmicutes; c__Clostridia; o__Lachnospirales; f__Lachnospiraceae; g__Blautia	0.9929939898448805
226097bd7a1661a286a3b62d1c1f0e3a	d__Bacteria; p__Verrucomicrobiota; c__Verrucomicrobiae; o__Verrucomicrobiales; f__Akkermansiaceae; g__Akkermansia; s__Akkermansia_muciniphila	0.9067212215707778
9e0cf2990d3c1b967f22b595403e1578	d__Bacteria; p__Firmicutes; c__Clostridia; o__Lachnospirales; f__Lachnospiraceae; g__Anaerostipes	0.9999999094433318
eae0738ba858df2d22433de0913bc58c	d__Bacteria; p__Bacteroidota; c__Bacteroidia; o__Bacteroidales; f__Bacteroidaceae; g__Bacteroides; s__Bacteroides_vulgatus	0.9605302537358905
0db5d53458bf68ab4f3ca669bff9b5f3	d__Bacteria; p__Actinobacteriota; c__Actinobacteria; o__Bifidobacteriales; f__Bifidobacteriaceae; g__Bifidobacterium	0.9999999769243375
e6e736770ba0182e08607e5032536759	d__Bacteria; p__Firmicutes; c__Clostridia; o__Lachnospirales; f__Lachnospiraceae; g__Dorea; s__uncultured_bacterium	0.7963107965930999
8d29a4b0e2aa4632d98d3b302ea9ef31	d__Bacteria; p__Actinobacteriota; c__Actinobacteria; o__Bifidobacteriales; f__Bifidobacteriaceae; g__Bifidobacterium	0.9999999705925378
ed8e1240eb554ecf417abfbb4dd0b542	d__Bacteria; p__Firmicutes; c__Clostridia; o__Lachnospirales; f__Lachnospiraceae; g__[Eubacterium]_hallii_group	0.9999999505566434
5a6289b8068d8b7722dafb10cc3d0b76	d__Bacteria; p__Firmicutes; c__Clostridia; o__Oscillospirales; f__Ruminococcaceae; g__Subdoligranulum	0.9998771712039299
4f565c0abcf6b2d92a5b560f5b58b50b	d__Bacteria; p__Firmicutes; c__Bacilli; o__Lactobacillales; f__Streptococcaceae; g__Streptococcus	0.9999999608530055
c5c368fa5d36912d8a01dbdf80cf9aea	d__Bacteria; p__Firmicutes; c__Clostridia; o__Oscillospirales; f__Ruminococcaceae; g__Subdoligranulum	0.9976479689687976
c29d42f3469306f77972fbf5ab565615	d__Bacteria; p__Firmicutes; c__Bacilli; o__Erysipelotrichales; f__Erysipelatoclostridiaceae; g__Erysipelotrichaceae_UCG-003	0.9999995354897424
e600ed0f942a5d18f8cfcfabbad1f898	d__Archaea; p__Euryarchaeota; c__Methanobacteria; o__Methanobacteriales; f__Methanobacteriaceae; g__Methanobrevibacter; s__Methanobrevibacter_smithii	0.9251370314214452
592b19b91910c7d13ead34e0a6e2c194	d__Bacteria; p__Firmicutes; c__Clostridia; o__Lachnospirales; f__Lachnospiraceae; g__[Ruminococcus]_gauvreauii_group	0.9939580322838958
f221f8076616963818a94ba26d64e786	d__Bacteria; p__Firmicutes; c__Clostridia; o__Oscillospirales; f__Ruminococcaceae; g__Incertae_Sedis	0.9999984254163258
7c5c099ae477c1e45683d943eba5df41	d__Bacteria; p__Firmicutes; c__Clostridia; o__Lachnospirales; f__Lachnospiraceae; g__Blautia	0.9545260924565786
ca3443e661e5449316a88cdc505f6506	d__Bacteria; p__Firmicutes; c__Clostridia; o__Lachnospirales; f__Lachnospiraceae; g__[Ruminococcus]_torques_group	0.988041701936564
11b6e085e506436abb45e998147d138a	d__Bacteria; p__Firmicutes; c__Clostridia; o__Oscillospirales; f__Ruminococcaceae; g__Faecalibacterium	0.9977496869955494
50de1fd38e747608dcec3bf7df066d18	d__Bacteria; p__Firmicutes; c__Bacilli; o__Erysipelotrichales; f__Erysipelatoclostridiaceae; g__Catenibacterium	0.9999998738704967
df1ce85ab323b711ebe3aaee27b258ae	d__Bacteria; p__Firmicutes; c__Clostridia; o__Lachnospirales; f__Lachnospiraceae; g__[Eubacterium]_hallii_group	0.9999999757807827
8b77f352fd8d25b662238c15c05fa6b2	d__Bacteria; p__Firmicutes; c__Clostridia; o__Peptostreptococcales-Tissierellales; f__Peptostreptococcaceae; g__Romboutsia	0.9801833394266104
24a243c38014e2daa1fadd8c23ec578f	d__Bacteria; p__Actinobacteriota; c__Coriobacteriia; o__Coriobacteriales; f__Coriobacteriaceae; g__Collinsella	0.9999999997359702
63dd3986b722a781191c5053e5b46443	d__Bacteria; p__Firmicutes; c__Clostridia; o__Lachnospirales; f__Lachnospiraceae; g__[Ruminococcus]_gnavus_group	0.9991269215847669
e3fa90c670b3e7c3588c760c08c991b7	d__Bacteria; p__Firmicutes; c__Clostridia; o__Lachnospirales; f__Lachnospiraceae; g__Coprococcus	0.9944933542511476
a04a11b72b931e796ed97a673ee3b8f7	d__Bacteria; p__Firmicutes; c__Clostridia; o__Clostridiales; f__Clostridiaceae; g__Clostridium_sensu_stricto_1	0.9999552984930825
08be7ee7e2c933c064e9d7586f7c00aa	d__Bacteria; p__Firmicutes; c__Clostridia; o__Monoglobales; f__Monoglobaceae; g__Monoglobus; s__uncultured_organism	0.8988210904454998
499c26dbde4691c9dd12aa4400bce7be	d__Bacteria; p__Bacteroidota; c__Bacteroidia; o__Bacteroidales; f__Bacteroidaceae; g__Bacteroides; s__Bacteroides_dorei	0.9022470907095317
57273e0d47cf3ed1c2679c0a9ce830dc	d__Bacteria; p__Firmicutes; c__Clostridia; o__Lachnospirales; f__Lachnospiraceae; g__Anaerostipes	0.999999875258818
bb90590ff66c7a236c73f99291696f29	d__Bacteria; p__Firmicutes; c__Negativicutes; o__Veillonellales-Selenomonadales; f__Veillonellaceae; g__Dialister	0.9999999343198592
81fb9360f5e5db4f7d99b5f099c691bf	d__Bacteria; p__Firmicutes; c__Clostridia; o__Lachnospirales; f__Lachnospiraceae; g__[Ruminococcus]_torques_group; s__Ruminococcus_torques	0.7348169480050492
98bb3606431f107f51863bbe8ac6d1cb	d__Bacteria; p__Firmicutes; c__Clostridia; o__Lachnospirales; f__Lachnospiraceae; g__[Eubacterium]_hallii_group	0.9999999577554066
2abcf003788d23bd2e0506a728d67415	d__Bacteria; p__Firmicutes; c__Clostridia; o__Lachnospirales; f__Lachnospiraceae; g__Dorea; s__Dorea_formicigenerans	0.8109027414756016
1af904d2b5c09803c9af4aa6a9e9fd44	d__Bacteria; p__Firmicutes; c__Clostridia; o__Oscillospirales; f__Ruminococcaceae; g__Incertae_Sedis	0.9999467600409059
004ca9d14962355f711fea88ca840425	d__Bacteria; p__Firmicutes; c__Clostridia; o__Lachnospirales; f__Lachnospiraceae	0.9999994041697522
f01167cfcdeab9665a07bcb664e714e9	d__Bacteria; p__Bacteroidota; c__Bacteroidia; o__Bacteroidales; f__Bacteroidaceae; g__Bacteroides; s__Bacteroides_stercoris	0.9942479577526951
30224fff17f43adec51a3b47940b5d01	d__Bacteria; p__Firmicutes; c__Clostridia; o__Lachnospirales; f__Lachnospiraceae; g__Blautia	0.969813701494428
0c443b081fb69d6f88d60364eac4d5d3	d__Bacteria; p__Actinobacteriota; c__Actinobacteria; o__Bifidobacteriales; f__Bifidobacteriaceae; g__Bifidobacterium	0.9999993856041999
a046007bb4a0ce2b32bb1c4dd6ee867b	d__Bacteria; p__Bacteroidota; c__Bacteroidia; o__Bacteroidales; f__Bacteroidaceae; g__Bacteroides; s__Bacteroides_uniformis	0.9489302934361125
b1cac44f8ef87cdd1812a7808f7b73d7	d__Bacteria; p__Firmicutes; c__Negativicutes; o__Veillonellales-Selenomonadales; f__Veillonellaceae; g__Megasphaera; s__uncultured_organism	0.8323724970063988
6c91b03edc155703d03eca97c5a2597b	d__Bacteria; p__Bacteroidota; c__Bacteroidia; o__Bacteroidales; f__Prevotellaceae; g__Prevotella	0.9999999977791203
2c2f4e4de7b7f5063c7df4ae3e5046cd	d__Bacteria; p__Firmicutes; c__Bacilli; o__Erysipelotrichales; f__Erysipelotrichaceae; g__Holdemanella; s__uncultured_bacterium	0.9682923514353752
5eefe1c67a4852bd62c90dbcd2053008	d__Bacteria; p__Firmicutes; c__Clostridia; o__Lachnospirales; f__Lachnospiraceae; g__Blautia	0.9997646975478685
fe4c45af45a1ced6777398479ca5025b	d__Bacteria; p__Bacteroidota; c__Bacteroidia; o__Bacteroidales; f__Bacteroidaceae; g__Bacteroides; s__Bacteroides_thetaiotaomicron	0.7950932239970377
9c8982eef9c893ee2d02cdd2f535ad46	d__Bacteria; p__Firmicutes; c__Bacilli; o__Lactobacillales; f__Lactobacillaceae; g__Lactobacillus; s__Lactobacillus_ruminis	0.9008526826448128
c0760c8bb5af78b448b74dabd5dc0cd7	d__Bacteria; p__Firmicutes; c__Clostridia; o__Lachnospirales; f__Lachnospiraceae; g__[Ruminococcus]_torques_group	0.9932284109764618
907f33a02b3b0b6877cf723409d00d7b	d__Bacteria; p__Firmicutes; c__Clostridia; o__Oscillospirales; f__Ruminococcaceae; g__Incertae_Sedis; s__uncultured_organism	0.8964894074134565
30b299f78e88ae4da3a4732dc187a04d	d__Bacteria; p__Firmicutes; c__Clostridia; o__Lachnospirales; f__Lachnospiraceae	0.9999991132080761
d173e3eb5ae43069f02e699f35d72238	d__Bacteria; p__Bacteroidota; c__Bacteroidia; o__Bacteroidales; f__Tannerellaceae; g__Parabacteroides; s__Parabacteroides_merdae	0.9959613868475302
2a7b8c0c18ff3b9b4cd4e1c3a8a18d8d	d__Bacteria; p__Firmicutes; c__Clostridia; o__Peptostreptococcales-Tissierellales; f__Peptostreptococcaceae; g__Intestinibacter	0.994947316839387
d3ad1d89be0ec080dee21dc5283fcbe9	d__Bacteria; p__Bacteroidota; c__Bacteroidia; o__Bacteroidales; f__Bacteroidaceae; g__Bacteroides	0.9999999999331156
801a759b951725e76640d54b8181f643	d__Bacteria; p__Verrucomicrobiota; c__Verrucomicrobiae; o__Verrucomicrobiales; f__Akkermansiaceae; g__Akkermansia	0.9999999999898983
35b02bf1210d1555b77db5fe81d1fd97	d__Bacteria; p__Firmicutes; c__Clostridia; o__Lachnospirales; f__Lachnospiraceae; g__Lachnospiraceae_ND3007_group; s__metagenome	0.839538403793078
7a788fd4ad85a44927663c33ca823af9	d__Bacteria; p__Firmicutes; c__Clostridia; o__Oscillospirales; f__Ruminococcaceae; g__Ruminococcus	0.9999034461568279
4d1dd1ab6d69c263ce76517dcdfaf4a9	d__Bacteria; p__Bacteroidota; c__Bacteroidia; o__Bacteroidales; f__Bacteroidaceae; g__Bacteroides; s__Bacteroides_uniformis	0.7470510186624983
42bf0230501446f0ac41a1cfa733a019	d__Bacteria; p__Bacteroidota; c__Bacteroidia; o__Bacteroidales; f__Rikenellaceae; g__Alistipes; s__Alistipes_onderdonkii	0.7332637574033459
98be5346ef1749fd281504e99abf8548	d__Bacteria; p__Bacteroidota; c__Bacteroidia; o__Bacteroidales; f__Rikenellaceae; g__Alistipes	0.9999999999999423
25e66412d5d3929fdd2e88b4a4affff2	d__Bacteria; p__Bacteroidota; c__Bacteroidia; o__Bacteroidales; f__Bacteroidaceae; g__Bacteroides; s__Bacteroides_caccae	0.9369479511622901
ea6689423c7baff57b9abc9f4d358f4c	d__Bacteria; p__Firmicutes; c__Clostridia; o__Lachnospirales; f__Lachnospiraceae; g__[Ruminococcus]_gauvreauii_group	0.9869351421802268
673cdcc11571eff632f9639adc4aa4b2	d__Bacteria; p__Firmicutes; c__Clostridia; o__Christensenellales; f__Christensenellaceae; g__Christensenellaceae_R-7_group	0.9590704389323736
7bbf66d2c237d2b03ba3a7e5adf9ad5f	d__Bacteria; p__Firmicutes; c__Clostridia; o__Lachnospirales; f__Lachnospiraceae; g__Roseburia; s__gut_metagenome	0.9887241107939289
b58cf837b9db14a03300a69a420152b7	d__Bacteria; p__Firmicutes; c__Clostridia; o__Lachnospirales; f__Lachnospiraceae; g__uncultured	0.7764307716006097
5707725e1aab6794269347a2ff3da18f	d__Bacteria; p__Firmicutes; c__Clostridia; o__Oscillospirales; f__Ruminococcaceae	0.9912173856048436
c49b96326cfed7b8d97d7ce6e9a039c7	d__Bacteria; p__Firmicutes; c__Clostridia; o__Lachnospirales; f__Lachnospiraceae; g__Coprococcus; s__metagenome	0.9623740113326542
f4be831e34eb58cbd974685d4f455352	d__Bacteria; p__Firmicutes; c__Clostridia; o__Lachnospirales; f__Lachnospiraceae; g__Coprococcus; s__Coprococcus_eutactus	0.8502240724882424
5c4c361695cb59f119cdf583d315aee9	d__Bacteria; p__Firmicutes; c__Clostridia; o__Oscillospirales; f__Ruminococcaceae; g__Faecalibacterium	0.9992677469176223
e8072d8f9324c234e49a645271f23cc6	d__Bacteria; p__Firmicutes; c__Clostridia; o__Clostridia_UCG-014; f__Clostridia_UCG-014; g__Clostridia_UCG-014	0.9999999944738833
ef1ba808d22e385a3e98f523cc9795e5	d__Bacteria; p__Firmicutes; c__Clostridia; o__Oscillospirales; f__[Eubacterium]_coprostanoligenes_group; g__[Eubacterium]_coprostanoligenes_group; s__unidentified	0.9564251859272311
21e692c3795d9ce3259300fd17242343	d__Bacteria; p__Firmicutes; c__Clostridia; o__Peptostreptococcales-Tissierellales; f__Peptostreptococcaceae; g__Terrisporobacter; s__uncultured_bacterium	0.7028125129112641
2977ee49572ded229f1bf95311acd3c1	d__Bacteria; p__Firmicutes; c__Bacilli; o__Erysipelotrichales; f__Erysipelatoclostridiaceae; g__Erysipelatoclostridium; s__Erysipelatoclostridium_ramosum	0.8747335953401694
9a557c94ec2990854de797af4384a398	d__Bacteria; p__Firmicutes; c__Clostridia; o__Lachnospirales; f__Lachnospiraceae; g__Blautia	0.9833718619467963
39fbbdb269c209c5405e7fc70d2a0ec9	d__Bacteria; p__Firmicutes; c__Clostridia; o__Lachnospirales; f__Lachnospiraceae; g__Agathobacter; s__Eubacterium_ramulus	0.9742988804964945
04452c83340ecb71a3c1bea0251bbd75	d__Bacteria; p__Firmicutes; c__Clostridia; o__Oscillospirales; f__Ruminococcaceae; g__Ruminococcus	0.9999999827071838
88c5776bc25b6bfbc9fb2be3a37fd071	d__Bacteria; p__Firmicutes; c__Clostridia; o__Lachnospirales; f__Lachnospiraceae	0.9999999778112887
bc71b2ce4d24111d6991b7a90e629418	d__Bacteria; p__Firmicutes; c__Clostridia; o__Lachnospirales; f__Lachnospiraceae; g__Roseburia	0.9947419313523936
555ce978698742a59a9b7bd8d48c1bed	d__Bacteria; p__Firmicutes; c__Clostridia; o__Oscillospirales; f__Ruminococcaceae; g__Incertae_Sedis; s__[Clostridium]_leptum	0.9771409005773569
78dc28fa7efba149e50a0b886672b744	d__Bacteria; p__Firmicutes; c__Clostridia; o__Lachnospirales; f__Lachnospiraceae; g__Lachnoclostridium	0.716299188382389
84a84f886cdd81915c99252cca836752	d__Bacteria; p__Firmicutes; c__Clostridia; o__Oscillospirales; f__Ruminococcaceae; g__Incertae_Sedis	0.9999752352571912
bb91e0dc859ca893e6efab837d28c2b1	d__Bacteria; p__Firmicutes; c__Clostridia; o__Lachnospirales; f__Lachnospiraceae; g__Blautia	0.8764038552135829
7aece21319ebbac695c2db50bf75cda9	d__Bacteria; p__Firmicutes; c__Clostridia; o__Lachnospirales; f__Lachnospiraceae; g__Blautia; s__Blautia_glucerasea	0.8793990690467808
129c76f1b24b0f10b24d7b20f92cbdb8	d__Bacteria; p__Firmicutes; c__Clostridia; o__Oscillospirales; f__Ruminococcaceae; g__CAG-352; s__uncultured_bacterium	0.8715470747557971
f32d3aae7b61b9034d192794f30bdd28	d__Bacteria; p__Firmicutes; c__Clostridia; o__Lachnospirales; f__Lachnospiraceae; g__[Eubacterium]_ventriosum_group; s__uncultured_Lachnospiraceae	0.8415164515616631
96afbf5d77c72b7b9397eaf4e208d7fe	d__Bacteria; p__Firmicutes; c__Clostridia; o__Lachnospirales; f__Lachnospiraceae; g__Blautia; s__Blautia_hydrogenotrophica	0.9971034450482588
04bb565690893e54ba147a858e9c57da	d__Bacteria; p__Firmicutes; c__Clostridia; o__Lachnospirales; f__Lachnospiraceae; g__[Ruminococcus]_torques_group; s__Ruminococcus_lactaris	0.8983038029755166
230b40d1516bb280a9485644172678ab	d__Bacteria; p__Firmicutes; c__Clostridia; o__Lachnospirales; f__Lachnospiraceae; g__Roseburia; s__Roseburia_hominis	0.8858859345609155
3b7d3a126b22cbef6e03ae8205a296ec	d__Bacteria; p__Firmicutes; c__Clostridia; o__Lachnospirales; f__Lachnospiraceae; g__Blautia; s__Blautia_sp.	0.9731759215565767
199bc69e93a1eb2e187a9ab78af4a7d2	d__Bacteria; p__Firmicutes; c__Bacilli; o__Lactobacillales; f__Streptococcaceae; g__Streptococcus	0.9999962927232009
ea052139a16a1ef0b7cdc98011d93b09	d__Bacteria; p__Firmicutes; c__Clostridia; o__Lachnospirales; f__Lachnospiraceae; g__CAG-56; s__uncultured_bacterium	0.9449851074138376
44c4cf2eb9ccb05470f40c8e8d74a17a	d__Bacteria; p__Firmicutes; c__Clostridia; o__Lachnospirales; f__Lachnospiraceae; g__Marvinbryantia	0.9335504548149083
04a79736420e423d4cd6043253521d58	d__Bacteria; p__Firmicutes; c__Clostridia; o__Oscillospirales; f__Butyricicoccaceae; g__Butyricicoccus	0.9999997300302315
7e58e563280eaf8f9c2cb911e626a0ef	d__Bacteria; p__Firmicutes; c__Clostridia; o__Lachnospirales; f__Lachnospiraceae	0.9999990966921958
8ecd07ae3d918c0a77fc882236449f93	d__Bacteria; p__Actinobacteriota; c__Actinobacteria; o__Bifidobacteriales; f__Bifidobacteriaceae; g__Bifidobacterium; s__Bifidobacterium_pullorum	0.9014999369944299
286ff5326405f92de951a43b353d5bfb	d__Bacteria; p__Firmicutes; c__Clostridia; o__Lachnospirales; f__Lachnospiraceae; g__Marvinbryantia; s__metagenome	0.7547262827258912
191a69529c91c6bc3f1f0e8c560424a9	d__Bacteria; p__Firmicutes; c__Clostridia; o__Oscillospirales; f__Butyricicoccaceae; g__Butyricicoccus	0.9999999064609562
e539cfe7a9bd0a7de696f876451d5d26	d__Bacteria; p__Firmicutes; c__Clostridia; o__Christensenellales; f__Christensenellaceae; g__Christensenellaceae_R-7_group; s__uncultured_prokaryote	0.8774051092421227
e1aebe7c9c9145642a671f69b44ec69c	d__Bacteria; p__Firmicutes; c__Clostridia; o__Oscillospirales; f__Oscillospiraceae; g__UCG-002	0.999993148156795
26a71086d5b7dd99af7eaa6497954815	d__Bacteria; p__Firmicutes; c__Clostridia; o__Lachnospirales; f__Lachnospiraceae	0.999999977703588
a3c179b6003f11bd5d2d96274c7940ef	d__Bacteria; p__Firmicutes; c__Clostridia; o__Lachnospirales; f__Lachnospiraceae; g__uncultured; s__uncultured_Eubacterium	0.99861865188881
95e30d4e386ff85906451157a8248207	d__Bacteria; p__Firmicutes; c__Clostridia; o__Peptostreptococcales-Tissierellales; f__Peptostreptococcaceae; g__Peptoclostridium	0.9992455518848834
07d0062e63a21a31a692129f8fe16ac6	d__Bacteria; p__Firmicutes; c__Bacilli; o__Erysipelotrichales; f__Erysipelotrichaceae; g__Turicibacter	0.9999965465227585
b8ca6610e4023cc4dad130491c330e57	d__Bacteria; p__Firmicutes; c__Bacilli; o__Erysipelotrichales; f__Erysipelotrichaceae	0.9999999999999759
50935370327b2c7621fb3bf842aff307	d__Bacteria; p__Bacteroidota; c__Bacteroidia; o__Bacteroidales; f__Bacteroidaceae; g__Bacteroides; s__Bacteroides_ovatus	0.8427955611867656
7f47e44138ceed006ea492d8464f8637	d__Bacteria; p__Firmicutes; c__Clostridia; o__Oscillospirales; f__Oscillospiraceae; g__UCG-005	0.9999428773471717
c8e646fc19ef5885ecc49ef9d53bebc2	d__Bacteria; p__Firmicutes; c__Clostridia; o__Lachnospirales; f__Lachnospiraceae; g__Fusicatenibacter	0.9997407420796478
9fe936f55c7d1ce3a4c7387ba09d596a	d__Bacteria; p__Firmicutes; c__Clostridia; o__Lachnospirales; f__Lachnospiraceae; g__Sellimonas; s__uncultured_bacterium	0.8902110031321127
8d30208c8902d49b0064bef074d486f9	d__Bacteria; p__Firmicutes; c__Clostridia; o__Lachnospirales; f__Lachnospiraceae; g__Blautia	0.988804079709762
2acc0eeaf11d4e05a0275b4614e23db2	d__Bacteria; p__Firmicutes; c__Clostridia; o__Lachnospirales; f__Lachnospiraceae; g__Lachnospiraceae_NK4A136_group; s__uncultured_organism	0.9455050687428517
560dbc5f4b770e95b6c767a9ac84d3cd	d__Bacteria; p__Firmicutes; c__Bacilli; o__Erysipelotrichales; f__Erysipelotrichaceae; g__Faecalitalea	0.9999999701844994
2f3bc3b437200ad722b52e0112eae585	d__Bacteria; p__Firmicutes; c__Negativicutes; o__Acidaminococcales; f__Acidaminococcaceae; g__Phascolarctobacterium; s__Phascolarctobacterium_faecium	0.7655259691545039
e5c182a72ab6968853f3675e8c66677e	d__Bacteria; p__Firmicutes; c__Clostridia; o__Lachnospirales; f__Lachnospiraceae; g__Coprococcus; s__unidentified	0.9745997301900365
70d964f93f376575a594c0c7e13b3048	d__Archaea; p__Euryarchaeota; c__Methanobacteria; o__Methanobacteriales; f__Methanobacteriaceae; g__Methanobrevibacter	0.9999998085583282
69ce0617cbc3b5ee8bf0bdf40659d73a	d__Bacteria; p__Firmicutes; c__Clostridia; o__Oscillospirales; f__Ruminococcaceae; g__Ruminococcus	0.9999999167033765
0495ee5a976b4e675a8f08bc17428218	d__Bacteria; p__Firmicutes; c__Clostridia; o__Oscillospirales; f__Oscillospiraceae; g__uncultured	0.7191833462155288
55bfb2bcd8927eb6606df96d2643c987	d__Bacteria; p__Firmicutes; c__Clostridia; o__Lachnospirales; f__Lachnospiraceae; g__Coprococcus; s__Lachnospiraceae_bacterium	0.7678426451706899
7aa47d031d30f937cc5283b98f32f344	d__Bacteria; p__Firmicutes; c__Clostridia; o__Lachnospirales; f__Lachnospiraceae; g__Lachnospiraceae_NK4A136_group; s__uncultured_organism	0.7233464379827341
177a3f71aabe7f12640a993eaac36069	d__Bacteria; p__Bacteroidota; c__Bacteroidia; o__Bacteroidales; f__Bacteroidaceae; g__Bacteroides; s__Bacteroides_ovatus	0.914228101756001
8687d1ad150228c9da510f906b670cd2	d__Bacteria; p__Firmicutes; c__Clostridia; o__Lachnospirales; f__Lachnospiraceae; g__Blautia	0.998721921519696
0d4308a6c5651f024209d99da9d092f5	d__Bacteria; p__Verrucomicrobiota; c__Verrucomicrobiae; o__Verrucomicrobiales; f__Akkermansiaceae; g__Akkermansia	0.999999999979626
e6dd42c57ca1a6aca6ced47a7e907921	d__Bacteria; p__Firmicutes; c__Clostridia; o__Peptostreptococcales-Tissierellales; f__Peptostreptococcaceae; g__Romboutsia	0.9973390227472211
38576d73b4d4cc401ed1f5a4ec1eaca2	d__Bacteria; p__Firmicutes; c__Clostridia; o__Lachnospirales; f__Lachnospiraceae; g__[Ruminococcus]_gauvreauii_group	0.996165923767636
e33cfc02be7e0af3b271c66ba29590f5	d__Bacteria; p__Firmicutes; c__Clostridia; o__Lachnospirales; f__Lachnospiraceae; g__[Eubacterium]_hallii_group; s__uncultured_bacterium	0.999461379234772
068882782bc1bcc841a6058533ef2040	d__Bacteria; p__Firmicutes; c__Clostridia; o__Oscillospirales; f__Ruminococcaceae; g__Faecalibacterium	0.9980184743226024
2eced03d4224ef6cd48645bafad4721f	d__Bacteria; p__Firmicutes; c__Clostridia; o__Lachnospirales; f__Lachnospiraceae; g__Blautia	0.9842127847878601
ea1fa961ea7003286f5dbf10836c0697	d__Bacteria; p__Firmicutes; c__Clostridia; o__Lachnospirales; f__Lachnospiraceae; g__Lachnoclostridium; s__[Clostridium]_scindens	0.9894651135937343
32cc00050c87e20ff23edea11a210440	d__Bacteria; p__Firmicutes; c__Clostridia; o__Lachnospirales; f__Lachnospiraceae; g__Lachnospiraceae_UCG-009	0.7401696676556857
b34918c52da34b9fc74c9b8393bedf66	d__Bacteria; p__Firmicutes; c__Clostridia; o__Lachnospirales; f__Lachnospiraceae; g__[Ruminococcus]_gauvreauii_group	0.9926973596324127
424480e9686c5c5f0c1c5d7bb52edd74	d__Bacteria; p__Firmicutes; c__Clostridia; o__Oscillospirales; f__Ruminococcaceae; g__UBA1819; s__uncultured_organism	0.8107530939825285
804f1647295785a88dc28b9b30dc5077	d__Bacteria; p__Firmicutes; c__Clostridia; o__Oscillospirales; f__[Eubacterium]_coprostanoligenes_group; g__[Eubacterium]_coprostanoligenes_group; s__gut_metagenome	0.9691108320250642
4d4e84214dfdd2547dd11b167fb4f1dd	d__Bacteria; p__Firmicutes; c__Clostridia; o__Oscillospirales; f__Ruminococcaceae; g__CAG-352; s__uncultured_organism	0.814562196928213
d4f70b1fb46b3e8c80435163c993304d	d__Bacteria; p__Firmicutes; c__Clostridia; o__Christensenellales; f__Christensenellaceae; g__Christensenellaceae_R-7_group	0.9983962659287414
7a0e0229d03779258d22d6d268d58fba	d__Bacteria; p__Firmicutes; c__Clostridia; o__Oscillospirales; f__Ruminococcaceae; g__uncultured; s__anaerobic_digester	0.7378292101677909
f52c7d052641860703cab377fe3ccdc0	d__Bacteria; p__Firmicutes; c__Clostridia; o__Clostridiales; f__Clostridiaceae; g__Clostridium_sensu_stricto_1	0.9998608265225771
0cfc6dc25d50f8a1c1c45fd89a66d3f4	d__Bacteria; p__Firmicutes; c__Clostridia; o__Oscillospirales; f__[Eubacterium]_coprostanoligenes_group; g__[Eubacterium]_coprostanoligenes_group	0.9999999955606569
29a9aad667398c46822290d2f9a4bed6	d__Bacteria; p__Bacteroidota; c__Bacteroidia; o__Bacteroidales; f__Bacteroidaceae; g__Bacteroides; s__Bacteroides_massiliensis	0.9970660686864661
35d6e8016653cf59aefb5ab6ad2d2cf8	d__Bacteria; p__Firmicutes; c__Clostridia; o__Oscillospirales; f__Ruminococcaceae; g__[Eubacterium]_siraeum_group; s__[Eubacterium]_siraeum	0.9086370910725154
4cb1fadb55d704a2d77dd0d35ec0e69c	d__Bacteria; p__Firmicutes; c__Clostridia; o__Oscillospirales; f__Ruminococcaceae; g__Incertae_Sedis	0.9999983881400959
23f2efb78b7f6c9aff864c54df3e9f9a	d__Bacteria; p__Firmicutes; c__Clostridia; o__Lachnospirales; f__Lachnospiraceae; g__Lachnoclostridium; s__uncultured_organism	0.8134215512485654
21c47ce7835c803aede78d5bf66c8791	d__Bacteria; p__Firmicutes; c__Bacilli; o__Lactobacillales; f__Lactobacillaceae; g__Lactobacillus; s__Lactobacillus_murinus	0.7877137660363676
d6f143ec4f754489904413148f69ef6b	d__Bacteria; p__Firmicutes; c__Clostridia; o__Monoglobales; f__Monoglobaceae; g__Monoglobus	0.9972284458530656
15b1c348ac5b1cf7f94ffe2071ef7e9b	d__Bacteria; p__Firmicutes; c__Clostridia; o__Lachnospirales; f__Lachnospiraceae; g__Fusicatenibacter	0.9992922259572445
08e5996d843b3203b06163edc542cdef	d__Bacteria; p__Bacteroidota; c__Bacteroidia; o__Bacteroidales; f__Bacteroidaceae; g__Bacteroides; s__Bacteroides_cellulosilyticus	0.9591253424504006
65d4cd4ed0789778433d0b4b235c65dd	d__Bacteria; p__Actinobacteriota; c__Actinobacteria; o__Bifidobacteriales; f__Bifidobacteriaceae; g__Bifidobacterium; s__Bifidobacterium_bifidum	0.9590975841708067
f851259f9ce3d4995cd742108b6487d8	d__Bacteria; p__Firmicutes; c__Clostridia; o__Oscillospirales; f__Ruminococcaceae; g__Subdoligranulum	0.9970961110314814
bad5797a61879ba862a8f626a87d1b17	d__Bacteria; p__Firmicutes; c__Clostridia; o__Lachnospirales; f__Lachnospiraceae; g__Lachnospiraceae_NK4A136_group	0.9764617857881317
f2f5de6ed76bb0723cf1b61219904050	d__Bacteria; p__Firmicutes; c__Clostridia; o__Lachnospirales; f__Lachnospiraceae	0.9999999410771534
eedfcf07c3604960f7f54e17d4d170ba	d__Bacteria; p__Bacteroidota; c__Bacteroidia; o__Bacteroidales; f__Prevotellaceae; g__Prevotella; s__Massiliprevotella_massiliensis	0.9882275604463447
df5f8e6f57731f52381392871de418d1	d__Bacteria; p__Bacteroidota; c__Bacteroidia; o__Bacteroidales; f__Bacteroidaceae; g__Bacteroides; s__Bacteroides_fragilis	0.9613885313019939
651342260ddcb743f822ae84918ec9f6	d__Bacteria; p__Firmicutes; c__Clostridia; o__Lachnospirales; f__Lachnospiraceae; g__Blautia	0.7831378429530693
c0d22b49e9e6a680d740a8a70e193254	d__Bacteria; p__Firmicutes; c__Clostridia; o__Lachnospirales; f__Lachnospiraceae; g__Blautia; s__uncultured_Blautia	0.8939709480681174
e1fa95472b9b96bf42cd0c0640d5c70c	d__Bacteria; p__Bacteroidota; c__Bacteroidia; o__Bacteroidales; f__Bacteroidaceae; g__Bacteroides; s__Bacteroides_eggerthii	0.991913291939432
16c378ce2de02099c1e3322bb0fd7f68	d__Bacteria; p__Firmicutes; c__Clostridia; o__Lachnospirales; f__Lachnospiraceae; g__[Eubacterium]_hallii_group	0.9999998134471961
bdecb35d1950e42e8e0ca33348155a9e	d__Bacteria; p__Actinobacteriota; c__Coriobacteriia; o__Coriobacteriales; f__Coriobacteriaceae; g__Collinsella	0.9999999913581553
853bc0df4f511a52189a133d996cd9fb	d__Bacteria; p__Firmicutes; c__Clostridia; o__Lachnospirales; f__Lachnospiraceae; g__Lachnoclostridium	0.9997612348350605
a506bb120ee721e1b8292d882a200b56	d__Bacteria; p__Firmicutes; c__Clostridia; o__Lachnospirales; f__Lachnospiraceae; g__Tyzzerella	0.8392874906131343
aefe735ac1d44c4b7add767909c4181a	d__Bacteria; p__Firmicutes; c__Clostridia; o__Lachnospirales; f__Lachnospiraceae; g__Blautia	0.9759008733785196
1c2d9ca440867cd9d7b3e5eaccb7bdc3	d__Bacteria; p__Firmicutes; c__Bacilli; o__Lactobacillales; f__Streptococcaceae; g__Lactococcus; s__Lactococcus_lactis	0.751476278177914
c92f966c57d60e0b889f365e4f49aa12	d__Bacteria; p__Firmicutes; c__Clostridia; o__Lachnospirales; f__Lachnospiraceae; g__[Eubacterium]_hallii_group	0.9999998252153138
20839e8b3264e1d09afe3ef70df744e7	d__Bacteria; p__Firmicutes; c__Clostridia; o__Lachnospirales; f__Lachnospiraceae; g__Blautia	0.9998522006834597
249bbc9d260397053e8e7c8960cdb049	d__Bacteria; p__Firmicutes; c__Clostridia; o__Oscillospirales; f__Oscillospiraceae; g__NK4A214_group	0.9999694659917113
32ad00db5700d0a04654a84eed1b4c76	d__Bacteria; p__Firmicutes; c__Clostridia; o__Oscillospirales; f__Oscillospiraceae; g__UCG-002; s__uncultured_organism	0.9311875710923097
7033d30d88ff10e71b933f7d2c3fdb1a	d__Bacteria; p__Firmicutes; c__Clostridia; o__Clostridia_UCG-014; f__Clostridia_UCG-014; g__Clostridia_UCG-014; s__gut_metagenome	0.7855121014863279
5495104f6a2a19fe74f570a31a1bae00	d__Bacteria; p__Bacteroidota; c__Bacteroidia; o__Bacteroidales; f__Bacteroidaceae; g__Bacteroides; s__Bacteroides_rodentium	0.9368784498179001
4f44782d2e9483b14e4b8b3edc66c612	d__Bacteria; p__Firmicutes; c__Clostridia; o__Lachnospirales; f__Lachnospiraceae; g__[Eubacterium]_eligens_group	0.9999958423692545
57846ed95cd0fb8ab1266c567fb67ac6	d__Bacteria; p__Firmicutes; c__Clostridia; o__Lachnospirales; f__Lachnospiraceae; g__Frisingicoccus	0.9998144940353386
85ca5ba417d187366586e99a82a04518	d__Bacteria; p__Firmicutes; c__Clostridia; o__Lachnospirales; f__Lachnospiraceae; g__[Eubacterium]_hallii_group; s__uncultured_bacterium	0.9996561609851764
35395b9940e22cf94b73f86eabc11190	d__Bacteria; p__Firmicutes; c__Clostridia; o__Oscillospirales; f__[Eubacterium]_coprostanoligenes_group; g__[Eubacterium]_coprostanoligenes_group	0.9999735201604811
17f016e3298748a0eb03b67eb9267a19	d__Bacteria; p__Proteobacteria; c__Gammaproteobacteria; o__Enterobacterales; f__Enterobacteriaceae; g__Escherichia-Shigella	0.9892912250705642
1af14ca4abaea5d37600b68152fa9557	d__Bacteria; p__Bacteroidota; c__Bacteroidia; o__Bacteroidales; f__Bacteroidaceae; g__Bacteroides; s__Bacteroides_vulgatus	0.9859389080389784
d5c18f115c94741ecf962dabc11fb904	d__Bacteria; p__Firmicutes; c__Clostridia; o__Lachnospirales; f__Lachnospiraceae	0.9999991693411971
2767d4a7a901f282028a4285918789f1	d__Bacteria; p__Firmicutes; c__Clostridia; o__Oscillospirales; f__Oscillospiraceae; g__UCG-002; s__uncultured_rumen	0.9491371661259618
2e95fd11da45c34ee1cb0f946117cb48	d__Bacteria; p__Firmicutes; c__Clostridia; o__Lachnospirales; f__Lachnospiraceae; g__[Eubacterium]_eligens_group	0.9999954780543525
1c7f6704d2656cd97c59fe332c421d36	d__Bacteria; p__Firmicutes; c__Clostridia; o__Lachnospirales; f__Lachnospiraceae; g__Roseburia	0.9917617201715951
f63304afda846ba3536f24cf9b9e0e4a	d__Bacteria; p__Firmicutes; c__Clostridia; o__Christensenellales; f__Christensenellaceae; g__Christensenellaceae_R-7_group	0.9643651190794945
f9134c1c3b4a484038a42b58c980f5a0	d__Bacteria; p__Firmicutes; c__Clostridia; o__Christensenellales; f__Christensenellaceae; g__Christensenellaceae_R-7_group	0.9922340373349993
2774a22d6615729f4c57a332500ba68d	d__Bacteria; p__Firmicutes; c__Negativicutes; o__Veillonellales-Selenomonadales; f__Veillonellaceae; g__Megasphaera; s__Megasphaera_elsdenii	0.9016007432813855
586a968a02adb788ebd4147739dfd5aa	d__Bacteria; p__Firmicutes; c__Clostridia; o__Lachnospirales; f__Lachnospiraceae; g__Lachnoclostridium; s__Mordavella_sp.	0.9985344250485498
04998ebac089ed3027cb4baece38d99c	d__Bacteria; p__Firmicutes; c__Clostridia; o__Oscillospirales; f__Ruminococcaceae; g__Faecalibacterium; s__metagenome	0.856184301756464
ed79698f51f14d38d2ff749487611d42	d__Bacteria; p__Firmicutes; c__Clostridia; o__Lachnospirales; f__Lachnospiraceae; g__Blautia	0.8912976536801093
719e4c55f5615a2810e0c0ec008ff635	d__Bacteria; p__Firmicutes; c__Clostridia; o__Lachnospirales; f__Lachnospiraceae	0.9999542004592199
14c7421ccb8cb1199fe15c7ec91f3a97	d__Bacteria; p__Firmicutes; c__Clostridia; o__Oscillospirales; f__Oscillospiraceae; g__NK4A214_group; s__metagenome	0.956492360564213
b853dcf54ffa970e2dae2f059e133e1d	d__Bacteria; p__Firmicutes; c__Clostridia; o__Lachnospirales; f__Lachnospiraceae; g__Blautia	0.9464580034987077
e2e0aac0f334d2d10c2e04d3b315ed5f	d__Bacteria; p__Actinobacteriota; c__Coriobacteriia; o__Coriobacteriales; f__Coriobacteriales_Incertae_Sedis; g__uncultured; s__gut_metagenome	0.9413859357168934
3a18384217c73be4859edf6210b2be3d	d__Bacteria; p__Firmicutes; c__Clostridia; o__Lachnospirales; f__Lachnospiraceae; g__Lachnoclostridium	0.7238059485084898
ae667022055717d105477d2417aca00b	d__Bacteria; p__Firmicutes; c__Clostridia; o__Oscillospirales; f__Oscillospiraceae; g__UCG-002	0.9997409386919854
ec667a7abd2ad252b9c2fdf4cb4af980	d__Bacteria; p__Firmicutes; c__Clostridia; o__Peptostreptococcales-Tissierellales; f__Anaerovoracaceae; g__Mogibacterium; s__uncultured_bacterium	0.9998848716457956
8d490b2dec6cf6447a84e20089dddc79	d__Bacteria; p__Firmicutes; c__Clostridia; o__Lachnospirales; f__Lachnospiraceae	0.9999999499137378
913e0ac3fe1767a88a0d99d8cfb1b096	d__Bacteria; p__Bacteroidota; c__Bacteroidia; o__Bacteroidales; f__Bacteroidaceae; g__Bacteroides; s__Bacteroides_vulgatus	0.9893670750328037
46e8089f9df0f7a608bcbf5fc3084648	d__Bacteria; p__Firmicutes; c__Clostridia; o__Lachnospirales; f__Lachnospiraceae; g__Lachnospiraceae_NK4A136_group	0.9760508331756228
d897e821df898583baa7e832da459cfa	d__Bacteria; p__Firmicutes; c__Bacilli; o__Erysipelotrichales; f__Erysipelotrichaceae; g__Holdemanella; s__uncultured_bacterium	0.8782430185103665
f0d3ad42c3754a9af2c18ab6f102bb28	d__Bacteria; p__Proteobacteria; c__Gammaproteobacteria; o__Burkholderiales; f__Sutterellaceae; g__Parasutterella	0.9999999997926275
fa9652deb5e46c029e129315ffef3eff	d__Bacteria; p__Firmicutes; c__Clostridia; o__Peptostreptococcales-Tissierellales; f__Anaerovoracaceae; g__Family_XIII_AD3011_group; s__uncultured_bacterium	0.9436398677323349
9638a5e694d22b41365b8ee9fb888072	d__Bacteria; p__Firmicutes; c__Clostridia; o__Lachnospirales; f__Lachnospiraceae; g__Blautia	0.9871704610441087
ac9121b450f5566ed8cf919059288a4b	d__Bacteria; p__Actinobacteriota; c__Coriobacteriia; o__Coriobacteriales; f__Eggerthellaceae; g__uncultured; s__uncultured_bacterium	0.8089628329406253
4fbf50b7e5cc8cc460a794377d5bb3a6	d__Bacteria; p__Firmicutes; c__Clostridia; o__Lachnospirales; f__Lachnospiraceae; g__Blautia	0.9792517778082167
c54bf70908b1db0f88baa5d62cbedb52	d__Bacteria; p__Firmicutes; c__Bacilli; o__Erysipelotrichales; f__Erysipelotrichaceae; g__Holdemanella	0.9999999999809079
8e2e4a136a9c88493273398ce4b9ab28	d__Bacteria; p__Firmicutes; c__Bacilli; o__Erysipelotrichales; f__Erysipelotrichaceae; g__Turicibacter	0.9999973099550221
5129358ecdd938334f6bc95dc496bc18	d__Bacteria; p__Firmicutes; c__Clostridia; o__Oscillospirales; f__Ruminococcaceae	0.9937819213462834
88ab9af7bd6d8a09c14a812cb2082a79	d__Bacteria; p__Bacteroidota; c__Bacteroidia; o__Bacteroidales; f__Rikenellaceae; g__Alistipes; s__Alistipes_finegoldii	0.9528308505033469
d9b8b3f84496ee46ee1484163a0d7efa	d__Bacteria; p__Firmicutes; c__Clostridia; o__Lachnospirales; f__Lachnospiraceae; g__[Eubacterium]_hallii_group	0.9999992929336591
72463e00f4820bd41094f89904d2d7a2	d__Bacteria; p__Firmicutes; c__Bacilli; o__Erysipelotrichales; f__Erysipelatoclostridiaceae; g__Catenibacterium	0.9999975138823524
c15fa5c264d2420ced7f417314f350ab	d__Bacteria; p__Firmicutes; c__Clostridia; o__Lachnospirales; f__Lachnospiraceae; g__Lachnospiraceae_NK4A136_group; s__metagenome	0.9765566435576141
c4e9a040a11dcf068bc2eeda7671b0f8	d__Bacteria; p__Firmicutes; c__Clostridia; o__Oscillospirales; f__Oscillospiraceae; g__UCG-002	0.999941864899262
9f044cc0a20c33c235e8129f3d8f63f6	d__Bacteria; p__Firmicutes; c__Negativicutes; o__Veillonellales-Selenomonadales; f__Veillonellaceae; g__Dialister; s__uncultured_bacterium	0.8155227384882999
484d675a7c99d2f4601294bf0cab8873	d__Bacteria; p__Firmicutes; c__Negativicutes; o__Acidaminococcales; f__Acidaminococcaceae; g__Acidaminococcus	0.9996847171686233
e76550bbbd18a8319067eccc4b353635	d__Bacteria; p__Firmicutes; c__Clostridia; o__Oscillospirales; f__Oscillospiraceae; g__Colidextribacter; s__uncultured_Clostridia	0.9997638334185156
6526965f42816f3ebae9b2b1fa07ef98	d__Bacteria; p__Firmicutes; c__Clostridia; o__Lachnospirales; f__Lachnospiraceae	0.9999998603098732
3bc0d26f0f3b6649efea6baf46febf16	d__Bacteria; p__Firmicutes; c__Clostridia; o__Oscillospirales; f__Oscillospiraceae; g__Flavonifractor	0.9998690807127869
098d058572be27f3843a2fc37ba629c7	d__Bacteria; p__Firmicutes; c__Clostridia; o__Lachnospirales; f__Lachnospiraceae; g__Lachnospiraceae_FCS020_group; s__uncultured_organism	0.9921999078456051
377863b9b5f359b6bfd5cbe4c2bfdeda	d__Bacteria; p__Firmicutes; c__Clostridia; o__Lachnospirales; f__Lachnospiraceae; g__uncultured; s__uncultured_organism	0.8889015113440829
6856bf771af90c0d5c75ac067f585a99	d__Bacteria; p__Firmicutes; c__Clostridia; o__Oscillospirales; f__Ruminococcaceae; g__DTU089	0.999999176713527
4afe43a67795b3c7b232fba7c40b3804	d__Bacteria; p__Firmicutes; c__Clostridia; o__Clostridia_UCG-014; f__Clostridia_UCG-014; g__Clostridia_UCG-014; s__uncultured_organism	0.7470679515345554
9960c3fcfc2429f0aefd98aa370382ce	d__Bacteria; p__Bacteroidota; c__Bacteroidia; o__Bacteroidales; f__Bacteroidaceae; g__Bacteroides; s__Bacteroides_intestinalis	0.976129622377865
6e49fc95bd9c127e987ac272cc26cfcf	d__Bacteria; p__Bacteroidota; c__Bacteroidia; o__Bacteroidales; f__Bacteroidaceae; g__Bacteroides; s__Bacteroides_uniformis	0.9593212540621229
10ca6eec955cac9db2e91bb58e06a965	d__Bacteria; p__Firmicutes; c__Clostridia; o__Lachnospirales; f__Lachnospiraceae	0.9999823936919034
13e52764e1c08c4fd9902769bf9e022e	d__Bacteria; p__Firmicutes; c__Bacilli; o__Lactobacillales; f__Enterococcaceae; g__Enterococcus	0.9961298113165032
ea8e6a79da02b16d1374aec39e9a0592	d__Bacteria; p__Firmicutes; c__Clostridia; o__Lachnospirales; f__Lachnospiraceae	0.9999999668323986
b792dd9f1cdb4a1f60d481c0ef9eb032	d__Bacteria; p__Firmicutes; c__Clostridia; o__Christensenellales; f__Christensenellaceae	0.9942025750139231
b38270498fb6b50be10b3c375c40ef4a	d__Bacteria; p__Actinobacteriota; c__Coriobacteriia; o__Coriobacteriales; f__Eggerthellaceae; g__Eggerthella	0.999999990484661
a2bcf55b3abd8fd5ac3dcb0c91a48ef6	d__Bacteria; p__Firmicutes; c__Clostridia; o__Christensenellales; f__Christensenellaceae; g__Christensenellaceae_R-7_group; s__uncultured_marine	0.9996290602062038
34f596506fec311944e2ffcd6c1dcaba	d__Bacteria; p__Firmicutes; c__Clostridia; o__Oscillospirales; f__Ruminococcaceae; g__Incertae_Sedis; s__uncultured_organism	0.997874966819154
122e1ba1eeb3b0a650520c516087685e	d__Bacteria; p__Firmicutes; c__Clostridia; o__Clostridia_UCG-014; f__Clostridia_UCG-014; g__Clostridia_UCG-014; s__gut_metagenome	0.9314611887963624
b7f64d28d49eb2d41b541aa1eb87168d	d__Bacteria; p__Firmicutes; c__Clostridia; o__Oscillospirales; f__Ruminococcaceae; g__Ruminococcus; s__uncultured_Ruminococcus	0.9923238735193415
8afa28ca77bcdd0687b5475587929d7c	d__Bacteria; p__Firmicutes; c__Bacilli; o__Erysipelotrichales; f__Erysipelatoclostridiaceae; g__Catenibacterium	0.9999993818351853
a5b412c80c0409d344def7b47bd83821	d__Bacteria; p__Firmicutes; c__Clostridia; o__Oscillospirales; f__Oscillospiraceae; g__UCG-005; s__uncultured_organism	0.997187581860911
adaf3cd13df0c6e548ebd0939e2bd886	d__Bacteria; p__Firmicutes; c__Clostridia; o__Lachnospirales; f__Lachnospiraceae; g__Blautia	0.9311307598999237
2fa07353d82d0d36b91e41bc3b240516	d__Bacteria; p__Firmicutes; c__Clostridia; o__Lachnospirales; f__Lachnospiraceae; g__[Eubacterium]_xylanophilum_group; s__uncultured_organism	0.7585425183201039
f56c0d82035a542db074a16d048272b3	d__Bacteria; p__Firmicutes; c__Clostridia; o__Christensenellales; f__Christensenellaceae; g__Christensenellaceae_R-7_group; s__human_gut	0.9994154253543555
0e215eb5ea306a1d04c6b7fdd94e1cac	d__Bacteria; p__Bacteroidota; c__Bacteroidia; o__Bacteroidales; f__Rikenellaceae; g__Alistipes; s__Alistipes_shahii	0.7531507652626224
8823c7f9d8dcc34bedb3f8305933c2ee	d__Bacteria; p__Firmicutes; c__Clostridia; o__Clostridia_UCG-014; f__Clostridia_UCG-014; g__Clostridia_UCG-014; s__uncultured_bacterium	0.8186519840707389
3f8c83534cd95e430ee64a4f966169fb	d__Bacteria; p__Firmicutes; c__Clostridia; o__Oscillospirales; f__Ruminococcaceae; g__Ruminococcus	0.998915997143755
063f3de053c7337b5dd26ee2e14451a8	d__Bacteria; p__Firmicutes; c__Clostridia; o__Christensenellales; f__Christensenellaceae; g__Christensenellaceae_R-7_group	0.951927778751132
e0c584704eef8f15458a4e08db215fac	d__Bacteria; p__Firmicutes; c__Clostridia; o__Lachnospirales; f__Lachnospiraceae; g__[Ruminococcus]_gnavus_group	0.9982263056198921
bc1326214ab2638d0f63fc58ff411b33	d__Bacteria; p__Firmicutes; c__Clostridia; o__Lachnospirales; f__Lachnospiraceae; g__[Eubacterium]_ruminantium_group; s__uncultured_bacterium	0.9290769447405026
1553d3df2c700f791007e4ae31fff340	d__Bacteria; p__Firmicutes; c__Clostridia; o__Lachnospirales; f__Lachnospiraceae	0.9999996462675738
58377641ce275fddf1788bcd37a3c133	d__Bacteria; p__Firmicutes; c__Clostridia; o__Lachnospirales; f__Lachnospiraceae; g__Lachnoclostridium; s__human_gut	0.8738818243230954
687863d2f7f5e75e906be095d48fad5f	d__Bacteria; p__Firmicutes; c__Clostridia; o__Lachnospirales; f__Lachnospiraceae; g__Eisenbergiella; s__uncultured_organism	0.8969336952151842
5696d275f92d894d076c3493d33f690a	d__Bacteria; p__Firmicutes; c__Clostridia; o__Lachnospirales; f__Lachnospiraceae; g__Roseburia; s__uncultured_Roseburia	0.906000165734459
0e6c226257461063ff88e2fada0dd4ec	d__Bacteria; p__Firmicutes; c__Clostridia; o__Lachnospirales; f__Lachnospiraceae; g__Lachnospiraceae_FCS020_group; s__uncultured_Clostridium	0.9510704427135298
658d6888c7bd4ffc1caa37ff573e6dcb	d__Bacteria; p__Firmicutes; c__Clostridia; o__Lachnospirales; f__Lachnospiraceae; g__[Ruminococcus]_gauvreauii_group; s__uncultured_bacterium	0.893378039826658
cf33afd05d4e802b2d5ccf5477e3cd2b	d__Bacteria; p__Firmicutes; c__Clostridia; o__Lachnospirales; f__Lachnospiraceae; g__Blautia	0.9965330850830871
ac21fb7ec96f79af9c552279a961734e	d__Bacteria; p__Firmicutes; c__Clostridia; o__Lachnospirales; f__Lachnospiraceae	0.9999999998695672
07c452c872427cd35d32ed53b0147bbf	d__Bacteria; p__Actinobacteriota; c__Actinobacteria; o__Bifidobacteriales; f__Bifidobacteriaceae; g__Bifidobacterium; s__Bifidobacterium_dentium	0.9346008166295023
4c8d407c2a17481e176493e039b804f7	d__Bacteria; p__Firmicutes; c__Clostridia; o__Lachnospirales; f__Lachnospiraceae; g__Lachnoclostridium; s__uncultured_Clostridium	0.9377322888437404
fe1463f480fed6c4b6dc80d42a8e351e	d__Bacteria; p__Firmicutes; c__Clostridia; o__Christensenellales; f__Christensenellaceae; g__Christensenellaceae_R-7_group; s__metagenome	0.8787101330156274
c42d4b10a1d465fdc48b442c11878325	d__Bacteria; p__Firmicutes; c__Clostridia; o__Clostridia_UCG-014; f__Clostridia_UCG-014; g__Clostridia_UCG-014; s__gut_metagenome	0.7053369705213124
0ef35c45cbfbda3780309ba8454ff96a	d__Bacteria; p__Firmicutes; c__Clostridia; o__Lachnospirales; f__Lachnospiraceae; g__Lachnoclostridium; s__Eubacterium_sp.	0.994607011541494
620cb9f60d19ab3b1fd26d13783c3feb	d__Bacteria; p__Firmicutes; c__Clostridia; o__Oscillospirales; f__Oscillospiraceae; g__NK4A214_group; s__uncultured_organism	0.9853173202685946
42cb2f2d9b340bfa805e265090d889ed	d__Bacteria; p__Firmicutes; c__Clostridia; o__Oscillospirales; f__Oscillospiraceae; g__Oscillibacter	0.9999998936052364
984c4709d31d03db8129da2c576c0b5d	d__Bacteria; p__Firmicutes; c__Clostridia; o__Eubacteriales; f__Eubacteriaceae; g__Eubacterium	0.9982916718063287
0a09273661705e68fff01a7701f997c4	d__Bacteria; p__Firmicutes; c__Negativicutes; o__Veillonellales-Selenomonadales; f__Veillonellaceae; g__Dialister; s__uncultured_bacterium	0.8442189397835824
1d1bbd61fd0856f5ac178596ab807d1c	d__Bacteria; p__Firmicutes; c__Clostridia; o__Lachnospirales; f__Lachnospiraceae; g__Anaerostipes	0.9999999510086727
80be6d7dad1626a0b00101c4e329a33c	d__Bacteria; p__Firmicutes; c__Clostridia; o__Oscillospirales; f__Oscillospiraceae; g__NK4A214_group	0.9999987082773498
575607cb205ceac8d5be533b6181f37c	d__Bacteria; p__Bacteroidota; c__Bacteroidia; o__Bacteroidales; f__Bacteroidaceae; g__Bacteroides; s__Bacteroides_ovatus	0.9451119074512794
18f0e786629b92bb1bef9c30856671bc	d__Bacteria; p__Firmicutes; c__Clostridia; o__Christensenellales; f__Christensenellaceae; g__Christensenellaceae_R-7_group	0.9862280123603605
e3472b2e78bdf4b8c0cf6ec2d048f60f	d__Bacteria; p__Firmicutes; c__Clostridia; o__Lachnospirales; f__Lachnospiraceae; g__Blautia	0.9512685477085253
19b239f4b6b38d59d8ca3828f1a884e7	d__Bacteria; p__Firmicutes; c__Clostridia; o__Oscillospirales; f__Ruminococcaceae; g__Negativibacillus	0.9999985082068261
a66ad98eddf428fdd6ca0ff5ec291291	d__Bacteria; p__Firmicutes; c__Clostridia; o__Lachnospirales; f__Lachnospiraceae; g__Howardella	0.9999999999746508
79a7fccd17a49446680fc7a4f40a9af9	d__Bacteria; p__Firmicutes; c__Clostridia; o__Lachnospirales; f__Lachnospiraceae; g__Blautia	0.9775706307055511
7a7c991fdd8485eea0d393fb2a3d94f4	d__Bacteria; p__Firmicutes; c__Clostridia; o__Lachnospirales; f__Lachnospiraceae; g__Blautia	0.7862797565645909
54634046ef839949b9ab1397a6baa8d4	d__Bacteria; p__Firmicutes; c__Clostridia; o__Lachnospirales; f__Lachnospiraceae; g__Fusicatenibacter	0.9995031988986438
349bab8da37ab503ccfc4de9df2f71ae	d__Bacteria; p__Firmicutes; c__Clostridia; o__Oscillospirales; f__[Eubacterium]_coprostanoligenes_group; g__[Eubacterium]_coprostanoligenes_group; s__gut_metagenome	0.9768477254900423
65e3b3d44492349b9b1face4e1a48389	d__Bacteria; p__Firmicutes; c__Clostridia; o__Christensenellales; f__Christensenellaceae; g__Christensenellaceae_R-7_group	0.9976102893615844
40a41f985ab855ad254524ba4d4401fc	d__Bacteria; p__Firmicutes; c__Clostridia; o__Oscillospirales; f__Ruminococcaceae; g__[Eubacterium]_siraeum_group; s__[Eubacterium]_siraeum	0.9729864632158043
45fb7a54746d7162371434aad6e33dc5	d__Bacteria; p__Firmicutes; c__Clostridia; o__Lachnospirales; f__Lachnospiraceae; g__Hungatella; s__uncultured_bacterium	0.7258057428770317
86254a9956fcb87aead3ede5680ad82a	d__Bacteria; p__Firmicutes; c__Clostridia; o__Oscillospirales; f__Oscillospiraceae; g__UCG-003; s__uncultured_organism	0.8087146165862037
d45051b862ebc3b764c6cd4758045a5c	d__Bacteria; p__Firmicutes; c__Clostridia; o__Lachnospirales; f__Lachnospiraceae; g__[Eubacterium]_xylanophilum_group; s__uncultured_bacterium	0.9030986848285708
c0ded757054b102cc0c618885868378f	d__Bacteria; p__Firmicutes; c__Clostridia; o__Lachnospirales; f__Lachnospiraceae; g__Lachnospiraceae_UCG-001	0.9906392080321916
9e5bc44b0fecf5884feadc476f9cf8f7	d__Bacteria; p__Firmicutes; c__Clostridia; o__Oscillospirales; f__[Eubacterium]_coprostanoligenes_group; g__[Eubacterium]_coprostanoligenes_group	0.9999794252621617
c03b501ddd2b629c08b62941eafa9c59	d__Bacteria; p__Actinobacteriota; c__Coriobacteriia; o__Coriobacteriales; f__Eggerthellaceae; g__Adlercreutzia	0.9759824599268756
d779a3b2fa3b175317dfe3591225354a	d__Bacteria; p__Firmicutes; c__Clostridia; o__Lachnospirales; f__Lachnospiraceae; g__Lachnospira; s__uncultured_bacterium	0.7149990221433381
5743f98d73beef7333f75b4a06355a05	d__Bacteria; p__Bacteroidota; c__Bacteroidia; o__Bacteroidales; f__Bacteroidaceae; g__Bacteroides; s__Bacteroides_plebeius	0.9999367593022558
7bf66499857f9bdc96a4f2da612808fe	d__Bacteria; p__Firmicutes; c__Clostridia; o__Lachnospirales; f__Lachnospiraceae; g__Tyzzerella; s__unidentified	0.999564969651837
ce9971dffb3ebc93e8d44e62e3c50e14	d__Bacteria; p__Bacteroidota; c__Bacteroidia; o__Bacteroidales; f__Prevotellaceae; g__Prevotella	0.9999997948444789
bdf01501cf40a09e60f7382c74834578	d__Bacteria; p__Firmicutes; c__Clostridia; o__Lachnospirales; f__Lachnospiraceae; g__Agathobacter	0.9336459998581245
26f162917832b16b68d0fdfebbbf2138	d__Bacteria; p__Firmicutes; c__Clostridia; o__Christensenellales; f__Christensenellaceae; g__Christensenellaceae_R-7_group	0.8856605406297995
c55b8142e861268e7c4a867abf58b10e	d__Bacteria; p__Firmicutes; c__Clostridia; o__Christensenellales; f__Christensenellaceae; g__Christensenellaceae_R-7_group	0.9318474792382287
a94d18b415098c03d741d9ba63c46bd4	d__Bacteria; p__Firmicutes; c__Clostridia; o__Lachnospirales; f__Lachnospiraceae; g__Marvinbryantia	0.9749201534769939
cec58b5ab062695f1f163c48964d2ff1	d__Bacteria; p__Firmicutes; c__Clostridia; o__Lachnospirales; f__Lachnospiraceae; g__Lachnospira	0.9998236016161409
570d3fbb16764e1eb60cba28c0baf4ff	d__Bacteria; p__Firmicutes; c__Clostridia; o__Oscillospirales; f__[Eubacterium]_coprostanoligenes_group; g__[Eubacterium]_coprostanoligenes_group; s__gut_metagenome	0.8752899639587818
ca9cc9fcf6b1c0ef42cf7caf82ddaa26	d__Bacteria; p__Firmicutes; c__Clostridia; o__Lachnospirales; f__Lachnospiraceae; g__Lachnoclostridium	0.8812126368243896
854b02ca6022cde33e29a78a58483d78	d__Bacteria; p__Firmicutes; c__Clostridia; o__Lachnospirales; f__Lachnospiraceae; g__Hungatella	0.9993203179492559
d90a3590610e52dd3eee28f55d3d81d8	d__Bacteria; p__Bacteroidota; c__Bacteroidia; o__Bacteroidales; f__Prevotellaceae; g__Alloprevotella	0.9999999842982399
f90d1061b13445d1180269e548fb33e2	d__Bacteria; p__Firmicutes; c__Clostridia; o__Peptostreptococcales-Tissierellales; f__Anaerovoracaceae; g__Family_XIII_AD3011_group	0.9912775356484107
a7c1af848cf295414e38d2b2066e4674	d__Bacteria; p__Firmicutes; c__Clostridia; o__Lachnospirales; f__Lachnospiraceae; g__Blautia	0.9964859118547706
9259248ddcdb2561390968006aae4d67	d__Bacteria; p__Firmicutes; c__Clostridia; o__Oscillospirales; f__Ruminococcaceae; g__uncultured; s__uncultured_organism	0.8897120114024625
c4bd7a5fc041d46d3b5159b4f25dc959	d__Bacteria; p__Firmicutes; c__Clostridia; o__Lachnospirales; f__Lachnospiraceae; g__Blautia	0.8770215738066055
798b45a8bab200ae47aeadb927b3fd5d	d__Bacteria; p__Firmicutes; c__Clostridia; o__Lachnospirales; f__Lachnospiraceae; g__Marvinbryantia	0.9595038171175659
64d6f50a1a3bf2bfc74951b9564cdfee	d__Bacteria; p__Bacteroidota; c__Bacteroidia; o__Bacteroidales; f__Rikenellaceae; g__Alistipes	0.9999999999681405
c5d67714426fb8a3a412342f649b3e2b	d__Bacteria; p__Firmicutes; c__Clostridia; o__Lachnospirales; f__Lachnospiraceae; g__Blautia	0.9918314138781076
d2bdbc98725fd9c3f780ed6b56ad641e	d__Bacteria; p__Actinobacteriota; c__Coriobacteriia; o__Coriobacteriales; f__Atopobiaceae; g__Olsenella	0.8425998033982269
d98fdde9609b3c804134cad84e9a2f97	d__Bacteria; p__Firmicutes; c__Clostridia; o__Lachnospirales; f__Lachnospiraceae; g__Blautia	0.9954159043294786
62d8d67e8095731d106fa6f30180041b	d__Bacteria; p__Firmicutes; c__Clostridia; o__Lachnospirales; f__Lachnospiraceae; g__uncultured	0.7330717235400603
7cb1193a429dc55cb93e7bea17edf202	d__Bacteria; p__Firmicutes; c__Bacilli; o__Erysipelotrichales; f__Erysipelatoclostridiaceae; g__Erysipelatoclostridium; s__[Clostridium]_spiroforme	0.9700308020062298
c207d1146549447c509c81a1f4a76b29	d__Bacteria; p__Firmicutes; c__Clostridia; o__Lachnospirales; f__Lachnospiraceae	0.9999994254634395
8e59610be0fb2b79412ddece1e7ddac9	d__Bacteria; p__Firmicutes; c__Clostridia; o__Oscillospirales; f__Ruminococcaceae; g__Ruminococcus; s__Clostridiaceae_bacterium	0.8972119294968093
6295510fcbdc798f96ff0d02dda3023c	d__Bacteria; p__Firmicutes; c__Clostridia; o__Oscillospirales; f__Ruminococcaceae; g__Faecalibacterium	0.9757364958036886
b42e860364494f6dd6fff31f09052ff0	d__Bacteria; p__Bacteroidota; c__Bacteroidia; o__Bacteroidales; f__Bacteroidaceae; g__Bacteroides; s__Bacteroides_eggerthii	0.999715705340798
da5b85db63729f45061ff327a6882860	d__Bacteria; p__Bacteroidota; c__Bacteroidia; o__Bacteroidales; f__Bacteroidaceae; g__Bacteroides; s__Bacteroides_salyersiae	0.9817619044611537
09c7601e8da7840ba22e04558dcc4dd9	d__Bacteria; p__Firmicutes; c__Clostridia; o__Lachnospirales; f__Lachnospiraceae; g__[Ruminococcus]_gnavus_group; s__uncultured_bacterium	0.7922918072083425
7059c6e2bb41a1a5aac699ec2fbad896	d__Bacteria; p__Actinobacteriota; c__Coriobacteriia; o__Coriobacteriales; f__Eggerthellaceae; g__Senegalimassilia; s__uncultured_bacterium	0.982983311040704
72246042fba190e35de71657fcef8623	d__Bacteria; p__Firmicutes; c__Clostridia; o__Lachnospirales; f__Lachnospiraceae	0.9999713123938396
45106b9148055ee8993b7640382ee398	d__Bacteria; p__Firmicutes; c__Bacilli; o__Erysipelotrichales; f__Erysipelotrichaceae; g__[Clostridium]_innocuum_group	0.9999976416678806
ff0df9c7a8a62e9ae0bab4acb53abc7c	d__Bacteria; p__Bacteroidota; c__Bacteroidia; o__Bacteroidales; f__Rikenellaceae; g__Alistipes; s__uncultured_organism	0.7938218540935769
baff7370c4e4086b765b9becb975479c	d__Bacteria; p__Firmicutes; c__Clostridia; o__Oscillospirales; f__Oscillospiraceae; g__UCG-005	0.9479458436471474
9c1454b23d7b9e86ad391e0b238ee420	d__Bacteria; p__Actinobacteriota; c__Actinobacteria; o__Actinomycetales; f__Actinomycetaceae; g__Actinomyces; s__Schaalia_odontolytica	0.8648652268714556
c9fd3ef667660d5bcccd012857dc1432	d__Bacteria; p__Firmicutes; c__Bacilli; o__Erysipelotrichales; f__Erysipelatoclostridiaceae; g__Erysipelotrichaceae_UCG-003	0.9999968915821204
a8232b9e5fc8ad81ceda57fce3f52622	d__Bacteria; p__Firmicutes; c__Bacilli; o__Lactobacillales; f__Lactobacillaceae; g__Lactobacillus	0.9999999981576863
14b8ec9b2b6a2163035ce958726288f2	d__Bacteria; p__Firmicutes; c__Clostridia; o__Oscillospirales; f__Ruminococcaceae; g__uncultured; s__gut_metagenome	0.9974695986591137
2955fbdfa0391067b35c29b746a97c88	d__Bacteria; p__Firmicutes; c__Clostridia; o__Lachnospirales; f__Lachnospiraceae; g__[Ruminococcus]_gauvreauii_group	0.9964004595312026
b0b40618af9ad57848c1f0e1d4b32957	d__Bacteria; p__Firmicutes; c__Clostridia; o__Lachnospirales; f__Lachnospiraceae; g__[Eubacterium]_fissicatena_group	0.9992020321018855
b64a326df640b0d21559699088d18b8a	d__Bacteria; p__Firmicutes; c__Clostridia; o__Lachnospirales; f__Lachnospiraceae	0.9999984991617041
12b9654063fc8b96b3a5cf9854a9783b	d__Bacteria; p__Firmicutes; c__Clostridia; o__Lachnospirales; f__Lachnospiraceae; g__Roseburia	0.8005215638777208
e3037e0b8dafc455576ace7cc6a9a5b9	d__Bacteria; p__Firmicutes; c__Clostridia; o__Lachnospirales; f__Lachnospiraceae; g__Roseburia; s__gut_metagenome	0.9553100885827149
f6d78883d70e3f096b1db8a05a00af0a	d__Bacteria; p__Firmicutes; c__Clostridia; o__Peptostreptococcales-Tissierellales; f__Anaerovoracaceae; g__[Eubacterium]_brachy_group; s__uncultured_bacterium	0.9999988457768847
02e3eb685779a558dc32e47f7a552935	d__Bacteria; p__Firmicutes; c__Clostridia; o__Lachnospirales; f__Lachnospiraceae; g__Fusicatenibacter; s__uncultured_organism	0.8349107860183024
0df91697423ee1fc412bacfbd9b19fe3	d__Bacteria; p__Firmicutes; c__Clostridia; o__Lachnospirales; f__Lachnospiraceae	0.9999951294152654
1b552e780511f5654ab423d1d26b0f53	d__Bacteria; p__Firmicutes; c__Clostridia; o__Christensenellales; f__Christensenellaceae; g__Christensenellaceae_R-7_group	0.9128456092798957
55fb5188976818ea0d843659da5dfd01	d__Bacteria; p__Firmicutes; c__Clostridia; o__Oscillospirales; f__Ruminococcaceae; g__uncultured; s__uncultured_organism	0.8366144170809707
410632db1dbcbe5ffc30ca597f4f3c69	d__Bacteria; p__Firmicutes; c__Clostridia; o__Clostridiales; f__Clostridiaceae; g__Clostridium_sensu_stricto_1	0.999860421449867
722f27d241e5031978d7d66d233e0f0d	d__Bacteria; p__Firmicutes; c__Clostridia; o__Lachnospirales; f__Lachnospiraceae; g__Blautia	0.9743669144096396
0b77c4750cd57401cbc719b86842e6a3	d__Bacteria; p__Firmicutes; c__Clostridia; o__Lachnospirales; f__Lachnospiraceae; g__Fusicatenibacter	0.9987865994872636
b29cbae1905f655b1d71f9b019510c43	d__Bacteria; p__Firmicutes; c__Clostridia; o__Oscillospirales; f__Ruminococcaceae; g__Incertae_Sedis; s__uncultured_bacterium	0.7891562551805545
5c0b43a1ab1e62e3373713d9e7c53c3e	d__Bacteria; p__Firmicutes; c__Clostridia; o__Oscillospirales; f__[Eubacterium]_coprostanoligenes_group; g__[Eubacterium]_coprostanoligenes_group	0.9999951397534536
56b46afcfeefe38af28d11818c43b0c5	d__Bacteria; p__Firmicutes; c__Clostridia; o__Lachnospirales; f__Lachnospiraceae; g__Eisenbergiella	0.9999927427367626
80cef54718b8b3b053e81320def20ea5	d__Bacteria; p__Bacteroidota; c__Bacteroidia; o__Bacteroidales; f__Bacteroidaceae; g__Bacteroides; s__Bacteroides_salyersiae	0.9644693365053595
0aa57a64d985107a75fae7105a5a77a3	d__Bacteria; p__Firmicutes; c__Clostridia; o__Oscillospirales; f__Ruminococcaceae; g__Subdoligranulum	0.9999269698531763
ab1d62b9f65aa20a7ed086effeb3b1af	d__Bacteria; p__Firmicutes; c__Clostridia; o__Clostridiales; f__Clostridiaceae; g__Clostridium_sensu_stricto_1	0.9999796347588941
b384b8c0fe2f7219314bedb50c871c21	d__Bacteria; p__Bacteroidota; c__Bacteroidia; o__Bacteroidales; f__Bacteroidaceae; g__Bacteroides; s__Bacteroides_acidifaciens	0.76374076841323
4022e96a38072ebc88226b354b3868b5	d__Bacteria; p__Firmicutes; c__Clostridia; o__Oscillospirales; f__Oscillospiraceae; g__uncultured; s__uncultured_rumen	0.8920511510238444
d635b32dd208b7ef7314830051a4056f	d__Bacteria; p__Firmicutes; c__Clostridia; o__Oscillospirales; f__Oscillospiraceae; g__uncultured; s__Clostridium_sp.	0.827486888683685
5843b15422897633f1b834c1aea45d97	d__Bacteria; p__Firmicutes; c__Clostridia; o__Oscillospirales; f__Oscillospiraceae	0.9999996760492613
1a560d936d0b9263585b433314e73f72	d__Bacteria; p__Firmicutes; c__Clostridia; o__Oscillospirales; f__Ruminococcaceae; g__Faecalibacterium	0.9980844546143283
bb812caa711bc28cd91f261af7abf0be	d__Bacteria; p__Firmicutes; c__Clostridia; o__Lachnospirales; f__Lachnospiraceae; g__Sellimonas; s__Lachnoclostridium_phocaeense	0.794241051188668
3a64e3aee727e3dcb9d763005678dbf1	d__Bacteria; p__Firmicutes; c__Clostridia; o__Lachnospirales; f__Lachnospiraceae; g__Dorea; s__uncultured_bacterium	0.7361747696580655
0643830b5b15102fed72c4ac6236aff6	d__Bacteria; p__Firmicutes; c__Clostridia; o__Christensenellales; f__Christensenellaceae; g__Christensenellaceae_R-7_group	0.9619456548107249
5f674a905adfb15baea63cb708602f07	d__Bacteria; p__Firmicutes; c__Clostridia; o__Lachnospirales; f__Lachnospiraceae; g__[Ruminococcus]_torques_group; s__uncultured_Clostridium	0.9261926432029938
522af6a1b2fea6ac42042a9088a42834	d__Bacteria; p__Firmicutes; c__Clostridia; o__Lachnospirales; f__Lachnospiraceae; g__Anaerostipes	0.9999998174323573
bac4103242a1c16077f0dd71be71c350	d__Bacteria; p__Firmicutes; c__Clostridia; o__Lachnospirales; f__Lachnospiraceae; g__Blautia	0.9582024719422524
b50963276da84e8e5d5dfb0392e0e022	d__Bacteria; p__Firmicutes; c__Clostridia; o__Oscillospirales; f__Oscillospiraceae; g__UCG-002	0.99981403970095
836b9a31507877c5f866ba4f7380044d	d__Bacteria; p__Firmicutes; c__Clostridia; o__Lachnospirales; f__Lachnospiraceae; g__Blautia	0.9953068874900804
9b238b6d5798d8f9c07b0982b48c53b7	d__Bacteria; p__Firmicutes; c__Clostridia; o__Oscillospirales; f__Oscillospiraceae; g__NK4A214_group; s__metagenome	0.8212008940557599
4ed52398918c3276815f4fb4e9b52c01	d__Bacteria; p__Desulfobacterota; c__Desulfovibrionia; o__Desulfovibrionales; f__Desulfovibrionaceae; g__Bilophila	0.9999995357481525
a6bdb7dffbd60146d3a85b881a95bc38	d__Bacteria; p__Firmicutes; c__Clostridia; o__Lachnospirales; f__Lachnospiraceae; g__Sellimonas; s__uncultured_organism	0.9924270135105452
fa08aab69ace8e41bf1701e96ad7ea00	d__Bacteria; p__Bacteroidota; c__Bacteroidia; o__Bacteroidales; f__Rikenellaceae; g__Alistipes; s__Alistipes_inops	0.9999999881606813
f420bc523f1de9edf3233b2c685a3313	d__Bacteria; p__Firmicutes; c__Clostridia; o__Lachnospirales; f__Lachnospiraceae	0.9970480138513802
24aaba4828fbfd98011abd4ba5a2143f	d__Bacteria; p__Firmicutes; c__Bacilli; o__Erysipelotrichales; f__Erysipelotrichaceae; g__[Clostridium]_innocuum_group; s__uncultured_bacterium	0.995391494038592
98bfe83a78c214457776ff425f784f83	d__Bacteria; p__Firmicutes; c__Clostridia; o__Lachnospirales; f__Lachnospiraceae; g__[Ruminococcus]_gauvreauii_group; s__bacterium_ic1296	0.9999338191802688
bd9482a6ef33bbe4f83a422f8e8c8367	d__Bacteria; p__Firmicutes; c__Clostridia; o__Lachnospirales; f__Lachnospiraceae; g__Agathobacter	0.9360316770736244
afb51d17574b88ab02cd03c89395a643	d__Bacteria; p__Bacteroidota; c__Bacteroidia; o__Bacteroidales; f__Prevotellaceae; g__Paraprevotella; s__uncultured_bacterium	0.925942165770991
308f151d15c3c58f4e5b05b63ce11349	d__Bacteria; p__Firmicutes; c__Clostridia; o__Lachnospirales; f__Lachnospiraceae; g__[Ruminococcus]_gauvreauii_group	0.9929308370121219
85900d226a4ea9e033ca0872e82e6701	d__Bacteria; p__Firmicutes; c__Clostridia; o__Christensenellales; f__Christensenellaceae; g__Christensenellaceae_R-7_group	0.9770679378343285
b26b8a66d6929a91078074efd93edebe	d__Bacteria; p__Firmicutes; c__Clostridia; o__Oscillospirales; f__Oscillospiraceae; g__NK4A214_group	0.9999950207730371
484daaad7a028dcb93cf3dd860f2028c	d__Bacteria; p__Firmicutes; c__Clostridia; o__Lachnospirales; f__Lachnospiraceae; g__Lachnospiraceae_NK4B4_group; s__uncultured_bacterium	0.9995375223983015
f7e1295aad18546b7a96919a87cec7a3	d__Bacteria; p__Proteobacteria; c__Gammaproteobacteria; o__Enterobacterales; f__Enterobacteriaceae	0.9448559180950651
c0ebf97719a141a0cc2296bcf6d7bed8	d__Bacteria; p__Firmicutes; c__Clostridia; o__Peptostreptococcales-Tissierellales; f__Anaerovoracaceae; g__Family_XIII_AD3011_group; s__uncultured_bacterium	0.9566357472225713
083f046e7f2b9c2056dca5ec16ab146a	d__Bacteria; p__Firmicutes; c__Clostridia; o__Lachnospirales; f__Lachnospiraceae; g__Blautia	0.9437792575485225
c48ad4dc77f71dc302afcbf029df7d2e	d__Bacteria; p__Firmicutes; c__Clostridia; o__Lachnospirales; f__Lachnospiraceae; g__Roseburia	0.7036051179114419
8cbeee4c9a8ba9034e69df01872cc82a	d__Bacteria; p__Bacteroidota; c__Bacteroidia; o__Bacteroidales; f__Tannerellaceae; g__Parabacteroides; s__Parabacteroides_goldsteinii	0.9788504159138169
6ae320dbad330a17a55b7a07fdc1e2fb	d__Bacteria; p__Actinobacteriota; c__Actinobacteria; o__Bifidobacteriales; f__Bifidobacteriaceae; g__Bifidobacterium; s__Bifidobacterium_animalis	0.8803604805749556
f5395d3d982367051f0a8bacdc08c3f7	d__Bacteria; p__Firmicutes; c__Clostridia; o__Lachnospirales; f__Lachnospiraceae; g__[Eubacterium]_hallii_group	0.9999998594352619
f5e3ad1f554660535d794038dd7d4fdd	d__Bacteria; p__Firmicutes; c__Clostridia; o__Lachnospirales; f__Lachnospiraceae; g__[Ruminococcus]_torques_group	0.9037753117467616
44511240e3bbd4594380c65dfdaede47	d__Bacteria; p__Firmicutes; c__Bacilli; o__Erysipelotrichales; f__Erysipelatoclostridiaceae; g__Erysipelatoclostridium; s__[Clostridium]_spiroforme	0.7256006919291972
2b4069d17450000a4c7a978226a92e03	d__Bacteria; p__Synergistota; c__Synergistia; o__Synergistales; f__Synergistaceae; g__Cloacibacillus; s__Cloacibacillus_evryensis	0.9292369173489318
ce09efeb58593f732bf2a56e52479b68	d__Bacteria; p__Bacteroidota; c__Bacteroidia; o__Bacteroidales; f__Rikenellaceae; g__Alistipes	0.999999999997
c7e50b54ad1554d8d573fd8254215177	d__Bacteria; p__Firmicutes; c__Negativicutes; o__Veillonellales-Selenomonadales; f__Selenomonadaceae; g__Mitsuokella; s__uncultured_bacterium	0.7407691620066197
5c9156c8375fbf9d9da183e34c07c360	d__Bacteria; p__Firmicutes; c__Clostridia; o__Oscillospirales; f__Ruminococcaceae; g__Paludicola; s__uncultured_Ruminococcus	0.8812359397660319
cf0d148a000d38cfed859ef3e65037dc	d__Bacteria; p__Firmicutes; c__Clostridia; o__Lachnospirales; f__Lachnospiraceae; g__Blautia	0.9062504328334081
8c91c06c5f265a17b3a56ed458505830	d__Bacteria; p__Firmicutes; c__Clostridia; o__Clostridia_UCG-014; f__Clostridia_UCG-014; g__Clostridia_UCG-014	0.9999999497193377
3b4f3b9c4840e9a2408946cea0d15319	d__Bacteria; p__Firmicutes; c__Clostridia; o__Oscillospirales; f__Oscillospiraceae; g__UCG-005; s__uncultured_rumen	0.9878345247684374
98ef2f9b4303708cb8edc91e125e520c	d__Bacteria; p__Firmicutes; c__Clostridia; o__Clostridia_UCG-014; f__Clostridia_UCG-014; g__Clostridia_UCG-014	0.99999999990074
f9bd12ffb72bcc92ce03c757cb72594f	d__Bacteria; p__Firmicutes; c__Clostridia; o__Peptostreptococcales-Tissierellales; f__Peptostreptococcaceae; g__Terrisporobacter; s__uncultured_bacterium	0.715964965201699
a604ff457d8584fc5fcf6131d85e0f93	d__Bacteria; p__Firmicutes; c__Clostridia; o__Lachnospirales; f__Lachnospiraceae; g__Lachnoclostridium; s__uncultured_organism	0.7318999440094778
349e9e55f2327747da8cfccbd7a19577	d__Bacteria; p__Firmicutes; c__Bacilli; o__Erysipelotrichales; f__Erysipelatoclostridiaceae; g__Erysipelatoclostridium; s__Massiliomicrobiota_timonensis	0.9926762397176264
aaca0454efb50b1a9c0177c8294cc444	d__Bacteria; p__Firmicutes; c__Clostridia; o__Lachnospirales; f__Lachnospiraceae; g__[Ruminococcus]_torques_group; s__uncultured_Clostridiales	0.8631436341350492
e13118c9415310e48c557b3ed62145c8	d__Bacteria; p__Firmicutes; c__Clostridia; o__Lachnospirales; f__Lachnospiraceae	0.9999995429197848
b00fe76c76556a88635517475ef5b1f0	d__Bacteria; p__Firmicutes; c__Clostridia; o__Oscillospirales; f__Ruminococcaceae; g__Subdoligranulum	0.9977520509159344
c33507209d9aff8135ca7367f77a152f	d__Bacteria; p__Firmicutes; c__Bacilli; o__Lactobacillales; f__Lactobacillaceae; g__Lactobacillus; s__Lactobacillus_fermentum	0.9652338722774753
0dfb156911e882a85d5c2d3188c04a99	d__Bacteria; p__Firmicutes; c__Clostridia; o__Lachnospirales; f__Lachnospiraceae; g__Anaerostipes; s__Anaerostipes_caccae	0.9840853910206641
2522e3198243bf4294ac8ea21169fdb8	d__Bacteria; p__Firmicutes; c__Clostridia; o__Lachnospirales; f__Lachnospiraceae; g__Marvinbryantia; s__uncultured_organism	0.9946694511606524
1415e95a7b231cc26c980ef1d60042a2	d__Bacteria; p__Firmicutes; c__Clostridia; o__Oscillospirales; f__Ruminococcaceae; g__Ruminococcus	0.9999938433502
01f81769298374d0962cec9693a91be7	d__Bacteria; p__Bacteroidota; c__Bacteroidia; o__Bacteroidales; f__Prevotellaceae; g__Alloprevotella; s__gut_metagenome	0.9999259543591263
84c6142f909127bf6791b6a9bbbfc667	d__Bacteria; p__Firmicutes; c__Clostridia; o__Clostridiales; f__Clostridiaceae; g__Clostridium_sensu_stricto_1; s__Clostridium_perfringens	0.9311463186413714
3b81981520ec0bf01a0e9a9f7c697422	d__Bacteria; p__Firmicutes; c__Clostridia; o__Lachnospirales; f__Lachnospiraceae; g__Frisingicoccus	0.9999842512506458
bb3ffba466259169d6c67e65ac204489	d__Bacteria; p__Firmicutes; c__Negativicutes; o__Acidaminococcales; f__Acidaminococcaceae; g__Acidaminococcus; s__Acidaminococcus_fermentans	0.7410445511493104
646cbb16f2f4191364125c2d0f810f83	d__Bacteria; p__Firmicutes; c__Clostridia; o__Christensenellales; f__Christensenellaceae; g__Christensenellaceae_R-7_group; s__uncultured_bacterium	0.8880473644145751
488a1565715d62fdadee30a3a3827d1c	d__Bacteria; p__Firmicutes; c__Negativicutes; o__Veillonellales-Selenomonadales; f__Veillonellaceae; g__Dialister	0.9998337679736944
b18882ed0e22f51f34343468175106cb	d__Bacteria; p__Firmicutes; c__Clostridia; o__Lachnospirales; f__Lachnospiraceae; g__Lactonifactor	0.9740613402142707
c85346e0d15c964a5e15f047323d2a1d	d__Bacteria; p__Bacteroidota; c__Bacteroidia; o__Bacteroidales; f__Barnesiellaceae; g__Barnesiella	0.999999999896328
e6d1c003d118a57d59894d57cc345024	d__Bacteria; p__Firmicutes; c__Clostridia; o__Lachnospirales; f__Lachnospiraceae; g__Anaerostipes	0.99999949132785
991de83c94c138df4ad75a9a57da6fed	d__Bacteria; p__Actinobacteriota; c__Coriobacteriia; o__Coriobacteriales; f__Coriobacteriales_Incertae_Sedis; g__uncultured; s__uncultured_organism	0.9999791378085454
90f8e1dd0f576428bb214c051815c9c7	d__Bacteria; p__Bacteroidota; c__Bacteroidia; o__Bacteroidales; f__Bacteroidaceae; g__Bacteroides; s__Bacteroides_clarus	0.9986158483798302
30dc7e7c7ccb548cd9cadbff7baa0e35	d__Bacteria; p__Firmicutes; c__Clostridia; o__Clostridiales; f__Clostridiaceae; g__Clostridium_sensu_stricto_1; s__Clostridium_paraputrificum	0.8386292395381401
f25305e9ef49f7714823a7dcea84c36d	d__Bacteria; p__Firmicutes; c__Bacilli; o__Erysipelotrichales; f__Erysipelotrichaceae; g__Allobaculum; s__Allobaculum_stercoricanis	0.9869715900624119
4c9cae2e955e7b93da08c4eca3fb7a0e	d__Bacteria; p__Firmicutes; c__Negativicutes; o__Acidaminococcales; f__Acidaminococcaceae; g__Succiniclasticum	0.9999999998670573
883e1603239bf753767587b57197c5e5	d__Bacteria; p__Firmicutes; c__Bacilli; o__Erysipelotrichales; f__Erysipelatoclostridiaceae; g__Catenibacterium	0.9999992432451539
c701c3a70957b56b5fcfe64394278c29	d__Bacteria; p__Bacteroidota; c__Bacteroidia; o__Bacteroidales; f__Rikenellaceae; g__Alistipes; s__Alistipes_obesi	0.998983654154652
16f8da794fa8f67d7b702b384ea9bea5	d__Bacteria; p__Actinobacteriota; c__Coriobacteriia; o__Coriobacteriales; f__Eggerthellaceae; g__Slackia; s__Slackia_isoflavoniconvertens	0.8889129473515491
879dc2d147a6b0dbc0335878f0f6690f	d__Bacteria; p__Actinobacteriota; c__Coriobacteriia; o__Coriobacteriales; f__Eggerthellaceae; g__Slackia; s__Slackia_piriformis	0.8837730788975919
1d4225645365b815f8a66d621722711e	d__Bacteria; p__Firmicutes; c__Clostridia; o__Lachnospirales; f__Lachnospiraceae	0.9999982383360279
ab35be08baf132b62eb55556e7cf606f	d__Bacteria; p__Firmicutes; c__Clostridia; o__Peptostreptococcales-Tissierellales; f__Anaerovoracaceae; g__[Eubacterium]_brachy_group; s__uncultured_bacterium	0.8810932817049508
3272b5d7672fceaf5b7de4288af347a2	d__Bacteria; p__Firmicutes; c__Clostridia; o__Lachnospirales; f__Lachnospiraceae	0.9999912139806547
9afec21f94117501214e65e1c9f2ca4a	d__Bacteria; p__Firmicutes; c__Clostridia; o__Oscillospirales; f__Oscillospiraceae; g__UCG-002; s__uncultured_organism	0.9799010845321079
22edf98d39bb5167b61769819039b07f	d__Bacteria; p__Firmicutes; c__Clostridia; o__Oscillospirales; f__Ruminococcaceae; g__Incertae_Sedis	0.999988698222157
ccfa49681d4b576a9920538b6707b901	d__Bacteria; p__Firmicutes; c__Clostridia; o__Christensenellales; f__Christensenellaceae; g__Christensenellaceae_R-7_group; s__uncultured_prokaryote	0.9258441374218712
51bf27ed3ec387ec079bb9b5e8dbe1c6	d__Bacteria; p__Bacteroidota; c__Bacteroidia; o__Bacteroidales; f__Marinifilaceae; g__Odoribacter; s__Odoribacter_splanchnicus	0.9910861915519854
9505c910afde1397515f1d89cd857b79	d__Bacteria; p__Firmicutes; c__Negativicutes; o__Veillonellales-Selenomonadales; f__Veillonellaceae; g__Megasphaera; s__uncultured_organism	0.8482974947309004
6cd3926cb2186bd2d80bee609f338fd0	d__Bacteria; p__Firmicutes; c__Clostridia; o__Oscillospirales; f__Ruminococcaceae; g__Faecalibacterium; s__metagenome	0.9592687845067283
f0595cbebb996bc408d6f91fb52bae31	d__Bacteria; p__Firmicutes; c__Clostridia; o__Oscillospirales; f__Oscillospiraceae; g__Colidextribacter; s__uncultured_Clostridia	0.9483971848108005
9b7df2deef0a096a7843440bffbfe809	d__Bacteria; p__Firmicutes; c__Clostridia; o__Lachnospirales; f__Lachnospiraceae; g__Lachnospiraceae_UCG-004	0.9892509582914623
bd278377f8cfc2ceb2d74537ec1f5fc7	d__Bacteria; p__Bacteroidota; c__Bacteroidia; o__Bacteroidales; f__Barnesiellaceae; g__Barnesiella	0.9999999997036721
e46cac177c22a3e828ff7e9c935928e3	d__Bacteria; p__Firmicutes; c__Clostridia; o__Lachnospirales; f__Lachnospiraceae; g__[Eubacterium]_hallii_group	0.999999922768441
9f59e865f69a2ca93cbdda982e552569	d__Bacteria; p__Firmicutes; c__Clostridia; o__Lachnospirales; f__Lachnospiraceae; g__Lachnoclostridium	0.9998608982940803
6976608ad8e226e97c84583585c6fff5	d__Bacteria; p__Firmicutes; c__Clostridia; o__Oscillospirales; f__Oscillospiraceae; g__Colidextribacter; s__Colidextribacter_massiliensis	0.8696025539642759
675b876f7b5bba47cdcdcd9002e79550	d__Bacteria; p__Firmicutes; c__Clostridia; o__Lachnospirales; f__Lachnospiraceae; g__Blautia	0.9750305900606132
fc0d87afb690807bbdc24b16ca3fa301	d__Bacteria; p__Firmicutes; c__Bacilli; o__Erysipelotrichales; f__Erysipelotrichaceae; g__Faecalitalea; s__Absiella_argi	0.9999898044351231
433fa652f5c61ee921a21d107c5429c6	d__Bacteria; p__Firmicutes; c__Negativicutes; o__Veillonellales-Selenomonadales; f__Veillonellaceae; g__Veillonella	0.9999999952667025
c6d302f834d04b2cba279cfbecc2c08f	d__Bacteria; p__Firmicutes; c__Clostridia; o__Lachnospirales; f__Lachnospiraceae; g__Dorea; s__uncultured_bacterium	0.7168558643514852
331f0788cd7b8d717657168543789c5a	d__Bacteria; p__Firmicutes; c__Clostridia; o__Lachnospirales; f__Lachnospiraceae; g__[Eubacterium]_hallii_group	0.9999997868455348
fe5c269ebe63bafb4bbabe31722377ad	d__Bacteria; p__Bacteroidota; c__Bacteroidia; o__Bacteroidales; f__uncultured; g__uncultured; s__uncultured_bacterium	0.9999705767640656
c0742cb63857d40e89f9490a07620789	d__Bacteria; p__Firmicutes; c__Clostridia; o__Lachnospirales; f__Lachnospiraceae; g__Shuttleworthia; s__uncultured_bacterium	0.9924210777380467
dda4ffcaa0f0152f815fb83b3964f0c0	d__Bacteria; p__Firmicutes; c__Clostridia; o__Lachnospirales; f__Lachnospiraceae; g__Lachnospiraceae_UCG-004	0.7658353503381345
21506ee713653792b184652a50d5f661	d__Bacteria; p__Firmicutes; c__Clostridia; o__Lachnospirales; f__Lachnospiraceae; g__[Ruminococcus]_gauvreauii_group	0.9817631218553159
80160ee45d56f3e2d523419d45a89893	d__Bacteria; p__Bacteroidota; c__Bacteroidia; o__Bacteroidales; f__Prevotellaceae; g__Paraprevotella	0.9999999999817764
11aba574339ab5b57f010935ade62a53	d__Bacteria; p__Firmicutes; c__Clostridia; o__Christensenellales; f__Christensenellaceae; g__Christensenellaceae_R-7_group	0.9861103393037187
422b43470c41fcab241d1c5238102969	d__Bacteria; p__Firmicutes; c__Bacilli; o__Erysipelotrichales; f__Erysipelatoclostridiaceae; g__Catenibacterium	0.9999996690023016
7aebe39616b288796d25f4556f3d0b4f	d__Bacteria; p__Firmicutes; c__Clostridia; o__Lachnospirales; f__Lachnospiraceae; g__Dorea; s__uncultured_bacterium	0.838749992717105
4208f52cc14af6298a4c6554a82e2ea5	d__Bacteria; p__Firmicutes; c__Clostridia; o__Lachnospirales; f__Lachnospiraceae; g__Blautia	0.9997928943013868
0112eb24ebae13b47bda14a6692dd091	d__Bacteria; p__Firmicutes; c__Clostridia; o__Peptostreptococcales-Tissierellales; f__Peptostreptococcaceae; g__Peptoclostridium; s__uncultured_bacterium	0.9199525389866726
0213e49d3805bb95e5c91261102bc353	d__Bacteria; p__Bacteroidota; c__Bacteroidia; o__Bacteroidales; f__Bacteroidaceae; g__Bacteroides; s__Bacteroides_stercoris	0.9812272968874612
b0be827c71c6b4f2b79df00e5ec30f8f	d__Bacteria; p__Firmicutes; c__Clostridia; o__Lachnospirales; f__Lachnospiraceae; g__Lachnospiraceae_UCG-010; s__uncultured_organism	0.9982529733655503
218e1bd5f117871af6577797b5a95bf6	d__Bacteria; p__Firmicutes; c__Clostridia; o__Lachnospirales; f__Lachnospiraceae; g__[Ruminococcus]_torques_group	0.9933480651201996
9570710bad26b40866d6c9254693a2a2	d__Bacteria; p__Firmicutes; c__Clostridia; o__Lachnospirales; f__Lachnospiraceae; g__Marvinbryantia	0.8394986623426485
e37996127e6d06991b75ac493048352f	d__Bacteria; p__Actinobacteriota; c__Coriobacteriia; o__Coriobacteriales; f__uncultured; g__uncultured; s__uncultured_bacterium	0.9999742243656486
f040114b7c57736ad5e1856d9cd7b660	d__Bacteria; p__Firmicutes; c__Clostridia; o__Christensenellales; f__Christensenellaceae; g__Christensenellaceae_R-7_group	0.933358081536733
5ab30e70cec6e00839a1250d5466a01f	d__Bacteria; p__Firmicutes; c__Clostridia; o__Lachnospirales; f__Lachnospiraceae; g__Agathobacter	0.9586634704470618
3178efd16ad77b79daa5416b4986140d	d__Bacteria; p__Firmicutes; c__Clostridia; o__Peptostreptococcales-Tissierellales; f__Peptostreptococcaceae; g__Peptoclostridium; s__uncultured_bacterium	0.9293943300793984
544273a8368e2f46cde76fc5c04f0115	d__Bacteria; p__Firmicutes; c__Clostridia; o__Oscillospirales; f__[Eubacterium]_coprostanoligenes_group; g__[Eubacterium]_coprostanoligenes_group; s__gut_metagenome	0.7262191479413873
1fec18f0970c0a0fd0426a3b42564153	d__Bacteria; p__Firmicutes; c__Clostridia; o__Lachnospirales; f__Lachnospiraceae; g__[Ruminococcus]_torques_group	0.9884934071782923
555d61995af94ba26d884e88b18926dc	d__Bacteria; p__Firmicutes; c__Clostridia; o__Oscillospirales; f__Oscillospiraceae; g__Papillibacter; s__uncultured_bacterium	0.9987043820430949
e99c28682ec2bb8f67305c26b1886ad3	d__Bacteria; p__Firmicutes; c__Clostridia; o__Lachnospirales; f__Lachnospiraceae; g__Agathobacter	0.968919219144975
575149c636a7016306ad399616398511	d__Bacteria; p__Firmicutes; c__Clostridia; o__Lachnospirales; f__Lachnospiraceae; g__Agathobacter	0.7364491154432372
cd35b90c750d2eea13f27f8543338549	d__Bacteria; p__Firmicutes; c__Clostridia; o__Lachnospirales; f__Lachnospiraceae	0.9999999988988315
31b0d0ca7ebf1077516a23fcecf0aee0	d__Bacteria; p__Firmicutes; c__Clostridia; o__Lachnospirales; f__Lachnospiraceae; g__Catenibacillus; s__uncultured_bacterium	0.9891719249506681
6731aaa46d8376560fa290d92b0be896	d__Bacteria; p__Firmicutes; c__Clostridia; o__Lachnospirales; f__Lachnospiraceae; g__[Eubacterium]_ventriosum_group	0.9998432762624517
835683dc935e9b3a2fbd8b4706998409	d__Bacteria; p__Firmicutes; c__Clostridia; o__Christensenellales; f__Christensenellaceae; g__Christensenellaceae_R-7_group	0.9999995587444018
29e88868e1f1a8e88a71cd100ba53ab4	d__Bacteria; p__Firmicutes; c__Clostridia; o__Christensenellales; f__Christensenellaceae; g__Christensenellaceae_R-7_group; s__uncultured_bacterium	0.8274495767105808
39653efa3d2ea1b18e6d72e7925ff727	d__Bacteria; p__Firmicutes; c__Bacilli; o__Erysipelotrichales; f__Erysipelatoclostridiaceae; g__Candidatus_Stoquefichus	0.9991108877322508
5b9a6dbfc952e746732fc2d8d850487d	d__Bacteria; p__Proteobacteria; c__Gammaproteobacteria; o__Pasteurellales; f__Pasteurellaceae; g__Haemophilus	0.9459038174738603
f0a8bbfee0bdf944be0fe46406f57810	d__Bacteria; p__Firmicutes; c__Clostridia; o__Lachnospirales; f__Lachnospiraceae; g__uncultured; s__uncultured_organism	0.8924179997097464
34f776e77d8a7293b5e5033920a5028e	d__Bacteria; p__Desulfobacterota; c__Desulfovibrionia; o__Desulfovibrionales; f__Desulfovibrionaceae; g__Desulfovibrio; s__Desulfovibrio_fairfieldensis	0.9223251400485126
804b3939e1c14eaa58f4b69153f8f58c	d__Bacteria; p__Firmicutes; c__Clostridia; o__Lachnospirales; f__Lachnospiraceae; g__[Eubacterium]_xylanophilum_group	0.9920293769493589
8df80199d8abc2ef7b2d2f636cea3250	d__Bacteria; p__Firmicutes; c__Clostridia; o__Oscillospirales; f__Ruminococcaceae; g__Incertae_Sedis; s__uncultured_bacterium	0.9424681612277678
12d67f05d30007a9cf179267abce35c9	d__Bacteria; p__Bacteroidota; c__Bacteroidia; o__Bacteroidales; f__Bacteroidaceae; g__Bacteroides; s__Bacteroides_eggerthii	0.9889296920362554
055ad2e4a9309d0dc99c52c3a198ea7e	d__Bacteria; p__Firmicutes; c__Clostridia; o__Lachnospirales; f__Lachnospiraceae; g__[Eubacterium]_hallii_group	0.9999999134831535
ca266d2e1696fe3d0149feab3a52b9b4	d__Bacteria; p__Firmicutes; c__Clostridia; o__Oscillospirales; f__Ruminococcaceae; g__Faecalibacterium	0.9957985903853533
7dc67bfa7363a4bfef0a07d93ba49b83	d__Bacteria; p__Firmicutes; c__Clostridia; o__Lachnospirales; f__Lachnospiraceae; g__Moryella; s__human_gut	0.9636078129636731
27ca1a093b7852fb8a446c07ad8cde38	d__Bacteria; p__Firmicutes; c__Clostridia; o__Oscillospirales; f__Oscillospiraceae	0.9995672201537484
4d5130b1566c517b7cedf47614cae193	d__Bacteria; p__Firmicutes; c__Clostridia; o__Lachnospirales; f__Lachnospiraceae; g__Blautia	0.9149642142743377
e1736dea520744423473addfd7f3746a	d__Bacteria; p__Firmicutes; c__Clostridia; o__Lachnospirales; f__Lachnospiraceae; g__Blautia	0.9948337153077755
a6a6f14a9f5a8c77869a3da6d8c3ecb2	d__Bacteria; p__Firmicutes; c__Clostridia; o__Lachnospirales; f__Lachnospiraceae; g__Marvinbryantia; s__uncultured_bacterium	0.845948545636587
8cccf951be769aac9817e6cfad41b7bb	d__Bacteria; p__Firmicutes; c__Clostridia; o__Clostridia_UCG-014; f__Clostridia_UCG-014; g__Clostridia_UCG-014; s__gut_metagenome	0.9108743965578976
7538372b28ded8d194c44f72fd1d14c5	d__Bacteria; p__Firmicutes; c__Clostridia; o__Lachnospirales; f__Lachnospiraceae; g__Shuttleworthia; s__uncultured_bacterium	0.7782269763820868
22bb2a9d600c6c7b3558070b1612dc3b	d__Bacteria; p__Firmicutes; c__Bacilli; o__Lactobacillales; f__Lactobacillaceae; g__Lactobacillus; s__Lactobacillus_rhamnosus	0.727768310246184
54c75ff9808ad69261f196f3fa130b06	d__Bacteria; p__Desulfobacterota; c__Desulfovibrionia; o__Desulfovibrionales; f__Desulfovibrionaceae; g__Desulfovibrio; s__Desulfovibrio_piger	0.7865491804535876
dad3f4eb201bd989622a15beb27b1a83	d__Bacteria; p__Firmicutes; c__Clostridia; o__Lachnospirales; f__Lachnospiraceae	0.9999803561891769
cb9603c6db4034750ebaf21ad8416ac9	d__Bacteria; p__Firmicutes; c__Clostridia; o__Lachnospirales; f__Lachnospiraceae	0.9999999707780483
b25093faa14646f5de929779d04c6591	d__Bacteria; p__Firmicutes; c__Clostridia; o__Lachnospirales; f__Lachnospiraceae; g__Anaerostipes	0.9999995477316338
de655896bca0d320bbc97a9653526063	d__Bacteria; p__Firmicutes; c__Bacilli; o__Lactobacillales; f__Streptococcaceae; g__Streptococcus	0.9991934402474587
bee13b0fdab2f7f5e3196818e46ad1c6	d__Bacteria; p__Firmicutes; c__Clostridia; o__Oscillospirales; f__Ruminococcaceae; g__Faecalibacterium	0.9980946153368118
ccc61411494d6b62ae3a48c0029df694	d__Bacteria; p__Firmicutes; c__Clostridia; o__Oscillospirales; f__UCG-010; g__UCG-010; s__gut_metagenome	0.9722931049965668
3075399688c004c0e734d5ae0f8068fe	d__Bacteria; p__Firmicutes; c__Clostridia; o__Lachnospirales; f__Lachnospiraceae; g__Fusicatenibacter; s__uncultured_organism	0.926840005024389
05f4d3ed18e7852931aab72e727120a5	d__Bacteria; p__Firmicutes; c__Negativicutes; o__Veillonellales-Selenomonadales; f__Veillonellaceae; g__Dialister; s__uncultured_bacterium	0.7301522187825892
58ec447776808acf1750190f837b572b	d__Bacteria; p__Firmicutes; c__Clostridia; o__Lachnospirales; f__Lachnospiraceae; g__Fusicatenibacter; s__uncultured_organism	0.7235533734555419
21d9b8a8f6fddccf906f3e1c67425c0f	d__Bacteria; p__Firmicutes; c__Clostridia; o__Lachnospirales; f__Lachnospiraceae; g__[Ruminococcus]_torques_group; s__Ruminococcus_torques	0.7144341298814569
1923f94bbe4635b44e4878898164116c	d__Bacteria; p__Firmicutes; c__Clostridia; o__Clostridia_UCG-014; f__Clostridia_UCG-014; g__Clostridia_UCG-014; s__uncultured_Clostridiales	0.7081567663281091
be79cdb8094011bd5c62991e73178346	d__Bacteria; p__Actinobacteriota; c__Coriobacteriia; o__Coriobacteriales; f__Coriobacteriaceae; g__Collinsella; s__Collinsella_tanakaei	0.9776215090347863
bf95fd2e628e4ae04dfcfa62173cce9d	d__Bacteria; p__Desulfobacterota; c__Desulfovibrionia; o__Desulfovibrionales; f__Desulfovibrionaceae; g__Desulfovibrio; s__Desulfovibrio_piger	0.9956279312093191
a1f57d1962c2dd4726ad2468803b2b84	d__Bacteria; p__Firmicutes; c__Clostridia; o__Oscillospirales; f__Ruminococcaceae; g__[Eubacterium]_siraeum_group; s__uncultured_bacterium	0.8664621756126207
9c98d84642c7ce7833dadceeb3054682	d__Bacteria; p__Firmicutes; c__Clostridia; o__Peptostreptococcales-Tissierellales; f__Anaerovoracaceae; g__Mogibacterium; s__uncultured_Enterococcus	0.9793164150190106
cd4a1f528fb7b88104068083857ecea2	d__Bacteria; p__Bacteroidota; c__Bacteroidia; o__Bacteroidales; f__Prevotellaceae; g__Prevotella	0.999998816653879
e6dad76f9c20329d94dd733d08da09bc	d__Bacteria; p__Firmicutes; c__Clostridia; o__Clostridia_UCG-014; f__Clostridia_UCG-014; g__Clostridia_UCG-014; s__uncultured_bacterium	0.7124902093729356
4d56ffa783bb744a2a8c301711724f59	d__Bacteria; p__Firmicutes; c__Clostridia; o__Oscillospirales; f__Oscillospiraceae; g__UCG-005	0.950885649373801
6cba59dc355fa4edc819f9a71c9d1358	d__Bacteria; p__Firmicutes; c__Clostridia; o__Lachnospirales; f__Lachnospiraceae; g__Lachnospiraceae_UCG-008; s__metagenome	0.9998847168765967
a2673692230e5230468859f9d7ce00dd	d__Bacteria; p__Firmicutes; c__Clostridia; o__Oscillospirales; f__Ruminococcaceae; g__Ruminococcus; s__gut_metagenome	0.9981443168280689
ea274faa72b47adc99fa9ba6a1cd85f8	d__Bacteria; p__Firmicutes; c__Clostridia; o__Oscillospirales; f__Oscillospiraceae; g__UCG-002	0.9997235569739915
8f2b093e7e106b2ca2962b3e6b9e1718	d__Bacteria; p__Firmicutes; c__Clostridia; o__Lachnospirales; f__Lachnospiraceae; g__Marvinbryantia; s__uncultured_organism	0.718542915725977
112e8ad807c09746bcfd98552930fc59	d__Bacteria; p__Firmicutes; c__Clostridia; o__Lachnospirales; f__Lachnospiraceae	0.9999522532444926
8038c0dee8e383fe07da05aa04d47597	d__Bacteria; p__Firmicutes; c__Clostridia; o__Lachnospirales; f__Lachnospiraceae; g__[Ruminococcus]_torques_group	0.9826235877060472
f2f61dd0b65ee18597ef81a615b33312	d__Bacteria; p__Firmicutes; c__Clostridia; o__Peptostreptococcales-Tissierellales; f__Anaerovoracaceae; g__Family_XIII_UCG-001; s__uncultured_bacterium	0.9996619200708685
2bd0a4ceb6f4f0d0d442aa6c7733540b	d__Bacteria; p__Bacteroidota; c__Bacteroidia; o__Bacteroidales; f__Prevotellaceae; g__Prevotella; s__Prevotellaceae_bacterium	0.8521040029046423
310b208c9538ee7bca757d7b64ff5c2d	d__Bacteria; p__Firmicutes; c__Clostridia; o__Christensenellales; f__Christensenellaceae; g__Christensenellaceae_R-7_group; s__uncultured_bacterium	0.8599268187865856
f4db19c8160f50c91b687fbeabd9dff9	d__Bacteria; p__Firmicutes; c__Clostridia; o__Christensenellales; f__Christensenellaceae; g__Christensenellaceae_R-7_group	0.9933356738654843
ff73f4a84b42903aa1e9d647999bc4b1	d__Bacteria; p__Firmicutes; c__Clostridia; o__Lachnospirales; f__Lachnospiraceae; g__Sellimonas; s__uncultured_bacterium	0.8234169329061107
fcf97a0ed13cc3b8735af9ce42ef0dba	d__Bacteria; p__Firmicutes; c__Clostridia; o__Christensenellales; f__Christensenellaceae; g__Christensenellaceae_R-7_group; s__uncultured_Clostridium	0.999999578580077
3ea8335b49d0812da09b10e5b231ade3	d__Bacteria; p__Firmicutes; c__Clostridia; o__Oscillospirales; f__Oscillospiraceae; g__Colidextribacter	0.9999637251101887
78db45f9261b86e980b4624e2c38afb6	d__Bacteria; p__Firmicutes; c__Clostridia; o__Lachnospirales; f__Lachnospiraceae; g__Sellimonas; s__uncultured_Firmicutes	0.8753690887281693
4d00a190aaccfc25ee24f2c5495d2ea1	d__Bacteria; p__Firmicutes; c__Clostridia; o__Lachnospirales; f__Lachnospiraceae	0.9985746857482362
fc6a81aa736a5537688574c691127329	d__Bacteria; p__Firmicutes; c__Clostridia; o__Oscillospirales; f__Ruminococcaceae; g__Faecalibacterium	0.9981341808872866
9fa00dc932c5e9412c17cf2282ac6c23	d__Bacteria; p__Firmicutes; c__Bacilli; o__Lactobacillales; f__Streptococcaceae; g__Streptococcus	0.9995076230671905
d54b771a52260880b127f994615b6306	d__Bacteria; p__Firmicutes; c__Clostridia; o__Oscillospirales; f__Ruminococcaceae; g__Faecalibacterium	0.9975608284793678
9383637c9a7e5956290f9ebf0bf49e6d	d__Bacteria; p__Firmicutes; c__Clostridia; o__Christensenellales; f__Christensenellaceae; g__Christensenellaceae_R-7_group; s__uncultured_bacterium	0.854166831678826
e4346e91cf5078bb914c96b95bf53f2e	d__Bacteria; p__Firmicutes; c__Bacilli; o__Lactobacillales; f__Streptococcaceae; g__Streptococcus	0.999999907535299
86d0190342dcf11be6738bd52af2a2eb	d__Bacteria; p__Firmicutes; c__Clostridia; o__Lachnospirales; f__Lachnospiraceae; g__[Eubacterium]_eligens_group; s__uncultured_bacterium	0.8735501170640412
35fc400c945f51478d16911c9d8ff485	d__Bacteria; p__Bacteroidota; c__Bacteroidia; o__Bacteroidales; f__Tannerellaceae; g__Parabacteroides; s__Parabacteroides_johnsonii	0.9453404066274569
26cd56046d1fb8d8963db28446150e16	d__Bacteria; p__Firmicutes; c__Clostridia; o__Lachnospirales; f__Lachnospiraceae; g__Frisingicoccus; s__uncultured_bacterium	0.8490173629245932
bb78bddcd63d216eaecddcc94891a8dc	d__Bacteria; p__Firmicutes; c__Clostridia; o__Lachnospirales; f__Lachnospiraceae; g__Anaerostipes	0.9999997064935017
ca224a5826f341684ba0053cc01a955f	d__Bacteria; p__Firmicutes; c__Clostridia; o__Lachnospirales; f__Lachnospiraceae; g__Fusicatenibacter	0.999835042718467
4092352d3e48cc12d98dc62b4a2a2bd3	d__Bacteria; p__Firmicutes; c__Clostridia; o__Oscillospirales; f__Ruminococcaceae; g__Subdoligranulum	0.9998345110840032
79a3c65ae8c7a52df6c8fbf4685cb48a	d__Bacteria; p__Firmicutes; c__Clostridia; o__Lachnospirales; f__Lachnospiraceae; g__[Ruminococcus]_gnavus_group	0.9981724982229963
0265c8ca413cf1d390cbf64e36e15f32	d__Bacteria; p__Firmicutes; c__Clostridia; o__Lachnospirales; f__Lachnospiraceae; g__[Ruminococcus]_torques_group; s__uncultured_Clostridiales	0.9693187789224267
72ff3a96087cd86b56230cfdecca92a1	d__Bacteria; p__Firmicutes; c__Clostridia	0.9999992493409965
c06dc11449295c1b83b59ff0e7338b3a	d__Bacteria; p__Firmicutes; c__Clostridia; o__Lachnospirales; f__Lachnospiraceae; g__Blautia	0.9888912333422071
ae9ea2f5a5c544bd3e866730302f2d4f	d__Bacteria; p__Firmicutes; c__Clostridia; o__Lachnospirales; f__Lachnospiraceae; g__Fusicatenibacter	0.9997956052026182
21697feccbfab003384295e8578c95ba	d__Bacteria; p__Firmicutes; c__Clostridia; o__Oscillospirales; f__Ruminococcaceae; g__uncultured	0.8877953885066353
8e486528a5e00934c143589757b3c7ee	d__Bacteria; p__Firmicutes; c__Clostridia; o__Lachnospirales; f__Lachnospiraceae; g__Agathobacter	0.9648425005363293
493b7a3120ef86b4381b9b7de727376a	d__Bacteria; p__Firmicutes; c__Clostridia; o__Peptostreptococcales-Tissierellales; f__Anaerovoracaceae; g__Family_XIII_AD3011_group; s__uncultured_organism	0.9696454025456926
d7ec23ebad7e4698083e474a5c27fa63	d__Bacteria; p__Firmicutes; c__Clostridia; o__Lachnospirales; f__Lachnospiraceae; g__Epulopiscium	0.9999919382604876
a9d4ede7916cd1a77d2480c947012def	d__Bacteria; p__Firmicutes; c__Clostridia; o__Lachnospirales; f__Lachnospiraceae; g__[Eubacterium]_hallii_group	0.9999999376691568
53353bb77ff97f034f75ca86d6dc54c4	d__Bacteria; p__Firmicutes; c__Bacilli; o__Erysipelotrichales; f__Erysipelotrichaceae; g__Holdemania	0.9999999037162312
87434295f8f42e519aa9d73e2f96c237	d__Bacteria; p__Firmicutes; c__Clostridia; o__Clostridia_UCG-014; f__Clostridia_UCG-014; g__Clostridia_UCG-014	0.9999999999861997
36b5ca5a738c1821d630c99cf819984a	d__Bacteria; p__Firmicutes; c__Clostridia; o__Oscillospirales; f__Ruminococcaceae; g__Ruminococcus; s__Ruminococcus_flavefaciens	0.893660449749053
e7d846406c81acc114eb4d7ce5e71fff	d__Bacteria; p__Firmicutes; c__Clostridia; o__Christensenellales; f__Christensenellaceae; g__Christensenellaceae_R-7_group; s__gut_metagenome	0.8354053604619097
660bee533256828aeff373aba5f63ce7	d__Bacteria; p__Firmicutes; c__Clostridia; o__Oscillospirales; f__Oscillospiraceae; g__UCG-005; s__metagenome	0.9870409835466892
eb090d9724af5fcb51faee42e4235c41	d__Bacteria; p__Firmicutes; c__Bacilli; o__Lactobacillales; f__Streptococcaceae; g__Streptococcus; s__Streptococcus_mutans	0.9755323047305487
fd5f98fa76b609190af6510367d7f5c4	d__Bacteria; p__Firmicutes; c__Clostridia; o__Lachnospirales; f__Lachnospiraceae; g__Lachnospiraceae_NK4A136_group	0.7549865247705402
79eb0276074b50d8636b4bda44aa49e5	d__Bacteria; p__Actinobacteriota; c__Coriobacteriia; o__Coriobacteriales; f__Eggerthellaceae; g__Eggerthella; s__uncultured_bacterium	0.753523020773678
8279447c860fbdabb7ab1700cf3ec8dc	d__Bacteria; p__Bacteroidota; c__Bacteroidia; o__Bacteroidales; f__Barnesiellaceae; g__Barnesiella	0.9999999997648591
ed93c7b4d801fcb9f9f0c4c32624fa8f	d__Bacteria; p__Bacteroidota; c__Bacteroidia; o__Bacteroidales; f__Bacteroidaceae; g__Bacteroides; s__Bacteroides_plebeius	0.9999084896624297
b9af37effba2a8996f42380e90568fe6	d__Bacteria; p__Bacteroidota; c__Bacteroidia; o__Bacteroidales; f__Bacteroidaceae; g__Bacteroides	0.9999998501882341
740212852830c4f7fc6db0f629d10107	d__Bacteria; p__Firmicutes; c__Clostridia; o__Oscillospirales; f__Ruminococcaceae; g__uncultured	0.9959094365095963
689a7d51cf40bd11de9e6021903ff442	d__Bacteria; p__Firmicutes; c__Clostridia; o__Monoglobales; f__Monoglobaceae; g__Monoglobus	0.9991363090737816
e9eac97c7ff46c8eb998c4a8f2c60ab9	d__Bacteria; p__Firmicutes; c__Clostridia; o__Oscillospirales; f__Oscillospiraceae; g__UCG-002	0.9999166810479939
5cedbafbe561523548ba322ab24e9f10	d__Bacteria; p__Bacteroidota; c__Bacteroidia; o__Bacteroidales; f__Muribaculaceae; g__Muribaculaceae; s__uncultured_organism	0.9936193966419948
0c1634dc40447102f5b760a9253ae6ba	d__Bacteria; p__Firmicutes; c__Clostridia; o__Oscillospirales; f__Ruminococcaceae; g__Faecalibacterium	0.9981072189717788
5071a9a74b55755f1a2b012ba74ed395	d__Bacteria; p__Firmicutes; c__Clostridia; o__Clostridia_UCG-014; f__Clostridia_UCG-014; g__Clostridia_UCG-014	0.9999999999703943
29b32ce96172470696e66b99e6d588db	d__Bacteria; p__Firmicutes; c__Clostridia; o__Lachnospirales; f__Lachnospiraceae; g__Blautia	0.9753797381458778
daf53dc1230118fd8d907251167c55ae	d__Bacteria; p__Firmicutes; c__Clostridia; o__Oscillospirales; f__Oscillospiraceae; g__Colidextribacter	0.9197900921850928
ffd11cc5b7260f27919b6d3517447fcf	d__Bacteria; p__Firmicutes; c__Clostridia; o__Lachnospirales; f__Lachnospiraceae; g__Blautia	0.9802179204281448
90b5ec222cf06132602acecee19209c1	d__Bacteria; p__Firmicutes; c__Clostridia; o__Lachnospirales; f__Lachnospiraceae; g__Coprococcus; s__Coprococcus_eutactus	0.8469733188184606
af92db82f3d60ce5b5bf41c05602ca0c	d__Bacteria; p__Firmicutes; c__Clostridia; o__Clostridiales; f__Clostridiaceae; g__Clostridium_sensu_stricto_1	0.9995717293430093
67ac690675c6d5a9c3e2246981a5ccce	d__Bacteria; p__Firmicutes; c__Clostridia; o__Clostridiales; f__Clostridiaceae; g__Clostridium_sensu_stricto_1	0.9998039177087338
22a23ef9e775fcaa3f35ecdf76763cec	d__Bacteria; p__Actinobacteriota; c__Actinobacteria; o__Actinomycetales; f__Actinomycetaceae; g__Varibaculum	0.9999999536170942
d45b184ba82f1cd91d4a93bfefe85817	d__Bacteria; p__Firmicutes; c__Negativicutes; o__Acidaminococcales; f__Acidaminococcaceae; g__Acidaminococcus	0.9998711737142868
c1d1a48bfe3724f03161c473df7784df	d__Bacteria; p__Firmicutes; c__Clostridia; o__Lachnospirales; f__Lachnospiraceae; g__Lachnospiraceae_UCG-001; s__Lachnospiraceae_bacterium	0.9681506411167192
7241ef2ea282cd92e073b51aeea4a04e	d__Bacteria; p__Firmicutes; c__Clostridia; o__Christensenellales; f__Christensenellaceae; g__Christensenellaceae_R-7_group; s__uncultured_bacterium	0.8046828105079473
c2447fe63ebf385650105342f56521f6	d__Bacteria; p__Firmicutes; c__Clostridia; o__Oscillospirales; f__Ruminococcaceae; g__Anaerotruncus; s__Anaerotruncus_colihominis	0.7543130031674212
a61b1f9befb2febcf4f988c1e7ccbc95	d__Bacteria; p__Firmicutes; c__Clostridia; o__Lachnospirales; f__Lachnospiraceae	0.9998632177663267
c813008e61d38e75f0dc5fb4c48ffbc7	d__Bacteria; p__Firmicutes; c__Negativicutes; o__Acidaminococcales; f__Acidaminococcaceae; g__Phascolarctobacterium; s__Phascolarctobacterium_faecium	0.7103512562849679
65f92d50932792c92df49ab75e8137f1	d__Bacteria; p__Actinobacteriota; c__Coriobacteriia; o__Coriobacteriales; f__Atopobiaceae; g__Libanicoccus; s__uncultured_bacterium	0.8113206071312047
f377f04b18300d99522549146db47df5	d__Bacteria; p__Firmicutes; c__Clostridia; o__Oscillospirales; f__UCG-010; g__UCG-010; s__gut_metagenome	0.9667769095054151
98ba7158c34f15c717dba06f4cd407e2	d__Bacteria; p__Firmicutes; c__Clostridia; o__Clostridiales; f__Clostridiaceae; g__Clostridium_sensu_stricto_1	0.9999034250458573
3094e53c794f833070e56eeebc81c16d	d__Bacteria; p__Firmicutes; c__Clostridia; o__Lachnospirales; f__Lachnospiraceae; g__[Eubacterium]_hallii_group	0.9999998556544952
7ec947029c9e1bf57e41b2c4c51d7df6	d__Bacteria; p__Firmicutes; c__Clostridia; o__Monoglobales; f__Monoglobaceae; g__Monoglobus; s__uncultured_organism	0.8287239316205273
1f7a7c2deed26ce8887238c54b6c0c61	d__Bacteria; p__Firmicutes; c__Clostridia; o__Oscillospirales; f__Ruminococcaceae; g__Ruminococcus; s__Ruminococcus_sp.	0.7167891000418867
0a82f6f49d877f7ea12980e8b653b5b8	d__Bacteria; p__Firmicutes; c__Clostridia; o__Lachnospirales; f__Lachnospiraceae; g__[Eubacterium]_xylanophilum_group	0.9997060403454295
180dcdb94e5469a7649874ed015b0633	d__Bacteria; p__Bacteroidota; c__Bacteroidia; o__Bacteroidales; f__Barnesiellaceae; g__Barnesiella	0.999999999841839
170b5d17cf6c5c3a455ab7e809813194	d__Bacteria; p__Bacteroidota; c__Bacteroidia; o__Bacteroidales; f__Prevotellaceae; g__Prevotella; s__Prevotellaceae_bacterium	0.9599116319798929
1fe8ce497cd4bdb0c50fadfeba6fc0c8	d__Bacteria; p__Firmicutes; c__Clostridia; o__Lachnospirales; f__Lachnospiraceae; g__Lachnospiraceae_UCG-008; s__uncultured_organism	0.9417995958567823
2a04a54e6f3663e518146bf3283acc53	d__Bacteria; p__Firmicutes; c__Clostridia; o__Lachnospirales; f__Lachnospiraceae; g__Agathobacter	0.9607816641170408
df648a79fa58ab1ae0020a2aed25cc74	d__Bacteria; p__Firmicutes; c__Clostridia; o__Lachnospirales; f__Lachnospiraceae; g__Eisenbergiella; s__uncultured_organism	0.92394505316948
ff988a537ff038951d0bd6f408d0854f	d__Bacteria; p__Firmicutes; c__Clostridia; o__Christensenellales; f__Christensenellaceae; g__Christensenellaceae_R-7_group; s__uncultured_prokaryote	0.7669605551719744
92e7666b1e9e24472f90a63075a886e0	d__Bacteria; p__Firmicutes; c__Clostridia; o__Lachnospirales; f__Lachnospiraceae; g__[Ruminococcus]_torques_group	0.9562061197023043
b5fe78fa54f124cddb0d0d2af2c8bc16	d__Bacteria; p__Firmicutes; c__Clostridia; o__Peptostreptococcales-Tissierellales; f__Anaerovoracaceae; g__Family_XIII_AD3011_group; s__uncultured_Eubacterium	0.8437356267543635
febf2178613474e711f321f78e67c0bb	d__Bacteria; p__Actinobacteriota; c__Coriobacteriia; o__Coriobacteriales; f__Coriobacteriales_Incertae_Sedis; g__uncultured; s__uncultured_organism	0.7086996195848742
802bee38b6748b4b89b776c8be2b1952	d__Bacteria; p__Proteobacteria; c__Gammaproteobacteria; o__Burkholderiales; f__Sutterellaceae; g__Parasutterella; s__Parasutterella_secunda	0.9978140083571817
0ba8128a3bbb2f118dd7a3ef4c7f8720	d__Bacteria; p__Firmicutes; c__Clostridia; o__Lachnospirales; f__Lachnospiraceae; g__Sellimonas; s__uncultured_bacterium	0.9481823522922874
0e0fea79aa7e798ff6c07c7690c5fed0	d__Bacteria; p__Firmicutes; c__Clostridia; o__Oscillospirales; f__Ruminococcaceae; g__Faecalibacterium	0.982702285081916
97cd305cc24c6dafb702824c6fb96027	d__Bacteria; p__Firmicutes; c__Clostridia; o__Peptostreptococcales-Tissierellales; f__Anaerovoracaceae; g__[Eubacterium]_brachy_group; s__uncultured_bacterium	0.7190333652024803
b54f4649c8e8ceb29a405de49ba27fbb	d__Bacteria; p__Firmicutes; c__Clostridia; o__Oscillospirales; f__Ruminococcaceae; g__Ruminococcus	0.9958982529765762
e756a5b3782ee3d13cf4f8000c9a315e	d__Bacteria; p__Firmicutes; c__Clostridia; o__Oscillospirales; f__Butyricicoccaceae; g__Butyricicoccus; s__uncultured_bacterium	0.7112772713105321
cb1f9f5e47d9fa154e566f8a15566817	d__Bacteria; p__Firmicutes; c__Clostridia; o__Peptostreptococcales-Tissierellales; f__Peptostreptococcaceae; g__Terrisporobacter	0.9841286223268259
0c531dfe2b76c805533a419ed6807b2f	d__Bacteria; p__Firmicutes; c__Clostridia; o__Lachnospirales; f__Lachnospiraceae; g__UC5-1-2E3; s__uncultured_bacterium	0.8586210332558397
ac6016b3e3a146d2f4b60dc3ba81be25	d__Bacteria; p__Firmicutes; c__Clostridia; o__Lachnospirales; f__Lachnospiraceae	0.9999982714905642
1e31332fc0c31fd3ab00f69dd20cf09c	d__Bacteria; p__Firmicutes; c__Clostridia; o__Christensenellales; f__Christensenellaceae; g__Christensenellaceae_R-7_group	0.9758067510912931
bc44a873aabe14a5948bcdfd8d4ea3ff	d__Bacteria; p__Firmicutes; c__Clostridia; o__Lachnospirales; f__Lachnospiraceae; g__Coprococcus	0.971127982094546
3aedfa88763d053d484d305354e5f1a0	d__Bacteria; p__Firmicutes; c__Clostridia; o__Oscillospirales; f__Ruminococcaceae; g__Subdoligranulum	0.9989117410654761
097fcef4a4c866d22a836973fc3d0fc9	d__Bacteria; p__Firmicutes; c__Clostridia; o__Lachnospirales; f__Lachnospiraceae; g__[Ruminococcus]_gnavus_group	0.9967903010654318
4ddc27f04d439513563a6995697b7d40	d__Bacteria; p__Bacteroidota; c__Bacteroidia; o__Bacteroidales; f__Tannerellaceae; g__Parabacteroides	0.9999998006027973
50d3680ef75189621389588efd2ee61a	d__Bacteria; p__Firmicutes; c__Clostridia; o__Lachnospirales; f__Lachnospiraceae; g__[Eubacterium]_hallii_group	0.9999999530430278
25912813016c8644adbcd6e30a330ca1	d__Bacteria; p__Firmicutes; c__Clostridia; o__Lachnospirales; f__Lachnospiraceae; g__Agathobacter	0.9606698307323163
793b874082543d7b4a5b3fa061e631e1	d__Bacteria; p__Firmicutes; c__Clostridia; o__Oscillospirales; f__UCG-010; g__UCG-010; s__metagenome	0.9894836551598235
dda0362ad69fb29716e07a38e6137b9a	d__Bacteria; p__Firmicutes; c__Clostridia; o__Lachnospirales; f__Lachnospiraceae; g__Blautia	0.9853540351658326
d01e3f750fadfac2642cfc6c9233d021	d__Bacteria; p__Firmicutes; c__Clostridia; o__Lachnospirales; f__Lachnospiraceae; g__Lachnospira	0.9990340632460428
1d5ca03e0e5b3697c923c782a0bc00e0	d__Bacteria; p__Firmicutes; c__Clostridia; o__Peptostreptococcales-Tissierellales; f__Anaerovoracaceae; g__Family_XIII_AD3011_group; s__metagenome	0.9613342502212787
13c264d999fbc57f47c84f889b991b8c	d__Bacteria; p__Bacteroidota; c__Bacteroidia; o__Bacteroidales; f__Rikenellaceae; g__Alistipes; s__Alistipes_sp.	0.9929281101751305
e6911919abf2edb215aa83111b1e6672	d__Bacteria; p__Firmicutes; c__Clostridia; o__Lachnospirales; f__Lachnospiraceae; g__Agathobacter	0.9375138895452573
74905f98f0ae4c6d5e5ce76cf1ac1f2e	d__Bacteria; p__Firmicutes; c__Clostridia; o__Oscillospirales; f__Oscillospiraceae; g__Intestinimonas; s__Intestinimonas_butyriciproducens	0.9994382906188052
55574825bf42a32361a2fa0a6747ba42	d__Bacteria; p__Proteobacteria; c__Gammaproteobacteria; o__Burkholderiales; f__Burkholderiaceae; g__Burkholderia-Caballeronia-Paraburkholderia	0.9981881146472829
77bf648f4c3136ca8732add8b83c193c	d__Bacteria; p__Firmicutes; c__Clostridia; o__Oscillospirales; f__Oscillospiraceae; g__UCG-005; s__gut_metagenome	0.9282568254636473
6a425ea487abc4fae2630b516fe46c19	d__Bacteria; p__Firmicutes; c__Clostridia; o__Lachnospirales; f__Lachnospiraceae; g__Lachnospiraceae_ND3007_group; s__metagenome	0.7082407208252042
71923d469c153df048fc36822eebcd15	d__Bacteria; p__Firmicutes; c__Clostridia; o__Monoglobales; f__Monoglobaceae; g__Monoglobus; s__uncultured_organism	0.8325340732740365
383f90b21d5dbd481bc4c7504cbc58a1	d__Bacteria; p__Firmicutes; c__Clostridia; o__Peptostreptococcales-Tissierellales; f__Anaerovoracaceae; g__[Eubacterium]_nodatum_group; s__uncultured_bacterium	0.7231783186659382
39e7be677f3b004ea7d8b9ae349557ba	d__Bacteria; p__Firmicutes; c__Bacilli; o__Erysipelotrichales; f__Erysipelotrichaceae; g__Faecalitalea; s__Absiella_dolichum	0.9999647747881304
e270a2110b69e617fbd56304ee12ae72	d__Bacteria; p__Firmicutes; c__Clostridia; o__Clostridia_UCG-014; f__Clostridia_UCG-014; g__Clostridia_UCG-014; s__uncultured_Acetivibrio	0.8457220961890779
5c2f9cbfd1a6d2f73a7052c2e790d8cb	d__Bacteria; p__Firmicutes; c__Clostridia; o__Oscillospirales; f__Oscillospiraceae; g__uncultured; s__uncultured_bacterium	0.7726219921070634
4a3a6c7b5d5097c1f3cb8e30076de875	d__Bacteria; p__Firmicutes; c__Clostridia; o__Lachnospirales; f__Lachnospiraceae; g__Sellimonas; s__Lachnoclostridium_phocaeense	0.9996280352954693
14cd62769439fed0da74ed2b3444c1ca	d__Bacteria; p__Bacteroidota; c__Bacteroidia; o__Bacteroidales; f__Prevotellaceae; g__Paraprevotella; s__Paraprevotella_clara	0.7261222942220751
067e440a0ae41499b84fca81c9686478	d__Bacteria; p__Firmicutes; c__Clostridia; o__Lachnospirales; f__Lachnospiraceae; g__[Eubacterium]_hallii_group	0.9999999755074771
69915dc0f84c2fa81eb347f39b8c5041	d__Bacteria; p__Firmicutes; c__Clostridia; o__Lachnospirales; f__Lachnospiraceae; g__CHKCI001; s__uncultured_organism	0.9999607821619257
88bede0dd501d8ae8a77c7a25ef11235	d__Bacteria; p__Bacteroidota; c__Bacteroidia; o__Bacteroidales; f__Marinifilaceae; g__Odoribacter; s__Odoribacter_sp.	0.9991588370019615
08ef83c6974a56ef33b0272157b072f2	d__Bacteria; p__Firmicutes; c__Clostridia; o__Christensenellales; f__Christensenellaceae; g__Christensenellaceae_R-7_group	0.9802402933986538
25a2d86cadb848b5499512375d6869dd	d__Bacteria; p__Firmicutes; c__Clostridia; o__Oscillospirales; f__Butyricicoccaceae; g__Butyricicoccus; s__uncultured_bacterium	0.9510384925214144
8ba5d23510b18670f4c2fdb39eb799df	d__Bacteria; p__Firmicutes; c__Clostridia; o__Lachnospirales; f__Lachnospiraceae; g__GCA-900066575; s__uncultured_bacterium	0.9934927733682634
c7fdf016e06a62629c27ef7d0c8f4657	d__Bacteria; p__Firmicutes; c__Clostridia; o__Lachnospirales; f__Lachnospiraceae; g__Dorea	0.9024886953876377
656a435d73949f3d2605d23d71330af0	d__Bacteria; p__Firmicutes; c__Clostridia; o__Lachnospirales; f__Lachnospiraceae	0.999997191884042
725152361e3be70457cce044a78f2a9e	d__Bacteria; p__Firmicutes; c__Clostridia; o__Lachnospirales; f__Lachnospiraceae	0.9999988970157517
fc70ae97f8469e678ff6bdb1d872ebb8	d__Bacteria; p__Firmicutes; c__Clostridia; o__Oscillospirales; f__Ruminococcaceae; g__uncultured; s__uncultured_Ruminococcus	0.9999930613013956
32f45389ad2b83d7508fbe3659d16281	d__Bacteria; p__Bacteroidota; c__Bacteroidia; o__Bacteroidales; f__Prevotellaceae; g__Alloprevotella; s__gut_metagenome	0.9999679675044715
86bc07404e23e1f180f8f2fbc6af074a	d__Bacteria; p__Firmicutes; c__Clostridia; o__Oscillospirales; f__Oscillospiraceae; g__UCG-005	0.9791282174421875
6f736a8db7bc7166317b34e1954e7d73	d__Bacteria; p__Firmicutes; c__Clostridia; o__Lachnospirales; f__Lachnospiraceae; g__Agathobacter	0.9532615928978004
3adb6bd4f0a6ca8cdbc476ee98cdb991	d__Bacteria; p__Firmicutes; c__Clostridia; o__Lachnospirales; f__Lachnospiraceae; g__Fusicatenibacter	0.9999087093155541
20eda34264bf7b664e08cdcdbf67347e	d__Bacteria; p__Firmicutes; c__Clostridia; o__Oscillospirales; f__Oscillospiraceae; g__Intestinimonas; s__uncultured_bacterium	0.9198751981539101
9db5d4f5ba973522037813aee035651b	d__Bacteria; p__Firmicutes; c__Clostridia; o__Oscillospirales; f__Oscillospiraceae; g__UCG-005	0.9996818905894397
8b4e3363beaa9fc467bfd14c82a7a6ce	d__Bacteria; p__Bacteroidota; c__Bacteroidia; o__Bacteroidales; f__Barnesiellaceae; g__Barnesiella; s__uncultured_organism	0.7117275251403306
4a4c686c1d46687cad4f1aa818db1273	d__Bacteria; p__Firmicutes; c__Clostridia; o__Lachnospirales; f__Lachnospiraceae; g__[Ruminococcus]_torques_group	0.9807107175585897
6760fdb1de3e07c830324d9fb4b5ff01	d__Bacteria; p__Actinobacteriota; c__Coriobacteriia; o__Coriobacteriales; f__Eggerthellaceae; g__CHKCI002; s__uncultured_bacterium	0.9998739587914329
362522999310b1162a9f6e7e669c5995	d__Bacteria; p__Firmicutes; c__Clostridia; o__Lachnospirales; f__Lachnospiraceae; g__uncultured; s__butyrate-producing_bacterium	0.9979275641426857
c35af118d8504b95d823a04566d43a0f	d__Bacteria; p__Actinobacteriota; c__Coriobacteriia; o__Coriobacteriales; f__Eggerthellaceae; g__Gordonibacter; s__Gordonibacter_pamelaeae	0.9687533141934007
06c8677c28a5d7a2c71c8b1d1bf91575	d__Bacteria; p__Bacteroidota; c__Bacteroidia; o__Bacteroidales; f__Bacteroidaceae; g__Bacteroides; s__Bacteroides_coprocola	0.9999033303876053
b00960c08add15831c80c920f8e567df	d__Bacteria; p__Firmicutes; c__Clostridia; o__Lachnospirales; f__Lachnospiraceae; g__[Ruminococcus]_gauvreauii_group	0.9958449540550731
bd264285310aa5a116a404766758d83e	d__Bacteria; p__Firmicutes; c__Clostridia; o__Lachnospirales; f__Lachnospiraceae; g__[Eubacterium]_ventriosum_group	0.9992144846662224
ff086324a514583743a282c91eaa93d3	d__Bacteria; p__Bacteroidota; c__Bacteroidia; o__Bacteroidales; f__Marinifilaceae; g__Odoribacter	0.9999999999999223
538521e4b97b535272312684c46dccef	d__Bacteria; p__Firmicutes; c__Negativicutes; o__Veillonellales-Selenomonadales; f__Veillonellaceae; g__Veillonella	0.9999999944406297
2bd894ef917cc6b212916f938064bbda	d__Bacteria; p__Firmicutes; c__Clostridia; o__Clostridia_UCG-014; f__Clostridia_UCG-014; g__Clostridia_UCG-014	0.9999999996879325
a30e6cc09462ab39fa984611f8742bf0	d__Bacteria; p__Bacteroidota; c__Bacteroidia; o__Bacteroidales; f__Bacteroidaceae; g__Bacteroides	0.9999999993495898
fb489903a92b57edb66f12397e4f4446	d__Bacteria; p__Firmicutes; c__Clostridia; o__Oscillospirales; f__[Eubacterium]_coprostanoligenes_group; g__[Eubacterium]_coprostanoligenes_group	0.9999999483059703
9261c5f499f3b7d42aa3927302f88384	d__Bacteria; p__Firmicutes; c__Clostridia; o__Christensenellales; f__Christensenellaceae; g__Christensenellaceae_R-7_group	0.9997011144741363
79ce966af146f84fcab3b4c158d37e39	d__Bacteria; p__Firmicutes; c__Clostridia; o__Lachnospirales; f__Lachnospiraceae; g__[Eubacterium]_hallii_group	0.9999998361438608
d760d1969aa00a19e979732857e031cf	d__Bacteria; p__Firmicutes; c__Clostridia; o__Lachnospirales; f__Lachnospiraceae	0.999965071925533
0a25964862ddfabe56ed7a9e05cab8e3	d__Bacteria; p__Firmicutes; c__Bacilli; o__Erysipelotrichales; f__Erysipelatoclostridiaceae; g__Catenibacterium	0.9999997791795884
3455271443622b6adb179e055233a831	d__Bacteria; p__Bacteroidota; c__Bacteroidia; o__Bacteroidales; f__Bacteroidaceae; g__Bacteroides; s__Bacteroides_eggerthii	0.9983094426191221
7d6d520cc90c5553ce027b999dfbd12c	d__Bacteria; p__Firmicutes; c__Bacilli; o__Lactobacillales; f__Streptococcaceae; g__Streptococcus; s__Streptococcus_anginosus	0.9539980801565684
ca24fc439cd7a98497feb71394043902	d__Bacteria; p__Firmicutes; c__Negativicutes; o__Veillonellales-Selenomonadales; f__Veillonellaceae; g__Veillonella	0.9999999963092556
c0b9cc4c342df0d2f65b613972e8a110	d__Bacteria; p__Proteobacteria; c__Gammaproteobacteria; o__Pseudomonadales; f__Pseudomonadaceae; g__Pseudomonas	0.9998891513646398
d4af97dfb8b8434f1b7b13278b773a31	d__Bacteria; p__Firmicutes; c__Clostridia; o__Lachnospirales; f__Lachnospiraceae; g__[Ruminococcus]_torques_group	0.9855252638688667
91c25b83060a7c10d2a1d6e8b69f6631	d__Bacteria; p__Firmicutes; c__Clostridia; o__Lachnospirales; f__Lachnospiraceae	0.9999963453225489
66bd801ccda7064ce782baf1b960826a	d__Bacteria; p__Firmicutes; c__Clostridia; o__Christensenellales; f__Christensenellaceae; g__Christensenellaceae_R-7_group	0.8772549129046392
d86651a4d8b139dc9740636e80e91762	d__Bacteria; p__Firmicutes; c__Clostridia; o__Lachnospirales; f__Lachnospiraceae; g__[Ruminococcus]_torques_group	0.9573483917585917
e848e566a6c293cbb779d23fc21680be	d__Bacteria; p__Firmicutes; c__Clostridia; o__Peptostreptococcales-Tissierellales; f__Anaerovoracaceae; g__Family_XIII_AD3011_group; s__uncultured_bacterium	0.7597666789791229
2d20e3af1e8bd1c618ffda9e685d8b20	d__Bacteria; p__Proteobacteria; c__Alphaproteobacteria; o__Rhodospirillales; f__uncultured; g__uncultured; s__gut_metagenome	0.9999813925222345
e0dd03bace49fb69f74ca303a85edbe7	d__Bacteria; p__Firmicutes; c__Clostridia; o__Lachnospirales; f__Lachnospiraceae; g__Blautia	0.8430804937894655
b02375a4911c87c7df3aee70c5a2ed62	d__Bacteria; p__Firmicutes; c__Clostridia; o__Oscillospirales; f__[Clostridium]_methylpentosum_group; g__[Clostridium]_methylpentosum_group	0.9991014696985228
6847f81122dd7abbed855d83072af2db	d__Bacteria; p__Firmicutes; c__Clostridia; o__Christensenellales; f__Christensenellaceae; g__Christensenellaceae_R-7_group	0.86628438437042
c18cacd360f0b7b665e3d80ef4d9f61f	d__Bacteria; p__Firmicutes; c__Negativicutes; o__Acidaminococcales; f__Acidaminococcaceae; g__Phascolarctobacterium; s__uncultured_Veillonellaceae	0.721126670283964
b691a1866dc8a01aff88c72b450e11d1	d__Bacteria; p__Firmicutes; c__Clostridia; o__Oscillospirales; f__Oscillospiraceae; g__NK4A214_group	0.8954407040543169
d963b59f19db6517a9f26908f684545d	d__Bacteria; p__Proteobacteria; c__Gammaproteobacteria; o__Enterobacterales; f__Enterobacteriaceae	0.9159111822089931
c18776a08bed44f7c739a7c0603d1fef	d__Bacteria; p__Firmicutes; c__Clostridia; o__Lachnospirales; f__Lachnospiraceae; g__[Eubacterium]_hallii_group	0.9999999371607832
c65bfc4d4ee78b750e0343d066258a8d	d__Bacteria; p__Firmicutes; c__Clostridia; o__Lachnospirales; f__Defluviitaleaceae; g__Defluviitaleaceae_UCG-011; s__uncultured_bacterium	0.9923001053432204
2df1fa43d319fa777a33d6192176b60c	d__Bacteria; p__Firmicutes; c__Clostridia; o__Lachnospirales; f__Lachnospiraceae; g__Agathobacter	0.8988315870403837
dfd3c29ead3c8a37585bb027ff47baaf	d__Bacteria; p__Firmicutes; c__Clostridia; o__Peptostreptococcales-Tissierellales; f__Peptostreptococcaceae; g__Romboutsia; s__Romboutsia_sp.	0.7008123911416433
836b74915e12f96682e46e9e8eb909b5	d__Bacteria; p__Bacteroidota; c__Bacteroidia; o__Bacteroidales; f__Prevotellaceae; g__Prevotella	0.9999996839850822
325188446becb29460046ea504bddee9	d__Bacteria; p__Firmicutes; c__Bacilli; o__Erysipelotrichales; f__Erysipelotrichaceae; g__Holdemania; s__uncultured_bacterium	0.9791828545675024
0b1d617f0e398a8320495ce4ac5ff0ab	d__Bacteria; p__Firmicutes; c__Clostridia; o__Lachnospirales; f__Lachnospiraceae	0.9999996615259428
15fd36bfb3f6577779d40a841faea0a6	d__Bacteria; p__Firmicutes; c__Clostridia; o__Lachnospirales; f__Lachnospiraceae; g__Blautia; s__Blautia_sp.	0.9375113153002035
813414a4d6d60b5d09070538c516db30	d__Bacteria; p__Firmicutes; c__Clostridia; o__Monoglobales; f__Monoglobaceae; g__Monoglobus; s__uncultured_organism	0.8571014326280275
6204766ac007005d9fa4d78688df982e	d__Bacteria; p__Firmicutes; c__Clostridia; o__Lachnospirales; f__Lachnospiraceae; g__Anaerostipes	0.9999995027647423
7b0337fa296f939958d3f86baf45682a	d__Bacteria; p__Firmicutes; c__Clostridia	0.9207349774251681
d3389d75ed128947be68012cc74460b3	d__Bacteria; p__Firmicutes; c__Clostridia; o__Oscillospirales; f__Ruminococcaceae; g__Fournierella; s__uncultured_organism	0.996850299283621
80f815bda1828b0091ef215c70d332b4	d__Bacteria; p__Firmicutes; c__Clostridia; o__Peptostreptococcales-Tissierellales; f__Anaerovoracaceae; g__[Eubacterium]_brachy_group; s__uncultured_organism	0.8749619006536296
380faca2ed9f4d76fee0272bdbb296e8	d__Bacteria; p__Bacteroidota; c__Bacteroidia; o__Bacteroidales; f__Rikenellaceae; g__Alistipes; s__Alistipes_indistinctus	0.9990389477821071
951caf2796d960511dac807653d558ac	d__Bacteria; p__Firmicutes; c__Clostridia; o__Eubacteriales; f__Anaerofustaceae; g__Anaerofustis; s__Anaerofustis_stercorihominis	0.9312083554294057
df5ae5a7317668f0506fc7503ecb7271	d__Bacteria; p__Firmicutes; c__Clostridia; o__Peptostreptococcales-Tissierellales; f__Peptostreptococcaceae; g__Intestinibacter; s__Intestinibacter_bartlettii	0.7454203428486306
3654ef379e1b313dcbcc4e0e7e48c3ee	d__Bacteria; p__Firmicutes; c__Clostridia; o__Oscillospirales; f__Oscillospiraceae; g__UCG-005; s__gut_metagenome	0.8858900157802903
0b9847eac0f5379022db4c8a90f11ebe	d__Bacteria; p__Firmicutes; c__Clostridia; o__Lachnospirales; f__Lachnospiraceae; g__[Ruminococcus]_torques_group	0.8878914124546455
ea24e48fd2dacf78dd555dbb426ec5cc	d__Bacteria; p__Firmicutes; c__Bacilli; o__Erysipelotrichales; f__Erysipelotrichaceae; g__Faecalitalea; s__Faecalitalea_cylindroides	0.9994368474403804
7ee9f5d5a82790e1ce7eba384851373f	d__Bacteria; p__Firmicutes; c__Clostridia; o__Oscillospirales; f__Ruminococcaceae; g__Subdoligranulum	0.9998340368630972
e001359f08b50959eef4b14cc9b07e01	d__Bacteria; p__Firmicutes; c__Clostridia; o__Lachnospirales; f__Lachnospiraceae; g__Lachnoclostridium; s__[Clostridium]_aldenense	0.7193350744416246
c415468962c8a8d3f9c157f19ff4b596	d__Bacteria; p__Bacteroidota; c__Bacteroidia; o__Bacteroidales; f__Bacteroidaceae; g__Bacteroides; s__Bacteroides_fluxus	0.9853968750322546
83ad55cc677682a5341c978536dedefd	d__Bacteria; p__Firmicutes; c__Clostridia; o__Lachnospirales; f__Lachnospiraceae; g__[Eubacterium]_hallii_group	0.9999998719167816
139f8e42a5e7dea61d20bc31ddabb251	d__Bacteria; p__Firmicutes; c__Clostridia; o__Oscillospirales; f__Oscillospiraceae; g__NK4A214_group; s__uncultured_organism	0.9905361997303905
8c28d6472b7cd048a48f06d3013068c5	d__Bacteria; p__Firmicutes; c__Clostridia; o__Oscillospirales; f__Ruminococcaceae; g__Incertae_Sedis; s__uncultured_bacterium	0.9902633601713143
4e1ee2cbd6ca2c126d89b17d12e76a37	d__Bacteria; p__Firmicutes; c__Clostridia; o__Lachnospirales; f__Lachnospiraceae; g__Lachnoclostridium; s__uncultured_organism	0.7256260701490937
d94d6428da90dd6e1684093aa3c6b6df	d__Bacteria; p__Firmicutes; c__Clostridia; o__Lachnospirales; f__Lachnospiraceae	0.9999998642123983
7bc344e4553d517cc038beffee66f6b4	d__Bacteria; p__Firmicutes; c__Clostridia; o__Oscillospirales; f__Oscillospiraceae; g__uncultured; s__uncultured_rumen	0.8426250334341445
2a3c4fe6a7df92cc70e8dd599fe71232	d__Bacteria; p__Firmicutes; c__Clostridia; o__Lachnospirales; f__Lachnospiraceae; g__Lachnoclostridium	0.711593268075557
163cc7d4f41d7584166b181231204d80	d__Bacteria; p__Firmicutes; c__Clostridia; o__Peptostreptococcales-Tissierellales; f__Anaerovoracaceae; g__[Eubacterium]_nodatum_group; s__unidentified	0.8793491792518594
84cfeea19f2f8e83f6555d82a5607ef1	d__Bacteria; p__Firmicutes; c__Clostridia; o__Lachnospirales; f__Lachnospiraceae; g__Eisenbergiella; s__uncultured_bacterium	0.9403100021195129
53f534c86ce0f4899629c75ae751f00e	d__Bacteria; p__Firmicutes; c__Clostridia; o__Lachnospirales; f__Lachnospiraceae; g__Blautia	0.9731365015474012
b88d43d352c3129a3a229e93367df837	d__Bacteria; p__Firmicutes; c__Bacilli; o__Lactobacillales; f__Lactobacillaceae; g__Lactobacillus	0.9999944758036063
46e806c03cfddc66ec8b10a0e428d906	d__Bacteria; p__Firmicutes; c__Clostridia; o__Lachnospirales; f__Lachnospiraceae; g__Lachnospiraceae_UCG-008; s__uncultured_organism	0.917778110929486
d9d7deff93cf89eb96c1cb0a5cb1d8a0	d__Bacteria; p__Firmicutes; c__Clostridia; o__Lachnospirales; f__Lachnospiraceae; g__[Ruminococcus]_gauvreauii_group	0.9949782893249495
2ace1931643b9931b0e9ae3fe76b07d5	d__Bacteria; p__Firmicutes; c__Clostridia; o__Lachnospirales; f__Lachnospiraceae; g__Dorea; s__uncultured_bacterium	0.8281154030697865
8608c2a7e1f8efd6efac2578ec7912ec	d__Bacteria; p__Firmicutes; c__Clostridia; o__Christensenellales; f__Christensenellaceae; g__Christensenellaceae_R-7_group	0.9753745520671049
6794289373e40c45ef74c56d01d21701	d__Bacteria; p__Firmicutes; c__Bacilli; o__Erysipelotrichales; f__Erysipelatoclostridiaceae; g__Erysipelatoclostridium	0.9999990355459787
5514f30c652e052fe2b349b2877c609f	d__Bacteria; p__Firmicutes; c__Bacilli; o__Erysipelotrichales; f__Erysipelatoclostridiaceae; g__Catenibacterium; s__uncultured_bacterium	0.7779033366513983
a3c14695745b0c559ff01c76aea7b84a	d__Bacteria; p__Firmicutes; c__Clostridia; o__Lachnospirales; f__Lachnospiraceae; g__Dorea	0.9498077545400188
71910c1f65d3c5d11111290303725425	d__Bacteria; p__Firmicutes; c__Negativicutes; o__Veillonellales-Selenomonadales; f__Veillonellaceae; g__Dialister	0.9999995640891644
50311e3820d86078e358417002c6ea99	d__Bacteria; p__Firmicutes; c__Clostridia; o__Lachnospirales; f__Lachnospiraceae; g__Fusicatenibacter	0.9990811688046077
afa62294d53318adbcb069b1a99b84e0	d__Bacteria; p__Firmicutes; c__Clostridia; o__Oscillospirales; f__[Eubacterium]_coprostanoligenes_group; g__[Eubacterium]_coprostanoligenes_group	0.99998721059836
ddc3aaed0b959eeab4e0552783e9da47	d__Bacteria; p__Firmicutes; c__Clostridia; o__Peptostreptococcales-Tissierellales; f__Anaerovoracaceae; g__Family_XIII_AD3011_group; s__uncultured_bacterium	0.9809603793538094
368a4fb93cc88e2ed88623deaa5b46b8	d__Bacteria; p__Firmicutes; c__Clostridia; o__Oscillospirales; f__Ruminococcaceae; g__Ruminococcus; s__metagenome	0.9918730120511005
950d0a4c92ce0f6600a77db99426951d	d__Bacteria; p__Firmicutes; c__Clostridia; o__Lachnospirales; f__Lachnospiraceae; g__Dorea; s__uncultured_bacterium	0.7153143223243762
93e399d9960218efa4efa7894be7b1d1	d__Bacteria; p__Firmicutes; c__Clostridia; o__Lachnospirales; f__Lachnospiraceae; g__[Ruminococcus]_gauvreauii_group	0.9962557625508938
b8e9a09aa38f36d19cd4d57f156637ae	d__Bacteria; p__Firmicutes; c__Clostridia; o__Oscillospirales; f__Oscillospiraceae; g__UCG-005; s__uncultured_organism	0.9948910672494631
053954f174a77223964c810b2cf25934	d__Bacteria; p__Firmicutes; c__Clostridia; o__Peptostreptococcales-Tissierellales; f__Anaerovoracaceae; g__Family_XIII_AD3011_group; s__uncultured_bacterium	0.970862781734319
b82565872e62db2cfb5343afa1b5f521	d__Bacteria; p__Actinobacteriota; c__Actinobacteria; o__Bifidobacteriales; f__Bifidobacteriaceae; g__Bifidobacterium; s__Bifidobacterium_bifidum	0.9281964137684541
0b2cfae607c37bc20fc4b724e80500c9	d__Bacteria; p__Bacteroidota; c__Bacteroidia; o__Bacteroidales; f__Prevotellaceae; g__Prevotella; s__Prevotellaceae_bacterium	0.9559727231148427
cad4c3c6f47aad8d3eb9fa3f15425a59	d__Bacteria; p__Firmicutes; c__Clostridia; o__Christensenellales; f__Christensenellaceae; g__Christensenellaceae_R-7_group; s__uncultured_Firmicutes	0.7678720922682306
f87c075cb9c189ce41557a8bd9c8e38d	d__Bacteria; p__Firmicutes; c__Clostridia; o__Lachnospirales; f__Defluviitaleaceae; g__Defluviitaleaceae_UCG-011; s__uncultured_bacterium	0.9999209203166325
8db394ff1d8abc06da048e1001665ca2	d__Bacteria; p__Bacteroidota; c__Bacteroidia; o__Bacteroidales; f__Muribaculaceae; g__Muribaculaceae; s__uncultured_organism	0.9449650929361681
26b87e32b2e91d53377f742cd98b1bf6	d__Bacteria; p__Firmicutes; c__Clostridia; o__Lachnospirales; f__Lachnospiraceae; g__Fusicatenibacter	0.9998671058013855
747c2bdcdeae8a10bdf4049503169195	d__Bacteria; p__Firmicutes; c__Clostridia; o__Clostridia_UCG-014; f__Clostridia_UCG-014; g__Clostridia_UCG-014	0.9999999999870023
fb3776fbe0b3be104a6d5476cc55264d	d__Bacteria; p__Proteobacteria; c__Gammaproteobacteria; o__Pseudomonadales; f__Pseudomonadaceae; g__Pseudomonas	0.9998156997188814
3204e2a3099532ae2273fdd400e845e8	d__Bacteria; p__Bacteroidota; c__Bacteroidia; o__Bacteroidales; f__Bacteroidaceae; g__Bacteroides	0.9999998107251689
181042e5bf0700c178ff1419bd8692c1	d__Bacteria; p__Firmicutes; c__Clostridia; o__Oscillospirales	0.9996124726288682
5cfb4378d199da8169f5f7acba8e88b8	d__Bacteria; p__Firmicutes; c__Clostridia; o__Lachnospirales; f__Lachnospiraceae; g__Marvinbryantia	0.9761428927920898
b6aadd5fb45058d64a0415075c624136	d__Bacteria; p__Firmicutes; c__Clostridia; o__Lachnospirales; f__Lachnospiraceae; g__Blautia	0.9785790811403562
432f58d793758b89a4e9de856d1ac40c	d__Bacteria; p__Firmicutes; c__Clostridia; o__Lachnospirales; f__Lachnospiraceae; g__GCA-900066575; s__uncultured_bacterium	0.889508131286789
106dea58baa8a5ad7d27e15f5a652d43	d__Bacteria; p__Firmicutes; c__Clostridia; o__Oscillospirales; f__UCG-010; g__UCG-010; s__uncultured_bacterium	0.9801480941814986
d1a456cf022a9b77bbac61efddaa422a	d__Bacteria; p__Firmicutes; c__Clostridia; o__Lachnospirales; f__Lachnospiraceae	0.9985364757076417
44032c281fd07bb43e90cb6ca1cfad2e	d__Bacteria; p__Proteobacteria; c__Gammaproteobacteria; o__Burkholderiales; f__Sutterellaceae; g__Sutterella	0.9999999698147377
507ec6c1b892c1ecac3d127155115bd3	d__Bacteria; p__Firmicutes; c__Clostridia; o__Lachnospirales; f__Lachnospiraceae; g__Lachnoclostridium	0.8329738794540458
be435ecbc50ac4ee493536bd6e31e9ae	d__Bacteria; p__Firmicutes; c__Clostridia; o__Lachnospirales; f__Lachnospiraceae; g__[Eubacterium]_hallii_group	0.9999986115132795
7fba39cb9ef144291e54d503ba178fff	d__Bacteria; p__Firmicutes; c__Clostridia; o__Lachnospirales; f__Lachnospiraceae	0.9999716843765738
f6f0895b5795a10b0a6d19f55dca7ce9	d__Bacteria; p__Firmicutes; c__Clostridia; o__Lachnospirales; f__Defluviitaleaceae; g__Defluviitaleaceae_UCG-011; s__uncultured_bacterium	0.9998778834362709
1a6d117cee0a60d9ece19d6bd6450973	d__Bacteria; p__Firmicutes; c__Clostridia; o__Lachnospirales; f__Lachnospiraceae	0.9999330863275442
cf2fc57402cce28fea2d29ef7496835e	d__Bacteria; p__Firmicutes; c__Clostridia; o__Oscillospirales; f__Butyricicoccaceae; g__Butyricicoccus	0.9997931598988593
a1b76690182f49c16577152116bbef6a	d__Bacteria; p__Firmicutes; c__Clostridia; o__Oscillospirales; f__Ruminococcaceae; g__Subdoligranulum	0.9970883956719794
396877d464bc3a54033b125add6e8dd1	d__Bacteria; p__Firmicutes; c__Clostridia; o__Lachnospirales; f__Lachnospiraceae; g__[Ruminococcus]_gauvreauii_group	0.9970327450354549
ad7a7805a0589e51a14f2577c815c7cd	d__Bacteria; p__Firmicutes; c__Clostridia; o__Lachnospirales; f__Lachnospiraceae; g__Blautia	0.9603478046293733
6c795385a4c701a34ecb09ff54685cdf	d__Bacteria; p__Firmicutes; c__Desulfitobacteriia; o__Desulfitobacteriales; f__uncultured; g__uncultured; s__uncultured_bacterium	0.7297112461789793
ca877f99b8639f75d0710845d1222df5	d__Bacteria; p__Firmicutes; c__Clostridia; o__Oscillospirales; f__Ruminococcaceae; g__Faecalibacterium	0.9970082058225367
ff40a5decd37eb897c4fa0ab11400f02	d__Bacteria; p__Firmicutes; c__Bacilli; o__Erysipelotrichales; f__Erysipelatoclostridiaceae; g__Coprobacillus	0.9230282468003614
02e127fd65b3bd1cb7430f0376e5258b	d__Bacteria; p__Bacteroidota; c__Bacteroidia; o__Bacteroidales; f__Muribaculaceae; g__Muribaculaceae; s__uncultured_bacterium	0.9668708177853802
16d1daac14bc2a97968932ea13a0f098	d__Bacteria; p__Firmicutes; c__Bacilli; o__Erysipelotrichales; f__Erysipelatoclostridiaceae; g__Erysipelatoclostridium; s__Massiliomicrobiota_timonensis	0.998847511118266
4a5d29d76a4be01fe3716dbeaf3fa504	d__Bacteria; p__Firmicutes; c__Clostridia; o__Eubacteriales; f__Eubacteriaceae; g__Eubacterium; s__Eubacterium_limosum	0.9955781575912072
92c29b2e66425292b9a8976081f54153	d__Bacteria; p__Firmicutes; c__Bacilli; o__Erysipelotrichales; f__Erysipelatoclostridiaceae; g__Erysipelotrichaceae_UCG-003	0.9999989354953895
f7d23805c3c1bc21415af3c6b8e9f902	d__Bacteria; p__Firmicutes; c__Clostridia; o__Clostridia; f__Hungateiclostridiaceae; g__Ruminiclostridium; s__uncultured_bacterium	0.9909757156497482
1873255ba604536239b2723d075a0f47	d__Bacteria; p__Firmicutes; c__Clostridia; o__Lachnospirales; f__Lachnospiraceae; g__Blautia	0.9975593245015971
e900f862bf7d8fcd525898b736288b29	d__Bacteria; p__Firmicutes; c__Clostridia; o__Monoglobales; f__Monoglobaceae; g__Monoglobus; s__uncultured_bacterium	0.9771915873331773
663aaee396c59dc4a67af7e079cd8c1e	d__Bacteria; p__Firmicutes; c__Clostridia; o__Lachnospirales; f__Lachnospiraceae; g__Lachnospiraceae_NK4B4_group; s__uncultured_bacterium	0.9425834803309648
9c264ef7a7af987fa75f97ae14b1da55	d__Bacteria; p__Actinobacteriota; c__Coriobacteriia; o__Coriobacteriales; f__Eggerthellaceae	0.9999985457816671
5bf3c205a03e7f455771c408f8bcbbd1	d__Bacteria; p__Actinobacteriota; c__Coriobacteriia; o__Coriobacteriales; f__uncultured; g__uncultured	0.9973422331437851
7859c1ee35f1a2095b6c15030ae2031d	d__Bacteria; p__Firmicutes; c__Clostridia; o__Oscillospirales; f__Oscillospiraceae; g__Flavonifractor; s__uncultured_bacterium	0.8588832696072284
9e00f2e2fcc573894cbda721ef2bbe7c	d__Bacteria; p__Cyanobacteria; c__Vampirivibrionia; o__Gastranaerophilales; f__Gastranaerophilales; g__Gastranaerophilales	0.9999999999997429
265ea5f73bb581498f718db4ed4890c5	d__Bacteria; p__Bacteroidota; c__Bacteroidia; o__Bacteroidales; f__Tannerellaceae; g__Parabacteroides	0.9998768556756285
b9753fe028081a9d96c959797c843080	d__Bacteria; p__Firmicutes; c__Clostridia; o__Oscillospirales; f__Oscillospiraceae; g__UCG-005; s__gut_metagenome	0.7691942219321884
c2c0e4eb0c3ebe4921894cbb34c0f182	d__Bacteria; p__Firmicutes; c__Clostridia; o__Lachnospirales; f__Lachnospiraceae; g__Agathobacter	0.9717913489249261
e3359bb00433ecae106f084dae01b972	d__Bacteria; p__Firmicutes; c__Clostridia; o__Peptostreptococcales-Tissierellales; f__Anaerovoracaceae; g__Mogibacterium; s__uncultured_bacterium	0.9994032783057083
f1dcf715f1afd58605bad7858e52654b	d__Bacteria; p__Proteobacteria; c__Alphaproteobacteria; o__Rhodospirillales; f__uncultured; g__uncultured; s__Azospirillum_sp.	0.9790123150751975
d6fae05d72136e0692562656f1567bef	d__Bacteria; p__Firmicutes; c__Clostridia; o__Lachnospirales; f__Lachnospiraceae; g__Fusicatenibacter	0.9993718380146082
7994a78b47f572d18e398f35190c301f	d__Bacteria; p__Firmicutes; c__Clostridia; o__Peptostreptococcales-Tissierellales; f__Anaerovoracaceae; g__Mogibacterium; s__uncultured_Enterococcus	0.890938477957201
9ae6fee7cf9511c6a0ff98e435d270b1	d__Bacteria; p__Firmicutes; c__Clostridia; o__Oscillospirales; f__Butyricicoccaceae; g__Butyricicoccus; s__uncultured_bacterium	0.9553954578697852
7f5b0a350a8d6b6245c44105ec6f5790	d__Bacteria; p__Bacteroidota; c__Bacteroidia; o__Bacteroidales; f__Tannerellaceae; g__Parabacteroides	0.9999974219203471
84355f117ad0e09a5686ea232bfec42b	d__Bacteria; p__Firmicutes; c__Clostridia; o__Lachnospirales; f__Lachnospiraceae; g__Lachnoclostridium	0.9987772852074371
2ce831c5dc58810295a20c6113b40042	d__Bacteria; p__Firmicutes; c__Clostridia; o__Lachnospirales; f__Lachnospiraceae; g__Butyrivibrio; s__uncultured_organism	0.9986070473606418
93344dcbf5b66cf4ab6709fc9d9fca56	d__Bacteria; p__Firmicutes; c__Clostridia; o__Lachnospirales; f__Lachnospiraceae; g__Lachnospiraceae_NK4A136_group; s__uncultured_organism	0.9480671104032394
6bd97286a88ad2de1fb8dda353cc3d9b	d__Bacteria; p__Firmicutes; c__Clostridia; o__Oscillospirales; f__Butyricicoccaceae; g__Butyricicoccus; s__uncultured_bacterium	0.7551236068464727
b595ba007b77a7e6f71ad65f55eac54a	d__Bacteria; p__Firmicutes; c__Clostridia; o__Oscillospirales; f__[Clostridium]_methylpentosum_group; g__[Clostridium]_methylpentosum_group	0.8401637529722469
fdfbd728b67c469fa106d8d89db56a6a	d__Bacteria; p__Firmicutes; c__Clostridia; o__Lachnospirales; f__Lachnospiraceae	0.9999879777731733
5274a3704665ad163d7294d2bce37bed	d__Bacteria; p__Firmicutes; c__Clostridia; o__Christensenellales; f__Christensenellaceae; g__uncultured; s__uncultured_bacterium	0.798272795917635
4cae84556929f12bf17f77f921ded01f	d__Bacteria; p__Firmicutes; c__Clostridia; o__Lachnospirales; f__Lachnospiraceae; g__Blautia	0.9994619553517375
94452c7a0de0ac487067ac7013fe44eb	d__Bacteria; p__Bacteroidota; c__Bacteroidia; o__Bacteroidales; f__Marinifilaceae; g__Butyricimonas	0.9989795256636819
77c73dbb0f7a8cce01ec25895c645687	d__Bacteria; p__Firmicutes; c__Clostridia; o__Peptostreptococcales-Tissierellales; f__Anaerovoracaceae; g__Family_XIII_AD3011_group; s__gut_metagenome	0.954147914432345
9c195303901c49cf6388e6fc9c65df4f	d__Bacteria; p__Firmicutes; c__Clostridia; o__Lachnospirales; f__Lachnospiraceae; g__Coprococcus	0.880542315418656
88981cddcb0dd9c91eb00b54ff7e8fe7	d__Bacteria; p__Firmicutes; c__Clostridia; o__Oscillospirales; f__Ruminococcaceae; g__Faecalibacterium	0.9973248872409015
feffcbc8c7fb1147ffce443eeb5cbe0e	d__Bacteria; p__Firmicutes; c__Clostridia; o__Christensenellales; f__Christensenellaceae; g__Christensenellaceae_R-7_group; s__gut_metagenome	0.9994292656707439
f30cac7727174595164c69ffa014b3ba	d__Bacteria; p__Bacteroidota; c__Bacteroidia; o__Bacteroidales; f__Barnesiellaceae; g__Barnesiella	0.9999999998097308
3addea07bd69ee252f67747d36fff97b	d__Bacteria; p__Firmicutes; c__Clostridia; o__Oscillospirales; f__Oscillospiraceae; g__NK4A214_group	0.9999997955989148
d47ec8125112239b6b1146d064b32840	d__Bacteria; p__Firmicutes; c__Clostridia; o__Peptostreptococcales-Tissierellales; f__Peptostreptococcales-Tissierellales; g__Finegoldia	0.9999999998281903
098f7914c6f4905ce22cd76ef4f26d92	d__Bacteria; p__Firmicutes; c__Clostridia; o__Oscillospirales; f__[Eubacterium]_coprostanoligenes_group; g__[Eubacterium]_coprostanoligenes_group; s__gut_metagenome	0.8853579594512865
e65d099ac25bbb635ef653d2849cb51b	d__Bacteria; p__Firmicutes; c__Clostridia; o__Lachnospirales; f__Lachnospiraceae; g__Lachnoclostridium; s__uncultured_organism	0.7561981074595655
925881bef095c46ecafb0c509cc899fd	d__Bacteria; p__Firmicutes; c__Clostridia; o__Lachnospirales; f__Lachnospiraceae	0.9999771134997361
9c7b7f01c56e6fe4afe4059f55d90786	d__Bacteria; p__Cyanobacteria; c__Vampirivibrionia; o__Gastranaerophilales; f__Gastranaerophilales; g__Gastranaerophilales; s__uncultured_bacterium	0.9660132425068817
15c425dc3f2dfaab22cdfbbeaab30eff	d__Bacteria; p__Firmicutes; c__Clostridia; o__Christensenellales; f__Christensenellaceae; g__Christensenella; s__Christensenella_massiliensis	0.9948092807171237
f674a4db807fdfcb852fa1c0fd8537c3	d__Bacteria; p__Firmicutes; c__Clostridia; o__Lachnospirales; f__Lachnospiraceae; g__Dorea; s__Dorea_formicigenerans	0.7187469931040423
6fd9196c3d02dcd1a91de3db8b09f33a	d__Bacteria; p__Firmicutes; c__Clostridia; o__Lachnospirales; f__Lachnospiraceae; g__Lachnoclostridium	0.9751356795884558
307c4ecd8b931d95a89ee8d5c3b1e776	d__Bacteria; p__Firmicutes; c__Clostridia; o__Lachnospirales; f__Lachnospiraceae; g__Dorea; s__Dorea_formicigenerans	0.743933151226378
db77392d39b35bd79c66315f3e507019	d__Bacteria; p__Firmicutes; c__Clostridia; o__Lachnospirales; f__Lachnospiraceae; g__[Eubacterium]_hallii_group	0.999999852607965
98e385df8115f903f3ed143e3d47d8cf	d__Bacteria; p__Firmicutes; c__Clostridia; o__Lachnospirales; f__Lachnospiraceae; g__[Ruminococcus]_gauvreauii_group	0.997895214811829
3c4e5642e3a24a27a5adc1743a90a27f	d__Bacteria; p__Firmicutes; c__Clostridia; o__Christensenellales; f__Christensenellaceae; g__Christensenellaceae_R-7_group	0.9358353902254736
8f7bb9373f06a0e0fd5685a77f48ded8	d__Bacteria; p__Firmicutes; c__Clostridia; o__Lachnospirales; f__Lachnospiraceae; g__[Eubacterium]_hallii_group	0.9999998707350766
61d00372a75009580ae4c522790b33d9	d__Bacteria; p__Firmicutes; c__Clostridia; o__Lachnospirales; f__Lachnospiraceae; g__Blautia	0.9406392652232831
50a3f560dbb9c35511e832078dc50241	d__Bacteria; p__Firmicutes; c__Clostridia; o__Oscillospirales; f__Oscillospirales; g__Hydrogenoanaerobacterium	0.9999743460365926
b080ae75f0539b488aaa431fad42a804	d__Bacteria; p__Firmicutes; c__Clostridia; o__Lachnospirales; f__Lachnospiraceae; g__Dorea; s__Dorea_formicigenerans	0.7552639528058605
5b5f911f5613c5cfd68a8947d7d2fb04	d__Bacteria; p__Firmicutes; c__Clostridia; o__Lachnospirales; f__Lachnospiraceae; g__Marvinbryantia; s__uncultured_bacterium	0.7994584663709731
1667d5384dc6d848786238cb6be4ecb1	d__Bacteria; p__Firmicutes; c__Clostridia; o__Lachnospirales; f__Lachnospiraceae; g__[Ruminococcus]_torques_group	0.8716926870756414
ef1cbe37a8cc5c04bfffbf4d32cc5735	d__Bacteria; p__Firmicutes; c__Clostridia; o__Lachnospirales; f__Lachnospiraceae; g__[Ruminococcus]_torques_group	0.9460253886904127
cb8f225edd53145667ca1f61de4ef15d	d__Bacteria; p__Bacteroidota; c__Bacteroidia; o__Bacteroidales; f__Tannerellaceae; g__Parabacteroides	0.9940707494326482
ca47da4dbfef78ee6587f391eecdf65d	d__Bacteria; p__Firmicutes; c__Clostridia; o__Lachnospirales; f__Lachnospiraceae; g__Dorea; s__Dorea_formicigenerans	0.7725757411127615
0c531985cec26c42eae023cb2bd2289f	d__Bacteria; p__Firmicutes; c__Bacilli; o__RF39; f__RF39; g__RF39; s__uncultured_bacterium	0.9790361869018849
275046a95eb0a89e9552379fd4903883	d__Bacteria; p__Firmicutes; c__Clostridia; o__Lachnospirales; f__Lachnospiraceae; g__Blautia	0.9944700694571995
6eeef1968e956efec20024741233a10c	d__Bacteria; p__Firmicutes; c__Clostridia; o__Clostridia_UCG-014; f__Clostridia_UCG-014; g__Clostridia_UCG-014	0.9999999998590114
4edbdba1e756f2bcf333304ef0aa2cd2	d__Bacteria; p__Firmicutes; c__Clostridia; o__Lachnospirales; f__Lachnospiraceae; g__Blautia	0.9751423156648148
ea8e7b5d19f325647bf03fe008c829f9	d__Bacteria; p__Firmicutes; c__Clostridia; o__Lachnospirales; f__Lachnospiraceae; g__uncultured; s__uncultured_organism	0.7861404813656201
fd959699792f64d449f49166c86256da	d__Bacteria; p__Firmicutes; c__Clostridia; o__Lachnospirales; f__Lachnospiraceae; g__Blautia	0.9979566291333787
172ec865f13ea99db5e14834ca4af01e	d__Bacteria; p__Bacteroidota; c__Bacteroidia; o__Bacteroidales; f__Prevotellaceae; g__Paraprevotella; s__uncultured_bacterium	0.95272743162372
e388f1cb8506c09f9537162ef2a844b1	d__Bacteria; p__Firmicutes; c__Clostridia; o__Peptostreptococcales-Tissierellales; f__Anaerovoracaceae; g__Family_XIII_AD3011_group; s__uncultured_bacterium	0.780667074271934
02d4b354a2574e8d771e51d894cb2db3	d__Bacteria; p__Firmicutes; c__Clostridia; o__Peptostreptococcales-Tissierellales; f__Anaerovoracaceae; g__[Eubacterium]_nodatum_group; s__uncultured_bacterium	0.9881140515559594
01de1ba8287799a3aef50b25bddd9149	d__Bacteria; p__Proteobacteria; c__Gammaproteobacteria; o__Burkholderiales; f__Alcaligenaceae	0.9999999987722573
810b8db4ef37cf45b524116c148de3e4	d__Bacteria; p__Bacteroidota; c__Bacteroidia; o__Bacteroidales; f__Barnesiellaceae; g__Coprobacter	0.9999999999931128
30a9ce7fc2b2513f9fdab31fbc769e17	d__Bacteria; p__Firmicutes; c__Clostridia; o__Oscillospirales; f__Ruminococcaceae; g__Incertae_Sedis	0.9544729140940067
7c54a5cfd4d9f410316dc625bba9b6ed	d__Bacteria; p__Firmicutes; c__Clostridia; o__Christensenellales; f__Christensenellaceae; g__uncultured; s__uncultured_bacterium	0.7652039250636183
47981231062dad06c00253e1fcd0b9e2	d__Bacteria; p__Firmicutes; c__Clostridia; o__Oscillospirales; f__Ruminococcaceae; g__Fournierella; s__uncultured_bacterium	0.7762716732619226
4ca9ce1cbf656d682676a2daaf3ac936	d__Bacteria; p__Firmicutes; c__Clostridia; o__Lachnospirales; f__Lachnospiraceae; g__Lachnospiraceae_NK4A136_group; s__uncultured_organism	0.7995943979791827
b696a3372c9da499f603a599f975140e	d__Bacteria; p__Firmicutes; c__Clostridia; o__Lachnospirales; f__Lachnospiraceae; g__[Bacteroides]_pectinophilus_group; s__uncultured_bacterium	0.8141920494001226
fafa4ac2797366c61483a4eb7490a174	d__Bacteria; p__Bacteroidota; c__Bacteroidia; o__Bacteroidales; f__Tannerellaceae; g__Parabacteroides; s__Parabacteroides_merdae	0.9941609926506569
13f7dda79f941f72f960e9ff73f73673	d__Bacteria; p__Firmicutes; c__Clostridia; o__Oscillospirales; f__Butyricicoccaceae; g__UCG-008; s__uncultured_bacterium	0.979875175950635
40ff58f91c62bf1e46b6ef7bdbdafd81	d__Bacteria; p__Firmicutes; c__Clostridia; o__Lachnospirales; f__Lachnospiraceae	0.9999894081117536
9d2cc6ebb2f6f6bac8e0bdb7ece1c4e1	d__Bacteria; p__Bacteroidota; c__Bacteroidia; o__Bacteroidales; f__Bacteroidaceae; g__Bacteroides; s__metagenome	0.9775776561292203
3a76b0067ecf0f5a4d054b483946f175	d__Bacteria; p__Firmicutes; c__Clostridia; o__Lachnospirales; f__Lachnospiraceae; g__Lachnospiraceae_NK4A136_group	0.9865734700181871
b3a205b6637e00b7818338869f5cd201	d__Bacteria; p__Firmicutes; c__Clostridia; o__Lachnospirales; f__Lachnospiraceae; g__[Ruminococcus]_torques_group; s__Ruminococcus_lactaris	0.8636206875482624
315f810072fb370d13022ed119f2ff23	d__Bacteria; p__Firmicutes; c__Bacilli; o__RF39; f__RF39; g__RF39; s__gut_metagenome	0.969458829222341
1422f31e9f74b681a289a4d9954672f9	d__Bacteria; p__Firmicutes; c__Clostridia; o__Monoglobales; f__Monoglobaceae; g__Monoglobus; s__uncultured_organism	0.8283264973289981
d3c2e719446c4e424beb594e0bb59bc5	d__Bacteria; p__Firmicutes; c__Clostridia; o__Christensenellales; f__Christensenellaceae; g__Christensenellaceae_R-7_group	0.9978611463431537
1cf9f9048cb53dddef1131ed3fd4903f	d__Bacteria; p__Firmicutes; c__Clostridia; o__Oscillospirales; f__Oscillospiraceae; g__Intestinimonas	0.9565453273245814
8933a4dffd7bb377b42d6109e52cd57a	d__Bacteria; p__Firmicutes; c__Clostridia; o__Lachnospirales; f__Lachnospiraceae; g__Lachnoclostridium; s__Extibacter_muris	0.7724710392353776
ed97435b9fbc3c4cc6b1b2664ed7cdee	d__Bacteria; p__Firmicutes; c__Clostridia; o__Christensenellales; f__Christensenellaceae; g__Christensenellaceae_R-7_group	0.9819641303824824
e1bec1c5e4949c0eb7f3ef2ea7b10463	d__Bacteria; p__Firmicutes; c__Bacilli; o__Lactobacillales; f__Lactobacillaceae; g__Lactobacillus	0.9970499817411986
812c9685a4c86d9538c64d0af5ee8cb0	d__Bacteria; p__Firmicutes; c__Clostridia; o__Lachnospirales; f__Lachnospiraceae; g__GCA-900066575; s__uncultured_organism	0.7105673160506448
eab66f522337339ae5003ad3b02f625b	d__Bacteria; p__Firmicutes; c__Clostridia; o__Clostridia_UCG-014; f__Clostridia_UCG-014; g__Clostridia_UCG-014	0.9999999998846607
26af6c39b91135f52424955f7a823836	d__Bacteria; p__Bacteroidota; c__Bacteroidia; o__Bacteroidales; f__Bacteroidaceae; g__Bacteroides; s__Bacteroides_nordii	0.9722727962904737
298881b132dfe7d26a01c7e2e8fd2f19	d__Bacteria; p__Desulfobacterota; c__Desulfovibrionia; o__Desulfovibrionales; f__Desulfovibrionaceae; g__Bilophila; s__uncultured_bacterium	0.7637090792274691
1004987fabebffba5f275b3dced4531a	d__Bacteria; p__Firmicutes; c__Clostridia; o__Oscillospirales; f__Ruminococcaceae; g__Subdoligranulum	0.9986328795253532
f4fde1cebd4a71ed59e8ba60d6063355	d__Bacteria; p__Firmicutes; c__Clostridia; o__Oscillospirales; f__Ruminococcaceae; g__Faecalibacterium	0.9983578524971712
876867d3df0a484e18408e11e6aee5fb	d__Bacteria; p__Firmicutes; c__Clostridia; o__Lachnospirales; f__Lachnospiraceae; g__Blautia	0.8944459836492854
3e63f9e4d939103b90842060d5093f9f	d__Bacteria; p__Firmicutes; c__Negativicutes; o__Acidaminococcales; f__Acidaminococcaceae; g__Acidaminococcus	0.9998173005059932
0dd1765a35240bdcf0071042b58e2e33	d__Bacteria; p__Firmicutes; c__Clostridia; o__Oscillospirales; f__Ruminococcaceae; g__Faecalibacterium	0.999281932909888
f1d274e7303ba644dc59a48c8d3b9a39	d__Bacteria; p__Firmicutes; c__Clostridia; o__Lachnospirales; f__Lachnospiraceae; g__Sellimonas; s__uncultured_organism	0.9804479042258923
a2b352df1d9067717903f345a3cc9db8	d__Bacteria; p__Desulfobacterota; c__Desulfovibrionia; o__Desulfovibrionales; f__Desulfovibrionaceae; g__Desulfovibrio; s__metagenome	0.9999403748135783
801e6f70ac446bd2eda2a9e7177fac2b	d__Bacteria; p__Firmicutes; c__Clostridia; o__Clostridiales; f__Clostridiaceae; g__Clostridium_sensu_stricto_1	0.9727432368589208
e770901d1b3b59a8893f57a4a83fae86	d__Bacteria; p__Firmicutes; c__Clostridia; o__Oscillospirales; f__Ruminococcaceae; g__Angelakisella; s__uncultured_bacterium	0.9539754267995293
61aa070284e9313089c01027b7391515	d__Bacteria; p__Firmicutes; c__Clostridia; o__Oscillospirales; f__Oscillospiraceae	0.9999996086298375
4f66cd09891bc3dad4484dde9f4f5188	d__Bacteria; p__Firmicutes; c__Clostridia; o__Lachnospirales; f__Lachnospiraceae; g__uncultured; s__Ruminococcus_sp.	0.9233434048356699
58c56bc3468bceeec9ba6e1ab462e4cd	d__Bacteria; p__Firmicutes; c__Clostridia; o__Lachnospirales; f__Lachnospiraceae; g__Marvinbryantia	0.9032199370781472
21b967d1d8b72e89b56e14a01ab7c124	d__Bacteria; p__Firmicutes; c__Bacilli; o__Staphylococcales; f__Gemellaceae; g__Gemella	0.9999998997060301
91a8ab109627e01f7cd3eff0fc5ca73b	d__Bacteria; p__Firmicutes; c__Clostridia; o__Lachnospirales; f__Lachnospiraceae; g__Anaerostipes	0.9997233212626994
5834acfffc93a27f650739796d404718	d__Bacteria; p__Firmicutes; c__Clostridia; o__Oscillospirales; f__Oscillospiraceae; g__Pseudoflavonifractor; s__uncultured_bacterium	0.9267622474525639
954f781fc6a18b4f773d02a9ef2c5793	d__Bacteria; p__Firmicutes; c__Clostridia; o__Lachnospirales; f__Lachnospiraceae	0.9999997815029786
c6f6350d2c7111f862ba1143f698ca91	d__Bacteria; p__Firmicutes; c__Clostridia; o__Clostridia_vadinBB60_group; f__Clostridia_vadinBB60_group; g__Clostridia_vadinBB60_group; s__uncultured_organism	0.9999210519439081
8fe7b5ed65167a3b721eb8d2a06efb2a	d__Bacteria; p__Firmicutes; c__Clostridia; o__Lachnospirales; f__Lachnospiraceae; g__Coprococcus; s__Coprococcus_eutactus	0.8509758175797639
110ae5c7898510186f50ae5037dec146	d__Bacteria; p__Firmicutes; c__Clostridia; o__Oscillospirales; f__Oscillospiraceae; g__Colidextribacter; s__Colidextribacter_massiliensis	0.8514915827660826
f3cb86e6fe99a41d4fd115cc97051bd9	d__Bacteria; p__Firmicutes; c__Bacilli; o__RF39; f__RF39; g__RF39; s__gut_metagenome	0.9609830329610107
14529be581465b96345e96adfcdbe2df	d__Bacteria; p__Firmicutes; c__Clostridia; o__Oscillospirales; f__Oscillospiraceae; g__NK4A214_group; s__uncultured_rumen	0.8560452989057835
11d0e59d1718ab8d3020827d05271572	d__Bacteria; p__Proteobacteria; c__Gammaproteobacteria; o__Pseudomonadales; f__Moraxellaceae; g__Acinetobacter; s__Acinetobacter_radioresistens	0.7837220058607528
9fa5c8dab7e09b991e66a808c6031902	d__Bacteria; p__Firmicutes; c__Clostridia; o__Lachnospirales; f__Lachnospiraceae; g__[Eubacterium]_hallii_group	0.9999998758889843
9f8b16f780589d38ccbb4a92b6cc258b	d__Bacteria; p__Firmicutes; c__Bacilli; o__Lactobacillales; f__Carnobacteriaceae; g__Granulicatella	0.7759032270609121
749870c72d79e47fc4fa171edfd198e7	d__Bacteria; p__Firmicutes; c__Clostridia; o__Lachnospirales; f__Lachnospiraceae	0.994188421601456
02a4376a420ada79727efdf1a33c45b0	d__Bacteria; p__Firmicutes; c__Clostridia; o__Oscillospirales; f__Ruminococcaceae; g__Faecalibacterium	0.9965502745994548
6ebe12e85ca6da66873804efc8598f23	d__Bacteria; p__Firmicutes; c__Clostridia; o__Lachnospirales; f__Lachnospiraceae; g__Coprococcus	0.8543317876790173
7f19f97714669fba309d95ed4fc3c3ae	d__Bacteria; p__Firmicutes; c__Clostridia; o__Lachnospirales; f__Lachnospiraceae; g__Marvinbryantia; s__uncultured_bacterium	0.7325384799566359
a0bb452863041c440bd2ae35f06d2379	d__Bacteria; p__Firmicutes; c__Bacilli; o__Bacillales; f__Planococcaceae	0.9559303119319165
06712781e5bf8a98f0512faf9a11a4e6	d__Bacteria; p__Firmicutes; c__Bacilli; o__Erysipelotrichales; f__Erysipelotrichaceae; g__Dielma; s__Dielma_fastidiosa	0.9205335825337535
b4387fd365e3de296a26fd8aaa315260	d__Bacteria; p__Bacteroidota; c__Bacteroidia; o__Bacteroidales; f__Marinifilaceae; g__Butyricimonas; s__uncultured_organism	0.7638504274394284
bad0c851088d436414a7f01b1aae88ef	d__Bacteria; p__Proteobacteria; c__Gammaproteobacteria; o__Burkholderiales; f__Oxalobacteraceae; g__Massilia	0.9990341922670929
0e06bb7564c623297710c6b381045462	d__Bacteria; p__Firmicutes; c__Clostridia; o__Lachnospirales; f__Lachnospiraceae	0.9999997906090666
c5e7627d6a2e4c7b4df2cd1c6c93afb7	d__Bacteria; p__Firmicutes; c__Clostridia; o__Lachnospirales; f__Lachnospiraceae; g__[Eubacterium]_hallii_group	0.9999995750825645
21ab3deb7f6b53e6b0e02bde49104c4d	d__Bacteria; p__Firmicutes; c__Clostridia; o__Lachnospirales; f__Lachnospiraceae; g__GCA-900066575; s__uncultured_bacterium	0.9808615238944889
90db522f021813dca987290ff77a97c3	d__Bacteria; p__Firmicutes; c__Clostridia; o__Oscillospirales; f__Ruminococcaceae; g__Incertae_Sedis; s__uncultured_bacterium	0.7933910541125299
813a9dbfb106e02815250615d636aa88	d__Bacteria; p__Firmicutes; c__Clostridia; o__Lachnospirales; f__Lachnospiraceae; g__Lachnospiraceae_FCS020_group; s__metagenome	0.7287403583917847
9ffd0a4984d92af20a3c042ee99077ae	d__Bacteria; p__Firmicutes; c__Clostridia; o__Oscillospirales; f__Ruminococcaceae; g__Faecalibacterium	0.998282293416117
cf15f6e9af4be848e65dcf5bcbf81ef8	d__Bacteria; p__Actinobacteriota; c__Coriobacteriia; o__Coriobacteriales; f__Eggerthellaceae; g__Slackia	0.9999940038557253
c71aacb72dea1b3f6478fcbb3608d84d	d__Bacteria; p__Firmicutes; c__Clostridia; o__Lachnospirales; f__Lachnospiraceae; g__Anaerostipes	0.9998740396479416
f0aba231ab203b12ba64e80e077caae5	d__Bacteria; p__Firmicutes; c__Clostridia; o__Lachnospirales; f__Lachnospiraceae	0.9999999575673821
b19211af864d43f816aaabac959cdb18	d__Bacteria; p__Firmicutes; c__Bacilli; o__Erysipelotrichales; f__Erysipelotrichaceae; g__Faecalitalea; s__uncultured_Firmicutes	0.9999790222331582
eef7b855e876d4f38718230bd313aec8	d__Bacteria; p__Firmicutes; c__Clostridia; o__Christensenellales; f__Christensenellaceae; g__uncultured; s__uncultured_bacterium	0.9990065535081573
be17a1bf226a05b732574263f7ffa4d4	d__Bacteria; p__Firmicutes; c__Clostridia; o__Lachnospirales; f__Lachnospiraceae; g__Blautia; s__uncultured_bacterium	0.7361760648998508
0a2cf23fcaacca61f1300e2bd9dd7bfd	d__Bacteria; p__Firmicutes; c__Clostridia; o__Christensenellales; f__Christensenellaceae; g__Christensenellaceae_R-7_group; s__gut_metagenome	0.8125162939094533
6f26f9a78c7992c88f7e8d96b645bff5	d__Bacteria; p__Firmicutes; c__Clostridia; o__Oscillospirales; f__Oscillospiraceae; g__Oscillospira	0.7190776654836597
2630fa111f40a710ef6cc53e220ea2b5	d__Bacteria; p__Firmicutes; c__Clostridia; o__Christensenellales; f__Christensenellaceae; g__Christensenellaceae_R-7_group	0.9782692875752976
5421a9c2a3a537b7fb741c47361c0550	d__Bacteria; p__Firmicutes; c__Clostridia; o__Peptostreptococcales-Tissierellales; f__Anaerovoracaceae; g__Family_XIII_AD3011_group	0.9790496722950691
4799996a21f5f539e9fb9240fc00ad00	d__Bacteria; p__Firmicutes; c__Clostridia; o__Oscillospirales; f__[Eubacterium]_coprostanoligenes_group; g__[Eubacterium]_coprostanoligenes_group; s__Eubacterium_coprostanoligenes	0.9961050122658109
2c62c58cfb96e19726a1cd965623d1f9	d__Bacteria; p__Firmicutes; c__Clostridia; o__Lachnospirales; f__Lachnospiraceae; g__Lachnospiraceae_UCG-001; s__unidentified	0.7579535076645678
563f8db21dd4eaaf74ec6e96d64453a9	d__Bacteria; p__Cyanobacteria; c__Cyanobacteriia; o__Chloroplast; f__Chloroplast; g__Chloroplast	0.9999999999999984
3c32f65c29cc3b74919908389348d275	d__Bacteria; p__Firmicutes; c__Clostridia; o__Lachnospirales; f__Lachnospiraceae; g__Blautia	0.8282046309191095
023a40e56500d1025afc0a253d7ec3f1	d__Bacteria; p__Firmicutes; c__Clostridia; o__Lachnospirales; f__Lachnospiraceae; g__Lachnospiraceae_NK4A136_group; s__uncultured_Clostridium	0.9965197920107041
ca4ef6abe83a710e4a8dd0d26b1238f0	d__Bacteria; p__Firmicutes; c__Clostridia; o__Clostridia_UCG-014; f__Clostridia_UCG-014; g__Clostridia_UCG-014; s__uncultured_bacterium	0.7975751806472786
108794aaa178945da3ef993f0f86578d	d__Bacteria; p__Cyanobacteria; c__Vampirivibrionia; o__Gastranaerophilales; f__Gastranaerophilales; g__Gastranaerophilales; s__uncultured_bacterium	0.9655315284395996
846334be55ca0aa1b55a29585db16df8	d__Bacteria; p__Bacteroidota; c__Bacteroidia; o__Bacteroidales; f__Bacteroidaceae; g__Bacteroides	0.9999999996862418
918b12302ab68119ea7bc206397a78ac	d__Bacteria; p__Firmicutes; c__Clostridia; o__Oscillospirales; f__Ruminococcaceae; g__Subdoligranulum	0.98425770552433
7dd4f9e60dbaa54084b19023c4f57b52	d__Bacteria; p__Firmicutes; c__Clostridia; o__Lachnospirales; f__Lachnospiraceae; g__Sellimonas	0.9833474456835052
211aba62677dc2fc928db34196684877	d__Bacteria; p__Firmicutes; c__Clostridia; o__Christensenellales; f__Christensenellaceae; g__Christensenellaceae_R-7_group; s__uncultured_organism	0.9737214485636758
ad5cf61d48da914424ff5b12f5085cd6	d__Bacteria; p__Bacteroidota; c__Bacteroidia; o__Bacteroidales; f__Marinifilaceae; g__Butyricimonas	0.9999515875897466
c5acdef382d845047862e7d2f51a00e0	d__Bacteria; p__Firmicutes; c__Clostridia; o__Lachnospirales; f__Lachnospiraceae	0.9999987923677366
38b63f8e9ac0759679ad39007d28fee5	d__Bacteria; p__Firmicutes; c__Clostridia; o__Lachnospirales; f__Lachnospiraceae; g__Blautia	0.7891602911284487
b1f175c09acdf03dc7e12c4c0ad4d827	d__Bacteria; p__Firmicutes; c__Clostridia; o__Lachnospirales; f__Lachnospiraceae; g__Lachnospiraceae_UCG-001	0.9860547324187726
cb1e0698d5a7fd77088560f1ff1feff3	d__Bacteria; p__Firmicutes; c__Clostridia; o__Lachnospirales; f__Lachnospiraceae; g__Blautia	0.9819508920709104
e1950bfa13fdce847ab7aac134336383	d__Bacteria; p__Firmicutes; c__Clostridia; o__Peptostreptococcales-Tissierellales; f__Anaerovoracaceae; g__[Eubacterium]_brachy_group; s__uncultured_Eubacteriaceae	0.999828578533683
870c3af9199bad5979eadd5b534c037c	d__Bacteria; p__Bacteroidota; c__Bacteroidia; o__Bacteroidales	0.9997839544686253
2f918fc7784475df2c7e33e106d9c44d	d__Bacteria; p__Bacteroidota; c__Bacteroidia; o__Bacteroidales; f__Rikenellaceae; g__Alistipes; s__Alistipes_sp.	0.9857647040793605
d8fae9a3aaba5c51c02e0ba4624ac33f	d__Bacteria; p__Firmicutes; c__Clostridia; o__Lachnospirales; f__Lachnospiraceae; g__[Eubacterium]_ventriosum_group; s__uncultured_bacterium	0.9905132549527924
1dfa6b99ec8d8ee6ba4d111dd85c0874	d__Bacteria; p__Firmicutes; c__Bacilli; o__Lactobacillales; f__Streptococcaceae; g__Streptococcus; s__Streptococcus_sobrinus	0.9802214175549191
3dbf01ad637c00be142f98924cc24943	d__Bacteria; p__Firmicutes; c__Clostridia; o__Oscillospirales; f__Oscillospiraceae; g__uncultured; s__uncultured_organism	0.8092935889706921
e70b1d62651adf8e037f9e962ab190a2	d__Bacteria; p__Bacteroidota; c__Bacteroidia; o__Bacteroidales; f__Tannerellaceae; g__Parabacteroides	0.9998304408571281
1dca591d414f1dcf8c060e248b0b5132	d__Bacteria; p__Bacteroidota; c__Bacteroidia; o__Bacteroidales; f__Bacteroidaceae; g__Bacteroides; s__Bacteroides_cellulosilyticus	0.8684192823777229
6a2ca68a97ca2ec2a6ffa37c681540fd	d__Bacteria; p__Firmicutes; c__Clostridia; o__Lachnospirales; f__Lachnospiraceae	0.9999991527303514
6c2f34ffab58887096a0e25f3c631f82	d__Bacteria; p__Firmicutes; c__Bacilli; o__Erysipelotrichales; f__Erysipelatoclostridiaceae; g__Candidatus_Stoquefichus; s__Candidatus_Stoquefichus	0.9367681337975357
3833f308cb20411fe0cb0b1b336c8040	d__Bacteria; p__Firmicutes; c__Clostridia; o__Lachnospirales; f__Lachnospiraceae; g__Blautia	0.9865095629491561
00635fcde0df6a0d246f092939832c78	d__Bacteria; p__Firmicutes; c__Clostridia; o__Oscillospirales; f__UCG-010; g__UCG-010; s__uncultured_bacterium	0.868582990611957
7d81a08fe11dbbcdc22708aeb05b85c4	d__Bacteria; p__Firmicutes; c__Clostridia; o__Lachnospirales; f__Defluviitaleaceae; g__Defluviitaleaceae_UCG-011; s__uncultured_bacterium	0.9999003629668751
cb19eb38e72348873d2e18e1e25634e8	d__Bacteria; p__Firmicutes; c__Clostridia; o__Peptostreptococcales-Tissierellales; f__Anaerovoracaceae; g__[Eubacterium]_brachy_group; s__uncultured_bacterium	0.99377863272349
d58203f7523812efdd7ee02e6d0f7b2a	d__Bacteria; p__Firmicutes; c__Clostridia; o__Christensenellales; f__Christensenellaceae; g__Christensenella; s__Christensenella_minuta	0.9982961073077171
88ba94a567149fc27aa77f2761b56e32	d__Bacteria; p__Firmicutes; c__Clostridia; o__Christensenellales; f__Christensenellaceae; g__Christensenellaceae_R-7_group; s__uncultured_prokaryote	0.9237016834118721
610adc0266739346ef2158575b8e7ff8	d__Bacteria; p__Bacteroidota; c__Bacteroidia; o__Bacteroidales; f__Barnesiellaceae; g__Barnesiella	0.999999999811804
6cdf2ce679d778f3c7be82fc78124aa9	d__Bacteria; p__Firmicutes; c__Clostridia; o__Oscillospirales; f__UCG-010; g__UCG-010; s__uncultured_organism	0.999430412955748
cc7423004fb81ae0bfd0b8818fc4ef55	d__Bacteria; p__Firmicutes; c__Bacilli; o__Erysipelotrichales; f__Erysipelatoclostridiaceae; g__Catenibacterium	0.9999997902420742
5fbcd6330db834fe7fccaa0ef0c22e89	d__Bacteria; p__Proteobacteria; c__Gammaproteobacteria; o__Enterobacterales; f__Enterobacteriaceae; g__Escherichia-Shigella	0.9851553303312777
8840ef44a0731f1fefdd6a2ba79c3544	d__Bacteria; p__Firmicutes; c__Clostridia; o__Clostridia_vadinBB60_group; f__Clostridia_vadinBB60_group; g__Clostridia_vadinBB60_group; s__uncultured_Thermoanaerobacterales	0.9999767988422522
f4cf8a2c6c3d27e419e610038673e452	d__Bacteria; p__Firmicutes; c__Clostridia; o__Christensenellales; f__Christensenellaceae; g__Christensenellaceae_R-7_group; s__gut_metagenome	0.836630548719954
a0359815e6dcbeea8a4cb35403932c55	d__Bacteria; p__Firmicutes; c__Clostridia; o__Lachnospirales; f__Lachnospiraceae; g__Roseburia; s__Roseburia_intestinalis	0.724676897186931
a9583c65ab0284951a85324a289857d1	d__Bacteria; p__Bacteroidota; c__Bacteroidia; o__Bacteroidales; f__Prevotellaceae; g__Prevotella; s__metagenome	0.7573106624562834
e871804a0ae2d9527b504af56bd381e5	d__Bacteria; p__Firmicutes; c__Clostridia; o__Oscillospirales; f__Ruminococcaceae; g__Faecalibacterium	0.9984131808699521
bc6cc24f2b9402a2301537905d600d84	d__Bacteria; p__Firmicutes; c__Clostridia; o__Lachnospirales; f__Lachnospiraceae; g__Marvinbryantia; s__uncultured_bacterium	0.712448842995992
ee2bbcc7a2d098a9f3b1725b4da03dbd	d__Bacteria; p__Firmicutes; c__Clostridia; o__Lachnospirales; f__Lachnospiraceae	0.9998161738731657
4ad86ec38b9b6ee00539ad9a4e9d13d8	d__Bacteria; p__Firmicutes; c__Clostridia; o__Peptostreptococcales-Tissierellales; f__Peptostreptococcaceae; g__Romboutsia; s__Romboutsia_ilealis	0.7566579515623241
ac4c2bc3c87cab445f98d6319ce10f84	d__Bacteria; p__Cyanobacteria; c__Cyanobacteriia; o__Cyanobacteriales; f__Phormidiaceae; g__Planktothrix_NIVA-CYA_15; s__Planktothrix_agardhii	0.7603319884824986
4c4ca6656be9047b0775e59c84e25bf6	d__Bacteria; p__Firmicutes; c__Clostridia; o__Peptostreptococcales-Tissierellales; f__Peptostreptococcaceae; g__Romboutsia	0.9941640466773115
8c02fa5c204971428994b1e5457e1aa7	d__Bacteria; p__Firmicutes; c__Clostridia; o__Christensenellales; f__Christensenellaceae; g__Christensenellaceae_R-7_group	0.9911506509501576
9fd9e72225b1b7ede1bc8720901ab47c	d__Bacteria; p__Firmicutes; c__Clostridia; o__Oscillospirales; f__Ruminococcaceae; g__Incertae_Sedis	0.9999986158699951
3844a7d2544be1e2d7074560e09f7f45	d__Bacteria; p__Firmicutes; c__Bacilli; o__Erysipelotrichales; f__Erysipelotrichaceae; g__uncultured; s__Clostridiales_bacterium	0.9999973550273203
3636cf58e9f54975a2b5deabbe8db2d1	d__Bacteria; p__Firmicutes; c__Clostridia; o__Lachnospirales; f__Lachnospiraceae	0.9999971583206395
ca61059b8419c385d284f4cc8009187d	d__Bacteria; p__Firmicutes; c__Clostridia; o__Oscillospirales; f__Oscillospiraceae; g__NK4A214_group; s__metagenome	0.9478508139675119
aaf77b3fab60cdd5f2036ed2ef33f5b6	d__Bacteria; p__Firmicutes; c__Clostridia; o__Lachnospirales; f__Lachnospiraceae	0.9999999375375823
b26c01259a5c2cdac555d1a355b9db35	d__Bacteria; p__Firmicutes; c__Clostridia; o__Lachnospirales; f__Lachnospiraceae; g__[Eubacterium]_ventriosum_group	0.9963810061787325
902eb416f29ff57b4cd236e05c9557bf	d__Bacteria; p__Firmicutes; c__Clostridia; o__Oscillospirales; f__Oscillospiraceae; g__Colidextribacter	0.9699824231944789
0b393c8bd15a5801b3612bcf60e0c381	d__Bacteria; p__Firmicutes; c__Clostridia; o__Lachnospirales; f__Lachnospiraceae	0.9999968753837601
7594fa43e90a583e846383857b70412f	d__Bacteria; p__Firmicutes; c__Clostridia; o__Oscillospirales; f__Oscillospiraceae; g__UCG-005	0.7210666793472436
0ac8e15ade6be087907d23cdc45c6d76	d__Bacteria; p__Firmicutes; c__Bacilli; o__Erysipelotrichales; f__Erysipelotrichaceae; g__Merdibacter; s__uncultured_bacterium	0.9413995740024047
7048c9c44c905db0a9b38393cb5fbdf0	d__Bacteria; p__Firmicutes; c__Clostridia; o__Oscillospirales; f__Ruminococcaceae; g__Subdoligranulum	0.9954999489414463
bfb22b6221d756c2639d1f3c4666f0e3	d__Bacteria; p__Firmicutes; c__Clostridia; o__Lachnospirales; f__Lachnospiraceae; g__Dorea	0.999797276381421
bc04f996c90c4f69593dd77d4d0aece8	d__Bacteria; p__Firmicutes; c__Clostridia; o__Christensenellales; f__Christensenellaceae	0.7975692524849066
d0481b6a8cf5b1ab36c6fcc2ad2e63a4	d__Bacteria; p__Firmicutes; c__Bacilli; o__Erysipelotrichales; f__Erysipelatoclostridiaceae; g__Catenibacterium	0.9999995729313672
10b6a949a1500e8e9c3ef957824e03d9	d__Bacteria; p__Firmicutes; c__Clostridia; o__Lachnospirales; f__Lachnospiraceae; g__GCA-900066575	0.9963917336066002
e3f8af632396a0eccae951d11511e6fd	d__Bacteria; p__Firmicutes; c__Bacilli; o__Erysipelotrichales; f__Erysipelotrichaceae; g__Faecalitalea	0.9999630072667631
47e802282a88fa7a056ac63adc9df226	d__Bacteria; p__Firmicutes; c__Clostridia; o__Lachnospirales; f__Lachnospiraceae; g__Lachnospiraceae_NK4A136_group	0.9650948303589388
9100efef05050ca2de6005763450a987	d__Bacteria; p__Firmicutes; c__Clostridia; o__Clostridia_UCG-014; f__Clostridia_UCG-014; g__Clostridia_UCG-014	0.9999999999223026
5549f22fe83eeb6b9762a83f4d3e555c	d__Bacteria; p__Firmicutes; c__Clostridia; o__Oscillospirales; f__Ruminococcaceae; g__UBA1819; s__uncultured_bacterium	0.8703184556542229
ebbe034a889d6ee706e0b2de549359db	d__Bacteria; p__Proteobacteria; c__Alphaproteobacteria; o__Rickettsiales; f__Anaplasmataceae; g__Wolbachia; s__uncultured_Wolbachia	0.9580554406858551
149e116c7a42d852bfb7970109b491f8	d__Bacteria; p__Bacteroidota; c__Bacteroidia; o__Bacteroidales; f__Rikenellaceae; g__Alistipes; s__Alistipes_shahii	0.8721060112786935
d65d4e95972ca84e5f3b849679f24d2c	d__Bacteria; p__Firmicutes; c__Clostridia; o__Christensenellales; f__Christensenellaceae; g__Christensenellaceae_R-7_group	0.994930845834066
f558f580cae8d38fa0b82e07522a83cf	d__Bacteria; p__Firmicutes; c__Clostridia; o__Lachnospirales; f__Lachnospiraceae; g__Coprococcus; s__Coprococcus_comes	0.730559691823573
3191c62463c1bd469123d7f6866b8879	d__Bacteria; p__Firmicutes; c__Clostridia; o__Peptostreptococcales-Tissierellales; f__Peptostreptococcaceae; g__Romboutsia	0.9709434981558944
1b5acd32fc6cf0ccf33cd3a0ef1218cd	d__Bacteria; p__Bacteroidota; c__Bacteroidia; o__Bacteroidales; f__Prevotellaceae; g__Prevotella	0.999999989237002
66b66cba767f710c9a120daa1dac7692	d__Bacteria; p__Firmicutes; c__Clostridia; o__Christensenellales; f__Christensenellaceae; g__Christensenellaceae_R-7_group; s__bacterium_YE57	0.9537065042489457
092bc48cc8df5932235e16e385e5473c	d__Bacteria; p__Firmicutes; c__Clostridia; o__Lachnospirales; f__Lachnospiraceae	0.9971353914705373
9f406bf6cb75c02aedec3fdf67a91626	d__Bacteria; p__Firmicutes; c__Clostridia; o__Lachnospirales; f__Lachnospiraceae; g__[Ruminococcus]_torques_group; s__Ruminococcus_sp.	0.9616574869232782
968f3f871658da5cabd720c680b61324	d__Bacteria; p__Actinobacteriota; c__Actinobacteria; o__Frankiales; f__Sporichthyaceae; g__Sporichthyaceae	0.997909142218306
876a190ec7b8ce3d6608b80fb7231702	d__Bacteria; p__Firmicutes; c__Clostridia; o__Monoglobales; f__Monoglobaceae; g__Monoglobus	0.9803457874824533
21b03b83c1e9f54fd17e21efc2ca0a53	d__Bacteria; p__Firmicutes; c__Clostridia; o__Lachnospirales; f__Lachnospiraceae; g__Blautia	0.9772417843892639
00ce43cf65b2461bc1a4159ac4a89f03	d__Bacteria; p__Actinobacteriota; c__Coriobacteriia; o__Coriobacteriales; f__Atopobiaceae; g__Libanicoccus	0.999999954863399
923f6dc87d3d842a8cace1cbe7c767eb	d__Bacteria; p__Firmicutes; c__Clostridia; o__Peptostreptococcales-Tissierellales; f__Anaerovoracaceae; g__Family_XIII_AD3011_group; s__uncultured_bacterium	0.8022185290026993
3b9aa298f4435c524dc86253fe447945	d__Bacteria; p__Firmicutes; c__Clostridia; o__Lachnospirales; f__Lachnospiraceae; g__Dorea; s__Dorea_formicigenerans	0.7474772358572769
506750e411d221fd7e50ef19ae049cd4	d__Bacteria; p__Firmicutes; c__Clostridia; o__Oscillospirales; f__Ruminococcaceae; g__Faecalibacterium	0.9969490537908844
899e00e04f2ffc1fbd9dbc7487153f2c	d__Bacteria; p__Firmicutes; c__Clostridia; o__Oscillospirales; f__Ruminococcaceae; g__Faecalibacterium	0.9983305287487266
875ccdee776e43a1642498a3989f845b	d__Bacteria; p__Firmicutes; c__Clostridia; o__Clostridiales; f__Clostridiaceae; g__Clostridium_sensu_stricto_1	0.9999414935315353
519464130999e0f8f5f9c00dacac4b4d	d__Bacteria; p__Firmicutes; c__Clostridia; o__Lachnospirales; f__Lachnospiraceae	0.9999987204909033
4bedc66f5bf38255ac278220bec2a8b6	d__Bacteria; p__Firmicutes; c__Clostridia; o__Lachnospirales; f__Lachnospiraceae	0.9999978781285055
8ff9c66cc34acff70b35d0ea28e6c939	d__Bacteria; p__Firmicutes; c__Clostridia; o__Eubacteriales; f__Anaerofustaceae; g__Anaerofustis; s__Anaerofustis_stercorihominis	0.9101066450790692
a47da645e7c783da20415edf7b2b57e2	d__Bacteria; p__Firmicutes; c__Clostridia; o__Lachnospirales; f__Lachnospiraceae; g__Agathobacter; s__Eubacterium_ramulus	0.9713278187523869
99325b8ef47336d2d358feeb45b7423f	d__Bacteria; p__Actinobacteriota; c__Actinobacteria; o__Actinomycetales; f__Actinomycetaceae; g__Varibaculum	0.9999999991694278
744aee5ea12daecbc79ee5af40a7c59c	d__Bacteria; p__Proteobacteria; c__Alphaproteobacteria; o__Rhodospirillales; f__uncultured; g__uncultured; s__gut_metagenome	0.9999825497923511
d502f5d91459deb14817064c3ea10d1a	d__Bacteria; p__Firmicutes; c__Clostridia; o__Lachnospirales; f__Lachnospiraceae; g__[Eubacterium]_hallii_group; s__uncultured_bacterium	0.9897028639595766
95511e56fbc8af803af73c53317fa269	d__Bacteria; p__Firmicutes; c__Clostridia; o__Lachnospirales; f__Lachnospiraceae; g__Blautia	0.9204450563820776
8c2736bbd98c4d28e7cbe4eb6ba60622	d__Bacteria; p__Firmicutes; c__Clostridia; o__Lachnospirales; f__Lachnospiraceae; g__Agathobacter; s__Eubacterium_ramulus	0.9521855749587499
8d3e9245ea69abd07778d0c501de6fd8	d__Bacteria; p__Firmicutes; c__Clostridia; o__Lachnospirales; f__Lachnospiraceae; g__Lachnospiraceae_UCG-003; s__uncultured_bacterium	0.9891523384490137
a5f704bc7805bdcaeea787f7c89463d8	d__Bacteria; p__Firmicutes; c__Bacilli; o__RF39; f__RF39; g__RF39; s__human_gut	0.9997985795186691
6af10ea5c29e3cb23de0f460c78a2163	d__Bacteria; p__Proteobacteria; c__Gammaproteobacteria; o__Pseudomonadales; f__Pseudomonadaceae; g__Pseudomonas	0.999619581124229
795afb2dc8981e9f33fdc2243dd67c11	d__Bacteria; p__Firmicutes; c__Clostridia; o__Lachnospirales; f__Lachnospiraceae; g__Lachnospira	0.9989503596996003
49daec0e367050649b0d24407545cc82	d__Bacteria; p__Bacteroidota; c__Bacteroidia; o__Bacteroidales; f__Marinifilaceae; g__Butyricimonas	0.9921172701084227
07b2f9cf5ab58f8d1dddd86e24987560	d__Bacteria; p__Firmicutes; c__Clostridia; o__Clostridia_UCG-014; f__Clostridia_UCG-014; g__Clostridia_UCG-014; s__uncultured_organism	0.9916258434108973
3b7539beebb3160015261ba4a506d088	d__Bacteria; p__Firmicutes; c__Clostridia; o__Oscillospirales; f__Ruminococcaceae; g__Anaerotruncus; s__Anaerotruncus_sp.	0.9997330692816091
434418c11b77d4a943186a9854778a9e	d__Bacteria; p__Firmicutes; c__Clostridia; o__Lachnospirales; f__Lachnospiraceae; g__Blautia	0.9951911853043828
78819fe0a98cc24ab889b006b32ea628	d__Bacteria; p__Firmicutes; c__Clostridia; o__Oscillospirales; f__UCG-010; g__UCG-010	0.9999999875398445
c68b0e64fd4da105b1a7ba7304a1361c	d__Bacteria; p__Firmicutes; c__Clostridia; o__Christensenellales; f__Christensenellaceae	0.9999977369749495
d8f074de2ec6eea4b1589fdc59b74253	d__Bacteria; p__Firmicutes; c__Clostridia; o__Peptostreptococcales-Tissierellales; f__Anaerovoracaceae; g__Family_XIII_AD3011_group; s__uncultured_organism	0.9976083356654637
9b4599d26b71e0a116a4d5d22bde0b17	d__Bacteria; p__Firmicutes; c__Clostridia; o__Peptostreptococcales-Tissierellales; f__Peptostreptococcaceae; g__Intestinibacter	0.9878144692895616
2bafaa39c223ffb12a58232891ae5dde	d__Bacteria; p__Firmicutes; c__Clostridia; o__Peptostreptococcales-Tissierellales; f__Peptostreptococcaceae; g__Romboutsia	0.9871413110677301
41e93399ed8aa926b9d956ba1ae0c10a	d__Bacteria; p__Firmicutes; c__Clostridia; o__Lachnospirales; f__Lachnospiraceae	0.9999973513484688
12f487687c39cc4b77694eb00cfd55f0	d__Bacteria; p__Bacteroidota; c__Bacteroidia; o__Bacteroidales; f__Prevotellaceae; g__Prevotella	0.9999999969785631
5bd5a182cf60c0860a6e001e86a0afa0	d__Bacteria; p__Firmicutes; c__Clostridia; o__Peptostreptococcales-Tissierellales; f__Peptostreptococcales-Tissierellales; g__Anaerococcus; s__Anaerococcus_vaginalis	0.8313574035185716
ee1dc25df43af31a6773d760237feca7	d__Bacteria; p__Firmicutes; c__Negativicutes; o__Veillonellales-Selenomonadales; f__Selenomonadaceae; g__Mitsuokella	0.9732677863447035
f005248d6ac9fceb58233edb5d9da711	d__Bacteria; p__Firmicutes; c__Clostridia; o__Lachnospirales; f__Lachnospiraceae; g__[Ruminococcus]_gnavus_group	0.9968987273395536
4ec0604a27fc686367ba021730c4393f	d__Bacteria; p__Firmicutes; c__Clostridia; o__Oscillospirales; f__Butyricicoccaceae; g__Butyricicoccus; s__Butyricicoccus_pullicaecorum	0.9589616723696213
f84bffea711cc9f2947fa4ef6f4f98a2	d__Bacteria; p__Firmicutes; c__Clostridia; o__Lachnospirales; f__Lachnospiraceae; g__Blautia	0.957592861255968
a89e1deabb32b3cb188d415b8e74a8de	d__Bacteria; p__Firmicutes; c__Clostridia; o__Clostridia_UCG-014; f__Clostridia_UCG-014; g__Clostridia_UCG-014; s__uncultured_bacterium	0.7875795150204569
df2e85d60179fe41680375081f93d13c	d__Bacteria; p__Firmicutes; c__Clostridia; o__Lachnospirales; f__Lachnospiraceae; g__Blautia	0.9780086486789739
092148020a8d41b566d2966002147952	d__Bacteria; p__Firmicutes; c__Clostridia; o__Lachnospirales; f__Lachnospiraceae; g__Lachnospiraceae; s__Cuneatibacter_caecimuris	0.9980143612790638
41284a67c0a522bb6e4e6a696fb871c4	d__Bacteria; p__Firmicutes; c__Clostridia; o__Lachnospirales; f__Lachnospiraceae; g__uncultured; s__butyrate-producing_bacterium	0.9895578403390619
e4ab9ed5946f5a820d63c10c615c2442	d__Bacteria; p__Bacteroidota; c__Bacteroidia; o__Bacteroidales; f__Marinifilaceae; g__Butyricimonas	0.9999756816819926
9bf23041763c3cce0a009bc61fa36e63	d__Bacteria; p__Firmicutes; c__Clostridia; o__Oscillospirales; f__Ruminococcaceae; g__Fournierella; s__uncultured_organism	0.776096236633831
7575a35e2be77b0fd7bf6f39e9e92f5d	d__Bacteria; p__Firmicutes; c__Bacilli; o__Lactobacillales; f__Lactobacillaceae; g__Lactobacillus	0.9999999121717593
ee7b53ec24a1a0c24386e177da96aa9a	d__Bacteria; p__Firmicutes; c__Bacilli; o__Erysipelotrichales; f__Erysipelatoclostridiaceae; g__Erysipelotrichaceae_UCG-003	0.9999985612921969
e0c3a5554f0c9e0274837689b48121d0	d__Bacteria; p__Firmicutes; c__Bacilli; o__Erysipelotrichales; f__Erysipelatoclostridiaceae; g__Erysipelatoclostridium; s__Erysipelatoclostridium_ramosum	0.8174379163882532
b09dafa540d38a04b2a48a06234a3ae5	d__Bacteria; p__Firmicutes; c__Clostridia; o__Lachnospirales; f__Lachnospiraceae	0.9996313235160801
d0f33f23011a26b532138b0b25bb1d1e	d__Bacteria; p__Firmicutes; c__Clostridia; o__Lachnospirales; f__Lachnospiraceae	0.9999966870004402
9d68cc128fed626d1c30d5dae736e189	d__Bacteria; p__Firmicutes; c__Clostridia; o__Peptostreptococcales-Tissierellales; f__Anaerovoracaceae; g__[Eubacterium]_nodatum_group; s__uncultured_organism	0.961488106754374
8774f7efc33f7377620aaf03a02fbc1c	d__Bacteria; p__Firmicutes; c__Clostridia; o__Lachnospirales; f__Lachnospiraceae; g__Lachnoclostridium	0.8893304575286565
9358d8c5e88765ee1db1f9d6e80d0089	d__Bacteria; p__Firmicutes; c__Clostridia; o__Lachnospirales; f__Lachnospiraceae	0.9999954940695862
3eaa855ae960dd91fa689adbf11e0549	d__Bacteria; p__Firmicutes; c__Clostridia; o__Oscillospirales; f__Ruminococcaceae; g__Angelakisella; s__uncultured_bacterium	0.8062068281950251
8add23b4475a8263c473d6f53ddc8fc5	d__Bacteria; p__Actinobacteriota; c__Actinobacteria; o__Frankiales; f__Sporichthyaceae; g__hgcI_clade; s__Candidatus_Nanopelagicus	0.7035329099135482
ae574ff77da45ccfd8ebd0c34ffe32a8	d__Bacteria; p__Firmicutes; c__Bacilli; o__Bacillales; f__Bacillaceae	0.9821741630022014
187e1b43c04fc563ca0f6442668e3134	d__Bacteria; p__Firmicutes; c__Clostridia; o__Lachnospirales; f__Lachnospiraceae; g__Blautia	0.9487420172572619
45290f2590774f6d0e28f5e7a2b0c893	d__Bacteria; p__Proteobacteria; c__Gammaproteobacteria; o__Enterobacterales; f__Enterobacteriaceae	0.9654056382393028
58d7fc32b7fbe3333ddfa9bfd3b64fbb	d__Bacteria; p__Firmicutes; c__Clostridia; o__Christensenellales; f__Christensenellaceae; g__Christensenellaceae_R-7_group; s__uncultured_Firmicutes	0.7799586978565646
5038d0790d9cdb3313bb69a39818bb65	d__Bacteria; p__Firmicutes; c__Clostridia; o__Lachnospirales; f__Lachnospiraceae; g__Lachnospiraceae_ND3007_group; s__metagenome	0.926565671178223
0e7849b72732e37caf4404649f0728df	d__Bacteria; p__Bacteroidota; c__Bacteroidia; o__Bacteroidales; f__Prevotellaceae; g__Prevotella	0.999999870732772
3b5e98b04cae767293620756298946e4	d__Bacteria; p__Firmicutes; c__Clostridia; o__Lachnospirales; f__Lachnospiraceae; g__Fusicatenibacter; s__uncultured_organism	0.83074644078557
b81e2a5bf7028b5d8e12ca91fd773476	d__Bacteria; p__Firmicutes; c__Clostridia; o__Lachnospirales; f__Lachnospiraceae; g__Agathobacter	0.9796583524545235
92e6dc88a3985506de69054d9ad0a533	d__Bacteria; p__Firmicutes; c__Clostridia; o__Lachnospirales; f__Lachnospiraceae; g__Lachnoclostridium; s__uncultured_organism	0.8311354556091554
5170e3653db1a79375864ebb2d790c50	d__Bacteria; p__Firmicutes; c__Clostridia; o__Lachnospirales; f__Lachnospiraceae; g__Marvinbryantia; s__metagenome	0.9841558596569668
37a6e803b7e98c70f63960bb5034aecb	d__Bacteria; p__Firmicutes; c__Clostridia; o__Lachnospirales; f__Lachnospiraceae; g__uncultured	0.8281001175146757
abf0973a9c329a494febaf3771476c0b	d__Bacteria; p__Firmicutes; c__Clostridia; o__Clostridia; f__Hungateiclostridiaceae; g__Ruminiclostridium; s__uncultured_bacterium	0.9796856344104987
0db67c823144911e5e12222af2c70279	d__Bacteria; p__Firmicutes; c__Clostridia; o__Peptostreptococcales-Tissierellales; f__Anaerovoracaceae; g__Family_XIII_AD3011_group; s__uncultured_bacterium	0.8940630420906298
944a09fad3683c065a7b9e81b87096af	d__Bacteria; p__Firmicutes; c__Bacilli; o__RF39; f__RF39; g__RF39; s__uncultured_bacterium	0.7091089747827881
8dd1d066883a1c0f8a77c6ea647c27e1	d__Bacteria; p__Firmicutes; c__Clostridia; o__Monoglobales; f__Monoglobaceae; g__Monoglobus; s__uncultured_Clostridiales	0.9661144974681485
51cf9de0fc2f82cbf3372f1dd217d141	d__Bacteria; p__Firmicutes; c__Clostridia; o__Christensenellales; f__Christensenellaceae; g__Christensenellaceae_R-7_group; s__metagenome	0.8830559543873501
d13d8601cac84b7fce13e77e9360e755	d__Bacteria; p__Actinobacteriota; c__Coriobacteriia; o__Coriobacteriales; f__Eggerthellaceae; g__Enterorhabdus; s__uncultured_bacterium	0.9999996040770258
5a6d985ea02b0b780e503c8f6599e6b7	d__Bacteria; p__Firmicutes; c__Clostridia; o__Lachnospirales; f__Lachnospiraceae; g__Lachnoclostridium	0.771567582511626
a948f5069cea70f925ab95b932d75eea	d__Bacteria; p__Firmicutes; c__Clostridia; o__Peptostreptococcales-Tissierellales; f__Anaerovoracaceae; g__Mogibacterium	0.999999645191522
9c453ee438e36f2eff3439af9ff188b8	d__Bacteria; p__Firmicutes; c__Clostridia; o__Oscillospirales; f__uncultured; g__uncultured; s__uncultured_bacterium	0.748621123812353
4bdcf601550187b1ea571769badeb011	d__Bacteria; p__Proteobacteria; c__Gammaproteobacteria; o__Burkholderiales; f__Oxalobacteraceae	0.9999077376792993
2608e5970d2ab6e47e959cc8d0f519e2	d__Bacteria; p__Firmicutes; c__Clostridia; o__Lachnospirales; f__Lachnospiraceae; g__Blautia; s__Blautia_sp.	0.9023790651303022
b2414153d566349bae32c1614eccdd57	d__Bacteria; p__Firmicutes; c__Clostridia; o__Lachnospirales; f__Lachnospiraceae; g__Blautia; s__Blautia_sp.	0.9629459239518923
bed8a3c2bc8a1e376ff9f20cdb8d1faf	d__Bacteria; p__Firmicutes; c__Clostridia; o__Lachnospirales; f__Lachnospiraceae; g__Coprococcus	0.997008558460027
7c0221b4255a94fc2da4b51b79ebb189	d__Bacteria; p__Proteobacteria; c__Gammaproteobacteria; o__Burkholderiales; f__Sutterellaceae; g__Sutterella; s__Sutterella_wadsworthensis	0.9419992825787996
2e4b9639203038bf2844bcf17d332422	d__Bacteria; p__Firmicutes; c__Clostridia; o__Lachnospirales; f__Lachnospiraceae; g__Lachnospiraceae_ND3007_group	0.9999998367311131
32ec24413a5b126eec5e42cafc24486c	d__Bacteria; p__Firmicutes; c__Clostridia; o__Clostridiales; f__Clostridiaceae; g__Clostridium_sensu_stricto_1	0.9996557698388521
2b512f29ad6ebec6d36c1841769787f6	d__Bacteria; p__Firmicutes; c__Clostridia; o__Christensenellales; f__Christensenellaceae; g__Christensenellaceae; s__Christensenella_sp.	0.9897890189001923
4a78a0746a19e9ef9880fe57439fbaa1	d__Bacteria; p__Firmicutes; c__Clostridia; o__Lachnospirales; f__Lachnospiraceae; g__Lachnoclostridium; s__[Clostridium]_aldenense	0.8650818569127481
2a78d708e51df59ee78af5b56d621634	d__Bacteria; p__Firmicutes; c__Clostridia; o__Oscillospirales; f__Oscillospiraceae; g__Oscillospira; s__uncultured_organism	0.998554779616197
ef51b8589528f95136169a3e0289ed65	d__Bacteria; p__Cyanobacteria; c__Cyanobacteriia; o__Cyanobacteriales; f__Phormidiaceae; g__Planktothrix_NIVA-CYA_15	0.9999999999237942
664bc9d736d690de3f9814b709b6de86	d__Bacteria; p__Proteobacteria; c__Gammaproteobacteria; o__Enterobacterales; f__Enterobacteriaceae	0.9789590447148693
877af2ffe8a00890935d6ad0cb142ebc	d__Bacteria; p__Bacteroidota; c__Bacteroidia; o__Bacteroidales; f__Marinifilaceae; g__Odoribacter; s__uncultured_bacterium	0.9648824595306931
fe647cfbb007684620a11c35b55933d5	d__Bacteria; p__Firmicutes; c__Clostridia; o__Oscillospirales; f__Ruminococcaceae	0.9999994405155798
bd400855df5d4c537bf162dfff175cbb	d__Bacteria; p__Bacteroidota; c__Bacteroidia; o__Flavobacteriales; f__Flavobacteriaceae; g__Flavobacterium	0.999997172954615
1c3dd0f95efc37f03c51256842ba136e	d__Bacteria; p__Firmicutes; c__Clostridia; o__Oscillospirales; f__Oscillospiraceae; g__UCG-005; s__metagenome	0.9894509580525137
f0c0749ec251744d3a2ddd1344b9cf1f	d__Bacteria; p__Bacteroidota; c__Bacteroidia; o__Bacteroidales; f__Bacteroidaceae; g__Bacteroides	0.9999889891734259
7c9e304d7996e9a9562132042e2a139a	d__Bacteria; p__Firmicutes; c__Clostridia; o__Oscillospirales; f__Ruminococcaceae; g__Incertae_Sedis; s__uncultured_bacterium	0.8297299243624914
00ac4a188a035a030fd42935afd5238d	d__Bacteria; p__Firmicutes; c__Clostridia; o__Christensenellales; f__Christensenellaceae; g__Christensenellaceae_R-7_group; s__uncultured_Clostridiaceae	0.7779020331916098
5c52eaaa3ffa3ced0395a1c10cdf3eea	d__Bacteria; p__Firmicutes; c__Clostridia; o__Oscillospirales; f__Ruminococcaceae; g__uncultured	0.8016408045000539
75871dbd6537d1a7681b06c287f50113	d__Bacteria; p__Firmicutes; c__Negativicutes; o__Veillonellales-Selenomonadales; f__Veillonellaceae; g__Allisonella; s__uncultured_bacterium	0.98759214758805
7973385999d3ad77b299258fba979b0e	d__Bacteria; p__Firmicutes; c__Clostridia; o__Peptostreptococcales-Tissierellales; f__Peptostreptococcaceae; g__Terrisporobacter; s__uncultured_bacterium	0.8080704546365649
4c11d346e7baed8ab9b84f664e407bba	d__Bacteria; p__Firmicutes; c__Clostridia; o__Christensenellales; f__Christensenellaceae; g__uncultured; s__uncultured_bacterium	0.9990917612168696
48ec0a630f7ce53eaef27a68afc126d7	d__Bacteria; p__Bacteroidota; c__Bacteroidia; o__Bacteroidales; f__Marinifilaceae; g__Odoribacter; s__Odoribacter_sp.	0.9998360488441542
3da40b6d1f5649d99765c64d30b58509	d__Bacteria; p__Actinobacteriota; c__Actinobacteria; o__Actinomycetales; f__Actinomycetaceae; g__Actinomyces	0.9999995503198905
d4b9219162071cafa791234872a579bd	d__Bacteria; p__Firmicutes; c__Clostridia; o__Oscillospirales; f__Ruminococcaceae; g__Candidatus_Soleaferrea; s__uncultured_Anaerotruncus	0.9999979090424181
b6a256029f34dcdcfa108224ffe33b78	d__Bacteria; p__Firmicutes; c__Clostridia; o__Lachnospirales; f__Lachnospiraceae; g__Eisenbergiella; s__uncultured_organism	0.7455333172824145
0158114a3607bbec392e43eba4ed9995	d__Bacteria; p__Firmicutes; c__Clostridia; o__Christensenellales; f__Christensenellaceae; g__Christensenellaceae_R-7_group	0.8965255272027147
1a70749636351b890509ee8a06a4779c	d__Bacteria; p__Firmicutes; c__Bacilli; o__Izemoplasmatales; f__Izemoplasmatales; g__Izemoplasmatales; s__gut_metagenome	0.9952787791345934
d1f8393943d8b6789840e53f9ba7f664	d__Bacteria; p__Firmicutes; c__Clostridia; o__Lachnospirales; f__Lachnospiraceae; g__[Eubacterium]_eligens_group	0.9999777994259162
566c8d9b852140ab86493929c8398eae	d__Bacteria; p__Firmicutes; c__Clostridia; o__Peptostreptococcales-Tissierellales; f__Anaerovoracaceae; g__[Eubacterium]_nodatum_group; s__uncultured_organism	0.8030422181192008
00c56e9e05cae6e0a3f041bb49a05077	d__Bacteria; p__Firmicutes; c__Clostridia; o__Lachnospirales; f__Lachnospiraceae; g__[Ruminococcus]_torques_group	0.9440272569431432
6f85426a129255a3eeb4da7f1042b607	d__Bacteria; p__Proteobacteria; c__Gammaproteobacteria; o__Burkholderiales; f__Sutterellaceae; g__Parasutterella	0.999999997616646
55d0d5eb3a986f3fc42f45dfec3359f5	d__Bacteria; p__Firmicutes; c__Clostridia; o__Christensenellales; f__Christensenellaceae; g__Christensenellaceae_R-7_group	0.9818005001825272
06df4bc051fe82567e0e3b517105cd80	d__Bacteria; p__Bacteroidota; c__Bacteroidia; o__Bacteroidales; f__uncultured; g__uncultured; s__gut_metagenome	0.9999999720937898
3576a3e2f0e4a82001b727268b79521c	d__Bacteria; p__Firmicutes; c__Clostridia; o__Monoglobales; f__Monoglobaceae; g__Monoglobus; s__uncultured_Clostridiales	0.9152256561671783
3e94be6a3ed0bc3c1c0e6ec0680b0e1e	d__Bacteria; p__Firmicutes; c__Clostridia; o__Oscillospirales; f__Ruminococcaceae; g__Candidatus_Soleaferrea; s__Ruminococcaceae_bacterium	0.999997680904176
f6c681edefb5f98b9ef6d81a357a7923	d__Bacteria; p__Firmicutes; c__Clostridia; o__Peptococcales; f__Peptococcaceae; g__Peptococcus; s__uncultured_organism	0.9999726172403353
26436c340e7d9abef3208ce9791f7fbd	d__Bacteria; p__Firmicutes; c__Clostridia; o__Lachnospirales; f__Lachnospiraceae; g__[Eubacterium]_fissicatena_group; s__Faecalicatena_fissicatena	0.8802999773921752
8edd07f1af24b6adce224811ed7a4f4e	d__Bacteria; p__Firmicutes; c__Clostridia; o__Oscillospirales; f__UCG-010; g__UCG-010	0.9368591735570514
4dca3b03041a3b92ed04666afcc7fc27	d__Bacteria; p__Firmicutes; c__Bacilli; o__Bacillales; f__Planococcaceae	0.9818511987464527
e7680312f25c82da922b80d4f174ec56	d__Bacteria; p__Firmicutes; c__Clostridia; o__Lachnospirales; f__Lachnospiraceae; g__Agathobacter	0.9609613119611402
e86a52b004b2207a19bd35a2a38eca53	d__Bacteria; p__Firmicutes; c__Bacilli; o__Bacillales; f__Bacillaceae; g__Bacillus	0.9277265769751175
27e2b0a88ba2f3bc0fb503fdf1b49e3a	d__Bacteria; p__Bacteroidota; c__Bacteroidia; o__Bacteroidales; f__Bacteroidaceae; g__Bacteroides; s__Bacteroides_sartorii	0.9978334083750721
d8a2cd0e6416bd359378efa60eb8da31	d__Bacteria; p__Firmicutes; c__Clostridia; o__Lachnospirales; f__Lachnospiraceae; g__Blautia	0.8946505991654982
1f55ebd534b918dbbda1f3bb96a1c1cf	d__Bacteria; p__Firmicutes; c__Clostridia; o__Peptostreptococcales-Tissierellales; f__Peptostreptococcaceae; g__Paeniclostridium	0.9349348607608553
ecf92fea073926fce55f0cea0b0b7898	d__Bacteria; p__Firmicutes; c__Clostridia; o__Lachnospirales; f__Lachnospiraceae; g__[Ruminococcus]_torques_group; s__Ruminococcus_sp.	0.887692396059793
59cae42344b3aa1548c4ad35c79ec98d	d__Bacteria; p__Firmicutes; c__Clostridia; o__Clostridia_UCG-014; f__Clostridia_UCG-014; g__Clostridia_UCG-014; s__uncultured_bacterium	0.7305207088567464
9fe62c3895b3f15e3cfff69a86bc8987	d__Bacteria; p__Firmicutes; c__Clostridia; o__Lachnospirales; f__Lachnospiraceae; g__Agathobacter; s__Eubacterium_ramulus	0.9013978862928969
9ee44c076341a9249905e8033b35e2c4	d__Bacteria; p__Firmicutes; c__Clostridia; o__Clostridia_vadinBB60_group; f__Clostridia_vadinBB60_group; g__Clostridia_vadinBB60_group; s__uncultured_organism	0.9879395914210419
7869f35d2bba320ff200f95c9c1dc1b5	d__Bacteria; p__Firmicutes; c__Clostridia; o__Lachnospirales; f__Lachnospiraceae; g__Anaerosporobacter; s__uncultured_organism	0.8830280742870276
ee2ceaa3308a105d4097d49e412b2356	d__Bacteria; p__Firmicutes; c__Clostridia; o__Oscillospirales; f__Butyricicoccaceae; g__Butyricicoccus	0.9999995804734317
71d366a95177ced1c8adb3f21db0fd6e	d__Bacteria; p__Proteobacteria; c__Gammaproteobacteria; o__Burkholderiales; f__Sutterellaceae; g__Parasutterella; s__uncultured_bacterium	0.9999958824970963
2dfd4fa96aa4e6696add94669ab7472c	d__Bacteria; p__Firmicutes; c__Clostridia; o__Oscillospirales; f__Oscillospiraceae; g__Oscillibacter; s__human_gut	0.9168038490824892
db241db8e69d1e3da436b2dc0a4ec6c5	d__Bacteria; p__Firmicutes; c__Clostridia; o__Oscillospirales; f__Ruminococcaceae; g__uncultured	0.9370972119571417
fa4124955115da3004424f08cdafa3fa	d__Bacteria; p__Firmicutes; c__Clostridia; o__Christensenellales; f__Christensenellaceae; g__Christensenellaceae_R-7_group	0.9827634153801864
b32a92468f6a6a058a473d554ea58ee1	d__Bacteria; p__Firmicutes; c__Clostridia; o__Peptococcales; f__Peptococcaceae; g__Peptococcus	0.999999999302166
0bd52eaa1d623024619498bae2662659	d__Bacteria; p__Firmicutes; c__Clostridia; o__Christensenellales; f__Christensenellaceae; g__Christensenellaceae_R-7_group; s__gut_metagenome	0.972369238774939
9168091ca3156149608fa281e4832d94	d__Bacteria; p__Firmicutes; c__Clostridia; o__Christensenellales; f__Christensenellaceae; g__uncultured; s__uncultured_bacterium	0.9969503140433973
5481b907b3c123e90e8f1ee861b12a0f	d__Bacteria; p__Cyanobacteria; c__Cyanobacteriia; o__Chloroplast; f__Chloroplast; g__Chloroplast; s__Aulacoseira_granulata	0.8684972077914282
24dfc22f2da6ff9adbb6f15e72316fcb	d__Bacteria; p__Firmicutes; c__Clostridia; o__Clostridia; f__Hungateiclostridiaceae; g__Ruminiclostridium; s__uncultured_organism	0.9910759948515581
339d3d9bd7a5afcd75bb1bb8e1c32e08	d__Bacteria; p__Firmicutes; c__Bacilli; o__Erysipelotrichales; f__Erysipelotrichaceae; g__Holdemania	0.9999998275048544
08763b2edec0c38385c042c8695274ee	d__Bacteria; p__Firmicutes; c__Clostridia; o__Peptococcales; f__Peptococcaceae; g__uncultured; s__uncultured_bacterium	0.8042242277568297
5172f62c1cd0f955a6a0dd58f688254b	d__Bacteria; p__Firmicutes; c__Clostridia; o__Oscillospirales; f__Ruminococcaceae	0.9996974935209717
76047ee5df4fb42f1a27d0961148f57f	d__Bacteria; p__Firmicutes; c__Clostridia; o__Lachnospirales; f__Defluviitaleaceae; g__Defluviitaleaceae_UCG-011; s__uncultured_bacterium	0.9998729954880918
cfd150d0420410fcf782b1028e225539	d__Bacteria; p__Bacteroidota; c__Bacteroidia; o__Bacteroidales; f__Bacteroidaceae; g__Bacteroides	0.999999952464783
7069fe30c509db415e1a9efee599c865	d__Bacteria; p__Firmicutes; c__Clostridia; o__Christensenellales; f__Christensenellaceae; g__Christensenellaceae_R-7_group	0.913625331243135
7693092701a7761a99280afd14cd66e2	d__Bacteria; p__Firmicutes; c__Clostridia; o__Oscillospirales; f__Oscillospiraceae; g__Colidextribacter; s__uncultured_Clostridia	0.9970086574453036
6d50934ae1336bfa3c0dfcd83720268c	d__Bacteria; p__Firmicutes; c__Clostridia; o__Oscillospirales; f__Oscillospiraceae; g__UCG-005; s__metagenome	0.973859291810618
7a039b7df52a54e5dbbb0f62837bb312	d__Bacteria; p__Firmicutes; c__Clostridia; o__Christensenellales; f__Christensenellaceae; g__Christensenellaceae; s__Christensenella_sp.	0.9120591334831285
999c28d30c972861ed67b86924dd4d70	d__Bacteria; p__Firmicutes; c__Clostridia; o__Oscillospirales; f__Ruminococcaceae	0.971837945095789
c5fb76e2e2de9500a6d1ff5f3d66eefc	d__Bacteria; p__Bacteroidota; c__Bacteroidia; o__Bacteroidales; f__Tannerellaceae; g__Parabacteroides	0.9999993146202655
8d924e2b929c4f27aacc028335260bc6	d__Bacteria; p__Firmicutes; c__Clostridia; o__Lachnospirales; f__Lachnospiraceae; g__Coprococcus; s__Coprococcus_comes	0.7066167968676107
bfa183d2b868220413c1489b616b3b95	d__Bacteria; p__Firmicutes; c__Clostridia; o__Lachnospirales; f__Lachnospiraceae; g__Dorea; s__uncultured_bacterium	0.7349037269483603
017e3a4649a4c29b831e0296ef7994ff	d__Bacteria; p__Proteobacteria; c__Gammaproteobacteria; o__Burkholderiales; f__Comamonadaceae	0.9999666012162023
8aeb53846546710276bb37d1d2a777e4	d__Bacteria; p__Cyanobacteria; c__Cyanobacteriia; o__Chloroplast; f__Chloroplast; g__Chloroplast	1.0000000000000004
887683049ba37a7865f231820602b232	d__Bacteria; p__Actinobacteriota; c__Actinobacteria; o__Micrococcales; f__Micrococcaceae; g__Rothia	0.9999889319020507
8ec6b101107af0a8a5d8ecfcfff27acc	d__Bacteria; p__Firmicutes; c__Clostridia; o__Oscillospirales; f__Ruminococcaceae; g__Negativibacillus; s__uncultured_bacterium	0.9747024675475995
1f6d4841d909836e8923aefab27e3603	d__Bacteria; p__Firmicutes; c__Clostridia; o__Peptostreptococcales-Tissierellales; f__Anaerovoracaceae; g__[Eubacterium]_brachy_group; s__uncultured_organism	0.8058905814942665
94170a4f083fc3d43c97e76ade0635f3	d__Bacteria; p__Desulfobacterota; c__Desulfovibrionia; o__Desulfovibrionales; f__Desulfovibrionaceae; g__Desulfovibrio; s__Desulfovibrio_desulfuricans	0.8555885037759255
f892eef1417066f03b2a5344c1bfcc20	d__Bacteria; p__Bacteroidota; c__Bacteroidia; o__Bacteroidales; f__Prevotellaceae; g__Paraprevotella; s__uncultured_bacterium	0.7018322336775854
f7f635d3726228e6c54f9c9c1469936f	d__Bacteria; p__Firmicutes; c__Clostridia; o__Oscillospirales; f__Oscillospiraceae; g__UCG-005; s__uncultured_organism	0.9524152975419597
611f22c4148835b3347e113a625e4b3f	d__Bacteria; p__Actinobacteriota; c__Actinobacteria; o__Corynebacteriales; f__Corynebacteriaceae; g__Lawsonella	0.9999999955795928
de133e56fa0b78624d2024d3ea8645ad	d__Bacteria; p__Actinobacteriota; c__Coriobacteriia; o__Coriobacteriales; f__Coriobacteriaceae; g__Collinsella; s__[Collinsella]_massiliensis	0.8381893129404725
401f10e530b927a20e4e682d1f6e00b8	d__Bacteria; p__Firmicutes; c__Clostridia; o__Oscillospirales; f__Ruminococcaceae; g__Ruminococcus	0.9994279677890221
5f0629a0f4b6c4d38601600c304d8d87	d__Bacteria; p__Firmicutes; c__Clostridia; o__Lachnospirales; f__Lachnospiraceae	0.9999999515855817
4dfb4c84c9c950a6471b708383224e10	d__Bacteria; p__Firmicutes; c__Clostridia; o__Clostridia_UCG-014; f__Clostridia_UCG-014; g__Clostridia_UCG-014; s__uncultured_bacterium	0.7578416785704786
cc66ab51ec4d7f1f31c53b1978f6f120	d__Bacteria; p__Firmicutes; c__Clostridia; o__Clostridia_vadinBB60_group; f__Clostridia_vadinBB60_group; g__Clostridia_vadinBB60_group; s__gut_metagenome	0.9970865394158458
0bab6a52e6090ca4d108d43311b7fae2	d__Bacteria; p__Firmicutes; c__Clostridia; o__Christensenellales; f__Christensenellaceae; g__Christensenellaceae_R-7_group	0.9800155513083044
3222925a391fe2b63eabfc2f1b5b9af3	d__Bacteria; p__Firmicutes; c__Clostridia; o__Lachnospirales; f__Lachnospiraceae; g__Lachnospiraceae_NK4A136_group; s__Lachnospiraceae_bacterium	0.7707768186734618
a687f53c72c1cfd36f9126a73173d34a	d__Bacteria; p__Firmicutes; c__Clostridia; o__Lachnospirales; f__Lachnospiraceae; g__Blautia	0.9660403788790228
3b45f766da4e7c4d2c969c97044d6fac	d__Bacteria; p__Actinobacteriota; c__Coriobacteriia; o__Coriobacteriales; f__uncultured; g__uncultured; s__uncultured_bacterium	0.9999547550836381
576362c3698f8aa0684eb10debae1019	d__Bacteria; p__Firmicutes; c__Clostridia; o__Lachnospirales; f__Lachnospiraceae; g__Lachnospiraceae_NK4B4_group; s__uncultured_bacterium	0.9965992396097986
8d089b8cf7a0d2d32f4120b65e0de7b7	d__Bacteria; p__Firmicutes; c__Clostridia; o__Clostridia_UCG-014; f__Clostridia_UCG-014; g__Clostridia_UCG-014; s__uncultured_bacterium	0.8149440946813378
962211b42379d7b86b24ad4ef930e1d2	d__Bacteria; p__Firmicutes; c__Clostridia; o__Lachnospirales; f__Lachnospiraceae; g__Catenibacillus; s__Catenibacillus_scindens	0.7425422696543759
a80fdd0534320ff938712582ec0b34f0	d__Bacteria; p__Firmicutes; c__Clostridia; o__Peptococcales; f__Peptococcaceae; g__uncultured	0.9999922101838059
18ae37081afbf688e86f70f9c3793bbc	d__Bacteria; p__Bacteroidota; c__Bacteroidia; o__Bacteroidales; f__Bacteroidaceae; g__Bacteroides	0.9999982757194862
8c71bd0554d5516bf60e490961e1aea1	d__Bacteria; p__Firmicutes; c__Clostridia; o__Lachnospirales; f__Lachnospiraceae; g__[Ruminococcus]_gauvreauii_group; s__uncultured_bacterium	0.8432904600571774
0f2760e84a45f4054ab0353102d6a82f	d__Bacteria; p__Bacteroidota; c__Bacteroidia; o__Bacteroidales; f__Rikenellaceae; g__Alistipes; s__Bacteroides_sp.	0.9793956518788962
7245e99e9cd2910e3d04cf2326cd4bf6	d__Bacteria; p__Firmicutes; c__Bacilli; o__RF39; f__RF39; g__RF39; s__uncultured_bacterium	0.9643098182041814
ec03b496d8197238adbf1888b0ddd44c	d__Bacteria; p__Firmicutes; c__Clostridia; o__Christensenellales; f__Christensenellaceae; g__uncultured; s__uncultured_bacterium	0.9952086047557179
d9edfe40997a6da1040fecb878feb158	d__Bacteria; p__Firmicutes; c__Clostridia; o__Peptostreptococcales-Tissierellales; f__Peptostreptococcales-Tissierellales; g__Fenollaria	0.9999999999934399
2909887dae33613b7f932cf789fc6e2e	d__Bacteria; p__Firmicutes; c__Clostridia; o__Lachnospirales; f__Lachnospiraceae; g__uncultured; s__uncultured_Eubacterium	0.9993585880266418
f8a4351d20a1c76979b8266888d55bb2	d__Bacteria; p__Firmicutes; c__Clostridia; o__Lachnospirales; f__Lachnospiraceae; g__uncultured	0.9118537486108179
05c1b56fad72cea85cd27f4a6a18f1e7	d__Bacteria; p__Proteobacteria; c__Alphaproteobacteria; o__Rhodospirillales; f__uncultured; g__uncultured	0.9999994951388158
a96e9eba9fe6d3cd7afae0f6cfdad865	d__Bacteria; p__Firmicutes; c__Clostridia; o__Peptostreptococcales-Tissierellales; f__Peptostreptococcaceae; g__Romboutsia	0.9738630891602624
562ff13018c1660a215ad59d6cdfa66d	d__Bacteria; p__Bacteroidota; c__Bacteroidia; o__Bacteroidales; f__Bacteroidaceae; g__Bacteroides; s__Bacteroides_nordii	0.7447554294722692
80908f41949b1c1de55221d4db1ef686	d__Bacteria; p__Firmicutes; c__Clostridia; o__Lachnospirales; f__Lachnospiraceae	0.9999963056890715
6c1803a205939daebdc6f51ca7ac956d	d__Bacteria; p__Firmicutes; c__Clostridia; o__Oscillospirales; f__Ruminococcaceae; g__UBA1819	0.8736922280222866
c2d41dc0a7b8eaedcf4697512aee4427	d__Bacteria; p__Firmicutes; c__Bacilli; o__Staphylococcales; f__Staphylococcaceae; g__Staphylococcus	0.9994972789351981
c4cd43e333cacf1749f323d37c9cdbf0	d__Bacteria; p__Firmicutes; c__Clostridia; o__Christensenellales; f__Christensenellaceae; g__Christensenellaceae_R-7_group	0.953002030347737
b282bc9d65e38365601e1b6e90635efa	d__Bacteria; p__Firmicutes; c__Clostridia; o__Peptostreptococcales-Tissierellales; f__Anaerovoracaceae; g__Family_XIII_AD3011_group; s__uncultured_organism	0.8895576294774604
cedb8a6eecc1d9cccf69acdd42759bc4	d__Bacteria; p__Bacteroidota; c__SJA-28; o__SJA-28; f__SJA-28; g__SJA-28; s__uncultured_Bacteroidetes	0.9012907261459344
5b26670519234dd77c76a46107d5a6e8	d__Bacteria; p__Firmicutes; c__Clostridia; o__Lachnospirales; f__Lachnospiraceae; g__uncultured; s__metagenome	0.8381264682196762
62543bae246cbebc59e53fec3eecb808	d__Bacteria; p__Firmicutes; c__Clostridia; o__Peptostreptococcales-Tissierellales; f__Anaerovoracaceae; g__[Eubacterium]_brachy_group; s__uncultured_organism	0.9695798737001995
d82dad964738bc5f005f22bb417de730	d__Bacteria; p__Firmicutes; c__Clostridia; o__Oscillospirales; f__Ruminococcaceae; g__Subdoligranulum	0.9998239199681457
6161270cf398c44770205fbe1c4e62c9	d__Bacteria; p__Firmicutes; c__Clostridia; o__Oscillospirales; f__Ruminococcaceae; g__Incertae_Sedis; s__uncultured_bacterium	0.989944960289217
6dad28c14f741314b88f90d491142e2d	d__Bacteria; p__Firmicutes; c__Clostridia; o__Lachnospirales; f__Lachnospiraceae; g__Lachnospiraceae_UCG-001	0.8406648711271114
98234758c3ff7a6a9ea61162afa84ba4	d__Bacteria; p__Bacteroidota; c__Bacteroidia; o__Bacteroidales; f__Bacteroidaceae; g__Bacteroides; s__Bacteroides_sartorii	0.9909650625053478
06cdcc0b24a648a68a9b989a239b758b	d__Bacteria; p__Firmicutes; c__Clostridia; o__Peptostreptococcales-Tissierellales; f__Anaerovoracaceae; g__Family_XIII_AD3011_group; s__uncultured_bacterium	0.9483557182413287
3b41b6348357b0cdb38bd031c6fe27cd	d__Bacteria; p__Firmicutes; c__Clostridia; o__Oscillospirales; f__UCG-010; g__UCG-010	0.9999998102193245
d8c0ed876fb089ed180037efd1001fc2	d__Bacteria; p__Actinobacteriota; c__Coriobacteriia; o__Coriobacteriales; f__Eggerthellaceae; g__Gordonibacter; s__Gordonibacter_urolithinfaciens	0.9984512040319007
808b38703653099822e0388fabff5fa1	d__Bacteria; p__Proteobacteria; c__Alphaproteobacteria; o__SAR11_clade; f__Clade_III; g__Clade_III	0.9999999999999704
e2ac29f8101f44505106cfac46e21989	d__Bacteria; p__Firmicutes; c__Clostridia; o__Oscillospirales; f__Oscillospiraceae; g__UCG-005	0.9553182098380518
c52b7c118cd7c26a5fed9f8c3a73efbb	d__Bacteria; p__Bacteroidota; c__Bacteroidia; o__Bacteroidales; f__Rikenellaceae; g__Rikenellaceae_RC9_gut_group; s__uncultured_bacterium	0.9976994202451147
d3f2a088f16c07b03415d5441847d782	d__Bacteria; p__Firmicutes; c__Clostridia; o__Oscillospirales; f__UCG-010; g__UCG-010	0.8620593581176127
b1f08259d6c80f5aa020bdcd37c5ee56	d__Bacteria; p__Firmicutes; c__Clostridia; o__Oscillospirales; f__Ruminococcaceae; g__Subdoligranulum	0.8645118751116866
7f0f08439ae149d612d2e938b459953c	d__Bacteria; p__Firmicutes; c__Clostridia; o__Oscillospirales; f__Ruminococcaceae; g__uncultured; s__uncultured_bacterium	0.9514015845258413
cffec0182c7748fc6281d8c7719b8906	d__Bacteria; p__Firmicutes; c__Clostridia; o__Lachnospirales; f__Lachnospiraceae; g__Moryella; s__human_gut	0.9764343613773783
472fff2f7f123f23dee525f98524fd0c	d__Bacteria; p__Firmicutes; c__Clostridia; o__Christensenellales; f__Christensenellaceae; g__uncultured; s__uncultured_bacterium	0.99553962945801
2f28d1649120cfa91122687cb1b9f0f4	d__Bacteria; p__Firmicutes; c__Clostridia; o__Oscillospirales; f__Butyricicoccaceae; g__UCG-009	0.9999849523043832
263d7748bdf4fcbf765ac50567177639	d__Bacteria; p__Firmicutes; c__Bacilli; o__Erysipelotrichales; f__Erysipelotrichaceae; g__Solobacterium; s__Solobacterium_moorei	0.9682770266020289
6d9432cf23d81394283f9fd3df7575d9	d__Bacteria; p__Firmicutes; c__Clostridia; o__Lachnospirales; f__Lachnospiraceae; g__Dorea; s__Dorea_formicigenerans	0.7396945382817242
a1d3e256ba4adaa2a3b2efb275ba2766	d__Bacteria; p__Firmicutes; c__Clostridia; o__Lachnospirales; f__Lachnospiraceae; g__Tyzzerella; s__unidentified	0.9978819151425475
cdacece7ec21ee62d806efdb10c10d30	d__Bacteria; p__Proteobacteria; c__Gammaproteobacteria; o__Xanthomonadales; f__Xanthomonadaceae; g__Stenotrophomonas	0.9999949806908186
3c1ea9842554ffd2b2da9885a8b72999	d__Bacteria; p__Proteobacteria; c__Gammaproteobacteria; o__Pseudomonadales; f__Moraxellaceae; g__Acinetobacter	0.999999993122734
6bff613af7f7cee6d7318a2a5f475caa	d__Bacteria; p__Firmicutes; c__Clostridia; o__Monoglobales; f__Monoglobaceae; g__Monoglobus	0.9666153395574942
484aaaf703fb1d327825dd63606086b1	d__Bacteria; p__Firmicutes; c__Clostridia; o__Oscillospirales; f__Ruminococcaceae; g__Incertae_Sedis; s__uncultured_organism	0.8146808808247457
73222207c9aa1ada3b05d5f5efa4eec0	d__Bacteria; p__Actinobacteriota; c__Actinobacteria; o__Bifidobacteriales; f__Bifidobacteriaceae; g__Alloscardovia; s__Alloscardovia_omnicolens	0.9991870740384824
4d0f24ba9b4df53d635a4052c697afe4	d__Bacteria; p__Firmicutes; c__Clostridia; o__Clostridiales; f__Clostridiaceae; g__Sarcina	0.9990502348121695
0292c2cccd07ad7b75580650e05a20d6	d__Bacteria; p__Actinobacteriota; c__Coriobacteriia; o__Coriobacteriales; f__Eggerthellaceae; g__Parvibacter; s__uncultured_bacterium	0.9924996311929828
3c9477d25db03f467fdc728364da8dfa	d__Bacteria; p__Firmicutes; c__Clostridia; o__Monoglobales; f__Monoglobaceae; g__Monoglobus; s__uncultured_bacterium	0.9080860362725455
169e8d7877af9ce83736e50bba4af417	d__Bacteria; p__Firmicutes; c__Clostridia; o__Lachnospirales; f__Lachnospiraceae; g__uncultured; s__uncultured_Eubacterium	0.9965530300151761
5fc7d318035f6ac70f3effe99cfa47a0	d__Bacteria; p__Firmicutes; c__Clostridia; o__Oscillospirales; f__Ruminococcaceae; g__Faecalibacterium; s__metagenome	0.8988639674801421
22b7c5ff311e061a02e2d448bedf5143	d__Bacteria; p__Firmicutes; c__Clostridia; o__Peptostreptococcales-Tissierellales; f__Anaerovoracaceae; g__Family_XIII_UCG-001; s__uncultured_bacterium	0.9997565076045586
6466aa53adc18d74c66bfebb47d6c1fb	d__Bacteria; p__Firmicutes; c__Bacilli; o__Bacillales; f__Planococcaceae	0.7001867029813109
64416f08dd433bc0ffda8e655e8f7423	d__Bacteria; p__Firmicutes; c__Bacilli; o__Bacillales; f__Planococcaceae; g__Bhargavaea	0.8808097349094609
3eb9877d630f5b60c866ef84d00c4496	d__Bacteria; p__Firmicutes; c__Clostridia; o__Lachnospirales; f__Lachnospiraceae; g__Anaerostipes	0.9999998460651504
127767a31363de02134191cf40bfbcea	d__Bacteria; p__Firmicutes; c__Clostridia; o__Lachnospirales; f__Lachnospiraceae	0.9999999315632819
a439ea976bb190a6d056214f3350e660	d__Bacteria; p__Firmicutes; c__Clostridia; o__Peptostreptococcales-Tissierellales; f__Anaerovoracaceae; g__Family_XIII_AD3011_group	0.9836954458418562
4b54ca7238f26d9f9d98dc059bbf4ae1	d__Bacteria; p__Cyanobacteria; c__Cyanobacteriia; o__Chloroplast; f__Chloroplast; g__Chloroplast	0.9999999999999962
e018dc5a4a22bc74c128aa045b1bc72a	d__Bacteria; p__Bacteroidota; c__Bacteroidia; o__Bacteroidales; f__Prevotellaceae; g__Prevotella	0.9999998329172018
66dd8a666224f8638a78fee4e5655695	d__Bacteria; p__Firmicutes; c__Clostridia; o__Oscillospirales; f__Oscillospiraceae; g__UCG-005	0.9999278545650221
947f633c5d19a6cfbe6ce385a843ccfc	d__Bacteria; p__Proteobacteria; c__Gammaproteobacteria; o__Pseudomonadales; f__Pseudomonadaceae; g__Pseudomonas	0.9987092326882829
65235d7a74ee7b4c4f3250f1ccca6902	d__Bacteria; p__Firmicutes; c__Clostridia; o__Clostridia_UCG-014; f__Clostridia_UCG-014; g__Clostridia_UCG-014	0.9999999968194089
27c7a691a2104a42c69b043c6d717221	d__Bacteria; p__Actinobacteriota; c__Coriobacteriia; o__Coriobacteriales; f__Eggerthellaceae	0.9999980954295384
7ff512b542c778e7c6271bffb6b1184d	d__Bacteria; p__Firmicutes; c__Clostridia; o__Oscillospirales; f__Ruminococcaceae; g__Paludicola; s__uncultured_bacterium	0.790584790260204
a8d7bdaee5ef6e60544b14c9998fe1dc	d__Bacteria; p__Firmicutes; c__Clostridia; o__Christensenellales; f__Christensenellaceae; g__Christensenellaceae_R-7_group; s__bacterium_YE57	0.9990472916592396
4d71e695875c81a4edd8aeeeba672268	d__Bacteria; p__Firmicutes; c__Clostridia; o__Peptostreptococcales-Tissierellales; f__Anaerovoracaceae; g__[Eubacterium]_brachy_group; s__uncultured_bacterium	0.9999984120970953
fbfefcf353178049e1c907081ee6cfb0	d__Bacteria; p__Firmicutes; c__Clostridia; o__Oscillospirales; f__Ruminococcaceae	0.9999998910044066
b8131570ad29231979f46df3359899a0	d__Bacteria; p__Bacteroidota; c__Bacteroidia; o__Bacteroidales; f__Rikenellaceae; g__Alistipes	0.9999999999998058
cfa8bded3eca2bf685c041c7fa5551c5	d__Bacteria; p__Firmicutes; c__Clostridia; o__Lachnospirales; f__Lachnospiraceae; g__Anaerostipes	0.999999643894475
308090a2e892dc0bf177a9ba984f58e2	d__Bacteria; p__Firmicutes; c__Clostridia; o__Oscillospirales; f__Ruminococcaceae; g__uncultured; s__uncultured_organism	0.7945977317528268
aab9f02b912e385f7032a1848a1fe864	d__Bacteria; p__Firmicutes; c__Clostridia; o__Christensenellales; f__Christensenellaceae; g__Christensenellaceae_R-7_group; s__gut_metagenome	0.989648854239598
d6f48a63f99934dbb271dd31c701204e	d__Bacteria; p__Actinobacteriota; c__Actinobacteria; o__Frankiales; f__Sporichthyaceae; g__hgcI_clade	0.9999556883050433
4aebd70029177608443dfcc469874bbb	d__Bacteria; p__Firmicutes; c__Bacilli; o__Erysipelotrichales; f__Erysipelotrichaceae; g__Erysipelotrichaceae; s__Faecalitalea_sp.	0.9997802580562888
9e5a71cd60ae647d10882c71d8d6ead0	d__Bacteria; p__Firmicutes; c__Clostridia; o__Lachnospirales; f__Lachnospiraceae	0.9999999919545259
c6417e92f011b5d839673906726570ca	d__Bacteria; p__Firmicutes; c__Clostridia; o__Oscillospirales; f__Ruminococcaceae; g__uncultured	0.8466467574244771
39af72170807777d87b7ba71d3808cca	d__Bacteria; p__Firmicutes; c__Bacilli; o__Bacillales; f__Bacillaceae; g__Cerasibacillus	0.9996992785442896
5e62fdd0b8ab3db99e69c0e7ac28672d	d__Bacteria; p__Firmicutes; c__Clostridia; o__Christensenellales; f__Christensenellaceae; g__Christensenellaceae_R-7_group; s__uncultured_Clostridia	0.9981325493288773
b2a61052fb2c0aa8e165a0e890d8d0eb	d__Bacteria; p__Firmicutes; c__Clostridia; o__Oscillospirales; f__Oscillospiraceae; g__uncultured; s__unidentified	0.917514212472427
214948323aa99a61d7af08df512977f9	d__Bacteria; p__Firmicutes; c__Clostridia; o__Lachnospirales; f__Lachnospiraceae; g__uncultured; s__uncultured_Eubacterium	0.998795398007889
e167a976b009d635ddeed64a8a0070ca	d__Bacteria; p__Firmicutes; c__Clostridia; o__Christensenellales; f__Christensenellaceae; g__Christensenellaceae_R-7_group	0.9797636498309291
345a841de9665e9f83f418549e4a2c53	d__Bacteria; p__Firmicutes; c__Bacilli; o__Erysipelotrichales; f__Erysipelotrichaceae; g__[Clostridium]_innocuum_group; s__uncultured_organism	0.7467036713992863
f0e8e733d83c8a3b40b67a970ee36a6f	d__Bacteria; p__Firmicutes; c__Bacilli; o__Lactobacillales; f__Streptococcaceae; g__Streptococcus	0.9999893749183129
9cb0bad55117ffad90cc467036f772b2	d__Bacteria; p__Proteobacteria; c__Alphaproteobacteria; o__Rickettsiales; f__Mitochondria; g__Mitochondria	0.9999938316846899
9b2ba33204cdd4490460a3a165c3353e	Unassigned	0.6983021813944561
24a55bae2dee5f7379476233462b083a	d__Bacteria; p__Firmicutes; c__Clostridia; o__Oscillospirales; f__Ruminococcaceae; g__Ruminococcus	0.7939682867591706
037b65228ad4dbaf494137c7cc8edc57	d__Bacteria; p__Firmicutes; c__Clostridia; o__Oscillospirales; f__Ruminococcaceae; g__Paludicola; s__Ruminococcaceae_bacterium	0.8373758700274075
5dd4361d78426c9658d1b05fcaa8c2ff	d__Bacteria; p__Firmicutes; c__Clostridia; o__Peptostreptococcales-Tissierellales; f__Anaerovoracaceae; g__Family_XIII_AD3011_group	0.9629159319021122
3b9057f98b210966a9233220ca3766b2	d__Bacteria; p__Firmicutes; c__Clostridia; o__Christensenellales; f__Christensenellaceae; g__Christensenellaceae_R-7_group; s__bacterium_YE57	0.9640704727226996
4cc2b74af1030a213b9b3d174ffd751f	d__Bacteria; p__Firmicutes; c__Clostridia; o__Peptostreptococcales-Tissierellales; f__Anaerovoracaceae; g__Family_XIII_AD3011_group; s__uncultured_bacterium	0.7720873977632493
4619a42b5a9c4fc00a8a23012772872a	d__Bacteria; p__Firmicutes; c__Clostridia; o__Lachnospirales; f__Lachnospiraceae; g__Roseburia	0.7157492741235695
14e17db5e320a328caf7b1a40f524e4e	d__Bacteria; p__Firmicutes; c__Bacilli; o__Lactobacillales; f__Lactobacillaceae; g__Lactobacillus	0.9996742670222609
28be4efd4b8fa6cba8d50d2579c6641b	d__Bacteria; p__Firmicutes; c__Clostridia; o__Lachnospirales; f__Lachnospiraceae; g__Lachnospiraceae_NK4A136_group	0.9938628056159726
cdbc432b8e3b00ef769a0530f07b01e0	d__Bacteria; p__Actinobacteriota; c__Coriobacteriia; o__Coriobacteriales; f__Eggerthellaceae; g__Eggerthella	0.999999925231233
b40f1e235a67afed021046a76db85962	d__Bacteria; p__Bacteroidota; c__Bacteroidia; o__Chitinophagales; f__Chitinophagaceae	0.8899102575793663
4976ee817409d0798910de514c3879a5	d__Bacteria; p__Bacteroidota; c__Bacteroidia; o__Bacteroidales; f__Prevotellaceae; g__Prevotella; s__human_gut	0.9783658005772489
115a195a25fe81bd6488ea34e2f7df4c	d__Bacteria; p__Bacteroidota; c__Bacteroidia; o__Bacteroidales; f__Prevotellaceae; g__Prevotella; s__gut_metagenome	0.9037660066681208
c17d841c809d3f538038f01c84355464	d__Bacteria; p__Firmicutes; c__Clostridia; o__Christensenellales; f__Christensenellaceae; g__uncultured	0.8481907074493931
469ef4fc5d2f4dc7ba6c532ee33474fe	d__Bacteria; p__Firmicutes; c__Clostridia; o__Clostridiales; f__Clostridiaceae; g__Clostridium_sensu_stricto_13	0.9994012574611303
022873ecda36a73e327aaa0c38afff88	d__Bacteria; p__Firmicutes; c__Clostridia; o__Peptostreptococcales-Tissierellales; f__Peptostreptococcales-Tissierellales; g__Peptoniphilus	0.9999999999999758
6031f185f44cfbf12cc3ee97ef85a126	d__Bacteria; p__Firmicutes; c__Clostridia; o__Oscillospirales; f__UCG-010; g__UCG-010; s__uncultured_bacterium	0.7551945473946898
a519ed07ff03302ce06ce9473ce9d021	d__Bacteria; p__Firmicutes; c__Clostridia; o__Oscillospirales; f__[Clostridium]_methylpentosum_group; g__[Clostridium]_methylpentosum_group; s__uncultured_organism	0.7437353205910837
f0ae5be9593570f3af29166fc6368db1	d__Bacteria; p__Firmicutes; c__Clostridia; o__Oscillospirales; f__Ruminococcaceae; g__uncultured; s__uncultured_rumen	0.9471527442465943
d7d127e3fa2579ebd2a73691c05bfe8a	d__Bacteria; p__Firmicutes; c__Clostridia; o__Lachnospirales; f__Lachnospiraceae; g__Lachnospiraceae_NK4A136_group	0.9790242517134295
d1585015aae81c136d87efe837462b45	d__Bacteria; p__Cyanobacteria; c__Vampirivibrionia; o__Gastranaerophilales; f__Gastranaerophilales; g__Gastranaerophilales; s__uncultured_bacterium	0.9739234790323408
a39047a7ca8a3d596d4f593e9b6c870a	d__Bacteria; p__Firmicutes; c__Clostridia; o__Clostridiales; f__Clostridiaceae; g__Clostridium_sensu_stricto_1	0.9999603465458694
1a07d9fcbcf58b57ab09900836f046f1	d__Bacteria; p__Firmicutes; c__Clostridia; o__Lachnospirales; f__Lachnospiraceae; g__Lachnospiraceae_UCG-001; s__uncultured_Lachnospiraceae	0.950389417036936
63ecc3e768860d550f62ddd3abc7f091	d__Bacteria; p__Firmicutes; c__Clostridia; o__Christensenellales; f__Christensenellaceae; g__Christensenellaceae_R-7_group	0.9515742930231008
796add144d27a3cfde66b73d15ecd79c	d__Bacteria; p__Actinobacteriota; c__Coriobacteriia; o__Coriobacteriales; f__Atopobiaceae; g__Atopobium; s__uncultured_bacterium	0.7938636403722006
837631f9f8a812caceba56077543495a	d__Bacteria; p__Firmicutes; c__Clostridia; o__Oscillospirales	0.9993472389802646
ac2070ab52a55adf1c6103c14908c60d	d__Bacteria; p__Firmicutes; c__Clostridia; o__Christensenellales; f__Christensenellaceae	0.7776902583063183
4f3644f1db04b5d38e53dd6333bcdb0c	d__Bacteria; p__Firmicutes; c__Clostridia; o__Lachnospirales; f__Lachnospiraceae	0.9999987325571316
2b39bb2c3ce5ca79b1138301136419b7	d__Bacteria; p__Firmicutes; c__Clostridia; o__Peptostreptococcales-Tissierellales; f__Anaerovoracaceae; g__Family_XIII_AD3011_group	0.9926289533343811
d9b9107ea6c9b53735665c7c64d24109	d__Bacteria; p__Firmicutes; c__Clostridia; o__Oscillospirales; f__UCG-010; g__UCG-010	0.9567687156721826
5c70a602eb2771c9f3d9775ca18c66ca	d__Bacteria; p__Firmicutes; c__Clostridia; o__Lachnospirales; f__Lachnospiraceae; g__uncultured; s__butyrate-producing_bacterium	0.9984743476436343
accf7baf381ab2c4a3d76a6ac15e8898	d__Bacteria; p__Actinobacteriota; c__Coriobacteriia; o__Coriobacteriales; f__Coriobacteriales_Incertae_Sedis; g__Raoultibacter	0.9999974190190669
7aa1c56fa7611d74b617e60849806d31	d__Bacteria; p__Firmicutes; c__Clostridia; o__Christensenellales; f__Christensenellaceae; g__Christensenellaceae_R-7_group	0.9782709479005964
7c33709d1aa34a1bab50e1132e34bbb4	d__Bacteria; p__Firmicutes; c__Clostridia; o__Oscillospirales; f__Ruminococcaceae; g__Incertae_Sedis; s__[Clostridium]_leptum	0.9564779907860986
04121ef029439c6a85702fecd7681ab2	d__Bacteria; p__Firmicutes; c__Bacilli; o__RF39; f__RF39; g__RF39	0.9999999718747977
f9b18f53b2acd888fa8c9fdaae3b3707	d__Bacteria; p__Actinobacteriota; c__Rubrobacteria; o__Rubrobacterales; f__Rubrobacteriaceae; g__Rubrobacter; s__uncultured_bacterium	0.728039487140518
b874267248b9c52227080a8e0b6821c3	d__Bacteria; p__Firmicutes; c__Clostridia; o__Peptostreptococcales-Tissierellales; f__Peptostreptococcales-Tissierellales; g__Peptoniphilus	0.9999999999999001
0df18e12e4c2ffcc80a77adc2f6d777c	d__Bacteria; p__Bacteroidota; c__Bacteroidia; o__Bacteroidales; f__Bacteroidaceae; g__Bacteroides	0.9999995133185247
c114d75036f88de1a49b5d29c455d353	d__Bacteria; p__Firmicutes; c__Clostridia; o__Lachnospirales; f__Lachnospiraceae	0.9999832846238035
1ac5775a9d4d5896cc6e988bc72a061e	d__Bacteria; p__Firmicutes; c__Clostridia; o__Clostridiales; f__Clostridiaceae; g__Clostridium_sensu_stricto_7	0.9999993573128227
edb76ab73d7597fc184ba2c9b0663006	d__Bacteria; p__Firmicutes; c__Clostridia; o__Oscillospirales; f__Ruminococcaceae; g__Fournierella; s__uncultured_organism	0.9836474109659721
54c058140b44120786e7d83dc9c8305e	d__Bacteria; p__Firmicutes; c__Clostridia; o__Oscillospirales; f__Ruminococcaceae; g__Faecalibacterium	0.9948079946903255
ac5d274f594de8d8d9e79393c48bd280	d__Bacteria; p__Firmicutes; c__Clostridia; o__Oscillospirales; f__Ruminococcaceae; g__Faecalibacterium	0.9828058155946884
7467ab30fe86eab74a0f61d1d35999db	d__Bacteria; p__Firmicutes; c__Clostridia; o__Oscillospirales; f__UCG-010; g__UCG-010	0.9114365860707971
49b9f0d0791772fde8644ee074e4aae3	d__Bacteria; p__Firmicutes; c__Clostridia; o__Oscillospirales; f__Ruminococcaceae; g__uncultured; s__human_gut	0.8723164180862242
fc1a64721dd7cc12d6e71bef317bb9ac	d__Bacteria; p__Firmicutes; c__Clostridia; o__Oscillospirales; f__Ruminococcaceae; g__Fournierella; s__uncultured_bacterium	0.9998978413994802
6c31f22c1ab3ace80e61abd22bdb1a79	d__Bacteria; p__Firmicutes; c__Clostridia; o__Oscillospirales; f__Oscillospiraceae; g__uncultured; s__uncultured_rumen	0.84640481649241
cc7505281d68c5343ce8687399c204d4	d__Bacteria; p__Firmicutes; c__Clostridia; o__Oscillospirales; f__Oscillospiraceae; g__UCG-003	0.9992871675139573
92493e39a937604dc04096d05310f59e	d__Bacteria; p__Firmicutes; c__Bacilli; o__Bacillales; f__Bacillaceae	0.980632882867133
036ef6af418315ba110f6af0a9646eca	d__Bacteria; p__Firmicutes; c__Clostridia; o__Peptostreptococcales-Tissierellales; f__Peptostreptococcaceae; g__Romboutsia; s__Romboutsia_hominis	0.9165910713605006
2bcdf84838298a2a74ebf5533a5e3d1b	d__Bacteria; p__Proteobacteria; c__Gammaproteobacteria; o__Burkholderiales; f__Oxalobacteraceae	0.9999652138113009
d238ffecf451c77bafa10dc586229686	d__Bacteria; p__Firmicutes; c__Clostridia; o__Oscillospirales; f__UCG-010; g__UCG-010; s__uncultured_bacterium	0.8873092233956037
07b97501298ce9b5f8dcb39f021b9fa5	d__Bacteria; p__Firmicutes; c__Bacilli; o__RF39; f__RF39; g__RF39; s__gut_metagenome	0.9780207094001886
18cbc38d60d6203a024722932f2ecc38	d__Bacteria; p__Firmicutes; c__Clostridia; o__Oscillospirales; f__Ruminococcaceae; g__Ruminococcus; s__Ruminococcus_sp.	0.7438902480997415
865dd0a87f2f1a360c82fa9aa4e97543	d__Bacteria; p__Bacteroidota; c__Bacteroidia; o__Bacteroidales; f__Marinifilaceae; g__Butyricimonas	0.998457496303225
77f66f11d7b7601d1efb3b73228ed0a6	d__Bacteria; p__Firmicutes; c__Clostridia; o__Lachnospirales; f__Lachnospiraceae; g__Anaerostipes	0.9999995333556694
867cd0fdecf5f75bc0e54d29b89c80b5	d__Bacteria; p__Actinobacteriota; c__Actinobacteria; o__Corynebacteriales; f__Corynebacteriaceae; g__Lawsonella	0.9978487576614824
902a2a10d986d836c09b73c9c108f2f8	d__Bacteria; p__Firmicutes; c__Clostridia; o__Oscillospirales; f__Ruminococcaceae; g__Negativibacillus; s__uncultured_bacterium	0.7446369349030003
8cbe920791b019b1ed4bff2b006cf4b2	d__Bacteria; p__Firmicutes; c__Clostridia; o__Oscillospirales; f__Oscillospiraceae; g__NK4A214_group; s__uncultured_rumen	0.7771196584383413
6b385184022f0d79ad72f732581d8641	d__Bacteria; p__Firmicutes; c__Clostridia; o__Oscillospirales; f__Ruminococcaceae; g__Anaerofilum; s__uncultured_bacterium	0.7482241486746805
f5323f2fdbc9c3b9b31e3f6bed5b085b	d__Bacteria; p__Firmicutes; c__Clostridia; o__Lachnospirales; f__Lachnospiraceae; g__Eisenbergiella; s__uncultured_bacterium	0.83136240691723
d16aa3b424a4985ff02395c8c9c18e02	d__Bacteria; p__Firmicutes; c__Clostridia; o__Lachnospirales; f__Lachnospiraceae; g__Lachnospiraceae_UCG-001; s__uncultured_bacterium	0.7630277017888274
540616e8c89a75e5bc78c21e645183ac	d__Bacteria; p__Firmicutes; c__Bacilli; o__RF39; f__RF39; g__RF39; s__uncultured_bacterium	0.9485168998449056
a52d8049cf7281761826c7134f60fae7	d__Bacteria; p__Firmicutes; c__Clostridia; o__Peptostreptococcales-Tissierellales; f__Anaerovoracaceae; g__[Eubacterium]_nodatum_group; s__uncultured_organism	0.9784528343407719
fd203e2f7d89f10e908a686f50ec9b37	d__Bacteria; p__Firmicutes; c__Clostridia; o__Oscillospirales; f__Oscillospiraceae; g__Colidextribacter	0.924017735595383
9068f003e5228d9e15d3492ae36f0e15	d__Bacteria; p__Proteobacteria; c__Gammaproteobacteria; o__Xanthomonadales; f__Xanthomonadaceae; g__Stenotrophomonas	0.999962029230923
58f1a2654162117d2f8bf5e8eb7d5b58	d__Bacteria; p__Firmicutes; c__Clostridia; o__Lachnospirales; f__Lachnospiraceae; g__Lachnoclostridium; s__unidentified	0.9928664283299697
392147b862eb54f8b77a57151ef6c293	d__Bacteria; p__Bacteroidota; c__Bacteroidia; o__Bacteroidales; f__Porphyromonadaceae; g__Porphyromonas; s__Porphyromonas_asaccharolytica	0.9798951729525305
c528889c7b009f932a6672e4a774c7fe	d__Bacteria; p__Firmicutes; c__Clostridia; o__Christensenellales; f__Christensenellaceae; g__Christensenellaceae_R-7_group	0.9999997450482985
a7c01a6da753de50b91e8c2f4b8a68e4	d__Bacteria; p__Firmicutes; c__Clostridia; o__Lachnospirales; f__Lachnospiraceae	0.9999996140620737
387aa5a7e627b28b378871d009022e89	d__Bacteria; p__Firmicutes; c__Clostridia; o__Lachnospirales; f__Lachnospiraceae	0.9999991338824983
1288b1b643c86b7245d85755b10b3902	d__Bacteria; p__Firmicutes; c__Clostridia; o__Lachnospirales; f__Lachnospiraceae; g__Blautia	0.9215564762602647
df6147a34da79a741eba820deddb2ebc	d__Bacteria; p__Bacteroidota; c__Bacteroidia; o__Bacteroidales; f__Bacteroidaceae; g__Bacteroides; s__Bacteroides_nordii	0.9748008666049989
6d30ec1a20d0e0d594db2d422cb87e54	d__Bacteria; p__Firmicutes; c__Clostridia; o__Lachnospirales; f__Lachnospiraceae; g__Lachnospiraceae_NK4A136_group	0.7526807051038351
8430257dbd935787eebfe88f362ec286	d__Bacteria; p__Firmicutes; c__Clostridia; o__Peptostreptococcales-Tissierellales; f__Anaerovoracaceae; g__Family_XIII_UCG-001; s__uncultured_bacterium	0.9843867880152166
dc9e7d430114843d18f9ba50232afc97	d__Bacteria; p__Firmicutes; c__Clostridia; o__Lachnospirales; f__Lachnospiraceae	0.9994118224200191
81c04a196cdebcb8dc2205bae46412df	d__Bacteria; p__Firmicutes; c__Clostridia; o__Oscillospirales; f__Oscillospiraceae; g__UCG-002; s__uncultured_bacterium	0.7508076196918677
846c368d796a2ee1b44ec1cdf608f5bb	d__Bacteria; p__Firmicutes; c__Clostridia; o__Peptostreptococcales-Tissierellales; f__Peptostreptococcaceae; g__Romboutsia	0.9334132306164188
70918ea76330c1cdfcd64f50e1469a0a	d__Bacteria; p__Firmicutes; c__Clostridia; o__Oscillospirales; f__Ruminococcaceae; g__UBA1819	0.9996800588200663
0d946a88cecb5adea4cbac79dbef0c77	d__Bacteria; p__Desulfobacterota; c__Desulfovibrionia; o__Desulfovibrionales; f__Desulfovibrionaceae; g__uncultured; s__uncultured_Desulfovibrionaceae	0.7579625639703549
ff3493cd9181812735efe03a39f15336	d__Bacteria; p__Firmicutes; c__Clostridia; o__Christensenellales; f__Christensenellaceae; g__Christensenellaceae_R-7_group	0.9984739175000378
a48e868ef4a7cd1afb4488b38dd3275b	d__Bacteria; p__Firmicutes; c__Clostridia; o__Lachnospirales; f__Lachnospiraceae; g__[Ruminococcus]_torques_group; s__uncultured_organism	0.817059794336904
89ee1510739f761acd91c1c7cfe4ee0e	d__Bacteria; p__Firmicutes; c__Clostridia; o__Oscillospirales; f__[Clostridium]_methylpentosum_group; g__[Clostridium]_methylpentosum_group	0.8509223206909646
0e1696a363f7ee670d6584a5012653a1	d__Bacteria; p__Firmicutes; c__Clostridia; o__Oscillospirales; f__Ruminococcaceae; g__uncultured; s__uncultured_bacterium	0.7019995251413499
0ff8094463555598b1b6fc64be785cea	d__Bacteria; p__Firmicutes; c__Clostridia; o__Oscillospirales; f__Oscillospiraceae; g__UCG-007; s__uncultured_bacterium	0.8682534616497035
38defcef18bc977f29652969f0129dcc	d__Bacteria; p__Firmicutes; c__Clostridia; o__Lachnospirales; f__Lachnospiraceae; g__Shuttleworthia; s__uncultured_bacterium	0.8883033569021149
144c9e5d206ed0454a2116dd4243f5ed	d__Bacteria; p__Firmicutes; c__Bacilli; o__Erysipelotrichales; f__Erysipelotrichaceae; g__Faecalitalea	0.9999442374023371
5a128ec9955da80aed83dfff800896c3	d__Bacteria; p__Firmicutes; c__Clostridia; o__Lachnospirales; f__Lachnospiraceae; g__Eisenbergiella	0.9999560705688835
a46d626228e6754bd4ccbd9d772511e8	d__Bacteria; p__Firmicutes; c__Clostridia; o__Lachnospirales; f__Lachnospiraceae; g__Lachnospiraceae_NK4A136_group; s__uncultured_organism	0.9750153536562876
9c79650ac247ce3cdc9044de131c9638	d__Bacteria; p__Cyanobacteria; c__Cyanobacteriia; o__Chloroplast; f__Chloroplast; g__Chloroplast; s__Bryum_argenteum	0.8960015917741717
3f1cae2cabb411e96d1d141f45f0188b	d__Bacteria; p__Firmicutes; c__Bacilli; o__Erysipelotrichales; f__Erysipelotrichaceae; g__[Clostridium]_innocuum_group	0.9999871466148297
ea0e6b7f76733ad4ad2a3e4c49bd3a0c	d__Bacteria; p__Firmicutes; c__Bacilli; o__Erysipelotrichales; f__Erysipelotrichaceae; g__Faecalicoccus; s__Faecalicoccus_pleomorphus	0.9999981389641712
48eeaa441f405382bf8441702e32575c	d__Bacteria; p__Firmicutes; c__Clostridia; o__Lachnospirales; f__Lachnospiraceae	0.9999995620688771
6a977dc03f9db5aa9c5999dfdaa4345f	d__Bacteria; p__Firmicutes; c__Clostridia; o__Lachnospirales; f__Lachnospiraceae; g__[Eubacterium]_ventriosum_group; s__uncultured_Clostridiales	0.8829088542525628
f4f376bbf89bb5f5c656f54308cb4d45	d__Bacteria; p__Firmicutes; c__Clostridia; o__Oscillospirales; f__Butyricicoccaceae; g__Butyricicoccus; s__uncultured_organism	0.7580863501306019
7996a6b27059f15400d5baa961911b09	d__Bacteria; p__Bacteroidota; c__Bacteroidia; o__Bacteroidales; f__Barnesiellaceae; g__Barnesiella	0.9999999987438193
8d2abdf0ac6f7588949bb52c6baef4ad	d__Bacteria; p__Firmicutes; c__Clostridia; o__Oscillospirales; f__Ruminococcaceae; g__UBA1819; s__uncultured_organism	0.8354293438648746
33922e67ea203f3b7bb1b2f6fd75bed4	d__Bacteria; p__Firmicutes; c__Bacilli; o__Bacillales; f__Bacillaceae; g__Bacillus	0.84706060917665
a179a3aea9bdbaac7c8f3bff16bfb494	d__Bacteria; p__Firmicutes; c__Bacilli; o__Lactobacillales; f__Leuconostocaceae; g__Weissella; s__Weissella_paramesenteroides	0.7475800320992564
4d1b70e935a078b38127e80c18162bd9	d__Bacteria; p__Firmicutes; c__Clostridia; o__Oscillospirales; f__Oscillospiraceae; g__UCG-005	0.9998029324513193
4f78939c723d3540471e081964342a8a	d__Bacteria; p__Firmicutes; c__Clostridia; o__Oscillospirales; f__Ruminococcaceae; g__Paludicola; s__Ruminococcaceae_bacterium	0.9972024003533703
f1796e2619fa38020080f22ee06c7431	d__Bacteria; p__Bacteroidota; c__Bacteroidia; o__Bacteroidales; f__Bacteroidaceae; g__Bacteroides	0.9999983785799049
84ba35e25cad06ec254afbeb1140da5e	d__Bacteria; p__Proteobacteria; c__Gammaproteobacteria; o__Burkholderiales; f__Comamonadaceae	0.9999630058214051
175acf0a299d5c0a97fc6cbc1c1aebae	d__Bacteria; p__Firmicutes; c__Clostridia; o__Oscillospirales; f__Ruminococcaceae	0.9999174892201251
bfe49c3afa96293100aa6e19c149da17	d__Bacteria; p__Firmicutes; c__Clostridia; o__Lachnospirales; f__Lachnospiraceae; g__Fusicatenibacter; s__uncultured_bacterium	0.925456332702282
2d38476e02cdd04b7b50b5fffa2d4804	d__Bacteria; p__Firmicutes; c__Bacilli; o__RF39; f__RF39; g__RF39; s__uncultured_Lachnospiraceae	0.7414934556798417
2e345f63cd1e72e396a61b909acec966	d__Bacteria; p__Proteobacteria; c__Gammaproteobacteria; o__Burkholderiales; f__Comamonadaceae; g__Limnohabitans	0.7906420158587116
65bbb8a63d2b85959adaedab51c3687a	d__Bacteria; p__Firmicutes; c__Clostridia; o__Christensenellales; f__Christensenellaceae; g__Christensenellaceae_R-7_group	0.9957245647467174
4e59bbde03f3277c285581fae5cfed2b	d__Bacteria; p__Fusobacteriota; c__Fusobacteriia; o__Fusobacteriales; f__Fusobacteriaceae; g__Fusobacterium; s__Fusobacterium_mortiferum	0.9850391920600026
3bd4dca008835d311f5e29ba8de1acd7	d__Bacteria; p__Firmicutes; c__Clostridia; o__Oscillospirales; f__Oscillospiraceae; g__Oscillibacter; s__uncultured_organism	0.9684699240217951
6bb2c79862b2ad7f3efbb4ae1d4a72a3	d__Bacteria; p__Firmicutes; c__Clostridia; o__Peptostreptococcales-Tissierellales; f__Peptostreptococcales-Tissierellales; g__Parvimonas	0.9999999994510216
385b55adadf761d1b7eacce77937a5a0	d__Bacteria; p__Actinobacteriota; c__Coriobacteriia; o__Coriobacteriales; f__Atopobiaceae; g__uncultured; s__uncultured_bacterium	0.9967393906425148
3057a596124e3442c993a2e57cf12790	d__Bacteria; p__Firmicutes; c__Clostridia; o__Lachnospirales; f__Lachnospiraceae; g__GCA-900066755	0.9978436024675267
a5f278efbe81162403ac1d4be683bff9	d__Bacteria; p__Proteobacteria; c__Alphaproteobacteria; o__Rhizobiales; f__Beijerinckiaceae; g__Microvirga	0.9836540124852554
8c49e5ec37f73a10a728e00b446bc99d	d__Bacteria; p__Bacteroidota; c__Bacteroidia; o__Cytophagales; f__Cytophagaceae; g__Rhodocytophaga; s__uncultured_Bacteroidetes	0.9025736725916877
afd99c7bd6c88ad2ae0a1719d1717cce	d__Bacteria; p__Firmicutes; c__Clostridia; o__Lachnospirales; f__Lachnospiraceae	0.9999909785633949
b99fc43eea7728592ba4d7d4f5762f4c	d__Bacteria; p__Bacteroidota; c__Bacteroidia; o__Bacteroidales; f__Rikenellaceae; g__Alistipes	0.9999997215682944
c55be039e08bde5a8cc707382809cd5f	d__Bacteria; p__Firmicutes; c__Clostridia; o__Peptostreptococcales-Tissierellales; f__Anaerovoracaceae; g__Family_XIII_AD3011_group; s__uncultured_bacterium	0.9690120691133026
26bffbfab77e3e36d2054c1fca5af0db	d__Bacteria; p__Firmicutes; c__Clostridia; o__Christensenellales; f__Christensenellaceae; g__Christensenellaceae_R-7_group	0.9929917766758993
ec77483799b52344af6428d79ab9719c	d__Bacteria; p__Actinobacteriota; c__Actinobacteria; o__Actinomycetales; f__Actinomycetaceae; g__Actinomyces; s__Schaalia_odontolytica	0.9269991132514128
bb06a26a66a89b4f6e754a234c53f1db	d__Bacteria; p__Actinobacteriota; c__Actinobacteria; o__Frankiales; f__Geodermatophilaceae; g__Geodermatophilus	0.9984696201054409
880f7dc7faa40dea706c41f937267e26	d__Bacteria; p__Firmicutes; c__Clostridia; o__Lachnospirales; f__Lachnospiraceae	0.9999990566821433
1ecf778339d10c422406343478275d34	d__Bacteria; p__Bacteroidota; c__Bacteroidia; o__Bacteroidales; f__Prevotellaceae; g__Prevotella; s__Prevotella_corporis	0.9999999430218781
7cb09ba2ae7448e97d952faac8dacbe9	d__Bacteria; p__Firmicutes; c__Clostridia; o__Lachnospirales; f__Lachnospiraceae; g__Sellimonas; s__uncultured_bacterium	0.8829702906973352
dde84bbeca7505cb48bd55964bf58f20	d__Bacteria; p__Firmicutes; c__Clostridia; o__Oscillospirales; f__Oscillospiraceae; g__NK4A214_group	0.9971579435836371
758a5f99aee806aa820d1296db4d9326	d__Bacteria; p__Firmicutes; c__Clostridia; o__Peptostreptococcales-Tissierellales; f__Anaerovoracaceae; g__Family_XIII_UCG-001; s__uncultured_bacterium	0.9794155119434214
697646f319e03f19c8212e39df12c5c4	d__Bacteria; p__Bacteroidota; c__Bacteroidia; o__Flavobacteriales; f__Flavobacteriaceae; g__uncultured; s__gut_metagenome	0.9999999999997727
6c678ae7a0e160ae252ed4e882073a82	d__Bacteria; p__Bacteroidota; c__Bacteroidia	0.9999999977568771
251c3faeea5ce6787e3b72946215d5ac	d__Bacteria; p__Firmicutes; c__Negativicutes; o__Veillonellales-Selenomonadales; f__Veillonellaceae; g__uncultured; s__uncultured_bacterium	0.7290213721366559
ff17c34f780d7710a48d38a3d4a9dbb4	d__Bacteria; p__Firmicutes; c__Clostridia; o__Lachnospirales; f__Lachnospiraceae; g__Marvinbryantia; s__metagenome	0.8724191830794608
183273f63d06ad4762d75674ba86c44d	d__Bacteria; p__Proteobacteria; c__Alphaproteobacteria; o__Rhizobiales; f__Rhizobiales_Incertae_Sedis; g__Phreatobacter; s__uncultured_bacterium	0.758368897987205
94c3e67b71fa6e2ec4e21f1ede2f4f1f	d__Bacteria; p__Actinobacteriota; c__Actinobacteria; o__Micrococcales; f__Micrococcaceae	0.9998294535017938
a597df3299706e4d8cb7191309d5acf6	d__Bacteria; p__Firmicutes; c__Clostridia; o__Oscillospirales; f__UCG-010; g__UCG-010; s__uncultured_bacterium	0.8421034584790134
32e08fcb99657d7c50f0839945b1110a	d__Bacteria; p__Actinobacteriota; c__Actinobacteria; o__Bifidobacteriales; f__Bifidobacteriaceae; g__Gardnerella	0.9999980250852656
1d3c30aee0e7df4aa33cdf4b9f2e37f5	d__Bacteria; p__Firmicutes; c__Clostridia; o__Oscillospirales; f__Oscillospiraceae; g__UCG-002	0.9999937094147671
cc24d78ba6d2583f247415a3fbd6d8c6	d__Bacteria; p__Firmicutes; c__Desulfotomaculia; o__Desulfotomaculales; f__Desulfotomaculales; g__Desulfurispora	0.9875918098694161
d99f14cbc7ac8a87aa735651dd985268	d__Bacteria; p__Firmicutes; c__Clostridia; o__Oscillospirales; f__Oscillospiraceae; g__Colidextribacter	0.999958019025023
75de89b294a94010336e2d1c42039c98	d__Bacteria; p__Firmicutes; c__Clostridia; o__Lachnospirales; f__Lachnospiraceae; g__Lachnoclostridium	0.7196346939604491
6658f31f4b3defccbc037636b27672e0	d__Bacteria; p__Firmicutes; c__Bacilli; o__Lactobacillales; f__Lactobacillaceae; g__Lactobacillus; s__Lactobacillus_iners	0.9998869829230573
eead1e60941d4ae4ef8d3310fe08a67b	d__Bacteria; p__Proteobacteria; c__Gammaproteobacteria; o__Xanthomonadales; f__Xanthomonadaceae; g__Stenotrophomonas	0.9999874140043972
5ac9caf4b1d68c483b7f5f2dcbab5a54	d__Bacteria; p__Firmicutes; c__Clostridia; o__Lachnospirales; f__Lachnospiraceae	0.9999979057128361
3a810b99a872ff07645c2fca2e3e4552	d__Bacteria; p__Proteobacteria; c__Alphaproteobacteria; o__Rhizobiales; f__Beijerinckiaceae; g__Microvirga	0.9999872276085918
4a4070e80af3d3fa3c67e5b14ca6feb1	d__Bacteria; p__Proteobacteria; c__Gammaproteobacteria; o__Aeromonadales; f__Succinivibrionaceae; g__Succinivibrio; s__metagenome	0.9999090433468457
41da88aae909c3d4ba61b81c7d442065	d__Bacteria; p__Firmicutes; c__Clostridia; o__Lachnospirales; f__Lachnospiraceae; g__Marvinbryantia	0.7987786774127518
68c68b438ed519a5ece74fb592b816f3	d__Bacteria; p__Actinobacteriota; c__Actinobacteria; o__Micrococcales; f__Micrococcaceae; g__Rothia; s__Rothia_mucilaginosa	0.9414465074365803
5c626cba918a9c4f44b48a9a03ad185e	d__Bacteria; p__Proteobacteria; c__Alphaproteobacteria; o__Rickettsiales; f__Anaplasmataceae; g__Wolbachia; s__uncultured_Wolbachia	0.943196267993547
6f534ef17930349566042d0fb5cb502e	d__Bacteria; p__Cyanobacteria; c__Cyanobacteriia; o__Cyanobacteriales; f__Nostocaceae; g__uncultured; s__Scytonema_hyalinum	0.9020185082278833
b33edb7d454beb300e04af9b5e18a59e	d__Bacteria; p__Cyanobacteria; c__Cyanobacteriia; o__Chloroplast; f__Chloroplast; g__Chloroplast	0.9999999999991285
97913823b3eefcd0dc4de738dd0f415e	d__Bacteria; p__Verrucomicrobiota; c__Verrucomicrobiae; o__Verrucomicrobiales; f__Rubritaleaceae; g__Luteolibacter	0.9999999954549563
5ecadd51ecd26d66649f00e48cebd610	d__Bacteria; p__Actinobacteriota; c__Coriobacteriia; o__Coriobacteriales; f__Eggerthellaceae; g__Senegalimassilia; s__uncultured_bacterium	0.994912900745794
47be9db01d0df911a4098e9c0b4b80b5	d__Bacteria; p__Firmicutes; c__Clostridia; o__Peptococcales; f__Peptococcaceae; g__Peptococcus; s__uncultured_bacterium	0.9999998267739167
8c46b4d5f0dc0ff30072a9ece0e77cef	d__Bacteria; p__Firmicutes; c__Clostridia	0.9348687190735396
876060ea3300319816b75758d42a4945	d__Bacteria; p__Firmicutes; c__Clostridia; o__Oscillospirales; f__Ruminococcaceae	0.9998553507129568
075c359024beb71b43705f5b4e847af8	d__Bacteria; p__Firmicutes; c__Clostridia; o__Monoglobales; f__Monoglobaceae; g__Monoglobus; s__uncultured_bacterium	0.7153364456720653
d01bde6c5d57cba4358e347eda41c337	d__Bacteria; p__Firmicutes; c__Bacilli; o__RF39; f__RF39; g__RF39	0.9999999904627195
714d851813407bc4155c0a90b77fa680	d__Bacteria; p__Proteobacteria; c__Gammaproteobacteria; o__Burkholderiales; f__Sutterellaceae; g__Sutterella	0.999999683957377
10aebe388b26bb0fc9752a5ab3fc4f48	d__Bacteria; p__Actinobacteriota; c__Coriobacteriia; o__Coriobacteriales; f__Eggerthellaceae; g__Enteroscipio; s__Enteroscipio_rubneri	0.9999850093886047
96317af8de8fedd9e039fb540d305f7d	d__Bacteria; p__Firmicutes; c__Clostridia; o__Oscillospirales; f__Ruminococcaceae; g__uncultured; s__uncultured_bacterium	0.9362739992222272
40f0b654cd4de97769e5f9419a80ba67	d__Bacteria; p__Firmicutes; c__Clostridia; o__Lachnospirales; f__Lachnospiraceae; g__GCA-900066575; s__uncultured_bacterium	0.993750546236069
83471e607d3e767e963cd772406fdcdd	d__Bacteria; p__Firmicutes; c__Clostridia; o__Lachnospirales; f__Lachnospiraceae	0.9999998708144908
17ca24dc28a372d2717e7c072e95e8fd	d__Bacteria; p__Firmicutes; c__Clostridia; o__Lachnospirales; f__Lachnospiraceae; g__[Eubacterium]_hallii_group; s__uncultured_bacterium	0.9379485568053442
7d9ca2561da3f970bb66dae463c211ae	d__Bacteria; p__Actinobacteriota; c__Coriobacteriia; o__Coriobacteriales; f__Eggerthellaceae; g__CHKCI002; s__uncultured_bacterium	0.9999991381949248
df211db391ed3cec2e0368f72aef85c8	d__Bacteria; p__Firmicutes; c__Clostridia; o__Peptococcales; f__Peptococcaceae; g__uncultured; s__unidentified	0.7962146631989039
f4d465d4e2cc918498b25841d6438274	d__Bacteria; p__Firmicutes; c__Clostridia; o__Lachnospirales; f__Lachnospiraceae; g__Lachnospiraceae_UCG-001; s__metagenome	0.8381628701776509
0bf8f3571f968b338ab4c12fe71083f3	d__Bacteria; p__Proteobacteria; c__Gammaproteobacteria; o__Enterobacterales; f__Enterobacteriaceae	0.9803992945424925
ef5084a42dda5b057da7c11b3e2db1f7	d__Bacteria; p__Proteobacteria; c__Alphaproteobacteria; o__Rickettsiales; f__Mitochondria; g__Mitochondria; s__Sclerotinia_borealis	0.7200958105373916
1f49a099a6d886e26ffc43d09e9a8baa	d__Bacteria; p__Proteobacteria; c__Gammaproteobacteria; o__Pasteurellales; f__Pasteurellaceae	0.999999999999592
1c510bf5dc384c69e15599d90b335bf0	d__Bacteria; p__Proteobacteria; c__Alphaproteobacteria; o__Acetobacterales; f__Acetobacteraceae; g__Belnapia	0.8928376209341662
f40dd3dda46189aac1f22a59bd2536c1	d__Bacteria; p__Firmicutes; c__Clostridia; o__Lachnospirales; f__Lachnospiraceae	0.9998648982371698
e49bf2b7280307917e816277aff3be8a	d__Bacteria; p__Firmicutes; c__Clostridia; o__Oscillospirales; f__Oscillospiraceae; g__uncultured	0.9883560250563589
89a7ff380257550cc9d30aad69922fa7	d__Bacteria; p__Bacteroidota; c__Bacteroidia; o__Bacteroidales; f__Bacteroidaceae; g__Bacteroides; s__Bacteroides_dorei	0.8477906454872846
49a66d7d697705adb011d4eada4d5f85	d__Bacteria; p__Firmicutes; c__Clostridia; o__Oscillospirales; f__Ruminococcaceae	0.9999999891149058
9c775e10453dc4d396de8131610bcd02	d__Bacteria; p__Firmicutes; c__Clostridia; o__Christensenellales; f__Christensenellaceae; g__Christensenellaceae_R-7_group	0.9676353533486799
e97e5969db9a4f912872ed6ee03480d8	d__Bacteria; p__Firmicutes; c__Clostridia; o__Peptostreptococcales-Tissierellales; f__Peptostreptococcaceae; g__Peptostreptococcus	0.9999999869358969
80b3ace25d6fc15fa63cf36499eecdda	d__Bacteria; p__Proteobacteria; c__Gammaproteobacteria; o__Burkholderiales; f__Methylophilaceae; g__Candidatus_Methylopumilus; s__uncultured_bacterium	0.8349756812599435
075b677f0b6ce04a0ac704733fafa3a9	d__Bacteria; p__Firmicutes; c__Clostridia; o__Clostridiales; f__Clostridiaceae; g__Clostridium_sensu_stricto_1; s__Clostridium_colicanis	0.7663437728815802
258dabec8423707130853175066bee28	d__Bacteria; p__Firmicutes; c__Clostridia; o__Lachnospirales; f__Lachnospiraceae; g__Blautia	0.9047190323742544
4b107641fb6e6b3a39a316c840b6516a	d__Bacteria; p__Bacteroidota; c__Bacteroidia; o__Chitinophagales; f__Chitinophagaceae; g__Edaphobaculum	0.9328279459085224
6570e98f6d39bacffe712be49da85a72	d__Bacteria; p__Proteobacteria; c__Gammaproteobacteria; o__Aeromonadales; f__Aeromonadaceae; g__Aeromonas	0.9831472444117707
58b87bfbf3c717aedee9f096e3ce99ac	d__Bacteria; p__Proteobacteria; c__Alphaproteobacteria; o__Sphingomonadales; f__Sphingomonadaceae	0.9998034190966257
8832d242f6ed66913998dd7a2d8ca8cd	d__Bacteria; p__Firmicutes; c__Clostridia; o__Lachnospirales; f__Lachnospiraceae; g__Blautia; s__Ruminococcus_sp.	0.7173189361083211
8ee305375be10e34f39438eab10aca8b	d__Bacteria; p__Firmicutes; c__Clostridia; o__Oscillospirales; f__Butyricicoccaceae; g__Butyricicoccus; s__Butyricicoccus_pullicaecorum	0.998604962844392
46a065904aaba94a31742b738003dd0d	d__Bacteria; p__Firmicutes; c__Clostridia; o__Oscillospirales; f__[Clostridium]_methylpentosum_group; g__[Clostridium]_methylpentosum_group	0.8193131756023737
a5dc7e74864987b6326f74dc4c4399d2	d__Bacteria; p__Firmicutes; c__Clostridia; o__Lachnospirales; f__Lachnospiraceae; g__Blautia	0.966814486959355
3169bd356bb0a060779a95860ae8469a	d__Bacteria; p__Firmicutes; c__Bacilli; o__Lactobacillales; f__Streptococcaceae; g__Streptococcus	0.9999999750162573
e1c1c49253a04779b035cea94e1cc9a5	d__Bacteria; p__Firmicutes; c__Bacilli; o__RF39; f__RF39; g__RF39; s__uncultured_bacterium	0.7598330565342243
bf0975c82ac1fa44f85a67102a94dfdc	d__Bacteria; p__Firmicutes; c__Clostridia; o__Lachnospirales; f__Lachnospiraceae; g__Tyzzerella; s__unidentified	0.9995026067540862
e6e9ea9736317a6e1e5f5de1417f0f91	d__Bacteria; p__Bacteroidota; c__Bacteroidia; o__Bacteroidales; f__Muribaculaceae; g__Muribaculaceae; s__uncultured_bacterium	0.7107385581608227
31cc2a57b3844c9511b39866867c1d47	d__Bacteria; p__Firmicutes; c__Clostridia; o__Clostridia_UCG-014; f__Clostridia_UCG-014; g__Clostridia_UCG-014	0.9999999999301186
85472bfceed0a593fb5c74125ce6032a	d__Bacteria; p__Bacteroidota; c__Bacteroidia; o__Cytophagales; f__Spirosomaceae; g__Spirosoma; s__Spirosoma_aerolatum	0.9500720994832769
21d67587941ed8f46b1e568d45f2f3ba	d__Bacteria; p__Acidobacteriota; c__Vicinamibacteria; o__Vicinamibacterales; f__uncultured; g__uncultured	0.9325330481373538
ae67f87a1b5c1bb7d535d7afd325bcc7	d__Bacteria; p__Cyanobacteria; c__Cyanobacteriia; o__Cyanobacteriales; f__Nostocaceae; g__Tolypothrix	0.8990765643164306
67dc2731c342a4ae9fab3f196cc5e602	d__Bacteria; p__Firmicutes; c__Negativicutes; o__Veillonellales-Selenomonadales; f__Selenomonadaceae	0.9999999676337054
c716542e2b56086202c9f9be9d8e776a	d__Bacteria; p__Firmicutes; c__Clostridia; o__Lachnospirales; f__Lachnospiraceae; g__Anaerostipes; s__uncultured_bacterium	0.9624612618433888
d18bb739ab6dd850962c912e863e11fd	d__Bacteria; p__Firmicutes; c__Clostridia; o__Oscillospirales; f__UCG-010; g__UCG-010; s__uncultured_bacterium	0.77170911110955
163549ab93ecb123c8d6f8d327c9d44e	d__Bacteria; p__Firmicutes; c__Clostridia; o__Oscillospirales; f__Butyricicoccaceae; g__UCG-008; s__uncultured_bacterium	0.9995436231982189
2835624f28ab666320e8bde4ace2c440	d__Bacteria; p__Proteobacteria; c__Alphaproteobacteria; o__Rickettsiales; f__Mitochondria; g__Mitochondria; s__Sclerotinia_borealis	0.7189517834327426
ff2780eb76d634481fb340d70eb5b5ac	d__Bacteria; p__Firmicutes; c__Clostridia; o__Lachnospirales; f__Lachnospiraceae; g__Blautia	0.9237634760836108
625f310a30d433b8bd4a426d9c63acb2	d__Bacteria; p__Firmicutes; c__Clostridia; o__Lachnospirales; f__Lachnospiraceae; g__Anaerosporobacter; s__uncultured_bacterium	0.9868397905707893
3ab84cfa0c17fe0b2c2bcd2317c09793	d__Bacteria; p__Cyanobacteria; c__Cyanobacteriia; o__Cyanobacteriales; f__Coleofasciculaceae; g__uncultured	0.9995457630880195
daf301f506897ddcc6cecbc04a1f880c	d__Bacteria; p__Firmicutes; c__Negativicutes; o__Veillonellales-Selenomonadales; f__Selenomonadaceae; g__Megamonas	0.9999707064555833
1e0cc74d53645bff60e0379c7d8337cd	d__Bacteria; p__Firmicutes; c__Bacilli; o__Erysipelotrichales; f__Erysipelotrichaceae; g__Dielma; s__Dielma_sp.	0.9999999872479891
129d8a3d900273e3b2f6dc033361fd97	d__Bacteria; p__Firmicutes; c__Clostridia; o__Oscillospirales; f__Ruminococcaceae; g__Subdoligranulum	0.9998194768090954
8b83714f696949ca722ffa1b947f4ba5	d__Bacteria; p__Firmicutes; c__Clostridia; o__Lachnospirales; f__Lachnospiraceae; g__Blautia	0.9498800415470241
a4d674c4a6769df1250622ddda647b21	d__Bacteria; p__Desulfobacterota; c__Desulfovibrionia; o__Desulfovibrionales; f__Desulfovibrionaceae; g__Desulfovibrio; s__Desulfovibrio_desulfuricans	0.9305041440817794
8a69ae456179a438f14ee77d5e214385	d__Bacteria; p__Actinobacteriota; c__Actinobacteria; o__Actinomycetales; f__Actinomycetaceae; g__Actinomyces	0.9999999122363888
c10d9220ff7d93662d41b39a0edd3ea9	d__Bacteria; p__Firmicutes; c__Clostridia; o__Lachnospirales; f__Lachnospiraceae; g__Lachnoclostridium	0.9776732499605791
4cad24ba63d82de3d6a25dcdd607c7e2	d__Bacteria; p__Cyanobacteria; c__Vampirivibrionia; o__Gastranaerophilales; f__Gastranaerophilales; g__Gastranaerophilales	0.9999999999176072
63d39996a97c52b4c43a9c5745838471	d__Bacteria; p__Firmicutes; c__Clostridia; o__Oscillospirales; f__Ruminococcaceae; g__Paludicola; s__metagenome	0.8208048247675972
ee6653067e31da0dec9e2ea96372c65d	d__Bacteria; p__Proteobacteria; c__Alphaproteobacteria; o__Rickettsiales; f__Mitochondria; g__Mitochondria	0.9999940745025967
c4b4d91c23aaacd31be9d1e24eb83e65	d__Bacteria; p__Firmicutes; c__Clostridia; o__Oscillospirales; f__Oscillospiraceae	0.9084922543306767
830fa17391939a14a0b57f3c2eaa5654	d__Bacteria; p__Actinobacteriota; c__Actinobacteria; o__Actinomycetales; f__Actinomycetaceae; g__Actinomyces	0.9999999996291478
18338203b5624fa02748f9b5211b8f9c	d__Bacteria; p__Firmicutes; c__Clostridia; o__Oscillospirales; f__UCG-010; g__UCG-010; s__uncultured_bacterium	0.9938904770601934
e68e8ec2589879f29b7406c59703891f	d__Bacteria; p__Firmicutes; c__Clostridia; o__Lachnospirales; f__Lachnospiraceae; g__Dorea	0.9120283268620493
2a6aa48156304efede9d9cd8347f4e7c	d__Bacteria; p__Proteobacteria; c__Alphaproteobacteria; o__Sphingomonadales; f__Sphingomonadaceae; g__Sphingomonas; s__Sphingomonadaceae_bacterium	0.8270615654873096
d6c3211a33fa42b09b0adbc21c26ff5f	d__Bacteria; p__Verrucomicrobiota; c__Verrucomicrobiae; o__Verrucomicrobiales; f__Akkermansiaceae; g__Akkermansia; s__Akkermansia_muciniphila	0.8391191494087642
bd56f5ed1095b3904fe6f2e257f2df57	d__Bacteria; p__Firmicutes; c__Clostridia; o__Peptostreptococcales-Tissierellales; f__Peptostreptococcales-Tissierellales; g__Peptoniphilus; s__Peptoniphilus_lacrimalis	0.9999403358860169
4d8a9df35f6eed39dc577533511b5aca	d__Bacteria; p__Firmicutes; c__Clostridia; o__Monoglobales; f__Monoglobaceae; g__Monoglobus; s__uncultured_Clostridiaceae	0.7734298178426492
48e8672757a87242d8f8964f7d13eed4	d__Bacteria; p__Firmicutes; c__Clostridia; o__Oscillospirales; f__Ruminococcaceae; g__Angelakisella; s__uncultured_bacterium	0.9613062368100731
045825a5eff293bfa0fa546600f9f37b	d__Bacteria; p__Firmicutes; c__Clostridia; o__Lachnospirales; f__Lachnospiraceae	0.9999957904110435
fbbc9d56d77a5876f41f343a95fc4681	d__Bacteria; p__Firmicutes; c__Incertae_Sedis; o__DTU014; f__DTU014; g__DTU014; s__unidentified	0.9999999996712603
f954e4e5fdac86eabf61ac324633c150	d__Bacteria; p__Firmicutes; c__Clostridia; o__Oscillospirales; f__Oscillospiraceae; g__UCG-005	0.8477473720099796
f54e7ab6accca0da89bbddfe8e09f80b	d__Bacteria; p__Firmicutes; c__Clostridia; o__Oscillospirales; f__Oscillospiraceae; g__Colidextribacter	0.9842650128223981
6bd1aed189655ce4c06d04e707bcbbb0	d__Bacteria; p__Proteobacteria; c__Gammaproteobacteria; o__Enterobacterales; f__Enterobacteriaceae	0.956944390380863
f4a2a047d84de41dda60df04dddbe1de	d__Bacteria; p__Desulfobacterota; c__Desulfovibrionia; o__Desulfovibrionales; f__Desulfovibrionaceae; g__Bilophila; s__uncultured_bacterium	0.9660664301179698
5c0a7c64efd391b6ea7c51034e5e115a	d__Bacteria; p__Firmicutes; c__Clostridia; o__Lachnospirales; f__Lachnospiraceae; g__Shuttleworthia; s__uncultured_bacterium	0.9925231434621808
3ce77f4e554d392e9cb82c15d743f776	d__Bacteria; p__Firmicutes; c__Clostridia; o__Lachnospirales; f__Lachnospiraceae; g__Eisenbergiella; s__uncultured_bacterium	0.913089648047783
231890897f344a1c38768d6b63e8632c	d__Bacteria; p__Firmicutes; c__Clostridia; o__Lachnospirales; f__Lachnospiraceae; g__GCA-900066575; s__uncultured_bacterium	0.9006561683913064
301c08fb015e03377cb049eb4331ecc9	d__Bacteria; p__Firmicutes; c__Clostridia; o__Lachnospirales; f__Lachnospiraceae; g__Marvinbryantia; s__uncultured_bacterium	0.8606879994274195
6cf532a3eac43852210cc65a0054f8b4	d__Bacteria; p__Firmicutes; c__Clostridia; o__Lachnospirales; f__Lachnospiraceae	0.9999971934462455
ffccd15bcf1913b169a3c56688925439	d__Bacteria; p__Cyanobacteria; c__Cyanobacteriia; o__Chloroplast; f__Chloroplast; g__Chloroplast	0.999999999999995
19627287a456621653aa072bed96b946	d__Bacteria; p__Bacteroidota; c__Bacteroidia; o__Cytophagales; f__Spirosomaceae; g__uncultured; s__uncultured_Bacteroidetes	0.7214958655278249
856dca5762a149b6c473e0985b577107	d__Bacteria; p__Firmicutes; c__Clostridia; o__Oscillospirales; f__Ruminococcaceae; g__uncultured; s__uncultured_organism	0.9082250345890045
92e559aedf915a241017274ed5c3bdfd	d__Bacteria; p__Firmicutes; c__Clostridia; o__Lachnospirales; f__Lachnospiraceae; g__[Eubacterium]_oxidoreducens_group; s__uncultured_bacterium	0.7861686292238917
9420262ab76429f148a8e332d979a41b	d__Bacteria; p__Firmicutes; c__Clostridia; o__Oscillospirales; f__Oscillospiraceae; g__Oscillospira	0.9858687804659014
601877e5830b25202ff2f124445a6b61	d__Bacteria; p__Bacteroidota; c__Bacteroidia; o__Bacteroidales; f__Bacteroidaceae; g__Bacteroides	0.9552000475505418
81dea0c91afcd032b2a005c716a0ecc2	d__Bacteria; p__Firmicutes; c__Clostridia; o__Oscillospirales; f__Ruminococcaceae; g__Ruminococcus	0.9980764956523194
bbf8c030824a8702cfb88b287dc29a9a	d__Bacteria; p__Firmicutes; c__Clostridia; o__Christensenellales; f__Christensenellaceae; g__Christensenellaceae_R-7_group	0.8783484642720125
e8ea5cf37b040d887b62652cb8dcd405	d__Bacteria; p__Actinobacteriota; c__Actinobacteria; o__Frankiales; f__Sporichthyaceae	0.9999999998549806
1376bb88416ea37ec5b9f7f70a19834c	d__Bacteria; p__Firmicutes; c__Clostridia; o__Lachnospirales; f__Lachnospiraceae	0.9999981127765833
1806bbdc4dbc9c433686e8b2aec32fa4	d__Bacteria; p__Firmicutes; c__Clostridia; o__Peptostreptococcales-Tissierellales; f__Peptostreptococcales-Tissierellales; g__Peptoniphilus; s__Peptoniphilus_urinimassiliensis	0.8341748895645167
6898520892f36d2f9597b1c708e294f0	d__Bacteria; p__Firmicutes; c__Bacilli; o__Bacillales; f__Bacillaceae; g__Bacillus	0.808975380702332
f872234ceb016299e75beabe00b89cb5	d__Bacteria; p__Firmicutes; c__Clostridia; o__Lachnospirales; f__Lachnospiraceae; g__GCA-900066575; s__uncultured_organism	0.9659968067504984
6d19033aef0842ecf59f26bc18cd3b7a	d__Bacteria; p__Proteobacteria; c__Gammaproteobacteria; o__Pseudomonadales; f__Moraxellaceae; g__Acinetobacter	0.99999998387372
cf90ec7c14d3f84c01ec1e823c990b1f	d__Bacteria; p__Firmicutes; c__Clostridia; o__Peptostreptococcales-Tissierellales; f__Peptostreptococcaceae	0.9995974528368416
af002fe046aa502e6b11def108febe2d	d__Bacteria; p__Firmicutes; c__Clostridia; o__Lachnospirales; f__Lachnospiraceae; g__Eisenbergiella	0.7926006630409601
cdfa3387b346ef9cb5b411aedf302668	d__Bacteria; p__Firmicutes; c__Bacilli; o__RF39; f__RF39; g__RF39	0.999999999618822
b879aaf0450ed09d5388f49fb32c7e12	d__Bacteria; p__Firmicutes; c__Clostridia; o__Clostridia_UCG-014; f__Clostridia_UCG-014; g__Clostridia_UCG-014	0.9999999998079752
04ad79350ebac5d3cef355f5c4c15ded	d__Bacteria; p__Firmicutes; c__Clostridia	0.9576456859599947
d304bc7f4545d539adcc4971194a64d9	d__Bacteria; p__Firmicutes; c__Bacilli; o__Izemoplasmatales; f__Izemoplasmatales; g__Izemoplasmatales; s__uncultured_organism	0.9999983644647603
b12d70198f3194fdf7e5c75c50dd5c58	d__Bacteria; p__Firmicutes; c__Clostridia; o__Oscillospirales; f__UCG-010; g__UCG-010; s__uncultured_rumen	0.8024564689951584
814d06b87a8547a772ad3d86d8df37cc	d__Bacteria; p__Firmicutes; c__Clostridia; o__Lachnospirales; f__Lachnospiraceae	0.9990458985245482
ba4ef1fb0ba117b6a045541fc553be6f	d__Bacteria; p__Firmicutes; c__Clostridia; o__Lachnospirales; f__Lachnospiraceae; g__Lachnospiraceae_UCG-001; s__Lachnospiraceae_bacterium	0.7134449698560175
e2fc17262a73bc59aa6dd9ba6d664ab1	d__Bacteria; p__Firmicutes; c__Clostridia; o__Lachnospirales; f__Lachnospiraceae	0.9999641926321502
5fb56b23ac03d6aafb2f53353fc93a3d	d__Bacteria; p__Firmicutes; c__Clostridia; o__Lachnospirales; f__Lachnospiraceae; g__Blautia	0.916829386784679
4c235859c1bd7416839ed45e3ab7f2a1	d__Bacteria; p__Bacteroidota; c__Bacteroidia; o__Bacteroidales; f__Bacteroidaceae; g__Bacteroides	0.9952734688165487
849492b2faf90fde8351c04b95f8802d	d__Archaea; p__Halobacterota; c__Methanomicrobia; o__Methanomicrobiales; f__Methanocorpusculaceae; g__Methanocorpusculum	0.9999999999999994
73c4245c6f1fb21ade6095291a62a543	d__Bacteria; p__Firmicutes; c__Clostridia; o__Lachnospirales; f__Lachnospiraceae; g__Lachnospiraceae_UCG-008; s__uncultured_bacterium	0.9161232874448032
9ef9594104608ce81e8033b39074e707	d__Bacteria; p__Firmicutes; c__Clostridia; o__Oscillospirales; f__Oscillospiraceae; g__Intestinimonas; s__Intestinimonas_butyriciproducens	0.9995543011988166
2b76945b48fc43a6a2aff6d43f382742	d__Bacteria; p__Firmicutes; c__Clostridia; o__Lachnospirales; f__Lachnospiraceae	0.9999989078079208
335e8d134200bead645ecadbc097bd06	d__Bacteria; p__Actinobacteriota; c__Actinobacteria; o__Micrococcales; f__Micrococcaceae; g__Enteractinococcus	0.8896131643902163
4bd3683c3deabf1ecf2a26eeb16d63fa	d__Bacteria; p__Firmicutes; c__Clostridia; o__Christensenellales; f__Christensenellaceae; g__Christensenellaceae_R-7_group	0.8527295156680456
f9c463055b2f8e97cd28d8bf309389da	d__Bacteria; p__Firmicutes; c__Bacilli; o__Lactobacillales; f__Streptococcaceae; g__Streptococcus	0.9990318838554373
4ad29ff32ba0d32ec30f469f0e966367	d__Bacteria; p__Firmicutes; c__Clostridia; o__Oscillospirales; f__Ruminococcaceae; g__Negativibacillus	0.999996952787141
a9b51421a2eeee7990e248138269ea5b	d__Bacteria; p__Bacteroidota; c__Bacteroidia; o__Cytophagales; f__Spirosomaceae; g__Leadbetterella	0.9999999963723225
aef4af69e99ff80f4e078cff2f1aaac4	d__Bacteria; p__Firmicutes; c__Clostridia; o__Lachnospirales; f__Lachnospiraceae; g__GCA-900066575; s__uncultured_bacterium	0.9324467710075207
6d40c0e28e22953f6f12ba9aa36b33dc	d__Bacteria; p__Firmicutes; c__Clostridia; o__Oscillospirales; f__[Eubacterium]_coprostanoligenes_group; g__[Eubacterium]_coprostanoligenes_group	0.9999921807966003
a96363b8ae2053d091cc43d0c8b6986f	d__Bacteria; p__Firmicutes; c__Clostridia; o__Oscillospirales; f__Ruminococcaceae; g__Paludicola; s__uncultured_bacterium	0.9984911891778646
0874be6ace9b4409a2617ad0e22e1c6f	d__Bacteria; p__Firmicutes; c__Clostridia; o__Lachnospirales; f__Lachnospiraceae	0.9999988788987192
aadbb41cca6b476699bd74ba67423c20	d__Bacteria; p__Firmicutes; c__Clostridia; o__Oscillospirales; f__Ruminococcaceae; g__uncultured	0.8844645383196926
18f7a11570f767311f83afdfd05b8294	d__Bacteria; p__Firmicutes; c__Clostridia; o__Oscillospirales; f__UCG-010; g__UCG-010; s__unidentified	0.9987327441590264
3dcd329391fe6d8c8c9f061a16d2c586	d__Bacteria; p__Firmicutes; c__Clostridia; o__Christensenellales; f__Christensenellaceae; g__Christensenellaceae_R-7_group; s__bacterium_enrichment	0.9666460399530619
0387d3682829d15c0bab9f6679a4f223	d__Bacteria; p__Firmicutes; c__Clostridia; o__Oscillospirales; f__Oscillospiraceae; g__NK4A214_group	0.973189170958192
feaa75101e290ce9e79034625a0f59e0	d__Bacteria; p__Firmicutes; c__Clostridia; o__Christensenellales; f__Christensenellaceae; g__Christensenellaceae_R-7_group; s__Christensenella_sp.	0.9999999999997442
f752b477de040f9a4bda8dca3ac67d4c	d__Bacteria; p__Firmicutes; c__Bacilli; o__Lactobacillales; f__Lactobacillaceae; g__Lactobacillus; s__Lactobacillus_sanfranciscensis	0.9997627101410345
f08493a1db2c78f185c14159a55f1025	d__Bacteria; p__Firmicutes; c__Bacilli; o__Erysipelotrichales; f__Erysipelotrichaceae; g__Holdemania	0.9999987181570487
8c09e33432baa749659a39edfec19d4e	d__Bacteria; p__Firmicutes; c__Clostridia; o__Oscillospirales; f__Oscillospiraceae; g__Oscillibacter; s__Oscillibacter_sp.	0.8157845449611232
a293974d0e410fdc570de2e9583c9e41	d__Bacteria; p__Cyanobacteria; c__Cyanobacteriia; o__Cyanobacteriales; f__Nostocaceae; g__Aphanizomenon_MDT14a; s__Aphanizomenon_flos-aquae	0.8697223672305364
97d4a8df873312f8b6964af0f89b6040	d__Bacteria; p__Bacteroidota; c__Bacteroidia; o__Bacteroidales; f__Prevotellaceae; g__Prevotella; s__Prevotella_timonensis	0.9999999995882547
18e3e65e43b0d4998714682d4d33e471	d__Bacteria; p__Firmicutes; c__Clostridia; o__Oscillospirales; f__[Eubacterium]_coprostanoligenes_group; g__[Eubacterium]_coprostanoligenes_group; s__uncultured_Clostridia	0.8996570432194047
bf9d485e3997d97b6d6b6e1b55b4fb7d	d__Bacteria	0.9676235753359127
8243c24c1f70d2543f85ac6d5415a1db	d__Bacteria; p__Firmicutes; c__Clostridia; o__Lachnospirales; f__Lachnospiraceae; g__GCA-900066575; s__uncultured_bacterium	0.8666598476947565
b3da108fbcf6fd446c89ad4af45a7c28	d__Bacteria; p__Firmicutes; c__Clostridia; o__Lachnospirales; f__Lachnospiraceae	0.9999750128147296
4f9d6c71472b9a82d0a5b20c2cf241b2	d__Bacteria; p__Bacteroidota; c__Bacteroidia; o__Sphingobacteriales; f__Sphingobacteriaceae; g__Pedobacter	0.9249511617704116
e03775d62de39efade644c5913e3c82c	d__Bacteria; p__Actinobacteriota; c__Actinobacteria; o__Corynebacteriales; f__Corynebacteriaceae; g__Corynebacterium	0.9996273646048964
ae3ae4cd1ba0f60f3298fdb16c0acba4	d__Bacteria; p__Proteobacteria; c__Gammaproteobacteria; o__Pseudomonadales; f__Pseudomonadaceae; g__Pseudomonas	0.9999961720883991
4c495d37ea238ff9ba3848ffbf42d09b	d__Bacteria; p__Bacteroidota; c__Bacteroidia; o__Bacteroidales; f__Bacteroidaceae; g__Bacteroides	0.9901878863808313
2f89c94132575e7f453bc15145251f1e	d__Bacteria; p__Firmicutes; c__Clostridia; o__Lachnospirales; f__Lachnospiraceae	0.9998985095377139
cf876ab4c81e18c2a67a988f52ae0bf9	d__Bacteria; p__Firmicutes; c__Clostridia	0.9978592980730437
5ff4deaae2c2d68940263f7bd116d492	d__Bacteria; p__Firmicutes; c__Clostridia; o__Oscillospirales; f__Oscillospiraceae; g__Oscillibacter	0.9684369089043688
3c19edb9697e37da3ebc8639fe7a3a51	d__Bacteria; p__Firmicutes; c__Bacilli; o__Lactobacillales; f__Leuconostocaceae; g__Leuconostoc	0.9999999916111479
2e1fa31c4a3f2443026320760932739f	d__Bacteria; p__Firmicutes; c__Clostridia; o__Lachnospirales; f__Lachnospiraceae	0.9999914351310009
ca140553de58c5c6f4fdf22ac659a30f	d__Bacteria; p__Firmicutes; c__Clostridia; o__Oscillospirales; f__Oscillospiraceae; g__uncultured; s__Clostridium_sp.	0.7576330530948231
6c2f48e094c1e90431d6b49847dd7e23	d__Bacteria; p__Firmicutes; c__Clostridia; o__Lachnospirales; f__Lachnospiraceae; g__Lachnoclostridium	0.8024452512392868
702349d0087bd6722abdec01944ab4cd	d__Bacteria; p__Firmicutes; c__Clostridia; o__Christensenellales; f__Christensenellaceae; g__Christensenellaceae_R-7_group; s__uncultured_organism	0.9985219889195277
6c5146394df4651693bc644c446fd171	d__Bacteria; p__Proteobacteria; c__Gammaproteobacteria; o__Pseudomonadales; f__Pseudomonadaceae; g__Pseudomonas	0.986442304704526
829d2e24ad5cccdb0b9c2e01abb6a0d8	d__Bacteria; p__Abditibacteriota; c__Abditibacteria; o__Abditibacteriales; f__Abditibacteriaceae; g__Abditibacterium; s__uncultured_bacterium	0.9998459139703462
43b230d5ce9c821323cbf7a98a431761	d__Bacteria; p__Firmicutes; c__Clostridia; o__Clostridiales; f__Clostridiaceae; g__Clostridium_sensu_stricto_1	0.8471216367407308
2217c3eedc8682ba6ad85cd82c54d251	d__Bacteria; p__Actinobacteriota; c__Actinobacteria; o__Bifidobacteriales; f__Bifidobacteriaceae; g__Bifidobacterium	0.9999852753683593
c74f1a14117bdd0bcff8b9a5c306e9f5	d__Bacteria; p__Firmicutes; c__Clostridia; o__Lachnospirales; f__Lachnospiraceae; g__Lachnospira; s__uncultured_bacterium	0.7517429018532591
077491827382e198ee404d49084a964d	d__Bacteria; p__Firmicutes; c__Clostridia; o__Oscillospirales; f__Oscillospiraceae; g__Flavonifractor; s__uncultured_bacterium	0.8590532176675202
aab57e14d9dd5be69937e1b1e93e9745	d__Bacteria; p__Firmicutes; c__Clostridia; o__Lachnospirales; f__Lachnospiraceae	0.9999998036622801
0ffe1c0b10c23e914f31815446e63b43	d__Bacteria; p__Bacteroidota; c__Bacteroidia; o__Bacteroidales; f__Prevotellaceae; g__Prevotella; s__human_gut	0.9985717664697592
715479fca4b95d9bc5d85c3dd632e2f5	d__Bacteria; p__Firmicutes; c__Clostridia; o__Oscillospirales; f__Ruminococcaceae	0.7380096039959989
3459c7f7c39f3d154d04aaa4a7ea44c5	d__Bacteria; p__Firmicutes; c__Clostridia; o__Lachnospirales; f__Lachnospiraceae; g__[Ruminococcus]_gnavus_group	0.7550251847588616
537561b7d0ea22f5f25892a26f9c1981	d__Bacteria; p__Firmicutes; c__Clostridia; o__Oscillospirales; f__Oscillospiraceae; g__UCG-007	0.9378435102087921
e2ac5e3726826a700b3acb663757ed90	d__Bacteria; p__Actinobacteriota; c__Coriobacteriia; o__Coriobacteriales; f__Eggerthellaceae; g__Gordonibacter; s__Gordonibacter_pamelaeae	0.7841991135857841
9fdf42630ded5ce9e68615991252b975	d__Bacteria; p__Firmicutes; c__Clostridia; o__Lachnospirales; f__Defluviitaleaceae; g__Defluviitaleaceae_UCG-011; s__uncultured_bacterium	0.9996950597890105
b296dc91df72c97d5021ae1a9d5efb2a	d__Bacteria; p__Firmicutes; c__Clostridia; o__Oscillospirales; f__Oscillospiraceae; g__Oscillibacter; s__uncultured_bacterium	0.9324561152972617
18c8c1f395ceba69ea5839bfe03007c3	d__Bacteria; p__Bacteroidota; c__Bacteroidia; o__Flavobacteriales; f__Flavobacteriaceae; g__Flavobacterium; s__Flavobacterium_paronense	0.7448671716966528
35e9f95ddbfc81a06ba877e41b21d8b8	d__Bacteria; p__Firmicutes; c__Clostridia; o__Lachnospirales; f__Lachnospiraceae; g__Blautia; s__Ruminococcus_sp.	0.9587668262510183
24fba2933f8e0c35f921ff7239e0b030	d__Bacteria; p__Firmicutes; c__Clostridia; o__Lachnospirales; f__Lachnospiraceae; g__[Ruminococcus]_gnavus_group	0.999150452217312
f4f9ff10136f445a8c4d9294e9470f69	d__Bacteria; p__Firmicutes; c__Clostridia; o__Lachnospirales; f__Lachnospiraceae	0.9999996602430083
a7c4d21daeb2ffdfd7ced68f9190611a	d__Bacteria; p__Actinobacteriota; c__Actinobacteria; o__Micrococcales; f__Microbacteriaceae; g__Candidatus_Limnoluna; s__uncultured_bacterium	0.8449258144518381
d6132bd706afb92a2986d059de7e567b	d__Bacteria; p__Firmicutes; c__Clostridia; o__Oscillospirales; f__Ruminococcaceae; g__uncultured; s__uncultured_Clostridium	0.9280077182723916
9f045edf527c530c87985a718a30d10d	d__Bacteria; p__Firmicutes; c__Clostridia; o__Oscillospirales; f__Ruminococcaceae; g__uncultured	0.8224832513373137
abcb5760e8101c527db47d6b60ca8cf3	d__Bacteria; p__Actinobacteriota; c__Actinobacteria; o__Micrococcales; f__Micrococcaceae; g__Glutamicibacter	0.8197129726393404
df8d45292d1ca41fc31e7e870fa13a95	d__Bacteria; p__Firmicutes; c__Clostridia; o__Christensenellales; f__Christensenellaceae; g__Christensenellaceae_R-7_group	0.948408037239384
f0d7d7c4088ca5903f9820ea82937b15	d__Bacteria; p__Firmicutes; c__Clostridia; o__Oscillospirales; f__Ruminococcaceae; g__Ruminococcus	0.9285439309260156
8c6f531b7af817bc3bd501efef2e9d50	d__Bacteria; p__Planctomycetota; c__Planctomycetes; o__Pirellulales; f__Pirellulaceae; g__Pir4_lineage	0.7745719132548725
e99e32dada49e3b176351a068feffb0e	d__Bacteria; p__Proteobacteria; c__Gammaproteobacteria; o__Enterobacterales; f__Enterobacteriaceae	0.8743542802477079
0f8c6007254bff01cffda29ae7be9268	d__Bacteria; p__Firmicutes; c__Clostridia; o__Peptostreptococcales-Tissierellales; f__Peptostreptococcales-Tissierellales; g__Peptoniphilus; s__Peptoniphilus_duerdenii	0.9991577084677794
32bc48ba5beebeaa44859fa5c406a4c0	d__Bacteria; p__Firmicutes; c__Clostridia; o__Lachnospirales; f__Lachnospiraceae; g__Lachnospiraceae_NK4A136_group	0.973567662139065
d0e022fc9645751a765a7d72eaa21766	d__Bacteria; p__Firmicutes; c__Clostridia; o__Lachnospirales; f__Lachnospiraceae; g__[Ruminococcus]_torques_group	0.9948971574985881
3363d6e22ca0f80692bbffea48bd01a7	d__Bacteria; p__Firmicutes; c__Clostridia; o__Christensenellales; f__Christensenellaceae	0.8654609305815233
7e395683fa0c4a46edd9b6b4b202bbd5	d__Bacteria; p__Firmicutes; c__Clostridia; o__Oscillospirales; f__Oscillospiraceae; g__Oscillibacter; s__uncultured_bacterium	0.9445631773052692
2b3e7e96cad8ef9a0196c98a339fe72f	d__Bacteria; p__Firmicutes; c__Clostridia	0.9993433065223106
be23b166f5e8037300a992f8de3493af	d__Bacteria; p__Firmicutes; c__Clostridia; o__Oscillospirales; f__Ruminococcaceae; g__Ruminococcus	0.9778495301649914
8cda2e941e8da5e4ce9b560016f0f327	d__Bacteria; p__Firmicutes; c__Clostridia; o__Christensenellales; f__Christensenellaceae; g__Christensenella; s__Christensenella_sp.	0.9359429721779332
d6b2607390c0ff025993a5f9f7f9029d	d__Bacteria; p__Bacteroidota; c__Bacteroidia; o__Bacteroidales; f__Tannerellaceae; g__Parabacteroides	0.9999857917636322
b594c87bf16cf558dbd20606a87dd5e3	d__Bacteria; p__Firmicutes; c__Clostridia; o__Oscillospirales; f__Ruminococcaceae; g__Ruminococcus; s__uncultured_bacterium	0.9598327546788042
6d7b438a837cc7244dd79cfa54ff1e4d	d__Bacteria; p__Bacteroidota; c__Bacteroidia; o__Bacteroidales; f__Bacteroidaceae; g__Bacteroides	0.9999686365956391
1761f6a122187849fdda5fe1c494a063	d__Bacteria; p__Firmicutes; c__Clostridia; o__Lachnospirales; f__Lachnospiraceae; g__Catenibacillus; s__uncultured_bacterium	0.8073124984919097
0afc679f0387b3ce41fbc94bfbb3ce0e	d__Bacteria; p__Firmicutes; c__Clostridia; o__Clostridia_vadinBB60_group; f__Clostridia_vadinBB60_group; g__Clostridia_vadinBB60_group	0.9998162786283521
856a5f578664eefd3777804b52eba8e6	d__Bacteria; p__Firmicutes; c__Clostridia; o__Oscillospirales; f__Oscillospiraceae; g__NK4A214_group; s__uncultured_organism	0.9763966252563089
7cf4c9357f32f9d210e2ee031b8e2d19	d__Bacteria; p__Bacteroidota; c__Bacteroidia; o__Bacteroidales; f__Bacteroidaceae; g__Bacteroides	0.9999999987599113
2c2d3e24af4c98a18b5d7d810604827c	d__Bacteria; p__Proteobacteria; c__Gammaproteobacteria; o__Pseudomonadales; f__Pseudomonadaceae; g__Pseudomonas; s__Pseudomonas_luteola	0.9588948749058344
3542abcc0ad61aa93b5d956d117a5490	d__Bacteria; p__Firmicutes; c__Clostridia; o__Lachnospirales; f__Lachnospiraceae; g__Lachnospira; s__uncultured_bacterium	0.8123784928778324
8d35b756634b4588349a78a0866b8b94	d__Bacteria; p__Proteobacteria; c__Gammaproteobacteria; o__Pseudomonadales; f__Pseudomonadaceae; g__Pseudomonas	0.9998956291579888
daed9666d093cbbe3f2420680674bb6b	d__Bacteria; p__Desulfobacterota; c__Desulfovibrionia; o__Desulfovibrionales; f__Desulfovibrionaceae; g__uncultured	0.9987925837650359
c89035f59d05525a7490ba816fa7a1de	d__Bacteria; p__Proteobacteria; c__Alphaproteobacteria; o__Rhodospirillales; f__uncultured; g__uncultured; s__uncultured_organism	0.9025416793410976
6489aeb8f8bf87677901ee28d3c9d6d3	d__Bacteria; p__Bacteroidota; c__Bacteroidia; o__Bacteroidales; f__Marinifilaceae; g__Odoribacter; s__uncultured_bacterium	0.999974629235591
b73ebfb1fbf751d355927708a088c473	d__Bacteria; p__Proteobacteria; c__Alphaproteobacteria; o__Acetobacterales; f__Acetobacteraceae; g__Roseomonas	0.9988114767183177
d55cb590c9bf12240b6ddd48873fd102	d__Bacteria; p__Actinobacteriota; c__Actinobacteria; o__Propionibacteriales; f__Nocardioidaceae; g__Nocardioides; s__metagenome	0.8176928949473778
583bbeca84fb0b0390b12c92fa7e1fd8	d__Bacteria; p__Firmicutes; c__Bacilli; o__Bacillales; f__Bacillaceae	0.700473142916153
59442b2d073108768c1d4983e4f054c3	d__Bacteria; p__Proteobacteria; c__Alphaproteobacteria; o__Rickettsiales; f__Mitochondria; g__Mitochondria	0.9999628228163902
f280ed321105336479fa57a08c9c3193	d__Bacteria; p__Firmicutes; c__Clostridia; o__Oscillospirales; f__[Eubacterium]_coprostanoligenes_group; g__[Eubacterium]_coprostanoligenes_group; s__Eubacteriaceae_bacterium	0.8632337571185932
84b35c578f4bf616e8e21f3f38be0679	d__Bacteria; p__Firmicutes; c__Clostridia; o__Peptostreptococcales-Tissierellales; f__Anaerovoracaceae; g__Family_XIII_UCG-001; s__uncultured_bacterium	0.9995813665408302
b7d2c4700a7db198ee8d3f829adb8062	d__Bacteria; p__Bacteroidota; c__Bacteroidia; o__Bacteroidales; f__Marinifilaceae; g__Odoribacter; s__Odoribacter_splanchnicus	0.97523688051327
9b5c4102f89933c58dba769077b9610c	d__Bacteria; p__Proteobacteria; c__Gammaproteobacteria; o__Burkholderiales; f__Sutterellaceae; g__Sutterella	0.9999977755892507
52d8a99f67aae9a24fa416a3f6605e1f	d__Bacteria; p__Firmicutes; c__Clostridia; o__Lachnospirales; f__Lachnospiraceae; g__Lachnospiraceae_UCG-010; s__uncultured_organism	0.9991064876506633
c71f1b7b6e11c9e95b3fedf971e9e669	d__Bacteria; p__Firmicutes; c__Clostridia; o__Lachnospirales; f__Lachnospiraceae; g__Lachnospiraceae_UCG-010; s__uncultured_bacterium	0.9995641346775267
2b21826b27fec8b1a47b6ab29b68bee1	d__Bacteria; p__Firmicutes; c__Clostridia; o__uncultured; f__uncultured; g__uncultured; s__uncultured_bacterium	0.8213322093803399
6f16b7e5653e296371deb2ab59ac9019	d__Bacteria; p__Firmicutes; c__Clostridia; o__Monoglobales; f__Monoglobaceae; g__Monoglobus	0.987891088590797
43a38b206dd62619bcbc0b57139b04c5	d__Bacteria; p__Firmicutes; c__Clostridia; o__Clostridiales; f__Clostridiaceae; g__Clostridium_sensu_stricto_1; s__human_gut	0.8451670027175849
d25e2a20513eb815c7274ddd5b058b02	d__Bacteria; p__Firmicutes; c__Bacilli; o__Lactobacillales; f__Lactobacillaceae; g__Pediococcus; s__Pediococcus_argentinicus	0.9847701748768637
567f383a7c72401fd19761382392fc15	d__Bacteria; p__Firmicutes; c__Clostridia; o__Clostridiales; f__Clostridiaceae; g__Hathewaya; s__Clostridiaceae_bacterium	0.9902821589932195
35822a75748958d662e631f01a78410c	d__Bacteria; p__Firmicutes; c__Clostridia; o__Lachnospirales; f__Lachnospiraceae; g__[Eubacterium]_ventriosum_group; s__uncultured_Clostridiales	0.9206650744675224
46712264b48d00d3d3aeb26354bb8821	d__Bacteria; p__Firmicutes; c__Clostridia; o__Lachnospirales; f__Lachnospiraceae; g__Lachnoclostridium	0.9989622295447851
829a1b382a8f516e48a0e5fab2dba280	d__Bacteria; p__Firmicutes; c__Clostridia; o__Christensenellales; f__Christensenellaceae; g__uncultured	0.9998282601481472
ccd23cffd29745d9b5fdf7930aa91d02	d__Bacteria; p__Firmicutes; c__Clostridia; o__Christensenellales; f__Christensenellaceae; g__Christensenellaceae_R-7_group	0.973568083089618
d8ecf54b196e8651c1d4f07afe3c8a13	d__Bacteria; p__Bacteroidota; c__Bacteroidia; o__Bacteroidales; f__Tannerellaceae; g__Parabacteroides; s__Parabacteroides_gordonii	0.9687677369754416
cc3924bd7def5ec7bdf21f537656394e	d__Bacteria; p__Bacteroidota; c__Bacteroidia; o__Bacteroidales; f__Bacteroidaceae; g__Bacteroides	0.9973883357089922
a4ad22d7dad0d45debdce30a48b3b02a	d__Bacteria; p__Firmicutes; c__Bacilli; o__Lactobacillales; f__Streptococcaceae; g__Streptococcus	0.9999999339747561
3a87dc580566767ad47436f5fea90dfa	d__Bacteria; p__Proteobacteria; c__Gammaproteobacteria; o__Vibrionales; f__Vibrionaceae; g__Vibrio	0.8034995706657007
042fe3a9e4fa3eedbbd372ab54e4201e	d__Bacteria; p__Firmicutes; c__Clostridia	0.9999975148474796
66bc2fbc9d3ad06cdb180ca4d9a07e73	d__Bacteria; p__Cyanobacteria; c__Cyanobacteriia; o__Cyanobacteriales; f__Nostocaceae; g__Nostoc_PCC-73102	0.9591188332881688
c595dcaa485feb591c1f77ec9caec0a2	d__Bacteria; p__Proteobacteria; c__Gammaproteobacteria; o__Burkholderiales; f__Comamonadaceae	0.9999999805431041
b7e16c5b1723d7ecf1d297ec0215d2cd	d__Bacteria; p__Firmicutes; c__Clostridia; o__Lachnospirales; f__Lachnospiraceae; g__Dorea; s__uncultured_bacterium	0.8355272441926992
79a89816777cc9aa1943d7ac434fbd07	d__Bacteria; p__Firmicutes; c__Clostridia; o__Peptostreptococcales-Tissierellales; f__Peptostreptococcales-Tissierellales; g__Anaerococcus; s__Anaerococcus_mediterraneensis	0.8534317464227047
efa3064b8a0c541b764d2e58ad73d6cf	d__Bacteria; p__Firmicutes; c__Bacilli; o__Erysipelotrichales; f__Erysipelotrichaceae; g__Solobacterium; s__uncultured_bacterium	0.9228274108328841
06b42bc70942a34b7f6ed8ab28892317	d__Bacteria; p__Firmicutes; c__Clostridia; o__Lachnospirales; f__Lachnospiraceae; g__Lachnoclostridium; s__uncultured_organism	0.7641400060437442
93ee2292fb7bba0dd85945cd08dcce0c	d__Bacteria; p__Actinobacteriota; c__Actinobacteria; o__Actinomycetales; f__Actinomycetaceae; g__Actinomyces	0.9999999998884437
176f49ad813572b5f9583300f31ca3f8	d__Bacteria; p__Firmicutes; c__Clostridia; o__Lachnospirales; f__Lachnospiraceae; g__uncultured; s__metagenome	0.9546971475924612
32c804a3fe22e9cc48c59e91e85a567d	d__Bacteria; p__Firmicutes; c__Bacilli; o__Lactobacillales; f__Lactobacillaceae; g__Pediococcus	0.9996936611693288
84a1b89a5aa2fb5819d640191ea4bd3a	d__Bacteria; p__Firmicutes; c__Clostridia; o__Oscillospirales; f__Oscillospiraceae; g__Oscillospiraceae; s__uncultured_rumen	0.9816709924763956
466b44ec4cc415eadac91d0aeb0dd401	d__Bacteria; p__Firmicutes; c__Bacilli; o__Lactobacillales; f__Lactobacillaceae; g__Lactobacillus; s__Lactobacillus_algidus	0.9998847167045374
f75474dc20d3c098d7bc94870c7ef10f	d__Bacteria; p__Bacteroidota; c__Bacteroidia; o__Flavobacteriales; f__Flavobacteriaceae; g__uncultured; s__gut_metagenome	0.9999999993231371
3b51ce519d7d6a4140c48bc8ece510e8	d__Bacteria; p__Firmicutes; c__Clostridia	0.7002098661568112
844353c595a946db200a55563577bb9f	d__Bacteria; p__Firmicutes; c__Clostridia; o__Oscillospirales; f__Ruminococcaceae	0.9999519150145655
b1b011d7a026d6c033ab726cde7dff7a	d__Bacteria; p__Firmicutes; c__Clostridia; o__Oscillospirales; f__Ruminococcaceae; g__uncultured	0.9911060800434763
2052dca4f9010cb7f3b96c811dc75f78	d__Bacteria; p__Firmicutes; c__Bacilli; o__Lactobacillales; f__Leuconostocaceae; g__Leuconostoc	0.9999998939649822
449c78a72ca3819373d479862fee1612	d__Bacteria; p__Firmicutes; c__Clostridia; o__Oscillospirales; f__Ruminococcaceae; g__Incertae_Sedis; s__uncultured_organism	0.9977793571386593
7c6e949faf61c3b549740c6c32f701f6	d__Bacteria; p__Firmicutes; c__Bacilli; o__Erysipelotrichales; f__Erysipelatoclostridiaceae; g__Catenibacterium; s__uncultured_bacterium	0.8933270882562722
0074fd661658bc5616166a064b947f95	d__Bacteria; p__Actinobacteriota; c__Coriobacteriia; o__Coriobacteriales; f__Coriobacteriaceae; g__Enorma	0.9999658785450605
31d585860c3ea3dd4231c7e20c28cf24	d__Bacteria; p__Firmicutes; c__Bacilli; o__Lactobacillales; f__Leuconostocaceae; g__Leuconostoc	0.9999999343309983
dc57f53349a30c7366853c2901285849	d__Bacteria; p__Firmicutes; c__Clostridia; o__Oscillospirales; f__Ruminococcaceae; g__Paludicola; s__uncultured_bacterium	0.981920936397688
bb8d0f9d92c4f60e427680396fb531a8	d__Bacteria; p__Firmicutes; c__Clostridia; o__Lachnospirales; f__Lachnospiraceae; g__Lachnospiraceae_FCS020_group; s__uncultured_bacterium	0.7668210220587275
4a711bc52fea2b5e78d3b5e597071ba7	d__Bacteria; p__Firmicutes; c__Clostridia; o__Oscillospirales; f__Oscillospiraceae; g__uncultured; s__uncultured_organism	0.9608678737891816
bff456062ce83d80168007ea6a063143	d__Bacteria; p__Firmicutes; c__Clostridia; o__Peptostreptococcales-Tissierellales; f__Anaerovoracaceae; g__[Eubacterium]_nodatum_group	0.893598127230538
6079a82735175e49e9229a37d931d9a1	d__Bacteria; p__Proteobacteria; c__Gammaproteobacteria; o__Burkholderiales; f__Comamonadaceae	0.999999766394423
774f9218f036eeba45f02837f19ed6c1	d__Bacteria; p__Firmicutes; c__Bacilli; o__Bacillales; f__Bacillaceae; g__Bacillus; s__Bacillus_alkalitelluris	0.7805111374878247
671cb7e9691810fa4ad02d6f338cfadb	d__Bacteria; p__Firmicutes; c__Clostridia; o__Lachnospirales; f__Lachnospiraceae; g__GCA-900066755; s__uncultured_bacterium	0.9983736880614285
6820fa0e4336795af1a09604e4faf802	d__Bacteria; p__Proteobacteria; c__Gammaproteobacteria; o__Enterobacterales; f__Enterobacteriaceae	0.8184095904683901
bf9e7ba23fca628d2d870266d39c9a52	d__Bacteria; p__Actinobacteriota; c__Actinobacteria; o__Frankiales; f__Sporichthyaceae; g__hgcI_clade; s__Candidatus_Planktophila	0.8723929904194284
d4ab32cd08d5fe1ad4afb6e004201e10	d__Bacteria; p__Firmicutes; c__Clostridia; o__Oscillospirales; f__Oscillospiraceae; g__Oscillibacter; s__uncultured_bacterium	0.9608422260511325
a33ea0c756ca6059cccb5e9391be8c58	d__Bacteria; p__Firmicutes; c__Clostridia; o__Lachnospirales; f__Lachnospiraceae; g__Marvinbryantia	0.7621338960878896
b246ef5eb94127f7d60141465ecd58f6	d__Bacteria; p__Firmicutes; c__Clostridia; o__Oscillospirales; f__[Eubacterium]_coprostanoligenes_group; g__[Eubacterium]_coprostanoligenes_group	0.9998492787140215
cf9f6e1e61a727798cea6c481d5c2eaf	d__Bacteria; p__Firmicutes; c__Clostridia; o__Peptostreptococcales-Tissierellales; f__Anaerovoracaceae; g__[Eubacterium]_brachy_group; s__uncultured_organism	0.9498983788263293
fe6dc9080855c6b2b08692d699183940	d__Bacteria; p__Firmicutes; c__Clostridia; o__Lachnospirales; f__Lachnospiraceae	0.9814530469152933
67eeddd27a560751dff4bc2bd12e4acc	d__Bacteria; p__Actinobacteriota; c__Actinobacteria; o__Actinomycetales; f__Actinomycetaceae; g__Actinomyces; s__Actinomyces_graevenitzii	0.9996614570619147
30ec390cea42736f7ed1941e24da8426	d__Bacteria; p__Firmicutes; c__Clostridia; o__Christensenellales; f__Christensenellaceae; g__uncultured; s__uncultured_bacterium	0.9978308077948579
a1073889e708641c881440d3f83f15cc	d__Bacteria; p__Firmicutes; c__Clostridia; o__Lachnospirales; f__Lachnospiraceae; g__[Ruminococcus]_torques_group	0.8953107637758233
8ec580a1bf98546bbeb0e20dccb65b47	d__Bacteria; p__Firmicutes; c__Clostridia; o__Oscillospirales; f__Oscillospiraceae; g__Oscillibacter; s__metagenome	0.9160402177440243
d63340f517b7b0437d16de6ea9024108	d__Bacteria; p__Verrucomicrobiota; c__Lentisphaeria; o__Victivallales; f__Victivallaceae; g__Victivallis; s__Victivallales_bacterium	0.8366269977280545
26c07d8f8399292e3d29853c8783f818	d__Bacteria; p__Firmicutes; c__Clostridia; o__Oscillospirales; f__UCG-010; g__UCG-010; s__bacterium_enrichment	0.9946780801102681
3702a88d1ddeaec23620dcf4950c7473	d__Bacteria; p__Firmicutes; c__Clostridia; o__Lachnospirales; f__Lachnospiraceae	0.9999854242834968
c259d20501998c72e80d0427a2102d70	d__Bacteria	0.9999999999996676
0f68a5b9c11a029d8ae58fb835176283	d__Bacteria; p__Firmicutes; c__Clostridia; o__Lachnospirales; f__Defluviitaleaceae; g__Defluviitaleaceae_UCG-011; s__uncultured_bacterium	0.9999225819617873
9644f915bf55ee87ecd69101b128062e	d__Bacteria; p__Bacteroidota; c__Bacteroidia; o__Flavobacteriales; f__Flavobacteriaceae; g__Flavobacterium	0.9999911025222437
9cdf19167f3dc762efbc2d8b2a95864a	d__Bacteria; p__Bacteroidota; c__Bacteroidia; o__Bacteroidales; f__Bacteroidaceae; g__Bacteroides	0.9951627190139709
88f9886c249fbe962d2fd05668f09570	d__Bacteria; p__Firmicutes; c__Clostridia; o__Lachnospirales; f__Lachnospiraceae	0.9997507448430387
b8d173e23c6452af51b8b7e927a96336	d__Bacteria; p__Firmicutes; c__Clostridia; o__Lachnospirales; f__Lachnospiraceae	0.9928480807959669
864ffcac0b63f919924d35095f0cedcd	d__Bacteria; p__Firmicutes; c__Clostridia; o__Lachnospirales; f__Lachnospiraceae; g__Lachnospiraceae_UCG-001	0.7906029473291971
0e5ed6015ff3489ffb70051bc6c6b6f7	d__Bacteria; p__Firmicutes; c__Clostridia; o__Clostridia_vadinBB60_group; f__Clostridia_vadinBB60_group; g__Clostridia_vadinBB60_group; s__uncultured_bacterium	0.9899918530328967
6e44ead3f2ba90c2d92aa0865aa62d2c	d__Bacteria; p__Firmicutes; c__Clostridia; o__Oscillospirales; f__Oscillospiraceae; g__Intestinimonas	0.9279937063242788
a01f8c36a63fe80065a214b9ac3e201c	d__Bacteria; p__Spirochaetota; c__Spirochaetia; o__Spirochaetales; f__Spirochaetaceae; g__uncultured; s__uncultured_Treponema	0.8948635856222314
6cbaff8c69eead6db218b0963bd3d6f9	d__Bacteria; p__Firmicutes; c__Clostridia; o__Christensenellales; f__Christensenellaceae; g__Christensenellaceae_R-7_group	0.9855901004792385
180f7080a26467f4287ef202237a077c	d__Bacteria; p__Proteobacteria; c__Gammaproteobacteria; o__Pseudomonadales; f__Pseudomonadaceae; g__Pseudomonas	0.9208722156385882
90ad77d8844527612e8420ea371171c5	d__Bacteria; p__Proteobacteria; c__Gammaproteobacteria; o__Enterobacterales	0.999999379459743
d4177991afb718fcdbcc3b268f6d59df	d__Bacteria; p__Firmicutes; c__Clostridia; o__Lachnospirales; f__Lachnospiraceae	0.9999998968754756
f0150e5e0e7ec9966fc889e0d24ae2f7	d__Bacteria; p__Proteobacteria; c__Alphaproteobacteria; o__Rhizobiales; f__Beijerinckiaceae; g__Microvirga	0.9848844197699795
0076b501e6e209ad38e2247d996dd42f	d__Bacteria; p__Bacteroidota; c__Bacteroidia; o__Bacteroidales; f__Tannerellaceae; g__Parabacteroides	0.9999965284254281
760d55bd6d1f5e00b0105f747ab732c2	d__Bacteria; p__Firmicutes; c__Clostridia	0.9999999895983248
372db3bf0eae7fcf5c1b00eea9d8ab65	d__Bacteria; p__Firmicutes; c__Clostridia; o__Lachnospirales; f__Lachnospiraceae	0.9999827438663088
502b70a7c333bbe2e54e0a33d94ab703	d__Bacteria; p__Firmicutes; c__Clostridia; o__Oscillospirales; f__Ruminococcaceae; g__uncultured; s__metagenome	0.9956565491939964
71a0b3f9cbf0ecb32640a3dc2ca60cf1	d__Bacteria; p__Proteobacteria; c__Gammaproteobacteria; o__Burkholderiales; f__Comamonadaceae	0.9999999625825193
60afe77dbc7356b82f0d2d632f7fbb0f	d__Bacteria; p__Bacteroidota; c__Bacteroidia; o__Flavobacteriales; f__Crocinitomicaceae; g__Fluviicola	0.9999695964313206
67241ec99d16e4845c7b38ca834142b6	d__Bacteria; p__Bacteroidota; c__Bacteroidia; o__Flavobacteriales; f__Flavobacteriaceae; g__Flavobacterium	0.9999996706274339
7fe408a2b95997320969c2bc5362ed26	d__Bacteria; p__Firmicutes; c__Clostridia; o__Oscillospirales; f__Oscillospiraceae; g__UCG-005; s__metagenome	0.9844215424541914
f248a3805dc5ff6a29b46f76b67c73f8	d__Bacteria; p__Firmicutes; c__Clostridia; o__Peptococcales; f__Peptococcaceae; g__uncultured; s__uncultured_bacterium	0.8804229192609478
6a30ef3bca6540cb75efb0e48d476d97	d__Bacteria; p__Firmicutes; c__Clostridia; o__Oscillospirales; f__Ruminococcaceae; g__Incertae_Sedis	0.953760860552783
92200a98f240fa77b58b28983f9c866f	d__Bacteria; p__Firmicutes; c__Clostridia; o__Lachnospirales; f__Lachnospiraceae; g__Dorea	0.7519628778969014
459b80e88564dd1eb83f5c97d4a052d7	d__Bacteria; p__Verrucomicrobiota; c__Verrucomicrobiae; o__Opitutales; f__Puniceicoccaceae; g__uncultured; s__uncultured_bacterium	0.9999014764090866
26b371b2686080afe000a07f749a7830	d__Bacteria; p__Firmicutes; c__Clostridia; o__Oscillospirales; f__UCG-010; g__UCG-010; s__uncultured_bacterium	0.9060713636785415
3eaea12b663a1a2e431b7f0d85986d28	d__Bacteria; p__Firmicutes; c__Clostridia; o__Oscillospirales; f__Oscillospiraceae; g__UCG-005; s__uncultured_rumen	0.8015595387776757
f36c7b8eef386c70fde713351fa92241	d__Bacteria; p__Firmicutes; c__Clostridia; o__Oscillospirales; f__Oscillospiraceae; g__Oscillibacter	0.8302787660919676
c89c898b48d42e497150ae4bd2f8b38a	d__Bacteria; p__Firmicutes; c__Clostridia; o__Lachnospirales; f__Lachnospiraceae; g__Lachnospiraceae_UCG-010; s__uncultured_organism	0.9991294104729084
2d60d018da1a435bbe99027fa562cbae	d__Bacteria; p__Firmicutes; c__Clostridia; o__Lachnospirales; f__Lachnospiraceae; g__Shuttleworthia; s__uncultured_Roseburia	0.9956356235910879
b8168149c4baca4e7b5be73949dacf1f	d__Bacteria; p__Cyanobacteria; c__Vampirivibrionia; o__Gastranaerophilales; f__Gastranaerophilales; g__Gastranaerophilales; s__Clostridium_sp.	0.9982268537259363
2f39982143018a12b6032804c8f38cc1	d__Bacteria; p__Firmicutes; c__Clostridia; o__Oscillospirales; f__Oscillospiraceae; g__Colidextribacter; s__gut_metagenome	0.7555048157080477
091b5264bcc122e22db4504c4a6ec179	d__Bacteria; p__Firmicutes; c__Bacilli; o__Lactobacillales; f__Lactobacillaceae; g__Lactobacillus	0.9879164929678299
eb2dc3cdf672d8ddc3c7ec9b0fb529be	d__Bacteria; p__Firmicutes; c__Clostridia; o__Oscillospirales; f__Butyricicoccaceae; g__UCG-009; s__uncultured_bacterium	0.9984765626595254
6e1cb83d73abae6fc25ea0e534b26323	d__Bacteria; p__Firmicutes; c__Clostridia; o__Oscillospirales; f__Oscillospiraceae	0.9999996274117061
242050aa702761a8ac7f83af55de2a91	d__Bacteria; p__Firmicutes; c__Clostridia; o__Lachnospirales; f__Lachnospiraceae	0.9999999982157719
e3c23bbc3311f6479ed16c5724838093	d__Bacteria; p__Firmicutes; c__Negativicutes; o__Veillonellales-Selenomonadales; f__Sporomusaceae; g__Anaeromusa-Anaeroarcus; s__uncultured_Veillonellaceae	0.7606933918843289
52da1439d268444bdc689a9765495bab	d__Bacteria; p__Firmicutes; c__Bacilli; o__Bacillales; f__Bacillaceae; g__Bacillus	0.9989374204754896
f922bb836523db0b8e265a464de54690	d__Bacteria; p__Proteobacteria; c__Alphaproteobacteria; o__Sphingomonadales; f__Sphingomonadaceae; g__Sphingomonas	0.999974213551148
37fcb575ccd46b8ed9ea6d0379d87a17	d__Bacteria; p__Firmicutes; c__Clostridia; o__Lachnospirales; f__Lachnospiraceae; g__Roseburia	0.7278181792736876
2862b922bcfb14456666c020948d7fc3	d__Bacteria; p__Firmicutes; c__Clostridia; o__Lachnospirales; f__Lachnospiraceae	0.9999483893108624
8d948ba2765a4bc145fd8f6d59f9d4b4	d__Bacteria; p__Firmicutes; c__Clostridia; o__Lachnospirales; f__Lachnospiraceae; g__Lachnospiraceae_FCS020_group; s__metagenome	0.9996531028859664
917555a5511a0758d31eec15fd786bb6	d__Bacteria; p__Firmicutes; c__Clostridia; o__Oscillospirales; f__Oscillospiraceae; g__UCG-005; s__gut_metagenome	0.9537161987747013
680e7f0a680a4764d96d9e367e071461	d__Bacteria; p__Firmicutes; c__Clostridia; o__Lachnospirales; f__Lachnospiraceae; g__Catenibacillus; s__Catenibacillus_scindens	0.8999968223246351
dcfc22d599e7c9c41192750b0fcf54fe	d__Bacteria; p__Firmicutes; c__Clostridia; o__Lachnospirales; f__Lachnospiraceae; g__[Ruminococcus]_gauvreauii_group; s__uncultured_bacterium	0.8530345465813046
6b741efeb97a8dde459dc939db1a6878	d__Bacteria; p__Firmicutes; c__Clostridia; o__Christensenellales; f__Christensenellaceae; g__Christensenellaceae_R-7_group	0.916333727742163
5a39de6e6431938ec45aabf6b8cc7332	d__Bacteria; p__Proteobacteria; c__Gammaproteobacteria; o__Xanthomonadales; f__Xanthomonadaceae; g__Stenotrophomonas; s__Stenotrophomonas_panacihumi	0.9408041617812027
056ee9a7c7564cc78f3c94c88e3e40b4	d__Bacteria; p__Cyanobacteria; c__Cyanobacteriia; o__Cyanobacteriales; f__Coleofasciculaceae	0.9999963032291134
99437080b77c339387447185f9745131	d__Bacteria; p__Actinobacteriota; c__Actinobacteria; o__Corynebacteriales; f__Nocardiaceae; g__Gordonia	0.9814749713784038
45317f50456eab06eac9cc3e476218ac	d__Bacteria; p__Planctomycetota; c__Planctomycetes; o__Planctomycetales; f__Rubinisphaeraceae; g__SH-PL14; s__uncultured_bacterium	0.8512412843042971
6f34d4296cdd2a646793301a8aa4311e	d__Bacteria; p__Proteobacteria; c__Alphaproteobacteria; o__Caulobacterales; f__Hyphomonadaceae; g__SWB02	0.9999999998763585
cecf7a75db789513ccfe37a17f734cdb	d__Bacteria; p__Firmicutes; c__Clostridia; o__Lachnospirales; f__Lachnospiraceae; g__Dorea	0.9735243246741534
76b6f6f14784122127cbd894a306387d	d__Bacteria; p__Firmicutes; c__Clostridia; o__Lachnospirales; f__Lachnospiraceae; g__[Ruminococcus]_torques_group	0.8576890212726641
75914c940eaaabc2761ca0a8c5a96b7b	d__Bacteria; p__Firmicutes; c__Clostridia; o__Oscillospirales; f__Oscillospiraceae; g__Papillibacter; s__uncultured_bacterium	0.9851897600009781
4495198168cb1b50f87abfc645572350	d__Bacteria; p__Bacteroidota; c__Bacteroidia; o__Bacteroidales; f__Prevotellaceae; g__Prevotella; s__Prevotella_disiens	0.9999999244390125
3e30e06128a3c0b3bfa94e1624591ca2	d__Bacteria; p__Firmicutes; c__Clostridia; o__Oscillospirales; f__Ruminococcaceae; g__uncultured; s__uncultured_Clostridiales	0.9180998724299871
3641fe15307becf9f0438c3fbe9a24a7	d__Bacteria; p__Firmicutes; c__Clostridia; o__Peptococcales; f__Peptococcaceae; g__uncultured	0.9999823159450841
5c8eebacbabce9068d0a5b76f8584bb0	d__Bacteria; p__Firmicutes; c__Syntrophomonadia; o__Syntrophomonadales; f__Syntrophomonadaceae; g__Syntrophomonas; s__uncultured_Syntrophomonas	0.9784487165111458
40d2bfe8301a50df9de0fd44821e727c	d__Bacteria; p__Bacteroidota; c__Bacteroidia; o__Bacteroidales; f__Prevotellaceae; g__Prevotella; s__Prevotella_bivia	0.9999998315454235
fcdaae09a9c013f686ac6ba54a4bece6	d__Bacteria; p__Actinobacteriota; c__Coriobacteriia; o__Coriobacteriales; f__Atopobiaceae; g__Atopobium; s__Atopobium_vaginae	0.9711629647469568
0c34a08edbe98c913c6c1d805aa4562e	d__Bacteria; p__Firmicutes; c__Clostridia; o__Peptococcales; f__Peptococcaceae; g__uncultured	0.9950227287029455
b4b7d7dd3fca2df196ef80a58f42ed53	d__Bacteria; p__Firmicutes; c__Clostridia; o__Peptococcales; f__Peptococcaceae; g__uncultured; s__metagenome	0.9999869106895743
49fb0593c9da30d32631ef0fc5226528	d__Bacteria; p__Bacteroidota; c__Bacteroidia; o__Bacteroidales; f__Tannerellaceae; g__Parabacteroides; s__Parabacteroides_distasonis	0.8965245826625038
d5a5f07e1baec92ccc2c9bf9f80c83bf	d__Bacteria; p__Bacteroidota; c__Bacteroidia; o__Bacteroidales; f__Rikenellaceae; g__Alistipes; s__Alistipes_putredinis	0.8373553566947044
0b114c99e1f98acc940e05bc82817ca4	d__Bacteria; p__Firmicutes; c__Clostridia; o__Oscillospirales; f__Oscillospiraceae; g__uncultured	0.9137285574466689
48b21e7126b38da732c04d64666c968f	d__Bacteria; p__Firmicutes; c__Clostridia; o__Oscillospirales; f__Ruminococcaceae; g__Subdoligranulum	0.9154992748181898
5475edc12d6295fef8ff5bead76fdef0	d__Bacteria; p__Proteobacteria; c__Gammaproteobacteria; o__Alteromonadales; f__Alteromonadaceae; g__Rheinheimera	0.8173932752701245
e4e3bc25de21034511b24e055ec08507	d__Bacteria; p__Firmicutes; c__Negativicutes; o__Veillonellales-Selenomonadales; f__Veillonellaceae; g__Dialister	0.981007693877424
e058e853d280d02093db02b63abc808e	d__Bacteria; p__Actinobacteriota; c__Actinobacteria; o__Micrococcales; f__Micrococcaceae; g__Rothia	0.9999916469080641
335d0ebf58f47ad5c530509dce5a02d8	d__Bacteria; p__Firmicutes; c__Clostridia; o__Christensenellales; f__Christensenellaceae; g__uncultured; s__uncultured_bacterium	0.9679092688667039
d3b03cbcc35b4ec7b18ebe831f997d32	d__Bacteria; p__Firmicutes; c__Clostridia; o__Oscillospirales; f__Ruminococcaceae	0.9936714894853547
2fb3cdf7aba813e38704b18528be28c6	d__Bacteria; p__Bacteroidota; c__Bacteroidia; o__Bacteroidales; f__Tannerellaceae; g__Parabacteroides	0.9999986692216225
9a5f2d90d2f341610f8e5fe5455ebd10	d__Bacteria; p__Firmicutes; c__Bacilli; o__Izemoplasmatales; f__Izemoplasmatales; g__Izemoplasmatales; s__gut_metagenome	0.9990389995436845
3ab40657d56c0847f54fa53439320b7f	d__Bacteria; p__Verrucomicrobiota; c__Verrucomicrobiae; o__uncultured; f__uncultured; g__uncultured	0.9999999997743841
de27bb5952e250b1eaf524a5c684cdc0	d__Bacteria; p__Firmicutes; c__Clostridia; o__Oscillospirales; f__Ruminococcaceae	0.9986185643552394
e13ce1fdec9f92d7dfe163e59642b57a	d__Bacteria; p__Proteobacteria; c__Alphaproteobacteria; o__Rhizobiales; f__Beijerinckiaceae; g__Microvirga	0.999936188724372
c434ee7f909f455fc2109ef1f741a2d4	d__Bacteria; p__Actinobacteriota; c__Actinobacteria; o__Pseudonocardiales; f__Pseudonocardiaceae; g__Crossiella; s__uncultured_bacterium	0.868688453063959
7cb5e1dbc0eb6a920840c20b92eadd48	d__Bacteria; p__Firmicutes; c__Clostridia; o__Lachnospirales; f__Lachnospiraceae	0.9998705850127697
8237756c4ed8881077498051ec59535c	d__Bacteria; p__Firmicutes; c__Clostridia; o__Lachnospirales; f__Lachnospiraceae; g__Anaerostipes	0.9996180057346182
44eaa363f78de78d2e90eb2930143c92	d__Bacteria; p__Firmicutes; c__Clostridia; o__Lachnospirales; f__Lachnospiraceae	0.999972250885713
90d5eba7abb3f8c725448e621bc76f0e	d__Bacteria; p__Firmicutes; c__Clostridia; o__Peptostreptococcales-Tissierellales; f__Anaerovoracaceae; g__S5-A14a	0.9999982754267294
466252b5cedb4fbfb8e3588061e07e93	d__Bacteria; p__Actinobacteriota; c__Actinobacteria; o__Actinomycetales; f__Actinomycetaceae; g__Actinomyces; s__Schaalia_odontolytica	0.8753861023530899
89da0e390157655822b089a2d3e0104a	d__Bacteria; p__Firmicutes; c__Bacilli; o__Lactobacillales; f__Lactobacillaceae; g__Lactobacillus; s__Lactobacillus_vaginalis	0.8587701460861988
bfcf99258cd9756216979b9e7885af0f	d__Bacteria; p__Proteobacteria; c__Gammaproteobacteria; o__Pasteurellales; f__Pasteurellaceae; g__Haemophilus	0.9521018022692312
57c624352cd40946d12db2766ba8116d	d__Bacteria; p__Firmicutes; c__Clostridia	0.8026519811125444
ee632093c837b20f454f121c761bfb0a	d__Bacteria; p__Actinobacteriota; c__Actinobacteria; o__Kineosporiales; f__Kineosporiaceae; g__Kineosporia	0.9092280683174674
765547a42f787b89d9725e3989c65f80	d__Bacteria; p__Cyanobacteria; c__Cyanobacteriia; o__Cyanobacteriales; f__Coleofasciculaceae; g__Microcoleus_SAG_1449-1a; s__uncultured_cyanobacterium	0.9452073216223146
4fbbd75cc6237237f973f1b77ee7ad43	d__Bacteria; p__Myxococcota; c__Polyangia; o__Polyangiales; f__Sandaracinaceae; g__uncultured; s__uncultured_bacterium	0.9819154849243447
edeed9faa64ebba86d90d199dfdbbbc3	d__Bacteria	0.9999135664337684
78eb5a75df9a98a57be5536405140533	d__Bacteria; p__Firmicutes; c__Clostridia; o__Peptostreptococcales-Tissierellales; f__Anaerovoracaceae; g__[Eubacterium]_nodatum_group	0.9105856314614656
a2dfe0b42c2c98d28f7bd52a650cf18d	d__Bacteria; p__Bacteroidota; c__Bacteroidia; o__Flavobacteriales; f__Flavobacteriaceae; g__Flavobacterium	0.9999999070664525
082887bc7e878befceaa17b0d1bfa480	d__Bacteria; p__Firmicutes; c__uncultured; o__uncultured; f__uncultured; g__uncultured; s__uncultured_Peptococcaceae	0.9995300686212051
6a3eb381af5cf1b4e898b381b86a9590	d__Bacteria; p__Firmicutes; c__Clostridia; o__Oscillospirales; f__Butyricicoccaceae; g__Butyricicoccus; s__uncultured_bacterium	0.9639150942397772
f7a71266fdca734bb01186db2c9dee66	d__Bacteria; p__Firmicutes; c__Clostridia; o__Oscillospirales; f__Ruminococcaceae; g__Faecalibacterium	0.9704279279875825
26e4488fd81968188542e0653a59da52	d__Bacteria; p__Firmicutes; c__Clostridia; o__Peptostreptococcales-Tissierellales; f__Anaerovoracaceae; g__Family_XIII_AD3011_group	0.9723372462418787
75123631297824640b8c0e266f859762	d__Bacteria; p__Firmicutes; c__Clostridia; o__Lachnospirales; f__Lachnospiraceae	0.9999990696087051
634aaa239089156ae20d938019fbb335	d__Bacteria; p__Bacteroidota; c__Bacteroidia; o__Bacteroidales; f__Prevotellaceae; g__Prevotella; s__Prevotella_bivia	0.9999999073468658
313d50e27462dbc8421924689c875b88	d__Bacteria; p__Firmicutes; c__Clostridia; o__Oscillospirales	0.9999794762697298
03d138e2fbcad800798914db55f9e554	d__Bacteria; p__Firmicutes; c__Clostridia; o__Clostridia; f__Hungateiclostridiaceae; g__Ruminiclostridium	0.7903319418846341
5929b0b219f06235a4fd0fae7717cef5	d__Bacteria; p__Bacteroidota; c__Bacteroidia; o__Bacteroidales; f__Bacteroidaceae; g__Bacteroides	0.9795758650723572
6239710c40563b5cadbb894c25c059b5	d__Bacteria; p__Firmicutes; c__Clostridia; o__Lachnospirales; f__Lachnospiraceae; g__Lachnospiraceae_NC2004_group; s__uncultured_bacterium	0.78051243191544
50a8feac099548ef0891e13dd47261b2	d__Bacteria; p__Firmicutes; c__uncultured; o__uncultured; f__uncultured; g__uncultured; s__uncultured_Peptococcaceae	0.9999750378171814
dd961b6cf63bed16e7309de378d47066	d__Bacteria; p__Firmicutes; c__Clostridia; o__Lachnospirales; f__Lachnospiraceae; g__uncultured; s__bacterium_enrichment	0.905699622144563
29d7ff3013506b4d3c155c1e59a9abf5	d__Bacteria; p__Firmicutes; c__Clostridia; o__Peptostreptococcales-Tissierellales; f__Anaerovoracaceae; g__Family_XIII_AD3011_group; s__uncultured_bacterium	0.825585315062293
032152d0f98cd4a8f293f6e889ccc3a2	d__Bacteria; p__Firmicutes; c__Clostridia; o__Lachnospirales; f__Lachnospiraceae; g__[Eubacterium]_hallii_group; s__unidentified	0.7933325387651867
7db924e6848dfcaf852b2b1cc5a28594	d__Bacteria; p__Firmicutes; c__Clostridia	0.9999999838308111
f481336cfa57d1506fdf38b3f3105168	d__Bacteria; p__Bacteroidota; c__Bacteroidia; o__Flavobacteriales; f__Flavobacteriaceae; g__Flavobacterium	0.9999082202787317
2d5c57309409f7a6c7fe08d4ddf6cd79	d__Bacteria; p__Firmicutes; c__Clostridia; o__Clostridiales; f__Clostridiaceae; g__Clostridium_sensu_stricto_1	0.999994228712088
cfb6ec988d1b6d0c9ebb768265b06963	d__Bacteria; p__Firmicutes; c__Clostridia; o__Oscillospirales; f__Ruminococcaceae; g__Incertae_Sedis	0.9321722974103812
3349d87896d89fa6cdbcffa14b11b800	d__Bacteria; p__Proteobacteria; c__Gammaproteobacteria; o__Burkholderiales; f__Oxalobacteraceae	0.999404391439543
9690262e8a4bc8b2947841f3855b5920	d__Bacteria; p__Firmicutes; c__Clostridia; o__Oscillospirales; f__Ruminococcaceae; g__Ruminococcus	0.9798871332628425
58d3130a80b838ab6049e1281f65d77e	d__Bacteria; p__Bacteroidota; c__Bacteroidia; o__Bacteroidales; f__Bacteroidaceae; g__Bacteroides	0.9810817836018133
9184e1fc990dced5e23d6d58981c18fc	d__Bacteria; p__Firmicutes; c__Clostridia; o__Lachnospirales; f__Lachnospiraceae; g__Agathobacter; s__uncultured_bacterium	0.8953058651205047
1ca8e5e54bf194a9b73040d7ca0004a6	d__Bacteria; p__Bacteroidota; c__Bacteroidia; o__Flavobacteriales; f__Flavobacteriaceae; g__Flavobacterium	0.9999997241106433
b769dab35981bfc89acc45af1001cc59	d__Bacteria; p__Firmicutes; c__Clostridia; o__Lachnospirales; f__Lachnospiraceae; g__Lachnoclostridium	0.9775836314437027
8a226b31641857eb1ca386a7a4e03625	d__Bacteria; p__Firmicutes; c__Bacilli; o__Lactobacillales; f__Enterococcaceae; g__Enterococcus	0.9241051853977175
5a511d747ecaf42b3bb2dc6682bfece3	d__Bacteria; p__Firmicutes; c__Clostridia; o__Clostridiales; f__Clostridiaceae; g__Clostridium_sensu_stricto_1; s__Clostridium_butyricum	0.9789599410712521
aabef3e83866bd8f5475b9b339322d51	d__Bacteria; p__Firmicutes; c__Clostridia; o__Oscillospirales; f__Ruminococcaceae; g__UBA1819; s__uncultured_organism	0.7183087474748008
0f997ddcec4b50149781bfe15e106ce6	d__Bacteria; p__Firmicutes; c__Clostridia; o__Peptostreptococcales-Tissierellales; f__Anaerovoracaceae; g__Family_XIII_AD3011_group; s__uncultured_bacterium	0.7602554968573849
7f87c4c1f06f00034873a8a1b97a8896	d__Bacteria; p__Bacteroidota; c__Bacteroidia; o__Bacteroidales; f__Barnesiellaceae; g__Coprobacter; s__Coprobacter_secundus	0.9197247573210819
5d55f8af713689d6fd58ed91dbd3036a	d__Bacteria; p__Firmicutes; c__Clostridia; o__Oscillospirales; f__[Eubacterium]_coprostanoligenes_group; g__[Eubacterium]_coprostanoligenes_group	0.9999890093640351
7b20abcf2b9d430708b34fe46cde189f	d__Bacteria; p__Firmicutes; c__Clostridia; o__Peptostreptococcales-Tissierellales; f__Anaerovoracaceae; g__[Eubacterium]_nodatum_group; s__uncultured_bacterium	0.7894439667175269
53b22657b21c7a71bc5505d1c32c6b47	d__Bacteria; p__Firmicutes; c__Clostridia; o__Lachnospirales; f__Lachnospiraceae	0.9907134116337151
78cbe1216037089518fc724429236ac5	d__Bacteria; p__Proteobacteria; c__Alphaproteobacteria; o__Caulobacterales; f__Caulobacteraceae; g__Asticcacaulis	0.9999999993035451
09a0f08c867a618fe1f41d44c5309916	d__Bacteria; p__Proteobacteria; c__Gammaproteobacteria; o__Burkholderiales; f__Oxalobacteraceae; g__Massilia	0.9999679050725623
4cb288686955fe52f81301d76f353c2c	d__Bacteria; p__Myxococcota; c__Myxococcia; o__Myxococcales; f__Myxococcaceae	0.9999208964489882
98c9b9722d5f403f264b30a7612f4658	d__Bacteria; p__Actinobacteriota; c__Thermoleophilia; o__Solirubrobacterales; f__Solirubrobacteraceae; g__Solirubrobacter	0.9996386980094174
6fb87e3cf7160dd6e77ccf562666623d	d__Bacteria; p__Actinobacteriota; c__Rubrobacteria; o__Rubrobacterales; f__Rubrobacteriaceae; g__Rubrobacter; s__uncultured_bacterium	0.9829708136310111
447d87d2fd7619871cc764f79bfe7e6b	d__Bacteria; p__Firmicutes; c__Clostridia; o__Lachnospirales; f__Lachnospiraceae; g__Blautia	0.9790453210407141
0104a0d309ec8392902cdec8e1fbbb82	d__Bacteria; p__Bacteroidota; c__Bacteroidia; o__Chitinophagales; f__Chitinophagaceae; g__Flavisolibacter	0.7518104168519888
fb956ddbd2f6553b173d46e12f1b01d1	d__Bacteria; p__Firmicutes; c__Clostridia; o__Lachnospirales; f__Lachnospiraceae	0.9987894744884103
f12106963444363c13bdcb276d1c8e5c	d__Bacteria; p__Actinobacteriota; c__Actinobacteria; o__Streptomycetales; f__Streptomycetaceae; g__Streptomyces	0.9971748404540013
a916c7109bb50aec454c5dc5076b13f3	d__Bacteria; p__Firmicutes; c__Clostridia; o__Lachnospirales; f__Lachnospiraceae; g__uncultured; s__bacterium_enrichment	0.9851136852055271
0579902dc61569f2a5cc9360f2931239	d__Archaea; p__Crenarchaeota; c__Nitrososphaeria; o__Nitrososphaerales; f__Nitrososphaeraceae; g__Candidatus_Nitrocosmicus; s__uncultured_archaeon	0.8090513374993378
976c50850be41d01370cb06dd58db3bc	d__Bacteria; p__Firmicutes; c__Clostridia	0.9989103225769644
239641f5c3ad6872e77f8926b7af46d1	d__Bacteria; p__Firmicutes; c__Clostridia; o__Peptostreptococcales-Tissierellales; f__Anaerovoracaceae; g__Family_XIII_AD3011_group; s__uncultured_bacterium	0.8261462080280626
d80d8f7eabdeac0a8ce911f20aa50a92	d__Bacteria; p__Firmicutes; c__Clostridia; o__Lachnospirales; f__Lachnospiraceae	0.9899340300431418
1655c19b5ecb80e346cd2c2cf8e44c9a	d__Bacteria; p__Firmicutes; c__Clostridia; o__Oscillospirales; f__Ruminococcaceae; g__Ruminococcus; s__Ruminococcus_sp.	0.816727279181281
eab1e37338a2769cf46b58e8261c9b70	d__Bacteria; p__Firmicutes; c__Clostridia; o__Clostridia; f__Hungateiclostridiaceae; g__Ruminiclostridium; s__uncultured_bacterium	0.8629095827492911
f52e9c2d1497e35a1bf9fe5c9a1497b5	d__Bacteria; p__Firmicutes; c__Negativicutes; o__Veillonellales-Selenomonadales; f__Veillonellaceae; g__Allisonella; s__uncultured_bacterium	0.9695800887084317
841c4e743031bde1c18eb1c2ff1b5cc9	d__Bacteria; p__Firmicutes; c__Clostridia; o__Oscillospirales; f__Ruminococcaceae; g__Faecalibacterium	0.9825588677674576
6c990a0114d9cd0fb21a14cf77f40313	d__Bacteria; p__Proteobacteria; c__Gammaproteobacteria; o__Burkholderiales; f__Comamonadaceae; g__Delftia	0.868336946651194
f775a66445a2744b0730285b2dfd5030	d__Bacteria; p__Proteobacteria; c__Alphaproteobacteria; o__Rhizobiales; f__Beijerinckiaceae; g__Microvirga	0.9999851735339788
a891c9a4d88bc0d8e5cdf1b54d48f291	d__Bacteria; p__Firmicutes; c__Clostridia; o__Lachnospirales; f__Lachnospiraceae	0.9999380384331986
a82f9867c5d0e1308d9f65e2c78cf8f7	d__Bacteria; p__Planctomycetota; c__Phycisphaerae; o__Tepidisphaerales; f__Tepidisphaeraceae; g__Tepidisphaera; s__uncultured_bacterium	0.9999363494159739
e9072aa5626dfeadead1b7672fb26ab1	d__Bacteria; p__Cyanobacteria; c__Cyanobacteriia; o__Cyanobacteriales; f__Nostocaceae; g__Nostoc_PCC-73102	0.9399302273437699
f566b580a21aa18f8ef357844a2e937e	d__Bacteria; p__Actinobacteriota; c__Coriobacteriia; o__Coriobacteriales; f__Atopobiaceae; g__uncultured; s__uncultured_bacterium	0.9951934884523379
8956ac64568c6aa4dee2f308967f5485	d__Bacteria; p__Firmicutes; c__Clostridia; o__Lachnospirales; f__Lachnospiraceae	0.99999730055257
9ba1510cd6d85279b4cc85f742407f3d	d__Bacteria; p__Firmicutes; c__Clostridia; o__Oscillospirales; f__uncultured; g__uncultured	0.7502618648952631
8595914c435a32ffc66dbf6517344917	d__Bacteria; p__Firmicutes; c__Clostridia; o__Eubacteriales; f__Anaerofustaceae; g__Anaerofustis; s__Anaerofustis_stercorihominis	0.9058956774495133
01ef09298e905762aabcaf7061ac47de	d__Bacteria; p__Firmicutes; c__Clostridia; o__Lachnospirales; f__Defluviitaleaceae; g__Defluviitaleaceae_UCG-011; s__uncultured_bacterium	0.9999408380495959
579b88c4818682f348f9766232f59bc2	d__Bacteria; p__Firmicutes; c__Clostridia; o__Lachnospirales; f__Lachnospiraceae; g__Lachnospiraceae_UCG-004	0.7401329918923384
4cba486150b07248af974377c92be91f	d__Bacteria; p__Firmicutes; c__Clostridia; o__Christensenellales; f__Christensenellaceae; g__Christensenellaceae; s__Christensenella_sp.	0.9629100231600822
c19e02a23fe8233e2892f3d07686746c	d__Bacteria; p__Firmicutes; c__Clostridia	0.8328914070872988
18b9a0e9c42e0ec68b10863b5096f2b2	d__Bacteria; p__Firmicutes; c__Clostridia; o__Oscillospirales; f__Oscillospiraceae; g__UCG-002	0.9204618662987746
743d34a0718b5bc4c46059765ec7108e	d__Bacteria; p__Firmicutes; c__Clostridia; o__Oscillospirales; f__Ruminococcaceae	0.8730948097393038
27040d8f231dcc537ac00c018d52d225	d__Bacteria; p__Firmicutes; c__Clostridia; o__Lachnospirales; f__Lachnospiraceae	0.9999951996758901
98335677968d32d1a27a6d98b4fde73d	d__Bacteria; p__Firmicutes; c__Bacilli; o__Erysipelotrichales; f__Erysipelotrichaceae; g__Turicibacter	0.960222529512885
75c34ff3f640308d5ddbf937e5952a05	d__Bacteria; p__Firmicutes; c__Clostridia; o__Lachnospirales; f__Lachnospiraceae; g__Blautia; s__Ruminococcus_sp.	0.8906394556812922
1991e1ef01b6746e91ecfaf21388a5f4	d__Bacteria; p__Firmicutes; c__Clostridia; o__Lachnospirales; f__Lachnospiraceae; g__Agathobacter	0.8013839745754927
f6ddda978d311a6186632feef15d4d99	d__Bacteria	0.999999999936046
65a0d75dac30dd360241a45330df4acc	d__Bacteria; p__Firmicutes; c__Clostridia; o__Lachnospirales; f__Lachnospiraceae; g__uncultured; s__Faecalimonas_umbilicata	0.8930950122659844
7f75d8a821654e88f127cae368d61bee	d__Bacteria; p__Firmicutes; c__Negativicutes; o__Veillonellales-Selenomonadales; f__Veillonellaceae; g__Dialister; s__Dialister_pneumosintes	0.9719627581164281
ec4ec841cbffbf81cffbffb6a5b675b0	d__Bacteria; p__Firmicutes; c__Clostridia; o__Lachnospirales; f__Lachnospiraceae; g__GCA-900066575; s__uncultured_organism	0.9724694644925741
7bdf4a809585679151d269524d3a1afb	d__Bacteria; p__Firmicutes; c__Clostridia; o__Oscillospirales; f__Ruminococcaceae; g__uncultured	0.9998199881019408
7af734b7981b899001266e96b720198c	d__Bacteria; p__Firmicutes; c__Clostridia; o__Lachnospirales; f__Lachnospiraceae; g__Agathobacter; s__uncultured_bacterium	0.78352964862381
d4e22720c015bb9c0f84c3086aab0008	d__Bacteria; p__Proteobacteria; c__Gammaproteobacteria; o__Xanthomonadales; f__Xanthomonadaceae; g__Arenimonas; s__uncultured_soil	0.8475032352628419
209e2b516fc6e6e657a494aec5be3582	d__Bacteria; p__Firmicutes; c__Clostridia; o__Oscillospirales; f__Oscillospiraceae; g__Oscillibacter; s__uncultured_bacterium	0.9106335583014524
52f3ee9d7f76534a8790700b670b2443	d__Bacteria; p__Firmicutes; c__Clostridia; o__Clostridia_vadinBB60_group; f__Clostridia_vadinBB60_group; g__Clostridia_vadinBB60_group; s__uncultured_bacterium	0.9872264487342463
0a2b6aca5a18e68ccb9eba069ac1dd6d	d__Bacteria; p__Firmicutes; c__Clostridia; o__Oscillospirales; f__Ruminococcaceae	0.9999638281656487
64c91220016524f4ceb789d1e05ff88f	d__Bacteria; p__Firmicutes; c__Clostridia; o__Christensenellales; f__Christensenellaceae; g__uncultured; s__uncultured_rumen	0.7302932163757665
a01edb4b7d70ec45f8290c4be19e31c5	d__Bacteria; p__Firmicutes; c__Clostridia; o__Clostridia_UCG-014; f__Clostridia_UCG-014; g__Clostridia_UCG-014; s__uncultured_bacterium	0.8307731851459889
5dbda0dd023af6902b35a625dd71169a	d__Bacteria; p__Bacteroidota; c__Bacteroidia; o__Cytophagales; f__Spirosomaceae; g__Pseudarcicella; s__uncultured_bacterium	0.7435389639016088
15b9bd7b319adc431c7e129fba0bae93	d__Bacteria; p__Proteobacteria; c__Alphaproteobacteria; o__Rhodobacterales; f__Rhodobacteraceae	0.9999895878529037
07462ac7c3d672ed97f7835a2001d264	d__Bacteria; p__Firmicutes; c__Clostridia; o__Lachnospirales; f__Lachnospiraceae; g__Anaerostipes; s__Anaerostipes_sp.	0.9011475930888074
96240ae2179708ae9c14da008783cac5	d__Bacteria; p__Firmicutes; c__Clostridia; o__Christensenellales; f__Christensenellaceae; g__Christensenellaceae_R-7_group	0.9631174334157863
e0a7ef42f7f17aca94f49a193e075bc8	d__Bacteria; p__Firmicutes; c__Clostridia; o__Oscillospirales; f__Ruminococcaceae; g__Incertae_Sedis; s__uncultured_bacterium	0.9215253439484111
f89fba57d2c865f1e2774abd93e73264	d__Bacteria; p__Bacteroidota; c__Bacteroidia; o__Chitinophagales; f__Chitinophagaceae; g__Chitinophagaceae; s__Flavisolibacter_sp.	0.8109843672249369
49c4e73d98fc496d352000f068c4522e	d__Bacteria; p__Actinobacteriota; c__Actinobacteria; o__Frankiales; f__Geodermatophilaceae; g__Blastococcus	0.9995266927878586
e1ddfa609678d2a274a95044eef1e608	d__Archaea; p__Crenarchaeota; c__Nitrososphaeria; o__Nitrososphaerales; f__Nitrososphaeraceae; g__Candidatus_Nitrocosmicus; s__uncultured_archaeon	0.7690720479363643
2d01b957c17fd7f400693fb059b4e5ef	d__Bacteria; p__Proteobacteria; c__Alphaproteobacteria; o__Rhizobiales; f__Beijerinckiaceae; g__Microvirga	0.9949967443197211
424cb6bc1c43aea453289b4cc51e654f	d__Bacteria; p__Firmicutes; c__Clostridia; o__Oscillospirales; f__Oscillospiraceae; g__UCG-005	0.8872618147185273
9279403ab31c9b2574b09cef10f08586	d__Bacteria; p__Firmicutes; c__Bacilli; o__Paenibacillales; f__Paenibacillaceae; g__Ammoniphilus	0.9999952535997517
e4350e486376204f4d0abe772d1edd73	d__Bacteria; p__Firmicutes; c__Clostridia; o__Oscillospirales; f__Ruminococcaceae; g__Ruminococcus; s__uncultured_bacterium	0.8865497090997803
c3e22a6c1eb5fcd50b7a4a996de7f1d8	d__Bacteria; p__Bacteroidota; c__Bacteroidia; o__Flavobacteriales; f__Flavobacteriaceae; g__Flavobacterium	0.9999988136710459
1c9fe62a99673a06c98d847f25ad64e9	d__Bacteria; p__Firmicutes; c__Clostridia; o__Oscillospirales; f__Oscillospiraceae; g__Oscillibacter	0.999999702351702
cf2003bc7e95781cf0bdda100dbdb5f3	d__Bacteria; p__Firmicutes; c__Clostridia; o__Oscillospirales; f__Ruminococcaceae; g__Incertae_Sedis; s__uncultured_bacterium	0.9348525843194327
ca7528867af8b346b3d0f1584c82a71b	d__Bacteria; p__Bacteroidota; c__Bacteroidia; o__Sphingobacteriales; f__Sphingobacteriaceae; g__Pedobacter	0.9849365334638582
4cd3588b75abf3c1422a52d933ba4b22	d__Bacteria; p__Firmicutes; c__Bacilli; o__Bacillales; f__Planococcaceae; g__Bhargavaea	0.9056113001219477
2f8f903b3e389a23306caa949b84b564	d__Bacteria; p__Actinobacteriota; c__Actinobacteria; o__Bifidobacteriales; f__Bifidobacteriaceae; g__Bifidobacterium	0.9826693857378443
8e55ae5b66f991f8a57d97ac2ee83d17	d__Bacteria; p__Firmicutes; c__Clostridia; o__Lachnospirales; f__Lachnospiraceae; g__Oribacterium; s__uncultured_bacterium	0.9365136394042937
6a376c51d133fc70c9f57d3bb4ccbc97	d__Bacteria; p__Firmicutes; c__Clostridia; o__Oscillospirales; f__Ruminococcaceae; g__Anaerofilum; s__uncultured_bacterium	0.9983990477224373
8364edc00f147d7cccdb2c423592d561	d__Bacteria; p__Proteobacteria; c__Alphaproteobacteria; o__Rhizobiales; f__Beijerinckiaceae; g__Microvirga	0.9952998118697378
e4c24e2fef712a969f0133dce9c18cae	d__Bacteria; p__Bacteroidota; c__Bacteroidia; o__Bacteroidales; f__Marinifilaceae; g__Butyricimonas	0.9999089842408486
14dd5069dc3f4e69a2e7b028b9798afa	d__Bacteria; p__Firmicutes; c__Clostridia; o__Oscillospirales; f__Ruminococcaceae; g__Incertae_Sedis; s__uncultured_bacterium	0.8738317594477141
487ed6f97ad5b684d89f6fe16d2986d5	d__Bacteria; p__Bacteroidota; c__Bacteroidia; o__Bacteroidales; f__Tannerellaceae; g__Parabacteroides; s__Parabacteroides_gordonii	0.9924844479099253
73bd5954e15c6d11567ba23231828af3	d__Bacteria; p__Firmicutes; c__Clostridia; o__Lachnospirales; f__Lachnospiraceae; g__Lachnospiraceae_UCG-004; s__uncultured_bacterium	0.8954778018027999
1b90a23919b31e3b0d7adea64f2adb75	d__Bacteria; p__Firmicutes; c__Clostridia; o__Lachnospirales; f__Lachnospiraceae	0.9999752909434059
e36b656ea92f53f58cfc75afdaa186fd	d__Bacteria; p__Proteobacteria; c__Gammaproteobacteria; o__Xanthomonadales; f__Xanthomonadaceae; g__Pseudoxanthomonas	0.9999980879701692
f48f6c2b69b257f9a2b5e93cccedb5a5	d__Bacteria; p__Actinobacteriota; c__Actinobacteria; o__Corynebacteriales	0.9995120829626416
0ca45d9c78f8923df77ff38be18fab55	d__Bacteria; p__Proteobacteria; c__Gammaproteobacteria; o__Pseudomonadales; f__Pseudomonadaceae; g__Pseudomonas	0.9999999576593525
29f6aed349dc487cde690bb8dc9f2b83	d__Bacteria; p__Firmicutes; c__Clostridia; o__Lachnospirales; f__Lachnospiraceae	0.9999980930671769
ea5a255bb43d56f6f989616a22e6b94b	d__Bacteria; p__Proteobacteria; c__Gammaproteobacteria; o__Enterobacterales; f__Enterobacteriaceae	0.902017871588348
dc75f61f7a7a1c982db2a1bb4ab4b6dc	d__Bacteria; p__Firmicutes; c__Clostridia; o__Christensenellales; f__Christensenellaceae; g__Christensenellaceae_R-7_group	0.9946168853940692
d9031d58703bf45b143da2cdc6adca72	d__Bacteria; p__Firmicutes; c__Clostridia; o__Peptostreptococcales-Tissierellales; f__Peptostreptococcaceae; g__Peptostreptococcus	0.999999984835078
f098c8e189e59e1513d2e54c226f52ee	d__Bacteria; p__Firmicutes; c__Clostridia; o__Lachnospirales; f__Lachnospiraceae	0.9998699678161505
b41682cc5427ab31f57f9d6d75ac7813	d__Bacteria; p__Firmicutes; c__Clostridia; o__Peptococcales; f__Peptococcaceae; g__uncultured; s__metagenome	0.9305673184683305
4781c774210bf15980c974b5af2e7818	d__Bacteria; p__Firmicutes; c__Clostridia; o__Lachnospirales; f__Lachnospiraceae	0.9999998459820437
c8ec691c361fddd2232d731b5d94aba3	d__Bacteria; p__Firmicutes; c__Clostridia; o__Oscillospirales; f__Ruminococcaceae; g__Incertae_Sedis; s__uncultured_bacterium	0.9614271042665755
b740b0131fd2b128e4caf29672231f58	d__Bacteria; p__Firmicutes; c__Clostridia; o__Peptococcales; f__Peptococcaceae; g__uncultured; s__metagenome	0.999986131396687
b89a50aef878dd51f3abbe82f35c2df9	d__Bacteria; p__Actinobacteriota; c__Actinobacteria; o__Corynebacteriales; f__Corynebacteriaceae; g__Corynebacterium	0.999988415132693
0fe66da5699cff7c0bf03e8817e330ad	d__Bacteria; p__Bacteroidota; c__Bacteroidia; o__Bacteroidales; f__Bacteroidaceae; g__Bacteroides	0.9945145188849938
c9db7cd23a9316df61eaa96b1a4588b6	d__Bacteria; p__Firmicutes; c__Clostridia; o__Lachnospirales; f__Lachnospiraceae; g__Lachnospiraceae_ND3007_group	0.9609849536951699
712d97534db139739df32041e2942d91	d__Bacteria; p__Firmicutes; c__Clostridia; o__Lachnospirales; f__Lachnospiraceae	0.9999562553298871
794d89546c89eb59dc49518c120cd0d5	d__Bacteria; p__Bacteroidota; c__Bacteroidia; o__Bacteroidales; f__Bacteroidaceae; g__Bacteroides	0.9174863863934927
792ebdc292df65435dbf4ead1ab75d2b	d__Bacteria; p__Firmicutes; c__Clostridia; o__Lachnospirales; f__Lachnospiraceae	0.9838866462637599
cb96d2c0202522e429d19931e1864374	d__Bacteria; p__Firmicutes; c__Clostridia; o__Oscillospirales; f__Ruminococcaceae; g__Fournierella	0.966211068118533
b46fef98eba954bcad9cfc4ed8bd6264	d__Bacteria; p__Firmicutes; c__Bacilli; o__Erysipelotrichales; f__Erysipelatoclostridiaceae; g__Erysipelotrichaceae_UCG-003	0.9985536507865609
ca99529f57759af58e77c754e2bc6a92	d__Bacteria; p__Firmicutes; c__Clostridia; o__Lachnospirales; f__Lachnospiraceae	0.9999937024083458
f2abe5118dcaf7f2cc5c9432a7159851	d__Bacteria; p__Firmicutes; c__Clostridia; o__Oscillospirales; f__Ruminococcaceae; g__Negativibacillus; s__uncultured_organism	0.8552309402048632
d80260566bad0504275ac23165fb7052	d__Bacteria; p__Firmicutes; c__Clostridia; o__Lachnospirales; f__Lachnospiraceae	0.9999958711838535
eba9202c3ae5c88a565fba210ab48102	d__Bacteria; p__Firmicutes; c__Clostridia; o__Lachnospirales; f__Lachnospiraceae; g__Roseburia	0.7438184332932505
f54fcfa9869c687ec1ca023accaaa194	d__Bacteria; p__Firmicutes; c__Clostridia; o__Oscillospirales; f__Oscillospiraceae; g__Oscillibacter; s__uncultured_bacterium	0.9687719721300816
299ab300bf606dfd9de4a95d2051db87	d__Bacteria; p__Firmicutes; c__Clostridia; o__Peptostreptococcales-Tissierellales; f__Peptostreptococcaceae; g__Romboutsia	0.9638898426045015
a3da36528d3d140b2642f1f7983ac568	d__Bacteria; p__Firmicutes; c__Clostridia; o__Lachnospirales; f__Lachnospiraceae	0.9996059004380518
73d9e9d4175942f34cb2a354c0e58a34	d__Bacteria; p__Firmicutes; c__Clostridia; o__Oscillospirales; f__UCG-010; g__UCG-010; s__uncultured_bacterium	0.9101947924556932
84e9ef1e3ac94c709901964884e4f427	d__Bacteria; p__Firmicutes; c__Clostridia; o__Lachnospirales; f__Lachnospiraceae; g__Lachnospiraceae_NK4A136_group	0.7729834671383182
76169e46457ad837313f8f9d33c05a97	d__Bacteria; p__Firmicutes; c__Clostridia; o__Clostridia; f__Gracilibacteraceae	0.7058391283694646
97e844bfd5694b938a0c410a3ab0e496	d__Bacteria; p__Firmicutes; c__Clostridia; o__Lachnospirales; f__Lachnospiraceae; g__Lachnoclostridium	0.9001250319664194
4f9562f8b479c35dfa4a7c7a63ca712b	d__Bacteria; p__Firmicutes; c__Clostridia; o__Peptococcales; f__Peptococcaceae; g__uncultured	0.9999887704173354
6d4d33844011d8de401aa7f815dd841a	d__Bacteria; p__Firmicutes; c__Clostridia; o__Oscillospirales; f__UCG-010; g__UCG-010; s__gut_metagenome	0.9208379529700633
70496921f959ef965fad3a2b150f44cf	d__Bacteria; p__Firmicutes; c__Clostridia; o__Lachnospirales; f__Defluviitaleaceae; g__Defluviitaleaceae_UCG-011; s__uncultured_bacterium	0.9995884774957741
b6ef83932a1c54175b3e4804e8b45b1a	d__Bacteria; p__Cyanobacteria; c__Cyanobacteriia; o__Chloroplast; f__Chloroplast; g__Chloroplast	0.9999984664840254
f5dc03dc5f70ce2818432f4dcb289317	d__Bacteria; p__Actinobacteriota; c__Actinobacteria; o__Frankiales; f__Sporichthyaceae; g__hgcI_clade; s__uncultured_actinobacterium	0.8168050184675263
540903f6cbc988eea32e369f2b99a900	d__Bacteria; p__Cyanobacteria; c__Vampirivibrionia; o__Gastranaerophilales; f__Gastranaerophilales; g__Gastranaerophilales; s__Clostridium_sp.	0.7124082486971267
43238e11ba4d1fc29d7d29d7f8f95786	d__Bacteria; p__Firmicutes; c__Bacilli; o__RF39; f__RF39; g__RF39	0.9999999993888259
c6e25c77c9b420cf265a6fa87e6db4da	d__Bacteria; p__Firmicutes; c__Clostridia	0.9999635989100565
7240e37488d285747a33376848cae0a9	d__Bacteria; p__Firmicutes; c__Bacilli; o__Erysipelotrichales	0.7382294040010864
161021f229f9ac949ef5cfa0326577c9	d__Bacteria; p__Firmicutes; c__Clostridia; o__Oscillospirales; f__Ruminococcaceae; g__uncultured	0.911502116450633
d62cbb7b2632218bea8a7eee049ce9f6	d__Bacteria; p__Bacteroidota; c__Bacteroidia; o__Bacteroidales; f__Prevotellaceae; g__Prevotella; s__Prevotella_corporis	0.9999995183167437
8021812380cc48b725b3a1a8fb0c4502	d__Bacteria; p__Firmicutes; c__Clostridia; o__Clostridiales; f__Clostridiaceae; g__Clostridium_sensu_stricto_7	0.9864685818913675
9affb95c8065a80c171fb8adc3425378	d__Bacteria; p__Bacteroidota; c__Bacteroidia; o__Flavobacteriales; f__Flavobacteriaceae; g__Flavobacterium	0.9999894368684112
7f8de812c07052651640fbb98e8a5f37	d__Bacteria; p__Bacteroidota; c__Bacteroidia; o__Chitinophagales; f__Chitinophagaceae; g__Dinghuibacter; s__metagenome	0.7721968764174133
07da98a121d64d2bad6d27fb5ffba96b	d__Bacteria; p__Bacteroidota; c__Bacteroidia; o__Cytophagales; f__Spirosomaceae; g__Lacihabitans; s__uncultured_bacterium	0.9360598343031759
a55c76a00f38acb391d3ec56b134a7c4	d__Bacteria; p__Proteobacteria; c__Alphaproteobacteria; o__Rhizobiales; f__Beijerinckiaceae; g__Methylobacterium-Methylorubrum	0.9999999953922873
cd83107ed05faea70881473105bb09fa	d__Bacteria; p__Proteobacteria; c__Alphaproteobacteria; o__Rhizobiales; f__Beijerinckiaceae; g__Microvirga	0.9999938163010588
04fbfc510f0f8396e6ef989f77b8c361	d__Bacteria; p__Bacteroidota; c__Bacteroidia; o__Bacteroidales; f__Tannerellaceae; g__Parabacteroides	0.998803426887867
8bee49298beab84d16d845518500d6c9	d__Bacteria; p__Proteobacteria; c__Gammaproteobacteria; o__Xanthomonadales; f__Rhodanobacteraceae; g__Luteibacter	0.9505789323550042
525582cb624c3175c367ed86a55dbf15	d__Bacteria; p__Firmicutes; c__Bacilli; o__Paenibacillales; f__Paenibacillaceae; g__Ammoniphilus	0.999996384263369
4f9bb79dd1d78373b6c44933499dcbae	d__Bacteria; p__Firmicutes; c__Clostridia; o__Christensenellales; f__Christensenellaceae; g__uncultured; s__uncultured_bacterium	0.9956997653920968
58e33aefee0d12dcab78c5716c590a2f	d__Bacteria; p__Abditibacteriota; c__Abditibacteria; o__Abditibacteriales; f__Abditibacteriaceae; g__Abditibacterium; s__uncultured_bacterium	0.9694916322976317
659fe2bdcb12f9e790c4af4886abd31e	d__Bacteria; p__Desulfobacterota; c__Desulfobulbia; o__Desulfobulbales; f__Desulfobulbaceae; g__uncultured	0.83309919390608
4caf989383dcc18ece11a72ae97811c4	d__Bacteria; p__Desulfobacterota; c__Desulfobacteria; o__Desulfobacterales; f__Desulfosarcinaceae	0.705671277267664
c9410f87d4b46603a307ac4155d58e72	d__Bacteria; p__Actinobacteriota; c__Actinobacteria; o__Bifidobacteriales; f__Bifidobacteriaceae; g__Bifidobacterium	0.9940203933217386
609b55e6204b50a789993e65b43f538c	d__Bacteria; p__Proteobacteria; c__Gammaproteobacteria; o__Burkholderiales; f__Oxalobacteraceae; g__Massilia; s__Massilia_putida	0.7957687164850112
cbf2d66dca5b68d309c1086766413360	d__Bacteria; p__Firmicutes; c__Clostridia; o__Clostridiales; f__Clostridiaceae; g__Clostridium_sensu_stricto_1; s__uncultured_bacterium	0.7482495201067522
6e02ef2a056660c302c2c36b6f75b7d4	d__Bacteria; p__Firmicutes; c__Clostridia; o__Clostridiales; f__Clostridiaceae; g__Clostridium_sensu_stricto_1	0.9982529941093722
787f4ac0f5db14e432d6831c161fcb87	d__Bacteria; p__Firmicutes; c__Clostridia; o__Lachnospirales; f__Lachnospiraceae; g__Fusicatenibacter	0.9752338147532587
7a6c9ba8cf67ae8f005577d0e8efe554	d__Bacteria; p__Proteobacteria; c__Alphaproteobacteria; o__Rhizobiales; f__Beijerinckiaceae; g__Microvirga; s__uncultured_bacterium	0.7505659648855658
99c23b6ff19393255e095370667e2c4e	d__Bacteria; p__Firmicutes; c__Clostridia; o__Oscillospirales; f__Oscillospiraceae; g__UCG-005	0.9963869094631856
b210e8b36267cd673bd7ec8ee211234e	d__Bacteria; p__Bacteroidota; c__Bacteroidia; o__Bacteroidales; f__Bacteroidaceae; g__Bacteroides; s__Bacteroides_cellulosilyticus	0.9437042091215221
0f2166955c5105c603bd680df04c84ec	d__Bacteria; p__Firmicutes; c__Clostridia; o__Oscillospirales; f__Oscillospiraceae; g__UCG-005	0.8232663699044517
aa616587e421b4afa123369dcc002976	d__Archaea; p__Crenarchaeota; c__Nitrososphaeria; o__Nitrososphaerales; f__Nitrososphaeraceae; g__Candidatus_Nitrocosmicus	0.7170605575586839
58b445fbfcae1b5b032338d9e42a7161	d__Bacteria; p__Acidobacteriota; c__Vicinamibacteria; o__Vicinamibacterales; f__uncultured; g__uncultured; s__uncultured_bacterium	0.7383454958133341
8a218b7b737e36d6bac29fd07f2febbe	d__Bacteria; p__Acidobacteriota; c__Blastocatellia; o__Pyrinomonadales; f__Pyrinomonadaceae; g__RB41	0.9988203459615
756a39f03c61b51f5600be87f07826bc	d__Bacteria; p__Firmicutes; c__Clostridia	0.8983834439559482
b0179e5b5e3931d8827cf97bece3ca64	d__Bacteria; p__Actinobacteriota; c__Actinobacteria; o__Bifidobacteriales; f__Bifidobacteriaceae; g__Bifidobacterium	0.9992739011645978
3d3044d130288245fa6cbbfcee3869dd	d__Bacteria; p__Firmicutes; c__Clostridia; o__Oscillospirales; f__UCG-010; g__UCG-010; s__uncultured_bacterium	0.8827359755474521
7b081376d220e4a243bbafc694b34382	d__Bacteria; p__Firmicutes; c__Clostridia; o__Lachnospirales; f__Lachnospiraceae; g__Blautia	0.7316709615057588
76b5b87058a06ca5ce2bff71384d060f	d__Bacteria; p__Firmicutes; c__Clostridia; o__Christensenellales; f__Christensenellaceae; g__Christensenellaceae_R-7_group	0.9805018815122836
7bbb706155f045aa4dead25f35ed593c	d__Bacteria; p__Firmicutes; c__Clostridia; o__Clostridia_UCG-014; f__Clostridia_UCG-014; g__Clostridia_UCG-014; s__uncultured_bacterium	0.8538697878114808
446c39efe7f7aa9c1ecf86c0c86a9f4a	d__Bacteria; p__Firmicutes; c__Clostridia; o__Lachnospirales; f__Lachnospiraceae; g__[Eubacterium]_oxidoreducens_group; s__uncultured_bacterium	0.9440469428268878
8b5a6c772b324a8b1f4cac35a65cb953	d__Bacteria; p__Bacteroidota; c__Bacteroidia; o__Bacteroidales; f__Barnesiellaceae; g__Barnesiella	0.9995534714643357
6ae2a7fd1c47dd3c65b14d2625409303	d__Bacteria; p__Firmicutes; c__Clostridia; o__Lachnospirales; f__Lachnospiraceae; g__Lachnoclostridium; s__[Clostridium]_hylemonae	0.7450708842773434
7718705e06a2e62ca8e653375b45c976	d__Bacteria; p__Firmicutes; c__Clostridia; o__Lachnospirales; f__Lachnospiraceae	0.9994902559380519
1c40564063a162fab8c6cb86bc902b5a	d__Bacteria; p__Firmicutes; c__Clostridia; o__Lachnospirales; f__Lachnospiraceae	0.9661162807597329
53a79cfa3e248ffda15bbee41e71498c	d__Bacteria	0.8709959271528166
cb3be3e38c8465fb94eaa440ee08c1ed	d__Bacteria; p__Bacteroidota; c__Bacteroidia; o__Chitinophagales; f__Chitinophagaceae; g__Ferruginibacter; s__uncultured_Sphingobacteriales	0.8920571174849413
ed027af46e12bd8a7d4f5d178d3fc245	d__Bacteria; p__Bacteroidota; c__Bacteroidia; o__Flavobacteriales; f__Flavobacteriaceae; g__Pseudofulvibacter	0.9999975956868955
823c19cf95280df43a6a37dcbc3b2752	d__Bacteria; p__Acidobacteriota; c__Blastocatellia; o__Blastocatellales; f__Blastocatellaceae; g__Blastocatella	0.9977816023835953
7e40656cb5ba350f23dc5b0c5c0fac1b	d__Bacteria; p__Firmicutes; c__Clostridia; o__Christensenellales; f__Christensenellaceae; g__Christensenellaceae_R-7_group; s__uncultured_bacterium	0.7311498130554022
45e4db5ba805c7d70fb198e9e21f7ea3	d__Bacteria; p__Firmicutes; c__Clostridia; o__Peptostreptococcales-Tissierellales; f__Anaerovoracaceae; g__Family_XIII_UCG-001; s__uncultured_bacterium	0.9632212364767085
64154c8055198d2eb08f7d6b3fb9caf0	d__Bacteria; p__Firmicutes; c__Clostridia; o__Lachnospirales; f__Lachnospiraceae; g__Blautia; s__Blautia_faecis	0.7275588833575014
25d1232b636c9951b58814d31052467f	d__Bacteria; p__Actinobacteriota; c__Actinobacteria; o__Bifidobacteriales; f__Bifidobacteriaceae; g__Gardnerella; s__Gardnerella_vaginalis	0.8657189102275413
19d7dc5e2f0680154b7b338968924568	d__Bacteria; p__Firmicutes; c__Clostridia; o__Lachnospirales; f__Lachnospiraceae	0.9087301243830942
bfb2b8ea51641be3e98d15f3a768e7e2	d__Bacteria; p__Firmicutes; c__Clostridia	0.9984269331911029
f6ac9c2dc0aba2041a8a0e86a6421a34	d__Bacteria; p__Firmicutes; c__Clostridia; o__Christensenellales; f__Christensenellaceae; g__uncultured; s__uncultured_organism	0.9977252049037938
1fd47290809a1bd522ffef5ff233a11e	d__Bacteria; p__Firmicutes; c__Clostridia; o__Lachnospirales; f__Lachnospiraceae; g__Fusicatenibacter	0.7654904282386373
2a1c7501cc15f30dc117ce9cb567dfd6	d__Bacteria; p__Firmicutes; c__Clostridia; o__Christensenellales; f__Christensenellaceae; g__Christensenellaceae_R-7_group; s__uncultured_marine	0.9982404983513486
dcfce9a3b923e0cf148dcb67a401a727	d__Bacteria; p__Firmicutes; c__Clostridia; o__Oscillospirales; f__Oscillospiraceae; g__Oscillibacter	0.9999998791070026
0a634a20dc78311bea906ccf86813c19	d__Bacteria; p__Firmicutes; c__Clostridia; o__Monoglobales; f__Monoglobaceae; g__Monoglobus	0.9999669415247346
c4a1461b405e1673689a21c47dbb4f92	d__Bacteria; p__Firmicutes; c__Clostridia	0.9292001321437564
afef593f475da22c965a4fe0cd1f5d08	d__Bacteria; p__Bacteroidota; c__Bacteroidia; o__Bacteroidales; f__Muribaculaceae; g__Muribaculaceae	0.9920600767182737
9bfddc70d14cc20c7c6584dd2616c3a7	d__Bacteria; p__Bacteroidota; c__Bacteroidia; o__Bacteroidales; f__Tannerellaceae; g__Parabacteroides	0.999665111321601
a5b068490e8d8a205d1becb902dcfc54	d__Bacteria; p__Firmicutes; c__Clostridia; o__Oscillospirales; f__Oscillospiraceae; g__UCG-002	0.8514305768459639
5d4e1e21822c8b06713707b8d2bf2e0d	d__Bacteria; p__Firmicutes; c__Clostridia; o__Oscillospirales; f__Oscillospiraceae; g__Oscillospira; s__uncultured_organism	0.9960600307699499
4f3af8efc4c358445748831a0900fab6	d__Bacteria; p__Firmicutes; c__Clostridia; o__Oscillospirales; f__Ruminococcaceae; g__Incertae_Sedis; s__uncultured_bacterium	0.9877334309693153
7b4faac4ec311545868c7a6d03983ac3	d__Bacteria; p__Firmicutes; c__Clostridia; o__Lachnospirales; f__Lachnospiraceae	0.99965397375157
81c70e6eda84f1db51d2eada9cc3bb47	d__Bacteria; p__Firmicutes; c__Clostridia; o__Lachnospirales; f__Lachnospiraceae	0.9994459753715401
6c704f1cbd945a8ac0e38161af5f3f1e	d__Bacteria; p__Proteobacteria; c__Gammaproteobacteria; o__Burkholderiales; f__Comamonadaceae; g__Rhodoferax	0.8313676320017683
4957d2055052643ad41671ccea8cc9ab	d__Bacteria; p__Firmicutes; c__Clostridia; o__Oscillospirales; f__Oscillospiraceae; g__Colidextribacter	0.7330364615814076
4291f95a13ffc7ee9e83a378ca48fc7a	d__Bacteria; p__Firmicutes; c__Clostridia; o__Lachnospirales; f__Lachnospiraceae; g__[Ruminococcus]_torques_group; s__uncultured_Firmicutes	0.8745603920312026
b194929744ab8467e2eb7f74a29c8489	d__Bacteria; p__Firmicutes; c__Clostridia; o__Oscillospirales; f__Ruminococcaceae; g__uncultured	0.9240118288873107
5c97762a8d49f672d2e2c95fc6925a3d	d__Bacteria	0.9999999999685911
c7859433733f8955f8e57a58e296e1ba	d__Bacteria; p__Firmicutes; c__Clostridia; o__Lachnospirales; f__Lachnospiraceae	0.9959055488568243
cd5337ca378b948a0179351365c6518f	d__Bacteria; p__Firmicutes; c__Clostridia; o__Lachnospirales; f__Lachnospiraceae	0.9848721606646673
787258cc973691d26b0fa195e02a6709	d__Bacteria; p__Firmicutes; c__Clostridia; o__Clostridia_vadinBB60_group; f__Clostridia_vadinBB60_group; g__Clostridia_vadinBB60_group; s__uncultured_Thermoanaerobacterales	0.9987781808075247
52b5114a824b3171d02b1cfbee432533	d__Bacteria; p__Firmicutes; c__Clostridia; o__Lachnospirales; f__Lachnospiraceae; g__Fusicatenibacter; s__uncultured_bacterium	0.8932986978903749
9ef73260ddce0816f69612fa8f5abe70	d__Bacteria; p__Bacteroidota; c__Bacteroidia; o__Bacteroidales; f__Rikenellaceae; g__Alistipes	0.999968230454504
ae157fc06bf11fd0d5ee3ce40ef96753	d__Bacteria; p__Firmicutes; c__Clostridia; o__Lachnospirales; f__Lachnospiraceae; g__Tyzzerella; s__uncultured_rumen	0.9248408999745541
bccdda0e302d2d6059a43d54091e17b9	d__Bacteria; p__Firmicutes; c__Clostridia; o__Peptostreptococcales-Tissierellales; f__Peptostreptococcaceae; g__Peptoclostridium; s__[Clostridium]_hiranonis	0.9943795259059256
847b47fb9cbce564be96a82146c0cd4d	d__Bacteria; p__Firmicutes; c__Clostridia; o__Lachnospirales; f__Lachnospiraceae; g__Coprococcus; s__uncultured_organism	0.7110088533683462
4453f3bc4d62b9bc1d2474024572d06c	d__Bacteria; p__Firmicutes; c__Negativicutes; o__Veillonellales-Selenomonadales; f__Veillonellaceae; g__Dialister	0.9999889494139869
0903a0d4a56792e29d7c6aae53b590c2	d__Bacteria; p__Bacteroidota; c__Bacteroidia; o__Bacteroidales; f__Tannerellaceae; g__Parabacteroides	0.9999851012257103
7cd79c0b54cfba69c021f41c447b813f	d__Bacteria; p__Bacteroidota; c__Bacteroidia; o__Bacteroidales; f__Rikenellaceae; g__Alistipes; s__Alistipes_putredinis	0.7338763021013481
faf7e485befc96bd6ae19c131aa7edc2	d__Bacteria; p__Firmicutes; c__Bacilli; o__Erysipelotrichales; f__Erysipelatoclostridiaceae; g__Erysipelatoclostridium; s__Massiliomicrobiota_timonensis	0.9929781976169637
4cbb9859ce37a5e50be23db23b560f56	d__Bacteria; p__Firmicutes; c__Clostridia; o__Oscillospirales; f__Ruminococcaceae; g__uncultured; s__uncultured_Clostridiaceae	0.7339547047697603
bde1895daf9c3cefc1cff454ae75c323	d__Bacteria; p__Verrucomicrobiota; c__Verrucomicrobiae; o__Verrucomicrobiales; f__Akkermansiaceae; g__Akkermansia; s__uncultured_bacterium	0.772155156737388
97fc71471f54df54eeb94f22abb9a875	d__Bacteria; p__Firmicutes; c__Clostridia; o__Oscillospirales; f__[Eubacterium]_coprostanoligenes_group; g__[Eubacterium]_coprostanoligenes_group	0.999963938060325
fd19f4c2e612fdef6eb14c91bb0d7bc9	d__Bacteria; p__Firmicutes; c__Clostridia; o__Lachnospirales; f__Lachnospiraceae	0.9999999251237071
519f20c2cfc7f62121b71dfa58e629cb	d__Bacteria; p__Firmicutes; c__Clostridia; o__Lachnospirales; f__Lachnospiraceae	0.9984761611407813
15182b8b8fd92255b6d014dc11baff33	d__Bacteria; p__Firmicutes; c__Clostridia	0.8766535398983871
418907c9dba9525ee458df8063410117	d__Bacteria; p__Proteobacteria; c__Gammaproteobacteria; o__Burkholderiales; f__Oxalobacteraceae	0.999924185912329
be56ea92f96bcbadf6d9300c41043042	d__Bacteria; p__Bacteroidota; c__Kapabacteria; o__Kapabacteriales; f__Kapabacteriales; g__Kapabacteriales; s__metagenome	0.999830211738552
81ed2901fe9f353b75b54cc6ff8197c6	d__Bacteria; p__Firmicutes; c__Clostridia; o__Oscillospirales; f__Ruminococcaceae; g__CAG-352; s__uncultured_Ruminococcus	0.7981388152849223
9453b6a06e2b1a36e2f219e91e2b97b5	d__Bacteria; p__Bacteroidota; c__Bacteroidia; o__Bacteroidales; f__Marinifilaceae; g__Butyricimonas	0.9714589769827452
ba1e057df8e6384a6e14cd77882939ca	d__Bacteria; p__Cyanobacteria; c__Vampirivibrionia; o__Gastranaerophilales; f__Gastranaerophilales; g__Gastranaerophilales; s__uncultured_bacterium	0.9299816572165325
6cfae87818bcce3f78b67e6563f3c49d	d__Bacteria; p__Firmicutes; c__Clostridia; o__Peptostreptococcales-Tissierellales; f__Anaerovoracaceae; g__Family_XIII_AD3011_group	0.9878350835963091
1342a600fb2546163725f30de90cea36	d__Bacteria; p__Firmicutes; c__Clostridia; o__Oscillospirales; f__Ruminococcaceae; g__Anaerotruncus; s__Anaerotruncus_sp.	0.9988441674767251
662b29eb9082207780e8449c2d3e2f66	d__Bacteria; p__Actinobacteriota; c__Actinobacteria; o__Frankiales; f__Geodermatophilaceae; g__Blastococcus; s__Blastococcus_aggregatus	0.7545143861030709
aedab16f86646499d07616067f41b137	d__Bacteria; p__Actinobacteriota; c__Actinobacteria; o__Streptomycetales; f__Streptomycetaceae; g__Streptomyces	0.9998655734168368
a0b88430fe302c3a5f6941f0941a0104	d__Bacteria; p__Proteobacteria; c__Gammaproteobacteria; o__Burkholderiales; f__Burkholderiaceae; g__Burkholderia-Caballeronia-Paraburkholderia; s__Paraburkholderia_rhizoxinica	0.9273417455097926
d478ecd31182e0e681e70c837dee8168	d__Bacteria; p__Actinobacteriota; c__Actinobacteria; o__Kineosporiales; f__Kineosporiaceae; g__Angustibacter; s__uncultured_bacterium	0.7226798331717188
cc1565d39c3190c6644dbf2f78af23ee	d__Bacteria; p__Firmicutes; c__Clostridia; o__Oscillospirales; f__Butyricicoccaceae; g__UCG-008; s__uncultured_bacterium	0.9993843431995753
71d8b2bc7bd9db8ab8c2790f7b2a0f18	d__Bacteria; p__Proteobacteria; c__Alphaproteobacteria; o__Rhizobiales; f__Beijerinckiaceae; g__Microvirga	0.9995862215852656
4a48341b372902fee108bdbdf4327bbe	d__Bacteria; p__Chloroflexi; c__Ktedonobacteria; o__B12-WMSP1; f__B12-WMSP1; g__B12-WMSP1; s__uncultured_Chloroflexi	0.9595523200359759
2efad1e7f99109f4ce3f9b712554726e	d__Bacteria; p__Proteobacteria; c__Gammaproteobacteria; o__Burkholderiales; f__Oxalobacteraceae; g__Massilia	0.9991454645020214
af088f5e384563eaf295be955ca121c1	d__Bacteria; p__Firmicutes; c__Bacilli; o__Lactobacillales; f__Streptococcaceae; g__Lactococcus	0.999596220998897
88112607c24fb4e40947f6c54653c85f	d__Bacteria; p__Actinobacteriota; c__Actinobacteria; o__Streptomycetales; f__Streptomycetaceae; g__Streptomyces	0.9983640010971808
99b008b3fe147edd41ad666e0d058b19	d__Bacteria; p__Actinobacteriota; c__Actinobacteria; o__Micrococcales; f__Bogoriellaceae; g__Georgenia	0.9996180931059924
4e4cacfe38dc0bec509e03003cf6560b	d__Bacteria; p__Firmicutes; c__Bacilli; o__Staphylococcales; f__Staphylococcaceae; g__Staphylococcus	0.9936254651559325
91bea96817bfdb5380f68fe715b2eabb	d__Bacteria; p__Proteobacteria; c__Gammaproteobacteria; o__Burkholderiales; f__Alcaligenaceae; g__Alcaligenes	0.9999912162112711
8db5f9003391703f5cb38639d03419f4	d__Bacteria; p__Firmicutes; c__Clostridia; o__Lachnospirales; f__Lachnospiraceae; g__Lachnospiraceae_UCG-001	0.9898508571689634
4baaf79767fd9d8afad36c4b804e9bc4	d__Bacteria; p__Firmicutes; c__Bacilli; o__Bacillales; f__Bacillaceae; g__Pseudogracilibacillus; s__uncultured_bacterium	0.9921771873575324
ff76327a3da6234fef162172d4d5ef31	d__Bacteria; p__Verrucomicrobiota; c__Verrucomicrobiae; o__Chthoniobacterales; f__Terrimicrobiaceae; g__Terrimicrobium; s__uncultured_bacterium	0.9760963607280323
37c4a32e028b15947d0bb74403274ced	d__Bacteria; p__Proteobacteria; c__Gammaproteobacteria; o__Burkholderiales; f__Sutterellaceae; g__Sutterella	0.9922245617566415
92e44ec9cf96f4cd027634c498b6de20	d__Bacteria; p__Acidobacteriota; c__Blastocatellia; o__Pyrinomonadales; f__Pyrinomonadaceae; g__RB41; s__uncultured_organism	0.7235217277426875
fbd5e65ddea2cdfc09d063c431306e79	d__Bacteria; p__Actinobacteriota; c__Actinobacteria; o__Micromonosporales; f__Micromonosporaceae; g__Actinoplanes	0.898131171141519
d9be369526126c2df802e3f928ab36aa	d__Bacteria; p__Actinobacteriota; c__Thermoleophilia; o__Solirubrobacterales; f__Solirubrobacteraceae; g__Solirubrobacter; s__uncultured_bacterium	0.7632655801674587
bf7b9ff7a920e7f541c85f08f495b10f	d__Bacteria; p__Proteobacteria; c__Gammaproteobacteria; o__Burkholderiales; f__Sutterellaceae; g__Sutterella	0.9999999202906005
7c2051f820902646cd86d00bd8616084	d__Bacteria; p__Firmicutes; c__Clostridia; o__Lachnospirales; f__Lachnospiraceae; g__Lachnoclostridium	0.9997861144188142
0befebb072978e0e19b08632373bfe9f	d__Bacteria; p__Firmicutes; c__Clostridia; o__Oscillospirales; f__[Eubacterium]_coprostanoligenes_group; g__[Eubacterium]_coprostanoligenes_group; s__uncultured_bacterium	0.865119373468479
273fd19860e55074c450e85561f48302	d__Bacteria; p__Firmicutes; c__Clostridia; o__Clostridiales; f__Clostridiaceae; g__Clostridium_sensu_stricto_1	0.9018624670764352
ec027b8156a1f0a4eba0bacabbcbadd1	d__Bacteria; p__Firmicutes; c__Clostridia; o__Clostridia_UCG-014; f__Clostridia_UCG-014; g__Clostridia_UCG-014; s__gut_metagenome	0.8098044675558477
b2645363183f4eaf8b0bf7504783cb40	d__Bacteria; p__Bacteroidota; c__Bacteroidia; o__Bacteroidales; f__Rikenellaceae; g__Alistipes; s__uncultured_bacterium	0.8783430802514107
d1fc16815553d8d7528ad75c60d7f2e4	d__Bacteria; p__Firmicutes; c__Clostridia; o__Oscillospirales; f__UCG-010; g__UCG-010; s__uncultured_bacterium	0.9790063958830211
c7f265bdf18903471b932ad244bf6c04	d__Bacteria; p__Cyanobacteria; c__Cyanobacteriia; o__Synechococcales; f__Cyanobiaceae; g__Cyanobium_PCC-6307	0.9999918821045015
f2743cf35ac098de84a88417b3d99cd6	d__Bacteria; p__Firmicutes; c__Clostridia; o__Lachnospirales; f__Lachnospiraceae; g__Lachnospiraceae_FCS020_group; s__metagenome	0.8180374874075843
fdefaffaaa26a6f706a33d09f8626311	d__Bacteria; p__Firmicutes; c__Clostridia; o__Lachnospirales; f__Lachnospiraceae	0.9761035170695243
03e9685309d527189c1c16c0c50c8838	d__Bacteria; p__Firmicutes; c__Clostridia; o__Oscillospirales; f__Ruminococcaceae; g__Paludicola; s__Ruminococcaceae_bacterium	0.9969098566208037
7b04315cb9bb15cc00ea4de0eb15b23f	d__Bacteria; p__Firmicutes; c__Clostridia; o__Lachnospirales; f__Lachnospiraceae	0.9999359377618527
4caa95e3c24a7ca8f788ddfeb1325962	d__Bacteria; p__Firmicutes; c__Bacilli; o__Lactobacillales; f__Streptococcaceae; g__Streptococcus	0.9829808980942336
d35a22aeb874181bd655b870c8109cf4	Unassigned	0.3430187138569353
256b7d6e33779c298762ccce9b698c37	d__Bacteria; p__Cyanobacteria; c__Cyanobacteriia; o__Cyanobacteriales; f__Chroococcidiopsaceae	0.8299454155689309
8134f3d9f8798d5b27eca78a3533d3fa	d__Bacteria; p__Firmicutes; c__Clostridia; o__Oscillospirales; f__Ruminococcaceae; g__Angelakisella; s__uncultured_bacterium	0.9518220584476151
673b87e67cfc9636ba191a44938bd113	d__Bacteria; p__Myxococcota; c__Polyangia; o__Polyangiales; f__Polyangiaceae	0.9986687296983151
1454d5a348303a1c6f2bce0694ce43a6	d__Bacteria; p__Actinobacteriota; c__Actinobacteria; o__Frankiales; f__Frankiaceae; g__Jatrophihabitans	0.9999747872532895
ee785d3188ff675e4b0ad1b8d877eeb3	d__Bacteria; p__Cyanobacteria; c__Cyanobacteriia; o__Chloroplast; f__Chloroplast; g__Chloroplast; s__Prasiolopsis_sp.	0.9998410514104024
8c2cf11579a9a38b4d293a0c758e8c19	d__Bacteria; p__Firmicutes; c__Clostridia; o__Oscillospirales; f__Oscillospiraceae; g__uncultured	0.9281961490661224
e86d78af81fef83d303b825ec42f41ac	d__Bacteria; p__Actinobacteriota; c__Actinobacteria; o__Frankiales; f__Sporichthyaceae; g__Sporichthyaceae	0.9989721258314516
60d7c667e8e6c93d03fd124d28806f5c	d__Bacteria; p__Firmicutes; c__Clostridia; o__Lachnospirales; f__Lachnospiraceae; g__Lachnospiraceae_NK4A136_group; s__gut_metagenome	0.81560070256211
d78f0e33be2deaea24938c9f0dcbc018	d__Bacteria; p__Firmicutes; c__Clostridia; o__Peptostreptococcales-Tissierellales; f__Anaerovoracaceae; g__[Eubacterium]_nodatum_group	0.9308008916825786
98cbd757ca4e20143622547345fcb59d	d__Bacteria; p__Firmicutes; c__Bacilli; o__Lactobacillales; f__Leuconostocaceae; g__Weissella; s__Weissella_viridescens	0.9953092324724282
474731ecf42528204f56e08002ffc07d	d__Bacteria; p__Bacteroidota; c__Bacteroidia; o__Bacteroidales; f__Bacteroidaceae; g__Bacteroides	0.9276202010892218
93e0d9aecb8e2e48a44733a3d86b33f4	d__Bacteria; p__Firmicutes; c__Clostridia; o__Lachnospirales; f__Lachnospiraceae	0.9962948644026751
6ea958d9105ba55feddb25e9a2a58d3d	d__Bacteria; p__Firmicutes; c__Bacilli; o__Lactobacillales; f__Lactobacillaceae; g__Lactobacillus	0.9999430934253484
dec171ec7005a5370d0c6449456c0307	d__Bacteria; p__Firmicutes; c__Clostridia; o__Christensenellales; f__Christensenellaceae	0.8992989279892558
6438d12a06b051360cd2cf0b47abc02e	d__Bacteria; p__Firmicutes; c__Clostridia; o__Lachnospirales; f__Lachnospiraceae	0.829781038799458
e9c37449937d58bcdb010f6ced2e1dd6	d__Bacteria; p__Firmicutes; c__Clostridia; o__Lachnospirales; f__Lachnospiraceae; g__[Eubacterium]_fissicatena_group	0.8179671860065431
dd390cb0c72fb450eab988397bfb9cca	d__Bacteria; p__Firmicutes; c__Clostridia; o__Lachnospirales; f__Lachnospiraceae	0.99543062333817
6bccf9ecdc9fe6529e768b1302598bd8	d__Bacteria; p__Firmicutes; c__Clostridia; o__Lachnospirales; f__Lachnospiraceae; g__[Ruminococcus]_torques_group	0.857182860136192
56b7fecacc92c426f0c402c10845cf2a	d__Bacteria; p__Firmicutes; c__Clostridia; o__Oscillospirales; f__Oscillospiraceae; g__UCG-007	0.8767726880712875
5efbb48574845511b3bd32fbeed6a7be	d__Bacteria; p__Firmicutes; c__Negativicutes; o__Acidaminococcales; f__Acidaminococcaceae; g__Phascolarctobacterium	0.9999816287887723
46dfe482b5e688a0fd2943a03d669eab	d__Bacteria; p__Firmicutes; c__Clostridia; o__Lachnospirales; f__Lachnospiraceae	0.999982660492394
90dee3e1cfcaeb12531ef821a1df2177	d__Bacteria; p__Firmicutes; c__Clostridia; o__Oscillospirales; f__Ruminococcaceae; g__Ruminococcus	0.9100544279096022
2a2500ffc2a89401265be8765c410493	d__Bacteria; p__Actinobacteriota; c__Coriobacteriia; o__Coriobacteriales; f__Eggerthellaceae; g__Gordonibacter; s__Gordonibacter_urolithinfaciens	0.9950763009787472
90678fc00ffa60aaf1f3135e25f5dd7f	d__Bacteria; p__Firmicutes; c__Clostridia; o__Peptostreptococcales-Tissierellales; f__Anaerovoracaceae; g__Family_XIII_UCG-001; s__uncultured_bacterium	0.9996310951015791
cfacf694f9ff03034e7de93ff75c07fc	d__Bacteria; p__Firmicutes; c__Clostridia; o__Lachnospirales; f__Lachnospiraceae; g__Lachnospiraceae_FCS020_group	0.8847838926152859
7068367c77ae426eb3cb5d841b72d0c6	d__Bacteria; p__Firmicutes; c__Clostridia; o__Lachnospirales; f__Lachnospiraceae; g__Lachnospiraceae_UCG-008; s__uncultured_bacterium	0.8776398449187287
9437c7fe18da975fc67a8502e403230e	d__Bacteria; p__Firmicutes; c__Clostridia; o__Lachnospirales; f__Lachnospiraceae; g__[Eubacterium]_oxidoreducens_group; s__uncultured_bacterium	0.7271420777742376
b7e460c0588ecbc380ebf986b02901fd	d__Bacteria; p__Firmicutes; c__Clostridia; o__Oscillospirales; f__Ruminococcaceae; g__Incertae_Sedis	0.7215808580060472
4d4fd406e397774198678aac8b4e0a13	d__Bacteria; p__Firmicutes; c__Clostridia; o__Lachnospirales; f__Lachnospiraceae	0.9729491423892775
d20fece843796c8f54e64ce822f7933a	d__Bacteria; p__Firmicutes; c__Clostridia; o__Lachnospirales; f__Lachnospiraceae; g__[Ruminococcus]_torques_group	0.750762010505659
9a885de364c204eb310fb018084e5357	d__Bacteria; p__Proteobacteria; c__Gammaproteobacteria; o__Alteromonadales; f__Alteromonadaceae; g__Rheinheimera; s__Pararheinheimera_chironomi	0.8750568795883821
9124b59a179bb31e518b55417d687c5a	d__Bacteria; p__Actinobacteriota; c__Actinobacteria; o__Micrococcales; f__Micrococcaceae; g__Rothia	0.999999820117316
0242168f8c0b265522a44603572a79d0	d__Bacteria; p__Firmicutes; c__Clostridia; o__Lachnospirales; f__Lachnospiraceae; g__Roseburia; s__uncultured_bacterium	0.7058432874181292
e04d08b7ea0646b2bcf36e14ef621ad7	d__Bacteria; p__Firmicutes; c__Clostridia; o__Lachnospirales; f__Lachnospiraceae	0.9530492608101298
d043b1a98fb9f3428e5b8e0c8e1b948b	d__Bacteria; p__Firmicutes; c__Clostridia; o__Monoglobales; f__Monoglobaceae; g__Monoglobus	0.9999966114577913
bc0ca0bfdf68fb629b8f6f05b2488d87	d__Bacteria; p__Firmicutes; c__Clostridia; o__Lachnospirales; f__Lachnospiraceae	0.9999297650597951
3d02eef4311c99c9a04a6c906e338847	d__Bacteria; p__Firmicutes; c__Clostridia; o__Oscillospirales; f__Ruminococcaceae; g__Faecalibacterium	0.99834481195109
79917a6a8cac658c719f6272f4a3a284	d__Bacteria; p__Bacteroidota; c__Bacteroidia; o__Bacteroidales; f__Rikenellaceae; g__Alistipes; s__Alistipes_putredinis	0.8496941943372741
a393171e1cb197ff9a6e504124f14549	d__Bacteria	0.9999999999467185
157154eeeb5ec1e05e956c207af84801	d__Bacteria; p__Actinobacteriota; c__Actinobacteria; o__Corynebacteriales; f__Corynebacteriaceae; g__Corynebacterium; s__Corynebacterium_durum	0.9861878788814824
cd7e7def6e4ae194b188bd9dc8a37558	d__Bacteria; p__Firmicutes; c__Clostridia; o__Christensenellales; f__Christensenellaceae; g__uncultured	0.8440585227989434
45cec115297c9d62c60758897ce70d78	d__Bacteria; p__Actinobacteriota; c__Actinobacteria; o__Actinomycetales; f__Actinomycetaceae; g__Actinomyces; s__Schaalia_odontolytica	0.8642164446619138
19297e26a8b192e01aa6cc739e8057be	d__Bacteria; p__Actinobacteriota; c__Actinobacteria; o__Micrococcales; f__Micrococcaceae; g__Rothia	0.9999827625957591
eec75af11130febf1a4af7b2928274fc	d__Bacteria; p__Firmicutes; c__Bacilli; o__Lactobacillales; f__Lactobacillaceae; g__Lactobacillus; s__Lactobacillus_delbrueckii	0.9817113832007
d45903424442d6623695ed2591ecb473	d__Bacteria; p__Firmicutes; c__Clostridia; o__Oscillospirales; f__UCG-010; g__UCG-010	0.9293750498305093
554ddd5c3784cfd3f05e106b3d87f656	d__Bacteria; p__Firmicutes; c__Clostridia	0.9999994648638756
441632dd95b4f66d13d328f4cefe85fb	d__Bacteria; p__Bacteroidota; c__Bacteroidia; o__Bacteroidales; f__Barnesiellaceae; g__Barnesiella	0.9935612862430048
22397700f115191191a47e7efd350cbb	d__Bacteria; p__Firmicutes; c__Clostridia; o__Oscillospirales; f__Oscillospiraceae	0.987420200046935
c53d599c40f548b51545a47081179dc2	d__Bacteria; p__Firmicutes; c__Clostridia; o__Lachnospirales; f__Lachnospiraceae	0.9992498179618644
eefc366613f126952a2d85fadaeccb66	d__Bacteria; p__Firmicutes; c__Clostridia; o__Oscillospirales; f__UCG-010; g__UCG-010; s__uncultured_bacterium	0.9807877583350092
fad6a7942983876ee9b359cb3d3cd508	d__Bacteria; p__Bacteroidota; c__Bacteroidia; o__Bacteroidales; f__Barnesiellaceae; g__Barnesiella	0.9999999998059561
cc13ad13001b965ad01bb517bdeb25c8	d__Bacteria; p__Bacteroidota; c__Bacteroidia; o__Bacteroidales; f__Rikenellaceae; g__Alistipes; s__Alistipes_putredinis	0.9824910003502441
a6088b266cb6ee3d2ae38ad3301b3719	d__Bacteria; p__Firmicutes; c__Clostridia; o__Lachnospirales; f__Lachnospiraceae; g__Lachnospiraceae_FCS020_group	0.9540895897487813
26e4fca598f5aaa7f0f497db7d1065f2	d__Bacteria; p__Spirochaetota; c__Spirochaetia; o__Spirochaetales; f__Spirochaetaceae; g__uncultured; s__uncultured_bacterium	0.9849267026567105
28a0736d27dc849e8cfa549b7e5b302c	d__Bacteria; p__Firmicutes; c__Clostridia; o__Christensenellales; f__Christensenellaceae; g__Catabacter	0.8854025311556672
1d64e7946849090f751f5591cb0557c4	d__Bacteria; p__Proteobacteria; c__Gammaproteobacteria; o__Burkholderiales; f__Oxalobacteraceae; g__Massilia	0.991310234512366
daa9eddd05268bcc0d2a4d25ddbd4e0e	d__Bacteria; p__Firmicutes; c__Clostridia; o__Lachnospirales; f__Lachnospiraceae	0.9997912249396617
10f557675d8afb94bab9655a1901da5f	d__Bacteria; p__Actinobacteriota; c__Actinobacteria; o__Corynebacteriales; f__Dietziaceae; g__Dietzia	0.999173538226517
2e7ca5cbb544e56a3705fc0ef9991cc2	d__Bacteria; p__Firmicutes; c__Clostridia; o__Oscillospirales; f__Ruminococcaceae; g__Faecalibacterium	0.9609669722996972
30e5021b4964388432da396a239c239f	d__Bacteria; p__Firmicutes; c__Clostridia; o__Oscillospirales; f__Ruminococcaceae; g__Incertae_Sedis	0.9631427820634457
51968e51b31a04fa5cdb3ccee8bbc309	d__Archaea; p__Crenarchaeota; c__Nitrososphaeria; o__Nitrososphaerales; f__Nitrososphaeraceae; g__Candidatus_Nitrososphaera	0.9999999697109119
4ff05d06c00b17324e75aa27d5f4051f	d__Bacteria; p__Proteobacteria; c__Gammaproteobacteria; o__Burkholderiales; f__Comamonadaceae	0.9999999312289264
52e3cb0935a827c84c1e61f13bbf45d5	d__Bacteria; p__Proteobacteria; c__Gammaproteobacteria; o__Pseudomonadales; f__Moraxellaceae; g__Acinetobacter; s__Acinetobacter_lwoffii	0.8269767637250066
1fa0d94464fd0b91e141e94fd877ee3d	d__Bacteria; p__Firmicutes; c__Clostridia; o__Lachnospirales; f__Lachnospiraceae	0.9993180647840967
d66d85bf6ca963f4a3dba9445e8f541c	d__Bacteria; p__Firmicutes; c__Clostridia; o__Oscillospirales; f__Ruminococcaceae; g__Anaerotruncus; s__Anaerotruncus_colihominis	0.7188661905481075
ea2ac7c0478fb09830177d2867c84e4e	d__Bacteria; p__Firmicutes; c__Clostridia; o__Lachnospirales; f__Lachnospiraceae	0.9999524783661063
23456e3c8a43f05b044bcd02ef3e28ad	d__Bacteria; p__Firmicutes; c__Clostridia; o__Lachnospirales; f__Lachnospiraceae	0.9999638531081758
c7a3c75d90688e68200e663a0c81ddb6	d__Bacteria; p__Proteobacteria; c__Gammaproteobacteria; o__Burkholderiales; f__Oxalobacteraceae; g__Massilia	0.9999833308166525
a2e521c0c4cf25a6cb3408fad8a4198b	d__Bacteria; p__Proteobacteria; c__Gammaproteobacteria; o__Enterobacterales; f__Erwiniaceae; g__Pantoea	0.8323048064030052
3b331720ec8c05a64bcbc0975acf511a	d__Bacteria; p__Bacteroidota; c__Bacteroidia; o__Sphingobacteriales; f__Sphingobacteriaceae; g__Pedobacter	0.844174553948757
218a63356eddeac1f786b5f39bcc2b09	d__Bacteria; p__Firmicutes; c__Clostridia; o__Clostridiales; f__Clostridiaceae; g__Clostridium_sensu_stricto_18; s__Clostridium_sp.	0.9954080213944161
e450fc9fd88267549b9c5f899a84400d	d__Bacteria; p__Firmicutes; c__Clostridia; o__Lachnospirales; f__Lachnospiraceae; g__[Ruminococcus]_torques_group; s__uncultured_Firmicutes	0.8258784150407484
f7d914465050ec0e6dfa298c9f2521ec	d__Bacteria; p__Bacteroidota; c__Bacteroidia; o__Bacteroidales; f__Rikenellaceae; g__Alistipes	0.9999973591030897
ec6f055f598caf40ca6f2eeb06c0d241	d__Bacteria; p__Firmicutes; c__Clostridia; o__Lachnospirales; f__Lachnospiraceae; g__Coprococcus	0.94826859547366
8477be3bf9d4e7e193891c862608f0f9	d__Bacteria; p__Actinobacteriota; c__Actinobacteria; o__Streptosporangiales; f__Nocardiopsaceae; g__Nocardiopsis	0.9994032592358588
9ce89397542562cbd274eca76666a451	d__Bacteria; p__Firmicutes; c__Clostridia; o__Oscillospirales; f__Ruminococcaceae; g__Paludicola; s__uncultured_bacterium	0.8901475272696877
69c558ba0f3e87084c705bab31c1ab87	d__Bacteria; p__Firmicutes; c__Clostridia; o__Oscillospirales; f__Oscillospiraceae	0.9990418178442643
6005de96dcf4fc80fd86f21d2783a641	d__Bacteria; p__Acidobacteriota; c__Blastocatellia; o__Pyrinomonadales; f__Pyrinomonadaceae; g__RB41; s__uncultivated_soil	0.7200339364435319
99c5fcca7f4e33d018d544e6329f9605	d__Bacteria; p__Firmicutes; c__Clostridia	0.9999972598725267
06c4e01647d4f96bb0351e0eb3c30918	d__Bacteria; p__Firmicutes; c__Clostridia; o__Lachnospirales; f__Lachnospiraceae	0.9999796184808009
99f50e44e6857ce8018f1554a3dca09e	d__Bacteria; p__Verrucomicrobiota; c__Verrucomicrobiae; o__Chthoniobacterales; f__Chthoniobacteraceae; g__Candidatus_Udaeobacter	0.9999989491976352
e15fd88a99eef49687cbf984da13f12b	d__Bacteria; p__Firmicutes; c__Clostridia; o__Oscillospirales; f__[Eubacterium]_coprostanoligenes_group; g__[Eubacterium]_coprostanoligenes_group; s__uncultured_bacterium	0.8372498706621474
b3ff6a858735f1852d9e4c48d2314200	d__Bacteria; p__Cyanobacteria; c__Cyanobacteriia; o__Chloroplast; f__Chloroplast; g__Chloroplast; s__metagenome	0.9781503995342435
48d0475868580ada98edd47cefba31d1	d__Bacteria; p__Firmicutes; c__Clostridia; o__Lachnospirales; f__Lachnospiraceae	0.9997682901258028
e94acf2a035b577a9dd3221c6ec35ccb	d__Bacteria; p__Bacteroidota; c__Bacteroidia; o__Chitinophagales; f__Chitinophagaceae; g__Sediminibacterium	0.9997920853652144
eb3ff3439099a5dba4196f94d7ae504f	d__Bacteria; p__Firmicutes; c__Clostridia; o__Oscillospirales; f__Ruminococcaceae; g__Phocea; s__uncultured_bacterium	0.8297410248493181
4a5986d84adadf533de1f54a8cf630c2	d__Bacteria; p__Firmicutes; c__Negativicutes; o__Veillonellales-Selenomonadales; f__Veillonellaceae; g__Dialister; s__Dialister_invisus	0.7416351677624895
fdde24fbfe3df7a7f6b3f32f6cade2a4	d__Bacteria; p__Actinobacteriota; c__Coriobacteriia; o__Coriobacteriales; f__Atopobiaceae; g__Libanicoccus	0.999983209450263
0eb9b08be03f8b06759e9c1e949330ad	d__Bacteria; p__Bacteroidota; c__Bacteroidia; o__Bacteroidales; f__Rikenellaceae; g__Alistipes; s__Alistipes_putredinis	0.9379409830644371
b3f0c2cab33218119add697d51ac60d3	d__Bacteria; p__Firmicutes; c__Clostridia	0.7155193432705456
48fe3eca038df50032eb5dfb20787d32	d__Bacteria; p__Bacteroidota; c__Bacteroidia; o__Bacteroidales; f__Tannerellaceae; g__Parabacteroides; s__Parabacteroides_johnsonii	0.7133405210375388
c92d903ffac44e923678e2ce26cd854d	d__Bacteria; p__Firmicutes; c__Clostridia	0.9999854288079766
1a7e332b3f065b6ce689217f37f31a4e	d__Bacteria; p__Firmicutes; c__Clostridia; o__Lachnospirales; f__Lachnospiraceae; g__Lachnospiraceae_UCG-008; s__uncultured_organism	0.9054435463173046
12f2fcd016d0eaa253e8d4a59c5a6503	d__Bacteria; p__Firmicutes; c__Clostridia; o__Lachnospirales; f__Lachnospiraceae	0.9895949785164144
9b994909f7ab31b08a43feb9c91734fe	d__Bacteria; p__Verrucomicrobiota; c__Verrucomicrobiae; o__Verrucomicrobiales; f__Akkermansiaceae; g__Akkermansia; s__uncultured_bacterium	0.9920823729647551
62fbd3c332cc411ae985466c0fbc8378	d__Bacteria; p__Firmicutes; c__Clostridia; o__Oscillospirales; f__Oscillospiraceae	0.9989207432520052
d043af6be0715ad13d8d4bc52de66433	d__Bacteria; p__Firmicutes; c__Clostridia; o__Lachnospirales; f__Lachnospiraceae	0.9999635311788772
a9a0d592756d9691c59585909a373dae	d__Bacteria; p__Acidobacteriota; c__Acidobacteriae; o__Bryobacterales; f__Bryobacteraceae; g__Bryobacter	0.9997523588212144
6d437ec584052f5408cb1732ef15476f	d__Bacteria; p__Firmicutes; c__Clostridia; o__Oscillospirales; f__Ruminococcaceae; g__Subdoligranulum	0.9920385152214587
6172258d58cabc2fa05e5a8a04046481	d__Bacteria; p__Actinobacteriota; c__Actinobacteria; o__Corynebacteriales; f__Nocardiaceae; g__Gordonia	0.999494190136521
166945ddf95e0c368af68cdae9a6964e	d__Bacteria; p__Firmicutes; c__Clostridia; o__Monoglobales; f__Monoglobaceae; g__Monoglobus	0.9966277455082067
115b332052aed5fb1b30b6843e89bfb5	d__Bacteria; p__Bacteroidota; c__Bacteroidia; o__Flavobacteriales; f__Flavobacteriaceae; g__Flavobacterium; s__Antarctic_bacterium	0.8854008147777419
21b604636d83d623983174b7aa0968fa	d__Bacteria; p__Firmicutes; c__Clostridia; o__Oscillospirales; f__Butyricicoccaceae; g__Butyricicoccus	0.9999998169863512
cf2d02daa1306f10003839f3627d4cc7	d__Bacteria; p__Firmicutes; c__Clostridia; o__Lachnospirales; f__Lachnospiraceae; g__[Eubacterium]_fissicatena_group	0.9993675670411928
072d042931a4c1bbbb784bab08670076	d__Bacteria; p__Firmicutes; c__Clostridia; o__Oscillospirales; f__Oscillospiraceae; g__UCG-005	0.9980349406705116
2426d952cdbcd064a1590707edf222d9	d__Bacteria; p__Actinobacteriota; c__Coriobacteriia; o__Coriobacteriales; f__Eggerthellaceae; g__uncultured; s__uncultured_bacterium	0.9438798728753099
70acc56e243731ee607d4c0b07afe9ec	d__Bacteria; p__Firmicutes; c__Clostridia; o__Oscillospirales; f__Ruminococcaceae; g__Subdoligranulum	0.9980451492678158
eb766f4ad370d2932ebef1621ce3785d	d__Bacteria; p__Desulfobacterota; c__Desulfovibrionia; o__Desulfovibrionales; f__Desulfovibrionaceae; g__uncultured; s__uncultured_Desulfovibrionaceae	0.8504136609901677
5860511c1bff66808d05aed7fe1db372	d__Bacteria; p__Firmicutes; c__Clostridia; o__Lachnospirales; f__Lachnospiraceae	0.9999139515496716
62a7d3b16f49ad88128efcfc4a1259bb	d__Bacteria; p__Firmicutes; c__Clostridia; o__Peptostreptococcales-Tissierellales; f__Anaerovoracaceae; g__Family_XIII_UCG-001; s__uncultured_bacterium	0.7379583943750732
656c7738bb47a8ae7f5142e13d9f264c	d__Bacteria; p__Firmicutes; c__Clostridia; o__Peptostreptococcales-Tissierellales; f__Peptostreptococcales-Tissierellales; g__Murdochiella; s__Murdochiella_asaccharolytica	0.8535258787889066
972a1bba08c4b99693a3b7479e979a3a	d__Bacteria; p__Firmicutes; c__Clostridia; o__Lachnospirales; f__Lachnospiraceae	0.9999985698639513
8ca1f16071d6ec4063c35f053fad7c87	d__Bacteria; p__Proteobacteria; c__Gammaproteobacteria; o__Burkholderiales; f__Sutterellaceae; g__Sutterella; s__gut_metagenome	0.9493883409206498
8ab34014d44c284589930e542f56fcf2	d__Bacteria; p__Firmicutes; c__Clostridia; o__Clostridia; f__Hungateiclostridiaceae; g__Fastidiosipila; s__Clostridiales_bacterium	0.9996950084406915
e1b96446997d0579eda14ac844bd693f	d__Bacteria; p__Actinobacteriota; c__Actinobacteria; o__Actinomycetales; f__Actinomycetaceae; g__Actinomyces	0.9999999958868475
89d6acbb7473f2f3c745c1293564c9df	d__Bacteria; p__Firmicutes; c__Clostridia; o__Lachnospirales; f__Lachnospiraceae	0.9990508329357473
23c2313b68d4a4a320940d42a74ad072	d__Bacteria; p__Firmicutes; c__Clostridia; o__Lachnospirales; f__Lachnospiraceae; g__Blautia	0.8617225900033711
15d7dbb607a434acbb940cf1b50513ca	d__Bacteria; p__Firmicutes; c__Bacilli; o__Erysipelotrichales; f__Erysipelotrichaceae; g__Turicibacter	0.9999547338477704
8d35b47aaffd78f8f58d5bead89406b6	d__Bacteria; p__Firmicutes; c__Clostridia; o__Lachnospirales; f__Lachnospiraceae	0.9927419183275481
5364e543aacd4b0c0f80e1b78d06ec9f	d__Bacteria; p__Firmicutes; c__Clostridia; o__Clostridia_vadinBB60_group; f__Clostridia_vadinBB60_group; g__Clostridia_vadinBB60_group; s__uncultured_organism	0.9999251401819975
d2be4976a9666cbfba9c170f61a84661	d__Bacteria; p__Firmicutes; c__Clostridia; o__Clostridia_vadinBB60_group; f__Clostridia_vadinBB60_group; g__Clostridia_vadinBB60_group; s__gut_metagenome	0.9987240737724953
ff14c0b73134ac8a2fb77f0ad98d7d73	d__Bacteria; p__Firmicutes; c__Clostridia; o__Lachnospirales; f__Lachnospiraceae	0.9983654977204137
2566f966552177f40012f24e17532154	d__Bacteria; p__Proteobacteria; c__Gammaproteobacteria; o__Burkholderiales; f__Comamonadaceae; g__Hydrogenophaga	0.8101412961757158
390b4aa96951deee47bc4472439467eb	d__Bacteria; p__Firmicutes; c__Clostridia; o__Lachnospirales; f__Lachnospiraceae	0.8088790678802095
67b36e10a1cfaef8feeae96656f1b051	d__Bacteria; p__Firmicutes; c__Negativicutes; o__Acidaminococcales; f__Acidaminococcaceae; g__Phascolarctobacterium; s__Phascolarctobacterium_faecium	0.8335100977389588
2cff4d25ba6f1e8360391d1fd7771c25	d__Bacteria; p__Firmicutes; c__Clostridia; o__Christensenellales; f__Christensenellaceae; g__Christensenellaceae_R-7_group	0.9999986379607264
6c2e7b99a0f22b2371e468c7788b5f6c	d__Bacteria; p__Firmicutes; c__Clostridia; o__Oscillospirales; f__Ruminococcaceae; g__uncultured; s__uncultured_bacterium	0.7222354038911187
e8365e84a31ff2290b9b542dabd30386	d__Bacteria; p__Firmicutes; c__Clostridia; o__Christensenellales; f__Christensenellaceae; g__uncultured; s__uncultured_organism	0.9986284514249971
a5a45e544c9eb8399e45d865c09f6ded	d__Bacteria; p__Firmicutes; c__Clostridia; o__Oscillospirales; f__Ruminococcaceae; g__uncultured	0.879017041767956
141f69f57c30bd95d8cdd24b2ddcb2fa	d__Bacteria	0.9999999996600032
da8c8010a1ea78755fbad3c9bb8c1331	d__Bacteria; p__Firmicutes; c__Clostridia; o__Lachnospirales; f__Lachnospiraceae	0.9998165116512528
5990b233a921e43742e13e40109d168e	d__Bacteria; p__Firmicutes; c__Clostridia; o__Oscillospirales; f__Ruminococcaceae; g__Anaerofilum; s__uncultured_bacterium	0.9065947762738625
79a1ced1db6503ab988b36042f2c255f	d__Bacteria; p__Firmicutes; c__Clostridia; o__Oscillospirales; f__UCG-010; g__UCG-010; s__uncultured_bacterium	0.9953889118773214
43905774593a9bf413d8fe208fb986b8	d__Bacteria; p__Firmicutes; c__Clostridia; o__Oscillospirales; f__Oscillospiraceae; g__uncultured; s__uncultured_organism	0.9905643861692871
ba523b2994fc2c81e46de9078d195c3d	d__Bacteria; p__Bacteroidota; c__Bacteroidia; o__Bacteroidales; f__Muribaculaceae; g__Muribaculaceae; s__uncultured_bacterium	0.7950423574966021
f5cd45690ddd77626e1c5a37eab29817	d__Bacteria; p__Bacteroidota; c__Bacteroidia; o__Bacteroidales; f__Tannerellaceae; g__Parabacteroides	0.9996291582026985
a29e09d8ce7a5e547de678de33ec68ae	d__Bacteria; p__Firmicutes; c__Clostridia; o__Oscillospirales; f__Ruminococcaceae; g__Incertae_Sedis	0.9991476047817293
40daa07069fe44fd5ebd53a698efdeb3	d__Bacteria; p__Firmicutes; c__Clostridia; o__Lachnospirales; f__Lachnospiraceae; g__Lachnospiraceae_NC2004_group; s__uncultured_bacterium	0.9086256554086029
440f1eb211e15ba0efb661816451e0fe	d__Bacteria; p__Firmicutes; c__Clostridia; o__Lachnospirales; f__Defluviitaleaceae; g__Defluviitaleaceae_UCG-011; s__uncultured_bacterium	0.9999091703585561
ca80e891db6cac21d2a1495bd7ac0a08	d__Bacteria; p__Firmicutes; c__Clostridia; o__Monoglobales; f__Monoglobaceae; g__Monoglobus	0.9755626014771188
3b209370a9047dfdf3663a7822a11e18	d__Bacteria; p__Proteobacteria; c__Gammaproteobacteria; o__Burkholderiales; f__Comamonadaceae	0.9999986822769533
e16be6de6436803e3b84a5b5a648bb17	d__Bacteria; p__Firmicutes; c__Bacilli; o__Lactobacillales; f__Leuconostocaceae; g__Leuconostoc	0.9999999992846172
bcc1870a29ab314a738ae51a4fdb4bea	d__Bacteria; p__Firmicutes; c__Negativicutes; o__Veillonellales-Selenomonadales; f__Veillonellaceae; g__Megasphaera; s__unidentified	0.7971604659597111
010d778d60742f2c1d210ecf6537aae1	d__Bacteria; p__Firmicutes; c__Clostridia; o__Oscillospirales; f__Oscillospiraceae	0.9982076518210607
7d7cd207c0735fa6d2be33f62ca8499c	d__Bacteria; p__Firmicutes; c__Clostridia; o__Lachnospirales; f__Lachnospiraceae	0.9999913582070892
0b0f4c0f593f9982e816e1335f651cf3	d__Bacteria; p__Firmicutes; c__Clostridia; o__Lachnospirales; f__Lachnospiraceae	0.9765374492190274
c7767710093925eab7ef5c473f3ce33e	d__Bacteria; p__Firmicutes; c__Clostridia	0.9986038118708674
0cf89156f8b2aee3e2666398f8fe2e75	d__Bacteria; p__Firmicutes; c__Clostridia; o__Lachnospirales; f__Lachnospiraceae; g__uncultured; s__uncultured_Eubacterium	0.9862942067206869
4f15a32ef3809f49eaea52fa794ebe0c	d__Bacteria; p__Firmicutes; c__Clostridia; o__Christensenellales; f__Christensenellaceae; g__Christensenellaceae_R-7_group; s__uncultured_marine	0.9998644630692505
acb7cec564142ba6894fae2d19125352	d__Bacteria; p__Firmicutes; c__Clostridia; o__Oscillospirales; f__Ruminococcaceae; g__Ruminococcus	0.7402672685637134
58e7eb55d51e8c84aea29cd5deeea6c8	d__Bacteria; p__Firmicutes; c__Clostridia; o__Lachnospirales; f__Lachnospiraceae; g__uncultured; s__uncultured_organism	0.7023788221702123
499c4a6c27b26896b601c0784287f3c5	d__Bacteria; p__Firmicutes; c__Clostridia; o__Christensenellales; f__Christensenellaceae; g__Christensenellaceae_R-7_group	0.9805685713500235
5622acc53babc6ca21822d9c45e75c77	d__Bacteria; p__Firmicutes; c__Clostridia; o__Lachnospirales; f__Lachnospiraceae; g__Lachnospiraceae_UCG-008; s__uncultured_bacterium	0.8169508531973952
9f64d89428623459522bf62a9cdefe92	d__Bacteria; p__Bacteroidota; c__Bacteroidia; o__Bacteroidales; f__Rikenellaceae; g__Alistipes; s__Alistipes_onderdonkii	0.7815921856600131
5e16138da5a2fe5504919429fe7ef4a6	d__Bacteria; p__Firmicutes; c__Clostridia; o__Lachnospirales; f__Lachnospiraceae; g__Hungatella	0.8810799270523991
f1b4fa9a6088bf160433cf0a3dec8cb5	d__Bacteria; p__Firmicutes; c__Negativicutes; o__Veillonellales-Selenomonadales; f__Veillonellaceae; g__Dialister; s__uncultured_Veillonellaceae	0.7564860917362676
0e96bb723f0c01ba8ad635cf0bd5a274	d__Bacteria; p__Bacteroidota; c__Bacteroidia; o__Bacteroidales; f__Prevotellaceae; g__Prevotella; s__Prevotella_timonensis	0.9999999965659613
2d7d1153c025fab15ee57d1381544b3a	d__Bacteria; p__Bacteroidota; c__Bacteroidia; o__Bacteroidales; f__Tannerellaceae; g__Parabacteroides	0.9999882954278412
31af5b0d11cac8fcfadd5e55e2972141	d__Bacteria; p__Firmicutes; c__Clostridia	0.9999957588905866
689995f3ac2362740ccc09b47886916d	d__Bacteria; p__Firmicutes	0.9979888306984914
1986d9e535504d596b5fc7b132c9cc22	d__Bacteria; p__Bacteroidota; c__Bacteroidia; o__Bacteroidales; f__Tannerellaceae; g__Parabacteroides	0.999977955864531
960f6040e7061d843590d64b77d610e6	d__Bacteria; p__Bacteroidota; c__Bacteroidia; o__Bacteroidales; f__Tannerellaceae; g__Parabacteroides	0.9998119659291254
74ed65ebf0c1d18f1f3098a47270b08d	d__Bacteria; p__Bacteroidota; c__Bacteroidia; o__Bacteroidales; f__Rikenellaceae; g__Alistipes	0.9999925824513565
36d652063aab6c546c91cb13e6657944	d__Bacteria; p__Firmicutes; c__Clostridia; o__Oscillospirales; f__Oscillospiraceae	0.9999981074063768
608b7e4b17dd08bf823d047a8492b42b	d__Bacteria; p__Firmicutes; c__Clostridia; o__Christensenellales; f__Christensenellaceae; g__Christensenellaceae_R-7_group	0.8076461242752477
d31a1f428bbbe5e1e6ff461c668d00b3	d__Bacteria; p__Firmicutes; c__Clostridia	0.9999999855042712
02c39bedb82429d326f720853a29cd6b	d__Bacteria	0.999999999954953
3f5f0c727de96f65795022b0f219ff90	d__Bacteria; p__Firmicutes; c__Clostridia; o__Peptococcales; f__Peptococcaceae; g__uncultured	0.9997962974357575
b4cb5a4e7fc690a38f6a0fc182d45091	d__Bacteria; p__Firmicutes; c__Clostridia; o__Christensenellales; f__Christensenellaceae; g__Christensenellaceae_R-7_group	0.7547277154149278
4a2c851513021ec001719b8b7bcb168c	d__Bacteria; p__Firmicutes; c__Negativicutes; o__Veillonellales-Selenomonadales; f__Veillonellaceae; g__Dialister	0.9999126499919778
35d9fcabff992c103c21ffb23e8805c3	d__Bacteria; p__Bacteroidota; c__Bacteroidia; o__Bacteroidales; f__Rikenellaceae	0.9889939229446703
a7e81b11b0311290523d717f629105ae	d__Bacteria; p__Synergistota; c__Synergistia; o__Synergistales; f__Synergistaceae; g__Lactivibrio	0.9999998183013314
af540954f80b316af6332b8e2448f4ac	d__Bacteria; p__Bacteroidota; c__Bacteroidia; o__Flavobacteriales; f__Crocinitomicaceae; g__Fluviicola; s__uncultured_Flexibacter	0.8958840447310431
2692ef4d100672a547cda4fa2d4f0d00	d__Bacteria; p__Bacteroidota; c__Bacteroidia; o__Flavobacteriales; f__Cryomorphaceae; g__uncultured	0.999998366976016
7452a179b9a24c364642eeaade4d266f	d__Bacteria; p__Firmicutes; c__Bacilli; o__Paenibacillales; f__Paenibacillaceae; g__Ammoniphilus; s__uncultured_bacterium	0.8637346466877792
4314c46c9a106ffb53c545eb88b8bd8a	d__Bacteria; p__Firmicutes; c__Clostridia; o__Oscillospirales; f__Ruminococcaceae	0.9990473187680167
3cc284fbf7e6ee210746f3f31dbb1b86	d__Bacteria; p__Firmicutes; c__Clostridia; o__Lachnospirales; f__Lachnospiraceae	0.9999859058754632
a801dbda9638af5a3ebf7d0ee022aea7	d__Bacteria; p__Bacteroidota; c__Bacteroidia; o__Chitinophagales; f__Chitinophagaceae; g__Segetibacter; s__uncultured_bacterium	0.9490454217846807
1487b200a7fadf1651bd5aa55808a7b0	d__Bacteria; p__Actinobacteriota; c__Actinobacteria; o__Bifidobacteriales; f__Bifidobacteriaceae; g__Bifidobacterium	0.9999998940635059
363b24d1b4d84e980a001022cadd8a33	d__Bacteria; p__Actinobacteriota; c__Actinobacteria; o__Kineosporiales; f__Kineosporiaceae	0.9999316846836523
e117e6b1598d0067b4eef3b5b3ceabfb	d__Bacteria; p__Firmicutes; c__Clostridia; o__Oscillospirales; f__[Eubacterium]_coprostanoligenes_group; g__[Eubacterium]_coprostanoligenes_group; s__Eubacteriaceae_bacterium	0.9823102461484086
632b172f4100dda3b7b76a4e5f6af437	d__Bacteria; p__Proteobacteria; c__Gammaproteobacteria; o__Burkholderiales; f__Burkholderiaceae; g__Lautropia; s__metagenome	0.8385459067909892
d58efe27ef5ebd2314422bc567d3a0f9	d__Bacteria; p__Proteobacteria; c__Gammaproteobacteria; o__Pseudomonadales; f__Moraxellaceae; g__Acinetobacter; s__Acinetobacter_baumannii	0.8957781042128803
a82dc4c878a97b0e7b86662031450f9e	d__Bacteria; p__Proteobacteria; c__Alphaproteobacteria; o__Sphingomonadales; f__Sphingomonadaceae; g__Sphingomonas	0.998666226138066
0e4c57a62d476f6fdd229b2c744f7174	d__Bacteria; p__Firmicutes; c__Clostridia; o__Lachnospirales; f__Lachnospiraceae	0.9995803310072301
9b608dd39bc87ce37ae4147fc0145619	d__Bacteria; p__Firmicutes; c__Clostridia; o__Oscillospirales; f__Ruminococcaceae; g__Subdoligranulum	0.9922426118437335
8db98d8fd4290bc3076ee0ab2f3de535	d__Bacteria; p__Actinobacteriota; c__Actinobacteria; o__Micromonosporales; f__Micromonosporaceae	0.9935250111136322
8a46d16b5d551b344ea3751166654534	d__Bacteria; p__Actinobacteriota; c__Actinobacteria; o__Micrococcales; f__Microbacteriaceae	0.9962638824478129
b875c73b01d4d8ba9fdd57d6cd15e980	d__Bacteria; p__Actinobacteriota; c__Actinobacteria; o__Pseudonocardiales; f__Pseudonocardiaceae; g__Saccharopolyspora	0.9809987232610174
cf6ffedaff8fc0e8dd1eabb619b35964	d__Bacteria; p__Proteobacteria; c__Alphaproteobacteria; o__Rhizobiales; f__Beijerinckiaceae; g__Microvirga	0.9997266808411206
8ed7124f785abeed80ede550bcaff213	d__Bacteria; p__Actinobacteriota; c__Actinobacteria; o__Pseudonocardiales; f__Pseudonocardiaceae; g__Pseudonocardia	0.9968241334676986
41f444a60875bc7b88e610b78d33fdaa	d__Bacteria; p__Proteobacteria; c__Alphaproteobacteria; o__Rhizobiales; f__Beijerinckiaceae; g__Microvirga; s__Microvirga_sp.	0.7470552580999436
f18cfc241c0873f8dac4c5a4381333d7	d__Bacteria; p__Firmicutes; c__Clostridia; o__Lachnospirales; f__Lachnospiraceae; g__[Eubacterium]_oxidoreducens_group; s__uncultured_bacterium	0.7251261297370981
da7a892b4a2c0d398ea0b0cee66a561a	d__Bacteria; p__Firmicutes; c__Clostridia; o__Oscillospirales; f__Ruminococcaceae; g__Incertae_Sedis	0.9996220689206566
99b48263d8c537d8bd67842ddc5c211a	d__Bacteria; p__Firmicutes; c__Bacilli; o__Erysipelotrichales; f__Erysipelatoclostridiaceae; g__Erysipelotrichaceae_UCG-003	0.999981068127014
d817f6f06ed904e416e49296a356ff2c	d__Bacteria; p__Firmicutes; c__Clostridia; o__Oscillospirales; f__Ruminococcaceae; g__Ruminococcus; s__uncultured_bacterium	0.9011023050162441
dfbafa8eda819b3d08841b3f8ed1b13d	d__Bacteria; p__Firmicutes; c__Clostridia; o__Christensenellales; f__Christensenellaceae; g__uncultured	0.7702280075193089
a449954eb3c9285823b47c39b0127cbd	d__Bacteria; p__Firmicutes; c__Clostridia; o__Peptococcales; f__Peptococcaceae; g__uncultured	0.9997300518922104
a4ba515c295bfb3077125b82f337229d	d__Bacteria; p__Proteobacteria; c__Gammaproteobacteria; o__Burkholderiales; f__Alcaligenaceae	0.99999919142689
6bba1c6ad310a2ef5d44047c8e86927e	d__Bacteria; p__Firmicutes; c__Bacilli; o__Thermoactinomycetales; f__Thermoactinomycetaceae; g__uncultured; s__uncultured_bacterium	0.9994161502092351
d102dfaf37d45a8a547a5828f76bbf70	d__Bacteria; p__Firmicutes; c__Clostridia; o__Christensenellales; f__Christensenellaceae; g__Christensenellaceae_R-7_group; s__uncultured_marine	0.9997205371918138
ef5e7914b3320875a4e288fd1c69ef9e	d__Bacteria; p__Firmicutes; c__Clostridia; o__Lachnospirales; f__Lachnospiraceae; g__Lachnospiraceae_UCG-004; s__uncultured_bacterium	0.73368301309614
f1ab6d11528179f3ab64e795c321dcac	d__Bacteria; p__Proteobacteria; c__Alphaproteobacteria; o__Sphingomonadales; f__Sphingomonadaceae; g__Sphingomonas	0.9976003245431007
fdd252fea8368dd90b2aea502122baf5	d__Bacteria; p__Firmicutes; c__Clostridia; o__Oscillospirales; f__Ruminococcaceae	0.9967057584870129
e469a3fb10f221d2ed7c3fc17a813a42	d__Bacteria; p__Firmicutes; c__Bacilli; o__Lactobacillales; f__Carnobacteriaceae; g__Granulicatella	0.8121204326844739
7ba82dd286d368bb40de84d636496b51	d__Bacteria; p__Firmicutes; c__Clostridia; o__Monoglobales; f__Monoglobaceae; g__Monoglobus	0.9999574175844916
b1db1c898e118d7d9b9dfcc45596b7bf	d__Bacteria; p__Bacteroidota; c__Bacteroidia; o__Chitinophagales; f__Chitinophagaceae; g__uncultured; s__marine_metagenome	0.7790891942937195
22350ad4c47fa508472ae01a6b2e757d	d__Bacteria; p__Proteobacteria; c__Gammaproteobacteria	0.9999999999997778
b981c8e123af0d28dabe92a3f243f21c	d__Bacteria; p__Bacteroidota; c__Bacteroidia; o__Bacteroidales; f__Tannerellaceae; g__Parabacteroides	0.9999865511247925
589c56a2d38f955d9983dc1cc04b5bd2	d__Bacteria; p__Firmicutes; c__Clostridia; o__Oscillospirales; f__Ruminococcaceae; g__Ruminococcus; s__uncultured_bacterium	0.9915765089634371
897bff017ae7e196b894d789f210c947	d__Bacteria; p__Firmicutes; c__Clostridia; o__Lachnospirales; f__Lachnospiraceae	0.9999927709533374
fc074998cf0743abadc4daec75883387	d__Bacteria; p__Firmicutes; c__Clostridia; o__Oscillospirales; f__Ruminococcaceae; g__[Eubacterium]_siraeum_group	0.9962304154228689
58c0a7e0cbd1a7270db31a4e944edbbb	d__Bacteria; p__Firmicutes; c__Clostridia; o__Oscillospirales; f__UCG-010; g__UCG-010; s__gut_metagenome	0.9740881719416905
73f4f241c967ce5de875db75999bd5de	d__Bacteria; p__Firmicutes; c__Clostridia; o__Oscillospirales; f__Oscillospiraceae; g__UCG-007	0.9332038453501705
f92ad8059b2d618737add2d1f8676c2f	d__Bacteria; p__Firmicutes; c__Clostridia; o__Lachnospirales; f__Lachnospiraceae; g__Lachnospiraceae_UCG-004; s__uncultured_bacterium	0.9304299393852113
0c94c908050a3c5d67b1324cf8fe875b	d__Bacteria; p__Firmicutes; c__Clostridia; o__Lachnospirales; f__Lachnospiraceae; g__Hungatella	0.9944063554124847
9e2f62c609c51a81aca92fb8a0b9ef47	d__Bacteria; p__Proteobacteria; c__Gammaproteobacteria; o__Burkholderiales; f__Sutterellaceae; g__Parasutterella; s__uncultured_organism	0.9919899275270354
538a34c5414dbd74d5a62c325f182d27	d__Bacteria; p__Firmicutes; c__Clostridia; o__Oscillospirales; f__Ruminococcaceae	0.9999998584862299
82de1abbac39b0ad8ba7f0e94d5e2b77	d__Bacteria; p__Bacteroidota; c__Bacteroidia; o__Bacteroidales; f__Bacteroidaceae; g__Bacteroides	0.8593481100413022
7037b49162823c67e63f4bdc6a0d5895	d__Bacteria; p__Firmicutes; c__Clostridia; o__Lachnospirales; f__Lachnospiraceae; g__Anaerostipes; s__uncultured_bacterium	0.8159615980587746
6c78659778739a0b4cb176a47e59484a	d__Bacteria; p__Firmicutes; c__Clostridia; o__Lachnospirales; f__Lachnospiraceae; g__uncultured; s__Faecalimonas_umbilicata	0.7479973183113985
f20e0f9f26d38fa0004bb076e6c9f3db	d__Bacteria; p__Firmicutes; c__Clostridia; o__Lachnospirales; f__Lachnospiraceae	0.9999866212799073
bfddec04ff8c2985fb935f7e25df75dc	d__Bacteria; p__Firmicutes; c__Clostridia; o__Eubacteriales; f__Anaerofustaceae; g__Anaerofustis	0.9999999975213489
8918dd4ad7932eb8351aa66958ab7381	d__Bacteria; p__Firmicutes; c__Clostridia; o__Lachnospirales; f__Lachnospiraceae	0.9999695129460104
a74746aa7ebe157ed73edf677379fbee	d__Bacteria; p__Proteobacteria; c__Alphaproteobacteria; o__Rhodobacterales; f__Rhodobacteraceae; g__Ruegeria	0.7827452095635632
f56f4120a301a9bb954635de0c8a26e2	d__Bacteria; p__Proteobacteria; c__Gammaproteobacteria; o__Xanthomonadales; f__Xanthomonadaceae; g__Stenotrophomonas; s__uncultured_organism	0.8424368283108712
c2a0fe1eda4e336eefe0ec830598ff79	d__Bacteria; p__Bacteroidota; c__Bacteroidia; o__Flavobacteriales; f__Flavobacteriaceae; g__Flavobacterium	0.9999960474140733
e6d94d193bf6486705a0f7338e2057cc	d__Bacteria; p__Firmicutes; c__Clostridia; o__Lachnospirales; f__Lachnospiraceae	0.8462635143421929
8de71a5a25104a7b817fb683340e329b	d__Bacteria; p__Firmicutes; c__Clostridia; o__Lachnospirales; f__Lachnospiraceae; g__Lachnospiraceae_ND3007_group	0.8348085296538869
81b1c1d096ee15acdaf14912f780c78f	d__Bacteria; p__Firmicutes; c__Clostridia; o__Peptostreptococcales-Tissierellales; f__Peptostreptococcales-Tissierellales; g__Peptoniphilus; s__Peptoniphilus_coxii	0.797810395336534
46df16116351ab05eaa4b1b01fb77c98	d__Bacteria; p__Firmicutes; c__Clostridia; o__Clostridiales; f__Clostridiaceae; g__Clostridium_sensu_stricto_1; s__uncultured_Firmicutes	0.8574818115044476
e55c028c8cd52c818adc6e251fcdf4fd	d__Bacteria; p__Firmicutes	0.9999992710652523
2f84503c0d48d7e8ffb3528eeb4d2bde	d__Bacteria; p__Bacteroidota; c__Bacteroidia; o__Bacteroidales; f__Barnesiellaceae; g__uncultured; s__uncultured_bacterium	0.9169123764245378
f65a18dfe2c531dc6f1016614d3aef65	d__Bacteria; p__Bacteroidota; c__Bacteroidia; o__Bacteroidales; f__Barnesiellaceae; g__Barnesiella	0.9998565040014586
bd7fc8b6fe0a3a18be37951f7eca6726	d__Bacteria; p__Firmicutes; c__Clostridia; o__Lachnospirales; f__Lachnospiraceae	0.9987769118491152
10a6b8b7db5798404b4d15df6a9cd972	d__Bacteria; p__Firmicutes; c__Clostridia; o__Lachnospirales; f__Lachnospiraceae; g__Blautia	0.8938294924547829
fb11968fb1be14f9080eb4ed2d4956de	d__Bacteria; p__Firmicutes; c__Clostridia; o__Oscillospirales	0.9680341183375721
be46416607466c351e5ffc4504e8a991	d__Bacteria; p__Firmicutes; c__Clostridia; o__Oscillospirales; f__Ruminococcaceae; g__Incertae_Sedis; s__uncultured_bacterium	0.8720884863244857
4ed6ed56c9d07ed483b8459c46769477	d__Bacteria; p__Firmicutes; c__Clostridia; o__Peptostreptococcales-Tissierellales; f__Peptostreptococcales-Tissierellales; g__Fenollaria	0.9999999999848003
e88da5f7609b7775c4dba0ce5d175785	d__Bacteria; p__Actinobacteriota; c__Actinobacteria; o__Actinomycetales; f__Actinomycetaceae; g__Actinomyces; s__Schaalia_odontolytica	0.8249539414573792
04ee40debe81b366e246303a021b02c9	d__Bacteria; p__Firmicutes; c__Clostridia; o__Peptostreptococcales-Tissierellales; f__Anaerovoracaceae; g__[Eubacterium]_brachy_group; s__uncultured_bacterium	0.9999899828003092
a054d105d6c92bd878dfad237ccd8968	d__Bacteria; p__Firmicutes; c__Clostridia; o__Oscillospirales; f__Ruminococcaceae; g__Incertae_Sedis	0.7092025905402196
cc11209dd59a10665d104e755eccb049	d__Bacteria; p__Proteobacteria; c__Alphaproteobacteria; o__Rhodobacterales; f__Rhodobacteraceae	0.9999959924618839
6dab10a6310cc4c2bf9dfbd4641c3af1	d__Bacteria; p__Bacteroidota; c__Bacteroidia; o__Flavobacteriales; f__Flavobacteriaceae; g__Flavobacterium	0.9999992410626224
57b4d5e69ccffccae15e444c84ddafaf	d__Bacteria; p__Firmicutes; c__Clostridia; o__Clostridia_UCG-014; f__Clostridia_UCG-014; g__Clostridia_UCG-014; s__uncultured_bacterium	0.785688311490908
33a43a96bcff6bd5be046bc2b64220a7	d__Bacteria; p__Firmicutes; c__Clostridia	0.9999852743217641
412b14a847e5fa4bcc4f85126058f466	d__Bacteria; p__Firmicutes; c__Clostridia; o__Lachnospirales; f__Lachnospiraceae	0.7534582478275847
5ae4d9c496b7cd0325da1d49857e2bbd	d__Bacteria; p__Firmicutes; c__Clostridia; o__Oscillospirales; f__Ruminococcaceae	0.7414800587505616
4a0748e3f55f72aae9574dafb49a8c2c	d__Bacteria; p__Firmicutes; c__Clostridia; o__Peptococcales; f__Peptococcaceae; g__uncultured; s__uncultured_soil	0.8487142395403409
b332e3405306c3234ace52dcde5f1aa6	d__Bacteria; p__Firmicutes; c__Clostridia; o__Lachnospirales; f__Lachnospiraceae	0.9999448441315394
281e3ced9ee2a14419b6574d315e7934	d__Bacteria; p__Firmicutes; c__Clostridia; o__Peptostreptococcales-Tissierellales; f__Anaerovoracaceae; g__Family_XIII_AD3011_group	0.8683375843652722
3d279c4fcccd6dda80462913ba045089	d__Bacteria; p__Firmicutes; c__Clostridia; o__Christensenellales; f__Christensenellaceae; g__Christensenellaceae_R-7_group; s__uncultured_soil	0.9999495171341847
d5912963c7010ca87609ecf53fd450ac	d__Bacteria; p__Firmicutes; c__Clostridia; o__Lachnospirales; f__Lachnospiraceae; g__[Eubacterium]_oxidoreducens_group	0.9966804950487136
be2db7384a1d7c41beec510acd3b25f8	d__Bacteria; p__Firmicutes; c__Clostridia; o__Lachnospirales; f__Lachnospiraceae	0.9999914508136679
7359fabc1d4f29b4a5af6d7a8748e501	d__Bacteria; p__Firmicutes; c__Clostridia; o__Oscillospirales; f__UCG-011; g__UCG-011; s__uncultured_bacterium	0.9403893491891944
f995c276e2ece1d53a40a6aabddd5fa5	d__Bacteria; p__Firmicutes; c__Clostridia; o__Lachnospirales; f__Lachnospiraceae; g__[Eubacterium]_eligens_group; s__uncultured_bacterium	0.7048991063068342
e46fd99e11002541c8b87ca8d05886a3	d__Bacteria; p__Firmicutes; c__Bacilli; o__Izemoplasmatales; f__Izemoplasmatales; g__Izemoplasmatales; s__gut_metagenome	0.999709642642331
7e6ae1028c05da041a2e5eab72106dec	d__Bacteria; p__Bacteroidota; c__Bacteroidia; o__Bacteroidales; f__Prevotellaceae; g__Prevotella; s__Prevotella_copri	0.765483234004961
797f513a37e3c3441a1c62b420360d57	d__Bacteria; p__Bacteroidota; c__Bacteroidia; o__Bacteroidales; f__Bacteroidaceae; g__Bacteroides	0.9988347822794911
3fc5ca614c8ca8c27343a6703f3ba45d	d__Bacteria; p__Firmicutes; c__Clostridia; o__Lachnospirales	0.9977144296371584
c3d8920befb9f7720492b0702a59a5e1	d__Bacteria; p__Firmicutes; c__Clostridia; o__Christensenellales; f__Christensenellaceae; g__Christensenellaceae_R-7_group	0.99482064467008
088df631e89c87b19fc6c17dbdb3e7cb	d__Bacteria; p__Firmicutes; c__Clostridia; o__Oscillospirales; f__Ruminococcaceae; g__Angelakisella; s__uncultured_bacterium	0.956890510542823
90acf6f4c90905f38882fc19a9366d48	d__Bacteria; p__Firmicutes; c__Clostridia; o__Lachnospirales; f__Lachnospiraceae; g__Anaerostipes; s__uncultured_bacterium	0.8124991178262015
a3fe8b3adcdea6f21d75818c4b8e5258	d__Bacteria; p__Firmicutes; c__Clostridia; o__Lachnospirales; f__Lachnospiraceae	0.9967083455698718
22f4f6b248aa1a8eda70d1c7d7ee8f5e	d__Bacteria; p__Firmicutes; c__Clostridia; o__Oscillospirales; f__Ruminococcaceae; g__Incertae_Sedis; s__uncultured_bacterium	0.9625646876541561
67bc0847788d2f6608d531adb32ed0d2	d__Bacteria; p__Actinobacteriota; c__Coriobacteriia; o__Coriobacteriales; f__Coriobacteriales_Incertae_Sedis; g__Raoultibacter	0.9999965498398833
b9d8d1f7e29ac4020b5a25fecc39a6ba	d__Bacteria; p__Firmicutes; c__Clostridia	0.9999998015939573
93985acc4ea609c9020240c7494f4cec	d__Bacteria; p__Firmicutes; c__Clostridia; o__Oscillospirales; f__Oscillospiraceae; g__Oscillospira; s__uncultured_bacterium	0.929954992018856
204d706d27b22f59f81610b5563369b0	d__Bacteria; p__Firmicutes; c__Clostridia; o__Eubacteriales; f__Anaerofustaceae; g__Anaerofustis; s__Anaerofustis_stercorihominis	0.7599061234259668
b95f627aca8e85d1dc6e0a95066c9d1b	d__Bacteria; p__Firmicutes; c__Clostridia; o__Lachnospirales; f__Lachnospiraceae; g__Lachnospiraceae_UCG-008; s__uncultured_bacterium	0.7676575932154006
98ee67bd313ff129f1708ab63bf308f5	d__Bacteria; p__Firmicutes; c__Clostridia; o__Lachnospirales; f__Lachnospiraceae	0.9993681175820218
b4552dcaebe0af2b50d2632a5030b9bc	d__Bacteria; p__Firmicutes; c__Clostridia; o__Lachnospirales; f__Lachnospiraceae	0.9972161638842147
1f029b6f29ecda86e8b03999c5a9b7c9	d__Bacteria; p__Actinobacteriota; c__Coriobacteriia; o__Coriobacteriales; f__Atopobiaceae; g__uncultured; s__uncultured_bacterium	0.9782392487503591
dd6cbb225686d8e4c17b1e1b9cb9a7a6	d__Bacteria; p__Firmicutes; c__Clostridia; o__Lachnospirales; f__Lachnospiraceae; g__GCA-900066575; s__uncultured_bacterium	0.982101950662751
02489c0c85550215fd9f4f412272835a	d__Bacteria; p__Firmicutes; c__Clostridia; o__Lachnospirales; f__Lachnospiraceae; g__[Eubacterium]_eligens_group	0.9999953957689097
21cbb3219ca0f9052408daafaf9872bb	d__Bacteria; p__Firmicutes; c__Clostridia; o__Christensenellales; f__Christensenellaceae; g__Christensenellaceae_R-7_group; s__uncultured_marine	0.9942963769540663
a32f7cc124d9df69a33222f93a2aa561	d__Bacteria; p__Firmicutes; c__Clostridia; o__Oscillospirales; f__Ruminococcaceae; g__Incertae_Sedis; s__uncultured_bacterium	0.9631478296466575
fc1977e47f5a1c9fd463f559a9d503a6	d__Bacteria; p__Firmicutes; c__Clostridia; o__Lachnospirales; f__Lachnospiraceae	0.9516258099702648
3902901c9fcb716d420ec743909a5886	d__Bacteria; p__Firmicutes; c__Clostridia; o__Lachnospirales; f__Lachnospiraceae; g__Lachnospiraceae_FCS020_group	0.9619686435621075
0a155edf90bbfd21daa3234fccd2f127	d__Bacteria; p__Firmicutes; c__Clostridia; o__Lachnospirales; f__Lachnospiraceae	0.9999715357083871
b1c474dbdd1b1033b5dcf6c6c94a4047	d__Bacteria; p__Firmicutes; c__Clostridia; o__Lachnospirales; f__Lachnospiraceae; g__[Eubacterium]_hallii_group; s__uncultured_bacterium	0.8497773087297761
829b3037325ddedbbe1a85f0995728d2	d__Bacteria; p__Firmicutes; c__Clostridia	0.9827438638509453
194ebd979099d54b44ebef79892274de	d__Bacteria; p__Firmicutes; c__Clostridia; o__Peptococcales; f__Peptococcaceae; g__Peptococcus; s__uncultured_organism	0.9999314708760471
841a18b752fa70d2e671012233647bed	d__Bacteria; p__Bacteroidota; c__Bacteroidia; o__Bacteroidales; f__Bacteroidaceae; g__Bacteroides	0.9999999983908099
6ea13bcfad69161c683d1c5f4c96a6c9	d__Bacteria; p__Cyanobacteria; c__Cyanobacteriia; o__Synechococcales; f__Cyanobiaceae; g__Cyanobium_PCC-6307	0.9999953945074784
e18b83dcd347b9f2588fbaabbf3d185f	d__Bacteria; p__Firmicutes; c__Clostridia; o__Lachnospirales; f__Lachnospiraceae	0.9998080441204759
e75c75a36a193112a06555dbcb183d9d	d__Bacteria; p__Firmicutes; c__Bacilli; o__Erysipelotrichales; f__Erysipelotrichaceae; g__Holdemania	0.9999988560020425
a32fe448659c600b97320cf7d5ca4bd2	d__Bacteria; p__Firmicutes; c__Clostridia; o__Lachnospirales; f__Lachnospiraceae; g__Anaerostipes; s__uncultured_bacterium	0.8256153591996646
8ac21c5cac567060498febec109e5c71	d__Bacteria; p__Firmicutes; c__Clostridia; o__Peptostreptococcales-Tissierellales; f__Anaerovoracaceae; g__uncultured; s__uncultured_bacterium	0.9385398931773358
32bcb245f1887b8d832e5945dd33e4c7	d__Bacteria; p__Bacteroidota; c__Bacteroidia; o__Bacteroidales; f__Bacteroidaceae; g__Bacteroides	0.9996259296694213
2d68bd8a5d378087d224cb8a1a183950	d__Bacteria; p__Firmicutes; c__Clostridia; o__Lachnospirales; f__Lachnospiraceae; g__Tyzzerella	0.7747666503543376
509189e9b16069d31a6f2e713ecba21d	d__Bacteria; p__Bacteroidota; c__Bacteroidia; o__Bacteroidales; f__Tannerellaceae; g__Parabacteroides	0.9994746437254536
5c7efc71f888d4d0fb633222074a88de	d__Bacteria; p__Firmicutes; c__Bacilli; o__Lactobacillales; f__Streptococcaceae; g__Streptococcus; s__Streptococcus_agalactiae	0.9564267431715969
be23b8d44496f49c280d18093fb8f777	d__Bacteria; p__Firmicutes; c__Clostridia; o__Oscillospirales; f__Ruminococcaceae; g__Incertae_Sedis; s__uncultured_bacterium	0.7777124930337045
a317d19e59721097ba51c0f535c1db9b	d__Bacteria; p__Firmicutes; c__Clostridia; o__Oscillospirales; f__Butyricicoccaceae; g__UCG-008; s__uncultured_bacterium	0.9993108302423883
eb65721d2670ef3c056830c4bbf2a94c	d__Bacteria; p__Firmicutes; c__Clostridia; o__Oscillospirales; f__Butyricicoccaceae; g__UCG-008; s__uncultured_bacterium	0.9102458338191047
af77bb0d333f74ecbb4a8af3d9395a88	d__Bacteria; p__Cyanobacteria; c__Cyanobacteriia; o__Chloroplast; f__Chloroplast; g__Chloroplast	0.9999999999998578
bd62e2a8a7f68660041be9389c97b077	d__Bacteria; p__Firmicutes; c__Clostridia; o__Lachnospirales; f__Lachnospiraceae; g__[Eubacterium]_oxidoreducens_group; s__uncultured_bacterium	0.7771655898119691
b4bffa2b5a281bcd82f1b67e60586c74	d__Bacteria; p__Firmicutes; c__Clostridia; o__Christensenellales; f__Christensenellaceae; g__uncultured; s__uncultured_bacterium	0.7414011573317758
3ddc8269ae8cd37a5d6e151805371d17	d__Bacteria; p__Firmicutes; c__Clostridia; o__Lachnospirales; f__Lachnospiraceae; g__[Eubacterium]_oxidoreducens_group; s__uncultured_bacterium	0.9400320808107104
4ade73d747263925388b9f55b1760eff	d__Bacteria; p__Firmicutes; c__Clostridia; o__Oscillospirales	0.9547319334779867
0996a8e1a66a7838bf6c4882b6b9fc0b	d__Bacteria; p__Firmicutes; c__Clostridia; o__Oscillospirales; f__Ruminococcaceae	0.8977171478386707
6a70732ba6bd3b9a1a878908720c6a6c	d__Bacteria; p__Firmicutes; c__Clostridia; o__Lachnospirales; f__Lachnospiraceae	0.9992523521945795
155610c5cfbf66daa4dc77bac5c8ad4d	d__Bacteria; p__Firmicutes; c__Clostridia; o__Lachnospirales; f__Lachnospiraceae	0.9999568363944288
010045acae4b7b2d858cfbb43c77e599	d__Bacteria; p__Firmicutes; c__Bacilli; o__RF39; f__RF39; g__RF39; s__gut_metagenome	0.9988119850130835
28f9d75477051ab714657d40f9aee1dd	d__Bacteria; p__Firmicutes; c__Clostridia; o__Christensenellales; f__Christensenellaceae; g__Christensenellaceae_R-7_group; s__uncultured_Christensenella	0.7861950147250054
31efcda5da89af4d1b33b8187717b67b	d__Bacteria; p__Firmicutes; c__Clostridia; o__Lachnospirales; f__Lachnospiraceae	0.9999813539062766
e6e8507ef405dae3df5f2be6239c1e2a	d__Bacteria; p__Firmicutes; c__Clostridia; o__Lachnospirales; f__Lachnospiraceae	0.9142194185363424
d21047cb27ba20fe46207439cfb78627	d__Bacteria; p__Bacteroidota; c__Bacteroidia; o__Bacteroidales; f__Tannerellaceae; g__Parabacteroides	0.9999794721571601
2897f7c0c302e175164c6412f262d5b4	d__Bacteria; p__Firmicutes; c__Clostridia; o__Peptococcales; f__Peptococcaceae; g__uncultured; s__unidentified	0.9978438428670433
fe6f6df7e38eb5017a569b87f6ef333a	d__Bacteria; p__Firmicutes; c__Clostridia; o__Oscillospirales; f__[Eubacterium]_coprostanoligenes_group; g__[Eubacterium]_coprostanoligenes_group; s__gut_metagenome	0.7961881692950912
c042ff865d97757780dda906b2e3add8	d__Bacteria; p__Firmicutes; c__Clostridia; o__Lachnospirales; f__Lachnospiraceae; g__[Eubacterium]_ruminantium_group; s__uncultured_bacterium	0.7597872520153848
ef85a75c131aef03514b7a1712ee2ccb	d__Bacteria; p__Firmicutes; c__Clostridia; o__Lachnospirales; f__Lachnospiraceae; g__Agathobacter	0.7517906390558042
1576c07f4bfc5bf5124d03f12b7fd6eb	d__Bacteria; p__Firmicutes; c__Clostridia; o__Lachnospirales; f__Lachnospiraceae	0.727340537603174
3347888e97a9b9b1d92f91bd64bb34cf	d__Bacteria; p__Firmicutes; c__Clostridia; o__Lachnospirales; f__Lachnospiraceae; g__Tyzzerella; s__unidentified	0.9994586188248875
b7dffe04e7be27702173d1c235b6ac98	d__Bacteria; p__Proteobacteria; c__Alphaproteobacteria; o__Azospirillales; f__Azospirillaceae; g__Azospirillum; s__Azospirillum_thiophilum	0.7665533129754539
7d351a2847e60a8d744b4d4b67d96ebd	d__Bacteria; p__Proteobacteria; c__Alphaproteobacteria; o__Rhizobiales; f__Rhizobiaceae	0.7537800031578606
f2535e35e3c7a18c4a955a76e127b9d4	d__Bacteria; p__Firmicutes; c__Bacilli; o__Erysipelotrichales; f__Erysipelotrichaceae; g__Turicibacter	0.999972833763761
ef309b3d91fd8de0fab771a2a175acf5	d__Bacteria; p__Firmicutes; c__Clostridia; o__Lachnospirales; f__Lachnospiraceae; g__Blautia; s__Blautia_faecis	0.9378205058568745
711518485f631cc6e92802728a033788	d__Bacteria; p__Firmicutes; c__Clostridia; o__Clostridiales; f__Clostridiaceae; g__Clostridium_sensu_stricto_15; s__Clostridium_cochlearium	0.7459299417837851
67b4ffef02e1845006a662523a939f71	d__Bacteria; p__Firmicutes; c__Clostridia; o__Lachnospirales; f__Lachnospiraceae; g__[Ruminococcus]_torques_group	0.7556810071438265
73aa2f154ed06681a34f2b1f006abcae	d__Bacteria; p__Firmicutes; c__Bacilli; o__Lactobacillales; f__Streptococcaceae; g__Lactococcus; s__Lactococcus_garvieae	0.9326747387959334
c6f7bcf38af6587f6b5d3b83b7b61416	d__Bacteria; p__Actinobacteriota; c__Thermoleophilia; o__Solirubrobacterales; f__Solirubrobacteraceae; g__Parviterribacter; s__Parviterribacter_kavangonensis	0.9754724325929033
bd45a9ef0abcebc4038d99018366c615	d__Bacteria; p__Cyanobacteria; c__Vampirivibrionia; o__Gastranaerophilales; f__Gastranaerophilales; g__Gastranaerophilales; s__uncultured_bacterium	0.8939055356573151
479c608d112661c4a5030944c33532fd	d__Bacteria; p__Firmicutes; c__Clostridia; o__Lachnospirales; f__Lachnospiraceae; g__Lachnoclostridium	0.9914273326355765
fd0dd9bafdcd2d9b0bab6714d7c353aa	d__Bacteria; p__Firmicutes; c__Clostridia; o__Lachnospirales; f__Lachnospiraceae; g__Lachnospiraceae_UCG-004; s__uncultured_bacterium	0.9594919748303444
a30d333ac0d1e7840f767c065bb2922e	d__Bacteria; p__Firmicutes; c__Clostridia; o__Lachnospirales; f__Lachnospiraceae	0.9999340970310971
9f0628bde6030c392c7a756f46170546	d__Bacteria; p__Firmicutes; c__Clostridia; o__Peptostreptococcales-Tissierellales; f__Peptostreptococcales-Tissierellales; g__Anaerococcus; s__Anaerococcus_vaginalis	0.8476361198138865
a85dadef83ba1cff62aa579f1605ce81	d__Bacteria; p__Actinobacteriota; c__Actinobacteria; o__Micromonosporales; f__Micromonosporaceae	0.9781335144418123
976c9ec0be27e387fbf0e14a192cbc9b	d__Bacteria; p__Firmicutes; c__Clostridia; o__Oscillospirales; f__Ruminococcaceae	0.8860896270893198
04a1f459f6185b10f95006ab1d3c876e	d__Bacteria; p__Firmicutes; c__Clostridia; o__Lachnospirales; f__Lachnospiraceae	0.7968315913667278
e8fc3dd49801e4e0b433dfef4172abd8	d__Bacteria; p__Proteobacteria; c__Alphaproteobacteria; o__Rhizobiales; f__Hyphomicrobiaceae; g__Hyphomicrobium	0.7755999007883639
2e270610593046f4d6342c3c6ffc547f	d__Bacteria; p__Firmicutes; c__Clostridia; o__Lachnospirales; f__Lachnospiraceae	0.9998529917569905
f494122d30952437d8b2cf70c2e9c388	d__Bacteria; p__Firmicutes; c__Clostridia; o__Lachnospirales; f__Lachnospiraceae; g__[Eubacterium]_hallii_group	0.8730613539114225
2bf4d9073c2a85e9d49f343693ae75ef	d__Bacteria; p__Firmicutes; c__Clostridia; o__Oscillospirales; f__Oscillospiraceae; g__uncultured; s__Clostridium_sp.	0.752743858173092
289549cc369364ff359a1c51f7f10065	d__Bacteria; p__Proteobacteria; c__Gammaproteobacteria; o__Burkholderiales; f__Comamonadaceae; g__Ramlibacter	0.7807085333139255
041035755679f7082c3a7996878b03dc	d__Bacteria; p__Firmicutes; c__Clostridia; o__Clostridiales; f__Clostridiaceae; g__Clostridium_sensu_stricto_1	0.9996419596826929
999f126b834a1d274aaee08cf74fce18	d__Bacteria; p__Firmicutes; c__Clostridia; o__Lachnospirales; f__Lachnospiraceae; g__[Eubacterium]_oxidoreducens_group; s__uncultured_bacterium	0.9693978097158047
2a2cb8b3caf5bca6f201cee6a795c2a5	d__Bacteria; p__Bacteroidota; c__Bacteroidia; o__Bacteroidales; f__Prevotellaceae; g__Prevotellaceae_UCG-001; s__uncultured_Bacteroidales	0.7600718058809565
522a1512676a49b32564a8d7921c63ba	d__Bacteria; p__Firmicutes; c__Clostridia; o__Oscillospirales; f__Ruminococcaceae; g__Incertae_Sedis; s__uncultured_bacterium	0.9130581812393032
a9138105d55915fea05ad4fe5cb3b79b	d__Bacteria; p__Firmicutes; c__Clostridia; o__Clostridiales; f__Clostridiaceae; g__Clostridium_sensu_stricto_1; s__Clostridium_perfringens	0.7849889835346686
1c73b568ab7d08360913176183ccd2c9	d__Bacteria; p__Firmicutes; c__Clostridia; o__Oscillospirales; f__Oscillospiraceae; g__uncultured; s__uncultured_organism	0.7105194287176475
c3dcbab768782acc037afc0e867d5c60	d__Bacteria; p__Firmicutes; c__Clostridia; o__Oscillospirales; f__Ruminococcaceae; g__Faecalibacterium	0.9812648684666825
9436109c052e36177cb87df704b5fa0d	d__Bacteria; p__Bacteroidota; c__Bacteroidia; o__Chitinophagales; f__Chitinophagaceae; g__Flavisolibacter; s__Flavisolibacter_ginsengisoli	0.896288067513762
61a045faf09495a94e0b0746c5953e76	d__Bacteria; p__Proteobacteria; c__Alphaproteobacteria; o__Sphingomonadales; f__Sphingomonadaceae	0.9988811243218885
2d6a30169d7f1c4e789e6d181a2a5b67	d__Bacteria; p__Firmicutes; c__Clostridia; o__Oscillospirales; f__Ruminococcaceae; g__Incertae_Sedis; s__uncultured_bacterium	0.9044781779029809
0d5e935a649c65696f3a48dcd8dfeab4	d__Bacteria; p__Actinobacteriota; c__Actinobacteria; o__Frankiales	0.9681123445954668
67a647d30fbd4ae34c8413c7c096c60f	d__Bacteria; p__Firmicutes; c__Clostridia; o__Oscillospirales; f__Ruminococcaceae; g__Ruminococcus	0.9998557792483552
5063777ec53a491fceed8bdb5b47f97c	d__Bacteria; p__Actinobacteriota; c__Thermoleophilia; o__Solirubrobacterales; f__67-14; g__67-14; s__metagenome	0.8074199957896605
05e2d08b578dd9aab5e95bb0f317109a	d__Bacteria; p__Firmicutes; c__Clostridia; o__Lachnospirales; f__Lachnospiraceae; g__Blautia	0.8593211180969784
5f6c7e4b19e70e7bf3fe655e0d808c23	d__Bacteria; p__Actinobacteriota; c__Thermoleophilia; o__Solirubrobacterales; f__Solirubrobacteraceae; g__Conexibacter	0.711342293897012
84b128c284ffeaf95c752590b2a2c2b1	d__Bacteria; p__Proteobacteria; c__Alphaproteobacteria; o__Sphingomonadales; f__Sphingomonadaceae; g__Sphingomonas	0.9989789356806953
e12b3e12bfbb169e50d50a2268a0c884	d__Bacteria; p__Firmicutes; c__Clostridia; o__Christensenellales; f__Christensenellaceae	0.9079867508157987
026cc4ff4286b08336a5a47cbd43d009	d__Bacteria; p__Firmicutes; c__Bacilli; o__Erysipelotrichales; f__Erysipelatoclostridiaceae; g__Erysipelatoclostridium	0.9818482307306298
f42a7f2f8a8c3b3bd4ff771d39554494	d__Bacteria; p__Firmicutes; c__Clostridia; o__Peptostreptococcales-Tissierellales; f__Anaerovoracaceae; g__Family_XIII_AD3011_group; s__uncultured_Eubacteriaceae	0.9810125067647967
25bbde5f36c6caf394b11250c89082d8	d__Bacteria; p__Bacteroidota; c__Bacteroidia; o__Chitinophagales; f__Chitinophagaceae; g__Segetibacter; s__uncultured_bacterium	0.9830568586487505
c15523207c3b6e4637fccd2e3315fd11	d__Bacteria; p__Actinobacteriota; c__Actinobacteria; o__Kineosporiales; f__Kineosporiaceae	0.9997341638120534
3c8c2cf90fab45eb49f1fc70db895bbe	d__Bacteria; p__Proteobacteria; c__Alphaproteobacteria; o__Sphingomonadales; f__Sphingomonadaceae; g__Sphingomonas	0.9975879406164023
5a09f6cc1ff623f299e4ade28a7de0f8	d__Bacteria; p__Proteobacteria; c__Alphaproteobacteria; o__Sphingomonadales; f__Sphingomonadaceae; g__Ellin6055; s__uncultured_bacterium	0.9542544418007671
fc1ed696ab3b6523db1cbdc4c84856a9	d__Bacteria; p__Firmicutes; c__Clostridia; o__Oscillospirales; f__Ruminococcaceae	0.999994622641522
bea3b0e6e3548c258039c5e4bb51a895	d__Bacteria; p__Firmicutes; c__Clostridia; o__Oscillospirales; f__Ruminococcaceae; g__Incertae_Sedis; s__metagenome	0.9993200287068088
8aa7bef37cc1f5a8ecb2abc1bce148a7	d__Bacteria; p__Actinobacteriota; c__Coriobacteriia; o__Coriobacteriales; f__Eggerthellaceae; g__Gordonibacter	0.9999941501539121
9aa45fcb3e61f1b3a77b80f9cdf0d6bb	d__Bacteria; p__Firmicutes; c__Clostridia; o__Oscillospirales; f__Ruminococcaceae; g__uncultured; s__uncultured_Ruminococcus	0.9935360420153061
81e2688dda05298f1780b4ebadd1a198	d__Bacteria; p__Actinobacteriota; c__Coriobacteriia; o__Coriobacteriales; f__Coriobacteriaceae; g__Collinsella	0.9999932261813664
efdadac4851d0ad672ecfe6234b4e4b7	d__Bacteria; p__Firmicutes; c__Clostridia; o__Lachnospirales; f__Lachnospiraceae	0.9999460844320321
4a54c3bb8a72c73de1b513077fd713c7	d__Bacteria; p__Firmicutes; c__Bacilli	0.9999839300069888
5398a969fb88379e2b4f1ad68ceb25eb	d__Bacteria; p__Firmicutes; c__Clostridia; o__Christensenellales; f__Christensenellaceae; g__uncultured; s__uncultured_bacterium	0.9053982007034669
402b66bab31d8ea09d2a6b16e789a9b6	d__Bacteria; p__Firmicutes; c__Bacilli; o__RF39; f__RF39; g__RF39	0.9999999995735955
09ec9c3cb07c792d58d885dfb4b5178f	d__Bacteria; p__Firmicutes; c__Clostridia; o__Lachnospirales; f__Lachnospiraceae	0.9998800753721441
9baf6a76c43ad0e978f341d92f019b5c	d__Bacteria; p__Firmicutes; c__Clostridia	0.9998357351246976
0ff372ed139b8d5e7064470dfa4b040b	d__Bacteria; p__Firmicutes; c__Bacilli; o__RF39; f__RF39; g__RF39; s__uncultured_bacterium	0.7224112407020684
d2e02d2940276357b600b72005340b3e	d__Bacteria; p__Firmicutes; c__Clostridia; o__Lachnospirales; f__Lachnospiraceae; g__Tyzzerella; s__uncultured_organism	0.7164596089273094
d75dea47969f32b6c4891bc94cfd5ce8	d__Bacteria; p__Firmicutes; c__Clostridia; o__Lachnospirales; f__Lachnospiraceae	0.9993599537098352
4a2b0bb60d9c0ca0730b46f6504d6ecd	d__Bacteria; p__Firmicutes; c__Clostridia; o__Lachnospirales; f__Lachnospiraceae; g__Fusicatenibacter	0.9475505368647018
2f6e11db2cd65e88a3bbb0a667c2a1e9	d__Bacteria; p__Proteobacteria; c__Alphaproteobacteria; o__Rhodobacterales; f__Rhodobacteraceae; g__Rubellimicrobium; s__uncultured_bacterium	0.943544031043697
c32aef402b75ee40578ab499f8a2a34c	d__Bacteria; p__Cyanobacteria; c__Cyanobacteriia; o__Chloroplast; f__Chloroplast; g__Chloroplast	1.0000000000000056
7ebdc5f1b6bc4bf8b042a971cc0bd3fc	d__Bacteria; p__Actinobacteriota; c__Actinobacteria; o__Frankiales; f__Sporichthyaceae; g__hgcI_clade; s__Candidatus_Nanopelagicus	0.7128571529487865
8f72d012abfe7db834730c50a0014a40	d__Bacteria; p__Actinobacteriota; c__Coriobacteriia; o__Coriobacteriales; f__Atopobiaceae; g__Libanicoccus; s__uncultured_bacterium	0.8505185108613227
6d68ace44c7f04b1cdba4798801dfc23	d__Bacteria; p__Actinobacteriota; c__Coriobacteriia; o__Coriobacteriales; f__Atopobiaceae; g__Olsenella	0.7393733414830213
8c2ff20f88e47549201ca1e8cc8cd640	d__Bacteria; p__Firmicutes; c__Clostridia; o__Oscillospirales; f__Ruminococcaceae	0.9789146092071972
79837e51d7eaa48d1c1e4bc55223c101	d__Bacteria; p__Firmicutes; c__Clostridia; o__Clostridia_vadinBB60_group; f__Clostridia_vadinBB60_group; g__Clostridia_vadinBB60_group; s__uncultured_organism	0.9798030564491813
9ec8f6e9681ce43c6334b8b72f95c3f1	d__Bacteria; p__Bacteroidota; c__Bacteroidia; o__Bacteroidales; f__Prevotellaceae; g__Prevotella; s__Prevotella_timonensis	0.9999999963525142
78029c05287163ba80b4289e4485e324	d__Bacteria; p__Firmicutes; c__Clostridia; o__Lachnospirales; f__Lachnospiraceae; g__uncultured	0.7766697741937552
82b76e4e370a3ab05c356b683d3af3e9	d__Bacteria; p__Firmicutes; c__Clostridia; o__Oscillospirales; f__Ruminococcaceae	0.99993315597251
ecaa4a9b2a3cfd9461fd7b0c055ac171	d__Bacteria; p__Firmicutes; c__Bacilli; o__Erysipelotrichales; f__Erysipelotrichaceae; g__Faecalitalea; s__Absiella_dolichum	0.9997599298782356
ab607c3e5da7f197a4c146f0634b74d7	d__Bacteria; p__Firmicutes; c__Bacilli; o__Lactobacillales; f__Lactobacillaceae; g__Lactobacillus; s__Lactobacillus_helveticus	0.8674198507430778
0a486837c482b7e2034549d5b2ea8a84	d__Bacteria; p__Firmicutes; c__Clostridia; o__Lachnospirales; f__Lachnospiraceae	0.9954955684070886
f45b3695bfe5f1fd3557d4d7aebe90d9	d__Bacteria; p__Firmicutes; c__Clostridia; o__Oscillospirales; f__Ruminococcaceae; g__Faecalibacterium	0.9978490120253832
b5a94e08b637309ba0417df4d6351313	d__Bacteria; p__Firmicutes; c__Clostridia; o__Lachnospirales; f__Lachnospiraceae	0.9999062628450638
9c7db1cf494d348edfdcd32ccdbf008d	d__Bacteria; p__Firmicutes; c__Clostridia; o__Peptococcales; f__Peptococcaceae; g__Peptococcus; s__uncultured_organism	0.999784610373995
ba8370714a64c6fa34281dc1e63dda80	d__Bacteria; p__Firmicutes; c__Clostridia; o__Christensenellales; f__Christensenellaceae; g__Christensenella; s__Christensenella_massiliensis	0.9953618259634714
1f1d49b5bf90e645f2176ae66092e535	d__Bacteria; p__Firmicutes; c__Clostridia; o__Clostridiales; f__Clostridiaceae	0.9987711595435529
aaf134f695c5822a3d7a1dd07ee7b851	d__Bacteria; p__Firmicutes; c__Clostridia; o__Lachnospirales; f__Lachnospiraceae	0.9850831737106048
cbfb10a359741fd7eb6b50c2a33f5031	d__Bacteria; p__Firmicutes; c__Clostridia; o__Lachnospirales; f__Lachnospiraceae	0.9903491862913889
ffd79ee44b9f89ebc84b1d06712168fe	d__Bacteria; p__Firmicutes; c__Clostridia; o__Lachnospirales; f__Lachnospiraceae; g__Blautia	0.8503998583081666
e5f46497ba24ba3fe9c960270cd3eaaf	d__Bacteria; p__Bacteroidota; c__Bacteroidia; o__Bacteroidales; f__Bacteroidaceae; g__Bacteroides	0.9995435518705011
4e296ab590829ce869ad375224a1a6e3	d__Bacteria; p__Firmicutes; c__Clostridia; o__Lachnospirales; f__Lachnospiraceae; g__Lachnospiraceae_UCG-008; s__uncultured_bacterium	0.8420742945531379
f899a7dd3242293b19a83e8d6461103d	d__Bacteria; p__Firmicutes; c__Clostridia; o__Lachnospirales; f__Lachnospiraceae; g__Lachnoclostridium	0.7565786241534054
74cfef62c5107543cb13c2aaf752e33a	d__Bacteria; p__Actinobacteriota; c__Actinobacteria; o__Actinomycetales; f__Actinomycetaceae; g__Actinomyces	0.9999999989773376
d112955e4becaf51e884f0b026bd7233	d__Bacteria; p__Firmicutes; c__Clostridia; o__Lachnospirales; f__Lachnospiraceae; g__Anaerostipes	0.7196704401364328
d49f0e10a81530bda04a4a7724b99801	d__Bacteria; p__Firmicutes; c__Bacilli; o__Erysipelotrichales; f__Erysipelotrichaceae; g__Holdemania	0.9999999301279597
16a41d5c1c41803ed8af15a6a7c25a2d	d__Bacteria; p__Firmicutes; c__Clostridia; o__Oscillospirales; f__Oscillospiraceae; g__NK4A214_group; s__metagenome	0.9484656322292055
724dd28a6276d4b6b85fd4000c026ce9	d__Bacteria; p__Firmicutes; c__Clostridia; o__Oscillospirales; f__Ruminococcaceae	0.9999988811337963
5c63450c65a2967df3cd915911e05f38	d__Bacteria; p__Firmicutes; c__Clostridia; o__Monoglobales; f__Monoglobaceae; g__Monoglobus	0.9705755697003496
3b401bbf161165e6d9b22bf46a32cd72	d__Bacteria; p__Firmicutes; c__Clostridia; o__Clostridia_vadinBB60_group; f__Clostridia_vadinBB60_group; g__Clostridia_vadinBB60_group; s__uncultured_bacterium	0.9950302189058143
03256583cfceeedbb0044fa111265f7d	d__Bacteria; p__Firmicutes; c__Clostridia; o__Clostridia_vadinBB60_group; f__Clostridia_vadinBB60_group; g__Clostridia_vadinBB60_group; s__uncultured_Thermoanaerobacterales	0.9722840047284635
2ae98f5659d632ce145c454bca00cc91	d__Bacteria; p__Bacteroidota; c__Bacteroidia; o__Chitinophagales; f__Chitinophagaceae; g__Lacibacter; s__uncultured_bacterium	0.9972252830581886
fdcecbd0378e78ef6a4dbda5ed4cfa83	d__Bacteria; p__Firmicutes; c__Clostridia; o__Oscillospirales; f__Ruminococcaceae; g__Incertae_Sedis	0.999079523811566
64cb69a627ee5e5f009d2a2093740616	d__Bacteria; p__Desulfobacterota; c__Desulfovibrionia; o__Desulfovibrionales; f__Desulfovibrionaceae; g__uncultured; s__uncultured_Desulfovibrionaceae	0.7801025298103553
a12f9ab50a885b466898f7b1db52a00c	d__Bacteria; p__Firmicutes; c__Clostridia; o__Lachnospirales; f__Lachnospiraceae; g__Blautia	0.8514513533640329
9010627f2118c49bbe4b13dd6b3f816f	d__Bacteria; p__Firmicutes; c__Clostridia; o__Lachnospirales; f__Lachnospiraceae; g__Moryella; s__Moryella_indoligenes	0.9979146069984811
ed5e663bfb734169cdc359ca3e4fcc0c	d__Bacteria; p__Actinobacteriota; c__Actinobacteria; o__Bifidobacteriales; f__Bifidobacteriaceae; g__Bifidobacterium	0.9552335188867132
3166224e523d88009e51ae912a083d93	d__Bacteria; p__Firmicutes; c__Bacilli; o__Lactobacillales; f__Streptococcaceae; g__Lactococcus	0.9996876359947527
3671bcc9d270cf3d0c133f56fccba3c6	d__Bacteria; p__Actinobacteriota; c__Coriobacteriia; o__Coriobacteriales; f__Eggerthellaceae; g__Enterorhabdus; s__uncultured_bacterium	0.8959068775396066
1e7e917f1b37d8bc4ab837c8a2a971e5	d__Bacteria; p__Firmicutes; c__Bacilli; o__Erysipelotrichales	0.8699770885490066
6c0f4c842382709758e6f2a4c1c58712	d__Bacteria; p__Firmicutes; c__Clostridia; o__Oscillospirales; f__Ruminococcaceae; g__Faecalibacterium	0.9854317421369091
273bcc6685b6857e1e1c3db5760983f0	d__Bacteria; p__Firmicutes; c__Clostridia; o__Clostridia_vadinBB60_group; f__Clostridia_vadinBB60_group; g__Clostridia_vadinBB60_group; s__uncultured_organism	0.9576237387919304
f49356edcb2ca29fdf9dd42b89f3c303	d__Bacteria; p__Firmicutes; c__Clostridia; o__Oscillospirales; f__Oscillospiraceae	0.9566002641869805
65d18d6e05a04de7892e6c49d8acb977	d__Bacteria; p__Firmicutes; c__Clostridia; o__Lachnospirales; f__Lachnospiraceae; g__Lachnospiraceae_UCG-004; s__uncultured_Bacteroidetes	0.7659463243568709
e6248cabbdfd462725faee6216398c47	d__Bacteria; p__Firmicutes; c__Clostridia; o__Oscillospirales; f__Ruminococcaceae; g__Ruminococcus; s__uncultured_bacterium	0.8048504458474195
60ddff2f6efbe2618fafe1fec86e0cd6	d__Bacteria	0.9999999980183397
4d8fc08fb6f671435d6f3c7124a69bf0	d__Bacteria; p__Firmicutes; c__Clostridia; o__Oscillospirales; f__Ruminococcaceae; g__Incertae_Sedis; s__uncultured_bacterium	0.8611818113158436
24bfb8c5fc4365552099a35c7a4c647a	d__Bacteria; p__Firmicutes; c__Negativicutes; o__Acidaminococcales; f__Acidaminococcaceae; g__Phascolarctobacterium; s__Ruminococcus_sp.	0.8532448153224013
49863c936c336783095cf7f03fac2083	d__Bacteria; p__Bacteroidota; c__Bacteroidia; o__Bacteroidales; f__Tannerellaceae; g__Parabacteroides	0.9999864742092109
f2f1fe8b075e2c8e80771a326ec13aef	d__Bacteria; p__Actinobacteriota; c__Actinobacteria; o__Micrococcales; f__Micrococcaceae; g__Rothia; s__Rothia_dentocariosa	0.8964621343872774
34fa8c6c28ebdff65828749b3b132899	d__Bacteria; p__Proteobacteria; c__Gammaproteobacteria; o__Pseudomonadales; f__Moraxellaceae; g__[Agitococcus]_lubricus_group	0.9982258884168218
479898a22de291c258006ffdc405c7d8	d__Bacteria; p__Bacteroidota; c__Bacteroidia; o__Bacteroidales; f__Tannerellaceae; g__Parabacteroides; s__human_gut	0.7138243130808146
a082d2b37972f4939de93e98e15b8ab3	d__Bacteria; p__Firmicutes; c__Clostridia; o__Oscillospirales; f__Ruminococcaceae; g__Incertae_Sedis; s__uncultured_bacterium	0.8619079788525562
e69dfc6e24c99c0e6d29bb3cdcff01da	d__Bacteria; p__Firmicutes; c__Clostridia; o__Peptostreptococcales-Tissierellales; f__Peptostreptococcales-Tissierellales; g__Ezakiella	0.9999999999999414
31d848bbcdd719c9820e8c12fbac1405	d__Bacteria; p__Firmicutes; c__Bacilli; o__Lactobacillales; f__Leuconostocaceae; g__Leuconostoc	0.9999999884436257
8b20dedd35d1da1c2c26a65628f3eb68	d__Bacteria; p__Firmicutes; c__Clostridia; o__Lachnospirales; f__Lachnospiraceae	0.9984499214287254
32da75fbbfaf02038233c399dfa093ef	d__Bacteria; p__Firmicutes; c__Negativicutes; o__Acidaminococcales; f__Acidaminococcaceae; g__Phascolarctobacterium; s__Ruminococcus_sp.	0.8703412767648785
c7298afecf82de35b3e3b9c5b7a9fffb	d__Bacteria; p__Bacteroidota; c__Bacteroidia; o__Flavobacteriales; f__Flavobacteriaceae; g__Flavobacterium	0.9999930698412595
0e413810950d7c97d23b9735c07941b8	d__Bacteria; p__Firmicutes; c__Clostridia; o__Lachnospirales; f__Lachnospiraceae	0.9999789031498876
ee171b115643c57d6133b1b4fcabba55	d__Bacteria; p__Proteobacteria; c__Gammaproteobacteria; o__Pasteurellales; f__Pasteurellaceae; g__Haemophilus	0.9358500092952189
12fb9af517009f2b2b74908e8b052e7e	d__Bacteria; p__Actinobacteriota; c__Coriobacteriia; o__Coriobacteriales; f__Eggerthellaceae; g__Eggerthella	0.9999999838908016
f4ff68534b96d3ce51360971ab1afc29	d__Bacteria; p__Actinobacteriota; c__Actinobacteria; o__Actinomycetales; f__Actinomycetaceae; g__Actinomyces	0.9999999928342275
e290a4db87b134ca7e1effd06fd359be	d__Bacteria; p__Firmicutes; c__Clostridia; o__Lachnospirales; f__Lachnospiraceae	0.9999776494900072
6b4a9f9852258b9941d970ca7698ed06	d__Bacteria; p__Firmicutes; c__Bacilli; o__Erysipelotrichales; f__Erysipelatoclostridiaceae; g__Erysipelatoclostridium	0.9999596498781329
219f1fac94bc2e9fd53f61c5aa6c01f1	d__Bacteria; p__Firmicutes; c__Clostridia; o__Lachnospirales; f__Lachnospiraceae	0.8067729954014792
55eafbae9f05662531ac24af19664ab0	d__Bacteria; p__Firmicutes; c__Clostridia; o__Clostridia_vadinBB60_group; f__Clostridia_vadinBB60_group; g__Clostridia_vadinBB60_group; s__uncultured_organism	0.998482431445556
4690343ba14fffab07fa7d36ec6dc3d6	d__Bacteria; p__Firmicutes; c__Clostridia; o__Lachnospirales; f__Lachnospiraceae	0.9990400418401151
5eb8d774185efa957f76f9380138a1ca	d__Bacteria; p__Firmicutes; c__Clostridia	0.9999998911688444
d4ffc110e92f29870849a100838bb9bb	d__Bacteria; p__Firmicutes; c__Negativicutes; o__Veillonellales-Selenomonadales; f__Veillonellaceae; g__Veillonella	0.9999999931672162
c89709572b58555a9aa7ca3daace024c	d__Bacteria; p__Actinobacteriota; c__Coriobacteriia; o__Coriobacteriales; f__Coriobacteriales_Incertae_Sedis; g__Raoultibacter	0.9999944666444834
973835e7969140f1f8ae1c4a3aa7da96	d__Bacteria; p__Firmicutes; c__Clostridia; o__Lachnospirales; f__Lachnospiraceae; g__[Eubacterium]_hallii_group	0.9983096010577833
5ff894a01aae4c5e61743fa350a9cf49	d__Bacteria; p__Firmicutes; c__Clostridia; o__Oscillospirales; f__Ruminococcaceae; g__Candidatus_Soleaferrea; s__uncultured_bacterium	0.9176693252029136
a7079be04d24cc6e952dc8c73684ef70	d__Bacteria; p__Firmicutes; c__Clostridia; o__Christensenellales; f__Christensenellaceae	0.9142088033832808
c9cc94ad072ac5cd71e5f56789fbbfeb	d__Bacteria; p__Firmicutes; c__Clostridia; o__Christensenellales; f__Christensenellaceae	0.8411014323329921
298a0c03a56599708a2f62a4a6e6921f	d__Bacteria; p__Firmicutes; c__Bacilli; o__Erysipelotrichales; f__Erysipelotrichaceae; g__Dubosiella; s__uncultured_bacterium	0.9976599274007262
6781d3cd1a1fd2ba36ef8d633d41a3e1	d__Bacteria; p__Firmicutes; c__Clostridia; o__Lachnospirales; f__Lachnospiraceae; g__[Eubacterium]_hallii_group	0.7554727502130425
6c1313f9f1d6757884e48ce233fc3b94	d__Bacteria; p__Firmicutes; c__Clostridia; o__Lachnospirales; f__Lachnospiraceae	0.999982995247148
8d640b360a5a138c684bae63c707fb2c	d__Bacteria; p__Firmicutes; c__Clostridia; o__Lachnospirales; f__Lachnospiraceae	0.9867878929216051
ed2a4681a1db008209c3f465fd0afdbc	d__Bacteria; p__Firmicutes; c__Bacilli; o__Erysipelotrichales; f__Erysipelotrichaceae; g__Dubosiella; s__uncultured_bacterium	0.9963921371960147
9d2153263f20ea1cf6a283c6cb8bbe26	d__Bacteria; p__Firmicutes; c__Clostridia; o__Lachnospirales; f__Lachnospiraceae	0.9996045024825094
edac0c50c30fdbaa9cc2aaefe47aeb5c	d__Bacteria; p__Firmicutes; c__Clostridia; o__Lachnospirales; f__Lachnospiraceae; g__Fusicatenibacter	0.8989178475544457
ea66f59d43cb2c3f6127116387ce64f8	d__Bacteria; p__Firmicutes; c__Clostridia; o__Oscillospirales; f__UCG-010; g__UCG-010; s__uncultured_rumen	0.9549150634166209
e0cf311951527a7b6252f4446b066364	d__Bacteria; p__Firmicutes; c__Clostridia; o__Peptostreptococcales-Tissierellales	0.9592188909539959
55f3c16a3c35822ff064f812dd56ed05	d__Bacteria; p__Bacteroidota; c__Bacteroidia; o__Bacteroidales; f__Muribaculaceae; g__Muribaculaceae; s__uncultured_Bacteroidales	0.7069792710670112
f7843f5d6eaa7a83158642429ebf7814	d__Bacteria; p__Firmicutes; c__Clostridia; o__Christensenellales; f__Christensenellaceae; g__Christensenellaceae_R-7_group	0.9895520914640339
694bff59c2c1c9592fd2db9a562fc38d	d__Bacteria; p__Firmicutes; c__Clostridia; o__Christensenellales; f__Christensenellaceae; g__Christensenellaceae_R-7_group; s__uncultured_bacterium	0.7609157354260986
10d35b07c399bd8f2ecc4a3b20efffde	d__Bacteria; p__Firmicutes; c__Clostridia; o__Lachnospirales; f__Lachnospiraceae	0.9992083913216663
859b0c49aedb22bb2718ac37d7ff67fa	d__Bacteria; p__Firmicutes; c__Clostridia; o__Lachnospirales; f__Lachnospiraceae	0.9998374730997672
2268dd1d289e54a5088ca9aeed94db62	d__Bacteria; p__Firmicutes; c__Clostridia; o__Oscillospirales; f__Ruminococcaceae; g__[Eubacterium]_siraeum_group	0.9998837452826292
2fa112b739f7c2bfbd0a2f7d7c9b3c53	d__Bacteria; p__Firmicutes; c__Bacilli; o__Bacillales	0.896033126274513
27ff23234369d1b03f277de94c6cb016	d__Bacteria; p__Bacteroidota; c__Bacteroidia; o__Chitinophagales; f__Chitinophagaceae; g__Sediminibacterium	0.9998489922786096
54e3d0e3f35e8889ff96dc7da5f584aa	d__Bacteria; p__Firmicutes; c__Clostridia; o__Lachnospirales; f__Lachnospiraceae; g__Blautia	0.8971433589465537
d92995bb409304a8495cf1bfd164a6a6	d__Bacteria; p__Firmicutes; c__Bacilli; o__Erysipelotrichales; f__Erysipelotrichaceae; g__Holdemania	0.9999997446685684
6640c5588d0f47f15fdd2a12d35e1a5a	d__Bacteria; p__Firmicutes; c__Clostridia; o__Christensenellales; f__Christensenellaceae; g__Christensenellaceae_R-7_group; s__uncultured_organism	0.9990180262449079
f2e51e079160867cfcfc06909067efdc	d__Bacteria; p__Firmicutes; c__Clostridia; o__Lachnospirales; f__Lachnospiraceae; g__Lachnospiraceae_NC2004_group; s__uncultured_bacterium	0.7965610558986727
2c8311b5ab194e0830fc1569eca0b985	d__Bacteria; p__Firmicutes; c__Clostridia; o__Oscillospirales; f__Ruminococcaceae	0.8663649960821767
0677d3839053cb9cca6a91f6d6b85d9b	d__Bacteria; p__Firmicutes; c__Bacilli; o__Erysipelotrichales; f__Erysipelotrichaceae; g__Dielma; s__Dielma_sp.	0.9999998460189635
0933bfadc7dfc41dc64a200d608aa646	d__Bacteria; p__Firmicutes; c__Clostridia; o__Oscillospirales; f__Ruminococcaceae	0.8826804565078273
2e768927d7eded6e12ba7b33961ae423	d__Bacteria; p__Firmicutes; c__Clostridia; o__Lachnospirales; f__Lachnospiraceae	0.9995290400858267
2232d3960d44ad080ca568455924059c	d__Bacteria; p__Firmicutes; c__Clostridia; o__Lachnospirales; f__Lachnospiraceae; g__Lachnospiraceae_UCG-008; s__uncultured_bacterium	0.8752581679056759
9426a8867a1f4ea1cb6491d7c9466cfd	d__Bacteria; p__Firmicutes; c__Clostridia; o__Peptostreptococcales-Tissierellales; f__Anaerovoracaceae; g__Family_XIII_AD3011_group; s__uncultured_bacterium	0.7403279028613478
bb76b824878a05793192aad9181cce8e	d__Bacteria; p__Firmicutes; c__Clostridia; o__Oscillospirales; f__Ruminococcaceae; g__Incertae_Sedis; s__uncultured_bacterium	0.9823988039119699
511a1bd8b4a3a7d1f20136a5cdb928e1	d__Bacteria; p__Firmicutes; c__Clostridia; o__Oscillospirales; f__UCG-010; g__UCG-010; s__metagenome	0.9693952534425179
8705787becf1cdd45e1fd42e8496dd1e	d__Bacteria; p__Firmicutes; c__Clostridia; o__Lachnospirales; f__Lachnospiraceae	0.995040919054736
07fc58d8a5db4aff824361d598dc9be2	d__Bacteria; p__Firmicutes; c__Clostridia; o__Lachnospirales; f__Lachnospiraceae	0.9992699251157271
4868ea9af250dec8c49e03dde64ea5d4	d__Bacteria; p__Firmicutes; c__Clostridia; o__Oscillospirales; f__Ruminococcaceae; g__Anaerotruncus	0.9969927025846743
3d7dddff19f7d24d920e77eb869d8201	d__Bacteria; p__Proteobacteria; c__Gammaproteobacteria; o__Alteromonadales; f__Alteromonadaceae; g__Rheinheimera	0.9999992714504683
0e42fe0e5e43dd640cb09711baff90da	d__Bacteria; p__Bacteroidota; c__Bacteroidia; o__Sphingobacteriales; f__Sphingobacteriaceae; g__Solitalea; s__uncultured_Sphingobacteriales	0.9757799329069944
7109ba0b6b6a3febfd4d2c2a3be8beef	d__Bacteria; p__Actinobacteriota; c__Actinobacteria; o__Corynebacteriales; f__Corynebacteriaceae; g__Corynebacterium; s__Corynebacterium_tuberculostearicum	0.7846525802638173
85b18cf2fcfbd81bb06ebeee17e78103	d__Bacteria; p__Proteobacteria; c__Alphaproteobacteria; o__Rhizobiales; f__Devosiaceae; g__Devosia	0.9320159146224448
9ce9f4a7cba68b8cb83be6e2df978596	d__Bacteria; p__Acidobacteriota; c__Blastocatellia; o__Blastocatellales; f__Blastocatellaceae; g__JGI_0001001-H03	0.9037523771429387
b215fe4570485f2307463a0910a9df4c	d__Bacteria; p__Firmicutes; c__Clostridia; o__Lachnospirales; f__Lachnospiraceae	0.9998253719233616
e9d71f8efaa8477488656ac39382135f	d__Bacteria; p__Firmicutes; c__Clostridia; o__Peptostreptococcales-Tissierellales; f__Anaerovoracaceae; g__Family_XIII_UCG-001; s__uncultured_bacterium	0.8950791626381731
6e1ee4ac952c619b04c1871f5497b94f	d__Bacteria; p__Proteobacteria; c__Gammaproteobacteria; o__Burkholderiales; f__Alcaligenaceae	0.9999999992648361
f08e0277057e2771b8f7c5422b19762c	d__Bacteria; p__Firmicutes; c__Clostridia; o__Peptostreptococcales-Tissierellales; f__Anaerovoracaceae; g__Family_XIII_UCG-001; s__uncultured_bacterium	0.999484466690849
d6bb744dc4f325d6b55c87dd09a82420	d__Bacteria; p__Proteobacteria; c__Gammaproteobacteria; o__Pseudomonadales; f__Moraxellaceae; g__Acinetobacter	0.9973480008412092
6f2a15a6bbacb8e1040db08a3fca4336	d__Bacteria; p__Bacteroidota; c__Bacteroidia; o__Bacteroidales; f__Tannerellaceae; g__Parabacteroides	0.9991846830646232
e8d9ee4dc5711a5b94662e85376e8fe3	d__Bacteria; p__Proteobacteria; c__Gammaproteobacteria; o__Pseudomonadales; f__Moraxellaceae; g__Alkanindiges; s__uncultured_bacterium	0.7790056272276593
1510834c9b9972ece27ca80bd6b9f368	d__Bacteria; p__Actinobacteriota	0.9999986653550006
6f1da067ed0d1809aa81e591d9e63b11	d__Bacteria; p__Actinobacteriota; c__Thermoleophilia; o__Solirubrobacterales; f__Solirubrobacteraceae; g__Solirubrobacter; s__uncultured_Solirubrobacter	0.9135449964746667
3b09820198bf29ad027c3a9d2811b60e	d__Bacteria; p__Gemmatimonadota; c__Gemmatimonadetes; o__Gemmatimonadales; f__Gemmatimonadaceae; g__Roseisolibacter; s__uncultured_bacterium	0.9535907316252128
df45fa661cb413b611da53a72dfeed63	d__Bacteria; p__Proteobacteria; c__Alphaproteobacteria; o__Rhizobiales; f__Beijerinckiaceae	0.9973229100595448
c27051fe5b883afc7001dd50cc942453	d__Bacteria; p__Bacteroidota; c__Bacteroidia; o__Chitinophagales; f__Chitinophagaceae; g__Sediminibacterium	0.9998008909009765
4e218fc0873119f1892b306f5c410ed8	d__Bacteria; p__Bacteroidota; c__Bacteroidia; o__Chitinophagales; f__Saprospiraceae; g__uncultured; s__uncultured_bacterium	0.7689266817599666
063fe8254f4eb9119dfb2593627f8ed9	d__Bacteria; p__Proteobacteria; c__Gammaproteobacteria; o__Burkholderiales; f__Methylophilaceae; g__Methylotenera	0.9771553582611406
de798a8c9cbb62ba633e08cc822787f9	d__Bacteria; p__Actinobacteriota; c__Thermoleophilia; o__Solirubrobacterales; f__Solirubrobacteraceae; g__Solirubrobacter	0.9910163258417714
65ce67f7396d3ced6664eae7ec349d8a	d__Bacteria; p__Firmicutes; c__Bacilli; o__Paenibacillales; f__Paenibacillaceae; g__Ammoniphilus; s__uncultured_bacterium	0.8320613519921889
21684b6e863980d14c67dbc520b4f260	d__Bacteria; p__Bacteroidota; c__Bacteroidia; o__Bacteroidales; f__Bacteroidaceae; g__Bacteroides	0.9790335070447265
3866b2e13c26e912fb02cd8787f52017	d__Bacteria; p__Firmicutes; c__Bacilli; o__Bacillales; f__Bacillaceae	0.9999891056159064
6b780e361cfc5f06def718518324bdcb	d__Bacteria; p__Actinobacteriota; c__Actinobacteria; o__Micrococcales; f__Micrococcaceae	0.9999994626661246
01ccdb298fcca3d1d173650ff9e04ffc	d__Bacteria; p__Firmicutes; c__Clostridia; o__Lachnospirales; f__Lachnospiraceae; g__[Eubacterium]_eligens_group; s__[Eubacterium]_eligens	0.7490353326359582
ae2bcd50777d0007d4e0ff71546f6e46	d__Bacteria; p__Actinobacteriota; c__Actinobacteria; o__Micrococcales; f__Micrococcaceae; g__Citricoccus	0.8820103712959572
4b8e9f4f0ccbfa63be3c1481f9db735c	d__Bacteria; p__Firmicutes; c__Clostridia; o__Lachnospirales; f__Lachnospiraceae	0.9934284986580199
2a890e54288f18fbe7e2b32875788010	d__Bacteria; p__Actinobacteriota; c__Actinobacteria; o__Frankiales; f__Geodermatophilaceae; g__Geodermatophilus	0.905119832376582
caee5146b2444b3aae59711847e9f44a	d__Archaea; p__Crenarchaeota; c__Nitrososphaeria; o__Nitrososphaerales; f__Nitrososphaeraceae; g__Candidatus_Nitrocosmicus	0.969225848267492
c16f029bb6c75e3f19ec314692a59375	d__Bacteria; p__Firmicutes; c__Clostridia; o__Lachnospirales; f__Lachnospiraceae	0.9999975564946791
330b2967113c7906096404aafd0b391d	d__Bacteria; p__Cyanobacteria; c__Cyanobacteriia; o__Cyanobacteriales; f__Phormidiaceae; g__Tychonema_CCAP_1459-11B	0.9992847624199425
bea4f4a863ff21e97d5ddf07bf8dbb0a	d__Bacteria; p__Firmicutes; c__Clostridia; o__Peptostreptococcales-Tissierellales; f__Anaerovoracaceae; g__Mogibacterium	0.9999136506453612
77a1c7607774f178172849dbfe5526b6	d__Bacteria; p__Firmicutes; c__Clostridia; o__Lachnospirales; f__Lachnospiraceae; g__[Eubacterium]_oxidoreducens_group; s__uncultured_bacterium	0.9699741929952804
b15fe0728883e8c4bb92e9d6ac9bf386	d__Bacteria; p__Firmicutes; c__Clostridia; o__Lachnospirales; f__Lachnospiraceae	0.9789878993549674
38e1d151902fac347771611a13a0c80d	d__Bacteria; p__Cyanobacteria; c__Vampirivibrionia; o__Gastranaerophilales; f__Gastranaerophilales; g__Gastranaerophilales	0.999999999554096
674880ae11f444e63546b0f6ddb15227	d__Bacteria; p__Firmicutes; c__Clostridia; o__Lachnospirales; f__Lachnospiraceae	0.9947164211851736
4bdacd7a1b74f65bf3299c3657d78251	d__Bacteria; p__Bacteroidota; c__Bacteroidia; o__Sphingobacteriales; f__Sphingobacteriaceae; g__Sphingobacterium	0.9999999999269891
7c8c1858b09b722ad2f04f67cef1fac3	d__Bacteria; p__Bacteroidota; c__Bacteroidia; o__Sphingobacteriales; f__Sphingobacteriaceae	0.9999999208396733
5fef855963501340f676a0f857929f5a	d__Bacteria; p__Bacteroidota; c__Bacteroidia; o__Bacteroidales; f__Bacteroidaceae; g__Bacteroides	0.7199816447395153
891e805cd15caf267befbd25d7459870	d__Bacteria; p__Firmicutes; c__Clostridia; o__Peptococcales; f__Peptococcaceae; g__uncultured	0.9918431668090621
cc6ab32dd79e0c50b36ad43645708204	d__Bacteria; p__Firmicutes; c__Clostridia; o__Lachnospirales; f__Lachnospiraceae; g__[Ruminococcus]_gauvreauii_group	0.9674714751996178
3f33ce50cf0275bff264e69fe789c2f7	d__Bacteria; p__Actinobacteriota; c__Coriobacteriia; o__Coriobacteriales; f__Eggerthellaceae; g__Gordonibacter; s__Gordonibacter_pamelaeae	0.9507276207313528
8c02de1e9eace251d07f4398d01b9ebf	d__Bacteria; p__Proteobacteria; c__Alphaproteobacteria; o__Acetobacterales; f__Acetobacteraceae; g__Roseomonas; s__Roseomonas_ludipueritiae	0.9195442004254222
5e60bca9efcc7128cf1da088100c0a00	d__Bacteria; p__Bacteroidota; c__Bacteroidia; o__Bacteroidales; f__Bacteroidaceae; g__Bacteroides	0.9987174454297565
620edd2956ede81b09704c3f3f5657fa	d__Bacteria; p__Firmicutes; c__Bacilli; o__Lactobacillales; f__Leuconostocaceae; g__Weissella	0.999999994305182
fc0e4f9d4273545063d6ac8259048628	d__Bacteria; p__Proteobacteria; c__Gammaproteobacteria; o__Xanthomonadales; f__Xanthomonadaceae; g__Arenimonas	0.9999938080069053
52d8508581f2f60b346bcddcff7cc4e8	d__Bacteria; p__Firmicutes; c__Clostridia; o__Lachnospirales; f__Lachnospiraceae	0.9999590715645954
57c38a0e4e9a19daef7dc02d166b713e	d__Bacteria; p__Firmicutes; c__Clostridia; o__Lachnospirales; f__Lachnospiraceae; g__Lachnospiraceae_UCG-008; s__uncultured_bacterium	0.7307684215274359
b040668b1095bc3085352662194ea43b	d__Bacteria; p__Proteobacteria; c__Gammaproteobacteria; o__Burkholderiales; f__Alcaligenaceae; g__Bordetella	0.7472678199635502
ac04284fab73a093b087174f56feb150	d__Bacteria; p__Firmicutes; c__Clostridia; o__Oscillospirales; f__Ruminococcaceae	0.9999112742526866
e8fcdc19be71c04fd704b705901407e6	d__Bacteria; p__Firmicutes; c__Clostridia; o__Oscillospirales; f__UCG-011; g__UCG-011; s__uncultured_bacterium	0.7115257674219251
640097ecd57eff58dccf3050bb0f432d	d__Bacteria; p__Proteobacteria; c__Alphaproteobacteria; o__Rhizobiales; f__uncultured; g__uncultured; s__uncultured_bacterium	0.9853323521635748
fd260a943d994aacb563e69546c99088	d__Bacteria; p__Firmicutes; c__Bacilli; o__Alicyclobacillales; f__Alicyclobacillaceae; g__Tumebacillus; s__uncultured_Tumebacillus	0.7424781752483007
936bd4d2ff6bfa4f567da521814d7596	d__Bacteria; p__Firmicutes; c__Clostridia; o__Oscillospirales; f__Ruminococcaceae; g__Incertae_Sedis	0.9987262805851443
c2bf962fe0cf46e601045c7b9fc9fdb4	d__Bacteria; p__Firmicutes; c__Clostridia; o__Lachnospirales; f__Lachnospiraceae	0.9702958115182736
b9ab3541408cc6e41a1433d40576e16e	d__Bacteria; p__Firmicutes; c__Clostridia; o__Oscillospirales	0.7504454402883582
93fb262d6f2fba2ef3e248fd619b322b	d__Bacteria; p__Firmicutes; c__Clostridia; o__Lachnospirales; f__Lachnospiraceae	0.9986321294678103
fcc4a2c12a377c82e465443789a2c0e6	d__Bacteria; p__Firmicutes; c__Clostridia; o__Lachnospirales; f__Lachnospiraceae	0.9825733259526093
a11a78b8a6504e8a1e7dc26314a04478	d__Bacteria; p__Verrucomicrobiota; c__Verrucomicrobiae; o__Pedosphaerales; f__Pedosphaeraceae; g__SH3-11	0.9999998776940873
ae0b659759efdb75944957eda0797192	d__Bacteria; p__Planctomycetota; c__Phycisphaerae; o__Phycisphaerales; f__Phycisphaeraceae; g__CL500-3; s__uncultured_bacterium	0.9999999862530019
e4e5eda734000cf64defec93e0db2485	d__Bacteria; p__Proteobacteria; c__Alphaproteobacteria; o__Rhizobiales; f__Beijerinckiaceae	0.9995852654443641
ee04a2470fc4c6405dbf02d23af9c7b2	d__Bacteria; p__Actinobacteriota; c__Coriobacteriia; o__Coriobacteriales; f__Coriobacteriales_Incertae_Sedis; g__uncultured; s__gut_metagenome	0.9661216652053508
17a1ba090103c46f662e4d9e621fb1d5	d__Bacteria; p__Firmicutes; c__Clostridia; o__Lachnospirales; f__Lachnospiraceae; g__Fusicatenibacter	0.9813678030859095
7a5d838cd695508cfa8a30279b74d946	d__Bacteria; p__Firmicutes; c__Clostridia; o__Lachnospirales; f__Lachnospiraceae; g__Lachnospiraceae_UCG-004; s__uncultured_bacterium	0.9548795209243243
3cda6d0f0312c28dd36135041ed03f57	d__Bacteria; p__Firmicutes; c__Bacilli; o__Lactobacillales; f__Streptococcaceae; g__Lactococcus; s__uncultured_bacterium	0.8432998917220768
7bb398dc00c1bf3ea9a09da3c3ade04f	d__Bacteria; p__Actinobacteriota; c__Actinobacteria; o__Micrococcales; f__Micrococcaceae; g__Rothia	0.9999941676232844
6305301c565d5fe0584da872c25a58db	d__Bacteria; p__Firmicutes; c__Bacilli; o__Erysipelotrichales; f__Erysipelotrichaceae; g__Turicibacter	0.9705434449158681
49435baf26ccf6ba19414b78cc3327bc	d__Bacteria; p__Firmicutes; c__Bacilli; o__Lactobacillales; f__Enterococcaceae	0.7245641109149852
5b00965b6a29470349ada8325111807d	d__Bacteria; p__Bacteroidota; c__Bacteroidia; o__Bacteroidales; f__Prevotellaceae; g__Prevotella; s__Trichuris_trichiura	0.7559997620907074
0e9e48fd915eabb318bf1ef37aeb31de	d__Bacteria; p__Firmicutes; c__Clostridia; o__Peptostreptococcales-Tissierellales; f__Anaerovoracaceae; g__Mogibacterium	0.9998677423456138
26ec1b89c78f19bb96b7cdad4cdae34e	d__Bacteria; p__Firmicutes; c__Clostridia; o__Lachnospirales; f__Lachnospiraceae	0.991833428633741
7cb97a89a0fb47baad2f3a8ecfe7c434	d__Bacteria; p__Firmicutes; c__Clostridia; o__Lachnospirales; f__Lachnospiraceae	0.9936997784245278
d6c40ec6dd81e2a92e0cb21d1ef9405f	d__Bacteria; p__Firmicutes; c__Clostridia; o__Lachnospirales; f__Lachnospiraceae; g__Lachnospiraceae_NK4A136_group; s__gut_metagenome	0.7804275646681772
b005d485c7b092756227d1f2e8c2d46a	d__Bacteria; p__Bacteroidota; c__Bacteroidia; o__Bacteroidales; f__Rikenellaceae; g__Alistipes; s__Alistipes_putredinis	0.933947103070361
eaa6eb235da1170a93ee793861e29762	d__Bacteria; p__Firmicutes; c__Clostridia; o__Oscillospirales; f__Ruminococcaceae; g__Subdoligranulum	0.999906334597168
465dbad287b4c17dc50331798ee3a6ad	d__Bacteria; p__Firmicutes; c__Clostridia	0.9999778317877941
7eff9e439387cadca48e527f2f2bb10c	d__Bacteria; p__Bacteroidota; c__Bacteroidia; o__Bacteroidales; f__Prevotellaceae; g__Prevotella	0.9970085045783423
70307f682efdc3c32a51d22efa129385	d__Bacteria; p__Bacteroidota; c__Bacteroidia; o__Bacteroidales; f__Tannerellaceae; g__Parabacteroides	0.9999883715433012
52ae63d35a381d335f1a8113e448c86e	d__Bacteria; p__Firmicutes; c__Clostridia; o__Oscillospirales; f__Ruminococcaceae; g__Angelakisella; s__uncultured_bacterium	0.8462540683280535
e43edafe6e86cef9a3f19bf0a6f26df8	d__Bacteria; p__Firmicutes; c__Negativicutes; o__Veillonellales-Selenomonadales; f__Veillonellaceae; g__Veillonella; s__uncultured_methanogenic	0.9998113986276892
cccbf6dfbb87fca70d3ec0bd119395f9	d__Bacteria	0.9999999999570437
518cff3c539486a7dfe7991848f942d1	d__Bacteria; p__Firmicutes; c__Clostridia; o__Lachnospirales; f__Lachnospiraceae	0.999884611565256
ecbdb4b491cdcb2a9778c7f899a5a42c	d__Bacteria; p__Firmicutes; c__Clostridia; o__Peptostreptococcales-Tissierellales; f__Anaerovoracaceae; g__Mogibacterium; s__uncultured_bacterium	0.9927509678726388
b2625f782910ade824fd7f13cd281101	d__Bacteria; p__Bacteroidota; c__Bacteroidia; o__Bacteroidales; f__Bacteroidaceae; g__Bacteroides	0.806786087440378
2ef63b75cb12db40ba2d788da0b46f2b	d__Bacteria; p__Firmicutes; c__Clostridia; o__Oscillospirales; f__Oscillospiraceae; g__uncultured	0.8742757519794597
9a911b8095b4e2c5c01c7044fb476106	d__Bacteria; p__Actinobacteriota; c__Actinobacteria; o__Bifidobacteriales; f__Bifidobacteriaceae; g__Bifidobacterium	0.9998312383465535
5d6ae6f249454f3d1cd7821448c19e7b	d__Bacteria; p__Bacteroidota; c__Bacteroidia; o__Chitinophagales; f__Chitinophagaceae; g__Sediminibacterium	0.9999127965204748
b5abe5c48a7695df801ea4d7c7c1b6be	d__Bacteria; p__Firmicutes; c__Bacilli; o__Erysipelotrichales; f__Erysipelotrichaceae; g__Dielma; s__Dielma_fastidiosa	0.866667582189038
9316f73f582f9f7122f47bb61d20b7fe	d__Bacteria; p__Verrucomicrobiota; c__Verrucomicrobiae; o__uncultured; f__uncultured; g__uncultured	0.9999999997031347
d93741e380cfa5884e1a2c555c513b5e	d__Bacteria; p__Firmicutes; c__Clostridia; o__Oscillospirales; f__Ruminococcaceae; g__UBA1819; s__Ruthenibacterium_lactatiformans	0.7679525864229145
3a0cc315797c2a2fa87d0dc41155ee01	d__Bacteria; p__Firmicutes; c__Clostridia; o__Lachnospirales; f__Lachnospiraceae	0.9973229855117208
c4698e66571ebf020fd93b2520da5c70	d__Bacteria; p__Firmicutes; c__Clostridia; o__Oscillospirales; f__Ruminococcaceae; g__Anaerotruncus; s__Anaerotruncus_colihominis	0.7385957264265824
60309199707a56708e98e9dacf9f3a1e	d__Bacteria; p__Firmicutes; c__Clostridia; o__Oscillospirales; f__Ruminococcaceae; g__Incertae_Sedis; s__[Clostridium]_leptum	0.9857069315439068
7c57ec8430bb78d5f8f1fcb7c0952a5f	d__Bacteria; p__Firmicutes; c__Clostridia; o__Oscillospirales; f__Ruminococcaceae; g__Subdoligranulum	0.958119090224858
200dfda50dbaff44723f1b21f8c8cd66	d__Bacteria; p__Firmicutes; c__Clostridia; o__Lachnospirales; f__Lachnospiraceae	0.9999034765438879
aa4be362ae3062360eabb167d4d08832	d__Bacteria; p__Firmicutes; c__Clostridia; o__Lachnospirales; f__Lachnospiraceae; g__Anaerostipes	0.9015320242639862
3517d68e6f63543bffa3e0bde120b2ca	d__Bacteria; p__Firmicutes; c__Clostridia; o__Peptostreptococcales-Tissierellales; f__Peptostreptococcales-Tissierellales; g__Ezakiella; s__[Bacteroides]_coagulans	0.764671812680699
4e3f571b2bebdff15ca39ee4c31cef89	d__Bacteria; p__Actinobacteriota; c__Coriobacteriia; o__Coriobacteriales; f__Eggerthellaceae; g__Gordonibacter; s__Gordonibacter_urolithinfaciens	0.746423078070353
a56ec84e35eb4df0eed16f936b0d50a8	d__Bacteria; p__Firmicutes; c__Clostridia; o__Lachnospirales; f__Lachnospiraceae; g__Lachnospiraceae_UCG-004; s__uncultured_bacterium	0.8887052438292979
f6c1a809c6227ef13552b567327419a4	d__Bacteria; p__Bacteroidota; c__Bacteroidia; o__Bacteroidales; f__Bacteroidaceae; g__Bacteroides	0.9999505911751707
a0585f8225cd2d036cf52efa97206631	d__Bacteria; p__Firmicutes; c__Clostridia; o__Lachnospirales; f__Lachnospiraceae; g__Lachnospiraceae; s__uncultured_bacterium	0.7060970388442406
fbd24a58a73dc247aa8bd2e8ab4f1bb2	d__Bacteria; p__Proteobacteria; c__Gammaproteobacteria; o__Aeromonadales; f__Succinivibrionaceae; g__Succinivibrio	0.9204305804458863
f457753d9d259c4173cb549ce5da0002	d__Bacteria; p__Bacteroidota; c__Bacteroidia; o__Chitinophagales; f__Saprospiraceae; g__uncultured	0.9989013246758086
ffc43e93fda0058578b123689b62a8e7	d__Bacteria; p__Actinobacteriota; c__Acidimicrobiia; o__uncultured; f__uncultured; g__uncultured; s__uncultured_bacterium	0.9870049253193456
f466f7a726cba2e27d0e1329da8805c2	d__Bacteria; p__Firmicutes; c__Clostridia; o__Oscillospirales; f__Ruminococcaceae; g__CAG-352; s__uncultured_bacterium	0.9633899980261798
6293a829efe98f5edaccbb88c0374cd6	d__Bacteria; p__Firmicutes; c__Clostridia; o__Lachnospirales; f__Lachnospiraceae; g__Blautia	0.9119275442498606
b833dfced14ae11a04e3e86dae1598c7	d__Bacteria; p__Firmicutes; c__Clostridia; o__Lachnospirales; f__Lachnospiraceae; g__Lachnospiraceae; s__uncultured_bacterium	0.9249490610735189
7207222726b549ef96f10e0cd18f3722	d__Bacteria; p__Firmicutes; c__Clostridia; o__Oscillospirales; f__Ruminococcaceae; g__Faecalibacterium	0.9909485255812092
dec0d8ea483122ac041665e12a72200d	d__Bacteria; p__Firmicutes	0.9999975667314052
cdc8ede2ee524c4ca763146becb1e1df	d__Bacteria; p__Bacteroidota; c__Bacteroidia; o__Bacteroidales; f__Porphyromonadaceae; g__Porphyromonas	0.9966784930284482
3e9dfc8d3dd75e383f4fbe9ba104dfb3	d__Bacteria; p__Bacteroidota; c__Bacteroidia; o__Bacteroidales; f__Rikenellaceae; g__Alistipes; s__Bacteroides_sp.	0.9409375585601233
82d7122c10d7f3234930fc6f4c81f9ef	d__Bacteria; p__Firmicutes; c__Clostridia; o__Oscillospirales; f__Oscillospiraceae; g__Colidextribacter	0.8567666055130888
24576d5c6fba1f487547ee4f6e5e18ea	d__Bacteria; p__Firmicutes; c__Clostridia; o__Peptococcales; f__Peptococcaceae; g__Peptococcus; s__uncultured_bacterium	0.9973033964806662
2f928e7f2938e2772f4ca52adc63d2b4	d__Bacteria	0.9999999998547117
2356a2e8cb07e16dfb2dd37db9852fea	d__Bacteria; p__Bacteroidota; c__Bacteroidia; o__Bacteroidales; f__Bacteroidaceae; g__Bacteroides	0.9908054565287536
c7c1e05a0f6f2ccccbce1880f42ffa97	Unassigned	0.3114117933719389
77aff3d0c7aaeb37e99b128d40c5f9a8	d__Bacteria; p__Firmicutes; c__Clostridia	0.8329943284782837
0865274a46419f5723ed49bbff276252	d__Bacteria; p__Firmicutes; c__Clostridia; o__Oscillospirales	0.9958729274147273
4dee43d2e581619a96d86f4a26f6f2dc	d__Bacteria; p__Actinobacteriota; c__Actinobacteria; o__Bifidobacteriales; f__Bifidobacteriaceae; g__Bifidobacterium	0.999917481942682
064193ae0329e5126e8386065721e9dd	d__Bacteria; p__Firmicutes; c__Clostridia; o__Lachnospirales; f__Lachnospiraceae; g__Tyzzerella; s__Tyzzerella_sp.	0.9874693399506771
9e6ed0bea947205259233b0266045d49	d__Bacteria; p__Bacteroidota; c__Bacteroidia; o__Bacteroidales; f__Tannerellaceae; g__Parabacteroides	0.9996622820518951
491faf3dd8cb9f6d0875208f83e47f35	d__Bacteria; p__Actinobacteriota; c__Coriobacteriia; o__Coriobacteriales; f__Atopobiaceae; g__uncultured; s__uncultured_bacterium	0.9999980405813472
2a35dee62bb71e07b1080ed560cd162a	d__Bacteria; p__Firmicutes; c__Clostridia; o__Lachnospirales; f__Lachnospiraceae	0.9917600502261072
99efcefc5fcabbf91e29a623abbf8d11	d__Bacteria; p__Firmicutes; c__Clostridia; o__Oscillospirales; f__Oscillospiraceae; g__Oscillibacter; s__uncultured_organism	0.9709644917221915
0594155b06ad2f18745a209c085c5904	d__Bacteria; p__Firmicutes; c__Clostridia; o__Oscillospirales; f__Ruminococcaceae	0.8835919788003033
2c239552f081c31c15176591b536d979	d__Bacteria; p__Firmicutes; c__Clostridia; o__Oscillospirales; f__Ruminococcaceae; g__Ruminococcus; s__uncultured_bacterium	0.9603323716917054
12cf411ce33d3e4a2ad3fbe47833a335	d__Bacteria; p__Firmicutes; c__Bacilli; o__Lactobacillales; f__Lactobacillaceae; g__Lactobacillus	0.9999909651981125
5772be270034195fc7b13b77e77db74f	d__Bacteria; p__Firmicutes; c__Clostridia; o__Oscillospirales; f__Oscillospiraceae; g__Flavonifractor; s__uncultured_bacterium	0.7310927205381542
3fb0e5b8ab7d5a1e8a30eacb7e3f5a03	d__Bacteria; p__Bacteroidota; c__Bacteroidia; o__Bacteroidales; f__Barnesiellaceae; g__uncultured	0.9998165884575777
407e69970383cf8ba0c39be0c413357f	d__Bacteria; p__Firmicutes; c__Clostridia; o__Oscillospirales; f__Ruminococcaceae; g__Negativibacillus; s__Ruminococcus_sp.	0.771896322908018
860f18455086671c019038491fdb2385	d__Bacteria; p__Bacteroidota; c__Bacteroidia; o__Bacteroidales; f__Marinifilaceae; g__Butyricimonas; s__Butyricimonas_sp.	0.9578253201221225
e7fa08e62b25e57eded1973058244bcb	d__Bacteria; p__Actinobacteriota; c__Coriobacteriia; o__Coriobacteriales; f__Coriobacteriales_Incertae_Sedis; g__Raoultibacter	0.9998333261680202
c5891ca4e1ab48414c7577e4a0b895f4	d__Bacteria; p__Firmicutes; c__Clostridia; o__Clostridiales; f__Clostridiaceae; g__Clostridium_sensu_stricto_1; s__uncultured_bacterium	0.9274453877887073
d559880cb94b17347c48e68d82e0cea5	d__Bacteria; p__Firmicutes; c__Clostridia; o__Lachnospirales; f__Defluviitaleaceae; g__Defluviitaleaceae_UCG-011; s__uncultured_bacterium	0.9964439680590603
90cecd09d6dee70fd36ec04baa295183	d__Bacteria; p__Firmicutes; c__Clostridia; o__Lachnospirales; f__Lachnospiraceae	0.9371418168174646
f025c33fccfe6c344ce9c65e979c787b	d__Bacteria; p__Firmicutes; c__Clostridia; o__Lachnospirales; f__Lachnospiraceae; g__[Eubacterium]_hallii_group	0.9999576259632592
01f2ffb8d5d50422d74ee944ceb60741	d__Bacteria; p__Firmicutes; c__Bacilli; o__Lactobacillales; f__Lactobacillaceae; g__Lactobacillus; s__Lactobacillus_algidus	0.9994133636869765
cbdea8750f28d63d70bacdf3df4c0db7	d__Bacteria; p__Firmicutes; c__Clostridia; o__Oscillospirales; f__uncultured; g__uncultured; s__uncultured_rumen	0.9607462724391641
453cb99dd187f16eb3298163fbabcfcd	d__Bacteria; p__Firmicutes; c__Clostridia; o__Oscillospirales; f__Ruminococcaceae; g__Ruminococcus	0.9599298095181411
eccc7dd12f66ad66470dbbb172467b3f	d__Bacteria	0.9999999999780194
c76d3e4b54aaae478ba12559afe3a00a	d__Bacteria; p__Firmicutes; c__Clostridia; o__Lachnospirales; f__Lachnospiraceae; g__Anaerostipes	0.9966383880939875
86c497e45e98b7b587332e073a1f5aae	d__Bacteria; p__Bacteroidota; c__Bacteroidia; o__Bacteroidales; f__Bacteroidaceae; g__Bacteroides	0.9654187595301646
44652c2d3622db6b6b911d995df4582d	d__Bacteria; p__Firmicutes; c__Clostridia; o__Oscillospirales; f__UCG-011; g__UCG-011; s__uncultured_bacterium	0.9141252823856523
65612b7aaf90939f1ac036a7d15983f5	d__Bacteria; p__Bacteroidota; c__Bacteroidia; o__Bacteroidales; f__Marinifilaceae; g__Butyricimonas; s__uncultured_organism	0.9448547266385818
2c25c7bb25295f970a69c22f3322cde6	d__Bacteria; p__Firmicutes; c__Clostridia; o__Oscillospirales; f__Ruminococcaceae	0.9561949536430525
a432bb2348121ecbe931545d0a9e7655	d__Bacteria; p__Firmicutes; c__Clostridia; o__Lachnospirales; f__Lachnospiraceae	0.9997360243411963
4692afb91fd30cdfa9bcfaf2dfc91b98	d__Bacteria; p__Cyanobacteria; c__Cyanobacteriia; o__Synechococcales; f__Cyanobiaceae; g__Cyanobium_PCC-6307; s__uncultured_cyanobacterium	0.9573924404815901
cc79d35d7bd33836ea02f6cba1da01cf	d__Bacteria; p__Proteobacteria; c__Gammaproteobacteria; o__Xanthomonadales; f__Xanthomonadaceae; g__Thermomonas	0.819578223521525
40fa4c57e29cfb8da0ebc1c81a64786a	d__Bacteria; p__Verrucomicrobiota; c__Verrucomicrobiae; o__Chthoniobacterales; f__Chthoniobacteraceae; g__LD29; s__uncultured_bacterium	0.9764903684314984
5f0066f760d66ec75372fdf4dd0d0775	d__Bacteria; p__Firmicutes; c__Clostridia; o__Lachnospirales; f__Lachnospiraceae; g__Anaerostipes	0.9999952379444831
e7a043e49a810db1b47c8dba20643265	d__Bacteria; p__Firmicutes; c__Clostridia; o__Oscillospirales; f__Oscillospiraceae; g__Intestinimonas	0.7001553565315836
13ef37e9c9200ae392bf020b67705dbd	d__Bacteria; p__Firmicutes; c__Negativicutes; o__Acidaminococcales; f__Acidaminococcaceae; g__Phascolarctobacterium; s__Phascolarctobacterium_faecium	0.8259387299105265
e40eebad81500a1e82a609adfbdee797	d__Bacteria; p__Firmicutes; c__Clostridia; o__Lachnospirales; f__Lachnospiraceae; g__Coprococcus; s__uncultured_bacterium	0.8151692642602233
5f9bddae2471e6b74025c925f6d87349	d__Bacteria; p__Actinobacteriota; c__Actinobacteria; o__Micrococcales; f__Micrococcaceae; g__Rothia	0.9999823397151691
523b41363f166116164853b4d059ae37	d__Bacteria; p__Desulfobacterota; c__Desulfovibrionia; o__Desulfovibrionales; f__Desulfovibrionaceae; g__uncultured; s__uncultured_Desulfovibrionaceae	0.7559522380546914
b8c6904b9847ad51066ffd18f0742e7e	d__Bacteria; p__Firmicutes; c__Clostridia; o__Lachnospirales; f__Lachnospiraceae	0.998277078840449
e6cee77c16fea7f74b81b6b334a0c465	d__Bacteria; p__Firmicutes; c__Clostridia; o__Lachnospirales; f__Lachnospiraceae; g__GCA-900066575; s__uncultured_organism	0.955527536494526
69b100590d7f24246514759fe45cd454	d__Bacteria; p__Firmicutes; c__Bacilli; o__Erysipelotrichales; f__Erysipelotrichaceae; g__[Clostridium]_innocuum_group; s__uncultured_organism	0.8366405707166228
6aa0fe412924f59a56f35f5a07ab26d4	d__Bacteria; p__Firmicutes; c__Clostridia	0.9998250787083715
1674b5d9207ebea40accb48089f41fcd	d__Bacteria; p__Firmicutes; c__Clostridia; o__Oscillospirales; f__Oscillospiraceae; g__NK4A214_group; s__gut_metagenome	0.8073235067907767
2c4320d2f28648115b17deaf80c3bfe1	d__Bacteria; p__Firmicutes; c__Clostridia; o__Lachnospirales; f__Lachnospiraceae	0.9995101124898492
3cb50df25878be641191141a9d5d8c28	d__Bacteria; p__Firmicutes; c__Clostridia; o__Oscillospirales; f__Oscillospiraceae; g__Colidextribacter; s__uncultured_organism	0.8170897042242381
508b381ccaf397557bd76ce0b6f5f548	d__Bacteria; p__Firmicutes; c__Clostridia; o__Oscillospirales; f__[Eubacterium]_coprostanoligenes_group; g__[Eubacterium]_coprostanoligenes_group; s__gut_metagenome	0.7660305918781495
3e3693d2aaf0d2cf5c87226961af2efa	d__Bacteria; p__Firmicutes; c__Clostridia; o__Lachnospirales; f__Lachnospiraceae	0.9948331787292516
ecfe86307ef82349547adb9ca8c879df	d__Bacteria; p__Firmicutes; c__Bacilli; o__Lactobacillales; f__Listeriaceae; g__Brochothrix; s__Brochothrix_thermosphacta	0.9259128049339392
e424659a8aa8b2a8ddcc392ce48f7abe	d__Bacteria; p__Firmicutes; c__Clostridia; o__Lachnospirales; f__Lachnospiraceae	0.7079271731538759
b8eec8b80b564fd82ed7755ff0700f15	d__Bacteria; p__Bacteroidota; c__Bacteroidia; o__Bacteroidales; f__Prevotellaceae; g__Prevotella	0.9282204273751512
5d92a566e8ad205115c28cad2f49708f	d__Bacteria; p__Firmicutes; c__Clostridia; o__Oscillospirales; f__Oscillospiraceae; g__NK4A214_group; s__uncultured_bacterium	0.9619071322575492
43a21396b4cfab4fde89d68426a06526	d__Bacteria; p__Firmicutes; c__Clostridia; o__Lachnospirales; f__Lachnospiraceae	0.9929289680181623
3867c99771b12710e5b83db089bc88b9	d__Bacteria; p__Firmicutes; c__Clostridia; o__Lachnospirales; f__Lachnospiraceae; g__Lachnospiraceae_NC2004_group; s__uncultured_bacterium	0.8839119301773326
8b2af79b70dfa26758bfe3b621d0adf3	d__Bacteria; p__Firmicutes; c__Clostridia; o__Lachnospirales; f__Lachnospiraceae	0.9996214545858606
99e33508326a1ac259d7c8c058148f98	d__Bacteria; p__Firmicutes; c__Clostridia; o__Clostridia_vadinBB60_group; f__Clostridia_vadinBB60_group; g__Clostridia_vadinBB60_group; s__uncultured_bacterium	0.9986932378308746
f53b3a44d62f41ab1cb30932216ce0ae	d__Bacteria; p__Firmicutes; c__Clostridia; o__Oscillospirales; f__UCG-010; g__UCG-010	0.9999996760755396
f52426fb378d15585b1bed5ae2b6ac47	d__Bacteria; p__Firmicutes; c__Clostridia; o__Lachnospirales; f__Lachnospiraceae	0.9722215354028119
43396b1b072a4f0e0cf6f39a2b84da32	d__Bacteria; p__Firmicutes; c__Clostridia; o__Oscillospirales; f__Ruminococcaceae; g__Ruminococcus; s__uncultured_bacterium	0.8212205294586554
43d8522c2d2f8b48da74664d7cdcf46d	d__Bacteria; p__Firmicutes; c__Clostridia; o__Lachnospirales; f__Lachnospiraceae; g__Coprococcus	0.9223472096577018
e43df64f505d7efb5fb6b6a63d4ae255	d__Bacteria; p__Firmicutes; c__Clostridia; o__Lachnospirales; f__Lachnospiraceae; g__Blautia; s__Blautia_caecimuris	0.9918904529522615
d86f3916574218fc56c252722aeb9bf6	d__Bacteria; p__Bacteroidota; c__Bacteroidia; o__Bacteroidales; f__Bacteroidaceae; g__Bacteroides	0.9999986878298368
34999dcce374ebf2c27782d7cffc020c	d__Bacteria; p__Firmicutes; c__Clostridia; o__Peptostreptococcales-Tissierellales; f__Anaerovoracaceae; g__Mogibacterium	0.9999994657398319
0f06b4165262911d6a75a5934511a47b	d__Bacteria; p__Firmicutes; c__Clostridia; o__Oscillospirales; f__Ruminococcaceae; g__Subdoligranulum	0.9710955259649672
6c39b96a20aa9365cfee96daf1451688	d__Bacteria; p__Firmicutes; c__Clostridia; o__Lachnospirales; f__Lachnospiraceae; g__Lachnospiraceae_NC2004_group	0.7708354799563273
e6af6f01ef9ef36d1ab55c15f2528cd5	d__Bacteria; p__Firmicutes; c__Clostridia; o__Oscillospirales; f__Ruminococcaceae; g__Incertae_Sedis; s__[Clostridium]_leptum	0.9815811901737711
de16654d5d6bab48a9d39701930b6c34	d__Bacteria; p__Firmicutes; c__Clostridia; o__Oscillospirales; f__Ruminococcaceae; g__Anaerofilum; s__metagenome	0.9789517512731313
c1066183bafcfce48a97aecf46d96140	d__Bacteria; p__Firmicutes; c__Clostridia; o__Christensenellales; f__Christensenellaceae; g__uncultured; s__uncultured_bacterium	0.7758205667508721
518bdd5aa1c785c9c1fa54b5eca2e026	d__Bacteria; p__Firmicutes; c__Bacilli; o__Erysipelotrichales; f__Erysipelotrichaceae; g__Solobacterium; s__uncultured_organism	0.9704188972769808
cd9ed64d3eccd2b0d86b5b4cbada7b76	d__Bacteria; p__Firmicutes; c__Clostridia; o__Lachnospirales; f__Lachnospiraceae	0.9999668531842458
c6395f2607bb7c614cf69a23570567e1	d__Bacteria; p__Firmicutes; c__Clostridia; o__Lachnospirales; f__Lachnospiraceae	0.9986790149521461
03dd86aec265f9b539f1e44e2e2bc5a7	d__Bacteria; p__Firmicutes; c__Clostridia; o__Lachnospirales; f__Lachnospiraceae	0.9999287749410929
9589deab13f978482d5d0546cc868392	d__Bacteria; p__Firmicutes; c__Clostridia; o__Oscillospirales; f__Ruminococcaceae; g__Incertae_Sedis; s__uncultured_organism	0.9948393182129287
4a01d6c67c0df0ce3af87fee303accde	d__Bacteria; p__Firmicutes; c__Clostridia; o__Lachnospirales; f__Lachnospiraceae; g__Lachnoclostridium	0.8891153675611159
47258af14cee6c5eded1c9f98677837b	d__Bacteria; p__Firmicutes; c__Clostridia; o__Oscillospirales; f__Ruminococcaceae; g__Fournierella; s__uncultured_organism	0.828331963855229
e99403dab1eb84f21fac3e46fca4cea9	d__Bacteria; p__Firmicutes; c__Clostridia; o__Lachnospirales; f__Lachnospiraceae	0.9881403238196519
fb12331d048c7f7270280cef613c4d14	d__Bacteria; p__Proteobacteria; c__Gammaproteobacteria; o__Enterobacterales; f__Enterobacteriaceae; g__Escherichia-Shigella	0.9191466369449866
2f73e0630cf1a29b6e24848f27fd022d	d__Bacteria; p__Firmicutes; c__Clostridia; o__Oscillospirales; f__Ruminococcaceae; g__uncultured	0.9049542402895637
6df682e7af12c27114c10981d33fa8b8	d__Bacteria; p__Firmicutes; c__Clostridia; o__Oscillospirales; f__Ruminococcaceae; g__Incertae_Sedis	0.9986144254089062
e18f6a0b782d74cb3829857bd1fb9365	d__Bacteria; p__Firmicutes; c__Clostridia; o__Eubacteriales; f__Anaerofustaceae; g__Anaerofustis; s__Anaerofustis_stercorihominis	0.8811255504268892
87cc65df6452df2aec4b0cb385af3fdf	d__Bacteria; p__Firmicutes; c__Clostridia; o__Lachnospirales; f__Lachnospiraceae	0.9985541927303143
920f2e7fb53b32a961d972a4bb27cef5	d__Bacteria; p__Bacteroidota; c__Bacteroidia; o__Bacteroidales; f__Barnesiellaceae; g__Barnesiella	0.9998447662119514
515fd27d10c0fbef79c24c995b934606	d__Bacteria; p__Firmicutes; c__Clostridia; o__Oscillospirales; f__Butyricicoccaceae; g__UCG-008; s__uncultured_bacterium	0.8647783614131629
8a81eaecc9bf1c69ca0d3ce64e4690f2	d__Bacteria; p__Firmicutes; c__Clostridia; o__Lachnospirales; f__Lachnospiraceae; g__Dorea; s__bacterium_mpn-isolate	0.7180456817950369
042acc84e91480e712c23d4aa29e102a	d__Bacteria; p__Firmicutes; c__Clostridia; o__Lachnospirales; f__Lachnospiraceae	0.775923740885266
5f5498aeca599851d12a5984309bf79a	d__Bacteria	0.998471625353038
6c00a65842c8e1ff3a27358376e84308	d__Bacteria; p__Firmicutes; c__Clostridia; o__Lachnospirales; f__Lachnospiraceae	0.9999926680332607
28ee7ff4b17e40815db2c97a53ca04b7	d__Bacteria; p__Firmicutes; c__Clostridia; o__Lachnospirales; f__Lachnospiraceae; g__Coprococcus	0.9873836502796668
a5a7dd3fdee6cfa90a31922978adebd0	d__Bacteria; p__Firmicutes	0.9999998731291214
778c37a78989662a9f40c4bbfff45625	d__Bacteria; p__Firmicutes; c__Clostridia	0.9979371083697044
8e739fb62d0b9c9e95307f847ba25498	d__Bacteria; p__Firmicutes; c__Clostridia	0.9969473880758052
d58388004e8001da95d42c157bb0ab12	d__Bacteria; p__Firmicutes; c__Clostridia; o__Lachnospirales; f__Lachnospiraceae	0.9999182368722528
415f79b01881b8872537399d0ed3bb35	d__Bacteria; p__Firmicutes; c__Clostridia; o__Lachnospirales; f__Lachnospiraceae	0.9999856397044021
f85f85c5c9ad65f4bdf44d35f866978b	d__Bacteria	0.999999999906083
cc4c71ec6f7c4041780b55cb61c38994	d__Bacteria; p__Firmicutes; c__Clostridia; o__Oscillospirales; f__UCG-011; g__UCG-011; s__uncultured_bacterium	0.9182241568307862
f8d682b589ade57ca67756b88358c24c	d__Bacteria; p__Firmicutes; c__Clostridia; o__Oscillospirales; f__Oscillospiraceae; g__Papillibacter; s__uncultured_bacterium	0.9959890407899524
77d52c9e6fcac361d1271df77e5bbd2f	d__Bacteria; p__Firmicutes; c__Clostridia	0.9999990231167623
5d24d575a6a71ca96e2745f62eb83f2d	d__Bacteria; p__Firmicutes; c__Clostridia; o__Christensenellales; f__Christensenellaceae; g__Christensenellaceae_R-7_group; s__bacterium_YE57	0.9749667387230161
53bd9daccd68851b88b661004d29bfa6	d__Bacteria; p__Firmicutes; c__Clostridia; o__Lachnospirales; f__Lachnospiraceae	0.9995349249974028
e9739eef1a40908099d706cc5013477c	d__Bacteria; p__Firmicutes; c__Clostridia; o__Peptococcales; f__Peptococcaceae; g__uncultured; s__unidentified	0.8201884871143665
a3a197993bb4fac18c2a7c07adf1eb61	d__Bacteria; p__Firmicutes; c__Clostridia; o__Oscillospirales	0.9961499288730851
59185bc1ba0857ca01d54f69de8c6659	d__Bacteria; p__Firmicutes; c__Clostridia; o__Lachnospirales; f__Lachnospiraceae	0.9998840649085661
5fc7b4cd898413f91ad61cccb68b4fde	d__Bacteria; p__Firmicutes; c__Clostridia; o__Lachnospirales; f__Lachnospiraceae; g__Blautia; s__Blautia_glucerasea	0.8495592842234007
96eaf67b63f568d13db61b3deb837449	d__Bacteria; p__Firmicutes; c__Clostridia; o__Lachnospirales; f__Lachnospiraceae	0.9999524256012875
b20a43ce4df7b3d82fac176f50062838	d__Bacteria; p__Proteobacteria; c__Alphaproteobacteria; o__Azospirillales; f__Azospirillaceae; g__Azospirillum	0.9999999745502247
fd6514868d939904be230137bd6c6622	d__Bacteria; p__Proteobacteria; c__Alphaproteobacteria; o__Rhizobiales; f__Rhizobiaceae; g__Allorhizobium-Neorhizobium-Pararhizobium-Rhizobium	0.9929618859883731
8f552c0b8c0124293caeb7924775df5c	d__Bacteria; p__Firmicutes; c__Clostridia; o__Christensenellales; f__Christensenellaceae; g__Catabacter	0.8854043984609116
960c9224501f414d31c363622108e86d	d__Bacteria; p__Firmicutes; c__Clostridia; o__Oscillospirales; f__Ruminococcaceae; g__Incertae_Sedis; s__uncultured_bacterium	0.8940534165939041
f64f5f3383ec3013f45355cc967c6605	d__Bacteria; p__Firmicutes; c__Clostridia	0.9992729219142995
acc3fb177f26c4cb9343bef180bf3dcd	d__Bacteria; p__Firmicutes; c__Clostridia; o__Lachnospirales; f__Lachnospiraceae; g__Fusicatenibacter	0.9063734737213093
46c11dd9d3265188d3100519679239b8	d__Bacteria; p__Firmicutes; c__Clostridia; o__Lachnospirales; f__Lachnospiraceae; g__Lachnospira	0.9307170781971429
f007758eb95f437820741a2a40c67b3e	d__Bacteria; p__Bacteroidota; c__Bacteroidia; o__Bacteroidales; f__Bacteroidaceae; g__Bacteroides	0.9999841792637876
463ee24265f77f89b72f10fc32ec5fc5	d__Bacteria; p__Firmicutes; c__Clostridia; o__Lachnospirales; f__Lachnospiraceae	0.7831020575841374
1ae3470dd3216ea1d4973b51c8933f70	d__Bacteria; p__Firmicutes; c__Clostridia	0.9994954703450107
b3d58fb2671ed7bde42ae5d35bdafdaf	d__Bacteria; p__Firmicutes; c__Clostridia; o__Peptococcales; f__Peptococcaceae; g__Peptococcus; s__uncultured_organism	0.7193328884797369
8dbe500a9d5c4773051eae853c78ec08	d__Bacteria; p__Bacteroidota; c__Bacteroidia; o__Bacteroidales; f__Barnesiellaceae; g__uncultured; s__uncultured_organism	0.7959125681424306
b3b618addbfa02de458691375a23fb4c	d__Bacteria; p__Verrucomicrobiota; c__Verrucomicrobiae; o__Verrucomicrobiales; f__Akkermansiaceae; g__Akkermansia; s__uncultured_bacterium	0.7082682802695737
b883c416de0b24c4d8c146e796945a57	d__Bacteria; p__Firmicutes; c__Clostridia; o__Oscillospirales; f__Ruminococcaceae; g__Ruminococcus	0.9999283870308959
84f323dc34f31bfe52e2de59c66996a5	d__Bacteria; p__Firmicutes; c__Clostridia; o__Peptococcales; f__Peptococcaceae; g__uncultured; s__metagenome	0.9824404112666653
bf8885254db7fea8fde1522e635978b4	d__Bacteria; p__Firmicutes; c__Clostridia; o__Lachnospirales; f__Lachnospiraceae; g__[Ruminococcus]_torques_group	0.933198163051774
5915294d3edfd804946d5542d3f928e5	d__Bacteria; p__Firmicutes; c__Clostridia; o__Oscillospirales; f__Ruminococcaceae; g__Subdoligranulum	0.9117962001085645
fedabba5da3ad01b9a5cbbe68b696469	d__Bacteria; p__Firmicutes; c__Clostridia; o__Oscillospirales	0.9990089581566858
dfff89e71e839fb79b4637eb0e91626e	d__Bacteria; p__Firmicutes; c__Clostridia; o__Oscillospirales; f__UCG-011; g__UCG-011; s__uncultured_bacterium	0.8966942425403074
98e7b22bf4f9244423e3416fd8f432c5	d__Bacteria; p__Firmicutes; c__Clostridia; o__Oscillospirales; f__Ruminococcaceae; g__Faecalibacterium	0.9965974910791371
78bf2caa77dafc0439eb4c69fc16455e	d__Bacteria; p__Firmicutes; c__Clostridia; o__Monoglobales; f__Monoglobaceae; g__Monoglobus; s__uncultured_bacterium	0.9932193098755826
d827db909b782cd24a2328cb607d69ee	d__Bacteria; p__Firmicutes; c__Clostridia	0.9999993789224761
08a035e1e0cbe147fe9fb785c8c01064	d__Bacteria; p__Firmicutes; c__Clostridia; o__Oscillospirales; f__Ruminococcaceae; g__Subdoligranulum	0.9971398143701592
f3e621322a12a772b4f0ea0d2e908d40	d__Bacteria; p__Firmicutes; c__Clostridia; o__Oscillospirales; f__Oscillospiraceae; g__UCG-002; s__uncultured_bacterium	0.809091764882326
22c733c59948aae9058ff99cda132434	d__Bacteria; p__Firmicutes; c__Clostridia; o__Lachnospirales; f__Defluviitaleaceae; g__Defluviitaleaceae_UCG-011; s__uncultured_bacterium	0.9745344231088867
451ef54907379ed1ea7d8cacb9e29ffa	d__Bacteria; p__Firmicutes; c__Clostridia; o__Lachnospirales; f__Lachnospiraceae	0.998541692857952
6c2b5d18e2b800a3dfe88b710d5c01bd	d__Bacteria; p__Firmicutes; c__Clostridia; o__Clostridia_vadinBB60_group; f__Clostridia_vadinBB60_group; g__Clostridia_vadinBB60_group; s__uncultured_organism	0.999425529138076
1a104b8575fa35a2027410cbd202f5c2	d__Bacteria; p__Firmicutes; c__Clostridia	0.9248126309732894
647e9dda99aa71a4ba978bdf95aea393	d__Bacteria; p__Bacteroidota; c__Bacteroidia; o__Bacteroidales; f__Rikenellaceae; g__Alistipes	0.9149627364157575
4e3bf889ebff387e7b9bb17e55dabd74	d__Bacteria; p__Cyanobacteria; c__Cyanobacteriia; o__Chloroplast; f__Chloroplast; g__Chloroplast	1.000000000000006
b6741c8ac08537f6f538ef79a8b95f04	d__Bacteria	0.9999682539077829
ae9dd8eb57abf4155dc85ca057ec5b4e	d__Bacteria; p__Sva0485; c__Sva0485; o__Sva0485; f__Sva0485; g__Sva0485; s__uncultured_bacterium	0.7429461142930338
3e4267323b4c16812822b2c86adad7fb	d__Bacteria; p__Firmicutes; c__Clostridia; o__Peptococcales; f__Peptococcaceae; g__uncultured; s__metagenome	0.9272042689460497
d067ac258fb9a8cd73c4ca165d82fbc6	d__Bacteria; p__Proteobacteria; c__Alphaproteobacteria; o__Rhodospirillales; f__uncultured; g__uncultured; s__uncultured_bacterium	0.8635448494381122
840b3a4f63ec98d33e237592592d5549	d__Bacteria; p__Firmicutes; c__Clostridia; o__Oscillospirales; f__UCG-011; g__UCG-011; s__uncultured_bacterium	0.9133693427569384
9806c3fb544eaf0c042b8216e2de2a76	d__Bacteria	0.9999999996415307
95eac5d3d4d0da663662f415578128d8	d__Bacteria; p__Bacteroidota; c__Bacteroidia; o__Bacteroidales; f__Rikenellaceae; g__Alistipes	0.9999657891566247
d42df2bb85324f1663e368abdd1a6c08	d__Bacteria; p__Firmicutes; c__Clostridia; o__Lachnospirales; f__Lachnospiraceae; g__Lachnospiraceae_NC2004_group; s__uncultured_bacterium	0.8879828130467122
00e66ee664609b8bdba4a24ab69cb679	d__Bacteria; p__Firmicutes; c__Clostridia; o__Peptococcales; f__Peptococcaceae; g__uncultured; s__uncultured_bacterium	0.9846816969224956
332c647af98858427d9049c823cd2195	d__Bacteria; p__Firmicutes; c__Clostridia; o__Oscillospirales; f__UCG-010; g__UCG-010	0.9999994369994123
b53d7a20e8e50512e8bb7e0723be58e2	d__Bacteria; p__Firmicutes; c__Clostridia; o__Lachnospirales; f__Lachnospiraceae	0.9991912621305604
b7c46adde0d2738f44bac5388958a322	d__Bacteria	0.999999999247071
dc73ccff4d0333883b4bece0f89ce77f	d__Bacteria; p__Firmicutes; c__Clostridia; o__Oscillospirales; f__Ruminococcaceae	0.9999832291185087
a27ae7008e9dbf2009df4e8de61af3ba	d__Bacteria; p__Firmicutes; c__Clostridia; o__Peptostreptococcales-Tissierellales; f__Anaerovoracaceae; g__[Eubacterium]_nodatum_group; s__Eubacterium_sulci	0.854743510881354
06ea154c8f151be96823d6fd1a4dbdf3	d__Bacteria; p__Bacteroidota; c__Bacteroidia; o__Bacteroidales; f__Prevotellaceae; g__Prevotella; s__Prevotella_bergensis	0.9999999274860043
b3b3d8861b30a6eb686ae958d2d6f521	d__Bacteria; p__Firmicutes; c__Clostridia; o__Lachnospirales; f__Defluviitaleaceae; g__Defluviitaleaceae_UCG-011; s__uncultured_bacterium	0.9997897297286955
2d26458c6d560bcaf8fea55be0178ee2	d__Bacteria; p__Firmicutes; c__Bacilli; o__Lactobacillales; f__Streptococcaceae; g__Lactococcus	0.9990948051069547
7ef1f69ab97725c7c3df1945e0900d5e	d__Bacteria; p__Firmicutes; c__Clostridia; o__Lachnospirales; f__Lachnospiraceae	0.9790147408271545
c55ae0c96b13a122cb67425a7bfcb63e	d__Bacteria; p__Firmicutes; c__Clostridia; o__Lachnospirales; f__Lachnospiraceae; g__[Eubacterium]_oxidoreducens_group; s__uncultured_bacterium	0.9560599098599801
52b56c36bbb8eb053a73520248f19910	d__Bacteria; p__Firmicutes; c__Bacilli; o__Lactobacillales	0.9983859531924286
b75ec40ff1a1f19ccb63247fc384a0e6	d__Bacteria; p__Firmicutes; c__Clostridia; o__Clostridia_vadinBB60_group; f__Clostridia_vadinBB60_group; g__Clostridia_vadinBB60_group; s__uncultured_Thermoanaerobacterales	0.9396350329186174
7b440de28c24407a18a640c387f5b114	d__Bacteria; p__Firmicutes; c__Clostridia; o__Lachnospirales; f__Lachnospiraceae	0.9250734402601937
bff8ec5f869d2b263f29de2c0724b796	d__Bacteria; p__Firmicutes; c__Clostridia; o__Christensenellales; f__Christensenellaceae; g__Christensenellaceae_R-7_group	0.8457537108840479
7672f92e1037f14c88e0b4a67b2a4fe1	d__Bacteria; p__Firmicutes; c__Clostridia; o__Lachnospirales; f__Lachnospiraceae; g__Lachnospiraceae_UCG-008; s__uncultured_bacterium	0.7573713694084075
a3d377d5c10dfda39e6cb2ed66bee5f1	d__Bacteria; p__Firmicutes; c__Negativicutes; o__Acidaminococcales; f__Acidaminococcaceae; g__uncultured; s__uncultured_bacterium	0.8954174054125963
52dae5f7ac72ee20bc84a8d26bbbc444	d__Bacteria; p__Firmicutes; c__Clostridia; o__Lachnospirales; f__Lachnospiraceae	0.9959510173527897
3a1b4f97adcba753a9cd156030cdee85	d__Bacteria; p__Firmicutes; c__Clostridia; o__Oscillospirales; f__Oscillospiraceae; g__Oscillibacter; s__human_gut	0.9235946224233442
c9c96682a47b48b70008b2aeb2fae6f9	d__Bacteria; p__Cyanobacteria; c__Cyanobacteriia; o__Cyanobacteriales; f__Microcystaceae; g__Microcystis_PCC-7914	0.9999999999926615
4f4a2228bd3b08c99a5be8e89d5dc4e0	d__Bacteria; p__Firmicutes; c__Clostridia; o__Oscillospirales; f__Ruminococcaceae; g__Incertae_Sedis; s__uncultured_bacterium	0.9981379266712914
4ca84a872dd82fa4a19e37a479655c60	d__Bacteria; p__Proteobacteria; c__Gammaproteobacteria; o__Enterobacterales; f__Enterobacteriaceae; g__Escherichia-Shigella	0.9427301722430078
d985bd1f420ea7b87909f4e56b923e05	d__Bacteria; p__Proteobacteria; c__Alphaproteobacteria; o__Tistrellales; f__Geminicoccaceae; g__Candidatus_Alysiosphaera; s__uncultured_bacterium	0.7014623826056903
a88c6ef814a97f44103142c3711e5b3b	d__Bacteria; p__Firmicutes; c__Negativicutes; o__Veillonellales-Selenomonadales; f__Veillonellaceae; g__Negativicoccus; s__Negativicoccus_massiliensis	0.9521545267279876
4ec9a7f7917d09b45fcbf2416eb96765	d__Bacteria; p__Chloroflexi; c__Chloroflexia; o__Thermomicrobiales; f__JG30-KF-CM45; g__JG30-KF-CM45; s__uncultured_bacterium	0.7922529732727526
03edadd3deff55c597db419e1cdd05ca	d__Bacteria; p__Firmicutes; c__Clostridia; o__Christensenellales; f__Christensenellaceae; g__Christensenella; s__Christensenella_massiliensis	0.9764804574762082
dcc00e6d8498da96a64f6bd41d033f3e	d__Bacteria; p__Actinobacteriota; c__Actinobacteria; o__Micrococcales; f__Promicromonosporaceae; g__Cellulosimicrobium	0.996571215059039
e1befbaf94fe61207ade5e526f85cbb8	d__Bacteria; p__Firmicutes; c__Clostridia; o__Clostridiales; f__Clostridiaceae; g__Clostridium_sensu_stricto_7	0.999999571208049
af7cee2493f0b7cd80dde72bf587523d	d__Bacteria; p__Firmicutes; c__Bacilli; o__Lactobacillales; f__Leuconostocaceae; g__Leuconostoc	0.9999989068702498
fabe4b20825e63ee274baf6cee621a0e	d__Bacteria; p__Bacteroidota; c__Bacteroidia; o__Bacteroidales; f__Bacteroidaceae; g__Bacteroides	0.999768515055374
1987290d4b166b88a26a8d1c699fc200	d__Bacteria; p__Firmicutes; c__Clostridia; o__Oscillospirales; f__Ruminococcaceae; g__Ruminococcus	0.9985213976701071
14655478fd132d084caff22dd8358438	d__Bacteria; p__Firmicutes; c__Clostridia; o__Peptostreptococcales-Tissierellales; f__Peptostreptococcaceae	0.9803118334589479
2565a7ca211ac8e3868b012ee6dc0110	d__Bacteria; p__Firmicutes; c__Clostridia; o__Lachnospirales; f__Lachnospiraceae	0.9999795527241404
92112414ab9b4dbdac61485a445123fb	d__Bacteria; p__Firmicutes; c__Clostridia	0.9999996914341618
932042ca06a510975001a9836cad01f6	d__Bacteria; p__Firmicutes; c__Clostridia; o__Lachnospirales; f__Lachnospiraceae; g__Roseburia	0.9049358809986947
9a7229ba3fe977166790f4a8cf33e116	d__Bacteria; p__Proteobacteria; c__Gammaproteobacteria; o__Burkholderiales	0.9999996089019172
9b58fdcec1a1f05012b97f9a9e13642b	d__Bacteria; p__Bacteroidota; c__Bacteroidia; o__Sphingobacteriales; f__Sphingobacteriaceae	0.9999999982344341
5c232135c886f253fdd3469a0f5c0b36	d__Bacteria; p__Firmicutes; c__Clostridia; o__Lachnospirales; f__Lachnospiraceae	0.9929302271218735
1aede4906bd8aa3d4764b2642b2a404f	d__Bacteria; p__Acidobacteriota; c__Blastocatellia; o__Pyrinomonadales; f__Pyrinomonadaceae; g__RB41; s__uncultured_Acidobacteria	0.7487176712262517
f5c2e89de99b20b181255c94e6159172	d__Bacteria; p__Chloroflexi; c__TK10; o__TK10; f__TK10; g__TK10; s__bacterium_Ellin6543	0.9419985376625123
b13ab0affd92f2b1c0d0e05a6a5c8682	d__Bacteria; p__Chloroflexi; c__TK10; o__TK10; f__TK10; g__TK10; s__bacterium_Ellin6543	0.7913465675953675
74a1efe53e54f881fb2dc094cb466d31	d__Bacteria; p__Actinobacteriota; c__Thermoleophilia; o__Gaiellales; f__uncultured; g__uncultured	0.9913003555130179
4a345b8d3cf675b5dcb7faf20dad4ac5	d__Bacteria; p__Firmicutes; c__Clostridia; o__Lachnospirales; f__Lachnospiraceae	0.992384672894828
85ea720a415fc5fc3776e18fecae5123	d__Bacteria; p__Actinobacteriota; c__Actinobacteria; o__Corynebacteriales; f__Corynebacteriaceae; g__Lawsonella	0.9999999436552252
a67f117ac95249549d97419f8f24fd0d	d__Bacteria; p__Actinobacteriota; c__Acidimicrobiia; o__Microtrichales; f__Ilumatobacteraceae; g__CL500-29_marine_group; s__bacterium_enrichment	0.7728657568018372
a9adb7c434235c11759d3115b00c7c76	d__Bacteria; p__Patescibacteria; c__Saccharimonadia; o__Saccharimonadales; f__Saccharimonadaceae; g__TM7x; s__uncultured_bacterium	0.9926551166755089
cb42acf4d7f7a6ca662dfee194965afe	d__Bacteria; p__Proteobacteria; c__Alphaproteobacteria; o__Rhizobiales; f__uncultured; g__uncultured; s__uncultured_proteobacterium	0.9879894854242444
4c3fb93505bbf1daed934a6d80d1905d	d__Bacteria; p__Firmicutes; c__Clostridia; o__Lachnospirales; f__Lachnospiraceae; g__CAG-56	0.9307355271144927
8a9bf972213b35b883243b2e7868c28e	d__Bacteria; p__Cyanobacteria; c__Sericytochromatia; o__Sericytochromatia; f__Sericytochromatia; g__Sericytochromatia; s__metagenome	0.767519003920954
2a16504a4883f92708dd0f5d147ef7a7	d__Bacteria; p__Myxococcota; c__Polyangia; o__Polyangiales; f__Polyangiaceae; g__uncultured; s__uncultured_bacterium	0.8147347036210991
ba266eaa60a92bf329c603b7f04d0064	d__Bacteria; p__Actinobacteriota; c__Actinobacteria; o__Micrococcales; f__Promicromonosporaceae	0.9854133431601819
9e4f1a621ea986add650d548666be2e9	d__Bacteria; p__Proteobacteria; c__Alphaproteobacteria; o__uncultured; f__uncultured; g__uncultured; s__uncultured_bacterium	0.8360075584562296
c52249d23a351fcd3dc0e576174641c0	d__Bacteria; p__Firmicutes; c__Clostridia; o__Lachnospirales; f__Lachnospiraceae	0.9996747467571574
7296ad49d959f3def17035e28ee92a18	d__Bacteria; p__Actinobacteriota; c__Actinobacteria; o__Streptosporangiales; f__Nocardiopsaceae; g__Streptomonospora; s__Streptomonospora_sp.	0.764647664763795
89ed86e617f64341d6d97c410fb0b446	d__Bacteria; p__Proteobacteria; c__Gammaproteobacteria; o__Cellvibrionales; f__Microbulbiferaceae; g__Microbulbifer	0.999996948626135
c0a0f7342a7aa54f3d91cbcccc1507b6	d__Bacteria; p__Bacteroidota; c__Bacteroidia; o__Bacteroidales; f__Tannerellaceae; g__Parabacteroides; s__human_gut	0.7741520161947096
c9cf784e165e342cdf39505a8ca801d7	d__Bacteria; p__Proteobacteria; c__Alphaproteobacteria; o__Acetobacterales; f__Acetobacteraceae; g__Roseomonas; s__Roseomonas_oryzae	0.8945345483532477
8df4e45100e8ccb230c06fa97939f802	d__Bacteria; p__Planctomycetota; c__Planctomycetes; o__Pirellulales; f__Pirellulaceae; g__Roseimaritima	0.9051308830521785
e892b574724a4a2c6e6ce4ccdf043a6b	d__Bacteria; p__Proteobacteria; c__Alphaproteobacteria; o__Ferrovibrionales; f__Ferrovibrionaceae; g__Ferrovibrio; s__uncultured_bacterium	0.9986069092234007
6c52f6f22f110da2b24bcf0ec0e9b5a9	d__Bacteria; p__Actinobacteriota; c__Actinobacteria; o__Streptomycetales; f__Streptomycetaceae; g__Streptomyces	0.9879139832643151
9554f67d6231799137345b5dfd666ae9	d__Bacteria; p__Proteobacteria; c__Gammaproteobacteria; o__Steroidobacterales; f__Steroidobacteraceae; g__Steroidobacter	0.994995456979555
973f9019dc1fb1e73ea8bc437356e98d	d__Bacteria; p__Actinobacteriota; c__Actinobacteria; o__Streptosporangiales; f__Streptosporangiaceae; g__Planomonospora; s__Planomonospora_alba	0.7110843497292401
4060b7b915760eabe99c3a67e9c1b2c9	d__Bacteria; p__Proteobacteria; c__Alphaproteobacteria; o__uncultured; f__uncultured; g__uncultured; s__uncultured_Rhodospirillaceae	0.9473175489353257
74271e8769762b04c1b9b39494791df9	d__Bacteria; p__Myxococcota; c__Polyangia; o__Polyangiales; f__BIrii41; g__BIrii41	0.9999996737145657
20d088ff873f19873fedb389669042ce	d__Bacteria; p__Firmicutes; c__Clostridia; o__Lachnospirales; f__Lachnospiraceae	0.9539910579265904
210de7f14d631f9b3acea239b6e9cd3d	d__Bacteria; p__Firmicutes; c__Clostridia; o__Lachnospirales; f__Lachnospiraceae; g__Coprococcus	0.9685461534742769
64178aeb8e9d2e6f92b2c00c1c3d6234	d__Bacteria; p__Proteobacteria; c__Alphaproteobacteria; o__Kiloniellales; f__Kiloniellaceae; g__Pelagibius	0.9999935039451492
cd87c528d0398639b2256b886436d0a8	d__Bacteria; p__Firmicutes; c__Clostridia; o__Oscillospirales; f__Ruminococcaceae; g__uncultured	0.7835291662439745
03702ed7e62c8f6a18eafd97088f5944	d__Bacteria; p__Bacteroidota; c__Bacteroidia; o__Flavobacteriales; f__Flavobacteriaceae; g__Galbibacter	0.9999601373210829
6e52a2f61a60b5a5e2039711f36352a7	d__Bacteria; p__Firmicutes; c__Clostridia; o__Lachnospirales; f__Lachnospiraceae; g__Roseburia; s__gut_metagenome	0.7605318560426237
8bb8069608789ac9b15ebdd45f508552	d__Bacteria; p__Proteobacteria; c__Alphaproteobacteria; o__Rhizobiales; f__Devosiaceae; g__Devosia	0.9348956734520253
735e234b0441c18d8419b24d4f470448	d__Bacteria; p__Firmicutes; c__Negativicutes; o__Veillonellales-Selenomonadales; f__Veillonellaceae; g__Veillonella	0.9999841594244044
60203d69fe7aad0d4d77b11dbb669a19	d__Bacteria; p__Firmicutes; c__Clostridia; o__Lachnospirales; f__Lachnospiraceae	0.9999974870825489
238ca26014af4c74992d2273c3fe4ae8	d__Bacteria; p__Firmicutes	0.9999592011351729
980172d3ea29f24668f04ba7ad7b2597	d__Bacteria; p__Planctomycetota; c__Planctomycetes; o__Planctomycetales; f__uncultured; g__uncultured; s__uncultured_planctomycete	0.8163354671401213
706be8d7cd0548e5357ccf6fc8e42c4f	d__Bacteria; p__Bacteroidota; c__Bacteroidia; o__Bacteroidales; f__Prevotellaceae; g__Prevotella; s__Prevotella_corporis	0.999999028665161
f7e51aca1cffe4b039dccc8934373a20	d__Bacteria; p__Firmicutes; c__Clostridia; o__Lachnospirales; f__Lachnospiraceae; g__Anaerostipes; s__uncultured_bacterium	0.9601741287709538
f71e6a1940e32f32d8e91f6e989afd35	d__Bacteria; p__Cyanobacteria; c__Vampirivibrionia; o__Gastranaerophilales; f__Gastranaerophilales; g__Gastranaerophilales; s__uncultured_bacterium	0.7142621840271088
5104eaab00e18e9b1a835c87e115c00c	d__Bacteria; p__Bacteroidota; c__Bacteroidia; o__Sphingobacteriales; f__Sphingobacteriaceae; g__Sphingobacterium	0.9999940346870493
ffe364dad4a291bd23f16bc9904e45be	d__Bacteria; p__Firmicutes; c__Clostridia; o__Christensenellales; f__Christensenellaceae; g__Christensenellaceae_R-7_group; s__uncultured_bacterium	0.7633944012651083
b8a1a40f5e4476dbc3f0c36f4d5c9bf9	d__Bacteria; p__Firmicutes; c__Clostridia; o__Oscillospirales; f__Ruminococcaceae	0.8663067948874623
a4df1bd70c4c50cce07c412735e97a15	d__Bacteria; p__Proteobacteria; c__Alphaproteobacteria; o__Rhizobiales; f__Rhizobiaceae	0.999997193416432
8f3da6ab30262417eba30eb32fb47a45	d__Bacteria; p__Firmicutes; c__Clostridia; o__Lachnospirales; f__Lachnospiraceae	0.9928357697850514
a2004b401c12a46bcc5b8e67674e2fc7	d__Bacteria; p__Proteobacteria; c__Gammaproteobacteria; o__Pseudomonadales; f__Moraxellaceae; g__Acinetobacter	0.9984563565811693
41938bfadd7390e1b25505321ce4197d	d__Bacteria; p__Firmicutes; c__Bacilli; o__Bacillales; f__Bacillaceae; g__Pseudogracilibacillus	0.9815974303020814
f81daf441dea277b227c0f83a4a2554c	d__Bacteria; p__Proteobacteria; c__Gammaproteobacteria; o__Pseudomonadales; f__Moraxellaceae; g__Acinetobacter	0.8982189897227961
11f811fe02bac20ee847a9cc1d9d3743	d__Bacteria; p__Firmicutes; c__Clostridia; o__Lachnospirales; f__Lachnospiraceae	0.9999048683917751
77e5479366be550f7d71e6cbbc92996a	d__Bacteria; p__Fusobacteriota; c__Fusobacteriia; o__Fusobacteriales; f__Fusobacteriaceae; g__Fusobacterium	0.9999999999634571
1c115c6af2e0f910f2c98349ffeff3bc	d__Bacteria; p__Bacteroidota; c__Bacteroidia; o__Chitinophagales; f__Chitinophagaceae; g__Taibaiella; s__uncultured_bacterium	0.9357970732789503
63c5fc2ffff9aa25b5d0b0a2c64b8e54	d__Bacteria; p__Firmicutes; c__Clostridia; o__Oscillospirales; f__UCG-011; g__UCG-011; s__uncultured_bacterium	0.7031011574213462
fb07882973e7585f442c65f43e6ebf01	d__Bacteria; p__Bacteroidota; c__Bacteroidia; o__Flavobacteriales; f__Crocinitomicaceae; g__Fluviicola; s__uncultured_Flexibacter	0.9647415648937153
214cb9f3a583fd53504b19ecdffdd2bb	d__Bacteria; p__Firmicutes; c__Clostridia; o__Oscillospirales; f__UCG-010; g__UCG-010; s__unidentified	0.999200852212295
c010de9dd5ec0430adef7ca493110a8e	d__Bacteria; p__Actinobacteriota; c__Coriobacteriia; o__Coriobacteriales; f__Coriobacteriales_Incertae_Sedis; g__uncultured; s__uncultured_bacterium	0.9999596230937078
df20a6d9bd8057ebd99526fbb512ff6e	d__Bacteria; p__Firmicutes; c__Clostridia; o__Lachnospirales; f__Lachnospiraceae	0.9483424304905862
44f008b8a341a2529ef46656f5199444	d__Bacteria; p__Bacteroidota; c__Bacteroidia; o__Bacteroidales; f__Marinifilaceae; g__Odoribacter; s__Odoribacter_splanchnicus	0.9779684198893861
08624aa1e39e406f117f77c3b35cbc90	d__Bacteria; p__Proteobacteria; c__Alphaproteobacteria; o__Rhizobiales; f__Xanthobacteraceae; g__Pseudolabrys	0.9664139132057624
f04f96daff445df942d6f6536ca0e1c9	d__Bacteria; p__Bacteroidota; c__Bacteroidia; o__Flavobacteriales; f__Flavobacteriaceae; g__Flavobacterium	0.9999945830391643
830a73af14087e8d90d8b91ee7a6b1e2	d__Bacteria; p__Proteobacteria; c__Alphaproteobacteria; o__Rhizobiales; f__Devosiaceae; g__Devosia	0.9914565834856337
a6b239974b3fb1bd45ece957228c6d35	d__Bacteria; p__Firmicutes; c__Clostridia; o__Lachnospirales; f__Lachnospiraceae	0.9916669101385392
2721c5bca918e68e6159e09948558672	d__Bacteria; p__Actinobacteriota; c__Thermoleophilia; o__Solirubrobacterales; f__67-14; g__67-14; s__uncultured_bacterium	0.9799454708261754
11d45f5fc3094ebdc5d1b920e1fd0156	d__Bacteria; p__Actinobacteriota; c__Actinobacteria; o__Frankiales; f__Geodermatophilaceae	0.9973649904741206
62fc0c4861e50547a5969a43f7e0a6bd	d__Bacteria; p__Verrucomicrobiota; c__Verrucomicrobiae; o__Chthoniobacterales; f__Chthoniobacteraceae; g__Chthoniobacter; s__bacterium_Ellin506	0.9998526381202756
e88023d906eb7d32e29bef29e7a0cd27	d__Bacteria; p__Bacteroidota; c__Bacteroidia; o__Bacteroidales; f__Tannerellaceae; g__Parabacteroides	0.9999932383200187
a82251d1f87719693c1c6bd0fa167269	d__Bacteria; p__Bacteroidota; c__Bacteroidia; o__Chitinophagales; f__Chitinophagaceae; g__Segetibacter; s__uncultured_bacterium	0.9927617129783438
61f707704d84dd6840ab4b0acf1b7fee	d__Bacteria; p__Firmicutes; c__Clostridia; o__Lachnospirales; f__Lachnospiraceae	0.9941234575977319
46a2b5e5976e7837780b31df0e936df3	d__Bacteria; p__Firmicutes; c__Clostridia; o__Oscillospirales; f__Ruminococcaceae; g__Ruminococcus; s__uncultured_bacterium	0.8926985467628952
a3555d29c66f2e92e429861eed4beabf	d__Bacteria; p__Firmicutes; c__Clostridia; o__Peptostreptococcales-Tissierellales; f__Anaerovoracaceae; g__[Eubacterium]_nodatum_group; s__Eubacterium_sulci	0.7162324297441655
c2eabefb73abe6ed858c50fd880bfe0d	d__Bacteria; p__Firmicutes; c__Clostridia; o__Lachnospirales; f__Lachnospiraceae	0.8479362690623848
4cb51a94f906396cbb4c9b097446b916	d__Bacteria; p__Actinobacteriota; c__Thermoleophilia; o__Gaiellales; f__uncultured; g__uncultured; s__uncultured_bacterium	0.8205106823031748
6d3b694d741b89595f053d96bb350ef6	d__Bacteria; p__Actinobacteriota; c__Thermoleophilia; o__Solirubrobacterales; f__67-14; g__67-14; s__uncultured_actinobacterium	0.7474677986164191
e783488708509f26ddc8c0f8bc697020	d__Bacteria; p__Actinobacteriota; c__Actinobacteria; o__Micrococcales; f__Micrococcaceae; g__Kocuria	0.9915293136974982
8b30bda87414dc2b11195aa8e3d1ceaa	d__Bacteria; p__Acidobacteriota; c__Acidobacteriae; o__Solibacterales; f__Solibacteraceae; g__Candidatus_Solibacter	0.9965508750533786
1b106546e5b8feb78315e4c8351b397f	d__Bacteria	0.9999999999815974
b03c8a75a4b102e7e4e1a463f1f71625	d__Bacteria; p__Acidobacteriota; c__Acidobacteriae; o__Bryobacterales; f__Bryobacteraceae; g__Bryobacter	0.9975231633151088
a118325bd0586d54dc794ee3a406e4bb	d__Bacteria; p__Firmicutes; c__Clostridia; o__Peptostreptococcales-Tissierellales; f__Peptostreptococcales-Tissierellales; g__Gallicola; s__uncultured_bacterium	0.990587943500033
376a77d4ad0eaf1fabdccee2214f91bd	d__Bacteria; p__Firmicutes; c__Clostridia; o__Oscillospirales; f__Ruminococcaceae; g__Paludicola; s__uncultured_bacterium	0.8379840018710666
7ec6654b7b165aaeb79a72170d912994	d__Bacteria; p__Firmicutes; c__Clostridia	0.9999996970171556
210ee66bdc1f4573e9bdaf358b8d287b	d__Bacteria; p__Firmicutes; c__Clostridia; o__Clostridia_vadinBB60_group; f__Clostridia_vadinBB60_group; g__Clostridia_vadinBB60_group; s__metagenome	0.8260547460206533
57cd346c5ddc03fb0853f15e6a8152ef	d__Bacteria; p__Firmicutes; c__Clostridia; o__Lachnospirales; f__Lachnospiraceae; g__Lachnospiraceae_UCG-008; s__uncultured_bacterium	0.813087541428787
9b5eaa227bbc359b4db411960bcd634d	d__Bacteria; p__Firmicutes; c__Clostridia; o__Lachnospirales; f__Lachnospiraceae; g__Lachnospiraceae_UCG-008; s__uncultured_bacterium	0.8675420668349106
bdcc8ad747566048e71a0e957bce98b6	d__Bacteria; p__Firmicutes; c__Clostridia; o__Lachnospirales; f__Lachnospiraceae; g__Lachnospiraceae_UCG-004; s__uncultured_bacterium	0.979749785978105
ba2f9aa26eff4735b79511bb56119514	d__Bacteria	0.9999999998221247
cec753b351e2ae14c37688224eb678fb	d__Bacteria; p__Firmicutes; c__Clostridia; o__Peptostreptococcales-Tissierellales; f__Peptostreptococcales-Tissierellales; g__Parvimonas	0.999999987649242
7c40745009e729d5055909db5e2aa048	d__Bacteria; p__Bacteroidota; c__Bacteroidia; o__Bacteroidales; f__Prevotellaceae; g__Alloprevotella; s__gut_metagenome	0.9885785169693975
89b172e8af39c65fb75bc5d26211ab1f	d__Bacteria; p__Firmicutes; c__Clostridia; o__Monoglobales; f__Monoglobaceae; g__Monoglobus	0.8158950029386995
086a4837256ff9336fd526c4bad95a95	d__Bacteria; p__Firmicutes; c__Clostridia; o__Christensenellales; f__Christensenellaceae; g__Christensenella; s__Christensenella_minuta	0.9766359066338899
f038fec7d22d3ff65fceadbb59655100	d__Bacteria; p__Bacteroidota; c__Bacteroidia; o__Chitinophagales; f__uncultured; g__uncultured; s__uncultured_Cytophagales	0.9999994204541142
322079d77d47877d5df9dc1689e3e678	d__Bacteria; p__Firmicutes; c__Clostridia; o__Lachnospirales; f__Lachnospiraceae; g__Lachnospiraceae_UCG-008; s__uncultured_bacterium	0.7526929128834292
18bdc92a12512c2427268933d7f9b408	d__Bacteria; p__Firmicutes; c__Clostridia; o__Lachnospirales; f__Lachnospiraceae	0.9909064852518126
2309c8c5ab16d4a2fe2431b556a52e33	d__Bacteria; p__Proteobacteria; c__Alphaproteobacteria; o__Rickettsiales; f__Rickettsiaceae; g__Candidatus_Megaira	0.8225352374913809
4aa4731a5c5f6f78741b5c8d38eae434	d__Bacteria; p__Proteobacteria; c__Alphaproteobacteria; o__Caulobacterales; f__Caulobacteraceae; g__Caulobacter	0.9847504898875585
10920c846e81289892e82a3c452c269d	d__Bacteria; p__Bacteroidota; c__Bacteroidia; o__Sphingobacteriales; f__NS11-12_marine_group; g__NS11-12_marine_group; s__uncultured_Flexibacteraceae	0.9969985322522944
6e49f53567bb7c33c230eaadd6023b7e	d__Bacteria; p__Cyanobacteria; c__Cyanobacteriia; o__Chloroplast; f__Chloroplast; g__Chloroplast; s__Marvania_geminata	0.807974897658919
91c5237f260d97c373bbfab60e0b2ade	d__Bacteria; p__Firmicutes; c__Bacilli; o__Staphylococcales; f__Gemellaceae; g__Gemella	0.9991958675843344
75a66530e24b792b420dad0fc60ef9b6	d__Bacteria; p__Firmicutes; c__Clostridia; o__Lachnospirales; f__Lachnospiraceae; g__Blautia	0.9749850772418818
22644052182c99fdc8d8c806224169fe	d__Bacteria; p__Firmicutes; c__Clostridia; o__Lachnospirales; f__Lachnospiraceae	0.9980721535511288
64f872c45bd40c638b5aa0d69603cc4d	d__Bacteria; p__Firmicutes; c__Clostridia; o__Lachnospirales; f__Lachnospiraceae; g__Blautia	0.9729262310473151
97589676fc6b149b65b681c1394525e9	d__Bacteria; p__Firmicutes; c__Clostridia; o__Clostridia_UCG-014; f__Clostridia_UCG-014; g__Clostridia_UCG-014	0.9999999989787813
49120cc360923f9f8a7acfeec57bb6a8	d__Bacteria; p__Firmicutes; c__Clostridia; o__Christensenellales; f__Christensenellaceae; g__Christensenellaceae_R-7_group; s__uncultured_organism	0.8549068398822758
5a1dbb605b31c32838049632cd61444f	d__Bacteria; p__Firmicutes; c__Clostridia; o__Lachnospirales; f__Lachnospiraceae	0.9076602230771245
2ff6f9c8a6602eb82d632ebb4f489e88	d__Bacteria; p__Firmicutes; c__Clostridia; o__Lachnospirales; f__Lachnospiraceae	0.996713128182454
f4f9e61a9c506789b44c0e786a369dd0	d__Bacteria; p__Firmicutes; c__Clostridia; o__Oscillospirales; f__[Eubacterium]_coprostanoligenes_group; g__[Eubacterium]_coprostanoligenes_group; s__gut_metagenome	0.9723295736563784
be8ff9c204b577e031fe1def9561e198	d__Bacteria; p__Firmicutes; c__Clostridia	0.902550623992425
009246f843a6dd1eef02f6b2f38bf141	d__Bacteria; p__Bacteroidota; c__Bacteroidia; o__Bacteroidales; f__Rikenellaceae; g__Alistipes	0.9985747751626297
3148783ed3c53228784a6983191b33b7	d__Bacteria; p__Cyanobacteria; c__Vampirivibrionia; o__Gastranaerophilales; f__Gastranaerophilales; g__Gastranaerophilales; s__uncultured_bacterium	0.9763769183260826
6e683e967eebf401de9a851d25d5b8f3	d__Bacteria; p__Firmicutes; c__Clostridia; o__Christensenellales; f__Christensenellaceae; g__Christensenellaceae_R-7_group; s__uncultured_Clostridia	0.9871808579181922
9e09bedd6753a273d67a4d119c7372c7	d__Bacteria; p__Firmicutes; c__Clostridia; o__Lachnospirales; f__Lachnospiraceae; g__Oribacterium	0.999971090885415
dd2ba67c23fd04cc3ca23592b3296f18	d__Bacteria; p__Firmicutes; c__Clostridia; o__Lachnospirales; f__Lachnospiraceae; g__Roseburia	0.9637116455590569
4853ebc5a19c0933c6bdf5a8386fc5a9	d__Bacteria; p__Firmicutes; c__Clostridia; o__Oscillospirales; f__Oscillospiraceae; g__Intestinimonas	0.782990902063735
6e89ad45289b0410bde7c673d99f62ba	d__Bacteria; p__Bacteroidota; c__Bacteroidia; o__Bacteroidales	0.9990340083921985
ec147ef789b3e50fb707e90181a310bd	d__Bacteria; p__Firmicutes; c__Clostridia	0.7307738650443311
60fbdc9e1c50f49cd65a6cb879a1df22	d__Bacteria; p__Firmicutes; c__Clostridia; o__Christensenellales; f__Christensenellaceae; g__Christensenellaceae_R-7_group	0.9983824855053964
00f25287246a7afdbd8fdf8cfbacfb4e	d__Bacteria; p__Firmicutes; c__Clostridia; o__Eubacteriales; f__Anaerofustaceae; g__Anaerofustis; s__uncultured_bacterium	0.9972676074822995
ba7a2ee172dfbd8625d314d6737374f6	d__Bacteria; p__Firmicutes; c__Clostridia; o__Lachnospirales; f__Lachnospiraceae; g__Coprococcus; s__Lachnospiraceae_bacterium	0.7216442697351939
18a0a581db3bb4ebb0b0cd63cad9b731	d__Bacteria; p__Firmicutes; c__Clostridia; o__Christensenellales; f__Christensenellaceae; g__Christensenellaceae_R-7_group	0.9521510528497804
4b262b04240cf9c339c5fdd8fb0bff72	d__Bacteria; p__Firmicutes; c__Clostridia; o__Lachnospirales; f__Lachnospiraceae; g__[Eubacterium]_oxidoreducens_group; s__uncultured_bacterium	0.7655359764369741
74fc5efeb4b65ab769e7a99d184dff55	d__Bacteria; p__Proteobacteria; c__Gammaproteobacteria; o__Pseudomonadales; f__Moraxellaceae; g__Acinetobacter	0.9999985645827871
a41815efb8915d8812847b0b822cd2ce	d__Bacteria; p__Bacteroidota; c__Bacteroidia; o__Sphingobacteriales; f__Sphingobacteriaceae; g__Pedobacter; s__Pedobacter_composti	0.8260596233115179
a2850317dca9c596102c2ca550cdd99b	d__Bacteria; p__Planctomycetota; c__Planctomycetes; o__Pirellulales; f__Pirellulaceae; g__Pirellula; s__bacterium_enrichment	0.999967383890213
1f07f9c177b4ee6caec4f75dcb0dcfab	d__Bacteria; p__Firmicutes; c__Clostridia; o__Lachnospirales; f__Lachnospiraceae; g__Blautia	0.8699512898646099
2cbbbdf3015d3db97a0b2d40edeaf354	d__Bacteria; p__Firmicutes; c__Clostridia; o__Oscillospirales; f__Oscillospiraceae; g__Oscillibacter	0.9999998698543159
42a4ec87d400aceedb3ed2e0db94a1c8	d__Bacteria; p__Firmicutes; c__Clostridia; o__Oscillospirales; f__Ruminococcaceae; g__uncultured; s__uncultured_bacterium	0.7127568261992913
24383444f2fdba99cf3e5cf63114867b	d__Bacteria; p__Firmicutes; c__Clostridia; o__Lachnospirales; f__Lachnospiraceae	0.9999895233770042
0c187e2cd6408a80ff3a3952b73a2e93	d__Bacteria; p__Firmicutes; c__Clostridia	0.9999463842519294
9659a874e9e255d9633db192f74233f2	d__Bacteria; p__Firmicutes; c__Clostridia; o__Lachnospirales; f__Lachnospiraceae; g__Blautia	0.7679992969292947
10f6fc2e6d37be143354cb0cef568928	d__Bacteria; p__Firmicutes; c__Clostridia; o__Lachnospirales; f__Lachnospiraceae; g__Lachnospiraceae_NC2004_group; s__uncultured_bacterium	0.751441121028172
759ee0629877d587394f837452fb7217	d__Bacteria; p__Firmicutes; c__Clostridia; o__Lachnospirales; f__Lachnospiraceae; g__[Eubacterium]_oxidoreducens_group; s__uncultured_bacterium	0.8330493610368428
ea9189da21aa62885c1d3b1580eccc6b	d__Bacteria; p__Firmicutes; c__Clostridia; o__Lachnospirales; f__Lachnospiraceae; g__Lachnospiraceae_UCG-008; s__uncultured_bacterium	0.869375381607092
f07b6b7f8d1fdc665357c2ad9f9c2739	d__Bacteria; p__Firmicutes; c__Clostridia; o__Oscillospirales; f__Oscillospiraceae	0.9056617149729382
ce84c7f16ef1b3a5a1aaf74a845d50c7	d__Bacteria; p__Firmicutes; c__Clostridia; o__Lachnospirales; f__Lachnospiraceae	0.9963208472142809
71eda0ec02cb40e20081e294229e4836	d__Bacteria; p__Firmicutes; c__Clostridia; o__Oscillospirales; f__Ruminococcaceae; g__Faecalibacterium	0.8182549147413093
38f59498aaa6b7cbf9a860a60c30e81f	d__Bacteria; p__Firmicutes; c__Clostridia; o__Clostridia_vadinBB60_group; f__Clostridia_vadinBB60_group; g__Clostridia_vadinBB60_group; s__uncultured_organism	0.9431907069556625
5794331f9c32c73debd319e2599236dd	d__Bacteria; p__Firmicutes; c__Clostridia; o__Lachnospirales; f__Lachnospiraceae; g__Lachnospiraceae_UCG-008; s__uncultured_bacterium	0.8190848506397647
34f83b9a2fd21a231c440d4ad26e2c69	d__Bacteria; p__Firmicutes; c__Clostridia; o__Peptostreptococcales-Tissierellales; f__Peptostreptococcales-Tissierellales; g__Anaerococcus	0.9999999999997526
c9a95908c8c0c8e36bdcaa061673323d	d__Bacteria; p__Firmicutes; c__Clostridia; o__Lachnospirales; f__Lachnospiraceae	0.9999882960596833
443b1517c21284f51bfeed2932a7703c	d__Bacteria; p__Firmicutes; c__Clostridia; o__Lachnospirales; f__Lachnospiraceae	0.8922827543943761
e48ad4fdcc775317801d0069e95a4721	d__Bacteria; p__Firmicutes; c__Clostridia; o__Lachnospirales; f__Lachnospiraceae	0.9983479321342857
0c94cf2e73a7df9f8a7487051f5f8941	d__Bacteria; p__Firmicutes; c__Clostridia; o__Lachnospirales; f__Lachnospiraceae	0.9999136682602843
38a9c353c02db6090da5a667b3b551a9	d__Bacteria; p__Firmicutes; c__Negativicutes; o__Veillonellales-Selenomonadales; f__Veillonellaceae; g__Dialister; s__uncultured_bacterium	0.9875508651273452
98359f45f771de49fda3bc4a3e4de116	d__Bacteria; p__Firmicutes; c__Clostridia; o__Lachnospirales; f__Lachnospiraceae; g__Lachnospiraceae_UCG-004; s__uncultured_Bacteroidetes	0.9906705588361056
cbd4850de60bedf89597c246de09aa44	d__Bacteria; p__Bacteroidota; c__Bacteroidia; o__Bacteroidales; f__Bacteroidaceae; g__Bacteroides	0.9991162197702551
fba61b4c913a326d69cc46716cfe0738	d__Bacteria; p__Firmicutes; c__Clostridia; o__Lachnospirales; f__Lachnospiraceae	0.9999138204962016
b3a78d71543e4c142d9e2565f363ff09	d__Bacteria; p__Firmicutes; c__Clostridia; o__Lachnospirales; f__Lachnospiraceae; g__[Eubacterium]_hallii_group	0.7614696178213147
84be79831fddfb84848ea80dbb9bf577	d__Bacteria; p__Firmicutes; c__Clostridia; o__Lachnospirales; f__Lachnospiraceae	0.9999908667766164
d2752ca6001729ac718843d0fb33c1c1	d__Bacteria; p__Bacteroidota; c__Bacteroidia; o__Sphingobacteriales; f__NS11-12_marine_group; g__NS11-12_marine_group; s__uncultured_Flexibacteraceae	0.9921789388767769
59ad63504683ae4196082ca067649421	d__Bacteria; p__Cyanobacteria; c__Cyanobacteriia; o__Chloroplast; f__Chloroplast; g__Chloroplast; s__Closteriopsis_acicularis	0.7071681201278102
0793e542551a13bcd64c9e2dcd9a049d	d__Bacteria; p__Proteobacteria; c__Gammaproteobacteria; o__Burkholderiales; f__Methylophilaceae; g__uncultured	0.9818184221146331
79b4868c976fba30110830c416b99b9e	d__Bacteria; p__Firmicutes; c__Clostridia; o__Lachnospirales; f__Lachnospiraceae	0.9570256141900119
c42fba4e3b7665d14a0840df3800e488	d__Bacteria; p__Firmicutes; c__Clostridia; o__Oscillospirales; f__Ruminococcaceae; g__Incertae_Sedis; s__[Clostridium]_leptum	0.997643905738605
6c0fe67d13e2ac195846c59445d19058	d__Bacteria; p__Bacteroidota; c__Bacteroidia; o__Sphingobacteriales; f__env.OPS_17; g__env.OPS_17; s__uncultured_bacterium	0.8624242143667151
6087d7ac3031c161708c7e693ecc4983	d__Bacteria; p__Firmicutes; c__Clostridia; o__Oscillospirales; f__Oscillospiraceae	0.9999998419711081
702b15e72e8387b080941cb1c5282a78	d__Bacteria; p__Proteobacteria; c__Alphaproteobacteria; o__Sphingomonadales; f__Sphingomonadaceae; g__Sphingomonas	0.9440814293241635
39873723c1d01636aca31e9df29c5e9f	d__Bacteria; p__Firmicutes; c__Clostridia; o__Lachnospirales; f__Lachnospiraceae; g__Lachnospiraceae_NC2004_group; s__uncultured_bacterium	0.8517807342376859
5e0b350b01491536030dcad87d8c0af7	d__Bacteria; p__Firmicutes; c__Clostridia	0.9952014016974652
2d8d44333928967b56480af37fe67ee7	d__Bacteria; p__Verrucomicrobiota; c__Verrucomicrobiae; o__uncultured; f__uncultured; g__uncultured	0.9999285842958466
86cc95dff1de29e936f7a751d06165f3	d__Bacteria; p__Firmicutes; c__Clostridia; o__Lachnospirales; f__Defluviitaleaceae; g__Defluviitaleaceae_UCG-011; s__uncultured_bacterium	0.9998680351730478
494a7b1f9e5f16c2b7fad77d06719d58	d__Bacteria; p__Firmicutes; c__Bacilli; o__Erysipelotrichales; f__Erysipelotrichaceae	0.9999981653653596
2f6c505a5449917f4751ec4f49ffe3dd	d__Bacteria; p__Firmicutes; c__Clostridia; o__Oscillospirales	0.9999014632511407
46292f652f76f0ff7362597d6d1414d1	d__Bacteria; p__Bacteroidota; c__Bacteroidia; o__Bacteroidales; f__Bacteroidaceae; g__Bacteroides; s__Bacteroides_caccae	0.854931488115452
36f1172c7b1b6b27a41c8ed1cd860804	d__Bacteria; p__Bacteroidota; c__Bacteroidia; o__Sphingobacteriales; f__Sphingobacteriaceae; g__Pedobacter	0.9988080289276411
77f7c9d7bdad5e18d0985a6a35cf45ca	d__Bacteria; p__Firmicutes; c__Clostridia; o__Lachnospirales; f__Lachnospiraceae; g__Lachnospira	0.9028176743379397
12f08aeedbeed2467cb49d517b969a9a	d__Bacteria; p__Firmicutes; c__Clostridia; o__Peptococcales; f__Peptococcaceae; g__uncultured; s__uncultured_rumen	0.937665371797377
1e023d3dd8dbb03d8706c7b3742ee10c	d__Bacteria; p__Firmicutes; c__Clostridia	0.9995843188322668
a102d2687ac48452d9f0ea71a31ce919	d__Bacteria; p__Bacteroidota; c__Bacteroidia; o__Bacteroidales; f__Porphyromonadaceae; g__Porphyromonas	0.9999999999961602
cdecb5d4f47fc883ec77c6a4f84af42f	d__Bacteria; p__Firmicutes; c__Clostridia; o__Peptostreptococcales-Tissierellales; f__Peptostreptococcales-Tissierellales; g__Fenollaria	0.9999999999273014
0cb42270847250abbc0e8382ab39d75c	d__Bacteria; p__Firmicutes; c__Clostridia; o__Lachnospirales; f__Lachnospiraceae; g__Lachnospiraceae_NC2004_group; s__uncultured_bacterium	0.8950512709800788
c7071100c33cc7750c9a032409fee113	d__Bacteria; p__Firmicutes; c__Clostridia; o__Clostridia_vadinBB60_group; f__Clostridia_vadinBB60_group; g__Clostridia_vadinBB60_group; s__gut_metagenome	0.9920133023192478
303b912bb0c2eb5dee7e35bcdf8ed5a7	d__Bacteria; p__Actinobacteriota; c__Actinobacteria; o__Bifidobacteriales; f__Bifidobacteriaceae; g__Bifidobacterium	0.9484206585990803
795997f9bc8228dd30333a5077e806d2	d__Bacteria; p__Firmicutes; c__Clostridia; o__Christensenellales; f__Christensenellaceae; g__Christensenellaceae_R-7_group; s__uncultured_marine	0.9999634630211965
e4963173362954536a61f09a81c19c62	d__Bacteria; p__Firmicutes; c__Bacilli; o__Lactobacillales; f__Leuconostocaceae; g__Leuconostoc	0.9999999537531984
bc86f9b1ed27aeb9b21b4c69239dcce3	d__Bacteria; p__Myxococcota; c__bacteriap25; o__bacteriap25; f__bacteriap25; g__bacteriap25	0.9999477312874457
e133f7f05b78d93d7a50a40dddf0ead8	d__Bacteria; p__Bacteroidota; c__Bacteroidia; o__Bacteroidales; f__Barnesiellaceae; g__Barnesiella	0.9998393385741549
aef6aac13dff06f4f5647c11e04ff7b6	d__Bacteria	0.999996297907521
b23f9a23f8b877dc10c2f00054066ed7	d__Bacteria; p__Firmicutes; c__Clostridia; o__Peptostreptococcales-Tissierellales; f__Anaerovoracaceae; g__[Eubacterium]_nodatum_group; s__Eubacterium_sp.	0.9995290427436991
25653ed30d8a99d15a14b76daa184e59	d__Bacteria; p__Firmicutes; c__Clostridia; o__Oscillospirales; f__Oscillospiraceae; g__UCG-002; s__uncultured_bacterium	0.9697414157324883
5f1451161cdb1c15352d015a7bb852da	d__Bacteria; p__Firmicutes; c__Clostridia; o__Lachnospirales; f__Lachnospiraceae	0.990352264083974
c9d5fdf491032c09f79739ddb9bac080	d__Bacteria; p__Firmicutes; c__Clostridia; o__Peptococcales; f__Peptococcaceae; g__uncultured	0.7402861951987747
93f387cb63b8fc98c72965964d8cd9ea	d__Bacteria; p__Firmicutes; c__Clostridia; o__Peptostreptococcales-Tissierellales; f__Peptostreptococcales-Tissierellales; g__Ezakiella; s__[Bacteroides]_coagulans	0.7761110546896414
b119d7b7a53d6adc70e321f82a75c390	d__Bacteria; p__Bacteroidota; c__Bacteroidia; o__Bacteroidales; f__Prevotellaceae; g__Alloprevotella; s__Prevotellaceae_bacterium	0.9038302155279934
66435ecba698bfabc076734eda86b16a	d__Bacteria; p__Firmicutes; c__Clostridia; o__Lachnospirales; f__Lachnospiraceae	0.9995082125224464
f5b6ac46e37de363cb0858c4ecc6bb7a	d__Bacteria	0.9999999999535658
3c8ccc930b75fca78c56e0f05dabd3c9	d__Bacteria; p__Firmicutes; c__Bacilli; o__Paenibacillales; f__Paenibacillaceae; g__Paenibacillus	0.8837881427387658
b0e58db2f97e1c971647b22575816243	d__Bacteria; p__Bacteroidota; c__Bacteroidia; o__Bacteroidales; f__Rikenellaceae; g__Alistipes; s__Alistipes_obesi	0.9999105557390986
d3a21644c7f2acdd5b98bdc40a99b297	d__Bacteria; p__Chloroflexi; c__Anaerolineae; o__Anaerolineales; f__Anaerolineaceae; g__Anaerolinea; s__uncultured_soil	0.7277898378536564
620cb0042c19d61d09af81191c9bf318	d__Bacteria; p__Bacteroidota; c__Bacteroidia; o__Chitinophagales; f__Chitinophagaceae; g__Dinghuibacter	0.9991766983879884
5de23781fe744ef1fd40e932f9f49d73	d__Bacteria; p__Firmicutes; c__Clostridia; o__Peptostreptococcales-Tissierellales; f__Peptostreptococcales-Tissierellales; g__Parvimonas	0.9999999993104858
862bcb48f3c0d80d44d1486197580d10	d__Bacteria; p__Verrucomicrobiota; c__Verrucomicrobiae; o__Verrucomicrobiales; f__Verrucomicrobiaceae; g__uncultured; s__uncultured_Verrucomicrobia	0.9688621916784188
cc4da8a00f3241f674bc0c24d3694541	d__Bacteria; p__Armatimonadota; c__Fimbriimonadia; o__Fimbriimonadales; f__Fimbriimonadaceae; g__Fimbriimonadaceae	0.9999818390301006
1fcf22f3731e95a180224ff77f3a75aa	d__Bacteria; p__Planctomycetota; c__Planctomycetes; o__Pirellulales; f__Pirellulaceae; g__Pirellula; s__bacterium_enrichment	0.9999727952703003
c7e1fa67935b39e939bc02860169f1a9	d__Bacteria; p__Firmicutes; c__Negativicutes; o__Veillonellales-Selenomonadales; f__Veillonellaceae; g__Veillonella	0.9999999383271945
1c2627086c6330d6ea7b423d6aaf061f	d__Bacteria; p__Bacteroidota; c__Bacteroidia; o__Flavobacteriales; f__Flavobacteriaceae; g__Lutibacter	0.9944405050616572
8ccc45f58364141e7523a3c055846abf	d__Bacteria; p__Bdellovibrionota; c__Oligoflexia; o__053A03-B-DI-P58; f__053A03-B-DI-P58; g__053A03-B-DI-P58; s__uncultured_bacterium	0.9999836791945301
b1762b9499cf317b160315641290adc7	d__Bacteria; p__Cyanobacteria; c__Cyanobacteriia; o__Chloroplast; f__Chloroplast; g__Chloroplast; s__Pectinodesmus_pectinatus	0.7625607785691746
0ee410ecf317cd98d3971ddd30eee061	d__Bacteria; p__Firmicutes; c__Clostridia; o__Oscillospirales; f__UCG-010; g__UCG-010; s__gut_metagenome	0.9896575924813813
64e681b62fb33f6c5d543fed0d285367	d__Bacteria; p__Firmicutes; c__Clostridia; o__Lachnospirales; f__Lachnospiraceae; g__Lachnospiraceae_UCG-004; s__uncultured_bacterium	0.9723545445312285
2d77645cee06971e54939459e15f4172	d__Bacteria; p__Firmicutes; c__Clostridia; o__Oscillospirales; f__uncultured; g__uncultured; s__uncultured_bacterium	0.8984512585501184
61bbc62312a83c89e53d6a1ad8430b34	d__Bacteria; p__Firmicutes; c__Clostridia; o__Lachnospirales; f__Lachnospiraceae; g__Lachnospiraceae_NC2004_group; s__uncultured_bacterium	0.7731781804988683
90b323a66d00df09c4ffbd7ad49d457a	d__Bacteria; p__Firmicutes; c__Clostridia	0.9999959711322388
8c64e2a3c759a1bf26868ba87ecf1f0a	d__Bacteria	0.9999999999340576
172305148256bfccd1b32efcdee3bb39	d__Bacteria; p__Firmicutes; c__Clostridia; o__Oscillospirales; f__Ruminococcaceae; g__uncultured	0.8058905082844876
0bead84406c87b6b2fcafaa61e329bfa	d__Bacteria; p__Firmicutes; c__Clostridia; o__Oscillospirales; f__Oscillospiraceae; g__UCG-002; s__Trichuris_trichiura	0.8617896702631082
c8bd8a05da8f2662709d99e149ea988d	d__Bacteria; p__Firmicutes; c__Clostridia; o__Lachnospirales; f__Lachnospiraceae	0.9998805115671248
72663c4b31d0469c49282d8815fcb8cd	d__Bacteria; p__Firmicutes; c__Clostridia; o__Christensenellales; f__Christensenellaceae; g__Christensenellaceae_R-7_group; s__uncultured_soil	0.7694777793988292
bbbce924475da62c67a5b66770ce5bb6	d__Bacteria; p__Firmicutes; c__Clostridia; o__Lachnospirales; f__Lachnospiraceae; g__[Eubacterium]_oxidoreducens_group; s__uncultured_bacterium	0.9913918391185436
c23dc9389698bd2f0b8f51e10ad6f8b8	d__Bacteria; p__Verrucomicrobiota; c__Verrucomicrobiae; o__Opitutales; f__Puniceicoccaceae	0.9968409736265061
384eb9fb157f8c8f324fa6883e854811	d__Bacteria; p__Firmicutes; c__Clostridia; o__Lachnospirales; f__Lachnospiraceae; g__[Eubacterium]_hallii_group; s__uncultured_Eubacterium	0.934575295023786
18eef008e31e0f456abd6e8c45cc9ee0	d__Bacteria; p__Firmicutes; c__Clostridia	0.9992143282287289
0bd26631b872a6c7ddf9ad9da5e8d4ae	d__Bacteria; p__Firmicutes; c__Clostridia; o__Clostridia_vadinBB60_group; f__Clostridia_vadinBB60_group; g__Clostridia_vadinBB60_group; s__uncultured_Thermoanaerobacterales	0.7978806156547098
ba69f5e7a8253b5321c6ee0e7a055421	d__Bacteria; p__Firmicutes; c__Clostridia; o__Lachnospirales; f__Lachnospiraceae; g__Lachnospiraceae_UCG-004; s__uncultured_bacterium	0.9676778347270404
e047cd19951b3af471d11fa8b1944d3d	d__Bacteria; p__Firmicutes; c__Clostridia; o__Lachnospirales; f__Lachnospiraceae; g__Lachnospiraceae_UCG-008; s__uncultured_bacterium	0.9364775401986419
b0af30ce25ec9637a38521c5fcf11737	d__Bacteria; p__Firmicutes; c__Clostridia; o__Oscillospirales; f__[Eubacterium]_coprostanoligenes_group; g__[Eubacterium]_coprostanoligenes_group	0.9743258015213002
1d816d0b1fa7aa4321221254b6742382	d__Bacteria; p__Firmicutes; c__Clostridia; o__Oscillospirales; f__Ruminococcaceae; g__uncultured	0.7669075720507773
49af23ee0d632b87a1955c2786dd7c8b	d__Bacteria; p__Firmicutes; c__Bacilli; o__Erysipelotrichales; f__Erysipelotrichaceae; g__Holdemanella; s__Holdemanella_biformis	0.9658241781622254
6e4e3f6727543dec485583035b5f4872	d__Bacteria; p__Firmicutes; c__Clostridia; o__Oscillospirales	0.9611215701637802
1763b1fa6dfa6d490947ba8fa31bbec1	d__Bacteria; p__Firmicutes; c__Bacilli; o__Erysipelotrichales; f__Erysipelotrichaceae; g__[Clostridium]_innocuum_group	0.9999960490438906
f19e2399dacfdc2fe5505980eca7b9ab	d__Bacteria; p__Firmicutes; c__Clostridia; o__Clostridia_vadinBB60_group; f__Clostridia_vadinBB60_group; g__Clostridia_vadinBB60_group; s__uncultured_bacterium	0.996564509851585
b0d75d98bd27c070442127479db307bd	d__Bacteria; p__Actinobacteriota; c__Actinobacteria; o__Actinomycetales; f__Actinomycetaceae; g__F0332; s__unidentified	0.9980816537799526
6f7242baa61545ed66d0ac0b2d89876c	d__Bacteria; p__Firmicutes; c__Clostridia; o__Lachnospirales; f__Lachnospiraceae; g__Roseburia; s__gut_metagenome	0.7999836837927294
73417260f9a855b22c3d271828d5bdca	d__Bacteria; p__Firmicutes; c__Clostridia; o__Oscillospirales; f__Oscillospiraceae; g__Intestinimonas; s__Intestinimonas_sp.	0.7274780551469356
58093c6970a108770ac2586d967a16e2	d__Bacteria; p__Firmicutes; c__Clostridia; o__Peptococcales; f__Peptococcaceae; g__Peptococcus; s__uncultured_organism	0.9999801413972682
9236b143a97bcda4c8341eac48abb676	d__Bacteria; p__Firmicutes; c__Clostridia; o__Oscillospirales; f__UCG-010; g__UCG-010; s__uncultured_bacterium	0.8312678548350433
aa3efa53f21307700ba6cfd36a2150e6	d__Bacteria; p__Firmicutes; c__Clostridia; o__Lachnospirales; f__Lachnospiraceae	0.9990206748687995
1c4c70842a4196f13f3d068f980a0f18	d__Bacteria; p__Firmicutes; c__Bacilli; o__Erysipelotrichales; f__Erysipelotrichaceae; g__Holdemania	0.999999915705503
d16e06ca2c90f2db92450d7162ae8600	d__Bacteria; p__Actinobacteriota; c__Actinobacteria; o__Bifidobacteriales; f__Bifidobacteriaceae; g__Bifidobacterium	0.9596768481729451
5eb91652e1b8eb0aecf1fe00ac7d52ca	d__Bacteria; p__Firmicutes; c__Clostridia; o__Lachnospirales; f__Lachnospiraceae; g__[Eubacterium]_eligens_group	0.9993924567859794
5932b090862ae359af8ef867a309c482	d__Bacteria; p__Proteobacteria; c__Alphaproteobacteria; o__Caedibacterales; f__Caedibacteraceae; g__Candidatus_Nucleicultrix; s__uncultured_bacterium	0.9975183200587964
c8bc206ef0baddfd79b4bd7890402e68	d__Bacteria; p__Verrucomicrobiota; c__Verrucomicrobiae; o__uncultured; f__uncultured; g__uncultured; s__metagenome	0.8239266863218497
a02e1de02588a715012bf3e03a00aa7e	d__Bacteria; p__Proteobacteria; c__Gammaproteobacteria; o__JG36-TzT-191; f__JG36-TzT-191; g__JG36-TzT-191; s__uncultured_bacterium	0.7574082780343969
0c7ce36818172c438d1af75335e71efc	d__Bacteria; p__Bdellovibrionota; c__Bdellovibrionia; o__Bacteriovoracales; f__Bacteriovoracaceae; g__Peredibacter; s__microbial_mat	0.9985698690212329
2a9f764235f9b5f35f02ef7a5bde6282	d__Bacteria; p__Firmicutes; c__Clostridia; o__Lachnospirales; f__Lachnospiraceae; g__Sellimonas; s__uncultured_Firmicutes	0.919347022615106
b05fb8fc4c8be8eb6d1d86ab1dd19e15	d__Bacteria; p__Actinobacteriota; c__Actinobacteria; o__Bifidobacteriales; f__Bifidobacteriaceae; g__Bifidobacterium	0.9999873329645209
364dd91db080fa33f5595bb2ec362038	d__Bacteria; p__Proteobacteria; c__Gammaproteobacteria; o__Enterobacterales; f__Enterobacteriaceae	0.7414040365434014
c3aa8795bbd675c8f622a821362230d6	d__Bacteria; p__Firmicutes; c__Clostridia; o__Lachnospirales; f__Lachnospiraceae; g__Lachnospiraceae_NC2004_group; s__uncultured_bacterium	0.7394606321867442
cc93bfc461d39189993c22c0f76d10cb	d__Bacteria; p__Bacteroidota; c__Bacteroidia; o__Bacteroidales; f__Bacteroidaceae; g__Bacteroides	0.9999914307379767
382539d60bcbf1428faf128cf663ebf3	d__Bacteria; p__Firmicutes; c__Clostridia; o__Peptostreptococcales-Tissierellales; f__Peptostreptococcales-Tissierellales; g__Anaerococcus; s__Anaerococcus_prevotii	0.8494287657247056
2c4546a40c586bc1e7e7b1fe110d9b94	d__Bacteria; p__Firmicutes; c__Clostridia	0.9999906245330129
49f92ad0e816b33a8335a5ff9ad977bf	d__Bacteria; p__Firmicutes; c__Clostridia; o__Lachnospirales; f__Lachnospiraceae; g__Tyzzerella; s__unidentified	0.9998831903453776
da711b6ba715121120acd53a803a3443	d__Bacteria; p__Fusobacteriota; c__Fusobacteriia; o__Fusobacteriales; f__Leptotrichiaceae; g__Sneathia; s__Sneathia_amnii	0.9993826855743464
87ee33c498a7098e2760794735935ba1	d__Bacteria; p__Firmicutes; c__Clostridia; o__Lachnospirales; f__Lachnospiraceae; g__Lachnospiraceae_UCG-008; s__uncultured_bacterium	0.9009408393691039
e6656c97d55c46ea43234879451a37db	d__Bacteria; p__Firmicutes; c__Clostridia; o__Oscillospirales	0.8694471483528499
438591de3dd63f5527d24938c5eff21a	d__Bacteria; p__Firmicutes; c__Clostridia; o__Oscillospirales; f__Ruminococcaceae; g__uncultured	0.7610693108613132
72d2d5d73297fd5a179716daa9af0ca0	d__Bacteria; p__Actinobacteriota; c__Coriobacteriia; o__Coriobacteriales; f__Eggerthellaceae; g__Enterorhabdus; s__uncultured_bacterium	0.971224833105631
db402d325ad05f56dc58ab2519228067	d__Bacteria; p__Desulfobacterota; c__Desulfovibrionia; o__Desulfovibrionales; f__Desulfovibrionaceae; g__uncultured; s__uncultured_Desulfovibrionaceae	0.706328672239566
a1a308e3914db1856dbf0f8540638c4d	d__Bacteria; p__Firmicutes; c__Bacilli; o__Staphylococcales; f__Gemellaceae; g__Gemella	0.999705187964606
7cc0761782a7226b568c288959ee247c	d__Bacteria; p__Firmicutes; c__Clostridia; o__Oscillospirales; f__Ruminococcaceae; g__Incertae_Sedis; s__uncultured_bacterium	0.8732102438058195
3ef5b02b269810f2224484ca31a0d894	d__Bacteria; p__Firmicutes; c__Clostridia; o__Clostridiales; f__Clostridiaceae; g__Clostridium_sensu_stricto_1	0.9996833314933021
2226bdbf2f1f3a25e0488ae953ede182	d__Bacteria; p__Firmicutes; c__Clostridia; o__Oscillospirales; f__[Clostridium]_methylpentosum_group; g__[Clostridium]_methylpentosum_group; s__Ruminococcus_sp.	0.9121355862954247
de9029b72aee1f76ebac829e78a572dc	d__Bacteria; p__Firmicutes; c__Clostridia; o__Lachnospirales; f__Lachnospiraceae; g__Catenibacillus; s__Catenibacillus_scindens	0.9881234588998054
f2169175af23267a40b5950c1eca1efa	d__Bacteria; p__Firmicutes; c__Clostridia; o__Lachnospirales; f__Lachnospiraceae; g__Lachnospiraceae_UCG-008; s__uncultured_bacterium	0.7641118694707995
97587d44856e49d28f7d90b8b63b6f86	d__Bacteria; p__Firmicutes; c__Bacilli; o__Erysipelotrichales; f__Erysipelatoclostridiaceae; g__Erysipelotrichaceae_UCG-003	0.8695362067953262
3c98502311910fe01d628a12ec3a7cd5	d__Bacteria; p__Firmicutes; c__Bacilli; o__Lactobacillales; f__Lactobacillaceae; g__Lactobacillus	0.9999999927828002
2be3d44e8be9864f30d8516ba4ebb0c4	d__Bacteria; p__Firmicutes; c__Negativicutes; o__Veillonellales-Selenomonadales; f__Veillonellaceae; g__Dialister; s__uncultured_Veillonellaceae	0.7282181269238698
10600b32334e61f13b20b7bcbbf58d1d	d__Bacteria; p__Firmicutes; c__Clostridia; o__Lachnospirales; f__Lachnospiraceae; g__CHKCI001; s__uncultured_organism	0.9913632013590647
b5aeb54206d4c5c2345df20bdc2a9ab2	d__Bacteria; p__Firmicutes; c__Clostridia; o__Oscillospirales; f__uncultured; g__uncultured; s__metagenome	0.9996345975870922
f91af51fe6b68fc52732c861b1dbc9aa	d__Bacteria; p__Firmicutes	0.9999873784012143
e304d2f8b775baaf6bff23fd8804e187	d__Bacteria; p__Firmicutes; c__Clostridia; o__Lachnospirales; f__Lachnospiraceae; g__[Eubacterium]_eligens_group; s__human_gut	0.9770791159828395
d6e9933c9fec901e2e06364988fcae0e	d__Bacteria; p__Firmicutes; c__Clostridia; o__Christensenellales; f__Christensenellaceae; g__Christensenellaceae_R-7_group; s__uncultured_organism	0.710501728754535
70ed1f489c3e6417712309a2e27e8dac	d__Bacteria; p__Firmicutes; c__Clostridia	0.9991727261450807
0f272de9cbb483f3a853329793a8c903	d__Bacteria; p__Firmicutes; c__Clostridia; o__Oscillospirales; f__Ruminococcaceae; g__uncultured	0.7069685588955594
766b93c3de170db1f58f31ed501fd03d	d__Bacteria; p__Firmicutes; c__Clostridia; o__Oscillospirales; f__[Clostridium]_methylpentosum_group; g__[Clostridium]_methylpentosum_group; s__uncultured_organism	0.8472644204590057
2ec61d2813b516127eea29d0700d1a64	d__Bacteria; p__Firmicutes; c__Clostridia; o__Christensenellales; f__Christensenellaceae; g__Christensenellaceae_R-7_group; s__uncultured_Clostridium	0.9999990831701464
3727856d28c8f785506978592fef5ef9	d__Bacteria; p__Firmicutes; c__Clostridia; o__Peptococcales; f__Peptococcaceae; g__uncultured	0.9539434674504053
4bf5e09547c3ee4169d50a4bbf9714c0	d__Bacteria; p__Firmicutes; c__Clostridia; o__Christensenellales; f__Christensenellaceae; g__Christensenellaceae; s__Christensenella_sp.	0.8426514482901145
ecad672c68f0c9becbff54f60fc90195	d__Bacteria; p__Firmicutes; c__Clostridia; o__Eubacteriales; f__Anaerofustaceae; g__Anaerofustis; s__Anaerofustis_stercorihominis	0.849939174647992
0d5891ff56e130487a1857e87ad28925	d__Eukaryota; p__Microsporidia; c__Microsporidia; o__Microsporidia; f__Microsporidia; g__Microsporidia	0.859185383178866
de73072c2e383213cb040e3d2130f72f	d__Bacteria; p__Proteobacteria; c__Gammaproteobacteria; o__Oceanospirillales; f__Halomonadaceae; g__Halomonas; s__metagenome	0.995923431805399
fd77689cda3a60d1fb8af61dbbe8316f	d__Bacteria; p__Actinobacteriota; c__Actinobacteria; o__Frankiales; f__Sporichthyaceae; g__Sporichthyaceae	0.9987450330092459
3e86921fa13d83ac53b977996fd712cd	d__Bacteria; p__Proteobacteria; c__Alphaproteobacteria; o__Rickettsiales; f__Mitochondria; g__Mitochondria; s__uncultured_bacterium	0.9910760895243464
9b46f3a28d291cf15c60112172a57571	d__Bacteria; p__Bacteroidota; c__Bacteroidia; o__Chitinophagales; f__Chitinophagaceae; g__Ferruginibacter; s__uncultured_soil	0.8626364799397133
e2cf73597d393f36bebbf84ba00ce86e	d__Bacteria; p__Actinobacteriota; c__Acidimicrobiia; o__Microtrichales; f__Ilumatobacteraceae; g__CL500-29_marine_group; s__uncultured_marine	0.8801393383609336
29cdf5d69b54bb5cc76db2fbd64c824c	d__Bacteria; p__Firmicutes; c__Negativicutes; o__Veillonellales-Selenomonadales; f__Veillonellaceae; g__Dialister	0.990317793569794
4fef4293b8e7d3e5fcc6f2e37dfa962c	d__Bacteria; p__Firmicutes; c__Clostridia; o__Christensenellales; f__Christensenellaceae; g__Christensenellaceae_R-7_group; s__uncultured_bacterium	0.7720130737531437
bd8c7f0206f680a2213edf00ad19ec6c	d__Bacteria; p__Firmicutes; c__Clostridia; o__Peptostreptococcales-Tissierellales; f__Peptostreptococcales-Tissierellales; g__Peptoniphilus	0.999999997852203
03bb0e969a1ecbd122ba441dab263aab	d__Bacteria; p__Fusobacteriota; c__Fusobacteriia; o__Fusobacteriales; f__Fusobacteriaceae; g__Fusobacterium	0.9999999965690672
d98e40d138d64f912849beb4755d9f47	d__Bacteria; p__Actinobacteriota; c__Actinobacteria; o__Bifidobacteriales; f__Bifidobacteriaceae; g__Bifidobacterium	0.9906693647718785
a4357fed3b7655ee735dc08942ab6066	d__Bacteria; p__Firmicutes; c__Clostridia; o__Lachnospirales; f__Lachnospiraceae; g__Anaerostignum; s__uncultured_Firmicutes	0.8147449299723406
2564f5ff552c20bcbef2f375211633c1	d__Bacteria; p__Firmicutes; c__Negativicutes; o__Veillonellales-Selenomonadales; f__Veillonellaceae; g__Anaeroglobus; s__Anaeroglobus_geminatus	0.9999349737591455
5a5e51f1289c4a67fe0b8434ab7fa401	d__Bacteria; p__Bacteroidota; c__Bacteroidia; o__Bacteroidales; f__Muribaculaceae; g__Muribaculaceae; s__uncultured_Bacteroidales	0.747664844659961
3deceabda2273e85075680b29f50fe05	d__Bacteria; p__Firmicutes; c__Clostridia; o__Lachnospirales; f__Lachnospiraceae; g__Coprococcus	0.8690977786894866
1948c85b72a27a16682ddc14e155a0e3	d__Bacteria; p__Firmicutes; c__Clostridia; o__Lachnospirales; f__Lachnospiraceae	0.7583059254627535
c54a4b1bc0b3b4a3b845345f9fae2a07	d__Bacteria; p__Firmicutes; c__Clostridia	0.998408489574637
c42861133596bd96acc3ab37fba148d3	d__Bacteria; p__Firmicutes; c__Clostridia; o__Oscillospirales; f__Ruminococcaceae; g__Ruminococcus; s__uncultured_bacterium	0.8543362893355684
14e9b44c78e0535fed7da7736f0e5363	d__Bacteria; p__Firmicutes; c__Incertae_Sedis; o__DTU014; f__DTU014; g__DTU014; s__unidentified	0.9999999967587315
53ad6592bf1ca40a5d02f1ea051d94ad	d__Bacteria; p__Firmicutes; c__Bacilli; o__Lactobacillales; f__Lactobacillaceae; g__Lactobacillus	0.9999999422350312
4674e4a721474fbffababd298447dcd7	d__Bacteria; p__Bacteroidota; c__Bacteroidia; o__Bacteroidales; f__Tannerellaceae; g__Parabacteroides	0.9999757429554457
72a71cb619d0996f6d6c1bf7df6e3ea9	d__Bacteria; p__Firmicutes; c__Clostridia; o__Peptococcales; f__Peptococcaceae; g__uncultured; s__metagenome	0.9998213672499937
4bf013adf883c70c84b122b74737e478	d__Bacteria; p__Firmicutes; c__Clostridia; o__Oscillospirales; f__Ruminococcaceae; g__Ruminococcus; s__uncultured_bacterium	0.9589348787813773
c3e854a03f72c93383e103381b348935	d__Bacteria; p__Firmicutes; c__Clostridia; o__Oscillospirales; f__Oscillospiraceae; g__UCG-002	0.7880927192236891
156465906834ffd405cacc72832fe1d9	d__Bacteria; p__Firmicutes; c__Clostridia; o__Lachnospirales; f__Lachnospiraceae	0.9987459597477429
5dc71ad269a7f407a33cd431fafbd848	d__Bacteria; p__Firmicutes; c__Clostridia; o__Lachnospirales; f__Lachnospiraceae	0.9812543416848488
8dc3738d05809a335bb8bd3d34968136	d__Bacteria; p__Actinobacteriota; c__Coriobacteriia; o__Coriobacteriales; f__Atopobiaceae; g__uncultured; s__uncultured_bacterium	0.9954627931797259
fdcd1843e000fb4d57445bf8fc233065	d__Bacteria; p__Firmicutes; c__Clostridia; o__Oscillospirales; f__Ruminococcaceae; g__Subdoligranulum	0.9538682930095864
0740021e4727dfd0c0eed1764e6a941c	d__Bacteria; p__Firmicutes; c__Clostridia; o__Oscillospirales; f__Oscillospiraceae; g__Oscillospira; s__uncultured_organism	0.9444818501065004
a032107ce593aba45bca5259975c6d7f	d__Bacteria; p__Chloroflexi; c__Chloroflexia; o__Kallotenuales; f__AKIW781; g__AKIW781; s__uncultured_Chloroflexi	0.9992872247406207
b2403b2fd1cf3ef08c8db6dc5337a243	d__Bacteria	0.9999999905231546
8b1d44b12df1267095c549aadf7714fd	d__Bacteria; p__Proteobacteria; c__Gammaproteobacteria; o__Cellvibrionales; f__Spongiibacteraceae; g__BD1-7_clade; s__metagenome	0.9761582384707399
a8d5633c3d2a467fa22ba4001e32449c	d__Bacteria; p__Bdellovibrionota; c__Oligoflexia; o__Silvanigrellales; f__Silvanigrellaceae; g__uncultured; s__uncultured_bacterium	0.9990100788133818
fb1089c5dd2f666b61ac09769065b609	d__Bacteria; p__Cyanobacteria; c__Cyanobacteriia; o__Chloroplast; f__Chloroplast; g__Chloroplast; s__Closteriopsis_acicularis	0.8501293303818946
11d5113af9439cbbeafb91a364284d01	d__Bacteria; p__Cyanobacteria; c__Cyanobacteriia; o__Chloroplast; f__Chloroplast; g__Chloroplast; s__Chlorophyta_symbiont	0.742159042702233
f17a30914361f6c325a1ffa033b7f478	d__Bacteria; p__Bacteroidota; c__Bacteroidia; o__Chitinophagales; f__Saprospiraceae; g__uncultured	0.9999905984784874
c1d7acae7f4e6ad46813f558201f2eb3	d__Bacteria; p__Cyanobacteria; c__Cyanobacteriia; o__Chloroplast; f__Chloroplast; g__Chloroplast; s__Pedinomonas_sp.	0.729373766319001
6d1c4c1a7faa7640672c9da986a313e6	d__Bacteria; p__Firmicutes; c__Clostridia; o__Lachnospirales; f__Lachnospiraceae	0.7837638001258607
923e5a3dc37dd1fdb8a98bb2fbd8e046	d__Bacteria; p__Firmicutes; c__Bacilli; o__Lactobacillales; f__Lactobacillaceae; g__Lactobacillus	0.998995391206611
08774dd1f49f99aa88eef2c7942cce76	d__Bacteria; p__Firmicutes; c__Bacilli; o__Erysipelotrichales; f__Erysipelatoclostridiaceae; g__Erysipelatoclostridium	0.9999935601593968
b3d6f9057dff63c6946aa4982e539a71	d__Bacteria; p__Firmicutes; c__Clostridia; o__Oscillospirales; f__uncultured; g__uncultured; s__metagenome	0.9958186430726261
3bf4e606df299254752d2b4ce677f25d	d__Bacteria; p__Firmicutes; c__Negativicutes; o__Acidaminococcales; f__Acidaminococcaceae; g__Phascolarctobacterium; s__Ruminococcus_sp.	0.7404309461220053
4b6ce6eb870ba3513a07a4026a1b1ec4	d__Bacteria; p__Firmicutes; c__Clostridia; o__Oscillospirales; f__Oscillospiraceae; g__UCG-002; s__uncultured_bacterium	0.7786213075567815
1020fddb0d057da2d06bb95e4adb6a03	d__Bacteria; p__Firmicutes; c__Clostridia; o__Lachnospirales; f__Lachnospiraceae; g__Eisenbergiella	0.9979734380328026
ad6a7de2e4a53fae85da755991b95153	d__Bacteria; p__Firmicutes; c__Clostridia; o__Lachnospirales; f__Lachnospiraceae; g__Lachnospiraceae_NC2004_group; s__uncultured_bacterium	0.772191737598139
8decf073321663eb093b96aeba9b1edf	d__Bacteria; p__Firmicutes; c__Clostridia; o__Christensenellales; f__Christensenellaceae; g__Christensenella; s__Christensenella_massiliensis	0.9796939563279609
65cc08999e06f3ee524ec3603ef23525	d__Bacteria; p__Firmicutes; c__Clostridia; o__Oscillospirales; f__Oscillospiraceae; g__Oscillibacter	0.9713270677161132
abc698fb1975f0cc6a6cead800d3e1cd	d__Bacteria; p__Firmicutes; c__Clostridia; o__Lachnospirales; f__Lachnospiraceae; g__[Ruminococcus]_gauvreauii_group	0.8905502444740501
4327124dec08aba8ef8a584d01906663	d__Bacteria; p__Firmicutes; c__Clostridia; o__Oscillospirales; f__Ruminococcaceae; g__Incertae_Sedis; s__uncultured_rumen	0.7542818533626
af8c6efb53e547842ab69f5a035b4778	d__Bacteria; p__Firmicutes; c__Bacilli; o__Erysipelotrichales; f__Erysipelatoclostridiaceae	0.8410392050363277
18f3a7eeb189e22557291f5e5ef3b148	d__Bacteria; p__Verrucomicrobiota; c__Lentisphaeria; o__Victivallales; f__vadinBE97; g__vadinBE97	0.9999999960621283
a3f45870b2f82190a83b93048cecc25e	d__Bacteria; p__Firmicutes; c__Clostridia; o__Lachnospirales; f__Lachnospiraceae	0.9996877660097234
3f49bec075f5c4a2279ebf62ff673e5f	d__Bacteria; p__Elusimicrobiota; c__Elusimicrobia; o__Lineage_IV; f__Lineage_IV; g__Lineage_IV; s__uncultured_bacterium	0.9886148747002521
9d318be85fa5e723c4cb66d1530daafc	d__Bacteria; p__Proteobacteria; c__Alphaproteobacteria; o__Caulobacterales; f__Caulobacteraceae; g__Asticcacaulis	0.9999931068344678
5632d8d150717e6dab205d757e261678	d__Bacteria; p__Proteobacteria; c__Alphaproteobacteria; o__Rickettsiales; f__Mitochondria; g__Mitochondria; s__Monodopsis_sp.	0.9962897331055434
c5aaa55ddd4d9034e42b96551fbcd72b	d__Bacteria; p__Firmicutes; c__Clostridia; o__Lachnospirales; f__Lachnospiraceae; g__uncultured; s__Ruminococcus_sp.	0.8728392076916531
72c0c71be71539a0fe90ce2c2bfcfdce	d__Bacteria; p__Firmicutes; c__Bacilli; o__Erysipelotrichales; f__Erysipelotrichaceae; g__Dielma	0.8233554500473006
ce13a7bbf997e5ed02d22007da89e900	d__Bacteria; p__Firmicutes; c__Clostridia; o__Lachnospirales; f__Lachnospiraceae; g__Lachnospiraceae_UCG-004; s__uncultured_bacterium	0.7126613212115739
e236d2e5e07c3af491d92d2f46bae7f2	d__Archaea; p__Crenarchaeota; c__Nitrososphaeria; o__Nitrososphaerales; f__Nitrososphaeraceae; g__Candidatus_Nitrocosmicus	0.9689063254143658
9aab9fc52d95c21d1154e5d68a739969	d__Bacteria; p__Proteobacteria; c__Alphaproteobacteria; o__Kiloniellales; f__Fodinicurvataceae; g__uncultured; s__uncultured_Rhodospirillaceae	0.9975907404795029
7bfba2c176ab821afc0d1dadeaea8c45	d__Bacteria; p__Firmicutes; c__Bacilli; o__Bacillales; f__Planococcaceae	0.7401573547622758
3cd7be7b9af3a93cc28625d08f9fc8ac	d__Bacteria; p__Bacteroidota; c__Bacteroidia; o__Cytophagales; f__Hymenobacteraceae; g__Adhaeribacter	0.9999630272434892
e635518c66d2e6fe88ecf34ec78258bf	d__Bacteria; p__Proteobacteria; c__Gammaproteobacteria; o__Xanthomonadales; f__Xanthomonadaceae; g__Lysobacter	0.9943863685389943
f0e3e39f12b41eac53a0c02b7f81536b	d__Bacteria; p__Proteobacteria; c__Gammaproteobacteria; o__Steroidobacterales; f__Woeseiaceae; g__Woeseia	0.7918271533593815
c9b30486b110e81e4334a5188a5e01bb	d__Bacteria; p__Firmicutes; c__Bacilli; o__Erysipelotrichales; f__Erysipelotrichaceae; g__[Clostridium]_innocuum_group	0.999993419551299
a495a888dc77682c5664523740a0cd87	d__Bacteria; p__Firmicutes; c__Limnochordia; o__Limnochordia; f__Limnochordia; g__Limnochordia; s__uncultured_bacterium	0.9677005681051842
286e7e6bf897f3d99020ff2cc65bc4a5	d__Bacteria; p__Proteobacteria; c__Gammaproteobacteria; o__Pseudomonadales; f__Pseudomonadaceae; g__Pseudomonas	0.8166179202050996
3ebda38123c683227b2dec3ba1beb0cf	d__Bacteria; p__Firmicutes; c__Clostridia; o__Oscillospirales; f__Ruminococcaceae	0.7526653341066905
5cc211eca77d5c54798217a5a809ed01	d__Bacteria; p__Actinobacteriota; c__Actinobacteria; o__Bifidobacteriales; f__Bifidobacteriaceae; g__Bifidobacterium	0.980399371908576
c5ac0a3dd338edd0351b274c09cf8ab9	d__Bacteria; p__Firmicutes; c__Bacilli; o__Bacillales	0.9886525826112041
c9281ecb62936c0005d6ec91289834c9	d__Bacteria; p__Planctomycetota; c__Planctomycetes; o__Isosphaerales; f__Isosphaeraceae; g__uncultured	0.9820181245822576
86152a7a5b40cdb5aa7a24335efc0c9e	d__Bacteria; p__Bacteroidota; c__Rhodothermia; o__Rhodothermales; f__Rhodothermaceae; g__uncultured; s__uncultured_Salisaeta	0.9847080782585955
c86ce4ebaf54c60af7f06ab24e03a2ae	d__Bacteria; p__Proteobacteria; c__Alphaproteobacteria; o__Azospirillales; f__Azospirillaceae; g__Azospirillum	0.9999999948336764
370645da876848fd6661c02b20fc40bb	d__Bacteria; p__Firmicutes; c__Clostridia; o__Lachnospirales; f__Lachnospiraceae; g__Coprococcus; s__unidentified	0.9789803983640183
2abc9e56c4f773a042ed73e71f9fc638	d__Bacteria; p__Acidobacteriota; c__Blastocatellia; o__Blastocatellales; f__Blastocatellaceae	0.9999999911279729
65e4b70b5b984faecf12be19ab9f5160	d__Bacteria; p__Proteobacteria; c__Alphaproteobacteria; o__Rhizobiales; f__Rhizobiales; g__Rhizobiales; s__uncultured_bacterium	0.991025742176401
69206d15b5530e1fb2e6d76cd0a5f539	d__Bacteria; p__Chloroflexi; c__Chloroflexia; o__Kallotenuales; f__AKIW781; g__AKIW781; s__uncultured_Chloroflexi	0.8427821350041046
ef616f87ee20d1e5d5c7b9da432b7a65	d__Bacteria; p__Verrucomicrobiota; c__Verrucomicrobiae; o__Chthoniobacterales; f__Chthoniobacteraceae; g__Candidatus_Udaeobacter	0.9993869386810895
ff048922d2b10cb278aa48dd5cfe510d	d__Bacteria; p__Firmicutes; c__Clostridia; o__Oscillospirales; f__Oscillospiraceae; g__UCG-002; s__uncultured_bacterium	0.9279782232748052
2633c864babb59576163ba88e1a4f1a6	d__Bacteria; p__Cyanobacteria; c__Cyanobacteriia; o__Chloroplast; f__Chloroplast; g__Chloroplast; s__Nannochloropsis_gaditana	0.9988413179144355
b56e72070eb3095ba793a0308b228de4	d__Bacteria; p__Chloroflexi; c__Ktedonobacteria; o__C0119; f__C0119; g__C0119; s__uncultured_soil	0.9640279285430945
2cca0b9de8be8e0bed74c8bdc7f65425	d__Bacteria	0.9999981707234764
762da79aad331e082ca391ef18bd3935	d__Bacteria; p__Actinobacteriota; c__Thermoleophilia; o__Gaiellales; f__uncultured; g__uncultured; s__uncultured_bacterium	0.8356835517585133
e467fb847650eb0beccbb7e8410e02ad	d__Bacteria; p__Acidobacteriota; c__Acidobacteriae; o__Bryobacterales; f__Bryobacteraceae; g__Bryobacter	0.9976482973700662
b11703a079279bafb73b9c6e31821922	d__Bacteria; p__Actinobacteriota; c__MB-A2-108; o__MB-A2-108; f__MB-A2-108; g__MB-A2-108; s__uncultured_bacterium	0.7953762283857096
a1a15e2856f90f4b9af8fba0e23411c0	d__Bacteria; p__Actinobacteriota; c__Coriobacteriia; o__Coriobacteriales; f__Atopobiaceae; g__Atopobium	0.9997980613484635
dbd350eca6d6cdd1014b78d2dfa974a6	d__Bacteria; p__Actinobacteriota; c__Acidimicrobiia; o__IMCC26256; f__IMCC26256; g__IMCC26256; s__uncultured_Actinomycetales	0.9281405825626419
871e07e72277e805674968cb518d6525	d__Bacteria; p__Actinobacteriota; c__Thermoleophilia; o__Solirubrobacterales; f__67-14; g__67-14	0.9997219397356428
163e129a857a1a4d03fe7b22bdc99cc8	d__Bacteria; p__Firmicutes; c__Clostridia; o__Oscillospirales; f__Ruminococcaceae; g__Anaerofilum; s__metagenome	0.8960830073191917
f8119db23244cad00bfddec7a80fb161	d__Bacteria; p__Actinobacteriota; c__Actinobacteria; o__Propionibacteriales; f__Nocardioidaceae; g__Aeromicrobium	0.994864773623515
85ca5fa16244a94d6bd379dda37347e9	d__Bacteria; p__Firmicutes; c__Clostridia; o__Lachnospirales; f__Lachnospiraceae; g__Lachnospiraceae_NC2004_group; s__uncultured_bacterium	0.8793967582136559
0c21a4e3aea481543f189068461cc4e6	d__Bacteria; p__Chloroflexi; c__JG30-KF-CM66; o__JG30-KF-CM66; f__JG30-KF-CM66; g__JG30-KF-CM66; s__metagenome	0.9937718902819589
2a936650f6d268b4f79c18dbb4eb1e14	d__Bacteria; p__Proteobacteria; c__Alphaproteobacteria; o__Rhizobiales; f__Beijerinckiaceae	0.8012307993606133
28e400d31b5fbb1445e37e4b04ba21d9	d__Bacteria; p__Chloroflexi; c__Ktedonobacteria; o__C0119; f__C0119; g__C0119; s__uncultured_bacterium	0.8432059758073223
9c366669b6e9d3f605fb4ac15436478d	d__Bacteria; p__Proteobacteria; c__Alphaproteobacteria	0.8856569180412143
466f923de3de10684b78d4004373c10e	d__Bacteria; p__Firmicutes; c__uncultured; o__uncultured; f__uncultured; g__uncultured; s__uncultured_Peptococcaceae	0.9996165201650308
14be860a2847ce9ef9b13dcd1a64ce5d	d__Bacteria	0.9999999999648083
c72c3e1a054af7178cb3e3fa54b6eaab	d__Bacteria; p__Bacteroidota; c__Bacteroidia; o__Sphingobacteriales; f__Sphingobacteriaceae; g__Sphingobacterium; s__bacterium_A37T11	0.9417381611872983
93d2049239452422d986478816928d5a	d__Bacteria; p__Firmicutes; c__Clostridia; o__Clostridiales; f__Clostridiaceae; g__Clostridium_sensu_stricto_1	0.9983441500062259
60e9c3aa9e2b296e73e3a45e97ec9354	d__Bacteria; p__Firmicutes; c__Clostridia; o__Christensenellales; f__Christensenellaceae	0.8569674371499888
311eb21ea61a0c1402c188252731ceb9	d__Bacteria; p__Firmicutes; c__Clostridia; o__Oscillospirales; f__Ruminococcaceae; g__Ruminococcus; s__uncultured_bacterium	0.7861799177954488
cc266fa06422e7c57c1c6e307cdadc95	d__Bacteria; p__Firmicutes; c__Clostridia; o__Clostridiales; f__Clostridiaceae	0.995242309824931
b5a2c30be671d2e16c391c384c1a69ff	d__Bacteria; p__Firmicutes; c__Bacilli; o__Bacillales; f__Bacillaceae	0.9999188436873938
28e18ed8fe9cdaa8ab258b5aaaf89f6d	d__Bacteria; p__Actinobacteriota; c__Thermoleophilia; o__Solirubrobacterales; f__Solirubrobacteraceae; g__Solirubrobacter	0.999996508658774
7bf38911f88dc936f178f4dd144be7ce	d__Bacteria; p__Actinobacteriota; c__Actinobacteria; o__Euzebyales; f__Euzebyaceae; g__uncultured; s__uncultured_Actinomycetales	0.8963067303119435
8862edee096db51aae8806b4bad03065	d__Bacteria; p__Firmicutes; c__Symbiobacteriia; o__Symbiobacteriales; f__Symbiobacteraceae; g__uncultured; s__uncultured_bacterium	0.9974526837156016
1b1e931b5af97b5ca00ce3eea1c4c3c0	d__Bacteria; p__Planctomycetota; c__Planctomycetes; o__Pirellulales; f__Pirellulaceae; g__Pir4_lineage; s__uncultured_Planctomycetaceae	0.9719259838100789
662b2c93b41430534c127fd64a568c26	d__Bacteria; p__Actinobacteriota; c__Actinobacteria; o__Propionibacteriales; f__Nocardioidaceae; g__Nocardioides	0.9999963541138479
a6e42c6e57fc5bb9d0a9b7480f7abd20	d__Bacteria; p__Chloroflexi; c__Chloroflexia; o__Thermomicrobiales; f__JG30-KF-CM45; g__JG30-KF-CM45	0.9999562096954234
3111851592e3c22c5794fd225e2ddd19	d__Bacteria; p__Firmicutes; c__Clostridia; o__Lachnospirales; f__Lachnospiraceae; g__Anaerostipes	0.8167470841328248
94baa3b8a21775b483fe1e17b78b0ec6	d__Bacteria; p__Proteobacteria; c__Gammaproteobacteria; o__Burkholderiales; f__Nitrosomonadaceae; g__MND1	0.9999999979656593
14e273f3a2e54efd08e31d94147b61f2	d__Bacteria; p__Desulfobacterota; c__Desulfovibrionia; o__Desulfovibrionales; f__Desulfovibrionaceae; g__Desulfovibrio; s__bacterium_NLAE-zl-H43	0.8010084976735116
6ddb7fffd283071100bc27babba2e283	d__Bacteria; p__Actinobacteriota; c__Actinobacteria; o__Streptosporangiales; f__Thermomonosporaceae; g__Actinomadura	0.9803430742314315
c71dc71042ff85dfe15a206f6e4dfb79	d__Bacteria; p__Actinobacteriota; c__Acidimicrobiia	0.9999707041887144
05bc89af8a691fbba77e75815b1f09de	d__Bacteria; p__Proteobacteria; c__Alphaproteobacteria; o__Rhodobacterales; f__Rhodobacteraceae; g__Paracoccus	0.9042376845476467
15ccd9c5ebbefe6d8545d99b2b0eb39e	d__Bacteria; p__Firmicutes; c__Clostridia; o__Oscillospirales; f__Oscillospiraceae; g__Oscillibacter	0.9658176577044638
b0f80ec7c3488c3262ee0eb8886dedec	d__Bacteria; p__Cyanobacteria; c__Sericytochromatia; o__Sericytochromatia; f__Sericytochromatia; g__Sericytochromatia; s__uncultured_bacterium	0.85841761252248
ab5ddec3390bbe58f1f8a3509267dc83	d__Bacteria; p__Firmicutes; c__Clostridia; o__Oscillospirales; f__Ruminococcaceae; g__Subdoligranulum	0.9004083474705088
aff9ba1efcbdeac6099a19b210a7b550	d__Bacteria; p__Firmicutes; c__Bacilli; o__Lactobacillales; f__Streptococcaceae; g__Lactococcus	0.9782113499601034
e558b1745dab6a9ce65ca137c8459e59	d__Bacteria	0.9834682017640682
d20d7b6acba54ed4aade6267622fd731	d__Bacteria; p__Proteobacteria; c__Alphaproteobacteria; o__Tistrellales; f__Geminicoccaceae; g__Candidatus_Alysiosphaera; s__uncultured_bacterium	0.7589220165253285
97761e2af931bea987d9cc8cc77e5406	d__Bacteria; p__Firmicutes; c__Clostridia; o__Lachnospirales; f__Lachnospiraceae; g__uncultured	0.7127578038272878
77ed1077c318e00e380a6b6c150f1167	d__Bacteria; p__Proteobacteria; c__Alphaproteobacteria; o__Sphingomonadales; f__Sphingomonadaceae; g__Altererythrobacter	0.9999432396987143
7611f906236d5514d9134fce2c464a4f	d__Bacteria; p__Proteobacteria; c__Alphaproteobacteria; o__Rhizobiales; f__Methyloligellaceae; g__uncultured; s__uncultured_bacterium	0.8339349083943233
51af28ae58cdb38092f7bc7825de0d7e	d__Bacteria; p__Proteobacteria; c__Alphaproteobacteria; o__Kiloniellales; f__Fodinicurvataceae; g__uncultured; s__uncultured_Rhodospirillaceae	0.9997525364482339
a8f65f21ce43256920f822b91dec5535	d__Bacteria; p__Actinobacteriota; c__Actinobacteria; o__Micrococcales; f__Bogoriellaceae; g__Georgenia	0.8157924052611347
0c3f3a64d9a9a506732793bd9bc5b9cc	d__Bacteria; p__Firmicutes; c__Clostridia; o__Peptostreptococcales-Tissierellales; f__Peptostreptococcales-Tissierellales; g__Peptoniphilus; s__Peptoniphilus_obesi	0.9999993488987104
ba552fc627ae16f173147809bab17450	d__Bacteria; p__Actinobacteriota; c__Actinobacteria; o__Micrococcales; f__Cellulomonadaceae; g__Cellulomonas	0.9196413732980092
ad8a40ce085a8147c0b374c0883ed790	d__Bacteria; p__Proteobacteria; c__Gammaproteobacteria; o__EPR3968-O8a-Bc78; f__EPR3968-O8a-Bc78; g__EPR3968-O8a-Bc78; s__uncultured_bacterium	0.9789727314952079
1313aa351d05dcecdf72161f3c97b2f9	d__Bacteria	0.9999999999565418
b1fa752556ba05c6aca23e4cdddc1e9c	d__Bacteria; p__Bacteroidota; c__Bacteroidia; o__Chitinophagales; f__Chitinophagaceae; g__Edaphobaculum	0.9999684108792388
3f22d75fd9885b54bf506788345bb63a	d__Bacteria; p__Actinobacteriota; c__Thermoleophilia; o__Gaiellales; f__Gaiellaceae; g__Gaiella	0.9861478924196861
67fed3608959276569c5ea49885705f7	d__Bacteria; p__Firmicutes; c__Bacilli; o__Erysipelotrichales; f__Erysipelatoclostridiaceae; g__Coprobacillus	0.983608168805385
c9e0ad795ad28b94860429404060f8a9	Unassigned	0.7342032305937498
acae43843ba10170314f240723fa7bc9	d__Bacteria; p__Firmicutes; c__Bacilli; o__Lactobacillales; f__Leuconostocaceae; g__Weissella	0.999995742040044
ea3c34b0f83f7a097feae26562972729	d__Bacteria; p__Proteobacteria; c__Gammaproteobacteria; o__Burkholderiales; f__TRA3-20; g__TRA3-20	0.879329187553807
9223ca98bd86ace6803457500925afa4	d__Bacteria; p__Bacteroidota; c__Bacteroidia; o__Flavobacteriales; f__Weeksellaceae; g__Chryseobacterium	0.9999577200006735
38f3bb58aafdebff16ff155aade92f1b	d__Bacteria; p__Firmicutes; c__Clostridia; o__Christensenellales; f__Christensenellaceae; g__Christensenellaceae_R-7_group	0.9650693587063319
3f140def70377d93b0ae9abc4302de8b	d__Bacteria; p__Firmicutes; c__Clostridia; o__Peptostreptococcales-Tissierellales; f__Anaerovoracaceae; g__[Eubacterium]_saphenum_group; s__Eubacterium_saphenum	0.9747624573822053
b58f4c69b054eef64f87feca12074f2c	d__Bacteria; p__Chloroflexi; c__TK10; o__TK10; f__TK10; g__TK10; s__uncultured_bacterium	0.9972287608000844
c0bb88d1524fd98a5c9f88967a16e782	d__Bacteria; p__Firmicutes; c__Clostridia; o__Peptococcales; f__Peptococcaceae; g__uncultured	0.9842420577499844
9326d3bfb4ffb376393a76a696f19b31	d__Bacteria; p__Proteobacteria	0.7593140998361095
374a4e5a245c065a3258cea58967ff92	d__Bacteria; p__Firmicutes; c__Clostridia; o__Oscillospirales; f__Ruminococcaceae; g__Ruminococcus	0.7495062560946782
c14099ee448e2e67fbe1275ea18854ca	d__Bacteria; p__Firmicutes; c__Clostridia; o__Oscillospirales; f__Oscillospiraceae	0.7774022497336995
94a5b3d6f2e0dacb37bc37d1ad5b14b8	d__Bacteria; p__Proteobacteria; c__Alphaproteobacteria; o__Rhodobacterales; f__Rhodobacteraceae; g__Paracoccus	0.9953178038147567
3aea801094f7fed8f8630bd73bb49aff	d__Bacteria; p__Firmicutes; c__Clostridia; o__Peptostreptococcales-Tissierellales; f__Peptostreptococcales-Tissierellales	0.9620001645917811
714ae514df5b5cdbe8dd9b387d0c04b1	d__Bacteria; p__Firmicutes; c__Clostridia; o__Peptostreptococcales-Tissierellales; f__Peptostreptococcales-Tissierellales; g__Peptoniphilus; s__Clostridiales_bacterium	0.9879292317629854
ea92de80294a84175132f930967ebcf1	d__Bacteria; p__Firmicutes; c__Bacilli; o__Erysipelotrichales; f__Erysipelotrichaceae; g__uncultured; s__Clostridiales_bacterium	0.9990657509804968
dbcf15d75e4814bf4155035c77a8f44d	d__Bacteria; p__Firmicutes; c__Limnochordia; o__Limnochordales; f__Limnochordaceae; g__Limnochordaceae; s__uncultured_compost	0.9910534443242889
5bc0a7d8b9c1d705714ec1a4311129c6	d__Bacteria; p__Bacteroidota; c__Bacteroidia; o__Bacteroidales; f__Tannerellaceae; g__Parabacteroides; s__Monocercomonoides_sp.	0.7465869513928246
00fa28d5a3eae19113c75278737873c0	d__Bacteria; p__Verrucomicrobiota; c__Verrucomicrobiae; o__Pedosphaerales; f__Pedosphaeraceae; g__SH3-11; s__uncultured_bacterium	0.823068451435759
67877ec80766e82c89302b8cee9a442a	d__Bacteria; p__Bacteroidota; c__Bacteroidia; o__Cytophagales; f__Spirosomaceae; g__Emticicia; s__uncultured_bacterium	0.7069903152181302
eab6cd3b19923322ef7924ceb797563c	d__Archaea; p__Euryarchaeota; c__Methanobacteria; o__Methanobacteriales; f__Methanobacteriaceae; g__Methanobrevibacter; s__uncultured_Methanobacteriales	0.7360185901751101
00add7de4af7c84be4d0745dc207bf6a	d__Bacteria; p__Firmicutes; c__Clostridia; o__Clostridia_vadinBB60_group; f__Clostridia_vadinBB60_group; g__Clostridia_vadinBB60_group; s__gut_metagenome	0.8542693749674335
e813be372649cf7bba7770d08a6b617f	d__Bacteria; p__Bacteroidota; c__Bacteroidia; o__Cytophagales; f__Cyclobacteriaceae; g__Algoriphagus; s__uncultured_Hongiella	0.8462988642853987
c5d144160c51c0550f2414224945bcfc	d__Bacteria; p__Planctomycetota; c__Planctomycetes; o__Planctomycetales; f__uncultured; g__uncultured; s__uncultured_bacterium	0.7840284598368619
dbca56c37d0a738e710a0099332be591	d__Bacteria; p__Chloroflexi; c__Chloroflexia; o__Thermomicrobiales; f__JG30-KF-CM45; g__JG30-KF-CM45; s__uncultured_soil	0.9825846613372399
38acf3555da895e81bbc56fbfca39650	d__Bacteria; p__Planctomycetota; c__Planctomycetes; o__Pirellulales; f__Pirellulaceae; g__Pirellula; s__uncultured_Planctomycetaceae	0.7559401798597213
d579fed7c4148c59b661db9969a22749	d__Bacteria; p__Proteobacteria; c__Gammaproteobacteria; o__Burkholderiales; f__Nitrosomonadaceae; g__MND1	0.9999999992701686
ead0aad38b733ba35563183e7f7268dc	d__Bacteria; p__Bacteroidota; c__Bacteroidia; o__Bacteroidales; f__Porphyromonadaceae; g__Porphyromonas	0.9997535345938418
abafb23f36cb5eb57b36a013b8777aaa	d__Bacteria; p__Bacteroidota; c__Bacteroidia; o__Sphingobacteriales; f__env.OPS_17; g__env.OPS_17; s__uncultured_Bacteroidetes	0.7529190315628634
c3d6ab1997623e3f69734f62e2ce41a3	d__Bacteria; p__Myxococcota; c__bacteriap25; o__bacteriap25; f__bacteriap25; g__bacteriap25; s__uncultured_Syntrophobacterales	0.9808141928711651
70f4aeed9f86d1bbd5d3de2c33dc6a31	d__Bacteria; p__Firmicutes; c__Bacilli; o__Lactobacillales; f__Lactobacillaceae; g__Lactobacillus	0.9994144162020695
d0f6e244eced93c9e27c09b219f2b34f	d__Bacteria; p__Bacteroidota; c__Bacteroidia; o__Cytophagales; f__Hymenobacteraceae; g__Hymenobacter; s__Hymenobacter_gelipurpurascens	0.8807835829103151
88a02ae08bc6418d7dca3c5a5a6d7469	d__Bacteria; p__Entotheonellaeota; c__Entotheonellia; o__Entotheonellales; f__Entotheonellaceae; g__Entotheonellaceae	0.9999998851050034
e8556fa1944b84025fac942ecd8e49cd	d__Bacteria; p__Firmicutes; c__Clostridia; o__Lachnospirales; f__Lachnospiraceae; g__Tyzzerella; s__uncultured_Eubacteriaceae	0.8419851613144752
af435bcd23e041c0606f1871c3b8c47d	d__Bacteria; p__Firmicutes; c__Clostridia; o__Oscillospirales; f__UCG-011; g__UCG-011; s__uncultured_bacterium	0.8260956115888103
d626c724bc4d3e8ce649af8bc59d4a61	d__Bacteria; p__Proteobacteria; c__Alphaproteobacteria; o__Rickettsiales; f__Mitochondria; g__Mitochondria	0.9999998510566976
0d6b2c18d201f9609692ca35f4349081	d__Bacteria; p__Myxococcota; c__Polyangia; o__Haliangiales; f__Haliangiaceae; g__Haliangium	0.9842044187405493
20947f1451840678a65b95a9a0b38124	d__Bacteria; p__Firmicutes; c__Clostridia; o__Oscillospirales; f__Ruminococcaceae; g__Fournierella; s__uncultured_organism	0.7137660026302788
39f2e4d87d65c7571eee0a5bcbb38cbb	d__Bacteria; p__Firmicutes; c__Clostridia; o__Peptococcales; f__Peptococcaceae; g__uncultured; s__unidentified	0.9389682971786703
e784fc2038e8b2a2c8d6d81c8bf7a813	d__Bacteria	0.9739338757755004
6ff98c1fd082061b0890da5184725398	d__Bacteria; p__Proteobacteria; c__Alphaproteobacteria; o__Caulobacterales; f__Caulobacteraceae	0.9999090012331208
2c973aec87dbfdca438e142af783b034	d__Bacteria; p__Firmicutes; c__Clostridia; o__Lachnospirales; f__Lachnospiraceae	0.9998581384723912
817256014060d20e14c34572b746fa1f	d__Bacteria; p__Firmicutes; c__Clostridia; o__Christensenellales; f__Christensenellaceae; g__Christensenellaceae_R-7_group	0.9504339868736847
0a6be6facc14c1ae66e990dfa8511fe2	d__Bacteria; p__Dependentiae; c__Babeliae; o__Babeliales; f__Babeliaceae; g__Babeliaceae; s__uncultured_bacterium	0.9998652427127005
112f5ba0c0d58d5dd6b22f90b5c3560c	d__Bacteria; p__Chloroflexi; c__Chloroflexia; o__Chloroflexales; f__Roseiflexaceae; g__uncultured; s__uncultured_bacterium	0.9992979942845576
6dc5bb60e5e10534d3f97832b0993caf	d__Bacteria; p__Firmicutes; c__Bacilli; o__Bacillales; f__Bacillaceae	0.715426215927442
a5613a2082fc7bf6f2e90a99eb09866a	d__Bacteria; p__Cyanobacteria; c__Vampirivibrionia; o__Vampirovibrionales; f__Vampirovibrionaceae; g__Vampirovibrio	0.9154408075454912
4edaa2fdc6f01d75ee0f79ed13f49991	d__Bacteria; p__Firmicutes; c__Clostridia; o__Peptostreptococcales-Tissierellales; f__Peptostreptococcaceae	0.8099364443015973
8dfed9ae983639289691062bc363f225	d__Bacteria; p__Firmicutes	0.9449270603365411
7a25b09f70c2b79f8faa68ca20376552	d__Bacteria; p__Firmicutes; c__Clostridia; o__Oscillospirales; f__Ruminococcaceae; g__Incertae_Sedis	0.8595127845289161
0ab3c5df042b2fe941c7d2ce1c9f14e2	d__Bacteria; p__Proteobacteria; c__Gammaproteobacteria; o__Burkholderiales; f__SC-I-84; g__SC-I-84; s__uncultured_organism	0.9862084367433513
e4ed6701b9322ee3d42bfe3bb3d1a74e	d__Bacteria; p__Chloroflexi; c__Chloroflexia; o__Chloroflexales; f__Chloroflexaceae; g__FFCH7168; s__uncultured_bacterium	0.9999999555306412
34bd54e71711d8cab23b627dffd4fc03	d__Bacteria; p__Firmicutes; c__Clostridia; o__Peptostreptococcales-Tissierellales; f__Anaerovoracaceae; g__Family_XIII_AD3011_group; s__uncultured_organism	0.8584057554781102
7d11b5fa727f2fbd3402f37061e9a0fc	d__Bacteria; p__Chloroflexi; c__KD4-96; o__KD4-96; f__KD4-96; g__KD4-96; s__uncultured_Chloroflexi	0.788003574218219
4979ffc6de8728795fb43b4a786a52de	d__Bacteria; p__Firmicutes; c__Clostridia; o__Christensenellales; f__Christensenellaceae; g__Christensenellaceae_R-7_group	0.9999891548477665
6faac604e7e45acb79c8093ae607401a	d__Bacteria; p__Proteobacteria; c__Alphaproteobacteria; o__Acetobacterales; f__Acetobacteraceae; g__Craurococcus-Caldovatus; s__uncultured_bacterium	0.9874130161314308
fadd12f86fd97f23de5f7887f2d8e822	d__Bacteria; p__Firmicutes; c__Clostridia	0.9991078956934324
cd161fefca5de877f63d5aec63885c66	d__Bacteria; p__Acidobacteriota; c__Acidobacteriae; o__Bryobacterales; f__Bryobacteraceae; g__Bryobacter	0.9999815903571961
372e7b1e5eefc4f658c59b106d81339b	d__Bacteria; p__Bacteroidota; c__Bacteroidia; o__Bacteroidales; f__Bacteroidaceae; g__Bacteroides	0.9948574215255147
22b792a99ef033c5f7a76a4d0a1bcaa6	d__Bacteria; p__Actinobacteriota; c__Acidimicrobiia; o__Microtrichales; f__Ilumatobacteraceae; g__CL500-29_marine_group; s__bacterium_enrichment	0.9954902526373326
fdeea76e29030af35b270be86dd7bc01	d__Bacteria	0.996876977294933
1c34b9800071868dcccc6048d461fa93	d__Bacteria; p__Bacteroidota; c__Bacteroidia; o__Bacteroidales; f__Prolixibacteraceae; g__uncultured; s__uncultured_prokaryote	0.9444533857966634
89cbbeb8f668204f3fcc4bfd0d0e2eed	d__Bacteria; p__Bacteroidota; c__Bacteroidia; o__Flavobacteriales; f__Cryomorphaceae; g__NS10_marine_group; s__uncultured_bacterium	0.9949641968883272
b0a2b7e1bbea24e9485f79ca381744ff	d__Bacteria; p__Firmicutes; c__Negativicutes; o__Veillonellales-Selenomonadales; f__Veillonellaceae; g__Dialister	0.9996254907645608
29f80e3fa11ee71c4c1955660828f909	d__Bacteria; p__Actinobacteriota; c__Actinobacteria; o__Frankiales; f__Sporichthyaceae; g__Sporichthyaceae	0.9086045282380893
332d38b4ecad5ceebe601dac7909a3bc	d__Bacteria; p__Proteobacteria; c__Alphaproteobacteria; o__Rickettsiales; f__Mitochondria; g__Mitochondria; s__uncultured_bacterium	0.7175270442272653
e76ae39e292d65658f924119b4d8da72	d__Bacteria; p__Firmicutes; c__Bacilli; o__Erysipelotrichales; f__Erysipelotrichaceae	0.966212501015218
249ff6a60f31168fef8ac7dd7e7c1dc9	d__Bacteria; p__Desulfobacterota; c__Desulfovibrionia; o__Desulfovibrionales; f__Desulfovibrionaceae; g__Desulfovibrio; s__Brachyspira_sp.	0.7139121896787108
d9e8aa19859a559d04c95ab5e3efac49	d__Bacteria; p__Firmicutes; c__Bacilli; o__Lactobacillales; f__Lactobacillaceae; g__Lactobacillus; s__Lactobacillus_iners	0.9956876021276087
12298d6e1d9c791ef7167b9d919270c2	d__Bacteria; p__Actinobacteriota; c__Actinobacteria; o__Bifidobacteriales; f__Bifidobacteriaceae; g__Bifidobacterium	0.9996040701794123
70399b3e5f411b5e77aeddf8627244be	d__Bacteria; p__Firmicutes; c__Clostridia; o__Lachnospirales; f__Lachnospiraceae; g__Anaerostipes	0.9938885111419261
474354873b84f2f9ec2ace50d323544d	d__Bacteria; p__Firmicutes; c__Clostridia; o__Peptostreptococcales-Tissierellales; f__Peptostreptococcales-Tissierellales; g__Parvimonas	0.9999999970910602
43421d31c50d505e89bba9ba51dc5bbd	d__Bacteria; p__Firmicutes; c__Clostridia; o__Oscillospirales; f__Ruminococcaceae; g__Subdoligranulum; s__metagenome	0.7838883728324667
d0a2a4c98c532da5c8401fd85e291c2b	d__Bacteria; p__Firmicutes; c__Clostridia; o__Peptostreptococcales-Tissierellales; f__Peptostreptococcales-Tissierellales; g__Fenollaria	0.9999999999164355
926680649564bf4717092ee178819b18	d__Bacteria; p__Firmicutes; c__Clostridia; o__Lachnospirales; f__Lachnospiraceae; g__uncultured; s__uncultured_organism	0.970524319729292
6ac83206768c23cafffbbd7f2e3f9bf3	d__Bacteria; p__Firmicutes; c__Clostridia; o__Oscillospirales; f__Ruminococcaceae; g__Subdoligranulum	0.9976725698805577
208bf6122dd24dd0981ebe8d6dfffd0e	d__Bacteria; p__Firmicutes; c__Bacilli; o__Erysipelotrichales; f__Erysipelotrichaceae; g__[Clostridium]_innocuum_group	0.9999967093307871
cfba5125fd49bed0346ecfef6b0738d4	d__Bacteria; p__Firmicutes; c__Negativicutes; o__Veillonellales-Selenomonadales; f__Veillonellaceae; g__Veillonella	0.9354381447113922
507b4ac7f80e0cf925c6f2c8baa571d9	d__Bacteria; p__Firmicutes; c__Bacilli; o__Erysipelotrichales; f__Erysipelotrichaceae; g__Dielma; s__Dielma_fastidiosa	0.7765076016387615
24b9e3553531ae35018c76f8f434ecd9	d__Bacteria; p__Firmicutes; c__Clostridia; o__Lachnospirales; f__Lachnospiraceae; g__Eisenbergiella; s__uncultured_bacterium	0.7354731200169795
470932d613ab77f3167d901a55e27945	d__Bacteria; p__Firmicutes; c__Bacilli; o__Lactobacillales; f__Streptococcaceae; g__Streptococcus	0.7370034312592534
a7079f09c41265a250cc46f3efcc2432	d__Bacteria; p__Firmicutes; c__Clostridia; o__Oscillospirales; f__Ruminococcaceae; g__Fournierella; s__uncultured_organism	0.9996914472108095
df6022585100a956e5be1d9668edbfdc	d__Bacteria; p__Firmicutes; c__Clostridia	0.9915036300713828
6bce3fe6cf843f00d0dd02c40542ac34	d__Bacteria; p__Firmicutes; c__Clostridia; o__Lachnospirales; f__Lachnospiraceae	0.990843195585245
be9f8e4a40118edb99cf552cbb0f816d	d__Bacteria; p__Firmicutes; c__Clostridia; o__Oscillospirales; f__Oscillospiraceae; g__NK4A214_group	0.9993545383257733
56fae370e0c79c5e5da3f4ef12fed4c6	d__Bacteria; p__Firmicutes; c__Clostridia; o__Lachnospirales; f__Lachnospiraceae	0.764669003780791
2ef5f6ad22ecbcb4d6f9f3e1ada633b8	d__Bacteria; p__Firmicutes; c__Bacilli; o__Lactobacillales; f__Streptococcaceae; g__Streptococcus	0.8731615116599329
0bf059f8a4f2c35b2dcbf4a27f892af5	d__Bacteria; p__Bacteroidota; c__Bacteroidia; o__Bacteroidales; f__Tannerellaceae; g__Parabacteroides	0.9982377159001766
33a8b436d88cf159e0497b0cbcf12116	d__Bacteria; p__Firmicutes; c__Bacilli; o__Lactobacillales; f__Lactobacillaceae; g__Lactobacillus	0.863133348903743
e7812548f3c027c84172bd5d93adb2b3	d__Bacteria; p__Firmicutes; c__Clostridia; o__Lachnospirales; f__Lachnospiraceae	0.9971338461517514
a0d139d80eabe40ab2c3b82ca6dacd46	d__Bacteria; p__Firmicutes; c__Negativicutes; o__Acidaminococcales; f__Acidaminococcaceae; g__Phascolarctobacterium	0.7986804490102887
02e5dc40b6ef171764ed78aacef06cb6	d__Bacteria	0.9999999999978735
75056a348617cc0d41523b0ee154f649	d__Bacteria; p__Firmicutes; c__Clostridia; o__Oscillospirales; f__Ruminococcaceae; g__Subdoligranulum	0.8679689574719015
5fda5b2700d1dda74226aa1e899250d2	d__Bacteria; p__Bacteroidota; c__Bacteroidia; o__Bacteroidales; f__Muribaculaceae; g__Muribaculaceae; s__uncultured_bacterium	0.9078576491407225
34615b403fe1f1bd4053308faea3dfd0	d__Bacteria; p__Firmicutes; c__Clostridia; o__Lachnospirales; f__Lachnospiraceae; g__Lachnospiraceae_NK4A136_group; s__human_gut	0.7566230874107928
d847468413666b29cd33e59e53b1588e	d__Bacteria; p__Firmicutes; c__Clostridia; o__Lachnospirales; f__Lachnospiraceae	0.8669946263307822
0433079bb8f3f967cb73461055a388b4	d__Bacteria; p__Firmicutes; c__Clostridia; o__Oscillospirales; f__Ruminococcaceae; g__Incertae_Sedis	0.9877617430051857
58034f308d65456b896ba96967867de2	d__Bacteria; p__Actinobacteriota; c__Coriobacteriia; o__Coriobacteriales; f__Eggerthellaceae; g__Gordonibacter	0.9999948505698347
9d17efae2544a349ce5cedf311ebd6cb	d__Bacteria; p__Firmicutes; c__Clostridia; o__Christensenellales; f__Christensenellaceae; g__Catabacter	0.7775043306635223
478ef7e5e210b0be7b53de38b5f9e34a	d__Bacteria; p__Proteobacteria; c__Alphaproteobacteria; o__Rhodospirillales; f__Rhodospirillaceae; g__uncultured; s__metagenome	0.9480390394336138
3faf0109ffa329991d08f7032aad4a87	d__Bacteria; p__Firmicutes; c__Clostridia; o__Oscillospirales; f__Oscillospiraceae	0.7683397803678967
0ee3eb9cc760e10253f6cdf8161084a6	d__Bacteria; p__Firmicutes; c__Clostridia; o__Lachnospirales; f__Lachnospiraceae; g__Epulopiscium; s__uncultured_bacterium	0.852117092071854
37f4b99dd8cc3b7232496eed5cf62cfb	d__Bacteria; p__Fusobacteriota; c__Fusobacteriia; o__Fusobacteriales; f__Fusobacteriaceae; g__Fusobacterium	0.9999990218484786
cc69a5f2e6b61743bb044f362ba78f34	d__Bacteria; p__Firmicutes; c__Negativicutes; o__Veillonellales-Selenomonadales; f__Veillonellaceae; g__Veillonella	0.9999999895981266
82d4689838e68f636f4ae4a633bfd8a7	d__Bacteria; p__Firmicutes; c__Clostridia; o__Lachnospirales; f__Lachnospiraceae; g__[Eubacterium]_oxidoreducens_group; s__uncultured_bacterium	0.8599270504877254
2f9c827eaa932389ddb44b1433dee246	d__Bacteria; p__Firmicutes; c__Clostridia; o__Lachnospirales; f__Lachnospiraceae	0.9854585050088961
90fb8129934b5720cc6507ab7ba106c9	d__Bacteria; p__Firmicutes; c__Clostridia; o__Peptostreptococcales-Tissierellales; f__Peptostreptococcaceae	0.999532007655617
7e6de54957323609e4426338247fba98	d__Bacteria; p__Firmicutes; c__Clostridia; o__Lachnospirales; f__Lachnospiraceae; g__Lachnospiraceae_UCG-008; s__uncultured_bacterium	0.8377681639954974
683e3dc1d7b9354540a777717dacacd9	d__Bacteria; p__Firmicutes; c__Clostridia; o__Lachnospirales; f__Lachnospiraceae; g__Lachnospiraceae_ND3007_group; s__metagenome	0.9258302472450409
c20cce70cdfb36b21c1b7efb49c5d70c	d__Bacteria; p__Planctomycetota; c__Planctomycetes; o__Pirellulales; f__Pirellulaceae; g__Rhodopirellula	0.999998306719385
96f9ffc7535c29403bd2fdb3aa9b0942	d__Bacteria; p__Firmicutes; c__Bacilli; o__Lactobacillales; f__Streptococcaceae; g__Lactococcus	0.9954329972357296
e3563419043ea1652f1629406eca9bdb	d__Bacteria; p__Firmicutes; c__Clostridia; o__Christensenellales; f__Christensenellaceae; g__Christensenellaceae_R-7_group	0.9570375125503597
28521f632f4734064fe734f5043adefb	d__Bacteria; p__Nitrospirota; c__Thermodesulfovibrionia; o__uncultured; f__uncultured; g__uncultured; s__uncultured_Nitrospirae	0.7582968211880773
3d11fbb601d7ea78d19d2a891f222a23	d__Bacteria; p__Proteobacteria; c__Alphaproteobacteria; o__Rickettsiales; f__Mitochondria; g__Mitochondria	0.8133400881808277
a6313a5f07d988e982e37992fbc51c81	d__Bacteria; p__Bacteroidota; c__Bacteroidia; o__Sphingobacteriales; f__NS11-12_marine_group; g__NS11-12_marine_group; s__uncultured_Cytophagales	0.9976280548544233
f1b868e2f716c1ffb6bddf38b10c4dd4	d__Bacteria; p__Planctomycetota; c__Planctomycetes; o__Pirellulales; f__Pirellulaceae	0.9999999999994545
62d360ee8f451afab94400b028fc8bae	d__Bacteria; p__Bacteroidota; c__Bacteroidia; o__Flavobacteriales; f__Flavobacteriaceae; g__Flavobacterium	0.999996125657858
7804a59d7b1aeb598a8c6fdac7518f62	d__Bacteria	0.999999999968198
2ee85f4dfd8cd475e1b63de3e3160396	d__Bacteria; p__Proteobacteria; c__Gammaproteobacteria; o__Burkholderiales; f__Alcaligenaceae; g__GKS98_freshwater_group	0.7138217023832147
059d3dfe1c68878269ba86cd1f821313	d__Bacteria; p__Firmicutes; c__Clostridia; o__Oscillospirales; f__Ruminococcaceae; g__uncultured; s__uncultured_bacterium	0.7572272986418103
d87f2438f3eb26512b66def567e10b90	d__Bacteria; p__Firmicutes; c__Clostridia; o__Christensenellales; f__Christensenellaceae; g__Christensenellaceae_R-7_group; s__uncultured_marine	0.9999182332081034
7eabe18cf009fb7ba4c1f3389f7bfc32	d__Bacteria; p__Firmicutes; c__Clostridia; o__Lachnospirales; f__Lachnospiraceae	0.9516879462630864
