	SRR19621115	SRR19621116	SRR19621117	SRR19621118	SRR19621119	SRR19621120	SRR19621121	SRR19621125	SRR19621126	SRR19621127	SRR19621128	SRR19621129	SRR19621130	SRR19621131	SRR19621132	SRR19621133	SRR19621134	SRR19621135	SRR19621136	SRR19621137	SRR19621138	SRR19621139	SRR19621140	SRR19621141	SRR19621142	SRR19621143	SRR19621144	SRR19621145	SRR19621146	SRR19621147	SRR19621148	SRR19621149	SRR19621150	SRR19621151	SRR19621152	SRR19621153	SRR19621154	SRR19621155	SRR19621156	SRR19621157	SRR19621158	SRR19621159	SRR19621160	SRR19621161	SRR19621162	SRR19621163	SRR19621164	SRR19621165	SRR19621166	SRR19621167	SRR19621168	SRR19621169	SRR19621170	SRR19621171	SRR19621172	SRR19621173	SRR19621174	SRR19621175	SRR19621176	SRR19621177	SRR19621178	SRR19621179	SRR19621180	SRR19621181	SRR19621182	SRR19621183	SRR19621184	SRR19621185	SRR19621186	SRR19621187	SRR19621188	SRR19621189	SRR19621190	SRR19621191	SRR19621192	SRR19621193	SRR19621194	SRR19621195	SRR19621196	SRR19621197	SRR19621198	SRR19621199	SRR19621200	SRR19621201	SRR19621202	SRR19621203	SRR19621204	SRR19621205	SRR19621206	SRR19621207	SRR19621208	SRR19621209	SRR19621210	SRR19621211	SRR19621212	SRR19621213	SRR19621214	SRR19621215	SRR19621216	SRR19621217	SRR19621218	SRR19621219	SRR19621220	SRR19621221	SRR19621222	SRR19621223	SRR19621224	SRR19621225	SRR19621226	SRR19621227	SRR19621228	SRR19621229	SRR19621230	SRR19621231	SRR19621232	SRR19621233	SRR19621234
SRR19621115	0.0	0.4438202247191011	0.631336405529954	0.8333333333333334	0.8232758620689655	0.7909090909090909	0.8046511627906977	0.7806691449814126	0.8412698412698413	0.8407079646017699	0.8285714285714286	0.8129496402877698	0.832089552238806	0.8322368421052632	0.8369565217391305	0.8097345132743363	0.7939914163090128	0.8024193548387096	0.8044280442804428	0.8142292490118577	0.7689075630252101	0.8454545454545455	0.7892561983471075	0.8178137651821862	0.822429906542056	0.8164251207729468	0.8101851851851852	0.7910447761194029	0.7853403141361257	0.7806122448979592	0.7706422018348624	0.8075313807531381	0.8243243243243243	0.7884615384615384	0.8221153846153846	0.8300970873786407	0.8539823008849557	0.8465116279069768	0.8661417322834646	0.776255707762557	0.8722466960352423	0.8647540983606558	0.8608695652173913	0.8451327433628318	0.8347457627118644	0.819047619047619	0.839622641509434	0.8476190476190476	0.8356164383561644	0.8269230769230769	0.7972508591065293	0.8111888111888111	0.8042704626334519	0.84	0.8734693877551021	0.8422818791946308	0.8305647840531561	0.8535564853556485	0.8666666666666667	0.8798449612403101	0.7880184331797235	0.7936507936507936	0.8744939271255061	0.825531914893617	0.825531914893617	0.8125	0.8043478260869565	0.8731707317073171	0.8465116279069768	0.8523809523809524	0.8995983935742972	0.8289473684210527	0.7736625514403292	0.7827868852459017	0.8488888888888889	0.8477157360406091	0.8356807511737089	0.8556701030927835	0.8472222222222222	0.8346153846153846	0.8527397260273972	0.8402777777777778	0.8497854077253219	0.8109243697478992	0.8411552346570397	0.819047619047619	0.8044444444444444	0.7808764940239044	0.7707509881422925	0.8642857142857143	0.7656903765690377	0.7982062780269058	0.8222222222222222	0.759825327510917	0.7918552036199095	0.7777777777777778	0.7476635514018691	0.7347826086956522	0.7450980392156863	0.8414634146341463	0.8557692307692307	0.8349514563106796	0.8454545454545455	0.8038277511961722	0.8706467661691543	0.8687782805429864	0.8620689655172413	0.8537549407114624	0.8648648648648649	0.8823529411764706	0.8695652173913043	0.8613861386138614	0.8028846153846154	0.8184931506849316	0.8097560975609757	0.8388278388278388	0.8503937007874016
SRR19621116	0.4438202247191011	0.0	0.6784140969162996	0.8738317757009346	0.825531914893617	0.8097345132743363	0.8018433179723502	0.8093525179856115	0.8385826771653543	0.8675213675213675	0.8681818181818182	0.8315789473684211	0.8382352941176471	0.8525641025641025	0.8638743455497382	0.847457627118644	0.8215767634854771	0.8372093023255814	0.8362989323843416	0.8479087452471483	0.8016194331983806	0.8826086956521739	0.816	0.84765625	0.8248847926267281	0.8301886792452831	0.8288288288288288	0.8285714285714286	0.8366336633663366	0.8252427184466019	0.8217391304347826	0.852589641434263	0.8765957446808511	0.813953488372093	0.8571428571428571	0.8598130841121495	0.8803418803418803	0.8693693693693694	0.8850574712643678	0.8114035087719298	0.8978723404255319	0.8755020080321285	0.8958333333333334	0.8907563025210085	0.8559670781893004	0.8486238532110092	0.8525345622119815	0.8657407407407407	0.8482142857142857	0.8511627906976744	0.8193979933110368	0.8293515358361775	0.8269896193771626	0.8581560283687943	0.9015748031496063	0.8664495114006515	0.8511326860841424	0.8785425101214575	0.8897338403041825	0.9022556390977443	0.8177777777777778	0.8192307692307692	0.8980392156862745	0.8375	0.8326359832635983	0.8304347826086956	0.8319327731092437	0.9166666666666666	0.8991228070175439	0.8858447488584474	0.9263565891472868	0.8412017167381974	0.82421875	0.8326848249027238	0.8803418803418803	0.8725490196078431	0.8794642857142857	0.9024390243902439	0.8849557522123894	0.8791208791208791	0.8619528619528619	0.8576271186440678	0.8755186721991701	0.8278688524590164	0.8551236749116607	0.8433179723502304	0.8122270742358079	0.7834645669291339	0.7734375	0.8697183098591549	0.808	0.8318965517241379	0.864406779661017	0.8091286307053942	0.8362068965517241	0.8289473684210527	0.7901785714285714	0.7950819672131147	0.8064516129032258	0.8635014836795252	0.8714733542319749	0.8476190476190476	0.8577777777777778	0.8552036199095022	0.883495145631068	0.8603603603603603	0.8764044943820225	0.8643410852713178	0.8864628820960698	0.9	0.8925233644859814	0.8957345971563981	0.8493150684931506	0.8552631578947368	0.8457943925233645	0.8530465949820788	0.8653846153846154
SRR19621117	0.631336405529954	0.6784140969162996	0.0	0.8552631578947368	0.816	0.8106995884773662	0.8135593220338984	0.8061224489795918	0.8461538461538461	0.8508064516129032	0.8253275109170306	0.8464052287581699	0.8571428571428571	0.8404907975460123	0.8495145631067961	0.8412698412698413	0.8125	0.8278388278388278	0.8316498316498316	0.8422939068100358	0.8424908424908425	0.8553719008264463	0.850909090909091	0.8419117647058824	0.8297872340425532	0.8088888888888889	0.7931034482758621	0.8177777777777778	0.8028169014084507	0.8036529680365296	0.7975206611570248	0.796875	0.831275720164609	0.8043478260869565	0.8296943231441049	0.8214285714285714	0.8489795918367347	0.8418803418803419	0.8566176470588235	0.8024691358024691	0.8884462151394422	0.8847583643122676	0.8779527559055118	0.8502024291497976	0.8174603174603174	0.8217391304347826	0.8304347826086956	0.827433628318584	0.8319327731092437	0.8237885462555066	0.8233438485804416	0.8327974276527331	0.8381877022653722	0.8367346938775511	0.8801498127340824	0.8535825545171339	0.8461538461538461	0.8443579766536965	0.8736462093862816	0.8695652173913043	0.8605577689243028	0.8485915492957746	0.868421052631579	0.8365758754863813	0.83203125	0.8252032520325203	0.8313725490196079	0.8609865470852018	0.8268398268398268	0.8421052631578947	0.9040590405904059	0.8163265306122449	0.8111111111111111	0.8278388278388278	0.8395061728395061	0.8425925925925926	0.8268398268398268	0.8812785388127854	0.847457627118644	0.8439716312056738	0.8634920634920635	0.8483870967741935	0.8073770491803278	0.813953488372093	0.8494983277591973	0.8318965517241379	0.8178137651821862	0.7859778597785978	0.7720588235294118	0.8595317725752508	0.7722007722007722	0.7925311203319502	0.8387096774193549	0.7620967741935484	0.7866108786610879	0.7890295358649789	0.7510729613733905	0.7183673469387755	0.7544642857142857	0.8419540229885057	0.8622754491017964	0.8463855421686747	0.8361344537815126	0.8078602620087336	0.8738738738738738	0.8432203389830508	0.8278388278388278	0.8233082706766918	0.8636363636363636	0.8590909090909091	0.8678414096916299	0.85	0.8225108225108225	0.8641975308641975	0.8185840707964602	0.8435374149659864	0.8461538461538461
SRR19621118	0.8333333333333334	0.8738317757009346	0.8552631578947368	0.0	0.7783505154639175	0.7894736842105263	0.7857142857142857	0.7983539094650206	0.8416289592760181	0.7914438502673797	0.75	0.8692307692307693	0.8647540983606558	0.8483754512635379	0.7375886524822695	0.7864583333333334	0.7810945273631841	0.8136363636363636	0.8433734939759037	0.8161434977578476	0.8318181818181818	0.7325581395348837	0.8423423423423423	0.751219512195122	0.8	0.7409638554216867	0.7653631284916201	0.7454545454545455	0.7272727272727273	0.7391304347826086	0.7391304347826086	0.7611940298507462	0.7215909090909091	0.7294117647058823	0.7333333333333333	0.7423312883435583	0.7471910112359551	0.7529411764705882	0.8169014084507042	0.7916666666666666	0.75	0.7315789473684211	0.7717391304347826	0.7288135593220338	0.7806122448979592	0.7455621301775148	0.8268156424581006	0.7439024390243902	0.7485714285714286	0.7393939393939394	0.8283582089552238	0.8307692307692308	0.8326848249027238	0.8305785123966942	0.8059701492537313	0.8383458646616542	0.8467153284671532	0.7731958762886598	0.8177570093457944	0.8394495412844036	0.7663043478260869	0.8035714285714286	0.8078817733990148	0.7564766839378239	0.7628865979381443	0.7894736842105263	0.7743589743589744	0.803680981595092	0.7816091954022989	0.7869822485207101	0.8217821782178217	0.7377049180327869	0.8090909090909091	0.780373831775701	0.7471910112359551	0.7597402597402597	0.7529411764705882	0.7763157894736842	0.7245508982035929	0.7405660377358491	0.8455598455598455	0.8127490039840638	0.7659574468085106	0.7711442786069652	0.86	0.7305389221556886	0.7736842105263158	0.8209606986899564	0.793859649122807	0.8489795918367347	0.7783018867924528	0.7593582887700535	0.7819148936170213	0.7722772277227723	0.7445652173913043	0.7333333333333333	0.745945945945946	0.7621359223300971	0.75	0.8533333333333334	0.8657243816254417	0.8469750889679716	0.7398843930635838	0.7411764705882353	0.8209876543209876	0.7840909090909091	0.7511961722488039	0.784688995215311	0.7657142857142857	0.7692307692307693	0.7547169811320755	0.7643312101910829	0.5	0.7231404958677686	0.783625730994152	0.8436213991769548	0.852017937219731
SRR19621119	0.8232758620689655	0.825531914893617	0.816	0.7783505154639175	0.0	0.38414634146341464	0.4294478527607362	0.8021978021978022	0.8543307086614174	0.7630331753554502	0.7172774869109948	0.7631578947368421	0.8091603053435115	0.7622377622377622	0.8033707865168539	0.6990291262135923	0.7155963302752294	0.7074235807860262	0.73828125	0.7112068965517241	0.8854961832061069	0.8009478672985783	0.8682170542635659	0.8266129032258065	0.874439461883408	0.8325358851674641	0.8148148148148148	0.7960199004975125	0.7842105263157895	0.7857142857142857	0.665	0.6346153846153846	0.7962962962962963	0.6505376344086021	0.7860696517412935	0.7878787878787878	0.8378378378378378	0.8238095238095238	0.6894977168949772	0.7285714285714285	0.8461538461538461	0.8205128205128205	0.8190045248868778	0.7439613526570048	0.8724279835390947	0.8772727272727273	0.9111111111111111	0.795	0.7788461538461539	0.7788944723618091	0.7121771217712177	0.6911196911196911	0.6653386454183267	0.6582278481012658	0.9	0.7164179104477612	0.6902985074626866	0.8432203389830508	0.7142857142857143	0.7256637168141593	0.8036529680365296	0.8479087452471483	0.9137254901960784	0.8095238095238095	0.6842105263157895	0.7320574162679426	0.7136150234741784	0.8020833333333334	0.7951219512195122	0.8118811881188119	0.908	0.7272727272727273	0.8167330677290837	0.7818930041152263	0.7655502392344498	0.7582417582417582	0.7772277227722773	0.824468085106383	0.7961165048543689	0.8063241106719368	0.7898550724637681	0.7386363636363636	0.8026905829596412	0.8442622950819673	0.7596899224806202	0.8238095238095238	0.6732673267326733	0.7601626016260162	0.7242798353909465	0.7807692307692308	0.6991150442477876	0.697560975609756	0.7368421052631579	0.7422222222222222	0.7024390243902439	0.685	0.7405660377358491	0.7111111111111111	0.725	0.7654723127035831	0.7464788732394366	0.7577854671280276	0.8341013824884793	0.7295918367346939	0.864321608040201	0.8418604651162791	0.7350427350427351	0.7379912663755459	0.7386934673366834	0.8358974358974359	0.7989690721649485	0.8072916666666666	0.7282051282051282	0.8299319727891157	0.7727272727272727	0.7509881422924901	0.7721518987341772
SRR19621120	0.7909090909090909	0.8097345132743363	0.8106995884773662	0.7894736842105263	0.38414634146341464	0.0	0.453416149068323	0.8148148148148148	0.8685258964143426	0.784688995215311	0.7065217391304348	0.7940074906367042	0.8314176245210728	0.7867132867132867	0.7953216374269005	0.7571428571428571	0.7647058823529411	0.7489177489177489	0.7799227799227799	0.7304347826086957	0.88671875	0.8173076923076923	0.8779527559055118	0.8360655737704918	0.8909090909090909	0.8267326732673267	0.7971014492753623	0.7948717948717948	0.7956989247311828	0.7905759162303665	0.6666666666666666	0.6682692307692307	0.8066037735849056	0.6739130434782609	0.7908163265306123	0.7801047120418848	0.8538812785388128	0.8349514563106796	0.7272727272727273	0.7559808612440191	0.8518518518518519	0.8304347826086956	0.8348623853211009	0.7598039215686274	0.8638297872340426	0.8732394366197183	0.91324200913242	0.7938144329896907	0.7832512315270936	0.7772020725388601	0.7238805970149254	0.732824427480916	0.7137254901960784	0.7148760330578512	0.9061224489795918	0.7425373134328358	0.725925925925926	0.8484848484848485	0.7675438596491229	0.7511111111111111	0.813953488372093	0.8482490272373541	0.9156626506024096	0.8141592920353983	0.6862745098039216	0.7352941176470589	0.722488038277512	0.7945945945945946	0.7939698492462312	0.8051282051282052	0.9142857142857143	0.7114427860696517	0.8065843621399177	0.7702127659574468	0.7874396135265701	0.7696629213483146	0.7817258883248731	0.8241758241758241	0.812807881773399	0.83399209486166	0.8021978021978022	0.7557251908396947	0.8127853881278538	0.8445378151260504	0.7579365079365079	0.8235294117647058	0.695	0.768595041322314	0.7322175732217573	0.7890625	0.6954545454545454	0.6934673366834171	0.715	0.7454545454545455	0.6919191919191919	0.7135678391959799	0.7439613526570048	0.7194570135746606	0.7216494845360825	0.7961165048543689	0.7797202797202797	0.7777777777777778	0.839622641509434	0.7127659574468085	0.859375	0.8584905660377359	0.759656652360515	0.7522123893805309	0.7551020408163265	0.8235294117647058	0.8042328042328042	0.8	0.7382198952879581	0.8537414965986394	0.7578947368421053	0.7439024390243902	0.7863247863247863
SRR19621121	0.8046511627906977	0.8018433179723502	0.8135593220338984	0.7857142857142857	0.4294478527607362	0.453416149068323	0.0	0.8308270676691729	0.8729508196721312	0.7990196078431373	0.7134831460674157	0.7915057915057915	0.8346456692913385	0.7885304659498208	0.7987804878048781	0.74	0.7368421052631579	0.7931034482758621	0.8054474708171206	0.7695652173913043	0.900398406374502	0.815	0.8870967741935484	0.8445378151260504	0.8809523809523809	0.8186528497409327	0.8118811881188119	0.7849462365591398	0.7853107344632768	0.8	0.6789473684210526	0.6798029556650246	0.803921568627451	0.6494252873563219	0.7936507936507936	0.8148148148148148	0.8691588785046729	0.8507462686567164	0.7336448598130841	0.7386934673366834	0.8341463414634146	0.8181818181818182	0.8164251207729468	0.7551020408163265	0.8782608695652174	0.8840579710144928	0.9248826291079812	0.7903225806451613	0.797979797979798	0.7925531914893617	0.7620817843866171	0.7431906614785992	0.7188755020080321	0.7148936170212766	0.902542372881356	0.7575757575757576	0.7406015037593985	0.8628318584070797	0.7465437788018433	0.7465437788018433	0.8229665071770335	0.8656126482213439	0.9125	0.8009259259259259	0.7178217821782178	0.7424242424242424	0.7352941176470589	0.8241758241758241	0.8092783505154639	0.8210526315789474	0.9110169491525424	0.717948717948718	0.8340248962655602	0.8085106382978723	0.7839195979899497	0.757396449704142	0.7905759162303665	0.8081395348837209	0.8163265306122449	0.8373983739837398	0.8089887640449438	0.7665369649805448	0.7990430622009569	0.8281938325991189	0.784	0.8092783505154639	0.7336683417085427	0.7805907172995781	0.759493670886076	0.8007968127490039	0.6948356807511737	0.6994818652849741	0.7150259067357513	0.7638888888888888	0.7309644670050761	0.7268041237113402	0.7386934673366834	0.719626168224299	0.7287234042553191	0.79	0.7943262411347518	0.7922535211267606	0.8325123152709359	0.7405405405405405	0.8709677419354839	0.8578431372549019	0.7555555555555555	0.7534246575342466	0.7365591397849462	0.8146067415730337	0.7944444444444444	0.7966101694915254	0.7252747252747253	0.8409893992932862	0.7595628415300546	0.7704918032786885	0.793859649122807
SRR19621125	0.7806691449814126	0.8093525179856115	0.8061224489795918	0.7983539094650206	0.8021978021978022	0.8148148148148148	0.8308270676691729	0.0	0.5583333333333333	0.5701357466063348	0.8326848249027238	0.780952380952381	0.7967213114754098	0.7899408284023669	0.8245614035087719	0.8211678832116789	0.8035714285714286	0.7142857142857143	0.74	0.7876712328767124	0.7427536231884058	0.8244274809160306	0.7427536231884058	0.7553956834532374	0.8409090909090909	0.8455598455598455	0.821969696969697	0.812	0.8083333333333333	0.7991803278688525	0.7615384615384615	0.7892857142857143	0.7931034482758621	0.7905138339920948	0.7894736842105263	0.8008130081300813	0.7868217054263565	0.8110236220472441	0.8287671232876712	0.7849056603773585	0.7937743190661478	0.791970802919708	0.7938931297709924	0.828996282527881	0.7723880597014925	0.7871485943775101	0.8095238095238095	0.84375	0.8383458646616542	0.8404669260700389	0.7569230769230769	0.7763975155279503	0.7888198757763976	0.8044871794871795	0.7912087912087912	0.8125	0.7952522255192879	0.7896678966789668	0.8372881355932204	0.8412162162162162	0.8037735849056604	0.8106312292358804	0.8100358422939068	0.8297872340425532	0.8043478260869565	0.8235294117647058	0.7992700729927007	0.8461538461538461	0.8110236220472441	0.82	0.8327402135231317	0.797752808988764	0.7692307692307693	0.78125	0.8277153558052435	0.8291666666666667	0.8294573643410853	0.859504132231405	0.8023715415019763	0.802013422818792	0.8067484662576687	0.7987616099071208	0.7849056603773585	0.7700729927007299	0.8738738738738738	0.8110236220472441	0.7857142857142857	0.75	0.75	0.8152866242038217	0.7624113475177305	0.7803030303030303	0.8357664233576643	0.7573529411764706	0.7653846153846153	0.7674418604651163	0.7849056603773585	0.7589928057553957	0.7984496124031008	0.8076923076923077	0.8052325581395349	0.793002915451895	0.8153846153846154	0.7936507936507936	0.8483606557377049	0.8262548262548263	0.7896551724137931	0.784452296819788	0.8093385214007782	0.8582995951417004	0.848	0.831275720164609	0.7682926829268293	0.8053892215568862	0.8127490039840638	0.8442367601246106	0.8802588996763754
SRR19621126	0.8412698412698413	0.8385826771653543	0.8461538461538461	0.8416289592760181	0.8543307086614174	0.8685258964143426	0.8729508196721312	0.5583333333333333	0.0	0.6274509803921569	0.8571428571428571	0.8082191780821918	0.7875457875457875	0.838006230529595	0.84	0.8611111111111112	0.8544061302681992	0.76953125	0.7829181494661922	0.8308823529411765	0.7609561752988048	0.8326180257510729	0.7755905511811023	0.7937743190661478	0.8842975206611571	0.871244635193133	0.8775510204081632	0.8348214285714286	0.8425925925925926	0.815668202764977	0.8326530612244898	0.8346153846153846	0.8127659574468085	0.8362068965517241	0.8362831858407079	0.8280542986425339	0.826271186440678	0.8333333333333334	0.862453531598513	0.8326530612244898	0.7822222222222223	0.8104838709677419	0.8135593220338984	0.8612244897959184	0.8137651821862348	0.8230088495575221	0.831858407079646	0.8444444444444444	0.8577405857740585	0.8508771929824561	0.8354430379746836	0.8338762214983714	0.8580645161290322	0.8498293515358362	0.8145161290322581	0.8512658227848101	0.84375	0.8178137651821862	0.8754578754578755	0.8754578754578755	0.8291666666666667	0.7940074906367042	0.8346456692913385	0.8604651162790697	0.8515625	0.8548387096774194	0.8464566929133859	0.8933333333333333	0.8333333333333334	0.84375	0.8549019607843137	0.8461538461538461	0.8120300751879699	0.8202247191011236	0.8600823045267489	0.8761467889908257	0.8434782608695652	0.8785046728971962	0.8540772532188842	0.8617021276595744	0.8311258278145696	0.8459016393442623	0.823045267489712	0.82421875	0.8921568627450981	0.8333333333333334	0.8237704918032787	0.8088235294117647	0.7948717948717948	0.845360824742268	0.8364312267657993	0.8421052631578947	0.8901960784313725	0.8110236220472441	0.8367346938775511	0.8395061728395061	0.8278688524590164	0.8206106870229007	0.8583333333333333	0.8595988538681948	0.8567073170731707	0.8475609756097561	0.8571428571428571	0.8547008547008547	0.8604651162790697	0.8448275862068966	0.8461538461538461	0.8507462686567164	0.8559322033898306	0.8767123287671232	0.8699551569506726	0.867579908675799	0.7918552036199095	0.8365384615384616	0.8458149779735683	0.8943894389438944	0.9084507042253521
SRR19621127	0.8407079646017699	0.8675213675213675	0.8508064516129032	0.7914438502673797	0.7630331753554502	0.784688995215311	0.7990196078431373	0.5701357466063348	0.6274509803921569	0.0	0.83	0.7862595419847328	0.8055555555555556	0.8172413793103448	0.8323699421965318	0.7819905213270142	0.7828054298642534	0.7389380530973452	0.7619047619047619	0.7848101265822784	0.819327731092437	0.8137254901960784	0.8291666666666667	0.7719298245614035	0.8990825688073395	0.8578431372549019	0.8388625592417062	0.8214285714285714	0.8235294117647058	0.8177083333333334	0.751219512195122	0.7757847533632287	0.7912621359223301	0.7817258883248731	0.8112244897959183	0.8072916666666666	0.8125	0.82	0.7841409691629956	0.7632850241545893	0.7980295566502463	0.7899543378995434	0.7864077669902912	0.8142857142857143	0.8414096916299559	0.8431372549019608	0.8695652173913043	0.8324873096446701	0.8428571428571429	0.84	0.7753623188405797	0.7851851851851852	0.7910447761194029	0.7913385826771654	0.8421052631578947	0.7846715328467153	0.7900355871886121	0.8036529680365296	0.826271186440678	0.8111587982832618	0.8271028037383178	0.8549019607843137	0.8434782608695652	0.8521739130434782	0.7663551401869159	0.8186046511627907	0.7935779816513762	0.8351063829787234	0.8258706467661692	0.8316326530612245	0.8303571428571429	0.8084112149532711	0.8326530612244898	0.8125	0.8181818181818182	0.8315217391304348	0.82	0.8333333333333334	0.8325123152709359	0.8406374501992032	0.8211678832116789	0.7940074906367042	0.8037383177570093	0.8369098712446352	0.8722627737226277	0.8258706467661692	0.7761904761904762	0.824	0.804	0.813953488372093	0.7905982905982906	0.7981220657276995	0.8287037037037037	0.7964601769911505	0.7681159420289855	0.782608695652174	0.7692307692307693	0.7974137931034483	0.8097560975609757	0.8280254777070064	0.8184931506849316	0.8163265306122449	0.8744186046511628	0.7918781725888325	0.8860103626943006	0.8720379146919431	0.8125	0.8270042194092827	0.8	0.851063829787234	0.837696335078534	0.8216216216216217	0.7526315789473684	0.8274647887323944	0.8282828282828283	0.8446969696969697	0.8617886178861789
SRR19621128	0.8285714285714286	0.8681818181818182	0.8253275109170306	0.75	0.7172774869109948	0.7065217391304348	0.7134831460674157	0.8326848249027238	0.8571428571428571	0.83	0.0	0.8473282442748091	0.8508064516129032	0.8194945848375451	0.7346938775510204	0.7704081632653061	0.7894736842105263	0.7882882882882883	0.816	0.7857142857142857	0.8865546218487395	0.7650273224043715	0.9094650205761317	0.831858407079646	0.8743718592964824	0.8206521739130435	0.8010471204188482	0.7921348314606742	0.7560975609756098	0.7873563218390804	0.6813186813186813	0.702020202020202	0.7606382978723404	0.7126436781609196	0.7528735632183908	0.7470588235294118	0.8507462686567164	0.8481675392670157	0.7619047619047619	0.7878787878787878	0.8367346938775511	0.8142857142857143	0.8181818181818182	0.7055555555555556	0.8511627906976744	0.8421052631578947	0.91	0.7771428571428571	0.786096256684492	0.7727272727272727	0.7940074906367042	0.7859922178988327	0.792156862745098	0.7773109243697479	0.9026548672566371	0.7900763358778626	0.7955390334572491	0.8558139534883721	0.7746478873239436	0.780373831775701	0.8480392156862745	0.8688524590163934	0.8986784140969163	0.8301886792452831	0.7411167512690355	0.7604166666666666	0.7711442786069652	0.7771084337349398	0.770949720670391	0.8033707865168539	0.8868778280542986	0.7219251336898396	0.8053097345132744	0.7828054298642534	0.7445652173913043	0.740506329113924	0.7777777777777778	0.7950310559006211	0.7857142857142857	0.8095238095238095	0.8146718146718147	0.7710843373493976	0.7692307692307693	0.8302752293577982	0.8232931726907631	0.7912087912087912	0.7828282828282829	0.8270042194092827	0.8008474576271186	0.8114754098360656	0.722488038277512	0.6666666666666666	0.7049180327868853	0.7632850241545893	0.7287234042553191	0.7446808510638298	0.75	0.7233009708737864	0.7333333333333333	0.7986348122866894	0.7992700729927007	0.8226950354609929	0.8105263157894737	0.425531914893617	0.8563218390804598	0.837696335078534	0.7429906542056075	0.7699530516431925	0.7344632768361582	0.7577639751552795	0.7125	0.7295597484276729	0.7225433526011561	0.8388278388278388	0.5405405405405406	0.8057851239669421	0.8214285714285714
SRR19621129	0.8129496402877698	0.8315789473684211	0.8464052287581699	0.8692307692307693	0.7631578947368421	0.7940074906367042	0.7915057915057915	0.780952380952381	0.8082191780821918	0.7862595419847328	0.8473282442748091	0.0	0.4364406779661017	0.4777777777777778	0.8702928870292888	0.79182156133829	0.7921146953405018	0.7210144927536232	0.7162162162162162	0.7420494699646644	0.8288590604026845	0.8727272727272727	0.8366666666666667	0.8361204013377926	0.9078014184397163	0.8726591760299626	0.8861209964412812	0.8674242424242424	0.8616600790513834	0.8565891472868217	0.7819548872180451	0.7777777777777778	0.8637992831541219	0.792156862745098	0.8423076923076923	0.8488372093023255	0.8709677419354839	0.8823529411764706	0.762589928057554	0.7633587786259542	0.8529411764705882	0.84375	0.8351648351648352	0.8678571428571429	0.8855218855218855	0.8905109489051095	0.9018181818181819	0.8796992481203008	0.8731884057971014	0.8636363636363636	0.7659574468085106	0.7586206896551724	0.7555555555555555	0.75	0.8668941979522184	0.7350157728706624	0.7289719626168224	0.8698630136986302	0.7894736842105263	0.7894736842105263	0.8647686832740213	0.8679245283018868	0.8866666666666667	0.8933333333333333	0.7883211678832117	0.8161764705882353	0.7963636363636364	0.8832684824902723	0.8740740740740741	0.8834586466165414	0.8963210702341137	0.8339350180505415	0.8316831683168316	0.8233333333333334	0.8461538461538461	0.8634538152610441	0.8571428571428571	0.888	0.8576779026217228	0.8710691823899371	0.7467948717948718	0.7619047619047619	0.875	0.8624161073825504	0.7799352750809061	0.8740740740740741	0.8051470588235294	0.8208469055374593	0.8084415584415584	0.7817589576547231	0.7854671280276817	0.7680608365019012	0.8284671532846716	0.7943262411347518	0.7992565055762082	0.8104089219330854	0.8260869565217391	0.8197278911564626	0.8181818181818182	0.7471264367816092	0.7484848484848485	0.7507507507507507	0.8888888888888888	0.823076923076923	0.9115384615384615	0.8953068592057761	0.8272425249169435	0.8231292517006803	0.8377358490566038	0.9118773946360154	0.8973384030418251	0.8871595330739299	0.8446969696969697	0.8410404624277457	0.8416988416988417	0.7810457516339869	0.8163265306122449
SRR19621130	0.832089552238806	0.8382352941176471	0.8571428571428571	0.8647540983606558	0.8091603053435115	0.8314176245210728	0.8346456692913385	0.7967213114754098	0.7875457875457875	0.8055555555555556	0.8508064516129032	0.4364406779661017	0.0	0.5353159851301115	0.8755555555555555	0.8199233716475096	0.8104089219330854	0.7601476014760148	0.7439446366782007	0.7717391304347826	0.8391608391608392	0.8943396226415095	0.8391608391608392	0.8506944444444444	0.9018867924528302	0.8685258964143426	0.8872180451127819	0.8853754940711462	0.8708333333333333	0.8744939271255061	0.8282442748091603	0.8131868131868132	0.8805970149253731	0.836	0.8408163265306122	0.8709677419354839	0.8838951310861424	0.9003831417624522	0.8065693430656934	0.7913385826771654	0.8565891472868217	0.8633093525179856	0.8378378378378378	0.8847583643122676	0.8745519713261649	0.87890625	0.8953488372093024	0.876	0.8778625954198473	0.868	0.7767295597484277	0.7734627831715211	0.7704918032786885	0.7946127946127947	0.8586956521739131	0.7731629392971247	0.7704402515723271	0.8900709219858156	0.8409893992932862	0.8285714285714286	0.8689138576779026	0.8489932885906041	0.875886524822695	0.8986013986013986	0.8157894736842105	0.8132295719844358	0.8150943396226416	0.8934426229508197	0.8918918918918919	0.8976377952755905	0.897887323943662	0.8539325842696629	0.8379310344827586	0.8333333333333334	0.8754716981132076	0.8728813559322034	0.8832684824902723	0.8893617021276595	0.8616600790513834	0.8675496688741722	0.7896440129449838	0.7967741935483871	0.8795620437956204	0.8819444444444444	0.8079470198675497	0.8875968992248062	0.8244274809160306	0.8305084745762712	0.825503355704698	0.797979797979798	0.823943661971831	0.80078125	0.8528301886792453	0.7992565055762082	0.8093385214007782	0.81640625	0.8587360594795539	0.8461538461538461	0.84765625	0.7855072463768116	0.7889908256880734	0.7835365853658537	0.8984962406015038	0.8346774193548387	0.9274193548387096	0.909433962264151	0.845360824742268	0.8496503496503497	0.872093023255814	0.9146341463414634	0.9036144578313253	0.8791666666666667	0.8433734939759037	0.8605341246290801	0.8401639344262295	0.7972972972972973	0.8303886925795053
SRR19621131	0.8322368421052632	0.8525641025641025	0.8404907975460123	0.8483754512635379	0.7622377622377622	0.7867132867132867	0.7885304659498208	0.7899408284023669	0.838006230529595	0.8172413793103448	0.8194945848375451	0.4777777777777778	0.5353159851301115	0.0	0.8697318007662835	0.7632508833922261	0.764505119453925	0.7357859531772575	0.7422360248447205	0.725752508361204	0.8492307692307692	0.856655290102389	0.8421052631578947	0.834375	0.9153094462540716	0.8719723183391004	0.8770764119601329	0.8591549295774648	0.8618181818181818	0.8652482269503546	0.7711267605633803	0.7379310344827587	0.86	0.7712177121771218	0.8273381294964028	0.8540925266903915	0.8852459016393442	0.8885135135135135	0.7491525423728813	0.7580071174377224	0.8339100346020761	0.8376623376623377	0.8048780487804879	0.8445945945945946	0.8769716088328076	0.8771331058020477	0.9136212624584718	0.8586572438162544	0.87248322147651	0.867595818815331	0.7579250720461095	0.7280966767371602	0.7247706422018348	0.717948717948718	0.8738170347003155	0.7168674698795181	0.6957831325301205	0.8836477987421384	0.7908496732026143	0.7788778877887789	0.8646864686468647	0.8775510204081632	0.8885448916408669	0.884375	0.7731958762886598	0.7951388888888888	0.7808219178082192	0.8654545454545455	0.8615916955017301	0.8701754385964913	0.8940809968847352	0.8243243243243243	0.8338461538461538	0.8260869565217391	0.8513513513513513	0.8507462686567164	0.8694158075601375	0.8777777777777778	0.833922261484099	0.8468468468468469	0.7582089552238805	0.7537537537537538	0.8705501618122977	0.8868501529051988	0.7927927927927928	0.8847457627118644	0.7889273356401384	0.8201219512195121	0.8012232415902141	0.7570093457943925	0.7631578947368421	0.7355072463768116	0.8191126279863481	0.8032786885245902	0.7832167832167832	0.8020833333333334	0.8366666666666667	0.7961165048543689	0.8133802816901409	0.7194444444444444	0.7449856733524355	0.7363896848137536	0.8833333333333333	0.8136200716845878	0.9154929577464789	0.9075907590759076	0.8113207547169812	0.8333333333333334	0.8315789473684211	0.8964285714285715	0.8829787234042553	0.8772563176895307	0.8172043010752689	0.8328767123287671	0.8475177304964538	0.7791411042944786	0.8121019108280255
SRR19621132	0.8369565217391305	0.8638743455497382	0.8495145631067961	0.7375886524822695	0.8033707865168539	0.7953216374269005	0.7987804878048781	0.8245614035087719	0.84	0.8323699421965318	0.7346938775510204	0.8702928870292888	0.8755555555555555	0.8697318007662835	0.0	0.7988505747126436	0.8118279569892473	0.815	0.8370044052863436	0.8292682926829268	0.8634146341463415	0.7236842105263158	0.8904761904761904	0.8282828282828283	0.8292682926829268	0.7583892617449665	0.7452229299363057	0.7960526315789473	0.762589928057554	0.773972602739726	0.7619047619047619	0.8095238095238095	0.7197452229299363	0.7532467532467533	0.5433070866141733	0.4396551724137931	0.8294117647058824	0.810126582278481	0.8307692307692308	0.8114285714285714	0.782608695652174	0.8011049723756906	0.7831325301204819	0.7278481012658228	0.8055555555555556	0.7792207792207793	0.84472049689441	0.7866666666666666	0.7735849056603774	0.7651006711409396	0.84	0.8477366255144033	0.8547717842323651	0.84375	0.875	0.8645418326693227	0.8638132295719845	0.8241758241758241	0.8434343434343434	0.8375634517766497	0.7988165680473372	0.8490566037735849	0.8645833333333334	0.7796610169491526	0.8	0.8023255813953488	0.8121546961325967	0.8206896551724138	0.7948717948717948	0.8013245033112583	0.8556149732620321	0.7454545454545455	0.797979797979798	0.815	0.7791411042944786	0.762962962962963	0.7948717948717948	0.7244094488188977	0.7806451612903226	0.785	0.8729508196721312	0.8487394957983193	0.7469879518072289	0.8074866310160428	0.8798283261802575	0.7466666666666667	0.791907514450867	0.8173076923076923	0.8160377358490566	0.8584070796460177	0.7696335078534031	0.7544910179640718	0.7797619047619048	0.8148148148148148	0.7751479289940828	0.7857142857142857	0.7976878612716763	0.8031088082901554	0.8048780487804879	0.8771929824561403	0.8620689655172413	0.8721804511278195	0.7875	0.7581699346405228	0.781021897810219	0.7974683544303798	0.7846153846153846	0.7894736842105263	0.7612903225806451	0.7555555555555555	0.7832167832167832	0.7218045112781954	0.7315436241610739	0.8508064516129032	0.7482993197278912	0.8728070175438597	0.8682926829268293
SRR19621133	0.8097345132743363	0.847457627118644	0.8412698412698413	0.7864583333333334	0.6990291262135923	0.7571428571428571	0.74	0.8211678832116789	0.8611111111111112	0.7819905213270142	0.7704081632653061	0.79182156133829	0.8199233716475096	0.7632508833922261	0.7988505747126436	0.0	0.3668639053254438	0.7833333333333333	0.7777777777777778	0.7446808510638298	0.8793774319066148	0.8142857142857143	0.8571428571428571	0.8140495867768595	0.8973214285714286	0.8516746411483254	0.8597285067873304	0.81	0.8052631578947368	0.8241206030150754	0.7294685990338164	0.7214611872146118	0.7924528301886793	0.7397959183673469	0.7628865979381443	0.8020304568527918	0.8454545454545455	0.8428571428571429	0.7477876106194691	0.36645962732919257	0.8433179723502304	0.8070175438596491	0.8211009174311926	0.7751196172248804	0.851063829787234	0.8483412322274881	0.9095022624434389	0.8208955223880597	0.8207547169811321	0.8168316831683168	0.8020833333333334	0.7773722627737226	0.7649253731343284	0.7686274509803922	0.8801652892561983	0.7636363636363637	0.773851590106007	0.8553191489361702	0.7543859649122807	0.7652173913043478	0.8430493273542601	0.8801498127340824	0.8857142857142857	0.8613445378151261	0.7453703703703703	0.7511961722488039	0.7557603686635944	0.8229166666666666	0.8146341463414634	0.8374384236453202	0.8697478991596639	0.7926267281105991	0.828	0.8032786885245902	0.7962085308056872	0.7934782608695652	0.8203883495145631	0.7944444444444444	0.7738693467336684	0.8032128514056225	0.8086642599277978	0.7677902621722846	0.8414096916299559	0.8512396694214877	0.8339483394833949	0.8537735849056604	0.7428571428571429	0.82421875	0.7808764940239044	0.7961538461538461	0.7336244541484717	0.7233009708737864	0.7735849056603774	0.8076923076923077	0.7699530516431925	0.748792270531401	0.7824074074074074	0.7565217391304347	0.7574257425742574	0.7745098039215687	0.7692307692307693	0.7842465753424658	0.8577981651376146	0.7626262626262627	0.89	0.8604651162790697	0.7467811158798283	0.7662337662337663	0.765	0.8385416666666666	0.8072916666666666	0.8031914893617021	0.7487179487179487	0.8194444444444444	0.8109452736318408	0.8181818181818182	0.8189300411522634
SRR19621134	0.7939914163090128	0.8215767634854771	0.8125	0.7810945273631841	0.7155963302752294	0.7647058823529411	0.7368421052631579	0.8035714285714286	0.8544061302681992	0.7828054298642534	0.7894736842105263	0.7921146953405018	0.8104089219330854	0.764505119453925	0.8118279569892473	0.3668639053254438	0.0	0.7888446215139442	0.7785977859778598	0.7620967741935484	0.8593155893536122	0.8027522935779816	0.8416988416988417	0.7943548387096774	0.8787878787878788	0.822429906542056	0.8421052631578947	0.7980769230769231	0.805	0.8173076923076923	0.7149532710280374	0.7079646017699115	0.7982062780269058	0.7241379310344828	0.7707317073170732	0.8019323671497585	0.8384279475982532	0.8409090909090909	0.75	0.391812865497076	0.820627802690583	0.7914893617021277	0.7772727272727272	0.7927927927927928	0.8582995951417004	0.8409090909090909	0.8903508771929824	0.8199052132701422	0.8090909090909091	0.8160377358490566	0.797979797979798	0.7867132867132867	0.775	0.7509578544061303	0.8588709677419355	0.7649122807017544	0.7705479452054794	0.8483606557377049	0.7457627118644068	0.7768595041322314	0.8362068965517241	0.8523985239852399	0.8645418326693227	0.8401639344262295	0.7477876106194691	0.7534246575342466	0.7577092511013216	0.8333333333333334	0.8084112149532711	0.8301886792452831	0.8436213991769548	0.7982456140350878	0.80859375	0.7936507936507936	0.8018018018018018	0.8	0.8194444444444444	0.8010471204188482	0.7924528301886793	0.8076923076923077	0.8206896551724138	0.7821428571428571	0.8347457627118644	0.84	0.8327402135231317	0.8409090909090909	0.7567567567567568	0.8053435114503816	0.7722007722007722	0.7827715355805244	0.7364016736401674	0.7209302325581395	0.7747747747747747	0.7617021276595745	0.7488584474885844	0.7336448598130841	0.7777777777777778	0.7531380753138075	0.7710280373831776	0.7753164556962026	0.7866666666666666	0.7807308970099668	0.8502202643171806	0.7761904761904762	0.875	0.8371040723981901	0.743801652892562	0.7468354430379747	0.7783018867924528	0.8701923076923077	0.8413461538461539	0.8325123152709359	0.751219512195122	0.8067796610169492	0.8104265402843602	0.8260869565217391	0.8181818181818182
SRR19621135	0.8024193548387096	0.8372093023255814	0.8278388278388278	0.8136363636363636	0.7074235807860262	0.7489177489177489	0.7931034482758621	0.7142857142857143	0.76953125	0.7389380530973452	0.7882882882882883	0.7210144927536232	0.7601476014760148	0.7357859531772575	0.815	0.7833333333333333	0.7888446215139442	0.0	0.4298642533936652	0.4835680751173709	0.765625	0.7850877192982456	0.7799227799227799	0.76953125	0.8493723849372385	0.7982062780269058	0.7982832618025751	0.8230088495575221	0.813953488372093	0.7981651376146789	0.7180616740088106	0.7166666666666667	0.7863247863247863	0.75	0.7706422018348624	0.772093023255814	0.810126582278481	0.8165938864628821	0.756	0.7824267782426778	0.8127659574468085	0.7903225806451613	0.782051282051282	0.7863247863247863	0.8267716535433071	0.8114035087719298	0.8791666666666667	0.8169642857142857	0.8017241379310345	0.7918552036199095	0.7312925170068028	0.7610921501706485	0.7447552447552448	0.7472527472527473	0.83203125	0.7609427609427609	0.7416107382550335	0.812	0.7569721115537849	0.7859922178988327	0.8132780082987552	0.8237410071942446	0.8641509433962264	0.8455598455598455	0.7112068965517241	0.7489177489177489	0.7319148936170212	0.8186046511627907	0.8114035087719298	0.8266666666666667	0.870722433460076	0.7763713080168776	0.7558139534883721	0.754863813229572	0.7948717948717948	0.8095238095238095	0.8008849557522124	0.8388625592417062	0.8122270742358079	0.8231046931407943	0.782312925170068	0.7689655172413793	0.8122448979591836	0.8	0.8055555555555556	0.8008849557522124	0.7679324894514767	0.7677902621722846	0.758364312267658	0.7733812949640287	0.717741935483871	0.7456896551724138	0.7949790794979079	0.731404958677686	0.7336244541484717	0.7467248908296943	0.7669491525423728	0.7637795275590551	0.7488789237668162	0.7675840978593272	0.7581699346405228	0.7724358974358975	0.826271186440678	0.7534246575342466	0.8687782805429864	0.8432203389830508	0.7596899224806202	0.7725490196078432	0.7723214285714286	0.8642533936651584	0.8264840182648402	0.8177570093457944	0.7692307692307693	0.8051948051948052	0.7808219178082192	0.7813620071684588	0.8333333333333334
SRR19621136	0.8044280442804428	0.8362989323843416	0.8316498316498316	0.8433734939759037	0.73828125	0.7799227799227799	0.8054474708171206	0.74	0.7829181494661922	0.7619047619047619	0.816	0.7162162162162162	0.7439446366782007	0.7422360248447205	0.8370044052863436	0.7777777777777778	0.7785977859778598	0.4298642533936652	0.0	0.49137931034482757	0.7706093189964157	0.8307692307692308	0.7836879432624113	0.7741935483870968	0.8773234200743495	0.8293650793650794	0.8326996197718631	0.8373015873015873	0.825	0.8299595141700404	0.7380952380952381	0.7310606060606061	0.8084291187739464	0.782258064516129	0.7959183673469388	0.7975206611570248	0.8115384615384615	0.8267716535433071	0.7664233576642335	0.7722007722007722	0.8320610687022901	0.8065693430656934	0.8091603053435115	0.8084291187739464	0.8267148014440433	0.8313725490196079	0.8659003831417624	0.8273092369477911	0.8178294573643411	0.8097165991902834	0.7301587301587301	0.7459807073954984	0.738562091503268	0.7319587628865979	0.8398576512455516	0.765625	0.74375	0.8088235294117647	0.7672727272727272	0.7849462365591398	0.832089552238806	0.8239202657807309	0.872852233676976	0.856140350877193	0.7461538461538462	0.7704280155642024	0.7451737451737451	0.8291666666666667	0.808	0.8170731707317073	0.8788927335640139	0.7900763358778626	0.7703180212014135	0.7607142857142857	0.8160919540229885	0.826271186440678	0.8174603174603174	0.8619246861924686	0.8410852713178295	0.8272425249169435	0.7931034482758621	0.7770700636942676	0.8045112781954887	0.823321554770318	0.8146964856230032	0.8313725490196079	0.7824427480916031	0.7972972972972973	0.7762711864406779	0.7973856209150327	0.7316176470588235	0.7769230769230769	0.8113207547169812	0.7720588235294118	0.7713178294573644	0.7782101167315175	0.7816091954022989	0.7644927536231884	0.7710843373493976	0.7536231884057971	0.7476923076923077	0.7687687687687688	0.8484848484848485	0.8	0.8830645161290323	0.8593155893536122	0.773851590106007	0.7769784172661871	0.792	0.8790322580645161	0.8548387096774194	0.8235294117647058	0.7991967871485943	0.8208955223880597	0.8048780487804879	0.8045602605863192	0.8287671232876712
SRR19621137	0.8142292490118577	0.8479087452471483	0.8422939068100358	0.8161434977578476	0.7112068965517241	0.7304347826086957	0.7695652173913043	0.7876712328767124	0.8308823529411765	0.7848101265822784	0.7857142857142857	0.7420494699646644	0.7717391304347826	0.725752508361204	0.8292682926829268	0.7446808510638298	0.7620967741935484	0.4835680751173709	0.49137931034482757	0.0	0.8097014925373134	0.8185654008438819	0.8097014925373134	0.7816091954022989	0.8744939271255061	0.8369098712446352	0.8305785123966942	0.8354978354978355	0.8378378378378378	0.8222222222222222	0.6816143497757847	0.698744769874477	0.8140495867768595	0.730593607305936	0.8008849557522124	0.7863636363636364	0.8319672131147541	0.8240343347639485	0.7338709677419355	0.775	0.8442622950819673	0.8301158301158301	0.8292682926829268	0.7890295358649789	0.8423076923076923	0.8389830508474576	0.889795918367347	0.8141592920353983	0.8143459915611815	0.7946428571428571	0.7079037800687286	0.7335640138408305	0.7298245614035088	0.7269372693726938	0.8731343283582089	0.7466216216216216	0.7186440677966102	0.8188976377952756	0.75	0.7549407114624506	0.8346774193548387	0.8620689655172413	0.8823529411764706	0.8603773584905661	0.6926406926406926	0.7413793103448276	0.729957805907173	0.8264840182648402	0.8290598290598291	0.8237885462555066	0.8764044943820225	0.7637130801687764	0.7819548872180451	0.7718631178707225	0.7923728813559322	0.812206572769953	0.8189655172413793	0.8246445497630331	0.8043478260869565	0.8122743682310469	0.7966666666666666	0.7755102040816326	0.8333333333333334	0.8115384615384615	0.8116438356164384	0.8389830508474576	0.7605042016806722	0.8057553956834532	0.7877697841726619	0.7581227436823105	0.7261904761904762	0.7381974248927039	0.7875	0.7795275590551181	0.7478632478632479	0.7606837606837606	0.759493670886076	0.7519685039370079	0.7685589519650655	0.7659574468085106	0.7483660130718954	0.7628205128205128	0.8284518828451883	0.7787610619469026	0.8755555555555555	0.85	0.7718631178707225	0.7984790874524715	0.7860262008733624	0.8506787330316742	0.8181818181818182	0.8093023255813954	0.7612612612612613	0.8184713375796179	0.7892376681614349	0.7922535211267606	0.8265682656826568
SRR19621138	0.7689075630252101	0.8016194331983806	0.8424908424908425	0.8318181818181818	0.8854961832061069	0.88671875	0.900398406374502	0.7427536231884058	0.7609561752988048	0.819327731092437	0.8865546218487395	0.8288590604026845	0.8391608391608392	0.8492307692307692	0.8634146341463415	0.8793774319066148	0.8593155893536122	0.765625	0.7706093189964157	0.8097014925373134	0.0	0.8529411764705882	0.45544554455445546	0.5668202764976958	0.8114035087719298	0.8054298642533937	0.8051948051948052	0.7926267281105991	0.8160377358490566	0.7655502392344498	0.852	0.8614232209737828	0.8135593220338984	0.8565400843881856	0.8370044052863436	0.8288288288288288	0.8017241379310345	0.8133333333333334	0.9074733096085409	0.852	0.8396624472573839	0.8392156862745098	0.8291666666666667	0.8571428571428571	0.7901234567901234	0.7918552036199095	0.7899543378995434	0.875	0.8677685950413223	0.8565217391304348	0.8504672897196262	0.8603174603174604	0.8694267515923567	0.8733333333333333	0.8293650793650794	0.8936170212765957	0.8825301204819277	0.7991803278688525	0.9078014184397163	0.911660777385159	0.7948717948717948	0.752895752895753	0.8352941176470589	0.8247011952191236	0.861003861003861	0.8554216867469879	0.8470588235294118	0.8636363636363636	0.8237885462555066	0.8444444444444444	0.85546875	0.8467741935483871	0.7568627450980392	0.7984790874524715	0.8924302788844621	0.9017857142857143	0.8638297872340426	0.8842592592592593	0.8497854077253219	0.8205128205128205	0.8761904761904762	0.8793650793650793	0.8237704918032787	0.8063241106719368	0.9102564102564102	0.8133333333333334	0.8387096774193549	0.8051470588235294	0.7822878228782287	0.8691275167785235	0.837037037037037	0.842741935483871	0.8862745098039215	0.7976190476190477	0.8326530612244898	0.8158995815899581	0.8140495867768595	0.816793893129771	0.8247863247863247	0.8854748603351955	0.884272997032641	0.8652694610778443	0.8232758620689655	0.8697478991596639	0.8229665071770335	0.7882882882882883	0.855072463768116	0.8513011152416357	0.8801652892561983	0.8873873873873874	0.8805309734513275	0.8525345622119815	0.8193832599118943	0.8295819935691319	0.8565217391304348	0.9090909090909091	0.9275862068965517
SRR19621139	0.8454545454545455	0.8826086956521739	0.8553719008264463	0.7325581395348837	0.8009478672985783	0.8173076923076923	0.815	0.8244274809160306	0.8326180257510729	0.8137254901960784	0.7650273224043715	0.8727272727272727	0.8943396226415095	0.856655290102389	0.7236842105263158	0.8142857142857143	0.8027522935779816	0.7850877192982456	0.8307692307692308	0.8185654008438819	0.8529411764705882	0.0	0.8902439024390244	0.7964601769911505	0.7853403141361257	0.7430167597765364	0.7393617021276596	0.7329545454545454	0.7305389221556886	0.7267441860465116	0.8019323671497585	0.7788018433179723	0.4144736842105263	0.7659574468085106	0.7215909090909091	0.7371428571428571	0.8398058252427184	0.8186528497409327	0.8245614035087719	0.8246445497630331	0.7959183673469388	0.7877358490566038	0.7777777777777778	0.5031055900621118	0.8248847926267281	0.8	0.8811881188118812	0.7802197802197802	0.7760416666666666	0.7759562841530054	0.8620689655172413	0.8530465949820788	0.8633093525179856	0.83203125	0.8256880733944955	0.8475177304964538	0.8472222222222222	0.8348623853211009	0.8201754385964912	0.8454935622317596	0.8203883495145631	0.831275720164609	0.8110599078341014	0.8093023255813954	0.8148148148148148	0.8173076923076923	0.8084112149532711	0.7732558139534884	0.7262569832402235	0.7443181818181818	0.8186046511627907	0.7525252525252525	0.811965811965812	0.7903930131004366	0.7743589743589744	0.7678571428571429	0.7741935483870968	0.8390804597701149	0.8010471204188482	0.8257261410788381	0.8376383763837638	0.8413284132841329	0.7411167512690355	0.7652582159624414	0.8810408921933085	0.7191011235955056	0.8199052132701422	0.8181818181818182	0.8218623481781376	0.8494208494208494	0.7668161434977578	0.7083333333333334	0.7871287128712872	0.7889908256880734	0.7832512315270936	0.7551020408163265	0.7902439024390244	0.7625570776255708	0.8020304568527918	0.8607594936708861	0.8576271186440678	0.8590604026845637	0.8	0.7700534759358288	0.8238636363636364	0.8082901554404145	0.7850877192982456	0.8157894736842105	0.7916666666666666	0.7906976744186046	0.797752808988764	0.7931034482758621	0.7134831460674157	0.8051470588235294	0.7624309392265194	0.879245283018868	0.8806584362139918
SRR19621140	0.7892561983471075	0.816	0.850909090909091	0.8423423423423423	0.8682170542635659	0.8779527559055118	0.8870967741935484	0.7427536231884058	0.7755905511811023	0.8291666666666667	0.9094650205761317	0.8366666666666667	0.8391608391608392	0.8421052631578947	0.8904761904761904	0.8571428571428571	0.8416988416988417	0.7799227799227799	0.7836879432624113	0.8097014925373134	0.45544554455445546	0.8902439024390244	0.0	0.5927601809954751	0.8516949152542372	0.8571428571428571	0.859504132231405	0.8355555555555556	0.8433179723502304	0.8110599078341014	0.842741935483871	0.8484848484848485	0.8571428571428571	0.8661087866108786	0.8521739130434782	0.8695652173913043	0.7965367965367965	0.8133333333333334	0.899641577060932	0.8333333333333334	0.8445378151260504	0.8482490272373541	0.8291666666666667	0.8976377952755905	0.8	0.8237885462555066	0.7844036697247706	0.8846153846153846	0.8724279835390947	0.871244635193133	0.8322784810126582	0.8493589743589743	0.8621794871794872	0.8657718120805369	0.8431372549019608	0.8834355828220859	0.8757575757575757	0.8137651821862348	0.9039145907473309	0.9078014184397163	0.8	0.7765151515151515	0.8620689655172413	0.8565891472868217	0.8565891472868217	0.8461538461538461	0.8379446640316206	0.8839285714285714	0.8441558441558441	0.8596491228070176	0.8859315589353612	0.8605577689243028	0.7760617760617761	0.8075471698113208	0.8790322580645161	0.8968609865470852	0.8638297872340426	0.8790697674418605	0.8448275862068966	0.8458781362007168	0.8690095846645367	0.8757961783439491	0.8473895582329317	0.8156862745098039	0.8996763754045307	0.8441558441558441	0.848	0.822463768115942	0.7956204379562044	0.8803986710963455	0.837037037037037	0.8565737051792829	0.8949416342412452	0.81640625	0.8373983739837398	0.8305785123966942	0.8285714285714286	0.8122605363984674	0.8197424892703863	0.8728813559322034	0.874251497005988	0.8618618618618619	0.8529411764705882	0.8838174273858921	0.8663594470046083	0.8454935622317596	0.855072463768116	0.8470149253731343	0.8755186721991701	0.9022222222222223	0.8805309734513275	0.8834080717488789	0.8296943231441049	0.8220064724919094	0.885593220338983	0.8874172185430463	0.9087719298245615
SRR19621141	0.8178137651821862	0.84765625	0.8419117647058824	0.751219512195122	0.8266129032258065	0.8360655737704918	0.8445378151260504	0.7553956834532374	0.7937743190661478	0.7719298245614035	0.831858407079646	0.8361204013377926	0.8506944444444444	0.834375	0.8282828282828283	0.8140495867768595	0.7943548387096774	0.76953125	0.7741935483870968	0.7816091954022989	0.5668202764976958	0.7964601769911505	0.5927601809954751	0.0	0.8209606986899564	0.7935779816513762	0.793859649122807	0.786046511627907	0.8151658767772512	0.7584541062801933	0.7829787234042553	0.7782258064516129	0.76	0.7837837837837838	0.7824074074074074	0.7953488372093023	0.757847533632287	0.7452830188679245	0.849624060150376	0.8181818181818182	0.8189655172413793	0.7759336099585062	0.7665198237885462	0.8025751072961373	0.7791666666666667	0.7685185185185185	0.8161434977578476	0.8127853881278538	0.8181818181818182	0.7981651376146789	0.7973856209150327	0.8145695364238411	0.8120805369127517	0.8339100346020761	0.8333333333333334	0.8584905660377359	0.8473520249221184	0.7413793103448276	0.8671586715867159	0.8671586715867159	0.7782608695652173	0.7894736842105263	0.8253968253968254	0.775	0.7698744769874477	0.8117154811715481	0.8137651821862348	0.8199052132701422	0.7798165137614679	0.8009259259259259	0.832	0.8025210084033614	0.765625	0.7647058823529411	0.8212765957446808	0.8497652582159625	0.8281938325991189	0.8461538461538461	0.8133333333333334	0.7886792452830189	0.8426229508196721	0.8382838283828383	0.7672413793103449	0.7663934426229508	0.8774834437086093	0.7963800904977375	0.8189300411522634	0.7910447761194029	0.7584905660377359	0.8292682926829268	0.7868217054263565	0.7829787234042553	0.8208333333333333	0.7622950819672131	0.771551724137931	0.7522123893805309	0.788135593220339	0.7689243027888446	0.8034934497816594	0.8294117647058824	0.8317757009345794	0.822429906542056	0.801762114537445	0.8193832599118943	0.8106796116504854	0.776255707762557	0.7790697674418605	0.7874015748031497	0.8053097345132744	0.8115942028985508	0.822429906542056	0.8019323671497585	0.7638888888888888	0.8137254901960784	0.8198198198198198	0.8605442176870748	0.8848920863309353
SRR19621142	0.822429906542056	0.8248847926267281	0.8297872340425532	0.8	0.874439461883408	0.8909090909090909	0.8809523809523809	0.8409090909090909	0.8842975206611571	0.8990825688073395	0.8743718592964824	0.9078014184397163	0.9018867924528302	0.9153094462540716	0.8292682926829268	0.8973214285714286	0.8787878787878788	0.8493723849372385	0.8773234200743495	0.8744939271255061	0.8114035087719298	0.7853403141361257	0.8516949152542372	0.8209606986899564	0.0	0.3602941176470588	0.5757575757575758	0.7722222222222223	0.7790697674418605	0.7528735632183908	0.8715596330275229	0.8808510638297873	0.7616580310880829	0.8613861386138614	0.8201058201058201	0.8162162162162162	0.8208955223880597	0.8105263157894737	0.9317269076305221	0.8968609865470852	0.835820895522388	0.8194444444444444	0.8292682926829268	0.7989949748743719	0.85	0.8105263157894737	0.8393782383419689	0.8541666666666666	0.8407960199004975	0.837696335078534	0.888135593220339	0.8802816901408451	0.9059233449477352	0.9	0.8130841121495327	0.9269102990033222	0.9108910891089109	0.8333333333333334	0.9190283400809717	0.932	0.795	0.8050847457627118	0.780952380952381	0.7962085308056872	0.8761061946902655	0.8755760368663594	0.8755555555555555	0.8388888888888889	0.8042328042328042	0.8162162162162162	0.8333333333333334	0.8388625592417062	0.8103448275862069	0.8347457627118644	0.8382352941176471	0.8547486033519553	0.841025641025641	0.8950276243093923	0.8238341968911918	0.8340248962655602	0.8939929328621908	0.9052631578947369	0.7941176470588235	0.7511961722488039	0.9205776173285198	0.7783783783783784	0.8923766816143498	0.8548387096774194	0.844	0.9077490774907749	0.8529411764705882	0.839622641509434	0.8483412322274881	0.7926267281105991	0.8333333333333334	0.7960199004975125	0.8285714285714286	0.8304347826086956	0.8585365853658536	0.9051987767584098	0.9262820512820513	0.9061488673139159	0.7724867724867724	0.8656716417910447	0.7941176470588235	0.7608695652173914	0.8541666666666666	0.8547008547008547	0.8725490196078431	0.8295454545454546	0.8287292817679558	0.8248587570621468	0.8238341968911918	0.8586572438162544	0.84375	0.9154411764705882	0.937007874015748
SRR19621143	0.8164251207729468	0.8301886792452831	0.8088888888888889	0.7409638554216867	0.8325358851674641	0.8267326732673267	0.8186528497409327	0.8455598455598455	0.871244635193133	0.8578431372549019	0.8206521739130435	0.8726591760299626	0.8685258964143426	0.8719723183391004	0.7583892617449665	0.8516746411483254	0.822429906542056	0.7982062780269058	0.8293650793650794	0.8369098712446352	0.8054298642533937	0.7430167597765364	0.8571428571428571	0.7935779816513762	0.3602941176470588	0.0	0.4900662251655629	0.7261904761904762	0.73125	0.7195121951219512	0.8168316831683168	0.8310502283105022	0.7252747252747253	0.7945945945945946	0.7514450867052023	0.7529411764705882	0.8082901554404145	0.7967032967032966	0.8884120171673819	0.8398058252427184	0.8052631578947368	0.7783251231527094	0.7801047120418848	0.7593582887700535	0.8173076923076923	0.7696629213483146	0.8578947368421053	0.8033707865168539	0.8042328042328042	0.7921348314606742	0.8576512455516014	0.8352059925093633	0.8629629629629629	0.8671875	0.8009708737864077	0.8873239436619719	0.8706293706293706	0.8164251207729468	0.8793103448275862	0.8936170212765957	0.7684210526315789	0.7723214285714286	0.7733990147783252	0.765	0.8125	0.815	0.8173076923076923	0.7682926829268293	0.7696629213483146	0.7745664739884393	0.8164251207729468	0.8040201005025126	0.7937219730941704	0.7982062780269058	0.8082901554404145	0.8072289156626506	0.8032786885245902	0.844311377245509	0.7912087912087912	0.8240343347639485	0.8708487084870848	0.8661710037174721	0.7616580310880829	0.73	0.8682170542635659	0.711764705882353	0.8405797101449275	0.8212765957446808	0.810126582278481	0.8622047244094488	0.7909090909090909	0.7616580310880829	0.7897435897435897	0.75	0.7731958762886598	0.7566137566137566	0.7929292929292929	0.8036529680365296	0.8115183246073299	0.8713826366559485	0.8918918918918919	0.8664383561643836	0.7837837837837838	0.8118279569892473	0.8143712574850299	0.7790055248618785	0.8088888888888889	0.8190045248868778	0.8263157894736842	0.7865853658536586	0.8011695906432749	0.7668711656441718	0.7570621468926554	0.8467153284671532	0.7921348314606742	0.8616600790513834	0.885593220338983
SRR19621144	0.8101851851851852	0.8288288288288288	0.7931034482758621	0.7653631284916201	0.8148148148148148	0.7971014492753623	0.8118811881188119	0.821969696969697	0.8775510204081632	0.8388625592417062	0.8010471204188482	0.8861209964412812	0.8872180451127819	0.8770764119601329	0.7452229299363057	0.8597285067873304	0.8421052631578947	0.7982832618025751	0.8326996197718631	0.8305785123966942	0.8051948051948052	0.7393617021276596	0.859504132231405	0.793859649122807	0.5757575757575758	0.4900662251655629	0.0	0.7231638418079096	0.6728395061728395	0.6941176470588235	0.775609756097561	0.8088888888888889	0.7225130890052356	0.7696335078534031	0.7472527472527473	0.7344632768361582	0.8252427184466019	0.7842105263157895	0.8801652892561983	0.8433179723502304	0.7989949748743719	0.7850467289719626	0.7871287128712872	0.7357512953367875	0.8055555555555556	0.7842105263157895	0.8663366336633663	0.8157894736842105	0.797979797979798	0.786096256684492	0.8517241379310345	0.8339350180505415	0.8566308243727598	0.8473282442748091	0.8227272727272728	0.8767123287671232	0.8605442176870748	0.8101851851851852	0.8713692946058091	0.8852459016393442	0.7638190954773869	0.8041666666666667	0.7972350230414746	0.7178217821782178	0.8009259259259259	0.8028846153846154	0.821917808219178	0.7485380116959064	0.7445652173913043	0.7555555555555555	0.8264840182648402	0.7437185929648241	0.7729257641921398	0.777292576419214	0.7960199004975125	0.8068181818181818	0.8031088082901554	0.815028901734104	0.8041237113402062	0.8181818181818182	0.89198606271777	0.8718861209964412	0.7061855670103093	0.7570093457943925	0.8864468864468864	0.7307692307692307	0.8493150684931506	0.8204081632653061	0.8097165991902834	0.8641509433962264	0.7644444444444445	0.745	0.7346938775510204	0.7695852534562212	0.7562189054726368	0.7525252525252525	0.7323232323232324	0.7601809954751131	0.7421052631578947	0.8584905660377359	0.8852459016393442	0.8566666666666667	0.7591623036649214	0.7927461139896373	0.7647058823529411	0.7671957671957672	0.8034188034188035	0.8026315789473685	0.8010204081632653	0.7732558139534884	0.8011049723756906	0.7543859649122807	0.73224043715847	0.8368794326241135	0.7663043478260869	0.8805970149253731	0.8955823293172691
SRR19621145	0.7910447761194029	0.8285714285714286	0.8177777777777778	0.7454545454545455	0.7960199004975125	0.7948717948717948	0.7849462365591398	0.812	0.8348214285714286	0.8214285714285714	0.7921348314606742	0.8674242424242424	0.8853754940711462	0.8591549295774648	0.7960526315789473	0.81	0.7980769230769231	0.8230088495575221	0.8373015873015873	0.8354978354978355	0.7926267281105991	0.7329545454545454	0.8355555555555556	0.786046511627907	0.7722222222222223	0.7261904761904762	0.7231638418079096	0.0	0.4772727272727273	0.42424242424242425	0.7783505154639175	0.7962085308056872	0.7150837988826816	0.7722222222222223	0.7485380116959064	0.7647058823529411	0.7872340425531915	0.7808988764044944	0.8526785714285714	0.815	0.7837837837837838	0.7941176470588235	0.8153846153846154	0.75	0.7860696517412935	0.7670454545454546	0.8440860215053764	0.8212290502793296	0.8148148148148148	0.8100558659217877	0.8647686832740213	0.8555555555555555	0.8661710037174721	0.8292682926829268	0.8221153846153846	0.8623188405797102	0.8576512455516014	0.7970297029702971	0.8430493273542601	0.8378378378378378	0.73224043715847	0.7920353982300885	0.8181818181818182	0.75	0.8277511961722488	0.8308457711442786	0.8155339805825242	0.8023952095808383	0.7456647398843931	0.7647058823529411	0.8317307692307693	0.7643979057591623	0.8026905829596412	0.8071748878923767	0.7936507936507936	0.7901234567901234	0.7740112994350282	0.80625	0.8087431693989071	0.8173913043478261	0.8656716417910447	0.8479087452471483	0.732620320855615	0.7524752475247525	0.8715953307392996	0.7383720930232558	0.8275862068965517	0.8247863247863247	0.8185654008438819	0.8745098039215686	0.7663551401869159	0.765625	0.78125	0.7718446601941747	0.7513227513227513	0.7197802197802198	0.765625	0.7793427230046949	0.75	0.8778135048231511	0.8835616438356164	0.8655172413793103	0.7329545454545454	0.7696629213483146	0.759493670886076	0.7627118644067796	0.8177777777777778	0.8227272727272728	0.8181818181818182	0.7914110429447853	0.7916666666666666	0.7639751552795031	0.7398843930635838	0.8498168498168498	0.7758620689655172	0.8695652173913043	0.875
SRR19621146	0.7853403141361257	0.8366336633663366	0.8028169014084507	0.7272727272727273	0.7842105263157895	0.7956989247311828	0.7853107344632768	0.8083333333333333	0.8425925925925926	0.8235294117647058	0.7560975609756098	0.8616600790513834	0.8708333333333333	0.8618181818181818	0.762589928057554	0.8052631578947368	0.805	0.813953488372093	0.825	0.8378378378378378	0.8160377358490566	0.7305389221556886	0.8433179723502304	0.8151658767772512	0.7790697674418605	0.73125	0.6728395061728395	0.4772727272727273	0.0	0.4112903225806452	0.7582417582417582	0.7970297029702971	0.7267441860465116	0.75	0.7469135802469136	0.75625	0.8076923076923077	0.8023255813953488	0.8558139534883721	0.7978723404255319	0.797752808988764	0.7948717948717948	0.7978142076502732	0.7267441860465116	0.7864583333333334	0.7810650887573964	0.8409090909090909	0.7951807228915663	0.7966101694915254	0.7831325301204819	0.8507462686567164	0.8359375	0.8560311284046692	0.8162393162393162	0.8181818181818182	0.8435114503816794	0.8518518518518519	0.8223350253807107	0.8403755868544601	0.8511627906976744	0.7371428571428571	0.8036529680365296	0.82	0.7619047619047619	0.8241206030150754	0.8148148148148148	0.8051282051282052	0.7884615384615384	0.7439024390243902	0.75625	0.84	0.7569060773480663	0.8037383177570093	0.7857142857142857	0.7808988764044944	0.7828947368421053	0.7515151515151515	0.8079470198675497	0.7894736842105263	0.8136363636363636	0.8730769230769231	0.859375	0.7159090909090909	0.7704081632653061	0.8704453441295547	0.7361963190184049	0.8358974358974359	0.8161434977578476	0.8097345132743363	0.8688524590163934	0.7475247524752475	0.7303370786516854	0.7814207650273224	0.7589743589743589	0.7359550561797753	0.7386363636363636	0.7650273224043715	0.7673267326732673	0.7485380116959064	0.8657718120805369	0.8709677419354839	0.8723404255319149	0.7380952380952381	0.7469879518072289	0.7666666666666667	0.7764705882352941	0.8028169014084507	0.8133971291866029	0.7931034482758621	0.76	0.7612903225806451	0.7034482758620689	0.7454545454545455	0.8522727272727273	0.7215189873417721	0.8636363636363636	0.8532110091743119
SRR19621147	0.7806122448979592	0.8252427184466019	0.8036529680365296	0.7391304347826086	0.7857142857142857	0.7905759162303665	0.8	0.7991803278688525	0.815668202764977	0.8177083333333334	0.7873563218390804	0.8565891472868217	0.8744939271255061	0.8652482269503546	0.773972602739726	0.8241206030150754	0.8173076923076923	0.7981651376146789	0.8299595141700404	0.8222222222222222	0.7655502392344498	0.7267441860465116	0.8110599078341014	0.7584541062801933	0.7528735632183908	0.7195121951219512	0.6941176470588235	0.42424242424242425	0.4112903225806452	0.0	0.7473118279569892	0.7864077669902912	0.7085714285714285	0.7528735632183908	0.7195121951219512	0.7204968944099379	0.782608695652174	0.7543859649122807	0.85	0.8232323232323232	0.7584269662921348	0.7839195979899497	0.798941798941799	0.7582417582417582	0.75	0.7543859649122807	0.807909604519774	0.7823529411764706	0.7912087912087912	0.7705882352941177	0.8586956521739131	0.8446969696969697	0.868421052631579	0.831275720164609	0.806930693069307	0.8602941176470589	0.8597122302158273	0.7868020304568528	0.8401826484018264	0.8506787330316742	0.7262569832402235	0.7828054298642534	0.8088235294117647	0.7577319587628866	0.8300970873786407	0.8333333333333334	0.8292682926829268	0.7901234567901234	0.7470588235294118	0.7361963190184049	0.8109452736318408	0.7526881720430108	0.7710280373831776	0.7523809523809524	0.7624309392265194	0.7848101265822784	0.7543859649122807	0.8164556962025317	0.7909604519774012	0.7927927927927928	0.8679245283018868	0.8587786259541985	0.712707182320442	0.7150259067357513	0.8740157480314961	0.6932515337423313	0.835820895522388	0.8114035087719298	0.8051948051948052	0.876984126984127	0.7619047619047619	0.7606382978723404	0.7894736842105263	0.755	0.7593582887700535	0.7277777777777777	0.7405405405405405	0.7572815533980582	0.7584269662921348	0.8651315789473685	0.8701754385964913	0.8596491228070176	0.7192982456140351	0.7853107344632768	0.7114093959731543	0.7125748502994012	0.8036529680365296	0.813953488372093	0.8076923076923077	0.7861635220125787	0.7791411042944786	0.7337662337662337	0.7558139534883721	0.8518518518518519	0.7633136094674556	0.8582995951417004	0.8628318584070797
SRR19621148	0.7706422018348624	0.8217391304347826	0.7975206611570248	0.7391304347826086	0.665	0.6666666666666666	0.6789473684210526	0.7615384615384615	0.8326530612244898	0.751219512195122	0.6813186813186813	0.7819548872180451	0.8282442748091603	0.7711267605633803	0.7619047619047619	0.7294685990338164	0.7149532710280374	0.7180616740088106	0.7380952380952381	0.6816143497757847	0.852	0.8019323671497585	0.842741935483871	0.7829787234042553	0.8715596330275229	0.8168316831683168	0.775609756097561	0.7783505154639175	0.7582417582417582	0.7473118279569892	0.0	0.46703296703296704	0.7914691943127962	0.4230769230769231	0.7219251336898396	0.7228260869565217	0.7894736842105263	0.7839195979899497	0.7064220183486238	0.7281553398058253	0.8207547169811321	0.8061674008810573	0.8037383177570093	0.75	0.8201754385964912	0.8309178743961353	0.8732394366197183	0.7772020725388601	0.755	0.7407407407407407	0.7670250896057348	0.7675276752767528	0.7593984962406015	0.7579365079365079	0.8311688311688312	0.7582417582417582	0.7598566308243727	0.7927927927927928	0.7366071428571429	0.7194570135746606	0.7934272300469484	0.8449612403100775	0.8523206751054853	0.7946428571428571	0.7019230769230769	0.7317073170731707	0.719047619047619	0.7637362637362637	0.7653061224489796	0.7823834196891192	0.8398268398268398	0.7014925373134329	0.7782426778242678	0.7617021276595745	0.7025641025641025	0.7371428571428571	0.7461139896373057	0.7586206896551724	0.7602040816326531	0.7676348547717843	0.7992700729927007	0.7669172932330827	0.7757009345794392	0.8008658008658008	0.8113207547169812	0.7960199004975125	0.7233009708737864	0.7603305785123967	0.7396694214876033	0.7906976744186046	0.6303317535545023	0.6354166666666666	0.6649484536082474	0.7188940092165899	0.6335078534031413	0.696969696969697	0.6834170854271356	0.6926605504587156	0.711340206185567	0.7935483870967742	0.7896551724137931	0.8	0.76	0.7021276595744681	0.8118279569892473	0.7980295566502463	0.7236842105263158	0.7433628318584071	0.6914893617021277	0.8	0.7675675675675676	0.7624309392265194	0.7005347593582888	0.8146853146853147	0.7272727272727273	0.7755905511811023	0.7932489451476793
SRR19621149	0.8075313807531381	0.852589641434263	0.796875	0.7611940298507462	0.6346153846153846	0.6682692307692307	0.6798029556650246	0.7892857142857143	0.8346153846153846	0.7757847533632287	0.702020202020202	0.7777777777777778	0.8131868131868132	0.7379310344827587	0.8095238095238095	0.7214611872146118	0.7079646017699115	0.7166666666666667	0.7310606060606061	0.698744769874477	0.8614232209737828	0.7788018433179723	0.8484848484848485	0.7782258064516129	0.8808510638297873	0.8310502283105022	0.8088888888888889	0.7962085308056872	0.7970297029702971	0.7864077669902912	0.46703296703296704	0.0	0.7747747747747747	0.4437869822485207	0.7389162561576355	0.7524752475247525	0.8053097345132744	0.8064516129032258	0.634703196347032	0.7201834862385321	0.8026905829596412	0.8	0.7866666666666666	0.7465437788018433	0.8467741935483871	0.84375	0.8922413793103449	0.7894736842105263	0.7909090909090909	0.7914691943127962	0.7243816254416962	0.718978102189781	0.6856060606060606	0.7109375	0.8380566801619433	0.7054545454545454	0.7127659574468085	0.8174273858921162	0.6784140969162996	0.6666666666666666	0.8138528138528138	0.8461538461538461	0.848605577689243	0.8140495867768595	0.7072072072072072	0.7235023041474654	0.7	0.79	0.784037558685446	0.8113207547169812	0.8414634146341463	0.7363636363636363	0.788235294117647	0.7479674796747967	0.75	0.7604166666666666	0.784037558685446	0.7989690721649485	0.7619047619047619	0.758893280632411	0.7642857142857142	0.7362637362637363	0.7974137931034483	0.8192771084337349	0.8014440433212996	0.7953488372093023	0.6976744186046512	0.7568627450980392	0.7222222222222222	0.7490494296577946	0.6216216216216216	0.6390243902439025	0.6919431279620853	0.6946902654867256	0.6570048309178744	0.6842105263157895	0.7201834862385321	0.6926406926406926	0.722488038277512	0.7587301587301587	0.7482993197278912	0.7715231788079471	0.827433628318584	0.7079207920792079	0.8557692307692307	0.8552631578947368	0.6781115879828327	0.7191489361702128	0.685	0.7989949748743719	0.7435897435897436	0.7889447236180904	0.6934673366834171	0.8053691275167785	0.7681159420289855	0.7851851851851852	0.7782258064516129
SRR19621150	0.8243243243243243	0.8765957446808511	0.831275720164609	0.7215909090909091	0.7962962962962963	0.8066037735849056	0.803921568627451	0.7931034482758621	0.8127659574468085	0.7912621359223301	0.7606382978723404	0.8637992831541219	0.8805970149253731	0.86	0.7197452229299363	0.7924528301886793	0.7982062780269058	0.7863247863247863	0.8084291187739464	0.8140495867768595	0.8135593220338984	0.4144736842105263	0.8571428571428571	0.76	0.7616580310880829	0.7252747252747253	0.7225130890052356	0.7150837988826816	0.7267441860465116	0.7085714285714285	0.7914691943127962	0.7747747747747747	0.0	0.7743589743589744	0.7111111111111111	0.7262569832402235	0.7761194029850746	0.7631578947368421	0.8247863247863247	0.8084112149532711	0.7788944723618091	0.783410138248848	0.7733990147783252	0.45962732919254656	0.7926267281105991	0.7631578947368421	0.835	0.7819148936170213	0.7715736040609137	0.7647058823529411	0.8458904109589042	0.8485915492957746	0.8586572438162544	0.8409090909090909	0.7824074074074074	0.863013698630137	0.8547297297297297	0.7746478873239436	0.825531914893617	0.8403361344537815	0.7922705314009661	0.8122448979591836	0.7731481481481481	0.7767441860465116	0.7935779816513762	0.812206572769953	0.8144796380090498	0.7752808988764045	0.6871508379888268	0.7403314917127072	0.8082191780821918	0.7425742574257426	0.771551724137931	0.7811158798283262	0.7575757575757576	0.7630057803468208	0.75	0.791907514450867	0.7578947368421053	0.7659574468085106	0.8375451263537906	0.8327272727272728	0.7185929648241206	0.7383177570093458	0.8759124087591241	0.7228260869565217	0.780952380952381	0.8040816326530612	0.7836734693877551	0.8490566037735849	0.7577092511013216	0.75	0.7884615384615384	0.7901785714285714	0.7788461538461539	0.7574257425742574	0.7681159420289855	0.7533632286995515	0.8203883495145631	0.8495297805642633	0.8456375838926175	0.8433333333333334	0.7577319587628866	0.7526315789473684	0.7909604519774012	0.7526315789473684	0.7863247863247863	0.7850877192982456	0.7868020304568528	0.7572254335260116	0.7584269662921348	0.7235294117647059	0.7032967032967034	0.8100358422939068	0.7445652173913043	0.8656716417910447	0.884
SRR19621151	0.7884615384615384	0.813953488372093	0.8043478260869565	0.7294117647058823	0.6505376344086021	0.6739130434782609	0.6494252873563219	0.7905138339920948	0.8362068965517241	0.7817258883248731	0.7126436781609196	0.792156862745098	0.836	0.7712177121771218	0.7532467532467533	0.7397959183673469	0.7241379310344828	0.75	0.782258064516129	0.730593607305936	0.8565400843881856	0.7659574468085106	0.8661087866108786	0.7837837837837838	0.8613861386138614	0.7945945945945946	0.7696335078534031	0.7722222222222223	0.75	0.7528735632183908	0.4230769230769231	0.4437869822485207	0.7743589743589744	0.0	0.7183908045977011	0.711764705882353	0.8090452261306532	0.7978723404255319	0.7087378640776699	0.7384615384615385	0.8121827411167513	0.7914691943127962	0.8	0.7486910994764397	0.8177570093457944	0.8229166666666666	0.88	0.770949720670391	0.7606382978723404	0.7666666666666667	0.7851851851851852	0.7674418604651163	0.758893280632411	0.7415254237288136	0.8401826484018264	0.767175572519084	0.75	0.8169014084507042	0.7285714285714285	0.722488038277512	0.806930693069307	0.8442622950819673	0.852017937219731	0.784688995215311	0.6974358974358974	0.7157894736842105	0.6958762886597938	0.7848837209302325	0.7650273224043715	0.776536312849162	0.8493150684931506	0.7037037037037037	0.8	0.788546255506608	0.7119565217391305	0.6942675159235668	0.7085714285714285	0.7878787878787878	0.772972972972973	0.7887931034482759	0.8007662835249042	0.766798418972332	0.7575757575757576	0.8027522935779816	0.8181818181818182	0.7650273224043715	0.7135416666666666	0.7433628318584071	0.7268722466960352	0.7818930041152263	0.6617647058823529	0.6256983240223464	0.6574585635359116	0.7093596059113301	0.6538461538461539	0.6703296703296703	0.71875	0.7251184834123223	0.7142857142857143	0.8066666666666666	0.7949640287769785	0.8014184397163121	0.8102564102564103	0.7191011235955056	0.8352272727272727	0.8307692307692308	0.7268518518518519	0.7417840375586855	0.6931818181818182	0.7738095238095238	0.7380952380952381	0.7544910179640718	0.6878612716763006	0.8211678832116789	0.7314285714285714	0.8008130081300813	0.8105726872246696
SRR19621152	0.8221153846153846	0.8571428571428571	0.8296943231441049	0.7333333333333333	0.7860696517412935	0.7908163265306123	0.7936507936507936	0.7894736842105263	0.8362831858407079	0.8112244897959183	0.7528735632183908	0.8423076923076923	0.8408163265306122	0.8273381294964028	0.5433070866141733	0.7628865979381443	0.7707317073170732	0.7706422018348624	0.7959183673469388	0.8008849557522124	0.8370044052863436	0.7215909090909091	0.8521739130434782	0.7824074074074074	0.8201058201058201	0.7514450867052023	0.7472527472527473	0.7485380116959064	0.7469135802469136	0.7195121951219512	0.7219251336898396	0.7389162561576355	0.7111111111111111	0.7183908045977011	0.0	0.4411764705882353	0.8205128205128205	0.8032786885245902	0.8119266055045872	0.7616580310880829	0.786096256684492	0.7783251231527094	0.7606382978723404	0.73224043715847	0.7575757575757576	0.7696629213483146	0.827027027027027	0.7396449704142012	0.7513812154696132	0.727810650887574	0.8327272727272728	0.8174904942965779	0.8192307692307692	0.7966804979253111	0.8009708737864077	0.8252788104089219	0.8254545454545454	0.8164251207729468	0.8127853881278538	0.8181818181818182	0.7553191489361702	0.8095238095238095	0.8199052132701422	0.7587939698492462	0.7772277227722773	0.7908163265306123	0.7881773399014779	0.7831325301204819	0.7627118644067796	0.7674418604651163	0.8106796116504854	0.7340425531914894	0.7603686635944701	0.7592592592592593	0.7700534759358288	0.7547169811320755	0.7900552486187845	0.7548387096774194	0.7428571428571429	0.7373271889400922	0.849624060150376	0.8269230769230769	0.7287234042553191	0.784688995215311	0.8682170542635659	0.7341040462427746	0.7817258883248731	0.7956521739130434	0.7948717948717948	0.8299595141700404	0.7393364928909952	0.7219251336898396	0.7643979057591623	0.7438423645320197	0.7407407407407407	0.7087912087912088	0.7929292929292929	0.7757009345794392	0.7795698924731183	0.8181818181818182	0.8158844765342961	0.8385964912280702	0.7704918032786885	0.7584269662921348	0.8072289156626506	0.7790055248618785	0.7649769585253456	0.7746478873239436	0.7471910112359551	0.732484076433121	0.7345679012345679	0.6862745098039216	0.7428571428571429	0.8424908424908425	0.764367816091954	0.8616600790513834	0.8565217391304348
SRR19621153	0.8300970873786407	0.8598130841121495	0.8214285714285714	0.7423312883435583	0.7878787878787878	0.7801047120418848	0.8148148148148148	0.8008130081300813	0.8280542986425339	0.8072916666666666	0.7470588235294118	0.8488372093023255	0.8709677419354839	0.8540925266903915	0.4396551724137931	0.8020304568527918	0.8019323671497585	0.772093023255814	0.7975206611570248	0.7863636363636364	0.8288288288288288	0.7371428571428571	0.8695652173913043	0.7953488372093023	0.8162162162162162	0.7529411764705882	0.7344632768361582	0.7647058823529411	0.75625	0.7204968944099379	0.7228260869565217	0.7524752475247525	0.7262569832402235	0.711764705882353	0.4411764705882353	0.0	0.8167539267015707	0.7921348314606742	0.8248847926267281	0.8071065989847716	0.7679558011049724	0.7860696517412935	0.7819148936170213	0.7333333333333333	0.7525773195876289	0.7714285714285715	0.8166666666666667	0.7777777777777778	0.7734806629834254	0.7365269461077845	0.8345588235294118	0.8326996197718631	0.8435114503816794	0.8083333333333333	0.8146341463414634	0.8444444444444444	0.8483754512635379	0.8009950248756219	0.8256880733944955	0.8256880733944955	0.783068783068783	0.8217391304347826	0.8164251207729468	0.7474226804123711	0.7538461538461538	0.7736842105263158	0.7839195979899497	0.7926829268292683	0.7572254335260116	0.7469879518072289	0.8009950248756219	0.7142857142857143	0.7616822429906542	0.772093023255814	0.7513812154696132	0.7643312101910829	0.7714285714285715	0.7315436241610739	0.7727272727272727	0.7383177570093458	0.8384615384615385	0.8149606299212598	0.7158469945355191	0.7864077669902912	0.8705882352941177	0.7352941176470589	0.7772020725388601	0.7920353982300885	0.775330396475771	0.8271604938271605	0.7219512195121951	0.7433155080213903	0.7659574468085106	0.7323232323232324	0.7142857142857143	0.702247191011236	0.7631578947368421	0.7714285714285715	0.7679558011049724	0.8394648829431438	0.8303249097472925	0.8445229681978799	0.7790055248618785	0.7670454545454546	0.7643312101910829	0.7740112994350282	0.7663551401869159	0.7584541062801933	0.7413793103448276	0.75	0.7592592592592593	0.695364238410596	0.7514450867052023	0.8444444444444444	0.7588235294117647	0.8685258964143426	0.868995633187773
SRR19621154	0.8539823008849557	0.8803418803418803	0.8489795918367347	0.7471910112359551	0.8378378378378378	0.8538812785388128	0.8691588785046729	0.7868217054263565	0.826271186440678	0.8125	0.8507462686567164	0.8709677419354839	0.8838951310861424	0.8852459016393442	0.8294117647058824	0.8454545454545455	0.8384279475982532	0.810126582278481	0.8115384615384615	0.8319672131147541	0.8017241379310345	0.8398058252427184	0.7965367965367965	0.757847533632287	0.8208955223880597	0.8082901554404145	0.8252427184466019	0.7872340425531915	0.8076923076923077	0.782608695652174	0.7894736842105263	0.8053097345132744	0.7761194029850746	0.8090452261306532	0.8205128205128205	0.8167539267015707	0.0	0.3819444444444444	0.8765432098765432	0.8603603603603603	0.812807881773399	0.7926267281105991	0.8125	0.8229665071770335	0.8181818181818182	0.7864583333333334	0.7647058823529411	0.8115183246073299	0.8	0.8072916666666666	0.8605442176870748	0.8515901060070671	0.8697183098591549	0.8740740740740741	0.7916666666666666	0.8851351351351351	0.8803986710963455	0.33974358974358976	0.8770491803278688	0.8630705394190872	0.7722772277227723	0.8008298755186722	0.8099547511312217	0.8136363636363636	0.8136363636363636	0.8271028037383178	0.8073394495412844	0.8260869565217391	0.7801047120418848	0.7914438502673797	0.8227272727272728	0.8387096774193549	0.8208333333333333	0.8151260504201681	0.803921568627451	0.8415300546448088	0.8051282051282052	0.8435754189944135	0.774869109947644	0.7796610169491526	0.8692579505300353	0.8525179856115108	0.7894736842105263	0.776255707762557	0.9071428571428571	0.7736842105263158	0.8348623853211009	0.8313253012048193	0.816	0.8566037735849057	0.8135593220338984	0.8287037037037037	0.8636363636363636	0.7882882882882883	0.8056872037914692	0.7794117647058824	0.8009478672985783	0.8154506437768241	0.84688995215311	0.8905775075987842	0.896774193548387	0.8977635782747604	0.7806122448979592	0.8366336633663366	0.8022598870056498	0.788659793814433	0.7792207792207793	0.7831858407079646	0.7969543147208121	0.842391304347826	0.8225806451612904	0.825136612021858	0.774869109947644	0.8256227758007118	0.8434343434343434	0.8978102189781022	0.9007936507936508
SRR19621155	0.8465116279069768	0.8693693693693694	0.8418803418803419	0.7529411764705882	0.8238095238095238	0.8349514563106796	0.8507462686567164	0.8110236220472441	0.8333333333333334	0.82	0.8481675392670157	0.8823529411764706	0.9003831417624522	0.8885135135135135	0.810126582278481	0.8428571428571429	0.8409090909090909	0.8165938864628821	0.8267716535433071	0.8240343347639485	0.8133333333333334	0.8186528497409327	0.8133333333333334	0.7452830188679245	0.8105263157894737	0.7967032967032966	0.7842105263157895	0.7808988764044944	0.8023255813953488	0.7543859649122807	0.7839195979899497	0.8064516129032258	0.7631578947368421	0.7978723404255319	0.8032786885245902	0.7921348314606742	0.3819444444444444	0.0	0.8851063829787233	0.8584905660377359	0.8082901554404145	0.8104265402843602	0.82	0.8010204081632653	0.7912621359223301	0.7934782608695652	0.8043478260869565	0.7865168539325843	0.7688172043010753	0.7821229050279329	0.8671328671328671	0.8581818181818182	0.8808664259927798	0.8687258687258688	0.8207547169811321	0.8923611111111112	0.8758620689655172	0.3466666666666667	0.8808510638297873	0.8808510638297873	0.7526315789473684	0.8068669527896996	0.822429906542056	0.7864077669902912	0.8095238095238095	0.8292682926829268	0.8086124401913876	0.8011695906432749	0.7734806629834254	0.7714285714285715	0.8301886792452831	0.824390243902439	0.8173913043478261	0.8114035087719298	0.7801047120418848	0.8176470588235294	0.8	0.8470588235294118	0.7747252747252747	0.7743362831858407	0.8884892086330936	0.8592592592592593	0.79	0.7644230769230769	0.9154411764705882	0.7666666666666667	0.8146341463414634	0.8235294117647058	0.8025210084033614	0.8638132295719845	0.8097345132743363	0.8195121951219512	0.8398058252427184	0.794392523364486	0.7889447236180904	0.7794871794871795	0.79	0.7954545454545454	0.8383838383838383	0.8832807570977917	0.9003322259136213	0.882943143812709	0.7608695652173914	0.8393782383419689	0.7668711656441718	0.7624309392265194	0.8008849557522124	0.7889908256880734	0.7849462365591398	0.8117647058823529	0.8114285714285714	0.8208092485549133	0.7611111111111111	0.8315018315018315	0.8216216216216217	0.8977272727272727	0.9098360655737705
SRR19621156	0.8661417322834646	0.8850574712643678	0.8566176470588235	0.8169014084507042	0.6894977168949772	0.7272727272727273	0.7336448598130841	0.8287671232876712	0.862453531598513	0.7841409691629956	0.7619047619047619	0.762589928057554	0.8065693430656934	0.7491525423728813	0.8307692307692308	0.7477876106194691	0.75	0.756	0.7664233576642335	0.7338709677419355	0.9074733096085409	0.8245614035087719	0.899641577060932	0.849624060150376	0.9317269076305221	0.8884120171673819	0.8801652892561983	0.8526785714285714	0.8558139534883721	0.85	0.7064220183486238	0.634703196347032	0.8247863247863247	0.7087378640776699	0.8119266055045872	0.8248847926267281	0.8765432098765432	0.8851063829787233	0.0	0.7577092511013216	0.8	0.7875	0.7787610619469026	0.8043478260869565	0.89272030651341	0.8803418803418803	0.9256198347107438	0.8256880733944955	0.8405172413793104	0.832579185520362	0.7661016949152543	0.7491166077738516	0.7364620938628159	0.6941176470588235	0.8888888888888888	0.6801470588235294	0.6881720430107527	0.8793774319066148	0.3621621621621622	0.3532608695652174	0.8693877551020408	0.89198606271777	0.9063670411985019	0.8582677165354331	0.7168141592920354	0.7555555555555555	0.7434782608695653	0.8443396226415094	0.8407079646017699	0.8565022421524664	0.9007633587786259	0.7887931034482759	0.8270676691729323	0.8129770992366412	0.7866666666666666	0.8009950248756219	0.8144796380090498	0.8431372549019608	0.8153153153153153	0.8345588235294118	0.7667844522968198	0.7436823104693141	0.8489795918367347	0.879245283018868	0.8035714285714286	0.8558951965065502	0.7366071428571429	0.8104089219330854	0.7827715355805244	0.7424242424242424	0.7489878542510121	0.7354260089686099	0.7763157894736842	0.8032128514056225	0.7835497835497836	0.7860262008733624	0.8	0.78	0.7837837837837838	0.7648902821316614	0.7423728813559322	0.7615894039735099	0.8595744680851064	0.7605633802816901	0.8995433789954338	0.8860759493670886	0.720164609053498	0.7489711934156379	0.7511737089201878	0.8421052631578947	0.8019323671497585	0.821256038647343	0.7824074074074074	0.853035143769968	0.8110599078341014	0.7875457875457875	0.776
SRR19621157	0.776255707762557	0.8114035087719298	0.8024691358024691	0.7916666666666666	0.7285714285714285	0.7559808612440191	0.7386934673366834	0.7849056603773585	0.8326530612244898	0.7632850241545893	0.7878787878787878	0.7633587786259542	0.7913385826771654	0.7580071174377224	0.8114285714285714	0.36645962732919257	0.391812865497076	0.7824267782426778	0.7722007722007722	0.775	0.852	0.8246445497630331	0.8333333333333334	0.8181818181818182	0.8968609865470852	0.8398058252427184	0.8433179723502304	0.815	0.7978723404255319	0.8232323232323232	0.7281553398058253	0.7201834862385321	0.8084112149532711	0.7384615384615385	0.7616580310880829	0.8071065989847716	0.8603603603603603	0.8584905660377359	0.7577092511013216	0.0	0.8317757009345794	0.8217391304347826	0.8037383177570093	0.8084112149532711	0.8354978354978355	0.8252427184466019	0.8837209302325582	0.8316831683168316	0.8418604651162791	0.8390243902439024	0.7929824561403509	0.781021897810219	0.7732342007434945	0.7628458498023716	0.8607594936708861	0.7490774907749077	0.7773851590106007	0.869198312236287	0.7695652173913043	0.7641921397379913	0.8526785714285714	0.8712121212121212	0.8760330578512396	0.8559322033898306	0.75	0.7619047619047619	0.7488372093023256	0.8402061855670103	0.8195121951219512	0.8366336633663366	0.869198312236287	0.8027522935779816	0.8081632653061225	0.7925311203319502	0.812206572769953	0.7989130434782609	0.8137254901960784	0.8260869565217391	0.8088235294117647	0.8260869565217391	0.7904411764705882	0.7669172932330827	0.8355555555555556	0.8600823045267489	0.8246268656716418	0.8421052631578947	0.7476190476190476	0.7951807228915663	0.7601626016260162	0.7953667953667953	0.7212389380530974	0.7281553398058253	0.7607655502392344	0.775330396475771	0.7630331753554502	0.7536231884057971	0.7641509433962265	0.7444933920704846	0.7373737373737373	0.7737704918032787	0.7896551724137931	0.7793103448275862	0.8571428571428571	0.7487179487179487	0.8894472361809045	0.8651162790697674	0.7617021276595745	0.7758620689655172	0.7761194029850746	0.84375	0.8247422680412371	0.8021390374331551	0.7602040816326531	0.8229166666666666	0.797979797979798	0.8038461538461539	0.8083333333333333
SRR19621158	0.8722466960352423	0.8978723404255319	0.8884462151394422	0.75	0.8461538461538461	0.8518518518518519	0.8341463414634146	0.7937743190661478	0.7822222222222223	0.7980295566502463	0.8367346938775511	0.8529411764705882	0.8565891472868217	0.8339100346020761	0.782608695652174	0.8433179723502304	0.820627802690583	0.8127659574468085	0.8320610687022901	0.8442622950819673	0.8396624472573839	0.7959183673469388	0.8445378151260504	0.8189655172413793	0.835820895522388	0.8052631578947368	0.7989949748743719	0.7837837837837838	0.797752808988764	0.7584269662921348	0.8207547169811321	0.8026905829596412	0.7788944723618091	0.8121827411167513	0.786096256684492	0.7679558011049724	0.812807881773399	0.8082901554404145	0.8	0.8317757009345794	0.0	0.4853801169590643	0.45569620253164556	0.8088235294117647	0.8211009174311926	0.826530612244898	0.8542713567839196	0.8148148148148148	0.8382352941176471	0.8167539267015707	0.8512110726643599	0.8458781362007168	0.8561151079136691	0.8333333333333334	0.794392523364486	0.8526315789473684	0.852233676975945	0.8202764976958525	0.8008849557522124	0.8217391304347826	0.7626262626262627	0.788135593220339	0.8018433179723502	0.7830188679245284	0.8165137614678899	0.8301886792452831	0.8046511627906977	0.873015873015873	0.8082901554404145	0.8201058201058201	0.7981220657276995	0.8199052132701422	0.8235294117647058	0.8227848101265823	0.8186274509803921	0.8324022346368715	0.8082901554404145	0.8070175438596491	0.8333333333333334	0.7974683544303798	0.8345588235294118	0.8424908424908425	0.7623762376237624	0.8116591928251121	0.8941605839416058	0.7567567567567568	0.8215962441314554	0.8340080971659919	0.841897233201581	0.8505747126436781	0.826271186440678	0.8317757009345794	0.8669724770642202	0.8125	0.8028846153846154	0.8173076923076923	0.7980769230769231	0.8078602620087336	0.81	0.8544303797468354	0.8811881188118812	0.8561872909698997	0.7959183673469388	0.8163265306122449	0.7988505747126436	0.8163265306122449	0.8025751072961373	0.8122270742358079	0.8061224489795918	0.8586956521739131	0.851063829787234	0.8351648351648352	0.7377049180327869	0.8321428571428572	0.841025641025641	0.8716981132075472	0.8816326530612245
SRR19621159	0.8647540983606558	0.8755020080321285	0.8847583643122676	0.7315789473684211	0.8205128205128205	0.8304347826086956	0.8181818181818182	0.791970802919708	0.8104838709677419	0.7899543378995434	0.8142857142857143	0.84375	0.8633093525179856	0.8376623376623377	0.8011049723756906	0.8070175438596491	0.7914893617021277	0.7903225806451613	0.8065693430656934	0.8301158301158301	0.8392156862745098	0.7877358490566038	0.8482490272373541	0.7759336099585062	0.8194444444444444	0.7783251231527094	0.7850467289719626	0.7941176470588235	0.7948717948717948	0.7839195979899497	0.8061674008810573	0.8	0.783410138248848	0.7914691943127962	0.7783251231527094	0.7860696517412935	0.7926267281105991	0.8104265402843602	0.7875	0.8217391304347826	0.4853801169590643	0.0	0.47701149425287354	0.8108108108108109	0.8319327731092437	0.8271028037383178	0.8681818181818182	0.8048780487804879	0.8165137614678899	0.8125	0.8311258278145696	0.8253424657534246	0.8430034129692833	0.8290909090909091	0.8227848101265823	0.84	0.8283828382838284	0.7956521739130434	0.7833333333333333	0.8178137651821862	0.7685185185185185	0.7913385826771654	0.7991452991452992	0.76	0.7816593886462883	0.8149779735682819	0.8017241379310345	0.8585365853658536	0.7874396135265701	0.803921568627451	0.826271186440678	0.7946428571428571	0.82421875	0.8142292490118577	0.7981651376146789	0.8082901554404145	0.8047619047619048	0.8157894736842105	0.8	0.7952755905511811	0.8344827586206897	0.8175438596491228	0.7681818181818182	0.803347280334728	0.8710801393728222	0.745	0.8173913043478261	0.8250950570342205	0.8195488721804511	0.8241758241758241	0.7786885245901639	0.7901785714285714	0.8398268398268398	0.7890295358649789	0.8	0.7808219178082192	0.7625570776255708	0.775	0.7953488372093023	0.8498498498498499	0.842443729903537	0.8402555910543131	0.7934272300469484	0.7952380952380952	0.8442211055276382	0.8232558139534883	0.7654320987654321	0.7842323651452282	0.8028169014084507	0.8676470588235294	0.8439024390243902	0.8291457286432161	0.7272727272727273	0.8243243243243243	0.8457943925233645	0.8571428571428571	0.8697318007662835
SRR19621160	0.8608695652173913	0.8958333333333334	0.8779527559055118	0.7717391304347826	0.8190045248868778	0.8348623853211009	0.8164251207729468	0.7938931297709924	0.8135593220338984	0.7864077669902912	0.8181818181818182	0.8351648351648352	0.8378378378378378	0.8048780487804879	0.7831325301204819	0.8211009174311926	0.7772727272727272	0.782051282051282	0.8091603053435115	0.8292682926829268	0.8291666666666667	0.7777777777777778	0.8291666666666667	0.7665198237885462	0.8292682926829268	0.7801047120418848	0.7871287128712872	0.8153846153846154	0.7978142076502732	0.798941798941799	0.8037383177570093	0.7866666666666666	0.7733990147783252	0.8	0.7606382978723404	0.7819148936170213	0.8125	0.82	0.7787610619469026	0.8037383177570093	0.45569620253164556	0.47701149425287354	0.0	0.7971014492753623	0.8362831858407079	0.8258706467661692	0.875	0.8082901554404145	0.8146341463414634	0.8041237113402062	0.8344827586206897	0.8243727598566308	0.8303249097472925	0.8146718146718147	0.8161434977578476	0.8315789473684211	0.8316151202749141	0.8251121076233184	0.7797356828193832	0.8060344827586207	0.7323232323232324	0.773109243697479	0.8125	0.772093023255814	0.772093023255814	0.7962085308056872	0.7935779816513762	0.8288770053475936	0.8080808080808081	0.8195876288659794	0.8303571428571429	0.8084112149532711	0.803347280334728	0.771551724137931	0.8238095238095238	0.825136612021858	0.82	0.8333333333333334	0.803030303030303	0.8170731707317073	0.8381294964028777	0.8333333333333334	0.8037383177570093	0.8318965517241379	0.8844765342960289	0.7959183673469388	0.8211009174311926	0.8286852589641435	0.8181818181818182	0.8046875	0.7957446808510639	0.7924528301886793	0.8603603603603603	0.7802690582959642	0.7971698113207547	0.7942583732057417	0.7981220657276995	0.7869565217391304	0.7980295566502463	0.85	0.8651315789473685	0.8438538205980066	0.8252427184466019	0.7918781725888325	0.8315217391304348	0.8159203980099502	0.771551724137931	0.7913043478260869	0.7939698492462312	0.875	0.8556701030927835	0.8404255319148937	0.7393617021276596	0.8315789473684211	0.8282828282828283	0.8576779026217228	0.88
SRR19621161	0.8451327433628318	0.8907563025210085	0.8502024291497976	0.7288135593220338	0.7439613526570048	0.7598039215686274	0.7551020408163265	0.828996282527881	0.8612244897959184	0.8142857142857143	0.7055555555555556	0.8678571428571429	0.8847583643122676	0.8445945945945946	0.7278481012658228	0.7751196172248804	0.7927927927927928	0.7863247863247863	0.8084291187739464	0.7890295358649789	0.8571428571428571	0.5031055900621118	0.8976377952755905	0.8025751072961373	0.7989949748743719	0.7593582887700535	0.7357512953367875	0.75	0.7267441860465116	0.7582417582417582	0.75	0.7465437788018433	0.45962732919254656	0.7486910994764397	0.73224043715847	0.7333333333333333	0.8229665071770335	0.8010204081632653	0.8043478260869565	0.8084112149532711	0.8088235294117647	0.8108108108108109	0.7971014492753623	0.0	0.8198198198198198	0.8131313131313131	0.8904761904761904	0.7688172043010753	0.7589743589743589	0.7513513513513513	0.8339100346020761	0.8404255319148937	0.8422939068100358	0.8320610687022901	0.8311111111111111	0.8512110726643599	0.8350515463917526	0.8190045248868778	0.8051948051948052	0.825531914893617	0.8038277511961722	0.8452380952380952	0.827433628318584	0.7880184331797235	0.7767441860465116	0.8066037735849056	0.7926267281105991	0.7471264367816092	0.7433155080213903	0.7741935483870968	0.84	0.736318407960199	0.8125	0.8067226890756303	0.7384615384615385	0.7630057803468208	0.7631578947368421	0.7848837209302325	0.7708333333333334	0.7866108786610879	0.8375451263537906	0.8198529411764706	0.7560975609756098	0.8	0.88	0.7696335078534031	0.7692307692307693	0.8232931726907631	0.7935222672064778	0.8403041825095057	0.7354260089686099	0.7121212121212122	0.7586206896551724	0.7901785714285714	0.7425742574257426	0.7386934673366834	0.7740384615384616	0.7247706422018348	0.7788944723618091	0.834920634920635	0.8378378378378378	0.8433333333333334	0.7577319587628866	0.7189189189189189	0.7840909090909091	0.7969543147208121	0.759825327510917	0.7903930131004366	0.7680412371134021	0.7714285714285715	0.7790055248618785	0.7528735632183908	0.7103825136612022	0.8185053380782918	0.7445652173913043	0.8698884758364313	0.8704453441295547
SRR19621162	0.8347457627118644	0.8559670781893004	0.8174603174603174	0.7806122448979592	0.8724279835390947	0.8638297872340426	0.8782608695652174	0.7723880597014925	0.8137651821862348	0.8414096916299559	0.8511627906976744	0.8855218855218855	0.8745519713261649	0.8769716088328076	0.8055555555555556	0.851063829787234	0.8582995951417004	0.8267716535433071	0.8267148014440433	0.8423076923076923	0.7901234567901234	0.8248847926267281	0.8	0.7791666666666667	0.85	0.8173076923076923	0.8055555555555556	0.7860696517412935	0.7864583333333334	0.75	0.8201754385964912	0.8467741935483871	0.7926267281105991	0.8177570093457944	0.7575757575757576	0.7525773195876289	0.8181818181818182	0.7912621359223301	0.89272030651341	0.8354978354978355	0.8211009174311926	0.8319327731092437	0.8362831858407079	0.8198198198198198	0.0	0.453416149068323	0.6428571428571429	0.8203883495145631	0.8256880733944955	0.8221153846153846	0.8529411764705882	0.8633333333333333	0.8691275167785235	0.896551724137931	0.8162393162393162	0.9015873015873016	0.8934169278996865	0.8043478260869565	0.8973384030418251	0.9056603773584906	0.7428571428571429	0.7551020408163265	0.8177966101694916	0.7522522522522522	0.8739837398373984	0.8686440677966102	0.859504132231405	0.84	0.8028846153846154	0.801980198019802	0.8247863247863247	0.8193832599118943	0.7894736842105263	0.8032128514056225	0.8235294117647058	0.8367346938775511	0.8254716981132075	0.8201058201058201	0.7922705314009661	0.7741935483870968	0.88	0.8980263157894737	0.7882882882882883	0.7966101694915254	0.8896551724137931	0.7912621359223301	0.8105726872246696	0.80078125	0.7953667953667953	0.8767605633802817	0.7967479674796748	0.8201754385964912	0.853448275862069	0.7872340425531915	0.7982062780269058	0.8009049773755657	0.7991071428571429	0.7983539094650206	0.7761904761904762	0.8794117647058823	0.8881987577639752	0.8858024691358025	0.7560975609756098	0.8325581395348837	0.7675675675675676	0.7512437810945274	0.8359375	0.8452380952380952	0.8705357142857143	0.8195876288659794	0.8480392156862745	0.7842105263157895	0.7562189054726368	0.842809364548495	0.8048780487804879	0.8958333333333334	0.9067164179104478
SRR19621163	0.819047619047619	0.8486238532110092	0.8217391304347826	0.7455621301775148	0.8772727272727273	0.8732394366197183	0.8840579710144928	0.7871485943775101	0.8230088495575221	0.8431372549019608	0.8421052631578947	0.8905109489051095	0.87890625	0.8771331058020477	0.7792207792207793	0.8483412322274881	0.8409090909090909	0.8114035087719298	0.8313725490196079	0.8389830508474576	0.7918552036199095	0.8	0.8237885462555066	0.7685185185185185	0.8105263157894737	0.7696629213483146	0.7842105263157895	0.7670454545454546	0.7810650887573964	0.7543859649122807	0.8309178743961353	0.84375	0.7631578947368421	0.8229166666666666	0.7696629213483146	0.7714285714285715	0.7864583333333334	0.7934782608695652	0.8803418803418803	0.8252427184466019	0.826530612244898	0.8271028037383178	0.8258706467661692	0.8131313131313131	0.453416149068323	0.0	0.6075949367088608	0.8260869565217391	0.8195876288659794	0.8152173913043478	0.8469750889679716	0.8664259927797834	0.8727272727272727	0.8901515151515151	0.8151658767772512	0.8923611111111112	0.8986486486486487	0.7961165048543689	0.885593220338983	0.890295358649789	0.772020725388601	0.7699115044247787	0.8113207547169812	0.7745098039215687	0.8584474885844748	0.8405797101449275	0.8525345622119815	0.8352272727272727	0.7868852459016393	0.7921348314606742	0.8133971291866029	0.824390243902439	0.7692307692307693	0.7955555555555556	0.8291457286432161	0.8313953488372093	0.8191489361702128	0.8263473053892215	0.7814207650273224	0.8008658008658008	0.8804347826086957	0.8920863309352518	0.7777777777777778	0.7819905213270142	0.8909774436090225	0.7666666666666667	0.8029556650246306	0.8034188034188035	0.7923728813559322	0.8682170542635659	0.8044444444444444	0.8195121951219512	0.861904761904762	0.7830188679245284	0.8009950248756219	0.7731958762886598	0.801980198019802	0.7899543378995434	0.7958115183246073	0.8832807570977917	0.9075907590759076	0.8976897689768977	0.7608695652173914	0.8210526315789474	0.7891566265060241	0.7624309392265194	0.8217391304347826	0.831858407079646	0.8527918781725888	0.8117647058823529	0.8248587570621468	0.7636363636363637	0.7679558011049724	0.8272058823529411	0.8087431693989071	0.8893129770992366	0.9053497942386831
SRR19621164	0.839622641509434	0.8525345622119815	0.8304347826086956	0.8268156424581006	0.9111111111111111	0.91324200913242	0.9248826291079812	0.8095238095238095	0.831858407079646	0.8695652173913043	0.91	0.9018181818181819	0.8953488372093024	0.9136212624584718	0.84472049689441	0.9095022624434389	0.8903508771929824	0.8791666666666667	0.8659003831417624	0.889795918367347	0.7899543378995434	0.8811881188118812	0.7844036697247706	0.8161434977578476	0.8393782383419689	0.8578947368421053	0.8663366336633663	0.8440860215053764	0.8409090909090909	0.807909604519774	0.8732394366197183	0.8922413793103449	0.835	0.88	0.827027027027027	0.8166666666666667	0.7647058823529411	0.8043478260869565	0.9256198347107438	0.8837209302325582	0.8542713567839196	0.8681818181818182	0.875	0.8904761904761904	0.6428571428571429	0.6075949367088608	0.0	0.8736842105263158	0.8706467661691543	0.8691099476439791	0.8896551724137931	0.8975265017667845	0.9154929577464789	0.9301470588235294	0.8246445497630331	0.9326599326599326	0.9411764705882353	0.7881773399014779	0.9346938775510204	0.9259259259259259	0.8010204081632653	0.7947598253275109	0.8317757009345794	0.8301886792452831	0.8977777777777778	0.8826291079812206	0.9022222222222223	0.8907103825136612	0.8297872340425532	0.8486486486486486	0.8558139534883721	0.861904761904762	0.7946428571428571	0.8405172413793104	0.8391959798994975	0.8757062146892656	0.8481675392670157	0.8914285714285715	0.8429319371727748	0.8297872340425532	0.9151943462897526	0.9187279151943463	0.8118811881188119	0.7740384615384616	0.9345454545454546	0.7978142076502732	0.8738317757009346	0.8559670781893004	0.8495934959349594	0.9097744360902256	0.8638297872340426	0.8785046728971962	0.9128440366972477	0.8256880733944955	0.8564593301435407	0.8374384236453202	0.8349514563106796	0.8565217391304348	0.8768472906403941	0.9135802469135802	0.9352750809061489	0.9255663430420712	0.7849462365591398	0.8955223880597015	0.8012048192771084	0.7868852459016393	0.8838174273858921	0.8755364806866953	0.896551724137931	0.8888888888888888	0.8983957219251337	0.8522727272727273	0.8306878306878307	0.8678571428571429	0.8808290155440415	0.9375	0.9482071713147411
SRR19621165	0.8476190476190476	0.8657407407407407	0.827433628318584	0.7439024390243902	0.795	0.7938144329896907	0.7903225806451613	0.84375	0.8444444444444444	0.8324873096446701	0.7771428571428571	0.8796992481203008	0.876	0.8586572438162544	0.7866666666666666	0.8208955223880597	0.8199052132701422	0.8169642857142857	0.8273092369477911	0.8141592920353983	0.875	0.7802197802197802	0.8846153846153846	0.8127853881278538	0.8541666666666666	0.8033707865168539	0.8157894736842105	0.8212290502793296	0.7951807228915663	0.7823529411764706	0.7772020725388601	0.7894736842105263	0.7819148936170213	0.770949720670391	0.7396449704142012	0.7777777777777778	0.8115183246073299	0.7865168539325843	0.8256880733944955	0.8316831683168316	0.8148148148148148	0.8048780487804879	0.8082901554404145	0.7688172043010753	0.8203883495145631	0.8260869565217391	0.8736842105263158	0.0	0.29770992366412213	0.34375	0.8394160583941606	0.8288973384030418	0.8528301886792453	0.8380566801619433	0.8544600938967136	0.8492647058823529	0.8489208633093526	0.8195121951219512	0.8318181818181818	0.8526785714285714	0.8274111675126904	0.8425531914893617	0.8504672897196262	0.803921568627451	0.803921568627451	0.8415841584158416	0.8029556650246306	0.8012048192771084	0.7657142857142857	0.7848837209302325	0.8584905660377359	0.7760416666666666	0.8384279475982532	0.8222222222222222	0.7795698924731183	0.8253012048192772	0.8131868131868132	0.8343558282208589	0.7670454545454546	0.7737556561085973	0.8651685393258427	0.8560606060606061	0.8020304568527918	0.8104265402843602	0.8798449612403101	0.819672131147541	0.8439024390243902	0.8487394957983193	0.8423236514522822	0.8467741935483871	0.7824074074074074	0.7708333333333334	0.8112244897959183	0.8113207547169812	0.8131313131313131	0.7789473684210526	0.82	0.7897196261682243	0.7956989247311828	0.8590163934426229	0.867595818815331	0.8767123287671232	0.7734806629834254	0.8087431693989071	0.8253012048192772	0.7955801104972375	0.8009049773755657	0.8165137614678899	0.7978142076502732	0.8048780487804879	0.7375	0.7926829268292683	0.7808988764044944	0.8700361010830325	0.8089887640449438	0.8779527559055118	0.8546255506607929
SRR19621166	0.8356164383561644	0.8482142857142857	0.8319327731092437	0.7485714285714286	0.7788461538461539	0.7832512315270936	0.797979797979798	0.8383458646616542	0.8577405857740585	0.8428571428571429	0.786096256684492	0.8731884057971014	0.8778625954198473	0.87248322147651	0.7735849056603774	0.8207547169811321	0.8090909090909091	0.8017241379310345	0.8178294573643411	0.8143459915611815	0.8677685950413223	0.7760416666666666	0.8724279835390947	0.8181818181818182	0.8407960199004975	0.8042328042328042	0.797979797979798	0.8148148148148148	0.7966101694915254	0.7912087912087912	0.755	0.7909090909090909	0.7715736040609137	0.7606382978723404	0.7513812154696132	0.7734806629834254	0.8	0.7688172043010753	0.8405172413793104	0.8418604651162791	0.8382352941176471	0.8165137614678899	0.8146341463414634	0.7589743589743589	0.8256880733944955	0.8195876288659794	0.8706467661691543	0.29770992366412213	0.0	0.3208955223880597	0.8426573426573427	0.8411552346570397	0.855595667870036	0.8416988416988417	0.8678414096916299	0.8480565371024735	0.84375	0.813953488372093	0.8362068965517241	0.865546218487395	0.8155339805825242	0.8319672131147541	0.8640350877192983	0.8101851851851852	0.7990654205607477	0.8403755868544601	0.8037383177570093	0.7885714285714286	0.7883597883597884	0.8128342245989305	0.8666666666666667	0.7661691542288557	0.8227848101265823	0.811965811965812	0.7817258883248731	0.8181818181818182	0.8010471204188482	0.8265895953757225	0.7894736842105263	0.7914893617021277	0.8754448398576512	0.8461538461538461	0.8199052132701422	0.8054298642533937	0.8814814814814815	0.8256410256410256	0.8207547169811321	0.8380566801619433	0.8273092369477911	0.8544061302681992	0.7733333333333333	0.7733990147783252	0.8	0.7954545454545454	0.7843137254901961	0.775	0.8086124401913876	0.7802690582959642	0.7783505154639175	0.871875	0.8657718120805369	0.8745874587458746	0.788659793814433	0.8031088082901554	0.8248587570621468	0.7905759162303665	0.811965811965812	0.8061674008810573	0.7927461139896373	0.8125	0.764367816091954	0.7942857142857143	0.7958115183246073	0.8601398601398601	0.7903225806451613	0.8838951310861424	0.8577405857740585
SRR19621167	0.8269230769230769	0.8511627906976744	0.8237885462555066	0.7393939393939394	0.7788944723618091	0.7772020725388601	0.7925531914893617	0.8404669260700389	0.8508771929824561	0.84	0.7727272727272727	0.8636363636363636	0.868	0.867595818815331	0.7651006711409396	0.8168316831683168	0.8160377358490566	0.7918552036199095	0.8097165991902834	0.7946428571428571	0.8565217391304348	0.7759562841530054	0.871244635193133	0.7981651376146789	0.837696335078534	0.7921348314606742	0.786096256684492	0.8100558659217877	0.7831325301204819	0.7705882352941177	0.7407407407407407	0.7914691943127962	0.7647058823529411	0.7666666666666667	0.727810650887574	0.7365269461077845	0.8072916666666666	0.7821229050279329	0.832579185520362	0.8390243902439024	0.8167539267015707	0.8125	0.8041237113402062	0.7513513513513513	0.8221153846153846	0.8152173913043478	0.8691099476439791	0.34375	0.3208955223880597	0.0	0.8363636363636363	0.8345864661654135	0.8452830188679246	0.844	0.8504672897196262	0.8461538461538461	0.841726618705036	0.8155339805825242	0.8280542986425339	0.8539823008849557	0.817258883248731	0.8340425531914893	0.8571428571428571	0.8	0.7941176470588235	0.8258706467661692	0.8048780487804879	0.7818181818181819	0.7752808988764045	0.7873563218390804	0.8544600938967136	0.746031746031746	0.7982062780269058	0.7918552036199095	0.7621621621621621	0.8203592814371258	0.7955801104972375	0.8292682926829268	0.7900552486187845	0.7866666666666666	0.8619402985074627	0.8484848484848485	0.8040201005025126	0.8009478672985783	0.8764478764478765	0.8342245989304813	0.8226600985221675	0.8403361344537815	0.8242677824267782	0.8616600790513834	0.7731481481481481	0.7668393782383419	0.788659793814433	0.7962085308056872	0.7783505154639175	0.7619047619047619	0.8040201005025126	0.7916666666666666	0.7650273224043715	0.8599348534201955	0.8526315789473684	0.8620689655172413	0.7692307692307693	0.7978142076502732	0.7987804878048781	0.770949720670391	0.7918552036199095	0.7906976744186046	0.7802197802197802	0.8143712574850299	0.7636363636363637	0.7804878048780488	0.7833333333333333	0.8586956521739131	0.7771428571428571	0.87890625	0.8508771929824561
SRR19621168	0.7972508591065293	0.8193979933110368	0.8233438485804416	0.8283582089552238	0.7121771217712177	0.7238805970149254	0.7620817843866171	0.7569230769230769	0.8354430379746836	0.7753623188405797	0.7940074906367042	0.7659574468085106	0.7767295597484277	0.7579250720461095	0.84	0.8020833333333334	0.797979797979798	0.7312925170068028	0.7301587301587301	0.7079037800687286	0.8504672897196262	0.8620689655172413	0.8322784810126582	0.7973856209150327	0.888135593220339	0.8576512455516014	0.8517241379310345	0.8647686832740213	0.8507462686567164	0.8586956521739131	0.7670250896057348	0.7243816254416962	0.8458904109589042	0.7851851851851852	0.8327272727272728	0.8345588235294118	0.8605442176870748	0.8671328671328671	0.7661016949152543	0.7929824561403509	0.8512110726643599	0.8311258278145696	0.8344827586206897	0.8339100346020761	0.8529411764705882	0.8469750889679716	0.8896551724137931	0.8394160583941606	0.8426573426573427	0.8363636363636363	0.0	0.41825095057034223	0.421455938697318	0.729903536977492	0.896551724137931	0.7280966767371602	0.718562874251497	0.8599348534201955	0.7833333333333333	0.7792642140468228	0.8430034129692833	0.8484848484848485	0.89375	0.86084142394822	0.72	0.7741935483870968	0.7419354838709677	0.8713235294117647	0.8551236749116607	0.875886524822695	0.90625	0.8048780487804879	0.8089171974522293	0.7850162866449512	0.8408304498269896	0.8566037735849057	0.851063829787234	0.8754716981132076	0.8475177304964538	0.8445121951219512	0.7840236686390533	0.7650602409638554	0.8494983277591973	0.853035143769968	0.7554858934169278	0.8827586206896552	0.7589928057553957	0.7873015873015873	0.7635782747603834	0.7570977917981072	0.7380952380952381	0.7490909090909091	0.8035087719298246	0.7959866220735786	0.7793594306049823	0.7985865724381626	0.8013937282229965	0.7847682119205298	0.8014440433212996	0.7472527472527473	0.7412790697674418	0.7507163323782235	0.8775510204081632	0.7744360902255639	0.9100719424460432	0.8873720136518771	0.7810457516339869	0.7920792079207921	0.8115942028985508	0.8698884758364313	0.8432835820895522	0.8409090909090909	0.7962962962962963	0.8402203856749312	0.8104089219330854	0.7484076433121019	0.7774086378737541
SRR19621169	0.8111888111888111	0.8293515358361775	0.8327974276527331	0.8307692307692308	0.6911196911196911	0.732824427480916	0.7431906614785992	0.7763975155279503	0.8338762214983714	0.7851851851851852	0.7859922178988327	0.7586206896551724	0.7734627831715211	0.7280966767371602	0.8477366255144033	0.7773722627737226	0.7867132867132867	0.7610921501706485	0.7459807073954984	0.7335640138408305	0.8603174603174604	0.8530465949820788	0.8493589743589743	0.8145695364238411	0.8802816901408451	0.8352059925093633	0.8339350180505415	0.8555555555555555	0.8359375	0.8446969696969697	0.7675276752767528	0.718978102189781	0.8485915492957746	0.7674418604651163	0.8174904942965779	0.8326996197718631	0.8515901060070671	0.8581818181818182	0.7491166077738516	0.781021897810219	0.8458781362007168	0.8253424657534246	0.8243727598566308	0.8404255319148937	0.8633333333333333	0.8664259927797834	0.8975265017667845	0.8288973384030418	0.8411552346570397	0.8345864661654135	0.41825095057034223	0.0	0.392	0.6993243243243243	0.8932038834951457	0.6993670886075949	0.6896551724137931	0.8552188552188552	0.7673611111111112	0.7543859649122807	0.8374558303886925	0.8473520249221184	0.8903225806451613	0.8484848484848485	0.7142857142857143	0.7657992565055762	0.7276119402985075	0.8532818532818532	0.8283582089552238	0.850187265917603	0.9032258064516129	0.8191489361702128	0.8333333333333334	0.7940199335548173	0.8351254480286738	0.8464566929133859	0.8455882352941176	0.8793774319066148	0.8461538461538461	0.8432601880877743	0.7957957957957958	0.7654320987654321	0.852233676975945	0.8481848184818482	0.767515923566879	0.8581818181818182	0.7683823529411765	0.7843137254901961	0.7679738562091504	0.7731629392971247	0.7288732394366197	0.7300380228136882	0.7875457875457875	0.7762237762237763	0.7934782608695652	0.7867647058823529	0.8028673835125448	0.7773972602739726	0.7940074906367042	0.6882352941176471	0.7181818181818181	0.7090909090909091	0.8732394366197183	0.7984790874524715	0.9067164179104478	0.8794326241134752	0.7736486486486487	0.7972972972972973	0.8134328358208955	0.8515625	0.8326848249027238	0.8300395256916996	0.7884615384615384	0.8422535211267606	0.8212927756653993	0.7645161290322581	0.7864406779661017
SRR19621170	0.8042704626334519	0.8269896193771626	0.8381877022653722	0.8326848249027238	0.6653386454183267	0.7137254901960784	0.7188755020080321	0.7888198757763976	0.8580645161290322	0.7910447761194029	0.792156862745098	0.7555555555555555	0.7704918032786885	0.7247706422018348	0.8547717842323651	0.7649253731343284	0.775	0.7447552447552448	0.738562091503268	0.7298245614035088	0.8694267515923567	0.8633093525179856	0.8621794871794872	0.8120805369127517	0.9059233449477352	0.8629629629629629	0.8566308243727598	0.8661710037174721	0.8560311284046692	0.868421052631579	0.7593984962406015	0.6856060606060606	0.8586572438162544	0.758893280632411	0.8192307692307692	0.8435114503816794	0.8697183098591549	0.8808664259927798	0.7364620938628159	0.7732342007434945	0.8561151079136691	0.8430034129692833	0.8303249097472925	0.8422939068100358	0.8691275167785235	0.8727272727272727	0.9154929577464789	0.8528301886792453	0.855595667870036	0.8452830188679246	0.421455938697318	0.392	0.0	0.7128378378378378	0.9025974025974026	0.6996805111821086	0.7021943573667712	0.8762541806020067	0.7553191489361702	0.7597173144876325	0.8351254480286738	0.8598130841121495	0.9032258064516129	0.8581081081081081	0.714828897338403	0.7669172932330827	0.7378277153558053	0.8464566929133859	0.8389513108614233	0.8566037735849057	0.9090909090909091	0.7992700729927007	0.8157894736842105	0.7789115646258503	0.8453237410071942	0.844	0.8644688644688645	0.8774703557312253	0.8481481481481481	0.8557993730407524	0.796969696969697	0.7586206896551724	0.865979381443299	0.8688524590163934	0.7564935064935064	0.8808664259927798	0.7414448669201521	0.7973856209150327	0.7649006622516556	0.7662337662337663	0.7295373665480427	0.7258687258687259	0.7706766917293233	0.7642857142857142	0.7769516728624535	0.7651515151515151	0.8043478260869565	0.7785467128027682	0.7816091954022989	0.7113702623906706	0.7186544342507645	0.7250755287009063	0.8714285714285714	0.7859922178988327	0.9135338345864662	0.8936170212765957	0.7663230240549829	0.7820069204152249	0.8060836501901141	0.8671875	0.84375	0.859375	0.7945736434108527	0.8404558404558404	0.823076923076923	0.7408637873754153	0.7578947368421053
SRR19621171	0.84	0.8581560283687943	0.8367346938775511	0.8305785123966942	0.6582278481012658	0.7148760330578512	0.7148936170212766	0.8044871794871795	0.8498293515358362	0.7913385826771654	0.7773109243697479	0.75	0.7946127946127947	0.717948717948718	0.84375	0.7686274509803922	0.7509578544061303	0.7472527472527473	0.7319587628865979	0.7269372693726938	0.8733333333333333	0.83203125	0.8657718120805369	0.8339100346020761	0.9	0.8671875	0.8473282442748091	0.8292682926829268	0.8162393162393162	0.831275720164609	0.7579365079365079	0.7109375	0.8409090909090909	0.7415254237288136	0.7966804979253111	0.8083333333333333	0.8740740740740741	0.8687258687258688	0.6941176470588235	0.7628458498023716	0.8333333333333334	0.8290909090909091	0.8146718146718147	0.8320610687022901	0.896551724137931	0.8901515151515151	0.9301470588235294	0.8380566801619433	0.8416988416988417	0.844	0.729903536977492	0.6993243243243243	0.7128378378378378	0.0	0.9006849315068494	0.42105263157894735	0.44921875	0.872791519434629	0.6953125	0.7104247104247104	0.8377358490566038	0.8741935483870967	0.9013605442176871	0.8617021276595744	0.7362204724409449	0.7609561752988048	0.7250996015936255	0.8547717842323651	0.8232931726907631	0.8326530612244898	0.9112627986348123	0.8	0.8333333333333334	0.8125	0.8217054263565892	0.8173913043478261	0.8326693227091634	0.8734177215189873	0.8379446640316206	0.847682119205298	0.75	0.7152542372881356	0.8364312267657993	0.8650519031141869	0.7676767676767676	0.8687258687258688	0.7686274509803922	0.797945205479452	0.7891156462585034	0.735191637630662	0.7265917602996255	0.7224489795918367	0.76	0.7769516728624535	0.7619047619047619	0.7738095238095238	0.8098859315589354	0.7781818181818182	0.796	0.7351190476190477	0.7476635514018691	0.7383177570093458	0.8843283582089553	0.7909836065573771	0.9076305220883534	0.8992537313432836	0.7697841726618705	0.7728937728937729	0.7877551020408163	0.8382978723404255	0.8227848101265823	0.8297872340425532	0.7901234567901234	0.8461538461538461	0.8252032520325203	0.7687074829931972	0.7789855072463768
SRR19621172	0.8734693877551021	0.9015748031496063	0.8801498127340824	0.8059701492537313	0.9	0.9061224489795918	0.902542372881356	0.7912087912087912	0.8145161290322581	0.8421052631578947	0.9026548672566371	0.8668941979522184	0.8586956521739131	0.8738170347003155	0.875	0.8801652892561983	0.8588709677419355	0.83203125	0.8398576512455516	0.8731343283582089	0.8293650793650794	0.8256880733944955	0.8431372549019608	0.8333333333333334	0.8130841121495327	0.8009708737864077	0.8227272727272728	0.8221153846153846	0.8181818181818182	0.806930693069307	0.8311688311688312	0.8380566801619433	0.7824074074074074	0.8401826484018264	0.8009708737864077	0.8146341463414634	0.7916666666666666	0.8207547169811321	0.8888888888888888	0.8607594936708861	0.794392523364486	0.8227848101265823	0.8161434977578476	0.8311111111111111	0.8162393162393162	0.8151658767772512	0.8246445497630331	0.8544600938967136	0.8678414096916299	0.8504672897196262	0.896551724137931	0.8932038834951457	0.9025974025974026	0.9006849315068494	0.0	0.9018987341772152	0.9074074074074074	0.8	0.9018867924528302	0.9101123595505618	0.8116591928251121	0.813953488372093	0.4530386740331492	0.8464730290456431	0.8790322580645161	0.8879668049792531	0.8739837398373984	0.8578431372549019	0.8151658767772512	0.8260869565217391	0.5161290322580645	0.8601694915254238	0.8326848249027238	0.8455598455598455	0.8652173913043478	0.8829268292682927	0.8636363636363636	0.8512820512820513	0.8215962441314554	0.8132295719844358	0.8653198653198653	0.8910891089108911	0.8	0.8075313807531381	0.919732441471572	0.8151658767772512	0.8613445378151261	0.8507462686567164	0.8492647058823529	0.896551724137931	0.8443579766536965	0.8412017167381974	0.8686440677966102	0.8083333333333333	0.8253275109170306	0.8230088495575221	0.8461538461538461	0.85546875	0.868421052631579	0.899135446685879	0.9088145896656535	0.9030303030303031	0.7751196172248804	0.8699551569506726	0.8072916666666666	0.8	0.8587786259541985	0.8458498023715415	0.8558558558558559	0.8725490196078431	0.8708133971291866	0.845771144278607	0.8104265402843602	0.8547854785478548	0.8767123287671232	0.9222972972972973	0.9386281588447654
SRR19621173	0.8422818791946308	0.8664495114006515	0.8535825545171339	0.8383458646616542	0.7164179104477612	0.7425373134328358	0.7575757575757576	0.8125	0.8512658227848101	0.7846715328467153	0.7900763358778626	0.7350157728706624	0.7731629392971247	0.7168674698795181	0.8645418326693227	0.7636363636363637	0.7649122807017544	0.7609427609427609	0.765625	0.7466216216216216	0.8936170212765957	0.8475177304964538	0.8834355828220859	0.8584905660377359	0.9269102990033222	0.8873239436619719	0.8767123287671232	0.8623188405797102	0.8435114503816794	0.8602941176470589	0.7582417582417582	0.7054545454545454	0.863013698630137	0.767175572519084	0.8252788104089219	0.8444444444444444	0.8851351351351351	0.8923611111111112	0.6801470588235294	0.7490774907749077	0.8526315789473684	0.84	0.8315789473684211	0.8512110726643599	0.9015873015873016	0.8923611111111112	0.9326599326599326	0.8492647058823529	0.8480565371024735	0.8461538461538461	0.7280966767371602	0.6993670886075949	0.6996805111821086	0.42105263157894735	0.9018987341772152	0.0	0.40977443609022557	0.883495145631068	0.6956521739130435	0.7003610108303249	0.8677966101694915	0.887240356083086	0.909375	0.8697068403908795	0.7562724014336918	0.7745454545454545	0.7598566308243727	0.8646616541353384	0.8483754512635379	0.8613138686131386	0.9116719242902208	0.8222996515679443	0.839622641509434	0.8129032258064516	0.8501742160278746	0.8404669260700389	0.8566308243727598	0.8816793893129771	0.8692579505300353	0.8700906344410876	0.754601226993865	0.7383177570093458	0.8662207357859532	0.8867924528301887	0.7672955974842768	0.872791519434629	0.7900355871886121	0.8328173374613003	0.8099688473520249	0.7611464968152867	0.7379310344827587	0.7490774907749077	0.7737226277372263	0.7966101694915254	0.7841726618705036	0.7992831541218638	0.818815331010453	0.8013245033112583	0.8021978021978022	0.7223796033994334	0.7374631268436578	0.7323529411764705	0.886986301369863	0.797752808988764	0.9163636363636364	0.9081632653061225	0.7733333333333333	0.7926421404682275	0.8037037037037037	0.85	0.8269230769230769	0.8378378378378378	0.8059701492537313	0.8664850136239782	0.8419117647058824	0.7643312101910829	0.7694915254237288
SRR19621174	0.8305647840531561	0.8511326860841424	0.8461538461538461	0.8467153284671532	0.6902985074626866	0.725925925925926	0.7406015037593985	0.7952522255192879	0.84375	0.7900355871886121	0.7955390334572491	0.7289719626168224	0.7704402515723271	0.6957831325301205	0.8638132295719845	0.773851590106007	0.7705479452054794	0.7416107382550335	0.74375	0.7186440677966102	0.8825301204819277	0.8472222222222222	0.8757575757575757	0.8473520249221184	0.9108910891089109	0.8706293706293706	0.8605442176870748	0.8576512455516014	0.8518518518518519	0.8597122302158273	0.7598566308243727	0.7127659574468085	0.8547297297297297	0.75	0.8254545454545454	0.8483754512635379	0.8803986710963455	0.8758620689655172	0.6881720430107527	0.7773851590106007	0.852233676975945	0.8283828382838284	0.8316151202749141	0.8350515463917526	0.8934169278996865	0.8986486486486487	0.9411764705882353	0.8489208633093526	0.84375	0.841726618705036	0.718562874251497	0.6896551724137931	0.7021943573667712	0.44921875	0.9074074074074074	0.40977443609022557	0.0	0.8789808917197452	0.7344827586206897	0.7212543554006968	0.8708609271523179	0.8862973760932945	0.9146341463414634	0.8690095846645367	0.7446808510638298	0.784452296819788	0.7526501766784452	0.8681318681318682	0.8641114982578397	0.8687943262411347	0.916923076923077	0.8062283737024222	0.8359133126934984	0.828125	0.8498293515358362	0.8446969696969697	0.8601398601398601	0.8764044943820225	0.8485915492957746	0.8558558558558559	0.7671641791044777	0.7323076923076923	0.8543046357615894	0.8753894080996885	0.7798165137614679	0.8758620689655172	0.7695035460992907	0.8148148148148148	0.7881619937694704	0.7586206896551724	0.7398648648648649	0.7463768115942029	0.7661870503597122	0.8013245033112583	0.776595744680851	0.795774647887324	0.8191126279863481	0.801948051948052	0.7985611510791367	0.7206703910614525	0.7243401759530792	0.7079646017699115	0.8783783783783784	0.7941176470588235	0.9068100358422939	0.8993288590604027	0.7745098039215687	0.8013029315960912	0.7956204379562044	0.862453531598513	0.8487084870848709	0.8550185873605948	0.8109090909090909	0.8598382749326146	0.8333333333333334	0.7732919254658385	0.7748344370860927
SRR19621175	0.8535564853556485	0.8785425101214575	0.8443579766536965	0.7731958762886598	0.8432203389830508	0.8484848484848485	0.8628318584070797	0.7896678966789668	0.8178137651821862	0.8036529680365296	0.8558139534883721	0.8698630136986302	0.8900709219858156	0.8836477987421384	0.8241758241758241	0.8553191489361702	0.8483606557377049	0.812	0.8088235294117647	0.8188976377952756	0.7991803278688525	0.8348623853211009	0.8137651821862348	0.7413793103448276	0.8333333333333334	0.8164251207729468	0.8101851851851852	0.7970297029702971	0.8223350253807107	0.7868020304568528	0.7927927927927928	0.8174273858921162	0.7746478873239436	0.8169014084507042	0.8164251207729468	0.8009950248756219	0.33974358974358976	0.3466666666666667	0.8793774319066148	0.869198312236287	0.8202764976958525	0.7956521739130434	0.8251121076233184	0.8190045248868778	0.8043478260869565	0.7961165048543689	0.7881773399014779	0.8195121951219512	0.813953488372093	0.8155339805825242	0.8599348534201955	0.8552188552188552	0.8762541806020067	0.872791519434629	0.8	0.883495145631068	0.8789808917197452	0.0	0.8841698841698842	0.8754863813229572	0.7710280373831776	0.8031496062992126	0.8220338983050848	0.8051948051948052	0.8205128205128205	0.8434782608695652	0.8247863247863247	0.8214285714285714	0.7783251231527094	0.7704081632653061	0.8240343347639485	0.8237885462555066	0.8127490039840638	0.8024193548387096	0.8009259259259259	0.8418367346938775	0.8133971291866029	0.8497409326424871	0.7733990147783252	0.763265306122449	0.8758389261744967	0.8600682593856656	0.7818181818181819	0.7587719298245614	0.911864406779661	0.7661691542288557	0.8201754385964912	0.8320610687022901	0.8038461538461539	0.8561151079136691	0.8152610441767069	0.8347826086956521	0.8626609442060086	0.7966101694915254	0.8080357142857143	0.7889908256880734	0.7982062780269058	0.8122448979591836	0.852017937219731	0.8888888888888888	0.8947368421052632	0.8923076923076924	0.7788461538461539	0.8532110091743119	0.786096256684492	0.7745098039215687	0.8072289156626506	0.7966804979253111	0.8113207547169812	0.8307692307692308	0.83	0.8144329896907216	0.7794117647058824	0.826530612244898	0.8436018957345972	0.903114186851211	0.9144981412639405
SRR19621176	0.8666666666666667	0.8897338403041825	0.8736462093862816	0.8177570093457944	0.7142857142857143	0.7675438596491229	0.7465437788018433	0.8372881355932204	0.8754578754578755	0.826271186440678	0.7746478873239436	0.7894736842105263	0.8409893992932862	0.7908496732026143	0.8434343434343434	0.7543859649122807	0.7457627118644068	0.7569721115537849	0.7672727272727272	0.75	0.9078014184397163	0.8201754385964912	0.9039145907473309	0.8671586715867159	0.9190283400809717	0.8793103448275862	0.8713692946058091	0.8430493273542601	0.8403755868544601	0.8401826484018264	0.7366071428571429	0.6784140969162996	0.825531914893617	0.7285714285714285	0.8127853881278538	0.8256880733944955	0.8770491803278688	0.8808510638297873	0.3621621621621622	0.7695652173913043	0.8008849557522124	0.7833333333333333	0.7797356828193832	0.8051948051948052	0.8973384030418251	0.885593220338983	0.9346938775510204	0.8318181818181818	0.8362068965517241	0.8280542986425339	0.7833333333333333	0.7673611111111112	0.7553191489361702	0.6953125	0.9018867924528302	0.6956521739130435	0.7344827586206897	0.8841698841698842	0.0	0.3915343915343915	0.8464730290456431	0.8846153846153846	0.9107806691449815	0.8588235294117647	0.7564102564102564	0.762114537444934	0.7606837606837606	0.8504672897196262	0.8362831858407079	0.8468468468468469	0.9176029962546817	0.8200836820083682	0.8364312267657993	0.8136882129277566	0.7876106194690266	0.79	0.8045454545454546	0.8495145631067961	0.8108108108108109	0.8308823529411765	0.7889273356401384	0.7667844522968198	0.8634538152610441	0.8880597014925373	0.8127208480565371	0.8565217391304348	0.7863247863247863	0.8411552346570397	0.8315412186379928	0.7712177121771218	0.7649402390438247	0.7641921397379913	0.7982832618025751	0.804	0.7948717948717948	0.7869565217391304	0.7957446808510639	0.7808764940239044	0.7847533632286996	0.7770897832817337	0.7722772277227723	0.7980769230769231	0.8697478991596639	0.7844036697247706	0.9	0.8818565400843882	0.726530612244898	0.75	0.7523364485981309	0.8373205741626795	0.7912621359223301	0.8221153846153846	0.783410138248848	0.8498402555910544	0.8227272727272728	0.7927272727272727	0.772
SRR19621177	0.8798449612403101	0.9022556390977443	0.8695652173913043	0.8394495412844036	0.7256637168141593	0.7511111111111111	0.7465437788018433	0.8412162162162162	0.8754578754578755	0.8111587982832618	0.780373831775701	0.7894736842105263	0.8285714285714286	0.7788778877887789	0.8375634517766497	0.7652173913043478	0.7768595041322314	0.7859922178988327	0.7849462365591398	0.7549407114624506	0.911660777385159	0.8454935622317596	0.9078014184397163	0.8671586715867159	0.932	0.8936170212765957	0.8852459016393442	0.8378378378378378	0.8511627906976744	0.8506787330316742	0.7194570135746606	0.6666666666666666	0.8403361344537815	0.722488038277512	0.8181818181818182	0.8256880733944955	0.8630705394190872	0.8808510638297873	0.3532608695652174	0.7641921397379913	0.8217391304347826	0.8178137651821862	0.8060344827586207	0.825531914893617	0.9056603773584906	0.890295358649789	0.9259259259259259	0.8526785714285714	0.865546218487395	0.8539823008849557	0.7792642140468228	0.7543859649122807	0.7597173144876325	0.7104247104247104	0.9101123595505618	0.7003610108303249	0.7212543554006968	0.8754863813229572	0.3915343915343915	0.0	0.8744939271255061	0.9037800687285223	0.9188191881918819	0.872093023255814	0.7456896551724138	0.7729257641921398	0.7606837606837606	0.8611111111111112	0.851528384279476	0.852017937219731	0.9135338345864662	0.810126582278481	0.8407407407407408	0.8181818181818182	0.8034934497816594	0.8137254901960784	0.8311111111111111	0.8660287081339713	0.8266666666666667	0.8478260869565217	0.7931034482758621	0.7667844522968198	0.868	0.8838951310861424	0.8127208480565371	0.8614718614718615	0.7914893617021277	0.8453237410071942	0.8188405797101449	0.7802197802197802	0.7698412698412699	0.7641921397379913	0.7931034482758621	0.7991967871485943	0.7896995708154506	0.7763157894736842	0.8008474576271186	0.7952755905511811	0.8061674008810573	0.7770897832817337	0.7641196013289037	0.7785016286644951	0.8697478991596639	0.7788018433179723	0.9	0.8865546218487395	0.7419354838709677	0.7651821862348178	0.7581395348837209	0.8317307692307693	0.7971014492753623	0.8164251207729468	0.8	0.8643533123028391	0.8227272727272728	0.7927272727272727	0.7768924302788844
SRR19621178	0.7880184331797235	0.8177777777777778	0.8605577689243028	0.7663043478260869	0.8036529680365296	0.813953488372093	0.8229665071770335	0.8037735849056604	0.8291666666666667	0.8271028037383178	0.8480392156862745	0.8647686832740213	0.8689138576779026	0.8646864686468647	0.7988165680473372	0.8430493273542601	0.8362068965517241	0.8132780082987552	0.832089552238806	0.8346774193548387	0.7948717948717948	0.8203883495145631	0.8	0.7782608695652173	0.795	0.7684210526315789	0.7638190954773869	0.73224043715847	0.7371428571428571	0.7262569832402235	0.7934272300469484	0.8138528138528138	0.7922705314009661	0.806930693069307	0.7553191489361702	0.783068783068783	0.7722772277227723	0.7526315789473684	0.8693877551020408	0.8526785714285714	0.7626262626262627	0.7685185185185185	0.7323232323232324	0.8038277511961722	0.7428571428571429	0.772020725388601	0.8010204081632653	0.8274111675126904	0.8155339805825242	0.817258883248731	0.8430034129692833	0.8374558303886925	0.8351254480286738	0.8377358490566038	0.8116591928251121	0.8677966101694915	0.8708609271523179	0.7710280373831776	0.8464730290456431	0.8744939271255061	0.0	0.4896907216494845	0.8185840707964602	0.5277777777777778	0.827433628318584	0.8302752293577982	0.831858407079646	0.8235294117647058	0.772020725388601	0.75	0.8362831858407079	0.7981220657276995	0.7787234042553192	0.7565217391304347	0.819047619047619	0.8387096774193549	0.8208955223880597	0.7803468208092486	0.7857142857142857	0.7679324894514767	0.875	0.8745644599303136	0.7934272300469484	0.7964601769911505	0.9045936395759717	0.7783505154639175	0.8165137614678899	0.8152610441767069	0.8047808764940239	0.8629629629629629	0.8215767634854771	0.8211009174311926	0.8609865470852018	0.7920353982300885	0.7924528301886793	0.7836538461538461	0.7703349282296651	0.7931034482758621	0.8164251207729468	0.8851963746223565	0.9050632911392406	0.8885350318471338	0.7602040816326531	0.8284313725490197	0.7514450867052023	0.7486910994764397	0.8132780082987552	0.8127659574468085	0.8186274509803921	0.8518518518518519	0.8564102564102564	0.8351063829787234	0.7473684210526316	0.8028673835125448	0.8051282051282052	0.9032258064516129	0.9233716475095786
SRR19621179	0.7936507936507936	0.8192307692307692	0.8485915492957746	0.8035714285714286	0.8479087452471483	0.8482490272373541	0.8656126482213439	0.8106312292358804	0.7940074906367042	0.8549019607843137	0.8688524590163934	0.8679245283018868	0.8489932885906041	0.8775510204081632	0.8490566037735849	0.8801498127340824	0.8523985239852399	0.8237410071942446	0.8239202657807309	0.8620689655172413	0.752895752895753	0.831275720164609	0.7765151515151515	0.7894736842105263	0.8050847457627118	0.7723214285714286	0.8041666666666667	0.7920353982300885	0.8036529680365296	0.7828054298642534	0.8449612403100775	0.8461538461538461	0.8122448979591836	0.8442622950819673	0.8095238095238095	0.8217391304347826	0.8008298755186722	0.8068669527896996	0.89198606271777	0.8712121212121212	0.788135593220339	0.7913385826771654	0.773109243697479	0.8452380952380952	0.7551020408163265	0.7699115044247787	0.7947598253275109	0.8425531914893617	0.8319672131147541	0.8340425531914893	0.8484848484848485	0.8473520249221184	0.8598130841121495	0.8741935483870967	0.813953488372093	0.887240356083086	0.8862973760932945	0.8031496062992126	0.8846153846153846	0.9037800687285223	0.4896907216494845	0.0	0.8153846153846154	0.6153846153846154	0.8582089552238806	0.8527131782945736	0.8490566037735849	0.8652173913043478	0.8068669527896996	0.8008849557522124	0.8528301886792453	0.8352941176470589	0.8029197080291971	0.7752808988764045	0.848605577689243	0.8628318584070797	0.8270042194092827	0.8597285067873304	0.8326359832635983	0.7934782608695652	0.8905775075987842	0.9036144578313253	0.8267716535433071	0.7868217054263565	0.913312693498452	0.7860262008733624	0.8455598455598455	0.8042704626334519	0.7907801418439716	0.8846153846153846	0.8475177304964538	0.8494208494208494	0.8951310861423221	0.7923076923076923	0.8352941176470589	0.8286852589641435	0.8221343873517787	0.8241758241758241	0.823045267489712	0.894878706199461	0.9067796610169492	0.8857142857142857	0.8016877637130801	0.8571428571428571	0.815668202764977	0.7878787878787878	0.8321428571428572	0.8447653429602888	0.8629032258064516	0.8879310344827587	0.8860759493670886	0.8596491228070176	0.7763157894736842	0.8132911392405063	0.8389830508474576	0.9122257053291536	0.9337748344370861
SRR19621180	0.8744939271255061	0.8980392156862745	0.868421052631579	0.8078817733990148	0.9137254901960784	0.9156626506024096	0.9125	0.8100358422939068	0.8346456692913385	0.8434782608695652	0.8986784140969163	0.8866666666666667	0.875886524822695	0.8885448916408669	0.8645833333333334	0.8857142857142857	0.8645418326693227	0.8641509433962264	0.872852233676976	0.8823529411764706	0.8352941176470589	0.8110599078341014	0.8620689655172413	0.8253968253968254	0.780952380952381	0.7733990147783252	0.7972350230414746	0.8181818181818182	0.82	0.8088235294117647	0.8523206751054853	0.848605577689243	0.7731481481481481	0.852017937219731	0.8199052132701422	0.8164251207729468	0.8099547511312217	0.822429906542056	0.9063670411985019	0.8760330578512396	0.8018433179723502	0.7991452991452992	0.8125	0.827433628318584	0.8177966101694916	0.8113207547169812	0.8317757009345794	0.8504672897196262	0.8640350877192983	0.8571428571428571	0.89375	0.8903225806451613	0.9032258064516129	0.9013605442176871	0.4530386740331492	0.909375	0.9146341463414634	0.8220338983050848	0.9107806691449815	0.9188191881918819	0.8185840707964602	0.8153846153846154	0.0	0.8333333333333334	0.8844621513944223	0.8934426229508197	0.8795180722891566	0.8308457711442786	0.7647058823529411	0.8221153846153846	0.5743589743589743	0.8613445378151261	0.833976833976834	0.8555133079847909	0.8760683760683761	0.8786407766990292	0.8545454545454545	0.8527918781725888	0.8287037037037037	0.8326996197718631	0.8848684210526315	0.8990228013029316	0.801762114537445	0.8041666666666667	0.930921052631579	0.8113207547169812	0.8765432098765432	0.8518518518518519	0.8503649635036497	0.8934707903780069	0.85	0.8275862068965517	0.8744769874476988	0.8099173553719008	0.8318965517241379	0.8245614035087719	0.8619246861924686	0.8565891472868217	0.8841201716738197	0.9121813031161473	0.9191616766467066	0.9101796407185628	0.7830188679245284	0.8558558558558559	0.8031088082901554	0.784688995215311	0.8641509433962264	0.8604651162790697	0.8820960698689956	0.8514851485148515	0.861244019138756	0.8529411764705882	0.8066037735849056	0.8668831168831169	0.8778280542986425	0.9228187919463087	0.9390681003584229
SRR19621181	0.825531914893617	0.8375	0.8365758754863813	0.7564766839378239	0.8095238095238095	0.8141592920353983	0.8009259259259259	0.8297872340425532	0.8604651162790697	0.8521739130434782	0.8301886792452831	0.8933333333333333	0.8986013986013986	0.884375	0.7796610169491526	0.8613445378151261	0.8401639344262295	0.8455598455598455	0.856140350877193	0.8603773584905661	0.8247011952191236	0.8093023255813954	0.8565891472868217	0.775	0.7962085308056872	0.765	0.7178217821782178	0.75	0.7619047619047619	0.7577319587628866	0.7946428571428571	0.8140495867768595	0.7767441860465116	0.784688995215311	0.7587939698492462	0.7474226804123711	0.8136363636363636	0.7864077669902912	0.8582677165354331	0.8559322033898306	0.7830188679245284	0.76	0.772093023255814	0.7880184331797235	0.7522522522522522	0.7745098039215687	0.8301886792452831	0.803921568627451	0.8101851851851852	0.8	0.86084142394822	0.8484848484848485	0.8581081081081081	0.8617021276595744	0.8464730290456431	0.8697068403908795	0.8690095846645367	0.8051948051948052	0.8588235294117647	0.872093023255814	0.5277777777777778	0.6153846153846154	0.8333333333333334	0.0	0.8319327731092437	0.8245614035087719	0.8458333333333333	0.835	0.7864077669902912	0.7910447761194029	0.85	0.771689497716895	0.7951807228915663	0.8087649402390438	0.8027522935779816	0.8195876288659794	0.8095238095238095	0.7759562841530054	0.7874396135265701	0.7701612903225806	0.8950819672131147	0.8947368421052632	0.7614678899082569	0.7974683544303798	0.9161073825503355	0.7623762376237624	0.8114035087719298	0.7729083665338645	0.7725490196078432	0.8692579505300353	0.8024193548387096	0.8157894736842105	0.8289473684210527	0.7932489451476793	0.7828054298642534	0.7685185185185185	0.7671232876712328	0.7942386831275721	0.7887323943661971	0.8862973760932945	0.9088145896656535	0.8722741433021807	0.72	0.822429906542056	0.7348066298342542	0.7336683417085427	0.7991967871485943	0.8273092369477911	0.8186046511627907	0.826530612244898	0.8374384236453202	0.7853403141361257	0.7323232323232324	0.8355704697986577	0.7941176470588235	0.9149659863945578	0.915129151291513
SRR19621182	0.825531914893617	0.8326359832635983	0.83203125	0.7628865979381443	0.6842105263157895	0.6862745098039216	0.7178217821782178	0.8043478260869565	0.8515625	0.7663551401869159	0.7411167512690355	0.7883211678832117	0.8157894736842105	0.7731958762886598	0.8	0.7453703703703703	0.7477876106194691	0.7112068965517241	0.7461538461538462	0.6926406926406926	0.861003861003861	0.8148148148148148	0.8565891472868217	0.7698744769874477	0.8761061946902655	0.8125	0.8009259259259259	0.8277511961722488	0.8241206030150754	0.8300970873786407	0.7019230769230769	0.7072072072072072	0.7935779816513762	0.6974358974358974	0.7772277227722773	0.7538461538461538	0.8136363636363636	0.8095238095238095	0.7168141592920354	0.75	0.8165137614678899	0.7816593886462883	0.772093023255814	0.7767441860465116	0.8739837398373984	0.8584474885844748	0.8977777777777778	0.803921568627451	0.7990654205607477	0.7941176470588235	0.72	0.7142857142857143	0.714828897338403	0.7362204724409449	0.8790322580645161	0.7562724014336918	0.7446808510638298	0.8205128205128205	0.7564102564102564	0.7456896551724138	0.827433628318584	0.8582089552238806	0.8844621513944223	0.8319327731092437	0.0	0.4943820224719101	0.46111111111111114	0.7864583333333334	0.7864077669902912	0.7970297029702971	0.896	0.771689497716895	0.8047808764940239	0.7745901639344263	0.7511961722488039	0.7621621621621621	0.7623762376237624	0.8272251308900523	0.8104265402843602	0.8223938223938224	0.7745454545454545	0.7509293680297398	0.8053097345132744	0.8367346938775511	0.8037037037037037	0.8425925925925926	0.7453703703703703	0.792156862745098	0.7579365079365079	0.7450980392156863	0.6681614349775785	0.6829268292682927	0.7405660377358491	0.7672413793103449	0.7546296296296297	0.7333333333333333	0.7671232876712328	0.7689075630252101	0.7714285714285715	0.7717041800643086	0.7577854671280276	0.7517241379310344	0.8416289592760181	0.7336683417085427	0.8829268292682927	0.8699551569506726	0.7167381974248928	0.7248908296943232	0.736318407960199	0.8144329896907216	0.7897435897435897	0.7853403141361257	0.7323232323232324	0.8197278911564626	0.77	0.7777777777777778	0.8097165991902834
SRR19621183	0.8125	0.8304347826086956	0.8252032520325203	0.7894736842105263	0.7320574162679426	0.7352941176470589	0.7424242424242424	0.8235294117647058	0.8548387096774194	0.8186046511627907	0.7604166666666666	0.8161764705882353	0.8132295719844358	0.7951388888888888	0.8023255813953488	0.7511961722488039	0.7534246575342466	0.7489177489177489	0.7704280155642024	0.7413793103448276	0.8554216867469879	0.8173076923076923	0.8461538461538461	0.8117154811715481	0.8755760368663594	0.815	0.8028846153846154	0.8308457711442786	0.8148148148148148	0.8333333333333334	0.7317073170731707	0.7235023041474654	0.812206572769953	0.7157894736842105	0.7908163265306123	0.7736842105263158	0.8271028037383178	0.8292682926829268	0.7555555555555555	0.7619047619047619	0.8301886792452831	0.8149779735682819	0.7962085308056872	0.8066037735849056	0.8686440677966102	0.8405797101449275	0.8826291079812206	0.8415841584158416	0.8403755868544601	0.8258706467661692	0.7741935483870968	0.7657992565055762	0.7669172932330827	0.7609561752988048	0.8879668049792531	0.7745454545454545	0.784452296819788	0.8434782608695652	0.762114537444934	0.7729257641921398	0.8302752293577982	0.8527131782945736	0.8934426229508197	0.8245614035087719	0.4943820224719101	0.0	0.4476744186046512	0.7945945945945946	0.8177339901477833	0.817258883248731	0.9008264462809917	0.784037558685446	0.8016528925619835	0.7702127659574468	0.7990430622009569	0.7900552486187845	0.8059701492537313	0.8241758241758241	0.824390243902439	0.84765625	0.8021978021978022	0.7881040892193308	0.8018433179723502	0.8247863247863247	0.7868217054263565	0.8177339901477833	0.7630331753554502	0.7886178861788617	0.7782258064516129	0.7550200803212851	0.7072072072072072	0.7	0.7644230769230769	0.751131221719457	0.7607655502392344	0.7326732673267327	0.7735849056603774	0.7801724137931034	0.7722772277227723	0.7882736156351792	0.7881944444444444	0.7692307692307693	0.8450704225352113	0.7525773195876289	0.8711340206185567	0.8796296296296297	0.7489177489177489	0.7631578947368421	0.7738693467336684	0.8172043010752689	0.8042328042328042	0.7868852459016393	0.7512953367875648	0.8257839721254355	0.7578947368421053	0.7834645669291339	0.8215767634854771
SRR19621184	0.8043478260869565	0.8319327731092437	0.8313725490196079	0.7743589743589744	0.7136150234741784	0.722488038277512	0.7352941176470589	0.7992700729927007	0.8464566929133859	0.7935779816513762	0.7711442786069652	0.7963636363636364	0.8150943396226416	0.7808219178082192	0.8121546961325967	0.7557603686635944	0.7577092511013216	0.7319148936170212	0.7451737451737451	0.729957805907173	0.8470588235294118	0.8084112149532711	0.8379446640316206	0.8137651821862348	0.8755555555555555	0.8173076923076923	0.821917808219178	0.8155339805825242	0.8051282051282052	0.8292682926829268	0.719047619047619	0.7	0.8144796380090498	0.6958762886597938	0.7881773399014779	0.7839195979899497	0.8073394495412844	0.8086124401913876	0.7434782608695653	0.7488372093023256	0.8046511627906977	0.8017241379310345	0.7935779816513762	0.7926267281105991	0.859504132231405	0.8525345622119815	0.9022222222222223	0.8029556650246306	0.8037383177570093	0.8048780487804879	0.7419354838709677	0.7276119402985075	0.7378277153558053	0.7250996015936255	0.8739837398373984	0.7598566308243727	0.7526501766784452	0.8247863247863247	0.7606837606837606	0.7606837606837606	0.831858407079646	0.8490566037735849	0.8795180722891566	0.8458333333333333	0.46111111111111114	0.4476744186046512	0.0	0.8102564102564103	0.8028846153846154	0.801980198019802	0.8955823293172691	0.7927927927927928	0.8228346456692913	0.7786885245901639	0.8073394495412844	0.7807486631016043	0.7912621359223301	0.8505154639175257	0.8207547169811321	0.8307692307692308	0.7956989247311828	0.7862318840579711	0.8149779735682819	0.831275720164609	0.7894736842105263	0.8364485981308412	0.7383177570093458	0.7670682730923695	0.752	0.7683397683397684	0.6844444444444444	0.7129186602870813	0.7570093457943925	0.7444933920704846	0.7592592592592593	0.7259615384615384	0.7772727272727272	0.7782426778242678	0.7584541062801933	0.7709677419354839	0.7697594501718213	0.7551724137931034	0.8565022421524664	0.7574257425742574	0.8823529411764706	0.8844444444444445	0.721030042918455	0.7292576419213974	0.7536945812807881	0.8256410256410256	0.8010204081632653	0.796875	0.7309644670050761	0.8191126279863481	0.7810945273631841	0.7722007722007722	0.7942386831275721
SRR19621185	0.8731707317073171	0.9166666666666666	0.8609865470852018	0.803680981595092	0.8020833333333334	0.7945945945945946	0.8241758241758241	0.8461538461538461	0.8933333333333333	0.8351063829787234	0.7771084337349398	0.8832684824902723	0.8934426229508197	0.8654545454545455	0.8206896551724138	0.8229166666666666	0.8333333333333334	0.8186046511627907	0.8291666666666667	0.8264840182648402	0.8636363636363636	0.7732558139534884	0.8839285714285714	0.8199052132701422	0.8388888888888889	0.7682926829268293	0.7485380116959064	0.8023952095808383	0.7884615384615384	0.7901234567901234	0.7637362637362637	0.79	0.7752808988764045	0.7848837209302325	0.7831325301204819	0.7926829268292683	0.8260869565217391	0.8011695906432749	0.8443396226415094	0.8402061855670103	0.873015873015873	0.8585365853658536	0.8288770053475936	0.7471264367816092	0.84	0.8352272727272727	0.8907103825136612	0.8012048192771084	0.7885714285714286	0.7818181818181819	0.8713235294117647	0.8532818532818532	0.8464566929133859	0.8547717842323651	0.8578431372549019	0.8646616541353384	0.8681318681318682	0.8214285714285714	0.8504672897196262	0.8611111111111112	0.8235294117647058	0.8652173913043478	0.8308457711442786	0.835	0.7864583333333334	0.7945945945945946	0.8102564102564103	0.0	0.5763888888888888	0.6438356164383562	0.8391959798994975	0.7555555555555555	0.8028169014084507	0.7609756097560976	0.7727272727272727	0.7894736842105263	0.7869822485207101	0.8223684210526315	0.8023255813953488	0.8340807174887892	0.8769230769230769	0.8588235294117647	0.7967914438502673	0.8118811881188119	0.905511811023622	0.815028901734104	0.841025641025641	0.8614718614718615	0.8448275862068966	0.8636363636363636	0.7884615384615384	0.7637362637362637	0.8	0.795	0.782608695652174	0.7653631284916201	0.828125	0.7902439024390244	0.8100558659217877	0.8614864864864865	0.8664259927797834	0.8678571428571429	0.8277777777777777	0.7894736842105263	0.8641975308641975	0.8435754189944135	0.7729468599033816	0.8009708737864077	0.791907514450867	0.7828947368421053	0.7834394904458599	0.7935483870967742	0.8092485549132948	0.8773234200743495	0.7818181818181819	0.8906882591093117	0.8883928571428571
SRR19621186	0.8465116279069768	0.8991228070175439	0.8268398268398268	0.7816091954022989	0.7951219512195122	0.7939698492462312	0.8092783505154639	0.8110236220472441	0.8333333333333334	0.8258706467661692	0.770949720670391	0.8740740740740741	0.8918918918918919	0.8615916955017301	0.7948717948717948	0.8146341463414634	0.8084112149532711	0.8114035087719298	0.808	0.8290598290598291	0.8237885462555066	0.7262569832402235	0.8441558441558441	0.7798165137614679	0.8042328042328042	0.7696629213483146	0.7445652173913043	0.7456647398843931	0.7439024390243902	0.7470588235294118	0.7653061224489796	0.784037558685446	0.6871508379888268	0.7650273224043715	0.7627118644067796	0.7572254335260116	0.7801047120418848	0.7734806629834254	0.8407079646017699	0.8195121951219512	0.8082901554404145	0.7874396135265701	0.8080808080808081	0.7433155080213903	0.8028846153846154	0.7868852459016393	0.8297872340425532	0.7657142857142857	0.7883597883597884	0.7752808988764045	0.8551236749116607	0.8283582089552238	0.8389513108614233	0.8232931726907631	0.8151658767772512	0.8483754512635379	0.8641114982578397	0.7783251231527094	0.8362831858407079	0.851528384279476	0.772020725388601	0.8068669527896996	0.7647058823529411	0.7864077669902912	0.7864077669902912	0.8177339901477833	0.8028846153846154	0.5763888888888888	0.0	0.475177304964539	0.8246445497630331	0.7447916666666666	0.7692307692307693	0.7453703703703703	0.7473118279569892	0.7668711656441718	0.7314285714285714	0.8048780487804879	0.7679558011049724	0.7797356828193832	0.8597785977859779	0.8507462686567164	0.7329842931937173	0.7644230769230769	0.8825757575757576	0.7386363636363636	0.8373205741626795	0.8284518828451883	0.8125	0.8458498023715415	0.7603686635944701	0.7461139896373057	0.7929292929292929	0.7714285714285715	0.764102564102564	0.7407407407407407	0.79	0.7440758293838863	0.8020833333333334	0.8431372549019608	0.8506944444444444	0.8561643835616438	0.8	0.7692307692307693	0.8448275862068966	0.8148148148148148	0.7625570776255708	0.7605633802816901	0.7849462365591398	0.7453416149068323	0.7544910179640718	0.725	0.7541899441340782	0.8442028985507246	0.768361581920904	0.8850574712643678	0.8962655601659751
SRR19621187	0.8523809523809524	0.8858447488584474	0.8421052631578947	0.7869822485207101	0.8118811881188119	0.8051282051282052	0.8210526315789474	0.82	0.84375	0.8316326530612245	0.8033707865168539	0.8834586466165414	0.8976377952755905	0.8701754385964913	0.8013245033112583	0.8374384236453202	0.8301886792452831	0.8266666666666667	0.8170731707317073	0.8237885462555066	0.8444444444444444	0.7443181818181818	0.8596491228070176	0.8009259259259259	0.8162162162162162	0.7745664739884393	0.7555555555555555	0.7647058823529411	0.75625	0.7361963190184049	0.7823834196891192	0.8113207547169812	0.7403314917127072	0.776536312849162	0.7674418604651163	0.7469879518072289	0.7914438502673797	0.7714285714285715	0.8565022421524664	0.8366336633663366	0.8201058201058201	0.803921568627451	0.8195876288659794	0.7741935483870968	0.801980198019802	0.7921348314606742	0.8486486486486486	0.7848837209302325	0.8128342245989305	0.7873563218390804	0.875886524822695	0.850187265917603	0.8566037735849057	0.8326530612244898	0.8260869565217391	0.8613138686131386	0.8687943262411347	0.7704081632653061	0.8468468468468469	0.852017937219731	0.75	0.8008849557522124	0.8221153846153846	0.7910447761194029	0.7970297029702971	0.817258883248731	0.801980198019802	0.6438356164383562	0.475177304964539	0.0	0.824390243902439	0.7419354838709677	0.7788018433179723	0.7488151658767772	0.7717391304347826	0.7643312101910829	0.7714285714285715	0.8260869565217391	0.8066298342541437	0.8053097345132744	0.8689138576779026	0.8726591760299626	0.75	0.7684729064039408	0.888030888030888	0.7426900584795322	0.8316831683168316	0.8232758620689655	0.811965811965812	0.8414634146341463	0.7813953488372093	0.7948717948717948	0.8102564102564103	0.7874396135265701	0.7938144329896907	0.7712765957446809	0.7823834196891192	0.7887323943661971	0.8138297872340425	0.8547854785478548	0.875	0.8645833333333334	0.8054054054054054	0.8076923076923077	0.8098159509202454	0.8076923076923077	0.783410138248848	0.7761904761904762	0.776536312849162	0.7658227848101266	0.7964071856287425	0.7452229299363057	0.7796610169491526	0.8444444444444444	0.7873563218390804	0.8818897637795275	0.8978723404255319
SRR19621188	0.8995983935742972	0.9263565891472868	0.9040590405904059	0.8217821782178217	0.908	0.9142857142857143	0.9110169491525424	0.8327402135231317	0.8549019607843137	0.8303571428571429	0.8868778280542986	0.8963210702341137	0.897887323943662	0.8940809968847352	0.8556149732620321	0.8697478991596639	0.8436213991769548	0.870722433460076	0.8788927335640139	0.8764044943820225	0.85546875	0.8186046511627907	0.8859315589353612	0.832	0.8333333333333334	0.8164251207729468	0.8264840182648402	0.8317307692307693	0.84	0.8109452736318408	0.8398268398268398	0.8414634146341463	0.8082191780821918	0.8493150684931506	0.8106796116504854	0.8009950248756219	0.8227272727272728	0.8301886792452831	0.9007633587786259	0.869198312236287	0.7981220657276995	0.826271186440678	0.8303571428571429	0.84	0.8247863247863247	0.8133971291866029	0.8558139534883721	0.8584905660377359	0.8666666666666667	0.8544600938967136	0.90625	0.9032258064516129	0.9090909090909091	0.9112627986348123	0.5161290322580645	0.9116719242902208	0.916923076923077	0.8240343347639485	0.9176029962546817	0.9135338345864662	0.8362831858407079	0.8528301886792453	0.5743589743589743	0.85	0.896	0.9008264462809917	0.8955823293172691	0.8391959798994975	0.8246445497630331	0.824390243902439	0.0	0.8638297872340426	0.8538461538461538	0.8664122137404581	0.868995633187773	0.8980582524271845	0.8878923766816144	0.8191489361702128	0.8364485981308412	0.8301158301158301	0.8870431893687708	0.9013157894736842	0.8035714285714286	0.8353909465020576	0.9335548172757475	0.819047619047619	0.8601694915254238	0.875	0.864963503649635	0.89198606271777	0.861003861003861	0.8347826086956521	0.8577586206896551	0.8264462809917356	0.8237885462555066	0.8161434977578476	0.8398268398268398	0.8588235294117647	0.8771929824561403	0.9048991354466859	0.9246987951807228	0.9253731343283582	0.8075117370892019	0.8738738738738738	0.8177083333333334	0.8207547169811321	0.8664122137404581	0.8671875	0.8545454545454545	0.8768472906403941	0.8803827751196173	0.8557213930348259	0.8199052132701422	0.8538205980066446	0.8858447488584474	0.9290540540540541	0.9420289855072463
SRR19621189	0.8289473684210527	0.8412017167381974	0.8163265306122449	0.7377049180327869	0.7272727272727273	0.7114427860696517	0.717948717948718	0.797752808988764	0.8461538461538461	0.8084112149532711	0.7219251336898396	0.8339350180505415	0.8539325842696629	0.8243243243243243	0.7454545454545455	0.7926267281105991	0.7982456140350878	0.7763713080168776	0.7900763358778626	0.7637130801687764	0.8467741935483871	0.7525252525252525	0.8605577689243028	0.8025210084033614	0.8388625592417062	0.8040201005025126	0.7437185929648241	0.7643979057591623	0.7569060773480663	0.7526881720430108	0.7014925373134329	0.7363636363636363	0.7425742574257426	0.7037037037037037	0.7340425531914894	0.7142857142857143	0.8387096774193549	0.824390243902439	0.7887931034482759	0.8027522935779816	0.8199052132701422	0.7946428571428571	0.8084112149532711	0.736318407960199	0.8193832599118943	0.824390243902439	0.861904761904762	0.7760416666666666	0.7661691542288557	0.746031746031746	0.8048780487804879	0.8191489361702128	0.7992700729927007	0.8	0.8601694915254238	0.8222996515679443	0.8062283737024222	0.8237885462555066	0.8200836820083682	0.810126582278481	0.7981220657276995	0.8352941176470589	0.8613445378151261	0.771689497716895	0.771689497716895	0.784037558685446	0.7927927927927928	0.7555555555555555	0.7447916666666666	0.7419354838709677	0.8638297872340426	0.0	0.6465116279069767	0.6448598130841121	0.7707317073170732	0.7845303867403315	0.7704081632653061	0.8055555555555556	0.7777777777777778	0.7967479674796748	0.8491228070175438	0.7977941176470589	0.7571428571428571	0.7841409691629956	0.8540145985401459	0.7828282828282829	0.7281553398058253	0.7745901639344263	0.743801652892562	0.8308270676691729	0.6728110599078341	0.695	0.7035175879396985	0.7633928571428571	0.7317073170731707	0.7463414634146341	0.7142857142857143	0.726457399103139	0.6963350785340314	0.8307210031347962	0.8175675675675675	0.8272425249169435	0.7832512315270936	0.7210526315789474	0.8043478260869565	0.7910447761194029	0.7553648068669528	0.7695652173913043	0.75	0.824468085106383	0.798941798941799	0.7880434782608695	0.7329842931937173	0.8263888888888888	0.746031746031746	0.8389513108614233	0.8554216867469879
SRR19621190	0.7736625514403292	0.82421875	0.8111111111111111	0.8090909090909091	0.8167330677290837	0.8065843621399177	0.8340248962655602	0.7692307692307693	0.8120300751879699	0.8326530612244898	0.8053097345132744	0.8316831683168316	0.8379310344827586	0.8338461538461538	0.797979797979798	0.828	0.80859375	0.7558139534883721	0.7703180212014135	0.7819548872180451	0.7568627450980392	0.811965811965812	0.7760617760617761	0.765625	0.8103448275862069	0.7937219730941704	0.7729257641921398	0.8026905829596412	0.8037383177570093	0.7710280373831776	0.7782426778242678	0.788235294117647	0.771551724137931	0.8	0.7603686635944701	0.7616822429906542	0.8208333333333333	0.8173913043478261	0.8270676691729323	0.8081632653061225	0.8235294117647058	0.82421875	0.803347280334728	0.8125	0.7894736842105263	0.7692307692307693	0.7946428571428571	0.8384279475982532	0.8227848101265823	0.7982062780269058	0.8089171974522293	0.8333333333333334	0.8157894736842105	0.8333333333333334	0.8326848249027238	0.839622641509434	0.8359133126934984	0.8127490039840638	0.8364312267657993	0.8407407407407408	0.7787234042553192	0.8029197080291971	0.833976833976834	0.7951807228915663	0.8047808764940239	0.8016528925619835	0.8228346456692913	0.8028169014084507	0.7692307692307693	0.7788018433179723	0.8538461538461538	0.6465116279069767	0.0	0.5	0.8109243697478992	0.8215962441314554	0.801762114537445	0.8341232227488151	0.7973568281938326	0.7933579335793358	0.8456591639871383	0.8223684210526315	0.773109243697479	0.757085020242915	0.8651315789473685	0.801762114537445	0.7689075630252101	0.7640449438202247	0.7262357414448669	0.8287671232876712	0.7777777777777778	0.7833333333333333	0.8252032520325203	0.7630522088353414	0.7824267782426778	0.7796610169491526	0.7679324894514767	0.7598425196850394	0.7982832618025751	0.8289855072463768	0.8454545454545455	0.8363636363636363	0.8170212765957446	0.7822222222222223	0.8160377358490566	0.8138528138528138	0.779467680608365	0.7734375	0.8154506437768241	0.8440366972477065	0.8482142857142857	0.8075117370892019	0.7866666666666666	0.8173076923076923	0.7818181818181819	0.8595317725752508	0.8754448398576512
SRR19621191	0.7827868852459017	0.8326848249027238	0.8278388278388278	0.780373831775701	0.7818930041152263	0.7702127659574468	0.8085106382978723	0.78125	0.8202247191011236	0.8125	0.7828054298642534	0.8233333333333334	0.8333333333333334	0.8260869565217391	0.815	0.8032786885245902	0.7936507936507936	0.754863813229572	0.7607142857142857	0.7718631178707225	0.7984790874524715	0.7903930131004366	0.8075471698113208	0.7647058823529411	0.8347457627118644	0.7982062780269058	0.777292576419214	0.8071748878923767	0.7857142857142857	0.7523809523809524	0.7617021276595745	0.7479674796747967	0.7811158798283262	0.788546255506608	0.7592592592592593	0.772093023255814	0.8151260504201681	0.8114035087719298	0.8129770992366412	0.7925311203319502	0.8227848101265823	0.8142292490118577	0.771551724137931	0.8067226890756303	0.8032128514056225	0.7955555555555556	0.8405172413793104	0.8222222222222222	0.811965811965812	0.7918552036199095	0.7850162866449512	0.7940199335548173	0.7789115646258503	0.8125	0.8455598455598455	0.8129032258064516	0.828125	0.8024193548387096	0.8136882129277566	0.8181818181818182	0.7565217391304347	0.7752808988764045	0.8555133079847909	0.8087649402390438	0.7745901639344263	0.7702127659574468	0.7786885245901639	0.7609756097560976	0.7453703703703703	0.7488151658767772	0.8664122137404581	0.6448598130841121	0.5	0.0	0.8151260504201681	0.8262910798122066	0.8165938864628821	0.8443396226415094	0.8122270742358079	0.8145454545454546	0.8451612903225807	0.81	0.8170731707317073	0.7952755905511811	0.8378378378378378	0.8114035087719298	0.7833333333333333	0.7537878787878788	0.7443609022556391	0.8200692041522492	0.7480314960629921	0.7510729613733905	0.8049792531120332	0.7418032786885246	0.7711864406779662	0.7735042735042735	0.7564102564102564	0.753968253968254	0.7763157894736842	0.8041543026706232	0.8198757763975155	0.8105590062111802	0.826271186440678	0.7647058823529411	0.8317757009345794	0.8130434782608695	0.7644787644787645	0.77734375	0.793859649122807	0.8538812785388128	0.8526785714285714	0.8287037037037037	0.7579908675799086	0.8090614886731392	0.7808219178082192	0.8153310104529616	0.8419117647058824
SRR19621192	0.8488888888888889	0.8803418803418803	0.8395061728395061	0.7471910112359551	0.7655502392344498	0.7874396135265701	0.7839195979899497	0.8277153558052435	0.8600823045267489	0.8181818181818182	0.7445652173913043	0.8461538461538461	0.8754716981132076	0.8513513513513513	0.7791411042944786	0.7962085308056872	0.8018018018018018	0.7948717948717948	0.8160919540229885	0.7923728813559322	0.8924302788844621	0.7743589743589744	0.8790322580645161	0.8212765957446808	0.8382352941176471	0.8082901554404145	0.7960199004975125	0.7936507936507936	0.7808988764044944	0.7624309392265194	0.7025641025641025	0.75	0.7575757575757576	0.7119565217391305	0.7700534759358288	0.7513812154696132	0.803921568627451	0.7801047120418848	0.7866666666666666	0.812206572769953	0.8186274509803921	0.7981651376146789	0.8238095238095238	0.7384615384615385	0.8235294117647058	0.8291457286432161	0.8391959798994975	0.7795698924731183	0.7817258883248731	0.7621621621621621	0.8408304498269896	0.8351254480286738	0.8453237410071942	0.8217054263565892	0.8652173913043478	0.8501742160278746	0.8498293515358362	0.8009259259259259	0.7876106194690266	0.8034934497816594	0.819047619047619	0.848605577689243	0.8760683760683761	0.8027522935779816	0.7511961722488039	0.7990430622009569	0.8073394495412844	0.7727272727272727	0.7473118279569892	0.7717391304347826	0.868995633187773	0.7707317073170732	0.8109243697478992	0.8151260504201681	0.0	0.5277777777777778	0.487012987012987	0.8103448275862069	0.7553191489361702	0.774468085106383	0.8235294117647058	0.8185185185185185	0.7894736842105263	0.8088888888888889	0.8582089552238806	0.7864583333333334	0.8018867924528302	0.8313253012048193	0.8016194331983806	0.8435114503816794	0.7555555555555555	0.7475247524752475	0.75	0.7937219730941704	0.746268656716418	0.7733990147783252	0.7777777777777778	0.7894736842105263	0.806930693069307	0.8557993730407524	0.8406779661016949	0.8576158940397351	0.7552083333333334	0.7696335078534031	0.8156424581005587	0.8071065989847716	0.7631578947368421	0.793859649122807	0.7846153846153846	0.7758620689655172	0.776536312849162	0.75	0.7619047619047619	0.833922261484099	0.7486338797814208	0.8517110266159695	0.8739837398373984
SRR19621193	0.8477157360406091	0.8725490196078431	0.8425925925925926	0.7597402597402597	0.7582417582417582	0.7696629213483146	0.757396449704142	0.8291666666666667	0.8761467889908257	0.8315217391304348	0.740506329113924	0.8634538152610441	0.8728813559322034	0.8507462686567164	0.762962962962963	0.7934782608695652	0.8	0.8095238095238095	0.826271186440678	0.812206572769953	0.9017857142857143	0.7678571428571429	0.8968609865470852	0.8497652582159625	0.8547486033519553	0.8072289156626506	0.8068181818181818	0.7901234567901234	0.7828947368421053	0.7848101265822784	0.7371428571428571	0.7604166666666666	0.7630057803468208	0.6942675159235668	0.7547169811320755	0.7643312101910829	0.8415300546448088	0.8176470588235294	0.8009950248756219	0.7989130434782609	0.8324022346368715	0.8082901554404145	0.825136612021858	0.7630057803468208	0.8367346938775511	0.8313953488372093	0.8757062146892656	0.8253012048192772	0.8181818181818182	0.8203592814371258	0.8566037735849057	0.8464566929133859	0.844	0.8173913043478261	0.8829268292682927	0.8404669260700389	0.8446969696969697	0.8418367346938775	0.79	0.8137254901960784	0.8387096774193549	0.8628318584070797	0.8786407766990292	0.8195876288659794	0.7621621621621621	0.7900552486187845	0.7807486631016043	0.7894736842105263	0.7668711656441718	0.7643312101910829	0.8980582524271845	0.7845303867403315	0.8215962441314554	0.8262910798122066	0.5277777777777778	0.0	0.46564885496183206	0.8095238095238095	0.8047337278106509	0.8363636363636363	0.8387096774193549	0.8333333333333334	0.7989130434782609	0.8080808080808081	0.8630705394190872	0.7818181818181819	0.8064516129032258	0.8227272727272728	0.8	0.8468085106382979	0.7537688442211056	0.7443181818181818	0.7542857142857143	0.7846153846153846	0.7570621468926554	0.7456647398843931	0.7653631284916201	0.78	0.8057142857142857	0.8595890410958904	0.8475836431226765	0.8492647058823529	0.8034682080924855	0.7469135802469136	0.8311688311688312	0.8197674418604651	0.7864077669902912	0.7970297029702971	0.7797619047619048	0.7602739726027398	0.7697368421052632	0.7379310344827587	0.7530864197530864	0.8494208494208494	0.7531645569620253	0.8362068965517241	0.8709677419354839
SRR19621194	0.8356807511737089	0.8794642857142857	0.8268398268398268	0.7529411764705882	0.7772277227722773	0.7817258883248731	0.7905759162303665	0.8294573643410853	0.8434782608695652	0.82	0.7777777777777778	0.8571428571428571	0.8832684824902723	0.8694158075601375	0.7948717948717948	0.8203883495145631	0.8194444444444444	0.8008849557522124	0.8174603174603174	0.8189655172413793	0.8638297872340426	0.7741935483870968	0.8638297872340426	0.8281938325991189	0.841025641025641	0.8032786885245902	0.8031088082901554	0.7740112994350282	0.7515151515151515	0.7543859649122807	0.7461139896373057	0.784037558685446	0.75	0.7085714285714285	0.7900552486187845	0.7714285714285715	0.8051282051282052	0.8	0.8144796380090498	0.8137254901960784	0.8082901554404145	0.8047619047619048	0.82	0.7631578947368421	0.8254716981132075	0.8191489361702128	0.8481675392670157	0.8131868131868132	0.8010471204188482	0.7955801104972375	0.851063829787234	0.8455882352941176	0.8644688644688645	0.8326693227091634	0.8636363636363636	0.8566308243727598	0.8601398601398601	0.8133971291866029	0.8045454545454546	0.8311111111111111	0.8208955223880597	0.8270042194092827	0.8545454545454545	0.8095238095238095	0.7623762376237624	0.8059701492537313	0.7912621359223301	0.7869822485207101	0.7314285714285714	0.7714285714285715	0.8878923766816144	0.7704081632653061	0.801762114537445	0.8165938864628821	0.487012987012987	0.46564885496183206	0.0	0.8192771084337349	0.8074866310160428	0.8162393162393162	0.8513011152416357	0.8421052631578947	0.7777777777777778	0.7990654205607477	0.8697318007662835	0.7802197802197802	0.7970297029702971	0.8135593220338984	0.7872340425531915	0.8458498023715415	0.7603686635944701	0.7653061224489796	0.7868020304568528	0.7772511848341233	0.764102564102564	0.7604166666666666	0.7839195979899497	0.7899543378995434	0.7894736842105263	0.8690095846645367	0.8625429553264605	0.852233676975945	0.806282722513089	0.7624309392265194	0.8245614035087719	0.8148148148148148	0.7901785714285714	0.8214285714285714	0.8105263157894737	0.7904191616766467	0.783625730994152	0.7407407407407407	0.7611111111111111	0.8483754512635379	0.7613636363636364	0.8543307086614174	0.8823529411764706
SRR19621195	0.8556701030927835	0.9024390243902439	0.8812785388127854	0.7763157894736842	0.824468085106383	0.8241758241758241	0.8081395348837209	0.859504132231405	0.8785046728971962	0.8333333333333334	0.7950310559006211	0.888	0.8893617021276595	0.8777777777777778	0.7244094488188977	0.7944444444444444	0.8010471204188482	0.8388625592417062	0.8619246861924686	0.8246445497630331	0.8842592592592593	0.8390804597701149	0.8790697674418605	0.8461538461538461	0.8950276243093923	0.844311377245509	0.815028901734104	0.80625	0.8079470198675497	0.8164556962025317	0.7586206896551724	0.7989690721649485	0.791907514450867	0.7878787878787878	0.7548387096774194	0.7315436241610739	0.8435754189944135	0.8470588235294118	0.8431372549019608	0.8260869565217391	0.8070175438596491	0.8157894736842105	0.8333333333333334	0.7848837209302325	0.8201058201058201	0.8263473053892215	0.8914285714285715	0.8343558282208589	0.8265895953757225	0.8292682926829268	0.8754716981132076	0.8793774319066148	0.8774703557312253	0.8734177215189873	0.8512820512820513	0.8816793893129771	0.8764044943820225	0.8497409326424871	0.8495145631067961	0.8660287081339713	0.7803468208092486	0.8597285067873304	0.8527918781725888	0.7759562841530054	0.8272251308900523	0.8241758241758241	0.8505154639175257	0.8223684210526315	0.8048780487804879	0.8260869565217391	0.8191489361702128	0.8055555555555556	0.8341232227488151	0.8443396226415094	0.8103448275862069	0.8095238095238095	0.8192771084337349	0.0	0.6413793103448275	0.6432432432432432	0.8988326848249028	0.8629032258064516	0.8	0.8731707317073171	0.8884297520661157	0.8192771084337349	0.7808988764044944	0.8454545454545455	0.8385650224215246	0.8870292887029289	0.7970297029702971	0.8324324324324325	0.7758620689655172	0.845771144278607	0.7784090909090909	0.8089887640449438	0.8	0.8226600985221675	0.8275862068965517	0.8843537414965986	0.8619402985074627	0.8759124087591241	0.7904191616766467	0.8214285714285714	0.7931034482758621	0.8143712574850299	0.8164251207729468	0.8333333333333334	0.7878787878787878	0.8344370860927153	0.8258064516129032	0.7891156462585034	0.7290322580645161	0.841897233201581	0.8148148148148148	0.8818565400843882	0.8837209302325582
SRR19621196	0.8472222222222222	0.8849557522123894	0.847457627118644	0.7245508982035929	0.7961165048543689	0.812807881773399	0.8163265306122449	0.8023715415019763	0.8540772532188842	0.8325123152709359	0.7857142857142857	0.8576779026217228	0.8616600790513834	0.833922261484099	0.7806451612903226	0.7738693467336684	0.7924528301886793	0.8122270742358079	0.8410852713178295	0.8043478260869565	0.8497854077253219	0.8010471204188482	0.8448275862068966	0.8133333333333334	0.8238341968911918	0.7912087912087912	0.8041237113402062	0.8087431693989071	0.7894736842105263	0.7909604519774012	0.7602040816326531	0.7619047619047619	0.7578947368421053	0.772972972972973	0.7428571428571429	0.7727272727272727	0.774869109947644	0.7747252747252747	0.8153153153153153	0.8088235294117647	0.8333333333333334	0.8	0.803030303030303	0.7708333333333334	0.7922705314009661	0.7814207650273224	0.8429319371727748	0.7670454545454546	0.7894736842105263	0.7900552486187845	0.8475177304964538	0.8461538461538461	0.8481481481481481	0.8379446640316206	0.8215962441314554	0.8692579505300353	0.8485915492957746	0.7733990147783252	0.8108108108108109	0.8266666666666667	0.7857142857142857	0.8326359832635983	0.8287037037037037	0.7874396135265701	0.8104265402843602	0.824390243902439	0.8207547169811321	0.8023255813953488	0.7679558011049724	0.8066298342541437	0.8364485981308412	0.7777777777777778	0.7973568281938326	0.8122270742358079	0.7553191489361702	0.8047337278106509	0.8074866310160428	0.6413793103448275	0.0	0.45555555555555555	0.8644688644688645	0.8206106870229007	0.7970297029702971	0.8110599078341014	0.8702290076335878	0.8010752688172043	0.78	0.8340248962655602	0.7983193277310925	0.841897233201581	0.7946428571428571	0.766497461928934	0.8349514563106796	0.7897196261682243	0.7715736040609137	0.7552083333333334	0.8088235294117647	0.8018018018018018	0.8391959798994975	0.8474025974025974	0.8350877192982457	0.8605442176870748	0.7688172043010753	0.7837837837837838	0.8457142857142858	0.8031914893617021	0.7407407407407407	0.755868544600939	0.772972972972973	0.7916666666666666	0.7848837209302325	0.8081395348837209	0.72	0.8278388278388278	0.7833333333333333	0.8503937007874016	0.8589743589743589
SRR19621197	0.8346153846153846	0.8791208791208791	0.8439716312056738	0.7405660377358491	0.8063241106719368	0.83399209486166	0.8373983739837398	0.802013422818792	0.8617021276595744	0.8406374501992032	0.8095238095238095	0.8710691823899371	0.8675496688741722	0.8468468468468469	0.785	0.8032128514056225	0.8076923076923077	0.8231046931407943	0.8272425249169435	0.8122743682310469	0.8205128205128205	0.8257261410788381	0.8458781362007168	0.7886792452830189	0.8340248962655602	0.8240343347639485	0.8181818181818182	0.8173913043478261	0.8136363636363636	0.7927927927927928	0.7676348547717843	0.758893280632411	0.7659574468085106	0.7887931034482759	0.7373271889400922	0.7383177570093458	0.7796610169491526	0.7743362831858407	0.8345588235294118	0.8260869565217391	0.7974683544303798	0.7952755905511811	0.8170731707317073	0.7866108786610879	0.7741935483870968	0.8008658008658008	0.8297872340425532	0.7737556561085973	0.7914893617021277	0.7866666666666666	0.8445121951219512	0.8432601880877743	0.8557993730407524	0.847682119205298	0.8132295719844358	0.8700906344410876	0.8558558558558559	0.763265306122449	0.8308823529411765	0.8478260869565217	0.7679324894514767	0.7934782608695652	0.8326996197718631	0.7701612903225806	0.8223938223938224	0.84765625	0.8307692307692308	0.8340807174887892	0.7797356828193832	0.8053097345132744	0.8301158301158301	0.7967479674796748	0.7933579335793358	0.8145454545454546	0.774468085106383	0.8363636363636363	0.8162393162393162	0.6432432432432432	0.45555555555555555	0.0	0.8660436137071651	0.8439490445859873	0.7777777777777778	0.8270676691729323	0.8817891373801917	0.8162393162393162	0.7786885245901639	0.8120567375886525	0.7813620071684588	0.8622950819672132	0.7955390334572491	0.812	0.8515625	0.8007662835249042	0.7818930041152263	0.7842323651452282	0.7975708502024291	0.8014981273408239	0.8271604938271605	0.8314285714285714	0.8303030303030303	0.8525073746312685	0.7641921397379913	0.8277310924369747	0.8310502283105022	0.7816593886462883	0.7651515151515151	0.7824427480916031	0.7729257641921398	0.8264840182648402	0.7990867579908676	0.8064516129032258	0.7420814479638009	0.8238993710691824	0.8232758620689655	0.8766233766233766	0.8776223776223776
SRR19621198	0.8527397260273972	0.8619528619528619	0.8634920634920635	0.8455598455598455	0.7898550724637681	0.8021978021978022	0.8089887640449438	0.8067484662576687	0.8311258278145696	0.8211678832116789	0.8146718146718147	0.7467948717948718	0.7896440129449838	0.7582089552238805	0.8729508196721312	0.8086642599277978	0.8206896551724138	0.782312925170068	0.7931034482758621	0.7966666666666666	0.8761904761904762	0.8376383763837638	0.8690095846645367	0.8426229508196721	0.8939929328621908	0.8708487084870848	0.89198606271777	0.8656716417910447	0.8730769230769231	0.8679245283018868	0.7992700729927007	0.7642857142857142	0.8375451263537906	0.8007662835249042	0.849624060150376	0.8384615384615385	0.8692579505300353	0.8884892086330936	0.7667844522968198	0.7904411764705882	0.8345588235294118	0.8344827586206897	0.8381294964028777	0.8375451263537906	0.88	0.8804347826086957	0.9151943462897526	0.8651685393258427	0.8754448398576512	0.8619402985074627	0.7840236686390533	0.7957957957957958	0.796969696969697	0.75	0.8653198653198653	0.754601226993865	0.7671641791044777	0.8758389261744967	0.7889273356401384	0.7931034482758621	0.875	0.8905775075987842	0.8848684210526315	0.8950819672131147	0.7745454545454545	0.8021978021978022	0.7956989247311828	0.8769230769230769	0.8597785977859779	0.8689138576779026	0.8870431893687708	0.8491228070175438	0.8456591639871383	0.8451612903225807	0.8235294117647058	0.8387096774193549	0.8513011152416357	0.8988326848249028	0.8644688644688645	0.8660436137071651	0.0	0.45703125	0.8374558303886925	0.8494983277591973	0.8099688473520249	0.8597785977859779	0.8214285714285714	0.8122977346278317	0.7961165048543689	0.5478927203065134	0.759581881533101	0.7769516728624535	0.8273381294964028	0.8144329896907216	0.8327402135231317	0.822463768115942	0.8456140350877193	0.8266666666666667	0.825925925925926	0.7884615384615384	0.7741935483870968	0.7832369942196532	0.8986013986013986	0.8038461538461539	0.9213483146067416	0.9087719298245615	0.7864406779661017	0.8061224489795918	0.8233082706766918	0.87109375	0.8565891472868217	0.8543307086614174	0.8389513108614233	0.8498583569405099	0.8533834586466166	0.8037974683544303	0.8426229508196721
SRR19621199	0.8402777777777778	0.8576271186440678	0.8483870967741935	0.8127490039840638	0.7386363636363636	0.7557251908396947	0.7665369649805448	0.7987616099071208	0.8459016393442623	0.7940074906367042	0.7710843373493976	0.7619047619047619	0.7967741935483871	0.7537537537537538	0.8487394957983193	0.7677902621722846	0.7821428571428571	0.7689655172413793	0.7770700636942676	0.7755102040816326	0.8793650793650793	0.8413284132841329	0.8757961783439491	0.8382838283828383	0.9052631578947369	0.8661710037174721	0.8718861209964412	0.8479087452471483	0.859375	0.8587786259541985	0.7669172932330827	0.7362637362637363	0.8327272727272728	0.766798418972332	0.8269230769230769	0.8149606299212598	0.8525179856115108	0.8592592592592593	0.7436823104693141	0.7669172932330827	0.8424908424908425	0.8175438596491228	0.8333333333333334	0.8198529411764706	0.8980263157894737	0.8920863309352518	0.9187279151943463	0.8560606060606061	0.8461538461538461	0.8484848484848485	0.7650602409638554	0.7654320987654321	0.7586206896551724	0.7152542372881356	0.8910891089108911	0.7383177570093458	0.7323076923076923	0.8600682593856656	0.7667844522968198	0.7667844522968198	0.8745644599303136	0.9036144578313253	0.8990228013029316	0.8947368421052632	0.7509293680297398	0.7881040892193308	0.7862318840579711	0.8588235294117647	0.8507462686567164	0.8726591760299626	0.9013157894736842	0.7977941176470589	0.8223684210526315	0.81	0.8185185185185185	0.8333333333333334	0.8421052631578947	0.8629032258064516	0.8206106870229007	0.8439490445859873	0.45703125	0.0	0.8409893992932862	0.8566666666666667	0.7981072555205048	0.8634686346863468	0.7859778597785978	0.8078175895765473	0.7796052631578947	0.6	0.7321428571428571	0.7432950191570882	0.8007380073800738	0.7972027972027972	0.7977941176470589	0.8	0.8327402135231317	0.7854671280276817	0.7984790874524715	0.7675070028011205	0.7477477477477478	0.757396449704142	0.8785714285714286	0.7747035573122529	0.9169811320754717	0.8928571428571429	0.7517482517482518	0.7719298245614035	0.7906976744186046	0.8433734939759037	0.824	0.84	0.7976653696498055	0.839541547277937	0.8307692307692308	0.7799352750809061	0.8148148148148148
SRR19621200	0.8497854077253219	0.8755186721991701	0.8073770491803278	0.7659574468085106	0.8026905829596412	0.8127853881278538	0.7990430622009569	0.7849056603773585	0.823045267489712	0.8037383177570093	0.7692307692307693	0.875	0.8795620437956204	0.8705501618122977	0.7469879518072289	0.8414096916299559	0.8347457627118644	0.8122448979591836	0.8045112781954887	0.8333333333333334	0.8237704918032787	0.7411167512690355	0.8473895582329317	0.7672413793103449	0.7941176470588235	0.7616580310880829	0.7061855670103093	0.732620320855615	0.7159090909090909	0.712707182320442	0.7757009345794392	0.7974137931034483	0.7185929648241206	0.7575757575757576	0.7287234042553191	0.7158469945355191	0.7894736842105263	0.79	0.8489795918367347	0.8355555555555556	0.7623762376237624	0.7681818181818182	0.8037383177570093	0.7560975609756098	0.7882882882882883	0.7777777777777778	0.8118811881188119	0.8020304568527918	0.8199052132701422	0.8040201005025126	0.8494983277591973	0.852233676975945	0.865979381443299	0.8364312267657993	0.8	0.8662207357859532	0.8543046357615894	0.7818181818181819	0.8634538152610441	0.868	0.7934272300469484	0.8267716535433071	0.801762114537445	0.7614678899082569	0.8053097345132744	0.8018433179723502	0.8149779735682819	0.7967914438502673	0.7329842931937173	0.75	0.8035714285714286	0.7571428571428571	0.773109243697479	0.8170731707317073	0.7894736842105263	0.7989130434782609	0.7777777777777778	0.8	0.7970297029702971	0.7777777777777778	0.8374558303886925	0.8409893992932862	0.0	0.526595744680851	0.8829787234042553	0.5595238095238095	0.7990867579908676	0.8	0.7992125984251969	0.8613138686131386	0.7702127659574468	0.7641509433962265	0.8064516129032258	0.7533632286995515	0.7451923076923077	0.729064039408867	0.7641509433962265	0.7662337662337663	0.7864077669902912	0.8734939759036144	0.867741935483871	0.8580645161290322	0.7661691542288557	0.7676767676767676	0.7857142857142857	0.7860696517412935	0.8024691358024691	0.8117154811715481	0.8115942028985508	0.7934782608695652	0.7936507936507936	0.7486033519553073	0.7474226804123711	0.8310344827586207	0.7731958762886598	0.8853046594982079	0.8871595330739299
SRR19621201	0.8109243697478992	0.8278688524590164	0.813953488372093	0.7711442786069652	0.8442622950819673	0.8445378151260504	0.8281938325991189	0.7700729927007299	0.82421875	0.8369098712446352	0.8302752293577982	0.8624161073825504	0.8819444444444444	0.8868501529051988	0.8074866310160428	0.8512396694214877	0.84	0.8	0.823321554770318	0.8115384615384615	0.8063241106719368	0.7652582159624414	0.8156862745098039	0.7663934426229508	0.7511961722488039	0.73	0.7570093457943925	0.7524752475247525	0.7704081632653061	0.7150259067357513	0.8008658008658008	0.8192771084337349	0.7383177570093458	0.8027522935779816	0.784688995215311	0.7864077669902912	0.776255707762557	0.7644230769230769	0.879245283018868	0.8600823045267489	0.8116591928251121	0.803347280334728	0.8318965517241379	0.8	0.7966101694915254	0.7819905213270142	0.7740384615384616	0.8104265402843602	0.8054298642533937	0.8009478672985783	0.853035143769968	0.8481848184818482	0.8688524590163934	0.8650519031141869	0.8075313807531381	0.8867924528301887	0.8753894080996885	0.7587719298245614	0.8880597014925373	0.8838951310861424	0.7964601769911505	0.7868217054263565	0.8041666666666667	0.7974683544303798	0.8367346938775511	0.8247863247863247	0.831275720164609	0.8118811881188119	0.7644230769230769	0.7684729064039408	0.8353909465020576	0.7841409691629956	0.757085020242915	0.7952755905511811	0.8088888888888889	0.8080808080808081	0.7990654205607477	0.8731707317073171	0.8110599078341014	0.8270676691729323	0.8494983277591973	0.8566666666666667	0.526595744680851	0.0	0.8888888888888888	0.5314285714285715	0.8270042194092827	0.7790697674418605	0.7786259541984732	0.8645833333333334	0.8171206225680934	0.7956521739130434	0.8389830508474576	0.7584745762711864	0.7841409691629956	0.7647058823529411	0.7956521739130434	0.7903225806451613	0.8377192982456141	0.8757225433526011	0.8807339449541285	0.8646153846153846	0.7824074074074074	0.7953488372093023	0.8020304568527918	0.7783018867924528	0.8365019011406845	0.8228346456692913	0.8552631578947368	0.803030303030303	0.8029556650246306	0.7868020304568528	0.7830188679245284	0.82	0.7836538461538461	0.891156462585034	0.9014598540145985
SRR19621202	0.8411552346570397	0.8551236749116607	0.8494983277591973	0.86	0.7596899224806202	0.7579365079365079	0.784	0.8738738738738738	0.8921568627450981	0.8722627737226277	0.8232931726907631	0.7799352750809061	0.8079470198675497	0.7927927927927928	0.8798283261802575	0.8339483394833949	0.8327402135231317	0.8055555555555556	0.8146964856230032	0.8116438356164384	0.9102564102564102	0.8810408921933085	0.8996763754045307	0.8774834437086093	0.9205776173285198	0.8682170542635659	0.8864468864468864	0.8715953307392996	0.8704453441295547	0.8740157480314961	0.8113207547169812	0.8014440433212996	0.8759124087591241	0.8181818181818182	0.8682170542635659	0.8705882352941177	0.9071428571428571	0.9154411764705882	0.8035714285714286	0.8246268656716418	0.8941605839416058	0.8710801393728222	0.8844765342960289	0.88	0.8896551724137931	0.8909774436090225	0.9345454545454546	0.8798449612403101	0.8814814814814815	0.8764478764478765	0.7554858934169278	0.767515923566879	0.7564935064935064	0.7676767676767676	0.919732441471572	0.7672955974842768	0.7798165137614679	0.911864406779661	0.8127208480565371	0.8127208480565371	0.9045936395759717	0.913312693498452	0.930921052631579	0.9161073825503355	0.8037037037037037	0.7868217054263565	0.7894736842105263	0.905511811023622	0.8825757575757576	0.888030888030888	0.9335548172757475	0.8540145985401459	0.8651315789473685	0.8378378378378378	0.8582089552238806	0.8630705394190872	0.8697318007662835	0.8884297520661157	0.8702290076335878	0.8817891373801917	0.8099688473520249	0.7981072555205048	0.8829787234042553	0.8888888888888888	0.0	0.8825757575757576	0.7938931297709924	0.8464052287581699	0.8300653594771242	0.8032786885245902	0.7872340425531915	0.7884615384615384	0.8136882129277566	0.8178571428571428	0.8060836501901141	0.8264150943396227	0.8545454545454545	0.8464163822525598	0.8390804597701149	0.7903682719546742	0.7794561933534743	0.7740963855421686	0.9054545454545454	0.8072289156626506	0.9296875	0.916058394160584	0.821917808219178	0.8257839721254355	0.8365758754863813	0.8775510204081632	0.8577235772357723	0.8647540983606558	0.8482490272373541	0.88	0.836	0.451063829787234	0.5815899581589958
SRR19621203	0.819047619047619	0.8433179723502304	0.8318965517241379	0.7305389221556886	0.8238095238095238	0.8235294117647058	0.8092783505154639	0.8110236220472441	0.8333333333333334	0.8258706467661692	0.7912087912087912	0.8740740740740741	0.8875968992248062	0.8847457627118644	0.7466666666666667	0.8537735849056604	0.8409090909090909	0.8008849557522124	0.8313725490196079	0.8389830508474576	0.8133333333333334	0.7191011235955056	0.8441558441558441	0.7963800904977375	0.7783783783783784	0.711764705882353	0.7307692307692307	0.7383720930232558	0.7361963190184049	0.6932515337423313	0.7960199004975125	0.7953488372093023	0.7228260869565217	0.7650273224043715	0.7341040462427746	0.7352941176470589	0.7736842105263158	0.7666666666666667	0.8558951965065502	0.8421052631578947	0.7567567567567568	0.745	0.7959183673469388	0.7696335078534031	0.7912621359223301	0.7666666666666667	0.7978142076502732	0.819672131147541	0.8256410256410256	0.8342245989304813	0.8827586206896552	0.8581818181818182	0.8808664259927798	0.8687258687258688	0.8151658767772512	0.872791519434629	0.8758620689655172	0.7661691542288557	0.8565217391304348	0.8614718614718615	0.7783505154639175	0.7860262008733624	0.8113207547169812	0.7623762376237624	0.8425925925925926	0.8177339901477833	0.8364485981308412	0.815028901734104	0.7386363636363636	0.7426900584795322	0.819047619047619	0.7828282828282829	0.801762114537445	0.8114035087719298	0.7864583333333334	0.7818181818181819	0.7802197802197802	0.8192771084337349	0.8010752688172043	0.8162393162393162	0.8597785977859779	0.8634686346863468	0.5595238095238095	0.5314285714285715	0.8825757575757576	0.0	0.8203883495145631	0.8085106382978723	0.8025210084033614	0.8682170542635659	0.7828054298642534	0.7839195979899497	0.8109452736318408	0.7655502392344498	0.7704081632653061	0.7731958762886598	0.7461139896373057	0.7731481481481481	0.8020833333333334	0.8832807570977917	0.8855218855218855	0.8716216216216216	0.7675675675675676	0.782608695652174	0.7818181818181819	0.7759562841530054	0.8114035087719298	0.8214285714285714	0.8167539267015707	0.7757575757575758	0.783625730994152	0.7560975609756098	0.7257142857142858	0.8185185185185185	0.7888888888888889	0.8764478764478765	0.8776371308016878
SRR19621204	0.8044444444444444	0.8122270742358079	0.8178137651821862	0.7736842105263158	0.6732673267326733	0.695	0.7336683417085427	0.7857142857142857	0.8237704918032787	0.7761904761904762	0.7828282828282829	0.8051470588235294	0.8244274809160306	0.7889273356401384	0.791907514450867	0.7428571428571429	0.7567567567567568	0.7679324894514767	0.7824427480916031	0.7605042016806722	0.8387096774193549	0.8199052132701422	0.848	0.8189300411522634	0.8923766816143498	0.8405797101449275	0.8493150684931506	0.8275862068965517	0.8358974358974359	0.835820895522388	0.7233009708737864	0.6976744186046512	0.780952380952381	0.7135416666666666	0.7817258883248731	0.7772020725388601	0.8348623853211009	0.8146341463414634	0.7366071428571429	0.7476190476190476	0.8215962441314554	0.8173913043478261	0.8211009174311926	0.7692307692307693	0.8105726872246696	0.8029556650246306	0.8738317757009346	0.8439024390243902	0.8207547169811321	0.8226600985221675	0.7589928057553957	0.7683823529411765	0.7414448669201521	0.7686274509803922	0.8613445378151261	0.7900355871886121	0.7695035460992907	0.8201754385964912	0.7863247863247863	0.7914893617021277	0.8165137614678899	0.8455598455598455	0.8765432098765432	0.8114035087719298	0.7453703703703703	0.7630331753554502	0.7383177570093458	0.841025641025641	0.8373205741626795	0.8316831683168316	0.8601694915254238	0.7281553398058253	0.7689075630252101	0.7833333333333333	0.8018867924528302	0.8064516129032258	0.7970297029702971	0.7808988764044944	0.78	0.7786885245901639	0.8214285714285714	0.7859778597785978	0.7990867579908676	0.8270042194092827	0.7938931297709924	0.8203883495145631	0.0	0.6192660550458715	0.5073170731707317	0.7821011673151751	0.7336244541484717	0.7594339622641509	0.7793427230046949	0.76	0.7093596059113301	0.748792270531401	0.7594339622641509	0.7672413793103449	0.7696078431372549	0.8057324840764332	0.8108108108108109	0.8047138047138047	0.8309859154929577	0.7810945273631841	0.8315789473684211	0.8333333333333334	0.7679324894514767	0.776824034334764	0.7587939698492462	0.844559585492228	0.8492462311557789	0.8095238095238095	0.708994708994709	0.8028169014084507	0.7929292929292929	0.7906976744186046	0.8140495867768595
SRR19621205	0.7808764940239044	0.7834645669291339	0.7859778597785978	0.8209606986899564	0.7601626016260162	0.768595041322314	0.7805907172995781	0.75	0.8088235294117647	0.824	0.8270042194092827	0.8208469055374593	0.8305084745762712	0.8201219512195121	0.8173076923076923	0.82421875	0.8053435114503816	0.7677902621722846	0.7972972972972973	0.8057553956834532	0.8051470588235294	0.8181818181818182	0.822463768115942	0.7910447761194029	0.8548387096774194	0.8212765957446808	0.8204081632653061	0.8247863247863247	0.8161434977578476	0.8114035087719298	0.7603305785123967	0.7568627450980392	0.8040816326530612	0.7433628318584071	0.7956521739130434	0.7920353982300885	0.8313253012048193	0.8235294117647058	0.8104089219330854	0.7951807228915663	0.8340080971659919	0.8250950570342205	0.8286852589641435	0.8232931726907631	0.80078125	0.8034188034188035	0.8559670781893004	0.8487394957983193	0.8380566801619433	0.8403361344537815	0.7873015873015873	0.7843137254901961	0.7973856209150327	0.797945205479452	0.8507462686567164	0.8328173374613003	0.8148148148148148	0.8320610687022901	0.8411552346570397	0.8453237410071942	0.8152610441767069	0.8042704626334519	0.8518518518518519	0.7729083665338645	0.792156862745098	0.7886178861788617	0.7670682730923695	0.8614718614718615	0.8284518828451883	0.8232758620689655	0.875	0.7745901639344263	0.7640449438202247	0.7537878787878788	0.8313253012048193	0.8227272727272728	0.8135593220338984	0.8454545454545455	0.8340248962655602	0.8120567375886525	0.8122977346278317	0.8078175895765473	0.8	0.7790697674418605	0.8464052287581699	0.8085106382978723	0.6192660550458715	0.0	0.45495495495495497	0.7676056338028169	0.7519083969465649	0.7603305785123967	0.8307086614173228	0.7410358565737052	0.7489539748953975	0.7768595041322314	0.7951807228915663	0.7765151515151515	0.8	0.8394366197183099	0.8525073746312685	0.8228228228228228	0.8373983739837398	0.810126582278481	0.8385650224215246	0.8298755186721992	0.7992700729927007	0.8118081180811808	0.8264462809917356	0.8596491228070176	0.8680851063829788	0.8251121076233184	0.7729257641921398	0.8328173374613003	0.7894736842105263	0.8443708609271523	0.8788927335640139
SRR19621206	0.7707509881422925	0.7734375	0.7720588235294118	0.793859649122807	0.7242798353909465	0.7322175732217573	0.759493670886076	0.75	0.7948717948717948	0.804	0.8008474576271186	0.8084415584415584	0.825503355704698	0.8012232415902141	0.8160377358490566	0.7808764940239044	0.7722007722007722	0.758364312267658	0.7762711864406779	0.7877697841726619	0.7822878228782287	0.8218623481781376	0.7956204379562044	0.7584905660377359	0.844	0.810126582278481	0.8097165991902834	0.8185654008438819	0.8097345132743363	0.8051948051948052	0.7396694214876033	0.7222222222222222	0.7836734693877551	0.7268722466960352	0.7948717948717948	0.775330396475771	0.816	0.8025210084033614	0.7827715355805244	0.7601626016260162	0.841897233201581	0.8195488721804511	0.8181818181818182	0.7935222672064778	0.7953667953667953	0.7923728813559322	0.8495934959349594	0.8423236514522822	0.8273092369477911	0.8242677824267782	0.7635782747603834	0.7679738562091504	0.7649006622516556	0.7891156462585034	0.8492647058823529	0.8099688473520249	0.7881619937694704	0.8038461538461539	0.8315412186379928	0.8188405797101449	0.8047808764940239	0.7907801418439716	0.8503649635036497	0.7725490196078432	0.7579365079365079	0.7782258064516129	0.752	0.8448275862068966	0.8125	0.811965811965812	0.864963503649635	0.743801652892562	0.7262357414448669	0.7443609022556391	0.8016194331983806	0.8	0.7872340425531915	0.8385650224215246	0.7983193277310925	0.7813620071684588	0.7961165048543689	0.7796052631578947	0.7992125984251969	0.7786259541984732	0.8300653594771242	0.8025210084033614	0.5073170731707317	0.45495495495495497	0.0	0.7587412587412588	0.732824427480916	0.7701612903225806	0.8063241106719368	0.7312252964426877	0.7489711934156379	0.7663934426229508	0.7551020408163265	0.752851711026616	0.7791666666666667	0.8051575931232091	0.8203592814371258	0.8078078078078078	0.8266129032258065	0.7890295358649789	0.8370044052863436	0.8189300411522634	0.7720588235294118	0.7798507462686567	0.7958333333333333	0.8626609442060086	0.8613445378151261	0.8185840707964602	0.7672413793103449	0.80625	0.7835497835497836	0.82	0.8576388888888888
SRR19621207	0.8642857142857143	0.8697183098591549	0.8595317725752508	0.8489795918367347	0.7807692307692308	0.7890625	0.8007968127490039	0.8152866242038217	0.845360824742268	0.813953488372093	0.8114754098360656	0.7817589576547231	0.797979797979798	0.7570093457943925	0.8584070796460177	0.7961538461538461	0.7827715355805244	0.7733812949640287	0.7973856209150327	0.7581227436823105	0.8691275167785235	0.8494208494208494	0.8803986710963455	0.8292682926829268	0.9077490774907749	0.8622047244094488	0.8641509433962264	0.8745098039215686	0.8688524590163934	0.876984126984127	0.7906976744186046	0.7490494296577946	0.8490566037735849	0.7818930041152263	0.8299595141700404	0.8271604938271605	0.8566037735849057	0.8638132295719845	0.7424242424242424	0.7953667953667953	0.8505747126436781	0.8241758241758241	0.8046875	0.8403041825095057	0.8767605633802817	0.8682170542635659	0.9097744360902256	0.8467741935483871	0.8544061302681992	0.8616600790513834	0.7570977917981072	0.7731629392971247	0.7662337662337663	0.735191637630662	0.896551724137931	0.7611464968152867	0.7586206896551724	0.8561151079136691	0.7712177121771218	0.7802197802197802	0.8629629629629629	0.8846153846153846	0.8934707903780069	0.8692579505300353	0.7450980392156863	0.7550200803212851	0.7683397683397684	0.8636363636363636	0.8458498023715415	0.8414634146341463	0.89198606271777	0.8308270676691729	0.8287671232876712	0.8200692041522492	0.8435114503816794	0.8468085106382979	0.8458498023715415	0.8870292887029289	0.841897233201581	0.8622950819672132	0.5478927203065134	0.6	0.8613138686131386	0.8645833333333334	0.8032786885245902	0.8682170542635659	0.7821011673151751	0.7676056338028169	0.7587412587412588	0.0	0.7672727272727272	0.7764705882352941	0.8250950570342205	0.7806691449814126	0.8129770992366412	0.796875	0.8314606741573034	0.8286713286713286	0.8372093023255814	0.7780979827089337	0.7848484848484848	0.7720364741641338	0.8796992481203008	0.8	0.907258064516129	0.9029850746268657	0.7644927536231884	0.781021897810219	0.8016194331983806	0.8666666666666667	0.8559670781893004	0.8438818565400844	0.8232931726907631	0.8592375366568915	0.819672131147541	0.8006644518272426	0.8413793103448276
SRR19621208	0.7656903765690377	0.808	0.7722007722007722	0.7783018867924528	0.6991150442477876	0.6954545454545454	0.6948356807511737	0.7624113475177305	0.8364312267657993	0.7905982905982906	0.722488038277512	0.7854671280276817	0.823943661971831	0.7631578947368421	0.7696335078534031	0.7336244541484717	0.7364016736401674	0.717741935483871	0.7316176470588235	0.7261904761904762	0.837037037037037	0.7668161434977578	0.837037037037037	0.7868217054263565	0.8529411764705882	0.7909090909090909	0.7644444444444445	0.7663551401869159	0.7475247524752475	0.7619047619047619	0.6303317535545023	0.6216216216216216	0.7577092511013216	0.6617647058823529	0.7393364928909952	0.7219512195121951	0.8135593220338984	0.8097345132743363	0.7489878542510121	0.7212389380530974	0.826271186440678	0.7786885245901639	0.7957446808510639	0.7354260089686099	0.7967479674796748	0.8044444444444444	0.8638297872340426	0.7824074074074074	0.7733333333333333	0.7731481481481481	0.7380952380952381	0.7288732394366197	0.7295373665480427	0.7265917602996255	0.8443579766536965	0.7379310344827587	0.7398648648648649	0.8152610441767069	0.7649402390438247	0.7698412698412699	0.8215767634854771	0.8475177304964538	0.85	0.8024193548387096	0.6681614349775785	0.7072072072072072	0.6844444444444444	0.7884615384615384	0.7603686635944701	0.7813953488372093	0.861003861003861	0.6728110599078341	0.7777777777777778	0.7480314960629921	0.7555555555555555	0.7537688442211056	0.7603686635944701	0.7970297029702971	0.7946428571428571	0.7955390334572491	0.759581881533101	0.7321428571428571	0.7702127659574468	0.8171206225680934	0.7872340425531915	0.7828054298642534	0.7336244541484717	0.7519083969465649	0.732824427480916	0.7672727272727272	0.0	0.4869109947643979	0.5911330049261084	0.7238493723849372	0.7085201793721974	0.7219730941704036	0.6981981981981982	0.6609442060085837	0.6682692307692307	0.7811550151975684	0.7727272727272727	0.7827476038338658	0.7991266375545851	0.7033492822966507	0.8301886792452831	0.8318965517241379	0.7125506072874493	0.7357723577235772	0.7183098591549296	0.8028846153846154	0.7857142857142857	0.7635467980295566	0.7383177570093458	0.8231511254019293	0.755868544600939	0.7664233576642335	0.8143939393939394
SRR19621209	0.7982062780269058	0.8318965517241379	0.7925311203319502	0.7593582887700535	0.697560975609756	0.6934673366834171	0.6994818652849741	0.7803030303030303	0.8421052631578947	0.7981220657276995	0.6666666666666666	0.7680608365019012	0.80078125	0.7355072463768116	0.7544910179640718	0.7233009708737864	0.7209302325581395	0.7456896551724138	0.7769230769230769	0.7381974248927039	0.842741935483871	0.7083333333333334	0.8565737051792829	0.7829787234042553	0.839622641509434	0.7616580310880829	0.745	0.765625	0.7303370786516854	0.7606382978723404	0.6354166666666666	0.6390243902439025	0.75	0.6256983240223464	0.7219251336898396	0.7433155080213903	0.8287037037037037	0.8195121951219512	0.7354260089686099	0.7281553398058253	0.8317757009345794	0.7901785714285714	0.7924528301886793	0.7121212121212122	0.8201754385964912	0.8195121951219512	0.8785046728971962	0.7708333333333334	0.7733990147783252	0.7668393782383419	0.7490909090909091	0.7300380228136882	0.7258687258687259	0.7224489795918367	0.8412017167381974	0.7490774907749077	0.7463768115942029	0.8347826086956521	0.7641921397379913	0.7641921397379913	0.8211009174311926	0.8494208494208494	0.8275862068965517	0.8157894736842105	0.6829268292682927	0.7	0.7129186602870813	0.7637362637362637	0.7461139896373057	0.7948717948717948	0.8347826086956521	0.695	0.7833333333333333	0.7510729613733905	0.7475247524752475	0.7443181818181818	0.7653061224489796	0.8324324324324325	0.766497461928934	0.812	0.7769516728624535	0.7432950191570882	0.7641509433962265	0.7956521739130434	0.7884615384615384	0.7839195979899497	0.7594339622641509	0.7603305785123967	0.7701612903225806	0.7764705882352941	0.4869109947643979	0.0	0.5846994535519126	0.7009345794392523	0.6683673469387755	0.6836734693877551	0.7641509433962265	0.7104072398190046	0.7244897959183674	0.797427652733119	0.7938144329896907	0.7835051546391752	0.7902439024390244	0.6292134831460674	0.8429319371727748	0.8269230769230769	0.7236842105263158	0.7433628318584071	0.7384615384615385	0.7734806629834254	0.7807486631016043	0.7624309392265194	0.7142857142857143	0.818815331010453	0.6994535519125683	0.7755905511811023	0.8083333333333333
SRR19621210	0.8222222222222222	0.864406779661017	0.8387096774193549	0.7819148936170213	0.7368421052631579	0.715	0.7150259067357513	0.8357664233576643	0.8901960784313725	0.8287037037037037	0.7049180327868853	0.8284671532846716	0.8528301886792453	0.8191126279863481	0.7797619047619048	0.7735849056603774	0.7747747747747747	0.7949790794979079	0.8113207547169812	0.7875	0.8862745098039215	0.7871287128712872	0.8949416342412452	0.8208333333333333	0.8483412322274881	0.7897435897435897	0.7346938775510204	0.78125	0.7814207650273224	0.7894736842105263	0.6649484536082474	0.6919431279620853	0.7884615384615384	0.6574585635359116	0.7643979057591623	0.7659574468085106	0.8636363636363636	0.8398058252427184	0.7763157894736842	0.7607655502392344	0.8669724770642202	0.8398268398268398	0.8603603603603603	0.7586206896551724	0.853448275862069	0.861904761904762	0.9128440366972477	0.8112244897959183	0.8	0.788659793814433	0.8035087719298246	0.7875457875457875	0.7706766917293233	0.76	0.8686440677966102	0.7737226277372263	0.7661870503597122	0.8626609442060086	0.7982832618025751	0.7931034482758621	0.8609865470852018	0.8951310861423221	0.8744769874476988	0.8289473684210527	0.7405660377358491	0.7644230769230769	0.7570093457943925	0.8	0.7929292929292929	0.8102564102564103	0.8577586206896551	0.7035175879396985	0.8252032520325203	0.8049792531120332	0.75	0.7542857142857143	0.7868020304568528	0.7758620689655172	0.8349514563106796	0.8515625	0.8273381294964028	0.8007380073800738	0.8064516129032258	0.8389830508474576	0.8136882129277566	0.8109452736318408	0.7793427230046949	0.8307086614173228	0.8063241106719368	0.8250950570342205	0.5911330049261084	0.5846994535519126	0.0	0.7723214285714286	0.7227722772277227	0.7438423645320197	0.7607655502392344	0.7577092511013216	0.7268041237113402	0.8184713375796179	0.8	0.8061224489795918	0.8048780487804879	0.6902173913043478	0.8279569892473119	0.824390243902439	0.7848101265822784	0.7887931034482759	0.7474226804123711	0.7967032967032966	0.7837837837837838	0.7653631284916201	0.7564766839378239	0.845360824742268	0.75	0.8015564202334631	0.8353909465020576
SRR19621211	0.759825327510917	0.8091286307053942	0.7620967741935484	0.7722772277227723	0.7422222222222222	0.7454545454545455	0.7638888888888888	0.7573529411764706	0.8110236220472441	0.7964601769911505	0.7632850241545893	0.7943262411347518	0.7992565055762082	0.8032786885245902	0.8148148148148148	0.8076923076923077	0.7617021276595745	0.731404958677686	0.7720588235294118	0.7795275590551181	0.7976190476190477	0.7889908256880734	0.81640625	0.7622950819672131	0.7926267281105991	0.75	0.7695852534562212	0.7718446601941747	0.7589743589743589	0.755	0.7188940092165899	0.6946902654867256	0.7901785714285714	0.7093596059113301	0.7438423645320197	0.7323232323232324	0.7882882882882883	0.794392523364486	0.8032128514056225	0.775330396475771	0.8125	0.7890295358649789	0.7802690582959642	0.7901785714285714	0.7872340425531915	0.7830188679245284	0.8256880733944955	0.8113207547169812	0.7954545454545454	0.7962085308056872	0.7959866220735786	0.7762237762237763	0.7642857142857142	0.7769516728624535	0.8083333333333333	0.7966101694915254	0.8013245033112583	0.7966101694915254	0.804	0.7991967871485943	0.7920353982300885	0.7923076923076923	0.8099173553719008	0.7932489451476793	0.7672413793103449	0.751131221719457	0.7444933920704846	0.795	0.7714285714285715	0.7874396135265701	0.8264462809917356	0.7633928571428571	0.7630522088353414	0.7418032786885246	0.7937219730941704	0.7846153846153846	0.7772511848341233	0.845771144278607	0.7897196261682243	0.8007662835249042	0.8144329896907216	0.7972027972027972	0.7533632286995515	0.7584745762711864	0.8178571428571428	0.7655502392344498	0.76	0.7410358565737052	0.7312252964426877	0.7806691449814126	0.7238493723849372	0.7009345794392523	0.7723214285714286	0.0	0.5027027027027027	0.4519774011299435	0.7589285714285714	0.7352941176470589	0.7511737089201878	0.8217522658610272	0.8237179487179487	0.7987012987012987	0.8214285714285714	0.7439613526570048	0.8267326732673267	0.8235294117647058	0.757085020242915	0.75	0.7813953488372093	0.8217821782178217	0.8269230769230769	0.8	0.7178217821782178	0.7925170068027211	0.7425742574257426	0.8109090909090909	0.8203125
SRR19621212	0.7918552036199095	0.8362068965517241	0.7866108786610879	0.7445652173913043	0.7024390243902439	0.6919191919191919	0.7309644670050761	0.7653846153846153	0.8367346938775511	0.7681159420289855	0.7287234042553191	0.7992565055762082	0.8093385214007782	0.7832167832167832	0.7751479289940828	0.7699530516431925	0.7488584474885844	0.7336244541484717	0.7713178294573644	0.7478632478632479	0.8326530612244898	0.7832512315270936	0.8373983739837398	0.771551724137931	0.8333333333333334	0.7731958762886598	0.7562189054726368	0.7513227513227513	0.7359550561797753	0.7593582887700535	0.6335078534031413	0.6570048309178744	0.7788461538461539	0.6538461538461539	0.7407407407407407	0.7142857142857143	0.8056872037914692	0.7889447236180904	0.7835497835497836	0.7630331753554502	0.8028846153846154	0.8	0.7971698113207547	0.7425742574257426	0.7982062780269058	0.8009950248756219	0.8564593301435407	0.8131313131313131	0.7843137254901961	0.7783505154639175	0.7793594306049823	0.7934782608695652	0.7769516728624535	0.7619047619047619	0.8253275109170306	0.7841726618705036	0.776595744680851	0.8080357142857143	0.7948717948717948	0.7896995708154506	0.7924528301886793	0.8352941176470589	0.8318965517241379	0.7828054298642534	0.7546296296296297	0.7607655502392344	0.7592592592592593	0.782608695652174	0.764102564102564	0.7938144329896907	0.8237885462555066	0.7317073170731707	0.7824267782426778	0.7711864406779662	0.746268656716418	0.7570621468926554	0.764102564102564	0.7784090909090909	0.7715736040609137	0.7818930041152263	0.8327402135231317	0.7977941176470589	0.7451923076923077	0.7841409691629956	0.8060836501901141	0.7704081632653061	0.7093596059113301	0.7489539748953975	0.7489711934156379	0.8129770992366412	0.7085201793721974	0.6683673469387755	0.7227722772277227	0.5027027027027027	0.0	0.44242424242424244	0.7079207920792079	0.6851851851851852	0.7230769230769231	0.8158730158730159	0.8215488215488216	0.8074324324324325	0.7711442786069652	0.7005347593582888	0.7845303867403315	0.8029556650246306	0.7224669603524229	0.7422222222222222	0.7105263157894737	0.751412429378531	0.786096256684492	0.7401129943502824	0.6847826086956522	0.8140350877192982	0.7189189189189189	0.7937743190661478	0.8174273858921162
SRR19621213	0.7777777777777778	0.8289473684210527	0.7890295358649789	0.7333333333333333	0.685	0.7135678391959799	0.7268041237113402	0.7674418604651163	0.8395061728395061	0.782608695652174	0.7446808510638298	0.8104089219330854	0.81640625	0.8020833333333334	0.7857142857142857	0.748792270531401	0.7336448598130841	0.7467248908296943	0.7782101167315175	0.7606837606837606	0.8158995815899581	0.7551020408163265	0.8305785123966942	0.7522123893805309	0.7960199004975125	0.7566137566137566	0.7525252525252525	0.7197802197802198	0.7386363636363636	0.7277777777777777	0.696969696969697	0.6842105263157895	0.7574257425742574	0.6703296703296703	0.7087912087912088	0.702247191011236	0.7794117647058824	0.7794871794871795	0.7860262008733624	0.7536231884057971	0.8173076923076923	0.7808219178082192	0.7942583732057417	0.7386934673366834	0.8009049773755657	0.7731958762886598	0.8374384236453202	0.7789473684210526	0.775	0.7619047619047619	0.7985865724381626	0.7867647058823529	0.7651515151515151	0.7738095238095238	0.8230088495575221	0.7992831541218638	0.795774647887324	0.7889908256880734	0.7869565217391304	0.7763157894736842	0.7836538461538461	0.8286852589641435	0.8245614035087719	0.7685185185185185	0.7333333333333333	0.7326732673267327	0.7259615384615384	0.7653631284916201	0.7407407407407407	0.7712765957446809	0.8161434977578476	0.7463414634146341	0.7796610169491526	0.7735042735042735	0.7733990147783252	0.7456647398843931	0.7604166666666666	0.8089887640449438	0.7552083333333334	0.7842323651452282	0.822463768115942	0.8	0.729064039408867	0.7647058823529411	0.8264150943396227	0.7731958762886598	0.748792270531401	0.7768595041322314	0.7663934426229508	0.796875	0.7219730941704036	0.6836734693877551	0.7438423645320197	0.4519774011299435	0.44242424242424244	0.0	0.7227722772277227	0.6869158878504673	0.7120418848167539	0.8102893890675241	0.8156996587030717	0.8013698630136986	0.78	0.7165775401069518	0.8011049723756906	0.8118811881188119	0.7072072072072072	0.7096774193548387	0.7395833333333334	0.7821229050279329	0.7692307692307693	0.75	0.7081081081081081	0.7906137184115524	0.7351351351351352	0.8146718146718147	0.8200836820083682
SRR19621214	0.7476635514018691	0.7901785714285714	0.7510729613733905	0.745945945945946	0.7405660377358491	0.7439613526570048	0.7386934673366834	0.7849056603773585	0.8278688524590164	0.7692307692307693	0.75	0.8260869565217391	0.8587360594795539	0.8366666666666667	0.7976878612716763	0.7824074074074074	0.7777777777777778	0.7669491525423728	0.7816091954022989	0.759493670886076	0.8140495867768595	0.7902439024390244	0.8285714285714286	0.788135593220339	0.8285714285714286	0.7929292929292929	0.7323232323232324	0.765625	0.7650273224043715	0.7405405405405405	0.6834170854271356	0.7201834862385321	0.7681159420289855	0.71875	0.7929292929292929	0.7631578947368421	0.8009478672985783	0.79	0.8	0.7641509433962265	0.7980769230769231	0.7625570776255708	0.7981220657276995	0.7740384615384616	0.7991071428571429	0.801980198019802	0.8349514563106796	0.82	0.8086124401913876	0.8040201005025126	0.8013937282229965	0.8028673835125448	0.8043478260869565	0.8098859315589354	0.8461538461538461	0.818815331010453	0.8191126279863481	0.7982062780269058	0.7957446808510639	0.8008474576271186	0.7703349282296651	0.8221343873517787	0.8619246861924686	0.7671232876712328	0.7671232876712328	0.7735849056603774	0.7772727272727272	0.828125	0.79	0.7823834196891192	0.8398268398268398	0.7142857142857143	0.7679324894514767	0.7564102564102564	0.7777777777777778	0.7653631284916201	0.7839195979899497	0.8	0.8088235294117647	0.7975708502024291	0.8456140350877193	0.8327402135231317	0.7641509433962265	0.7956521739130434	0.8545454545454545	0.7461139896373057	0.7594339622641509	0.7951807228915663	0.7551020408163265	0.8314606741573034	0.6981981981981982	0.7641509433962265	0.7607655502392344	0.7589285714285714	0.7079207920792079	0.7227722772277227	0.0	0.425414364640884	0.5380116959064327	0.8238993710691824	0.8338870431893688	0.8316831683168316	0.7783251231527094	0.7422680412371134	0.7989130434782609	0.7980295566502463	0.7721518987341772	0.7705627705627706	0.751269035532995	0.8064516129032258	0.7872340425531915	0.7692307692307693	0.7142857142857143	0.818815331010453	0.7794871794871795	0.8395522388059702	0.8467741935483871
SRR19621215	0.7347826086956522	0.7950819672131147	0.7183673469387755	0.7621359223300971	0.7111111111111111	0.7194570135746606	0.719626168224299	0.7589928057553957	0.8206106870229007	0.7974137931034483	0.7233009708737864	0.8197278911564626	0.8461538461538461	0.7961165048543689	0.8031088082901554	0.7565217391304347	0.7531380753138075	0.7637795275590551	0.7644927536231884	0.7519685039370079	0.816793893129771	0.7625570776255708	0.8122605363984674	0.7689243027888446	0.8304347826086956	0.8036529680365296	0.7601809954751131	0.7793427230046949	0.7673267326732673	0.7572815533980582	0.6926605504587156	0.6926406926406926	0.7533632286995515	0.7251184834123223	0.7757009345794392	0.7714285714285715	0.8154506437768241	0.7954545454545454	0.78	0.7444933920704846	0.8078602620087336	0.775	0.7869565217391304	0.7247706422018348	0.7983539094650206	0.7899543378995434	0.8565217391304348	0.7897196261682243	0.7802690582959642	0.7916666666666666	0.7847682119205298	0.7773972602739726	0.7785467128027682	0.7781818181818182	0.85546875	0.8013245033112583	0.801948051948052	0.8122448979591836	0.7808764940239044	0.7952755905511811	0.7931034482758621	0.8241758241758241	0.8565891472868217	0.7942386831275721	0.7689075630252101	0.7801724137931034	0.7782426778242678	0.7902439024390244	0.7440758293838863	0.7887323943661971	0.8588235294117647	0.726457399103139	0.7598425196850394	0.753968253968254	0.7894736842105263	0.78	0.7899543378995434	0.8226600985221675	0.8018018018018018	0.8014981273408239	0.8266666666666667	0.7854671280276817	0.7662337662337663	0.7903225806451613	0.8464163822525598	0.7731481481481481	0.7672413793103449	0.7765151515151515	0.752851711026616	0.8286713286713286	0.6609442060085837	0.7104072398190046	0.7577092511013216	0.7352941176470589	0.6851851851851852	0.6869158878504673	0.425414364640884	0.0	0.4748603351955307	0.8006042296072508	0.8089171974522293	0.8031746031746032	0.7901785714285714	0.7163461538461539	0.8269230769230769	0.8080357142857143	0.744	0.757085020242915	0.7603686635944701	0.7931034482758621	0.7635467980295566	0.7711442786069652	0.7211538461538461	0.8092105263157895	0.7746478873239436	0.8402777777777778	0.8383458646616542
SRR19621216	0.7450980392156863	0.8064516129032258	0.7544642857142857	0.75	0.725	0.7216494845360825	0.7287234042553191	0.7984496124031008	0.8583333333333333	0.8097560975609757	0.7333333333333333	0.8181818181818182	0.84765625	0.8133802816901409	0.8048780487804879	0.7574257425742574	0.7710280373831776	0.7488789237668162	0.7710843373493976	0.7685589519650655	0.8247863247863247	0.8020304568527918	0.8197424892703863	0.8034934497816594	0.8585365853658536	0.8115183246073299	0.7421052631578947	0.75	0.7485380116959064	0.7584269662921348	0.711340206185567	0.722488038277512	0.8203883495145631	0.7142857142857143	0.7795698924731183	0.7679558011049724	0.84688995215311	0.8383838383838383	0.7837837837837838	0.7373737373737373	0.81	0.7953488372093023	0.7980295566502463	0.7788944723618091	0.7761904761904762	0.7958115183246073	0.8768472906403941	0.7956989247311828	0.7783505154639175	0.7650273224043715	0.8014440433212996	0.7940074906367042	0.7816091954022989	0.796	0.868421052631579	0.8021978021978022	0.7985611510791367	0.852017937219731	0.7847533632286996	0.8061674008810573	0.8164251207729468	0.823045267489712	0.8841201716738197	0.7887323943661971	0.7714285714285715	0.7722772277227723	0.7584541062801933	0.8100558659217877	0.8020833333333334	0.8138297872340425	0.8771929824561403	0.6963350785340314	0.7982832618025751	0.7763157894736842	0.806930693069307	0.8057142857142857	0.7894736842105263	0.8275862068965517	0.8391959798994975	0.8271604938271605	0.825925925925926	0.7984790874524715	0.7864077669902912	0.8377192982456141	0.8390804597701149	0.8020833333333334	0.7696078431372549	0.8	0.7791666666666667	0.8372093023255814	0.6682692307692307	0.7244897959183674	0.7268041237113402	0.7511737089201878	0.7230769230769231	0.7120418848167539	0.5380116959064327	0.4748603351955307	0.0	0.8169934640522876	0.8146853146853147	0.795774647887324	0.8080808080808081	0.7111111111111111	0.8324022346368715	0.8163265306122449	0.7869565217391304	0.7857142857142857	0.7875647668393783	0.8268156424581006	0.7932960893854749	0.7954545454545454	0.7377049180327869	0.8279569892473119	0.7783783783783784	0.8274509803921568	0.8240343347639485
SRR19621217	0.8414634146341463	0.8635014836795252	0.8419540229885057	0.8533333333333334	0.7654723127035831	0.7961165048543689	0.79	0.8076923076923077	0.8595988538681948	0.8280254777070064	0.7986348122866894	0.7471264367816092	0.7855072463768116	0.7194444444444444	0.8771929824561403	0.7745098039215687	0.7753164556962026	0.7675840978593272	0.7536231884057971	0.7659574468085106	0.8854748603351955	0.8607594936708861	0.8728813559322034	0.8294117647058824	0.9051987767584098	0.8713826366559485	0.8584905660377359	0.8778135048231511	0.8657718120805369	0.8651315789473685	0.7935483870967742	0.7587301587301587	0.8495297805642633	0.8066666666666666	0.8181818181818182	0.8394648829431438	0.8905775075987842	0.8832807570977917	0.7648902821316614	0.7737704918032787	0.8544303797468354	0.8498498498498499	0.85	0.834920634920635	0.8794117647058823	0.8832807570977917	0.9135802469135802	0.8590163934426229	0.871875	0.8599348534201955	0.7472527472527473	0.6882352941176471	0.7113702623906706	0.7351190476190477	0.899135446685879	0.7223796033994334	0.7206703910614525	0.8888888888888888	0.7770897832817337	0.7770897832817337	0.8851963746223565	0.894878706199461	0.9121813031161473	0.8862973760932945	0.7717041800643086	0.7882736156351792	0.7709677419354839	0.8614864864864865	0.8431372549019608	0.8547854785478548	0.9048991354466859	0.8307210031347962	0.8289855072463768	0.8041543026706232	0.8557993730407524	0.8595890410958904	0.8690095846645367	0.8843537414965986	0.8474025974025974	0.8314285714285714	0.7884615384615384	0.7675070028011205	0.8734939759036144	0.8757225433526011	0.7903682719546742	0.8832807570977917	0.8057324840764332	0.8394366197183099	0.8051575931232091	0.7780979827089337	0.7811550151975684	0.797427652733119	0.8184713375796179	0.8217522658610272	0.8158730158730159	0.8102893890675241	0.8238993710691824	0.8006042296072508	0.8169934640522876	0.0	0.4197952218430034	0.46710526315789475	0.8785046728971962	0.8093645484949833	0.9081967213114754	0.8875	0.740625	0.7701863354037267	0.7697594501718213	0.8561643835616438	0.8395904436860068	0.8413793103448276	0.8360655737704918	0.8639798488664987	0.8372093023255814	0.7774566473988439	0.7828746177370031
SRR19621218	0.8557692307692307	0.8714733542319749	0.8622754491017964	0.8657243816254417	0.7464788732394366	0.7797202797202797	0.7943262411347518	0.8052325581395349	0.8567073170731707	0.8184931506849316	0.7992700729927007	0.7484848484848485	0.7889908256880734	0.7449856733524355	0.8620689655172413	0.7692307692307693	0.7866666666666666	0.7581699346405228	0.7476923076923077	0.7483660130718954	0.884272997032641	0.8576271186440678	0.874251497005988	0.8317757009345794	0.9262820512820513	0.8918918918918919	0.8852459016393442	0.8835616438356164	0.8709677419354839	0.8701754385964913	0.7896551724137931	0.7482993197278912	0.8456375838926175	0.7949640287769785	0.8158844765342961	0.8303249097472925	0.896774193548387	0.9003322259136213	0.7423728813559322	0.7896551724137931	0.8811881188118812	0.842443729903537	0.8651315789473685	0.8378378378378378	0.8881987577639752	0.9075907590759076	0.9352750809061489	0.867595818815331	0.8657718120805369	0.8526315789473684	0.7412790697674418	0.7181818181818181	0.7186544342507645	0.7476635514018691	0.9088145896656535	0.7374631268436578	0.7243401759530792	0.8947368421052632	0.7722772277227723	0.7641196013289037	0.9050632911392406	0.9067796610169492	0.9191616766467066	0.9088145896656535	0.7577854671280276	0.7881944444444444	0.7697594501718213	0.8664259927797834	0.8506944444444444	0.875	0.9246987951807228	0.8175675675675675	0.8454545454545455	0.8198757763975155	0.8406779661016949	0.8475836431226765	0.8625429553264605	0.8619402985074627	0.8350877192982457	0.8303030303030303	0.7741935483870968	0.7477477477477478	0.867741935483871	0.8807339449541285	0.7794561933534743	0.8855218855218855	0.8108108108108109	0.8525073746312685	0.8203592814371258	0.7848484848484848	0.7727272727272727	0.7938144329896907	0.8	0.8237179487179487	0.8215488215488216	0.8156996587030717	0.8338870431893688	0.8089171974522293	0.8146853146853147	0.4197952218430034	0.0	0.4671280276816609	0.8914473684210527	0.802158273381295	0.9236111111111112	0.900990099009901	0.7417218543046358	0.768976897689769	0.7818181818181819	0.8438661710037175	0.8127340823970037	0.8364312267657993	0.8432055749128919	0.8766404199475065	0.8362989323843416	0.7577639751552795	0.7664473684210527
SRR19621219	0.8349514563106796	0.8476190476190476	0.8463855421686747	0.8469750889679716	0.7577854671280276	0.7777777777777778	0.7922535211267606	0.793002915451895	0.8475609756097561	0.8163265306122449	0.8226950354609929	0.7507507507507507	0.7835365853658537	0.7363896848137536	0.8721804511278195	0.7842465753424658	0.7807308970099668	0.7724358974358975	0.7687687687687688	0.7628205128205128	0.8652694610778443	0.8590604026845637	0.8618618618618619	0.822429906542056	0.9061488673139159	0.8664383561643836	0.8566666666666667	0.8655172413793103	0.8723404255319149	0.8596491228070176	0.8	0.7715231788079471	0.8433333333333334	0.8014184397163121	0.8385964912280702	0.8445229681978799	0.8977635782747604	0.882943143812709	0.7615894039735099	0.7793103448275862	0.8561872909698997	0.8402555910543131	0.8438538205980066	0.8433333333333334	0.8858024691358025	0.8976897689768977	0.9255663430420712	0.8767123287671232	0.8745874587458746	0.8620689655172413	0.7507163323782235	0.7090909090909091	0.7250755287009063	0.7383177570093458	0.9030303030303031	0.7323529411764705	0.7079646017699115	0.8923076923076924	0.7980769230769231	0.7785016286644951	0.8885350318471338	0.8857142857142857	0.9101796407185628	0.8722741433021807	0.7517241379310344	0.7692307692307693	0.7551724137931034	0.8678571428571429	0.8561643835616438	0.8645833333333334	0.9253731343283582	0.8272425249169435	0.8363636363636363	0.8105590062111802	0.8576158940397351	0.8492647058823529	0.852233676975945	0.8759124087591241	0.8605442176870748	0.8525073746312685	0.7832369942196532	0.757396449704142	0.8580645161290322	0.8646153846153846	0.7740963855421686	0.8716216216216216	0.8047138047138047	0.8228228228228228	0.8078078078078078	0.7720364741641338	0.7827476038338658	0.7835051546391752	0.8061224489795918	0.7987012987012987	0.8074324324324325	0.8013698630136986	0.8316831683168316	0.8031746031746032	0.795774647887324	0.46710526315789475	0.4671280276816609	0.0	0.8778877887788779	0.8085106382978723	0.9055944055944056	0.8874172185430463	0.7645161290322581	0.7831715210355987	0.7928571428571428	0.8623188405797102	0.8530465949820788	0.8467153284671532	0.8120567375886525	0.868766404199475	0.8380281690140845	0.7638036809815951	0.7766990291262136
SRR19621220	0.8454545454545455	0.8577777777777778	0.8361344537815126	0.7398843930635838	0.8341013824884793	0.839622641509434	0.8325123152709359	0.8153846153846154	0.8571428571428571	0.8744186046511628	0.8105263157894737	0.8888888888888888	0.8984962406015038	0.8833333333333333	0.7875	0.8577981651376146	0.8502202643171806	0.826271186440678	0.8484848484848485	0.8284518828451883	0.8232758620689655	0.8	0.8529411764705882	0.801762114537445	0.7724867724867724	0.7837837837837838	0.7591623036649214	0.7329545454545454	0.7380952380952381	0.7192982456140351	0.76	0.827433628318584	0.7577319587628866	0.8102564102564103	0.7704918032786885	0.7790055248618785	0.7806122448979592	0.7608695652173914	0.8595744680851064	0.8571428571428571	0.7959183673469388	0.7934272300469484	0.8252427184466019	0.7577319587628866	0.7560975609756098	0.7608695652173914	0.7849462365591398	0.7734806629834254	0.788659793814433	0.7692307692307693	0.8775510204081632	0.8732394366197183	0.8714285714285714	0.8843283582089553	0.7751196172248804	0.886986301369863	0.8783783783783784	0.7788461538461539	0.8697478991596639	0.8697478991596639	0.7602040816326531	0.8016877637130801	0.7830188679245284	0.72	0.8416289592760181	0.8450704225352113	0.8565022421524664	0.8277777777777777	0.8	0.8054054054054054	0.8075117370892019	0.7832512315270936	0.8170212765957446	0.826271186440678	0.7552083333333334	0.8034682080924855	0.806282722513089	0.7904191616766467	0.7688172043010753	0.7641921397379913	0.8986013986013986	0.8785714285714286	0.7661691542288557	0.7824074074074074	0.9054545454545454	0.7675675675675676	0.8309859154929577	0.8373983739837398	0.8266129032258065	0.8796992481203008	0.7991266375545851	0.7902439024390244	0.8048780487804879	0.8214285714285714	0.7711442786069652	0.78	0.7783251231527094	0.7901785714285714	0.8080808080808081	0.8785046728971962	0.8914473684210527	0.8778877887788779	0.0	0.8020833333333334	0.4666666666666667	0.41379310344827586	0.8008658008658008	0.8	0.8163265306122449	0.8248587570621468	0.8241758241758241	0.7931034482758621	0.7554347826086957	0.8556338028169014	0.8148148148148148	0.895910780669145	0.9076305220883534
SRR19621221	0.8038277511961722	0.8552036199095022	0.8078602620087336	0.7411764705882353	0.7295918367346939	0.7127659574468085	0.7405405405405405	0.7936507936507936	0.8547008547008547	0.7918781725888325	0.425531914893617	0.823076923076923	0.8346774193548387	0.8136200716845878	0.7581699346405228	0.7626262626262627	0.7761904761904762	0.7534246575342466	0.8	0.7787610619469026	0.8697478991596639	0.7700534759358288	0.8838174273858921	0.8193832599118943	0.8656716417910447	0.8118279569892473	0.7927461139896373	0.7696629213483146	0.7469879518072289	0.7853107344632768	0.7021276595744681	0.7079207920792079	0.7526315789473684	0.7191011235955056	0.7584269662921348	0.7670454545454546	0.8366336633663366	0.8393782383419689	0.7605633802816901	0.7487179487179487	0.8163265306122449	0.7952380952380952	0.7918781725888325	0.7189189189189189	0.8325581395348837	0.8210526315789474	0.8955223880597015	0.8087431693989071	0.8031088082901554	0.7978142076502732	0.7744360902255639	0.7984790874524715	0.7859922178988327	0.7909836065573771	0.8699551569506726	0.797752808988764	0.7941176470588235	0.8532110091743119	0.7844036697247706	0.7788018433179723	0.8284313725490197	0.8571428571428571	0.8558558558558559	0.822429906542056	0.7336683417085427	0.7525773195876289	0.7574257425742574	0.7894736842105263	0.7692307692307693	0.8076923076923077	0.8738738738738738	0.7210526315789474	0.7822222222222223	0.7647058823529411	0.7696335078534031	0.7469135802469136	0.7624309392265194	0.8214285714285714	0.7837837837837838	0.8277310924369747	0.8038461538461539	0.7747035573122529	0.7676767676767676	0.7953488372093023	0.8072289156626506	0.782608695652174	0.7810945273631841	0.810126582278481	0.7890295358649789	0.8	0.7033492822966507	0.6292134831460674	0.6902173913043478	0.7439613526570048	0.7005347593582888	0.7165775401069518	0.7422680412371134	0.7163461538461539	0.7111111111111111	0.8093645484949833	0.802158273381295	0.8085106382978723	0.8020833333333334	0.0	0.8659217877094972	0.841025641025641	0.7477064220183486	0.7570093457943925	0.7472527472527473	0.7784431137724551	0.75	0.7283950617283951	0.7288135593220338	0.8284671532846716	0.4722222222222222	0.7892561983471075	0.8193832599118943
SRR19621222	0.8706467661691543	0.883495145631068	0.8738738738738738	0.8209876543209876	0.864321608040201	0.859375	0.8709677419354839	0.8483606557377049	0.8604651162790697	0.8860103626943006	0.8563218390804598	0.9115384615384615	0.9274193548387096	0.9154929577464789	0.781021897810219	0.89	0.875	0.8687782805429864	0.8830645161290323	0.8755555555555555	0.8229665071770335	0.8238636363636364	0.8663594470046083	0.8106796116504854	0.7941176470588235	0.8143712574850299	0.7647058823529411	0.759493670886076	0.7666666666666667	0.7114093959731543	0.8118279569892473	0.8557692307692307	0.7909604519774012	0.8352272727272727	0.8072289156626506	0.7643312101910829	0.8022598870056498	0.7668711656441718	0.8995433789954338	0.8894472361809045	0.7988505747126436	0.8442211055276382	0.8315217391304348	0.7840909090909091	0.7675675675675676	0.7891566265060241	0.8012048192771084	0.8253012048192772	0.8248587570621468	0.7987804878048781	0.9100719424460432	0.9067164179104478	0.9135338345864662	0.9076305220883534	0.8072916666666666	0.9163636363636364	0.9068100358422939	0.786096256684492	0.9	0.9	0.7514450867052023	0.815668202764977	0.8031088082901554	0.7348066298342542	0.8829268292682927	0.8711340206185567	0.8823529411764706	0.8641975308641975	0.8448275862068966	0.8098159509202454	0.8177083333333334	0.8043478260869565	0.8160377358490566	0.8317757009345794	0.8156424581005587	0.8311688311688312	0.8245614035087719	0.7931034482758621	0.8457142857142858	0.8310502283105022	0.9213483146067416	0.9169811320754717	0.7857142857142857	0.8020304568527918	0.9296875	0.7818181818181819	0.8315789473684211	0.8385650224215246	0.8370044052863436	0.907258064516129	0.8301886792452831	0.8429319371727748	0.8279569892473119	0.8267326732673267	0.7845303867403315	0.8011049723756906	0.7989130434782609	0.8269230769230769	0.8324022346368715	0.9081967213114754	0.9236111111111112	0.9055944055944056	0.4666666666666667	0.8659217877094972	0.0	0.4140625	0.847926267281106	0.8373205741626795	0.8418079096045198	0.8616352201257862	0.8734939759036144	0.8116883116883117	0.7757575757575758	0.8712121212121212	0.847953216374269	0.9285714285714286	0.9301310043668122
SRR19621223	0.8687782805429864	0.8603603603603603	0.8432203389830508	0.7840909090909091	0.8418604651162791	0.8584905660377359	0.8578431372549019	0.8262548262548263	0.8448275862068966	0.8720379146919431	0.837696335078534	0.8953068592057761	0.909433962264151	0.9075907590759076	0.7974683544303798	0.8604651162790697	0.8371040723981901	0.8432203389830508	0.8593155893536122	0.85	0.7882882882882883	0.8082901554404145	0.8454935622317596	0.776255707762557	0.7608695652173914	0.7790055248618785	0.7671957671957672	0.7627118644067796	0.7764705882352941	0.7125748502994012	0.7980295566502463	0.8552631578947368	0.7526315789473684	0.8307692307692308	0.7790055248618785	0.7740112994350282	0.788659793814433	0.7624309392265194	0.8860759493670886	0.8651162790697674	0.8163265306122449	0.8232558139534883	0.8159203980099502	0.7969543147208121	0.7512437810945274	0.7624309392265194	0.7868852459016393	0.7955801104972375	0.7905759162303665	0.770949720670391	0.8873720136518771	0.8794326241134752	0.8936170212765957	0.8992537313432836	0.8	0.9081632653061225	0.8993288590604027	0.7745098039215687	0.8818565400843882	0.8865546218487395	0.7486910994764397	0.7878787878787878	0.784688995215311	0.7336683417085427	0.8699551569506726	0.8796296296296297	0.8844444444444445	0.8435754189944135	0.8148148148148148	0.8076923076923077	0.8207547169811321	0.7910447761194029	0.8138528138528138	0.8130434782608695	0.8071065989847716	0.8197674418604651	0.8148148148148148	0.8143712574850299	0.8031914893617021	0.7816593886462883	0.9087719298245615	0.8928571428571429	0.7860696517412935	0.7783018867924528	0.916058394160584	0.7759562841530054	0.8333333333333334	0.8298755186721992	0.8189300411522634	0.9029850746268657	0.8318965517241379	0.8269230769230769	0.824390243902439	0.8235294117647058	0.8029556650246306	0.8118811881188119	0.7980295566502463	0.8080357142857143	0.8163265306122449	0.8875	0.900990099009901	0.8874172185430463	0.41379310344827586	0.841025641025641	0.4140625	0.0	0.8130434782608695	0.8125	0.8367346938775511	0.847457627118644	0.8333333333333334	0.8092485549132948	0.7837837837837838	0.8576512455516014	0.8297872340425532	0.9107806691449815	0.9149797570850202
SRR19621224	0.8620689655172413	0.8764044943820225	0.8278388278388278	0.7511961722488039	0.7350427350427351	0.759656652360515	0.7555555555555555	0.7896551724137931	0.8461538461538461	0.8125	0.7429906542056075	0.8272425249169435	0.845360824742268	0.8113207547169812	0.7846153846153846	0.7467811158798283	0.743801652892562	0.7596899224806202	0.773851590106007	0.7718631178707225	0.855072463768116	0.7850877192982456	0.855072463768116	0.7790697674418605	0.8541666666666666	0.8088888888888889	0.8034188034188035	0.8177777777777778	0.8028169014084507	0.8036529680365296	0.7236842105263158	0.6781115879828327	0.7863247863247863	0.7268518518518519	0.7649769585253456	0.7663551401869159	0.7792207792207793	0.8008849557522124	0.720164609053498	0.7617021276595745	0.8025751072961373	0.7654320987654321	0.771551724137931	0.759825327510917	0.8359375	0.8217391304347826	0.8838174273858921	0.8009049773755657	0.811965811965812	0.7918552036199095	0.7810457516339869	0.7736486486486487	0.7663230240549829	0.7697841726618705	0.8587786259541985	0.7733333333333333	0.7745098039215687	0.8072289156626506	0.726530612244898	0.7419354838709677	0.8132780082987552	0.8321428571428572	0.8641509433962264	0.7991967871485943	0.7167381974248928	0.7489177489177489	0.721030042918455	0.7729468599033816	0.7625570776255708	0.783410138248848	0.8664122137404581	0.7553648068669528	0.779467680608365	0.7644787644787645	0.7631578947368421	0.7864077669902912	0.7901785714285714	0.8164251207729468	0.7407407407407407	0.7651515151515151	0.7864406779661017	0.7517482517482518	0.8024691358024691	0.8365019011406845	0.821917808219178	0.8114035087719298	0.7679324894514767	0.7992700729927007	0.7720588235294118	0.7644927536231884	0.7125506072874493	0.7236842105263158	0.7848101265822784	0.757085020242915	0.7224669603524229	0.7072072072072072	0.7721518987341772	0.744	0.7869565217391304	0.740625	0.7417218543046358	0.7645161290322581	0.8008658008658008	0.7477064220183486	0.847926267281106	0.8130434782608695	0.0	0.3865979381443299	0.42857142857142855	0.775609756097561	0.7703349282296651	0.7658536585365854	0.7348837209302326	0.8242811501597445	0.7808219178082192	0.8070175438596491	0.7977099236641222
SRR19621225	0.8537549407114624	0.8643410852713178	0.8233082706766918	0.784688995215311	0.7379912663755459	0.7522123893805309	0.7534246575342466	0.784452296819788	0.8507462686567164	0.8270042194092827	0.7699530516431925	0.8231292517006803	0.8496503496503497	0.8333333333333334	0.7894736842105263	0.7662337662337663	0.7468354430379747	0.7725490196078432	0.7769784172661871	0.7984790874524715	0.8513011152416357	0.8157894736842105	0.8470149253731343	0.7874015748031497	0.8547008547008547	0.8190045248868778	0.8026315789473685	0.8227272727272728	0.8133971291866029	0.813953488372093	0.7433628318584071	0.7191489361702128	0.7850877192982456	0.7417840375586855	0.7746478873239436	0.7584541062801933	0.7831858407079646	0.7889908256880734	0.7489711934156379	0.7758620689655172	0.8122270742358079	0.7842323651452282	0.7913043478260869	0.7903930131004366	0.8452380952380952	0.831858407079646	0.8755364806866953	0.8165137614678899	0.8061674008810573	0.7906976744186046	0.7920792079207921	0.7972972972972973	0.7820069204152249	0.7728937728937729	0.8458498023715415	0.7926421404682275	0.8013029315960912	0.7966804979253111	0.75	0.7651821862348178	0.8127659574468085	0.8447653429602888	0.8604651162790697	0.8273092369477911	0.7248908296943232	0.7631578947368421	0.7292576419213974	0.8009708737864077	0.7605633802816901	0.7761904761904762	0.8671875	0.7695652173913043	0.7734375	0.77734375	0.793859649122807	0.7970297029702971	0.8214285714285714	0.8333333333333334	0.755868544600939	0.7824427480916031	0.8061224489795918	0.7719298245614035	0.8117154811715481	0.8228346456692913	0.8257839721254355	0.8214285714285714	0.776824034334764	0.8118081180811808	0.7798507462686567	0.781021897810219	0.7357723577235772	0.7433628318584071	0.7887931034482759	0.75	0.7422222222222222	0.7096774193548387	0.7705627705627706	0.757085020242915	0.7857142857142857	0.7701863354037267	0.768976897689769	0.7831715210355987	0.8	0.7570093457943925	0.8373205741626795	0.8125	0.3865979381443299	0.0	0.4418604651162791	0.803921568627451	0.8095238095238095	0.7881773399014779	0.7616822429906542	0.8317152103559871	0.7850467289719626	0.8107142857142857	0.8377358490566038
SRR19621226	0.8648648648648649	0.8864628820960698	0.8636363636363636	0.7657142857142857	0.7386934673366834	0.7551020408163265	0.7365591397849462	0.8093385214007782	0.8559322033898306	0.8	0.7344632768361582	0.8377358490566038	0.872093023255814	0.8315789473684211	0.7612903225806451	0.765	0.7783018867924528	0.7723214285714286	0.792	0.7860262008733624	0.8801652892561983	0.7916666666666666	0.8755186721991701	0.8053097345132744	0.8725490196078431	0.8263157894736842	0.8010204081632653	0.8181818181818182	0.7931034482758621	0.8076923076923077	0.6914893617021277	0.685	0.7868020304568528	0.6931818181818182	0.7471910112359551	0.7413793103448276	0.7969543147208121	0.7849462365591398	0.7511737089201878	0.7761194029850746	0.8061224489795918	0.8028169014084507	0.7939698492462312	0.7680412371134021	0.8705357142857143	0.8527918781725888	0.896551724137931	0.7978142076502732	0.7927461139896373	0.7802197802197802	0.8115942028985508	0.8134328358208955	0.8060836501901141	0.7877551020408163	0.8558558558558559	0.8037037037037037	0.7956204379562044	0.8113207547169812	0.7523364485981309	0.7581395348837209	0.8186274509803921	0.8629032258064516	0.8820960698689956	0.8186046511627907	0.736318407960199	0.7738693467336684	0.7536945812807881	0.791907514450867	0.7849462365591398	0.776536312849162	0.8545454545454545	0.75	0.8154506437768241	0.793859649122807	0.7846153846153846	0.7797619047619048	0.8105263157894737	0.7878787878787878	0.772972972972973	0.7729257641921398	0.8233082706766918	0.7906976744186046	0.8115942028985508	0.8552631578947368	0.8365758754863813	0.8167539267015707	0.7587939698492462	0.8264462809917356	0.7958333333333333	0.8016194331983806	0.7183098591549296	0.7384615384615385	0.7474226804123711	0.7813953488372093	0.7105263157894737	0.7395833333333334	0.751269035532995	0.7603686635944701	0.7875647668393783	0.7697594501718213	0.7818181818181819	0.7928571428571428	0.8163265306122449	0.7472527472527473	0.8418079096045198	0.8367346938775511	0.42857142857142855	0.4418604651162791	0.0	0.788235294117647	0.7674418604651163	0.7692307692307693	0.7247191011235955	0.8464285714285714	0.7934782608695652	0.82	0.8157894736842105
SRR19621227	0.8823529411764706	0.9	0.8590909090909091	0.7692307692307693	0.8358974358974359	0.8235294117647058	0.8146067415730337	0.8582995951417004	0.8767123287671232	0.851063829787234	0.7577639751552795	0.9118773946360154	0.9146341463414634	0.8964285714285715	0.7555555555555555	0.8385416666666666	0.8701923076923077	0.8642533936651584	0.8790322580645161	0.8506787330316742	0.8873873873873874	0.7906976744186046	0.9022222222222223	0.8115942028985508	0.8295454545454546	0.7865853658536586	0.7732558139534884	0.7914110429447853	0.76	0.7861635220125787	0.8	0.7989949748743719	0.7572254335260116	0.7738095238095238	0.732484076433121	0.75	0.842391304347826	0.8117647058823529	0.8421052631578947	0.84375	0.8586956521739131	0.8676470588235294	0.875	0.7714285714285715	0.8195876288659794	0.8117647058823529	0.8888888888888888	0.8048780487804879	0.8125	0.8143712574850299	0.8698884758364313	0.8515625	0.8671875	0.8382978723404255	0.8725490196078431	0.85	0.862453531598513	0.8307692307692308	0.8373205741626795	0.8317307692307693	0.8518518518518519	0.8879310344827587	0.8514851485148515	0.826530612244898	0.8144329896907216	0.8172043010752689	0.8256410256410256	0.7828947368421053	0.7453416149068323	0.7658227848101266	0.8768472906403941	0.824468085106383	0.8440366972477065	0.8538812785388128	0.7758620689655172	0.7602739726027398	0.7904191616766467	0.8344370860927153	0.7916666666666666	0.8264840182648402	0.87109375	0.8433734939759037	0.7934782608695652	0.803030303030303	0.8775510204081632	0.7757575757575758	0.844559585492228	0.8596491228070176	0.8626609442060086	0.8666666666666667	0.8028846153846154	0.7734806629834254	0.7967032967032966	0.8217821782178217	0.751412429378531	0.7821229050279329	0.8064516129032258	0.7931034482758621	0.8268156424581006	0.8561643835616438	0.8438661710037175	0.8623188405797102	0.8248587570621468	0.7784431137724551	0.8616352201257862	0.847457627118644	0.775609756097561	0.803921568627451	0.788235294117647	0.0	0.4067796610169492	0.4	0.7916666666666666	0.8925925925925926	0.7777777777777778	0.8565400843881856	0.8715596330275229
SRR19621228	0.8695652173913043	0.8925233644859814	0.8678414096916299	0.7547169811320755	0.7989690721649485	0.8042328042328042	0.7944444444444444	0.848	0.8699551569506726	0.837696335078534	0.7125	0.8973384030418251	0.9036144578313253	0.8829787234042553	0.7832167832167832	0.8072916666666666	0.8413461538461539	0.8264840182648402	0.8548387096774194	0.8181818181818182	0.8805309734513275	0.797752808988764	0.8805309734513275	0.822429906542056	0.8287292817679558	0.8011695906432749	0.8011049723756906	0.7916666666666666	0.7612903225806451	0.7791411042944786	0.7675675675675676	0.7435897435897436	0.7584269662921348	0.7380952380952381	0.7345679012345679	0.7592592592592593	0.8225806451612904	0.8114285714285714	0.8019323671497585	0.8247422680412371	0.851063829787234	0.8439024390243902	0.8556701030927835	0.7790055248618785	0.8480392156862745	0.8248587570621468	0.8983957219251337	0.7375	0.764367816091954	0.7636363636363637	0.8432835820895522	0.8326848249027238	0.84375	0.8227848101265823	0.8708133971291866	0.8269230769230769	0.8487084870848709	0.83	0.7912621359223301	0.7971014492753623	0.8564102564102564	0.8860759493670886	0.861244019138756	0.8374384236453202	0.7897435897435897	0.8042328042328042	0.8010204081632653	0.7834394904458599	0.7544910179640718	0.7964071856287425	0.8803827751196173	0.798941798941799	0.8482142857142857	0.8526785714285714	0.776536312849162	0.7697368421052632	0.783625730994152	0.8258064516129032	0.7848837209302325	0.7990867579908676	0.8565891472868217	0.824	0.7936507936507936	0.8029556650246306	0.8577235772357723	0.783625730994152	0.8492462311557789	0.8680851063829788	0.8613445378151261	0.8559670781893004	0.7857142857142857	0.7807486631016043	0.7837837837837838	0.8269230769230769	0.786096256684492	0.7692307692307693	0.7872340425531915	0.7635467980295566	0.7932960893854749	0.8395904436860068	0.8127340823970037	0.8530465949820788	0.8241758241758241	0.75	0.8734939759036144	0.8333333333333334	0.7703349282296651	0.8095238095238095	0.7674418604651163	0.4067796610169492	0.0	0.46774193548387094	0.7848837209302325	0.8745387453874539	0.7857142857142857	0.8312236286919831	0.8333333333333334
SRR19621229	0.8613861386138614	0.8957345971563981	0.85	0.7643312101910829	0.8072916666666666	0.8	0.7966101694915254	0.831275720164609	0.867579908675799	0.8216216216216217	0.7295597484276729	0.8871595330739299	0.8791666666666667	0.8772563176895307	0.7218045112781954	0.8031914893617021	0.8325123152709359	0.8177570093457944	0.8235294117647058	0.8093023255813954	0.8525345622119815	0.7931034482758621	0.8834080717488789	0.8019323671497585	0.8248587570621468	0.7668711656441718	0.7543859649122807	0.7639751552795031	0.7034482758620689	0.7337662337662337	0.7624309392265194	0.7889447236180904	0.7235294117647059	0.7544910179640718	0.6862745098039216	0.695364238410596	0.825136612021858	0.8208092485549133	0.821256038647343	0.8021390374331551	0.8351648351648352	0.8291457286432161	0.8404255319148937	0.7528735632183908	0.7842105263157895	0.7636363636363637	0.8522727272727273	0.7926829268292683	0.7942857142857143	0.7804878048780488	0.8409090909090909	0.8300395256916996	0.859375	0.8297872340425532	0.845771144278607	0.8378378378378378	0.8550185873605948	0.8144329896907216	0.8221153846153846	0.8164251207729468	0.8351063829787234	0.8596491228070176	0.8529411764705882	0.7853403141361257	0.7853403141361257	0.7868852459016393	0.796875	0.7935483870967742	0.725	0.7452229299363057	0.8557213930348259	0.7880434782608695	0.8075117370892019	0.8287037037037037	0.75	0.7379310344827587	0.7407407407407407	0.7891156462585034	0.8081395348837209	0.8064516129032258	0.8543307086614174	0.84	0.7486033519553073	0.7868020304568528	0.8647540983606558	0.7560975609756098	0.8095238095238095	0.8251121076233184	0.8185840707964602	0.8438818565400844	0.7635467980295566	0.7624309392265194	0.7653631284916201	0.8	0.7401129943502824	0.75	0.7692307692307693	0.7711442786069652	0.7954545454545454	0.8413793103448276	0.8364312267657993	0.8467153284671532	0.7931034482758621	0.7283950617283951	0.8116883116883117	0.8092485549132948	0.7658536585365854	0.7881773399014779	0.7692307692307693	0.4	0.46774193548387094	0.0	0.7797619047619048	0.8768656716417911	0.7341772151898734	0.8481012658227848	0.867579908675799
SRR19621230	0.8028846153846154	0.8493150684931506	0.8225108225108225	0.5	0.7282051282051282	0.7382198952879581	0.7252747252747253	0.7682926829268293	0.7918552036199095	0.7526315789473684	0.7225433526011561	0.8446969696969697	0.8433734939759037	0.8172043010752689	0.7315436241610739	0.7487179487179487	0.751219512195122	0.7692307692307693	0.7991967871485943	0.7612612612612613	0.8193832599118943	0.7134831460674157	0.8296943231441049	0.7638888888888888	0.8238341968911918	0.7570621468926554	0.73224043715847	0.7398843930635838	0.7454545454545455	0.7558139534883721	0.7005347593582888	0.6934673366834171	0.7032967032967034	0.6878612716763006	0.7428571428571429	0.7514450867052023	0.774869109947644	0.7611111111111111	0.7824074074074074	0.7602040816326531	0.7377049180327869	0.7272727272727273	0.7393617021276596	0.7103825136612022	0.7562189054726368	0.7679558011049724	0.8306878306878307	0.7808988764044944	0.7958115183246073	0.7833333333333333	0.7962962962962963	0.7884615384615384	0.7945736434108527	0.7901234567901234	0.8104265402843602	0.8059701492537313	0.8109090909090909	0.7794117647058824	0.783410138248848	0.8	0.7473684210526316	0.7763157894736842	0.8066037735849056	0.7323232323232324	0.7323232323232324	0.7512953367875648	0.7309644670050761	0.8092485549132948	0.7541899441340782	0.7796610169491526	0.8199052132701422	0.7329842931937173	0.7866666666666666	0.7579908675799086	0.7619047619047619	0.7530864197530864	0.7611111111111111	0.7290322580645161	0.72	0.7420814479638009	0.8389513108614233	0.7976653696498055	0.7474226804123711	0.7830188679245284	0.8482490272373541	0.7257142857142858	0.708994708994709	0.7729257641921398	0.7672413793103449	0.8232931726907631	0.7383177570093458	0.7142857142857143	0.7564766839378239	0.7178217821782178	0.6847826086956522	0.7081081081081081	0.7142857142857143	0.7211538461538461	0.7377049180327869	0.8360655737704918	0.8432055749128919	0.8120567375886525	0.7554347826086957	0.7288135593220338	0.7757575757575758	0.7837837837837838	0.7348837209302326	0.7616822429906542	0.7247191011235955	0.7916666666666666	0.7848837209302325	0.7797619047619048	0.0	0.6440677966101694	0.7556818181818182	0.832	0.8289473684210527
SRR19621231	0.8184931506849316	0.8552631578947368	0.8641975308641975	0.7231404958677686	0.8299319727891157	0.8537414965986394	0.8409893992932862	0.8053892215568862	0.8365384615384616	0.8274647887323944	0.8388278388278388	0.8410404624277457	0.8605341246290801	0.8328767123287671	0.8508064516129032	0.8194444444444444	0.8067796610169492	0.8051948051948052	0.8208955223880597	0.8184713375796179	0.8295819935691319	0.8051470588235294	0.8220064724919094	0.8137254901960784	0.8586572438162544	0.8467153284671532	0.8368794326241135	0.8498168498168498	0.8522727272727273	0.8518518518518519	0.8146853146853147	0.8053691275167785	0.8100358422939068	0.8211678832116789	0.8424908424908425	0.8444444444444444	0.8256227758007118	0.8315018315018315	0.853035143769968	0.8229166666666666	0.8321428571428572	0.8243243243243243	0.8315789473684211	0.8185053380782918	0.842809364548495	0.8272058823529411	0.8678571428571429	0.8700361010830325	0.8601398601398601	0.8586956521739131	0.8402203856749312	0.8422535211267606	0.8404558404558404	0.8461538461538461	0.8547854785478548	0.8664850136239782	0.8598382749326146	0.826530612244898	0.8498402555910544	0.8643533123028391	0.8028673835125448	0.8132911392405063	0.8668831168831169	0.8355704697986577	0.8197278911564626	0.8257839721254355	0.8191126279863481	0.8773234200743495	0.8442028985507246	0.8444444444444444	0.8538205980066446	0.8263888888888888	0.8173076923076923	0.8090614886731392	0.833922261484099	0.8494208494208494	0.8483754512635379	0.841897233201581	0.8278388278388278	0.8238993710691824	0.8498583569405099	0.839541547277937	0.8310344827586207	0.82	0.88	0.8185185185185185	0.8028169014084507	0.8328173374613003	0.80625	0.8592375366568915	0.8231511254019293	0.818815331010453	0.845360824742268	0.7925170068027211	0.8140350877192982	0.7906137184115524	0.818815331010453	0.8092105263157895	0.8279569892473119	0.8639798488664987	0.8766404199475065	0.868766404199475	0.8556338028169014	0.8284671532846716	0.8712121212121212	0.8576512455516014	0.8242811501597445	0.8317152103559871	0.8464285714285714	0.8925925925925926	0.8745387453874539	0.8768656716417911	0.6440677966101694	0.0	0.8419117647058824	0.8753623188405797	0.8865030674846626
SRR19621232	0.8097560975609757	0.8457943925233645	0.8185840707964602	0.783625730994152	0.7727272727272727	0.7578947368421053	0.7595628415300546	0.8127490039840638	0.8458149779735683	0.8282828282828283	0.5405405405405406	0.8416988416988417	0.8401639344262295	0.8475177304964538	0.7482993197278912	0.8109452736318408	0.8104265402843602	0.7808219178082192	0.8048780487804879	0.7892376681614349	0.8565217391304348	0.7624309392265194	0.885593220338983	0.8198198198198198	0.84375	0.7921348314606742	0.7663043478260869	0.7758620689655172	0.7215189873417721	0.7633136094674556	0.7272727272727273	0.7681159420289855	0.7445652173913043	0.7314285714285714	0.764367816091954	0.7588235294117647	0.8434343434343434	0.8216216216216217	0.8110599078341014	0.797979797979798	0.841025641025641	0.8457943925233645	0.8282828282828283	0.7445652173913043	0.8048780487804879	0.8087431693989071	0.8808290155440415	0.8089887640449438	0.7903225806451613	0.7771428571428571	0.8104089219330854	0.8212927756653993	0.823076923076923	0.8252032520325203	0.8767123287671232	0.8419117647058824	0.8333333333333334	0.8436018957345972	0.8227272727272728	0.8227272727272728	0.8051282051282052	0.8389830508474576	0.8778280542986425	0.7941176470588235	0.77	0.7578947368421053	0.7810945273631841	0.7818181818181819	0.768361581920904	0.7873563218390804	0.8858447488584474	0.746031746031746	0.7818181818181819	0.7808219178082192	0.7486338797814208	0.7531645569620253	0.7613636363636364	0.8148148148148148	0.7833333333333333	0.8232758620689655	0.8533834586466166	0.8307692307692308	0.7731958762886598	0.7836538461538461	0.836	0.7888888888888889	0.7929292929292929	0.7894736842105263	0.7835497835497836	0.819672131147541	0.755868544600939	0.6994535519125683	0.75	0.7425742574257426	0.7189189189189189	0.7351351351351352	0.7794871794871795	0.7746478873239436	0.7783783783783784	0.8372093023255814	0.8362989323843416	0.8380281690140845	0.8148148148148148	0.4722222222222222	0.847953216374269	0.8297872340425532	0.7808219178082192	0.7850467289719626	0.7934782608695652	0.7777777777777778	0.7857142857142857	0.7341772151898734	0.7556818181818182	0.8419117647058824	0.0	0.8333333333333334	0.8407079646017699
SRR19621233	0.8388278388278388	0.8530465949820788	0.8435374149659864	0.8436213991769548	0.7509881422924901	0.7439024390243902	0.7704918032786885	0.8442367601246106	0.8943894389438944	0.8446969696969697	0.8057851239669421	0.7810457516339869	0.7972972972972973	0.7791411042944786	0.8728070175438597	0.8181818181818182	0.8260869565217391	0.7813620071684588	0.8045602605863192	0.7922535211267606	0.9090909090909091	0.879245283018868	0.8874172185430463	0.8605442176870748	0.9154411764705882	0.8616600790513834	0.8805970149253731	0.8695652173913043	0.8636363636363636	0.8582995951417004	0.7755905511811023	0.7851851851851852	0.8656716417910447	0.8008130081300813	0.8616600790513834	0.8685258964143426	0.8978102189781022	0.8977272727272727	0.7875457875457875	0.8038461538461539	0.8716981132075472	0.8571428571428571	0.8576779026217228	0.8698884758364313	0.8958333333333334	0.8893129770992366	0.9375	0.8779527559055118	0.8838951310861424	0.87890625	0.7484076433121019	0.7645161290322581	0.7408637873754153	0.7687074829931972	0.9222972972972973	0.7643312101910829	0.7732919254658385	0.903114186851211	0.7927272727272727	0.7927272727272727	0.9032258064516129	0.9122257053291536	0.9228187919463087	0.9149659863945578	0.7777777777777778	0.7834645669291339	0.7722007722007722	0.8906882591093117	0.8850574712643678	0.8818897637795275	0.9290540540540541	0.8389513108614233	0.8595317725752508	0.8153310104529616	0.8517110266159695	0.8362068965517241	0.8543307086614174	0.8818565400843882	0.8503937007874016	0.8766233766233766	0.8037974683544303	0.7799352750809061	0.8853046594982079	0.891156462585034	0.451063829787234	0.8764478764478765	0.7906976744186046	0.8443708609271523	0.82	0.8006644518272426	0.7664233576642335	0.7755905511811023	0.8015564202334631	0.8109090909090909	0.7937743190661478	0.8146718146718147	0.8395522388059702	0.8402777777777778	0.8274509803921568	0.7774566473988439	0.7577639751552795	0.7638036809815951	0.895910780669145	0.7892561983471075	0.9285714285714286	0.9107806691449815	0.8070175438596491	0.8107142857142857	0.82	0.8565400843881856	0.8312236286919831	0.8481012658227848	0.832	0.8753623188405797	0.8333333333333334	0.0	0.537117903930131
SRR19621234	0.8503937007874016	0.8653846153846154	0.8461538461538461	0.852017937219731	0.7721518987341772	0.7863247863247863	0.793859649122807	0.8802588996763754	0.9084507042253521	0.8617886178861789	0.8214285714285714	0.8163265306122449	0.8303886925795053	0.8121019108280255	0.8682926829268293	0.8189300411522634	0.8181818181818182	0.8333333333333334	0.8287671232876712	0.8265682656826568	0.9275862068965517	0.8806584362139918	0.9087719298245615	0.8848920863309353	0.937007874015748	0.885593220338983	0.8955823293172691	0.875	0.8532110091743119	0.8628318584070797	0.7932489451476793	0.7782258064516129	0.884	0.8105726872246696	0.8565217391304348	0.868995633187773	0.9007936507936508	0.9098360655737705	0.776	0.8083333333333333	0.8816326530612245	0.8697318007662835	0.88	0.8704453441295547	0.9067164179104478	0.9053497942386831	0.9482071713147411	0.8546255506607929	0.8577405857740585	0.8508771929824561	0.7774086378737541	0.7864406779661017	0.7578947368421053	0.7789855072463768	0.9386281588447654	0.7694915254237288	0.7748344370860927	0.9144981412639405	0.772	0.7768924302788844	0.9233716475095786	0.9337748344370861	0.9390681003584229	0.915129151291513	0.8097165991902834	0.8215767634854771	0.7942386831275721	0.8883928571428571	0.8962655601659751	0.8978723404255319	0.9420289855072463	0.8554216867469879	0.8754448398576512	0.8419117647058824	0.8739837398373984	0.8709677419354839	0.8823529411764706	0.8837209302325582	0.8589743589743589	0.8776223776223776	0.8426229508196721	0.8148148148148148	0.8871595330739299	0.9014598540145985	0.5815899581589958	0.8776371308016878	0.8140495867768595	0.8788927335640139	0.8576388888888888	0.8413793103448276	0.8143939393939394	0.8083333333333333	0.8353909465020576	0.8203125	0.8174273858921162	0.8200836820083682	0.8467741935483871	0.8383458646616542	0.8240343347639485	0.7828746177370031	0.7664473684210527	0.7766990291262136	0.9076305220883534	0.8193832599118943	0.9301310043668122	0.9149797570850202	0.7977099236641222	0.8377358490566038	0.8157894736842105	0.8715596330275229	0.8333333333333334	0.867579908675799	0.8289473684210527	0.8865030674846626	0.8407079646017699	0.537117903930131	0.0
