	SRR19621115	SRR19621116	SRR19621117	SRR19621118	SRR19621119	SRR19621120	SRR19621121	SRR19621125	SRR19621126	SRR19621127	SRR19621128	SRR19621129	SRR19621130	SRR19621131	SRR19621132	SRR19621133	SRR19621134	SRR19621135	SRR19621136	SRR19621137	SRR19621138	SRR19621139	SRR19621140	SRR19621141	SRR19621142	SRR19621143	SRR19621144	SRR19621145	SRR19621146	SRR19621147	SRR19621148	SRR19621149	SRR19621150	SRR19621151	SRR19621152	SRR19621153	SRR19621154	SRR19621155	SRR19621156	SRR19621157	SRR19621158	SRR19621159	SRR19621160	SRR19621161	SRR19621162	SRR19621163	SRR19621164	SRR19621165	SRR19621166	SRR19621167	SRR19621168	SRR19621169	SRR19621170	SRR19621171	SRR19621172	SRR19621173	SRR19621174	SRR19621175	SRR19621176	SRR19621177	SRR19621178	SRR19621179	SRR19621180	SRR19621181	SRR19621182	SRR19621183	SRR19621184	SRR19621185	SRR19621186	SRR19621187	SRR19621188	SRR19621189	SRR19621190	SRR19621191	SRR19621192	SRR19621193	SRR19621194	SRR19621195	SRR19621196	SRR19621197	SRR19621198	SRR19621199	SRR19621200	SRR19621201	SRR19621202	SRR19621203	SRR19621204	SRR19621205	SRR19621206	SRR19621207	SRR19621208	SRR19621209	SRR19621210	SRR19621211	SRR19621212	SRR19621213	SRR19621214	SRR19621215	SRR19621216	SRR19621217	SRR19621218	SRR19621219	SRR19621220	SRR19621221	SRR19621222	SRR19621223	SRR19621224	SRR19621225	SRR19621226	SRR19621227	SRR19621228	SRR19621229	SRR19621230	SRR19621231	SRR19621232	SRR19621233	SRR19621234
SRR19621115	0	0.2859988808631897	0.4192403852939606	0.72354656457901	0.5688256621360779	0.606272280216217	0.6043838262557983	0.5771399140357971	0.6095237135887146	0.612087607383728	0.6770107746124268	0.5659230351448059	0.586931049823761	0.5914125442504883	0.6695285439491272	0.5390713810920715	0.4968684315681458	0.5958972573280334	0.5900446772575378	0.5825091004371643	0.5646044015884399	0.7329623103141785	0.5387898683547974	0.5789950489997864	0.6287404298782349	0.6407985091209412	0.643238365650177	0.5882338881492615	0.6153203248977661	0.5933834314346313	0.5862845182418823	0.5921322703361511	0.6990415453910828	0.6111786365509033	0.616402268409729	0.6242489814758301	0.6565815210342407	0.656017541885376	0.571985125541687	0.5184992551803589	0.6166136264801025	0.6460554003715515	0.6223441958427429	0.7045710682868958	0.5511865615844727	0.5717217326164246	0.5453445911407471	0.6833632588386536	0.6771501302719116	0.6623751521110535	0.5770071148872375	0.5935661196708679	0.5868874192237854	0.6150516271591187	0.6717407703399658	0.6264280676841736	0.6351270079612732	0.6553859114646912	0.5805806517601013	0.5763312578201294	0.6102620363235474	0.5996628999710083	0.6900085210800171	0.6231952309608459	0.6646480560302734	0.6464641094207764	0.6493554711341858	0.7050016522407532	0.6608404517173767	0.6579284071922302	0.7061843276023865	0.6768757700920105	0.552251935005188	0.5375558733940125	0.6691901087760925	0.6892806887626648	0.7034465074539185	0.6894257068634033	0.7029814720153809	0.6784659028053284	0.6573779582977295	0.650279700756073	0.6533816456794739	0.616888165473938	0.6086702942848206	0.6581328511238098	0.6283910274505615	0.6238746047019958	0.5841278433799744	0.6171437501907349	0.6016232967376709	0.6358785629272461	0.6910485029220581	0.511561393737793	0.5435211658477783	0.5624170899391174	0.5720231533050537	0.5455982685089111	0.5549116134643555	0.6010509729385376	0.6309384107589722	0.5843342542648315	0.6358404755592346	0.6503068208694458	0.6869204044342041	0.5826850533485413	0.6287506818771362	0.5991144776344299	0.6310844421386719	0.716501772403717	0.7262636423110962	0.6677752137184143	0.5923287868499756	0.7385508418083191	0.632131814956665	0.6042636036872864	0.5883432030677795
SRR19621116	0.2859988808631897	0	0.4599775075912476	0.7565081715583801	0.5966513752937317	0.6350893974304199	0.6086153984069824	0.616049587726593	0.6002020239830017	0.6439993977546692	0.7128403782844543	0.591331958770752	0.5899688601493835	0.6145525574684143	0.7064523696899414	0.5780797004699707	0.5389085412025452	0.6097288131713867	0.608603298664093	0.6008018851280212	0.5761363506317139	0.7572305798530579	0.5641453862190247	0.5885152816772461	0.6517590880393982	0.6712881326675415	0.6482818126678467	0.6358264088630676	0.6590641736984253	0.6361867189407349	0.6326912641525269	0.639215350151062	0.733941376209259	0.6319754719734192	0.635695219039917	0.6673170924186707	0.6841554641723633	0.6904768943786621	0.6009135246276855	0.558946967124939	0.6545636653900146	0.6665648221969604	0.6660186052322388	0.741375207901001	0.5993372201919556	0.6169722080230713	0.5634379982948303	0.7165539264678955	0.7010286450386047	0.686786949634552	0.6160206198692322	0.6175419688224792	0.6208299398422241	0.6495224833488464	0.7016855478286743	0.6474471688270569	0.659127950668335	0.6919731497764587	0.6091590523719788	0.6059775352478027	0.6371168494224548	0.6330485939979553	0.7145313620567322	0.6409720778465271	0.6812494397163391	0.6738813519477844	0.6765129566192627	0.7258157134056091	0.696937620639801	0.6972008347511292	0.7333276867866516	0.6945791244506836	0.583298921585083	0.5714007616043091	0.6971816420555115	0.7171638011932373	0.7351943254470825	0.7111561298370361	0.7336577773094177	0.706689715385437	0.6652166843414307	0.6689003109931946	0.6640819907188416	0.6295252442359924	0.6370556950569153	0.6753109097480774	0.6522029638290405	0.6234782338142395	0.598260223865509	0.6060197353363037	0.6322636008262634	0.6795169711112976	0.725759744644165	0.5547652840614319	0.5755605697631836	0.6163495779037476	0.5864747166633606	0.5887193083763123	0.6082296967506409	0.6154911518096924	0.6412566304206848	0.6062279343605042	0.643176257610321	0.6855369210243225	0.7163787484169006	0.5874626636505127	0.64540034532547	0.6180405020713806	0.6686926484107971	0.7366521954536438	0.7526189088821411	0.6862396001815796	0.638517439365387	0.7616461515426636	0.6496530771255493	0.6284520626068115	0.617519736289978
SRR19621117	0.4192403852939606	0.4599775075912476	0	0.7417856454849243	0.5932186841964722	0.6158461570739746	0.5856064558029175	0.6344820261001587	0.6541768312454224	0.6679450869560242	0.6910675764083862	0.6207257509231567	0.6385067105293274	0.6305984258651733	0.7005130052566528	0.5876930952072144	0.5618478059768677	0.6282018423080444	0.620873749256134	0.617048442363739	0.6298788189888	0.7298501133918762	0.6128199100494385	0.6057590246200562	0.6597391963005066	0.6379073262214661	0.6341173052787781	0.6468722224235535	0.6495428085327148	0.6399626731872559	0.6079092621803284	0.6145505309104919	0.6933442950248718	0.6272491216659546	0.6338987350463867	0.64756178855896	0.6737119555473328	0.6677346229553223	0.602130651473999	0.584263026714325	0.6736887693405151	0.7063146233558655	0.6780673861503601	0.6897946000099182	0.5814468860626221	0.6235318779945374	0.5987445116043091	0.673713743686676	0.6720646619796753	0.6551362872123718	0.6112781763076782	0.616094708442688	0.6216972470283508	0.6411773562431335	0.7054228186607361	0.6613281965255737	0.6633689403533936	0.6609286069869995	0.6130769848823547	0.6015285849571228	0.6752055883407593	0.6582086682319641	0.7168005108833313	0.6299775838851929	0.6715641021728516	0.6835633516311646	0.6727641224861145	0.6935803890228271	0.6606708765029907	0.6546475887298584	0.7201577425003052	0.6644566655158997	0.6061893105506897	0.5972108244895935	0.6626793146133423	0.7038996815681458	0.7088986039161682	0.6914485096931458	0.7100380659103394	0.6807606816291809	0.6741936206817627	0.6719233989715576	0.6254119873046875	0.6392911076545715	0.6267659664154053	0.7005120515823364	0.6462655663490295	0.6292718052864075	0.5988263487815857	0.6208745837211609	0.5991230010986328	0.6631741523742676	0.6890630722045898	0.5427308678627014	0.5731837749481201	0.6157047152519226	0.5854365229606628	0.5490320920944214	0.5749698877334595	0.6188907027244568	0.6583681702613831	0.6225884556770325	0.6338305473327637	0.6556533575057983	0.6891442537307739	0.576262354850769	0.6252631545066833	0.6071673035621643	0.6319301128387451	0.7224065065383911	0.7434884309768677	0.6740700602531433	0.6101198792457581	0.7639539241790771	0.6374750733375549	0.6257040500640869	0.6013402342796326
SRR19621118	0.72354656457901	0.7565081715583801	0.7417856454849243	0	0.6550248265266418	0.6289143562316895	0.6294988989830017	0.7048653960227966	0.7375690340995789	0.6541942358016968	0.6136210560798645	0.7559678554534912	0.7603508234024048	0.7362363338470459	0.5371341109275818	0.6517125368118286	0.6670132279396057	0.6629959940910339	0.6943109631538391	0.6726589798927307	0.7008213400840759	0.6380298137664795	0.6976626515388489	0.6290792226791382	0.6681952476501465	0.6244353652000427	0.627855122089386	0.5967314839363098	0.5806239247322083	0.5708202719688416	0.5991636514663696	0.5919857621192932	0.6268596053123474	0.5746895670890808	0.5694674849510193	0.5916996002197266	0.5668398141860962	0.5913559198379517	0.6784909963607788	0.6787105798721313	0.5951100587844849	0.5771333575248718	0.644733726978302	0.5746414065361023	0.6511946320533752	0.6467348337173462	0.7029532194137573	0.5710706114768982	0.5622372031211853	0.5379687547683716	0.7220818996429443	0.7113272547721863	0.7103487253189087	0.7173120379447937	0.6833773851394653	0.7297112345695496	0.7321484088897705	0.5856716632843018	0.6908324956893921	0.6817921996116638	0.6385635733604431	0.6933048367500305	0.7031961679458618	0.5840985774993896	0.6475186944007874	0.7035902738571167	0.6704903244972229	0.6893688440322876	0.6547586917877197	0.6578530669212341	0.7199723720550537	0.5986940860748291	0.7164251208305359	0.6932964324951172	0.5913450717926025	0.5546355843544006	0.5779372453689575	0.6188724040985107	0.5749163627624512	0.6496005654335022	0.7425796985626221	0.702067494392395	0.5976736545562744	0.6742576360702515	0.7398463487625122	0.6302900910377502	0.67037034034729	0.7328386902809143	0.6753978133201599	0.7099679112434387	0.6261583566665649	0.6579796075820923	0.6673544049263	0.6225470304489136	0.5966984033584595	0.594266951084137	0.5798001885414124	0.584481418132782	0.5676135420799255	0.7311544418334961	0.7385875582695007	0.7270204424858093	0.5792447924613953	0.6376124620437622	0.5829519033432007	0.642457902431488	0.6151296496391296	0.6559992432594299	0.6134421229362488	0.5711053013801575	0.564928412437439	0.5689959526062012	0.4355169236660004	0.7424793243408203	0.6406644582748413	0.7422395348548889	0.7316949963569641
SRR19621119	0.5688256621360779	0.5966513752937317	0.5932186841964722	0.6550248265266418	0	0.3432276844978333	0.4074091911315918	0.5430091619491577	0.6232792139053345	0.5488802194595337	0.5896854996681213	0.5741586685180664	0.6086867451667786	0.5873755812644958	0.6338954567909241	0.5086913108825684	0.480711042881012	0.4787008464336395	0.5019432902336121	0.4870718121528625	0.6097247004508972	0.6623435616493225	0.613792359828949	0.5626720786094666	0.6416797041893005	0.6170216202735901	0.6400794982910156	0.5926023125648499	0.6252796649932861	0.5912905335426331	0.4994913339614868	0.4722040295600891	0.6324422359466553	0.4902935922145844	0.5881153345108032	0.5721773505210876	0.6271363496780396	0.609783411026001	0.5008646249771118	0.5236339569091797	0.5866140723228455	0.619248628616333	0.6087037324905396	0.5791237354278564	0.5930794477462769	0.6073682904243469	0.6449708938598633	0.6475093960762024	0.6609060764312744	0.6477653980255127	0.5011932253837585	0.4544577300548553	0.4671677649021149	0.4927574992179871	0.681942880153656	0.5336397886276245	0.517438530921936	0.6058582663536072	0.5314422249794006	0.5201811790466309	0.5880499482154846	0.6277846693992615	0.7223247289657593	0.597402036190033	0.5350582599639893	0.5779039263725281	0.5596550107002258	0.677960216999054	0.6454229354858398	0.6467613577842712	0.7050104141235352	0.6091972589492798	0.5950056910514832	0.5690674185752869	0.5875640511512756	0.6381121277809143	0.6429426074028015	0.6594616174697876	0.6598789095878601	0.6347730159759521	0.6206091046333313	0.5645868182182312	0.6450992226600647	0.6715106964111328	0.5806310772895813	0.665286123752594	0.5157885551452637	0.5831567049026489	0.5294240713119507	0.5651364922523499	0.5668296217918396	0.5767514109611511	0.6264911293983459	0.5258293747901917	0.4817038476467133	0.5337692499160767	0.583183228969574	0.5539710521697998	0.5549690127372742	0.5484857559204102	0.5543577075004578	0.5514028072357178	0.6437656879425049	0.6036892533302307	0.6916539669036865	0.5874907970428467	0.5360063314437866	0.5366543531417847	0.5147871375083923	0.6906288266181946	0.6888917088508606	0.6639110445976257	0.5525847673416138	0.7337355613708496	0.5998421907424927	0.564106285572052	0.5468771457672119
SRR19621120	0.606272280216217	0.6350893974304199	0.6158461570739746	0.6289143562316895	0.3432276844978333	0	0.4017779529094696	0.5957763195037842	0.6714135408401489	0.5879243016242981	0.5823985934257507	0.6387453675270081	0.661971390247345	0.6153205037117004	0.6019067764282227	0.579780638217926	0.5729662775993347	0.5266451239585876	0.555473268032074	0.5371367931365967	0.6401967406272888	0.650969922542572	0.650869607925415	0.6074037551879883	0.6350375413894653	0.5898197889328003	0.5529818534851074	0.5611258745193481	0.5811255574226379	0.5700325965881348	0.4923094511032104	0.4889553189277649	0.6275708079338074	0.4826229810714722	0.5711627006530762	0.5479864478111267	0.5667995810508728	0.568003237247467	0.5788766741752625	0.5963022112846375	0.5779775381088257	0.5817596316337585	0.5747138857841492	0.5650237798690796	0.661846935749054	0.6621646285057068	0.6927422881126404	0.6035870909690857	0.6094127893447876	0.5818712711334229	0.5369600653648376	0.5170740485191345	0.5214457511901855	0.5208249688148499	0.6852157711982727	0.5693172216415405	0.5789539217948914	0.5452008843421936	0.5993043184280396	0.5754063129425049	0.5493882298469543	0.6324396729469299	0.714695930480957	0.5681754350662231	0.5029383301734924	0.5618088841438293	0.5216980576515198	0.6458206176757812	0.623015820980072	0.610073447227478	0.7160555124282837	0.5805892944335938	0.6338984370231628	0.5916985869407654	0.6102868914604187	0.6136556267738342	0.6300274133682251	0.6348967552185059	0.6081808805465698	0.6299340128898621	0.6442946791648865	0.5573710799217224	0.6314786076545715	0.6621370911598206	0.6076076030731201	0.6693830490112305	0.5654153227806091	0.6237292885780334	0.5766808390617371	0.5595225095748901	0.5462020039558411	0.5593942403793335	0.5863565802574158	0.4980320632457733	0.506087601184845	0.4978293776512146	0.5550406575202942	0.5401942133903503	0.5456915497779846	0.5999367237091064	0.6177039742469788	0.5939995646476746	0.624717652797699	0.5816316604614258	0.6493242979049683	0.6429613828659058	0.5292180180549622	0.5066042542457581	0.4794290661811829	0.6560290455818176	0.6745635867118835	0.6574416756629944	0.5052584409713745	0.713628351688385	0.5877953171730042	0.5815607905387878	0.5947465896606445
SRR19621121	0.6043838262557983	0.6086153984069824	0.5856064558029175	0.6294988989830017	0.4074091911315918	0.4017779529094696	0	0.657749354839325	0.6937490105628967	0.6407800912857056	0.5638391971588135	0.6350012421607971	0.6600834727287292	0.6459168195724487	0.5987957715988159	0.5401228666305542	0.5296903848648071	0.5986633896827698	0.5965587496757507	0.5932050943374634	0.6917223930358887	0.6858161091804504	0.6760968565940857	0.6321059465408325	0.659859299659729	0.606031060218811	0.6300935745239258	0.5767278671264648	0.5920117497444153	0.5834425091743469	0.5049436688423157	0.5105832815170288	0.6335393190383911	0.497437596321106	0.5708321928977966	0.5812631845474243	0.6489434242248535	0.6385403871536255	0.5675681233406067	0.5412818789482117	0.5550230145454407	0.5869343876838684	0.5942680239677429	0.5914998054504395	0.6536988019943237	0.6798012256622314	0.7019453644752502	0.6140357255935669	0.6314108371734619	0.6081113815307617	0.5976494550704956	0.574590802192688	0.5764384865760803	0.6105950474739075	0.6902509331703186	0.6118731498718262	0.6161932945251465	0.6396501064300537	0.5799542665481567	0.5728583335876465	0.6089580059051514	0.6823524832725525	0.7279122471809387	0.5783795714378357	0.5516456961631775	0.5935574769973755	0.5619217157363892	0.6449633240699768	0.6161159873008728	0.6323011517524719	0.7355505228042603	0.5921274423599243	0.6768594980239868	0.6184076070785522	0.5854712128639221	0.6185832023620605	0.6375697255134583	0.6094138622283936	0.6751471161842346	0.6625521779060364	0.620836615562439	0.5771695375442505	0.6043310761451721	0.6424642205238342	0.6339813470840454	0.6511759161949158	0.6287273168563843	0.6527756452560425	0.6297912001609802	0.5492597818374634	0.4818777740001678	0.5604308247566223	0.5764539241790771	0.5329551696777344	0.5737539529800415	0.5460209250450134	0.5090060234069824	0.5059948563575745	0.4617057144641876	0.6127339601516724	0.6277418732643127	0.5975849032402039	0.584790050983429	0.5883565545082092	0.6600156426429749	0.6154640316963196	0.5009682774543762	0.5084546208381653	0.4862699210643768	0.6658276319503784	0.6555637121200562	0.5785691142082214	0.5000225901603699	0.7537429332733154	0.5886482000350952	0.6181451082229614	0.5967260003089905
SRR19621125	0.5771399140357971	0.616049587726593	0.6344820261001587	0.7048653960227966	0.5430091619491577	0.5957763195037842	0.657749354839325	0	0.3975033760070801	0.4544229805469513	0.6879281401634216	0.5648622512817383	0.5720821022987366	0.5826519131660461	0.7066798806190491	0.5898487567901611	0.5706897974014282	0.4489547908306122	0.4722909331321716	0.506253719329834	0.5340805053710938	0.6925777196884155	0.5128021240234375	0.5271803736686707	0.6603807210922241	0.693152904510498	0.6918284893035889	0.6692366600036621	0.6950449347496033	0.6567575931549072	0.6220656633377075	0.5846324563026428	0.6767592430114746	0.6311601996421814	0.6187853813171387	0.6421850919723511	0.5917738080024719	0.6152212023735046	0.5563850998878479	0.5673335194587708	0.6075558066368103	0.6136336922645569	0.588953971862793	0.6821384429931641	0.5797560214996338	0.6170602440834045	0.5987695455551147	0.6981309652328491	0.7082387804985046	0.695507824420929	0.5026144981384277	0.5251049399375916	0.5305365920066833	0.5306665897369385	0.6211279034614563	0.5242709517478943	0.5021673440933228	0.5975268483161926	0.533915102481842	0.5614215135574341	0.5771914124488831	0.6037739515304565	0.6485773324966431	0.6478772759437561	0.6170873641967773	0.6478703618049622	0.635038435459137	0.7096526026725769	0.6849769353866577	0.6446106433868408	0.6668336391448975	0.6654857993125916	0.5439892411231995	0.5596535205841064	0.6835478544235229	0.6965340375900269	0.7091296911239624	0.733551561832428	0.6925599575042725	0.6585280895233154	0.6098239421844482	0.5835363268852234	0.6477530002593994	0.6058498620986938	0.6546865701675415	0.6842953562736511	0.6001522541046143	0.595639169216156	0.5783241391181946	0.6041513085365295	0.6303049921989441	0.664438009262085	0.6985563039779663	0.5590715408325195	0.5543626546859741	0.588715136051178	0.6496070623397827	0.5808297991752625	0.6426188945770264	0.5613123178482056	0.5874423980712891	0.5554841160774231	0.6567166447639465	0.6507145166397095	0.7042645215988159	0.6178168058395386	0.5970730185508728	0.6060191988945007	0.6292198300361633	0.7327682971954346	0.7411574721336365	0.7376330494880676	0.6217775940895081	0.7103070616722107	0.6698101758956909	0.622140109539032	0.6425453424453735
SRR19621126	0.6095237135887146	0.6002020239830017	0.6541768312454224	0.7375690340995789	0.6232792139053345	0.6714135408401489	0.6937490105628967	0.3975033760070801	0	0.4849117696285248	0.7286138534545898	0.5629441738128662	0.51998370885849	0.6024702191352844	0.7283293604850769	0.607369065284729	0.5974575877189636	0.5268541574478149	0.5207363963127136	0.5614920854568481	0.5620413422584534	0.7172055244445801	0.5351929068565369	0.5879790782928467	0.7048566937446594	0.7130855321884155	0.7144420742988586	0.6857646703720093	0.7031304836273193	0.6723068952560425	0.6625252962112427	0.640446662902832	0.6863847374916077	0.6638156175613403	0.6539015769958496	0.6850377917289734	0.6355332732200623	0.6345212459564209	0.5876538157463074	0.5856644511222839	0.6185204386711121	0.6348007321357727	0.6056485176086426	0.7294017672538757	0.6096667647361755	0.6387981772422791	0.6027393937110901	0.7442309260368347	0.7477856278419495	0.7375636100769043	0.5987942218780518	0.5858774185180664	0.6006658673286438	0.5992120504379272	0.6283475160598755	0.5674638748168945	0.5772045850753784	0.6408681273460388	0.5951175093650818	0.6141952872276306	0.6047264933586121	0.6079286932945251	0.6178891658782959	0.693271815776825	0.6772436499595642	0.6857477426528931	0.683807373046875	0.7419086098670959	0.7073119878768921	0.6659518480300903	0.6927234530448914	0.7163665294647217	0.5856060981750488	0.6153234243392944	0.6977732181549072	0.7177532911300659	0.722461462020874	0.7357277870178223	0.7088191509246826	0.6988178491592407	0.6396908164024353	0.6454511284828186	0.6827176809310913	0.6539634466171265	0.6820954084396362	0.6787434220314026	0.631051242351532	0.6207401752471924	0.6049726605415344	0.6486849188804626	0.6866887807846069	0.6834994554519653	0.7341485023498535	0.622020423412323	0.6088715791702271	0.6697151660919189	0.6667467951774597	0.6448796987533569	0.6928678154945374	0.6359068155288696	0.6393542289733887	0.6287423968315125	0.6669493317604065	0.6981210112571716	0.7206897735595703	0.614798903465271	0.6788570284843445	0.6563358306884766	0.7042742371559143	0.7396920919418335	0.75384920835495	0.7426009178161621	0.6437395811080933	0.7463475465774536	0.6942808628082275	0.6608543992042542	0.6646111607551575
SRR19621127	0.612087607383728	0.6439993977546692	0.6679450869560242	0.6541942358016968	0.5488802194595337	0.5879243016242981	0.6407800912857056	0.4544229805469513	0.4849117696285248	0	0.6694047451019287	0.6075992584228516	0.6249420642852783	0.5918076634407043	0.6367729306221008	0.5551326870918274	0.5259072780609131	0.502221941947937	0.5459613800048828	0.54597008228302	0.5741280317306519	0.6772305369377136	0.5798695683479309	0.5259222388267517	0.7103828191757202	0.6897626519203186	0.6544867157936096	0.6137651205062866	0.6275131702423096	0.6010080575942993	0.5835763216018677	0.5765751600265503	0.6563658118247986	0.574878990650177	0.6403595805168152	0.6339228749275208	0.6104722619056702	0.6143026947975159	0.5192787647247314	0.5196816325187683	0.5743698477745056	0.602830171585083	0.5783313512802124	0.6495103240013123	0.5699513554573059	0.5650976896286011	0.6104201078414917	0.6715008020401001	0.6966676712036133	0.6719967126846313	0.5756384134292603	0.5599918365478516	0.5660603046417236	0.5450494885444641	0.6350658535957336	0.5735931396484375	0.5802853107452393	0.5916022062301636	0.5872824192047119	0.5587000250816345	0.5970743298530579	0.6594683527946472	0.6662771701812744	0.6694905757904053	0.5975812077522278	0.6594741940498352	0.6254891157150269	0.6952067017555237	0.6639822125434875	0.6411128044128418	0.6427059173583984	0.6891621351242065	0.6259074211120605	0.6243507862091064	0.6403371691703796	0.652127206325531	0.6555371880531311	0.6645879745483398	0.6705624461174011	0.6844232082366943	0.6693590879440308	0.6220402121543884	0.6746543049812317	0.665794312953949	0.6525294184684753	0.6475479006767273	0.57171231508255	0.6436375975608826	0.5951160192489624	0.6274478435516357	0.640002965927124	0.6492862701416016	0.6965303421020508	0.6127535104751587	0.5176019668579102	0.59610915184021	0.5848044157028198	0.5870862007141113	0.6354299187660217	0.6353999972343445	0.6296731233596802	0.622594952583313	0.6716693639755249	0.6705524921417236	0.6865690946578979	0.6155466437339783	0.6329365968704224	0.6368669867515564	0.6048211455345154	0.6638492345809937	0.7090298533439636	0.6775820255279541	0.588298499584198	0.7513640522956848	0.6770240068435669	0.6334661245346069	0.6340723633766174
SRR19621128	0.6770107746124268	0.7128403782844543	0.6910675764083862	0.6136210560798645	0.5896854996681213	0.5823985934257507	0.5638391971588135	0.6879281401634216	0.7286138534545898	0.6694047451019287	0	0.7120984196662903	0.7380537390708923	0.7207301259040833	0.55295729637146	0.639660656452179	0.6413349509239197	0.6588720083236694	0.6794935464859009	0.6505264639854431	0.7100659608840942	0.6269844770431519	0.7051216959953308	0.6424756646156311	0.6603778004646301	0.6441666483879089	0.639463484287262	0.6062958240509033	0.5858630537986755	0.5720382332801819	0.4959579408168793	0.5316751599311829	0.5985025763511658	0.5517053604125977	0.5850561261177063	0.5737392902374268	0.6891990900039673	0.6740058660507202	0.6391456723213196	0.6469554901123047	0.5957533121109009	0.6173798441886902	0.6285465359687805	0.5325107574462891	0.661832869052887	0.6890898942947388	0.7009713053703308	0.5972349047660828	0.6207737326622009	0.5698721408843994	0.6530187726020813	0.6540022492408752	0.6572083234786987	0.6661221385002136	0.6771864295005798	0.6695877313613892	0.674089252948761	0.6882951855659485	0.6528118252754211	0.6621983051300049	0.656562328338623	0.6976301670074463	0.6881440281867981	0.6340426802635193	0.5897789001464844	0.6410555839538574	0.6085746884346008	0.6735742688179016	0.613935649394989	0.6718860864639282	0.6796588897705078	0.566483199596405	0.6565387845039368	0.6669425368309021	0.5569106340408325	0.5676140785217285	0.5987011194229126	0.6005837917327881	0.6372029781341553	0.6532977819442749	0.6919402480125427	0.645491898059845	0.6243038773536682	0.660605788230896	0.6649996638298035	0.6274245977401733	0.6363076567649841	0.7005943059921265	0.6397917866706848	0.6822763085365295	0.541770875453949	0.4746814072132111	0.5242921710014343	0.5916086435317993	0.599022388458252	0.5961509346961975	0.5940433740615845	0.581657350063324	0.556329071521759	0.6820977330207825	0.6743291020393372	0.6873020529747009	0.5991854667663574	0.3855560719966888	0.6512274742126465	0.6486369967460632	0.5863969922065735	0.5914170145988464	0.536888599395752	0.6309801340103149	0.6193565130233765	0.5948941707611084	0.5260213613510132	0.7242428660392761	0.4468480348587036	0.6503463983535767	0.6618557572364807
SRR19621129	0.5659230351448059	0.591331958770752	0.6207257509231567	0.7559678554534912	0.5741586685180664	0.6387453675270081	0.6350012421607971	0.5648622512817383	0.5629441738128662	0.6075992584228516	0.7120984196662903	0	0.3284991979598999	0.3578153550624847	0.755123496055603	0.5889151096343994	0.5751293897628784	0.5202711224555969	0.5156252384185791	0.5439410209655762	0.6227049827575684	0.7451604008674622	0.6129718422889709	0.6315966248512268	0.7324512600898743	0.7242674231529236	0.737255334854126	0.7157406210899353	0.7224114537239075	0.7071272730827332	0.6366767287254333	0.6180638074874878	0.7384454607963562	0.6467181444168091	0.6817573308944702	0.7002665996551514	0.6763221621513367	0.6852597594261169	0.5247582197189331	0.5708798766136169	0.6637427806854248	0.685573399066925	0.663056492805481	0.7379823327064514	0.6614328026771545	0.7009132504463196	0.6849010586738586	0.7533062100410461	0.7340174317359924	0.7385784387588501	0.5349545478820801	0.511283278465271	0.5245468616485596	0.5386026501655579	0.7061368227005005	0.5229712724685669	0.5237041711807251	0.6836076974868774	0.5584726929664612	0.562417209148407	0.6687569618225098	0.6625379920005798	0.6953110098838806	0.7285907864570618	0.6351533532142639	0.6643138527870178	0.637018084526062	0.7336108684539795	0.7097023725509644	0.6914653182029724	0.7422775626182556	0.7237074971199036	0.6217226982116699	0.6022250056266785	0.6977367401123047	0.7281666994094849	0.7268387675285339	0.7505465745925903	0.7565118074417114	0.7284292578697205	0.5934717059135437	0.594237744808197	0.7298669219017029	0.6969590783119202	0.5780170559883118	0.739186704158783	0.6227061152458191	0.6554837822914124	0.5979605913162231	0.5950367450714111	0.6492908000946045	0.6545844674110413	0.7287255525588989	0.6319146752357483	0.6299265027046204	0.681556224822998	0.6643016934394836	0.6336765885353088	0.6610695719718933	0.5084975957870483	0.52296382188797	0.5143134593963623	0.713626503944397	0.6944541335105896	0.7522470355033875	0.6624194979667664	0.6291927695274353	0.6310399770736694	0.6564508080482483	0.7695021033287048	0.7777801752090454	0.7402622699737549	0.6522460579872131	0.7399843335151672	0.7067925930023193	0.5604957342147827	0.5607937574386597
SRR19621130	0.586931049823761	0.5899688601493835	0.6385067105293274	0.7603508234024048	0.6086867451667786	0.661971390247345	0.6600834727287292	0.5720821022987366	0.51998370885849	0.6249420642852783	0.7380537390708923	0.3284991979598999	0	0.4232116341590881	0.7498142719268799	0.6040571928024292	0.5881496071815491	0.5310723781585693	0.5104581117630005	0.5652499794960022	0.6258698105812073	0.7790553569793701	0.5948722958564758	0.6451408863067627	0.7327921390533447	0.7296140193939209	0.738997220993042	0.720611035823822	0.7170799970626831	0.7071034908294678	0.6617146134376526	0.6456546187400818	0.7482283711433411	0.6782731413841248	0.6785439252853394	0.7127487659454346	0.6984038352966309	0.7000176310539246	0.5624936819076538	0.5799728035926819	0.6664884686470032	0.6995002031326294	0.6619465351104736	0.7520203590393066	0.6557459235191345	0.6897658109664917	0.6745596528053284	0.7484749555587769	0.7444038391113281	0.7452088594436646	0.573396623134613	0.5454187989234924	0.5612671971321106	0.5716472864151001	0.6915491819381714	0.5492668151855469	0.5584354400634766	0.7086313962936401	0.5910581946372986	0.5960056185722351	0.6655128598213196	0.6451635360717773	0.6890239715576172	0.7366297841072083	0.6686302423477173	0.6776567697525024	0.6628264188766479	0.7423542141914368	0.7318708896636963	0.7061192989349365	0.7460119724273682	0.7345101833343506	0.629358172416687	0.6151425838470459	0.7262601852416992	0.7402678728103638	0.7499932646751404	0.7576181888580322	0.7616027593612671	0.7321457266807556	0.6230236887931824	0.6238817572593689	0.7351776361465454	0.7034959197044373	0.6179038286209106	0.7401865124702454	0.6323416829109192	0.656302273273468	0.6061423420906067	0.6105046272277832	0.6709525585174561	0.7017428874969482	0.7451950311660767	0.6462816596031189	0.6262849569320679	0.6898244023323059	0.6769463419914246	0.6400096416473389	0.6717668175697327	0.5571703910827637	0.5738131999969482	0.5604889988899231	0.7112888097763062	0.70717453956604	0.751679539680481	0.6716097593307495	0.6462055444717407	0.6465396881103516	0.6783093810081482	0.773307204246521	0.7800169587135315	0.7407616972923279	0.6662050485610962	0.760698139667511	0.7120972275733948	0.5857461094856262	0.5923110842704773
SRR19621131	0.5914125442504883	0.6145525574684143	0.6305984258651733	0.7362363338470459	0.5873755812644958	0.6153205037117004	0.6459168195724487	0.5826519131660461	0.6024702191352844	0.5918076634407043	0.7207301259040833	0.3578153550624847	0.4232116341590881	0	0.7319933772087097	0.561100959777832	0.5671809911727905	0.5235108733177185	0.5368067622184753	0.5465748906135559	0.6433979868888855	0.7590660452842712	0.6210054159164429	0.6454399824142456	0.7498236894607544	0.7364556193351746	0.7291881442070007	0.7118513584136963	0.7194973230361938	0.7078476548194885	0.644637405872345	0.594684362411499	0.7496377825737	0.6334350109100342	0.6889932155609131	0.698585033416748	0.6779718995094299	0.7006711959838867	0.515825092792511	0.567247211933136	0.6668668985366821	0.6640648245811462	0.6494269371032715	0.7282260060310364	0.6580872535705566	0.6731685400009155	0.6929278373718262	0.7435945868492126	0.7452763915061951	0.7466793060302734	0.5360094308853149	0.5206388831138611	0.5295427441596985	0.5307047963142395	0.7137095928192139	0.53433758020401	0.5154680013656616	0.6848199367523193	0.5587200522422791	0.5307531952857971	0.6706244349479675	0.6675043702125549	0.7336523532867432	0.7317054867744446	0.6286091804504395	0.6552831530570984	0.6344587206840515	0.7462790012359619	0.7244292497634888	0.6876672506332397	0.7441442608833313	0.7343976497650146	0.6411253213882446	0.6201865673065186	0.7232143878936768	0.7231847643852234	0.7427002191543579	0.7497493624687195	0.7216952443122864	0.7116782069206238	0.6144717335700989	0.6039019227027893	0.746610701084137	0.7337063550949097	0.5702455043792725	0.7487812638282776	0.6062891483306885	0.6535080671310425	0.6047396659851074	0.5975016355514526	0.6608973145484924	0.6711554527282715	0.7272798418998718	0.656948447227478	0.6090500354766846	0.6618444323539734	0.6505500674247742	0.6198486089706421	0.6617130637168884	0.5327494144439697	0.5580393671989441	0.5365964770317078	0.7207806706428528	0.7017872929573059	0.7374864816665649	0.6866597533226013	0.627795398235321	0.6417796015739441	0.6404916644096375	0.7600132822990417	0.7793477177619934	0.7563151717185974	0.6566804647445679	0.746893584728241	0.7399165034294128	0.5780168771743774	0.577726423740387
SRR19621132	0.6695285439491272	0.7064523696899414	0.7005130052566528	0.5371341109275818	0.6338954567909241	0.6019067764282227	0.5987957715988159	0.7066798806190491	0.7283293604850769	0.6367729306221008	0.55295729637146	0.755123496055603	0.7498142719268799	0.7319933772087097	0	0.6553417444229126	0.6457419395446777	0.6516906023025513	0.6879519820213318	0.6820124387741089	0.6767796874046326	0.6195975542068481	0.7025600075721741	0.6492300629615784	0.576570451259613	0.5503664612770081	0.5300107598304749	0.5371459722518921	0.4822629392147064	0.5100328326225281	0.5527082085609436	0.5839912891387939	0.5905283689498901	0.5437288880348206	0.4946208894252777	0.3837737143039703	0.6596134305000305	0.6418144106864929	0.6704743504524231	0.6708400845527649	0.559761106967926	0.5872548222541809	0.6283006072044373	0.5549756288528442	0.6202109456062317	0.5725861191749573	0.6307843327522278	0.5485103726387024	0.5880303382873535	0.5417999625205994	0.7159115076065063	0.7114644646644592	0.7120204567909241	0.703705370426178	0.6672621965408325	0.7289564609527588	0.7365269660949707	0.6452288031578064	0.7043272852897644	0.6900357007980347	0.5826795697212219	0.6976945996284485	0.6998350024223328	0.5786045789718628	0.6329630017280579	0.6726799011230469	0.6441622376441956	0.690518856048584	0.6226598024368286	0.6411174535751343	0.68501877784729	0.576012909412384	0.6868778467178345	0.7056973576545715	0.5816315412521362	0.5578513741493225	0.6050981879234314	0.5126790404319763	0.6078028678894043	0.6324462294578552	0.7525472044944763	0.7044771909713745	0.5779873728752136	0.6517429351806641	0.7280305624008179	0.581857442855835	0.6537045240402222	0.7104085087776184	0.6700788736343384	0.7103288173675537	0.5925294160842896	0.6107415556907654	0.5973851680755615	0.6106733083724976	0.5644921660423279	0.5599294304847717	0.5566900968551636	0.5940858721733093	0.5544596910476685	0.7455084323883057	0.7433061599731445	0.740416407585144	0.5633567571640015	0.5960730910301208	0.551632285118103	0.6131250262260437	0.6137288212776184	0.6123490333557129	0.5379980206489563	0.5824646353721619	0.6410211324691772	0.5404948592185974	0.5244019627571106	0.7749454975128174	0.5846250653266907	0.7367484569549561	0.7188437581062317
SRR19621133	0.5390713810920715	0.5780797004699707	0.5876930952072144	0.6517125368118286	0.5086913108825684	0.579780638217926	0.5401228666305542	0.5898487567901611	0.607369065284729	0.5551326870918274	0.639660656452179	0.5889151096343994	0.6040571928024292	0.561100959777832	0.6553417444229126	0	0.2908554673194885	0.5698460936546326	0.548207700252533	0.5351227521896362	0.6201966404914856	0.7108141779899597	0.591338574886322	0.5636134147644043	0.7035052180290222	0.6925933361053467	0.6860368847846985	0.6232126951217651	0.6275076270103455	0.6252513527870178	0.5821457505226135	0.5319530963897705	0.6448546648025513	0.5696133375167847	0.5934452414512634	0.624600887298584	0.6444957256317139	0.618494987487793	0.4842268526554108	0.2858630418777466	0.6312363743782043	0.6244243979454041	0.6150550246238708	0.6273515224456787	0.5981963872909546	0.6047850847244263	0.6260948777198792	0.6753537058830261	0.6503328680992126	0.6545156836509705	0.5848590731620789	0.5711413025856018	0.5741202235221863	0.5753502249717712	0.67009037733078	0.5623322725296021	0.572994589805603	0.6493933796882629	0.4853273034095764	0.4437641501426697	0.6553124785423279	0.6783422231674194	0.6923022866249084	0.6598421335220337	0.6000447869300842	0.633456289768219	0.6170836091041565	0.6661071181297302	0.6701304316520691	0.650878369808197	0.6848542094230652	0.6684262156486511	0.6253430843353271	0.6011766195297241	0.6219457387924194	0.6460334062576294	0.6806066632270813	0.6518725752830505	0.6466441750526428	0.6541797518730164	0.6348735690116882	0.6161074042320251	0.6677203178405762	0.6632912755012512	0.6102952361106873	0.6756563782691956	0.5504430532455444	0.6390782594680786	0.5790963172912598	0.5990157127380371	0.5469310283660889	0.609440803527832	0.6586830615997314	0.594731330871582	0.5141907930374146	0.5674238801002502	0.5758755207061768	0.5302253365516663	0.5567626357078552	0.5561941862106323	0.5601550936698914	0.5498569011688232	0.6396678686141968	0.6209913492202759	0.6897280216217041	0.5932269096374512	0.545629620552063	0.5354683399200439	0.5704577565193176	0.6683366894721985	0.6550401449203491	0.6382327079772949	0.5646811127662659	0.7314022183418274	0.6319084167480469	0.6007492542266846	0.5429978966712952
SRR19621134	0.4968684315681458	0.5389085412025452	0.5618478059768677	0.6670132279396057	0.480711042881012	0.5729662775993347	0.5296903848648071	0.5706897974014282	0.5974575877189636	0.5259072780609131	0.6413349509239197	0.5751293897628784	0.5881496071815491	0.5671809911727905	0.6457419395446777	0.2908554673194885	0	0.5368348360061646	0.5203534960746765	0.5309534668922424	0.5832979679107666	0.7010484933853149	0.5642159581184387	0.5270777940750122	0.6727069020271301	0.6553055644035339	0.6608772873878479	0.5857539772987366	0.6256375908851624	0.6044926047325134	0.538723349571228	0.5215495824813843	0.6436446309089661	0.535832941532135	0.5735145807266235	0.5943487286567688	0.6304177641868591	0.614047646522522	0.4742842316627502	0.2866114675998688	0.5880743265151978	0.6143345832824707	0.5676817297935486	0.6472857594490051	0.5775445103645325	0.5916389226913452	0.6010767817497253	0.6594922542572021	0.6552466154098511	0.662375807762146	0.5575037002563477	0.5534838438034058	0.5705708861351013	0.563750684261322	0.6448951363563538	0.5833489298820496	0.5754491090774536	0.6273756623268127	0.4758878946304321	0.4822596907615662	0.6231697201728821	0.643688976764679	0.6756834983825684	0.6331191062927246	0.5743920207023621	0.6188523769378662	0.6004039645195007	0.6783726215362549	0.6461512446403503	0.6254394054412842	0.6674209833145142	0.6638825535774231	0.5849211812019348	0.5636445283889771	0.6048582196235657	0.649839460849762	0.6578251123428345	0.6383350491523743	0.6700263619422913	0.6287014484405518	0.6387894749641418	0.6122981309890747	0.6512523889541626	0.6610854864120483	0.5947516560554504	0.6644370555877686	0.5492776036262512	0.5979057550430298	0.5563450455665588	0.5646291971206665	0.5586117506027222	0.6008219122886658	0.6491844058036804	0.5301294326782227	0.5063756108283997	0.5435934066772461	0.5535376667976379	0.5191335082054138	0.5601363778114319	0.5584591031074524	0.5896502137184143	0.5439246892929077	0.6392560601234436	0.6299878358840942	0.682185173034668	0.5805964469909668	0.5594044923782349	0.5157590508460999	0.5606570243835449	0.6916337609291077	0.6852777600288391	0.6308797001838684	0.5465763807296753	0.7227057814598083	0.6177381277084351	0.585710883140564	0.5630109310150146
SRR19621135	0.5958972573280334	0.6097288131713867	0.6282018423080444	0.6629959940910339	0.4787008464336395	0.5266451239585876	0.5986633896827698	0.4489547908306122	0.5268541574478149	0.502221941947937	0.6588720083236694	0.5202711224555969	0.5310723781585693	0.5235108733177185	0.6516906023025513	0.5698460936546326	0.5368348360061646	0	0.2945082485675812	0.3345069289207458	0.5015783309936523	0.6650902032852173	0.5330396294593811	0.5091249346733093	0.6617993116378784	0.6483507752418518	0.6362519264221191	0.6393688917160034	0.6497871875762939	0.6211345195770264	0.5582239031791687	0.5301132202148438	0.6656675338745117	0.5485647916793823	0.5852545499801636	0.5878350138664246	0.5878704786300659	0.5988960862159729	0.5197314620018005	0.5525025725364685	0.5866082310676575	0.5775916576385498	0.5980680584907532	0.6385582089424133	0.5815063714981079	0.5907588005065918	0.6263623237609863	0.6680583357810974	0.6595746874809265	0.6352739334106445	0.4668627977371216	0.4742273390293121	0.4768018126487732	0.4821909666061401	0.6478201150894165	0.5122271180152893	0.5051756501197815	0.5791034698486328	0.5349411368370056	0.5467345714569092	0.5749766230583191	0.6237319707870483	0.6822878122329712	0.6384124159812927	0.5264056921005249	0.5855006575584412	0.5574964880943298	0.6894838213920593	0.667573869228363	0.655090868473053	0.6847013831138611	0.6541503667831421	0.5518009066581726	0.5482067465782166	0.6463235020637512	0.6505508422851562	0.6679345369338989	0.68141108751297	0.6803213357925415	0.6557714939117432	0.6103242039680481	0.577211856842041	0.6651710271835327	0.6452840566635132	0.5928710699081421	0.6750999093055725	0.5511434078216553	0.5667734742164612	0.5171775817871094	0.5728533864021301	0.5805143117904663	0.6342811584472656	0.644994854927063	0.5235708951950073	0.4746652245521545	0.5465002655982971	0.5876651406288147	0.5834367871284485	0.5919963121414185	0.5181692838668823	0.540915310382843	0.5318997502326965	0.6500847935676575	0.6245906949043274	0.6656322479248047	0.6007958650588989	0.548698365688324	0.5682823061943054	0.5565353035926819	0.7194603085517883	0.7205936908721924	0.688586950302124	0.5686638951301575	0.707008957862854	0.6413193345069885	0.5793302059173584	0.5973246693611145
SRR19621136	0.5900446772575378	0.608603298664093	0.620873749256134	0.6943109631538391	0.5019432902336121	0.555473268032074	0.5965587496757507	0.4722909331321716	0.5207363963127136	0.5459613800048828	0.6794935464859009	0.5156252384185791	0.5104581117630005	0.5368067622184753	0.6879519820213318	0.548207700252533	0.5203534960746765	0.2945082485675812	0	0.309088408946991	0.534811794757843	0.704082727432251	0.5244294404983521	0.5390180945396423	0.6591032743453979	0.6495368480682373	0.6517710089683533	0.655969500541687	0.6717545986175537	0.6486108303070068	0.5703405141830444	0.5513913631439209	0.6625094413757324	0.5958378911018372	0.6007550358772278	0.6199957132339478	0.5914563536643982	0.5891231894493103	0.517231822013855	0.5300583839416504	0.6038137078285217	0.603491485118866	0.5905011892318726	0.6581400632858276	0.5713458657264709	0.6115991473197937	0.6102357506752014	0.6864036321640015	0.6880488395690918	0.6585351228713989	0.462168425321579	0.4662248492240906	0.4757569134235382	0.5083311796188354	0.6344234943389893	0.4971414506435394	0.5168459415435791	0.5965889096260071	0.5188131928443909	0.5224905610084534	0.6015685200691223	0.6167042851448059	0.6627482175827026	0.6389588117599487	0.5811759233474731	0.6198721528053284	0.5936897993087769	0.6968724727630615	0.6710498929023743	0.652897834777832	0.6907302141189575	0.6520904302597046	0.5595343708992004	0.5362506508827209	0.6590600609779358	0.6833829283714294	0.6920445561408997	0.7155830860137939	0.6963831186294556	0.6730615496635437	0.6126992702484131	0.5779693722724915	0.6556188464164734	0.6471024751663208	0.6102179288864136	0.6776941418647766	0.5858749151229858	0.5908150672912598	0.5581960082054138	0.5762028694152832	0.5936741828918457	0.6466967463493347	0.668254554271698	0.5301451086997986	0.5153838396072388	0.576465904712677	0.6003336906433105	0.5685080885887146	0.604458749294281	0.506557285785675	0.5369207859039307	0.5311135053634644	0.6478371024131775	0.6473815441131592	0.6833853125572205	0.5999447703361511	0.5566321015357971	0.5466861128807068	0.5942875742912292	0.7321085333824158	0.7321093082427979	0.7000181674957275	0.5650249719619751	0.7111740112304688	0.6437140703201294	0.5886458158493042	0.6023906469345093
SRR19621137	0.5825091004371643	0.6008018851280212	0.617048442363739	0.6726589798927307	0.4870718121528625	0.5371367931365967	0.5932050943374634	0.506253719329834	0.5614920854568481	0.54597008228302	0.6505264639854431	0.5439410209655762	0.5652499794960022	0.5465748906135559	0.6820124387741089	0.5351227521896362	0.5309534668922424	0.3345069289207458	0.309088408946991	0	0.5453169941902161	0.7043054103851318	0.5334864854812622	0.5163511633872986	0.6782779693603516	0.6720253229141235	0.6539920568466187	0.6579422950744629	0.668468177318573	0.6356885433197021	0.536803126335144	0.5137937664985657	0.6855537295341492	0.562713623046875	0.6008105278015137	0.6088469624519348	0.6062257885932922	0.6081733703613281	0.5057274699211121	0.5340725183486938	0.606391966342926	0.6141273975372314	0.6213557720184326	0.6469457149505615	0.5677493214607239	0.6131314635276794	0.6169335842132568	0.6804370284080505	0.6867758631706238	0.6585666537284851	0.4680597484111786	0.4587152004241943	0.4616950154304504	0.5047150850296021	0.6584419012069702	0.5120118260383606	0.5088053345680237	0.600277841091156	0.5219556093215942	0.5191749930381775	0.6043773293495178	0.6257385611534119	0.6861767768859863	0.6336013078689575	0.5556153655052185	0.606932520866394	0.5909945368766785	0.70097416639328	0.6845582127571106	0.655415952205658	0.692198634147644	0.6384958624839783	0.5784216523170471	0.5383250117301941	0.6423845291137695	0.6723074316978455	0.6837246417999268	0.6912912726402283	0.6904139518737793	0.6554733514785767	0.6203488707542419	0.5976115465164185	0.6630471348762512	0.6440041065216064	0.6262833476066589	0.6841768622398376	0.5709526538848877	0.5879839658737183	0.5624099373817444	0.5566604733467102	0.5644128918647766	0.6225584745407104	0.6544577479362488	0.5443530678749084	0.5001635551452637	0.569283127784729	0.5776627659797668	0.5607573390007019	0.588952898979187	0.5201212167739868	0.5421648621559143	0.537253737449646	0.62581467628479	0.6319652795791626	0.6820404529571533	0.5856302976608276	0.575323760509491	0.5877843499183655	0.5927958488464355	0.7181040644645691	0.7148365378379822	0.6853440999984741	0.5496225357055664	0.7143591046333313	0.6371181011199951	0.6014729738235474	0.6122701168060303
SRR19621138	0.5646044015884399	0.5761363506317139	0.6298788189888	0.7008213400840759	0.6097247004508972	0.6401967406272888	0.6917223930358887	0.5340805053710938	0.5620413422584534	0.5741280317306519	0.7100659608840942	0.6227049827575684	0.6258698105812073	0.6433979868888855	0.6767796874046326	0.6201966404914856	0.5832979679107666	0.5015783309936523	0.534811794757843	0.5453169941902161	0	0.7069724798202515	0.3481957614421844	0.3978075087070465	0.601484477519989	0.6333224773406982	0.59323650598526	0.595909059047699	0.6393722295761108	0.5746683478355408	0.6091695427894592	0.629261314868927	0.6698331832885742	0.6043001413345337	0.625669538974762	0.6056386828422546	0.5982687473297119	0.602773904800415	0.6206316947937012	0.6254958510398865	0.6317751407623291	0.6100009083747864	0.6489298939704895	0.6676591634750366	0.5423913598060608	0.5575846433639526	0.5240293741226196	0.6877827048301697	0.6877093911170959	0.6594251394271851	0.6228877902030945	0.6129577159881592	0.6262611150741577	0.5954416394233704	0.6234474182128906	0.6470475792884827	0.6429497599601746	0.5991547703742981	0.6304028034210205	0.6260573267936707	0.5966707468032837	0.5887463688850403	0.6523195505142212	0.6032689213752747	0.6405657529830933	0.6597001552581787	0.6515277624130249	0.7001674175262451	0.6427064538002014	0.6615176796913147	0.6491639018058777	0.677437961101532	0.5518479943275452	0.59136962890625	0.6817684769630432	0.6815444827079773	0.6889663338661194	0.6693460941314697	0.6814125180244446	0.6436432003974915	0.6938998103141785	0.6889575719833374	0.6298993229866028	0.619361937046051	0.6719403862953186	0.6673509478569031	0.617523193359375	0.5940369367599487	0.5461363196372986	0.6334550976753235	0.6439458727836609	0.6815058588981628	0.7023363709449768	0.5541576743125916	0.5416346788406372	0.5880500674247742	0.6207875609397888	0.6315106749534607	0.6514642238616943	0.6400384902954102	0.6477072834968567	0.6275786757469177	0.5968860387802124	0.7060774564743042	0.6194595098495483	0.5234112739562988	0.6449306011199951	0.6300317049026489	0.6486185789108276	0.725793182849884	0.7275748252868652	0.6862621307373047	0.6213248372077942	0.7346088886260986	0.655016303062439	0.6661167740821838	0.6802751421928406
SRR19621139	0.7329623103141785	0.7572305798530579	0.7298501133918762	0.6380298137664795	0.6623435616493225	0.650969922542572	0.6858161091804504	0.6925777196884155	0.7172055244445801	0.6772305369377136	0.6269844770431519	0.7451604008674622	0.7790553569793701	0.7590660452842712	0.6195975542068481	0.7108141779899597	0.7010484933853149	0.6650902032852173	0.704082727432251	0.7043054103851318	0.7069724798202515	0	0.7276624441146851	0.6799992322921753	0.6527796983718872	0.6265240907669067	0.6422367095947266	0.5969237089157104	0.624500036239624	0.5928850173950195	0.6812342405319214	0.6575088500976562	0.4073104858398438	0.6448807716369629	0.6300824880599976	0.6296952962875366	0.6643928289413452	0.6681572794914246	0.7101931571960449	0.7265658378601074	0.6426962614059448	0.6428793668746948	0.6476337313652039	0.4269894063472748	0.684461236000061	0.6658453941345215	0.7042089700698853	0.6484305858612061	0.6323137879371643	0.6347830295562744	0.7246159911155701	0.7118711471557617	0.7215518951416016	0.7106085419654846	0.6262180805206299	0.7003411054611206	0.7194586396217346	0.6489694714546204	0.7016643285751343	0.7122250199317932	0.6637256145477295	0.716366171836853	0.6320227980613708	0.6670374274253845	0.6695938110351562	0.6811466217041016	0.6859496235847473	0.6732691526412964	0.6400666236877441	0.632142186164856	0.6661274433135986	0.6704558730125427	0.687650203704834	0.6909242272377014	0.6525502800941467	0.644585907459259	0.651276707649231	0.6919093132019043	0.6385975480079651	0.6921525001525879	0.6920482516288757	0.7066845893859863	0.6258611679077148	0.6407684087753296	0.7078779339790344	0.6274901628494263	0.6934027671813965	0.7246015667915344	0.6931832432746887	0.7143120169639587	0.6304515600204468	0.6029587388038635	0.6730014085769653	0.6574938297271729	0.6651977896690369	0.6330861449241638	0.660225510597229	0.640113353729248	0.6848034858703613	0.7429816722869873	0.7372444272041321	0.7424720525741577	0.6840969324111938	0.6082629561424255	0.6769868135452271	0.7100361585617065	0.6698268055915833	0.6895359754562378	0.6487886905670166	0.6680593490600586	0.693882167339325	0.6810724139213562	0.6023310422897339	0.7269395589828491	0.5680992007255554	0.7231088280677795	0.7117433547973633
SRR19621140	0.5387898683547974	0.5641453862190247	0.6128199100494385	0.6976626515388489	0.613792359828949	0.650869607925415	0.6760968565940857	0.5128021240234375	0.5351929068565369	0.5798695683479309	0.7051216959953308	0.6129718422889709	0.5948722958564758	0.6210054159164429	0.7025600075721741	0.591338574886322	0.5642159581184387	0.5330396294593811	0.5244294404983521	0.5334864854812622	0.3481957614421844	0.7276624441146851	0	0.4372103214263916	0.6467198133468628	0.6775969266891479	0.6644797921180725	0.6225534677505493	0.6554007530212402	0.6128783226013184	0.6052652597427368	0.6120561361312866	0.693869948387146	0.6425336599349976	0.6237558722496033	0.6594759225845337	0.6104034781455994	0.6342043876647949	0.59074866771698	0.5784703493118286	0.6220435500144958	0.6381285786628723	0.6328416466712952	0.7010332345962524	0.5147827863693237	0.590646505355835	0.5302045941352844	0.6962597370147705	0.6994966268539429	0.6665602326393127	0.6071425676345825	0.6131072640419006	0.6156543493270874	0.6269491314888	0.6218386888504028	0.6158997416496277	0.6169649958610535	0.6375794410705566	0.6145854592323303	0.6072574853897095	0.6208228468894958	0.5963711738586426	0.6585797071456909	0.6426348090171814	0.6638414263725281	0.6690887212753296	0.6669281125068665	0.7140805721282959	0.6747379899024963	0.6872698664665222	0.6812902688980103	0.6778781414031982	0.5278418064117432	0.57779461145401	0.6665461659431458	0.6830034255981445	0.6975702047348022	0.6945468783378601	0.6933630108833313	0.6785289645195007	0.674841582775116	0.6707861423492432	0.6371638774871826	0.6136071681976318	0.6648746728897095	0.6597967743873596	0.6248972415924072	0.6261465549468994	0.5703387856483459	0.6519589424133301	0.6155340075492859	0.6743705272674561	0.7126338481903076	0.5685843229293823	0.559727668762207	0.6077678203582764	0.6231204867362976	0.5807178020477295	0.6127552390098572	0.6224470138549805	0.6372578144073486	0.6066817045211792	0.6108607649803162	0.6921399831771851	0.6402148008346558	0.5547861456871033	0.6263771057128906	0.6296162009239197	0.6768384575843811	0.7192438840866089	0.7182084918022156	0.7055745124816895	0.6240849494934082	0.7367681264877319	0.6523260474205017	0.6443666815757751	0.6483461260795593
SRR19621141	0.5789950489997864	0.5885152816772461	0.6057590246200562	0.6290792226791382	0.5626720786094666	0.6074037551879883	0.6321059465408325	0.5271803736686707	0.5879790782928467	0.5259222388267517	0.6424756646156311	0.6315966248512268	0.6451408863067627	0.6454399824142456	0.6492300629615784	0.5636134147644043	0.5270777940750122	0.5091249346733093	0.5390180945396423	0.5163511633872986	0.3978075087070465	0.6799992322921753	0.4372103214263916	0	0.601710319519043	0.6132879853248596	0.5770280957221985	0.5873066782951355	0.6355289220809937	0.5442292094230652	0.5379058718681335	0.5509750247001648	0.6270546913146973	0.5504396557807922	0.5581232905387878	0.5948357582092285	0.5686858296394348	0.5589051246643066	0.5808264017105103	0.5715551376342773	0.5804297924041748	0.5792666077613831	0.5930936932563782	0.6533551812171936	0.5203471183776855	0.5421191453933716	0.5268107056617737	0.6375860571861267	0.6486020088195801	0.6074874997138977	0.5637925267219543	0.5648437738418579	0.578396737575531	0.5840470790863037	0.6261575222015381	0.617257833480835	0.6216641068458557	0.5555606484413147	0.5888561606407166	0.577225923538208	0.5950767397880554	0.6016656160354614	0.6382414102554321	0.5703979730606079	0.5750700831413269	0.6427393555641174	0.630842387676239	0.6459065675735474	0.6156134009361267	0.6324480772018433	0.6443329453468323	0.6187809705734253	0.565184473991394	0.5620074868202209	0.6045631170272827	0.654940128326416	0.6398122906684875	0.6478623151779175	0.6378779411315918	0.6181058883666992	0.6718499660491943	0.6508607864379883	0.58203125	0.5728655457496643	0.6326716542243958	0.6200737953186035	0.6243525743484497	0.5794735550880432	0.5557233691215515	0.6049748659133911	0.5975083112716675	0.6250940561294556	0.6543601751327515	0.5213651657104492	0.4983051121234894	0.5489569902420044	0.5880715847015381	0.5728880763053894	0.6128182411193848	0.6120132803916931	0.6087506413459778	0.6032190918922424	0.5599832534790039	0.6470788717269897	0.6107497811317444	0.5079541206359863	0.5809907913208008	0.5757714509963989	0.5878632068634033	0.6599999070167542	0.6704224944114685	0.6320281028747559	0.5636038780212402	0.7296607494354248	0.6249587535858154	0.6136162877082825	0.6328098773956299
SRR19621142	0.6287404298782349	0.6517590880393982	0.6597391963005066	0.6681952476501465	0.6416797041893005	0.6350375413894653	0.659859299659729	0.6603807210922241	0.7048566937446594	0.7103828191757202	0.6603778004646301	0.7324512600898743	0.7327921390533447	0.7498236894607544	0.576570451259613	0.7035052180290222	0.6727069020271301	0.6617993116378784	0.6591032743453979	0.6782779693603516	0.601484477519989	0.6527796983718872	0.6467198133468628	0.601710319519043	0	0.3015344440937042	0.416743129491806	0.5591128468513489	0.5758353471755981	0.5400391817092896	0.5914783477783203	0.6122525930404663	0.6101183891296387	0.6123386025428772	0.5629235506057739	0.5527824759483337	0.6084399819374084	0.6021059155464172	0.7069252133369446	0.7103040218353271	0.6171319484710693	0.6467146277427673	0.6360334157943726	0.6335324048995972	0.6311926245689392	0.6083310842514038	0.5737842917442322	0.6299960613250732	0.6474013328552246	0.5990557670593262	0.6937896013259888	0.6798299551010132	0.6970548629760742	0.7156499028205872	0.6187477111816406	0.7377151250839233	0.7458553910255432	0.6245142221450806	0.6913756728172302	0.6845866441726685	0.5762666463851929	0.6216314435005188	0.6227601170539856	0.5680397152900696	0.6768546104431152	0.6565123796463013	0.6778759360313416	0.63008052110672	0.581528902053833	0.5977096557617188	0.6879077553749084	0.6060870885848999	0.6398358941078186	0.6501201391220093	0.6172094345092773	0.6510573625564575	0.646885097026825	0.6600411534309387	0.6197807788848877	0.6544202566146851	0.7103075385093689	0.7038708925247192	0.5623778104782104	0.5513373613357544	0.7320586442947388	0.6155219078063965	0.73790043592453	0.7068118453025818	0.6876951456069946	0.6661115288734436	0.655086874961853	0.631094753742218	0.6797581315040588	0.5240622162818909	0.6111864447593689	0.551877498626709	0.6418499946594238	0.6335904598236084	0.6367712020874023	0.7328471541404724	0.7443121671676636	0.7291125655174255	0.5567305088043213	0.6490719318389893	0.582875669002533	0.5916938781738281	0.6176236867904663	0.6232180595397949	0.6444435715675354	0.6315396428108215	0.6470491886138916	0.6185871958732605	0.6006509065628052	0.7617564797401428	0.5961488485336304	0.7217006087303162	0.7290894389152527
SRR19621143	0.6407985091209412	0.6712881326675415	0.6379073262214661	0.6244353652000427	0.6170216202735901	0.5898197889328003	0.606031060218811	0.693152904510498	0.7130855321884155	0.6897626519203186	0.6441666483879089	0.7242674231529236	0.7296140193939209	0.7364556193351746	0.5503664612770081	0.6925933361053467	0.6553055644035339	0.6483507752418518	0.6495368480682373	0.6720253229141235	0.6333224773406982	0.6265240907669067	0.6775969266891479	0.6132879853248596	0.3015344440937042	0	0.3346302807331085	0.5273851752281189	0.5388462543487549	0.528678834438324	0.5621603727340698	0.5748250484466553	0.5888705253601074	0.5670749545097351	0.5244467258453369	0.5080708861351013	0.6044744253158569	0.5924555659294128	0.697184681892395	0.6982569098472595	0.6225302219390869	0.6479347348213196	0.6070017218589783	0.6013866066932678	0.6345740556716919	0.6160784363746643	0.6134375929832458	0.6046082377433777	0.6337268352508545	0.5948493480682373	0.6804167032241821	0.6475643515586853	0.6680146455764771	0.6836621165275574	0.6194049715995789	0.7126952409744263	0.7304027080535889	0.5979926586151123	0.6844555139541626	0.6835851073265076	0.5640506744384766	0.6229702830314636	0.6173821091651917	0.5705576539039612	0.6523259282112122	0.6430809497833252	0.6553661823272705	0.5888159871101379	0.5608235597610474	0.590628445148468	0.6854690909385681	0.5904824733734131	0.6629266142845154	0.6376307010650635	0.6045464277267456	0.6097888946533203	0.6403722167015076	0.6409679055213928	0.6009001135826111	0.6771053075790405	0.7116961479187012	0.6707437634468079	0.5826932191848755	0.5780628323554993	0.7119767069816589	0.5845603346824646	0.7333146333694458	0.7140572071075439	0.6894278526306152	0.6450635194778442	0.6054260730743408	0.5626364350318909	0.6322933435440063	0.498521476984024	0.5942115783691406	0.5503031611442566	0.6355344653129578	0.6341872215270996	0.6186860203742981	0.7234403491020203	0.7263972163200378	0.715349555015564	0.5672787427902222	0.6391100287437439	0.6029651761054993	0.6063315272331238	0.6030018329620361	0.5996676087379456	0.6062316298484802	0.5678052306175232	0.6304941773414612	0.5786131620407104	0.5660690069198608	0.7827999591827393	0.5916791558265686	0.6895003318786621	0.7078839540481567
SRR19621144	0.643238365650177	0.6482818126678467	0.6341173052787781	0.627855122089386	0.6400794982910156	0.5529818534851074	0.6300935745239258	0.6918284893035889	0.7144420742988586	0.6544867157936096	0.639463484287262	0.737255334854126	0.738997220993042	0.7291881442070007	0.5300107598304749	0.6860368847846985	0.6608772873878479	0.6362519264221191	0.6517710089683533	0.6539920568466187	0.59323650598526	0.6422367095947266	0.6644797921180725	0.5770280957221985	0.416743129491806	0.3346302807331085	0	0.5400004386901855	0.475365549325943	0.484786719083786	0.5246343612670898	0.5684882998466492	0.6143962144851685	0.5132461786270142	0.5308796167373657	0.4743320345878601	0.5955457091331482	0.573070764541626	0.6943897604942322	0.7049171924591064	0.5952123999595642	0.5922459363937378	0.6144745349884033	0.5919836759567261	0.6271315813064575	0.6150938868522644	0.6415622234344482	0.6295114159584045	0.6418208479881287	0.565603494644165	0.6909058094024658	0.6793369650840759	0.6931427121162415	0.6634480357170105	0.6406039595603943	0.7156209349632263	0.7362605929374695	0.5879558324813843	0.6807215809822083	0.6796793937683105	0.5435525178909302	0.6379033327102661	0.6403897404670715	0.48089599609375	0.6346832513809204	0.6296329498291016	0.6524574756622314	0.5801462531089783	0.5383116006851196	0.5823028683662415	0.6701786518096924	0.5427559018135071	0.6458761692047119	0.6300100088119507	0.5920249819755554	0.6096161007881165	0.6217266917228699	0.5989961624145508	0.5573844313621521	0.6275845170021057	0.7447494864463806	0.7074137330055237	0.5405239462852478	0.5869681835174561	0.7224972248077393	0.5878890156745911	0.717139720916748	0.6924784183502197	0.6689031720161438	0.6428028345108032	0.6082009673118591	0.5802285671234131	0.5916726589202881	0.5250122547149658	0.5365995168685913	0.517010509967804	0.5591943860054016	0.5932956337928772	0.5759061574935913	0.7179877161979675	0.7365378737449646	0.7223407626152039	0.5251381397247314	0.6520341634750366	0.5444498062133789	0.5699843168258667	0.619774341583252	0.6074824333190918	0.6019997000694275	0.5939241051673889	0.6461987495422363	0.5890542268753052	0.5413191318511963	0.7504612803459167	0.5787612199783325	0.711358368396759	0.7308706641197205
SRR19621145	0.5882338881492615	0.6358264088630676	0.6468722224235535	0.5967314839363098	0.5926023125648499	0.5611258745193481	0.5767278671264648	0.6692366600036621	0.6857646703720093	0.6137651205062866	0.6062958240509033	0.7157406210899353	0.720611035823822	0.7118513584136963	0.5371459722518921	0.6232126951217651	0.5857539772987366	0.6393688917160034	0.655969500541687	0.6579422950744629	0.595909059047699	0.5969237089157104	0.6225534677505493	0.5873066782951355	0.5591128468513489	0.5273851752281189	0.5400004386901855	0	0.3580581247806549	0.2504964768886566	0.5524905323982239	0.5778612494468689	0.5491630434989929	0.5326457619667053	0.5374785661697388	0.5048468708992004	0.5718887448310852	0.5714103579521179	0.6621453166007996	0.6121772527694702	0.5558388829231262	0.5584481358528137	0.6061366200447083	0.551533043384552	0.5530992150306702	0.5350193381309509	0.5931869745254517	0.579367995262146	0.6120444536209106	0.5714552998542786	0.6704116463661194	0.6667352318763733	0.6796201467514038	0.6617321968078613	0.5872259140014648	0.6897449493408203	0.7043570876121521	0.555878221988678	0.6422293186187744	0.6348767876625061	0.527262806892395	0.6342145800590515	0.6423344612121582	0.5282865166664124	0.6195431351661682	0.6214854121208191	0.6216399669647217	0.6433132290840149	0.5613439679145813	0.5862812995910645	0.6309324502944946	0.597958505153656	0.649241030216217	0.6518136262893677	0.5743162035942078	0.5722190141677856	0.5816255211830139	0.5786662697792053	0.6132103800773621	0.6419453024864197	0.6973723173141479	0.654094398021698	0.5731784701347351	0.5754894018173218	0.6819660067558289	0.5571221709251404	0.6609833240509033	0.6740720868110657	0.6448346376419067	0.6587113738059998	0.5513639450073242	0.5537146329879761	0.5889548063278198	0.5074834823608398	0.5557368993759155	0.5038022994995117	0.5247533917427063	0.5681456327438354	0.5615877509117126	0.7136691808700562	0.7122649550437927	0.7036694884300232	0.525080144405365	0.5929834842681885	0.5495687127113342	0.5590447187423706	0.6112165451049805	0.6100968718528748	0.5642408728599548	0.6048431992530823	0.6067709922790527	0.5526793599128723	0.5326893925666809	0.7440933585166931	0.5561563968658447	0.6874638795852661	0.6772739291191101
SRR19621146	0.6153203248977661	0.6590641736984253	0.6495428085327148	0.5806239247322083	0.6252796649932861	0.5811255574226379	0.5920117497444153	0.6950449347496033	0.7031304836273193	0.6275131702423096	0.5858630537986755	0.7224114537239075	0.7170799970626831	0.7194973230361938	0.4822629392147064	0.6275076270103455	0.6256375908851624	0.6497871875762939	0.6717545986175537	0.668468177318573	0.6393722295761108	0.624500036239624	0.6554007530212402	0.6355289220809937	0.5758353471755981	0.5388462543487549	0.475365549325943	0.3580581247806549	0	0.2971373796463013	0.5357427000999451	0.5821640491485596	0.6016486287117004	0.5266649723052979	0.5513491034507751	0.5361660122871399	0.6245284080505371	0.6174575090408325	0.6787892580032349	0.6413138508796692	0.5676162838935852	0.5988409519195557	0.6195447444915771	0.5747778415679932	0.5845142006874084	0.6041094660758972	0.6659144759178162	0.577977180480957	0.6295590400695801	0.5597110390663147	0.6859236359596252	0.6764755249023438	0.6705381870269775	0.6717396378517151	0.6285540461540222	0.6974313855171204	0.7236074805259705	0.6341502070426941	0.6783820390701294	0.6732365489006042	0.5155619978904724	0.6405141949653625	0.6616777777671814	0.5455496311187744	0.6627699732780457	0.6590235233306885	0.6402276158332825	0.644741952419281	0.5566882491111755	0.5928676724433899	0.683195948600769	0.5946897268295288	0.692033052444458	0.6656473278999329	0.588039219379425	0.5862912535667419	0.5945934057235718	0.5572314858436584	0.5793159008026123	0.6411150097846985	0.7281986474990845	0.6921743154525757	0.5716375112533569	0.6059824824333191	0.7119528651237488	0.5625475645065308	0.6839010119438171	0.7069032788276672	0.6659567952156067	0.6971356868743896	0.5703603029251099	0.5604114532470703	0.6059425473213196	0.5690383315086365	0.5366612076759338	0.5479576587677002	0.5540381073951721	0.5892499089241028	0.5419878959655762	0.731156051158905	0.7334203720092773	0.7255889773368835	0.5206382274627686	0.5824334621429443	0.5356437563896179	0.5849736928939819	0.6281079053878784	0.641068696975708	0.5853816866874695	0.5349810123443604	0.5925131440162659	0.4957301020622253	0.5512799620628357	0.7783073782920837	0.5256540775299072	0.711347222328186	0.7000430226325989
SRR19621147	0.5933834314346313	0.6361867189407349	0.6399626731872559	0.5708202719688416	0.5912905335426331	0.5700325965881348	0.5834425091743469	0.6567575931549072	0.6723068952560425	0.6010080575942993	0.5720382332801819	0.7071272730827332	0.7071034908294678	0.7078476548194885	0.5100328326225281	0.6252513527870178	0.6044926047325134	0.6211345195770264	0.6486108303070068	0.6356885433197021	0.5746683478355408	0.5928850173950195	0.6128783226013184	0.5442292094230652	0.5400391817092896	0.528678834438324	0.484786719083786	0.2504964768886566	0.2971373796463013	0	0.505903959274292	0.5651646852493286	0.5490283966064453	0.4849145114421844	0.4995679557323456	0.4425340890884399	0.5671955943107605	0.555090069770813	0.6652141809463501	0.6265870332717896	0.5193161368370056	0.5403675436973572	0.6025432944297791	0.5533927083015442	0.5129646062850952	0.5235082507133484	0.5729561448097229	0.5552763938903809	0.5931921601295471	0.535395085811615	0.6643849611282349	0.6616559028625488	0.6775972843170166	0.6609131693840027	0.5791426301002502	0.6943292021751404	0.7054386138916016	0.5562090277671814	0.663446843624115	0.6542353630065918	0.5222185850143433	0.6319561004638672	0.6259375214576721	0.5131814479827881	0.6156764030456543	0.6130648255348206	0.6231932640075684	0.6104637384414673	0.5404905080795288	0.5566214919090271	0.6154194474220276	0.5471776723861694	0.611798882484436	0.620919942855835	0.5402945876121521	0.5689932107925415	0.5521690249443054	0.5590415596961975	0.5890710353851318	0.605063259601593	0.6953899264335632	0.6694216132164001	0.5337800979614258	0.5115630030632019	0.6858946084976196	0.4994455575942993	0.6510811448097229	0.6562026143074036	0.6081728339195251	0.6607895493507385	0.5475558638572693	0.5665473341941833	0.580157458782196	0.4865253269672394	0.5352903008460999	0.4764399528503418	0.4738048911094666	0.5336821675300598	0.5418264865875244	0.706377387046814	0.6977798938751221	0.6919748783111572	0.4918444454669952	0.5797100067138672	0.5018083453178406	0.5312583446502686	0.6060288548469543	0.6124187707901001	0.5682599544525146	0.5756736397743225	0.5764127373695374	0.4814475476741791	0.5131280422210693	0.7299165725708008	0.5229635238647461	0.6810765266418457	0.6823059916496277
SRR19621148	0.5862845182418823	0.6326912641525269	0.6079092621803284	0.5991636514663696	0.4994913339614868	0.4923094511032104	0.5049436688423157	0.6220656633377075	0.6625252962112427	0.5835763216018677	0.4959579408168793	0.6366767287254333	0.6617146134376526	0.644637405872345	0.5527082085609436	0.5821457505226135	0.538723349571228	0.5582239031791687	0.5703405141830444	0.536803126335144	0.6091695427894592	0.6812342405319214	0.6052652597427368	0.5379058718681335	0.5914783477783203	0.5621603727340698	0.5246343612670898	0.5524905323982239	0.5357427000999451	0.505903959274292	0	0.3007931113243103	0.6128571629524231	0.2757039964199066	0.4700393974781036	0.4790211021900177	0.5833292603492737	0.5718989968299866	0.5465080738067627	0.5854573845863342	0.535803496837616	0.5851315855979919	0.5899706482887268	0.5845223665237427	0.5662285685539246	0.6143350601196289	0.6287603378295898	0.5776386260986328	0.6165919899940491	0.5385674238204956	0.5840356945991516	0.5865553617477417	0.584799587726593	0.6042279601097107	0.6015039682388306	0.6423702836036682	0.6479089260101318	0.5854312777519226	0.5636818408966064	0.5592988133430481	0.5424314141273499	0.6282892227172852	0.6499859690666199	0.5292642712593079	0.5260555744171143	0.5649712085723877	0.5492404699325562	0.6128470301628113	0.5530127286911011	0.5746580362319946	0.655121386051178	0.5232682228088379	0.6242443323135376	0.5958352088928223	0.4767398834228516	0.5564185976982117	0.5582823753356934	0.5406120419502258	0.5890197157859802	0.5918095707893372	0.6378706097602844	0.5944949388504028	0.5465468764305115	0.6004534959793091	0.6388882994651794	0.5947966575622559	0.6009742617607117	0.6175644993782043	0.5800954103469849	0.5758741497993469	0.4734469950199127	0.490152508020401	0.5422054529190063	0.4535969793796539	0.4626842141151428	0.5033671855926514	0.5014690756797791	0.5069946646690369	0.4960705935955048	0.6152674555778503	0.622340977191925	0.6293436288833618	0.5003236532211304	0.5505533218383789	0.5662742257118225	0.5366672873497009	0.5054696202278137	0.5181166529655457	0.4691770076751709	0.6286945939064026	0.622081458568573	0.5592631697654724	0.4569869339466095	0.7289735078811646	0.5243608355522156	0.6305918097496033	0.6084663271903992
SRR19621149	0.5921322703361511	0.639215350151062	0.6145505309104919	0.5919857621192932	0.4722040295600891	0.4889553189277649	0.5105832815170288	0.5846324563026428	0.640446662902832	0.5765751600265503	0.5316751599311829	0.6180638074874878	0.6456546187400818	0.594684362411499	0.5839912891387939	0.5319530963897705	0.5215495824813843	0.5301132202148438	0.5513913631439209	0.5137937664985657	0.629261314868927	0.6575088500976562	0.6120561361312866	0.5509750247001648	0.6122525930404663	0.5748250484466553	0.5684882998466492	0.5778612494468689	0.5821640491485596	0.5651646852493286	0.3007931113243103	0	0.6202437877655029	0.2855471968650818	0.4547087848186493	0.4996387958526611	0.5565701723098755	0.5471957921981812	0.4698199927806854	0.5508784651756287	0.5156073570251465	0.5338394641876221	0.5305662155151367	0.5816799402236938	0.5876697301864624	0.6269180774688721	0.6516992449760437	0.6026284694671631	0.6327694058418274	0.6045665144920349	0.5525036454200745	0.5577360987663269	0.5321958065032959	0.5525267720222473	0.6040132641792297	0.5868492126464844	0.5889657735824585	0.5614380836486816	0.5044981241226196	0.4954551756381989	0.5324676036834717	0.6004261374473572	0.6335183382034302	0.5621987581253052	0.5072587132453918	0.552320659160614	0.5328124761581421	0.6312562823295593	0.6001163125038147	0.5900408029556274	0.6646441221237183	0.5600705146789551	0.6318849325180054	0.5910189747810364	0.5208351016044617	0.5515010952949524	0.6051988005638123	0.5993776321411133	0.5691507458686829	0.5796495079994202	0.6048070192337036	0.5537989139556885	0.5679840445518494	0.605760931968689	0.6377231478691101	0.5863901972770691	0.5664765238761902	0.6265034675598145	0.5692680478096008	0.5448998212814331	0.4921247065067291	0.5145672559738159	0.5713003873825073	0.4391551613807678	0.4514251947402954	0.431440144777298	0.5032781958580017	0.4892644584178925	0.4952661097049713	0.5988438129425049	0.6077241897583008	0.6085403561592102	0.559613823890686	0.5341815948486328	0.600163459777832	0.5895536541938782	0.4545872807502747	0.4874054789543152	0.4501127898693085	0.5907551050186157	0.5824018120765686	0.6113636493682861	0.4469349086284637	0.7148016691207886	0.5740889310836792	0.6382362842559814	0.6064131259918213
SRR19621150	0.6990415453910828	0.733941376209259	0.6933442950248718	0.6268596053123474	0.6324422359466553	0.6275708079338074	0.6335393190383911	0.6767592430114746	0.6863847374916077	0.6563658118247986	0.5985025763511658	0.7384454607963562	0.7482283711433411	0.7496377825737	0.5905283689498901	0.6448546648025513	0.6436446309089661	0.6656675338745117	0.6625094413757324	0.6855537295341492	0.6698331832885742	0.4073104858398438	0.693869948387146	0.6270546913146973	0.6101183891296387	0.5888705253601074	0.6143962144851685	0.5491630434989929	0.6016486287117004	0.5490283966064453	0.6128571629524231	0.6202437877655029	0	0.6003448963165283	0.6019722819328308	0.5907784700393677	0.6232720613479614	0.5951586961746216	0.67530357837677	0.6798955202102661	0.6063477396965027	0.6258347630500793	0.6117311716079712	0.3945865631103516	0.6474969387054443	0.6340303421020508	0.6385452747344971	0.6376134753227234	0.6251689791679382	0.602380633354187	0.6941482424736023	0.699541449546814	0.7099372744560242	0.6948705911636353	0.5830320119857788	0.689839780330658	0.7100064158439636	0.6112430691719055	0.6633345484733582	0.6631980538368225	0.6258856058120728	0.6832307577133179	0.6146884560585022	0.6118148565292358	0.633467972278595	0.6490926146507263	0.6519367098808289	0.6380441188812256	0.5940198302268982	0.6222147345542908	0.6526179909706116	0.6202676892280579	0.6500747203826904	0.6815260648727417	0.5892816185951233	0.6117302179336548	0.5954946875572205	0.618213951587677	0.6022940874099731	0.6412663459777832	0.6951152682304382	0.6632568836212158	0.5945950746536255	0.6065229177474976	0.7167026400566101	0.6101080179214478	0.640064001083374	0.6839809417724609	0.6648824214935303	0.6918905377388	0.5986281037330627	0.6089743971824646	0.6499066352844238	0.61192387342453	0.6306916475296021	0.6028463840484619	0.6328153610229492	0.6119190454483032	0.6689929962158203	0.7227343916893005	0.6866152286529541	0.7061412334442139	0.6080812215805054	0.608489990234375	0.6126465201377869	0.6259320378303528	0.6342207789421082	0.6168451309204102	0.6090165376663208	0.6513428688049316	0.6482676863670349	0.6115400791168213	0.550649881362915	0.7264689803123474	0.5543556213378906	0.7103753089904785	0.7028887867927551
SRR19621151	0.6111786365509033	0.6319754719734192	0.6272491216659546	0.5746895670890808	0.4902935922145844	0.4826229810714722	0.497437596321106	0.6311601996421814	0.6638156175613403	0.574878990650177	0.5517053604125977	0.6467181444168091	0.6782731413841248	0.6334350109100342	0.5437288880348206	0.5696133375167847	0.535832941532135	0.5485647916793823	0.5958378911018372	0.562713623046875	0.6043001413345337	0.6448807716369629	0.6425336599349976	0.5504396557807922	0.6123386025428772	0.5670749545097351	0.5132461786270142	0.5326457619667053	0.5266649723052979	0.4849145114421844	0.2757039964199066	0.2855471968650818	0.6003448963165283	0	0.4561970233917236	0.4335415363311768	0.5348125696182251	0.539807140827179	0.5533032417297363	0.5905265808105469	0.5276700258255005	0.5427156090736389	0.5862568020820618	0.57295161485672	0.5875615477561951	0.6035977005958557	0.6412334442138672	0.5723540186882019	0.6009865999221802	0.5678836107254028	0.6080260872840881	0.6039802432060242	0.5997833013534546	0.5760990977287292	0.6096053123474121	0.6476317048072815	0.6449872255325317	0.5492294430732727	0.575384259223938	0.553838312625885	0.5052024126052856	0.6310936212539673	0.6615997552871704	0.5039267539978027	0.4912547469139099	0.536148726940155	0.5213934779167175	0.6164477467536926	0.5425543785095215	0.554002583026886	0.6532019376754761	0.5456199049949646	0.6355445384979248	0.6074478030204773	0.4816771745681763	0.5252609252929688	0.5228098034858704	0.556380033493042	0.5675953030586243	0.5760420560836792	0.639980137348175	0.5897523164749146	0.5568364858627319	0.607003927230835	0.6491971015930176	0.576803982257843	0.5875608325004578	0.6006699204444885	0.5746877789497375	0.570123553276062	0.512073278427124	0.5233263969421387	0.5128411650657654	0.4546366930007935	0.4458126723766327	0.4496621787548065	0.4878382682800293	0.5196273922920227	0.5017338991165161	0.6364379525184631	0.6349258422851562	0.6350792050361633	0.5531775951385498	0.5675579309463501	0.5675607323646545	0.5769100189208984	0.5045532584190369	0.5152422785758972	0.4464248418807983	0.5985202789306641	0.5921698212623596	0.5594886541366577	0.449737012386322	0.726360023021698	0.5481957793235779	0.6588000655174255	0.6391822695732117
SRR19621152	0.616402268409729	0.635695219039917	0.6338987350463867	0.5694674849510193	0.5881153345108032	0.5711627006530762	0.5708321928977966	0.6187853813171387	0.6539015769958496	0.6403595805168152	0.5850561261177063	0.6817573308944702	0.6785439252853394	0.6889932155609131	0.4946208894252777	0.5934452414512634	0.5735145807266235	0.5852545499801636	0.6007550358772278	0.6008105278015137	0.625669538974762	0.6300824880599976	0.6237558722496033	0.5581232905387878	0.5629235506057739	0.5244467258453369	0.5308796167373657	0.5374785661697388	0.5513491034507751	0.4995679557323456	0.4700393974781036	0.4547087848186493	0.6019722819328308	0.4561970233917236	0	0.3455553650856018	0.5822229385375977	0.5779966711997986	0.6148008108139038	0.610780656337738	0.5428908467292786	0.5575199127197266	0.5685155391693115	0.5995990633964539	0.5858457088470459	0.6265857815742493	0.6009446978569031	0.5787966251373291	0.5862416625022888	0.5232468843460083	0.6402463316917419	0.6287015080451965	0.6262935400009155	0.6450271606445312	0.6153376698493958	0.674200177192688	0.6756879687309265	0.5819531083106995	0.6181206107139587	0.610339343547821	0.5401119589805603	0.6186792254447937	0.636388897895813	0.5331509113311768	0.577142059803009	0.6328524947166443	0.6082990169525146	0.6004302501678467	0.5787314176559448	0.5795627236366272	0.6526898145675659	0.5370447635650635	0.6074544787406921	0.6060032248497009	0.5322825908660889	0.5602114796638489	0.5959987640380859	0.5610674023628235	0.5754055380821228	0.5650483369827271	0.6781773567199707	0.629441499710083	0.5237621068954468	0.5741861462593079	0.7061357498168945	0.5585641860961914	0.6439393162727356	0.6455426812171936	0.6141986846923828	0.6190955638885498	0.5451321005821228	0.5741910338401794	0.5887771248817444	0.4593685269355774	0.5019428730010986	0.4934538900852203	0.5652012228965759	0.5498099327087402	0.535456120967865	0.6463245749473572	0.6494730114936829	0.6548419594764709	0.5114263296127319	0.5951908826828003	0.586591899394989	0.5617215037345886	0.5451899170875549	0.5662940740585327	0.5305631160736084	0.5487366318702698	0.5458424687385559	0.5070640444755554	0.4834973812103271	0.7470132112503052	0.576752781867981	0.7068636417388916	0.6757598519325256
SRR19621153	0.6242489814758301	0.6673170924186707	0.64756178855896	0.5916996002197266	0.5721773505210876	0.5479864478111267	0.5812631845474243	0.6421850919723511	0.6850377917289734	0.6339228749275208	0.5737392902374268	0.7002665996551514	0.7127487659454346	0.698585033416748	0.3837737143039703	0.624600887298584	0.5943487286567688	0.5878350138664246	0.6199957132339478	0.6088469624519348	0.6056386828422546	0.6296952962875366	0.6594759225845337	0.5948357582092285	0.5527824759483337	0.5080708861351013	0.4743320345878601	0.5048468708992004	0.5361660122871399	0.4425340890884399	0.4790211021900177	0.4996387958526611	0.5907784700393677	0.4335415363311768	0.3455553650856018	0	0.5759099721908569	0.5544403195381165	0.6508175134658813	0.6446357369422913	0.5321604609489441	0.552814245223999	0.5905734300613403	0.5607544183731079	0.5566660165786743	0.5804574489593506	0.6026579141616821	0.5809053778648376	0.6057899594306946	0.5372629165649414	0.6576741933822632	0.64780592918396	0.6624214053153992	0.6307290196418762	0.6099403500556946	0.6861122846603394	0.6989952921867371	0.5585781931877136	0.6470639109611511	0.6381068229675293	0.5213520526885986	0.6301323771476746	0.6389036178588867	0.4921456873416901	0.5507989525794983	0.5736390948295593	0.5827146768569946	0.5971903800964355	0.5430304408073425	0.5446881651878357	0.6070689558982849	0.5102184414863586	0.6007596850395203	0.5961245894432068	0.5355549454689026	0.5690940022468567	0.5702381134033203	0.5247694253921509	0.5821458101272583	0.5525527000427246	0.6896208524703979	0.651187539100647	0.5478881001472473	0.5747780799865723	0.6958805918693542	0.5704399943351746	0.6193342804908752	0.6301174163818359	0.5980478525161743	0.6294745802879333	0.5287529826164246	0.5608361959457397	0.5273035168647766	0.4484065175056458	0.4613386988639832	0.4360087513923645	0.5099613070487976	0.5343083143234253	0.5355338454246521	0.6777369976043701	0.6874600648880005	0.6888810396194458	0.5438787341117859	0.5703607797622681	0.5607411861419678	0.5818023681640625	0.5559942126274109	0.5690116286277771	0.49036505818367	0.6070953011512756	0.618787407875061	0.5242100358009338	0.500557005405426	0.7291576862335205	0.5618035197257996	0.7043030261993408	0.7022715210914612
SRR19621154	0.6565815210342407	0.6841554641723633	0.6737119555473328	0.5668398141860962	0.6271363496780396	0.5667995810508728	0.6489434242248535	0.5917738080024719	0.6355332732200623	0.6104722619056702	0.6891990900039673	0.6763221621513367	0.6984038352966309	0.6779718995094299	0.6596134305000305	0.6444957256317139	0.6304177641868591	0.5878704786300659	0.5914563536643982	0.6062257885932922	0.5982687473297119	0.6643928289413452	0.6104034781455994	0.5686858296394348	0.6084399819374084	0.6044744253158569	0.5955457091331482	0.5718887448310852	0.6245284080505371	0.5671955943107605	0.5833292603492737	0.5565701723098755	0.6232720613479614	0.5348125696182251	0.5822229385375977	0.5759099721908569	0	0.2583627700805664	0.6483713388442993	0.6653302311897278	0.6032480597496033	0.5698299407958984	0.6066673994064331	0.6305073499679565	0.6266565918922424	0.6231814026832581	0.61161869764328	0.6310667991638184	0.6241552233695984	0.6251494884490967	0.6466356515884399	0.6378037333488464	0.6421709656715393	0.6392260789871216	0.6048120856285095	0.6836811304092407	0.6925204396247864	0.2047367841005325	0.6436525583267212	0.6277084946632385	0.5211014747619629	0.6156895160675049	0.6331857442855835	0.5913353562355042	0.5838447213172913	0.6125619411468506	0.5851913690567017	0.6629115343093872	0.6001986861228943	0.564501941204071	0.6588621735572815	0.642865002155304	0.6358122825622559	0.6150042414665222	0.6175786852836609	0.6553232073783875	0.630910336971283	0.6700863242149353	0.596285879611969	0.6239544749259949	0.6993966102600098	0.6496651768684387	0.600892186164856	0.5995492935180664	0.7172492742538452	0.6081835627555847	0.655975878238678	0.6652201414108276	0.6301717162132263	0.6347199082374573	0.6286500096321106	0.6538623571395874	0.6757926344871521	0.5421363115310669	0.5846511125564575	0.5398297309875488	0.5848370790481567	0.5872153043746948	0.6338434219360352	0.6949099898338318	0.7091068029403687	0.6990244388580322	0.5877799987792969	0.6671580076217651	0.6128438711166382	0.6042472720146179	0.5591101050376892	0.5796594619750977	0.5672737956047058	0.6326392889022827	0.6273163557052612	0.6496289968490601	0.5359362959861755	0.7174613475799561	0.6645078063011169	0.7014503479003906	0.7159579992294312
SRR19621155	0.656017541885376	0.6904768943786621	0.6677346229553223	0.5913559198379517	0.609783411026001	0.568003237247467	0.6385403871536255	0.6152212023735046	0.6345212459564209	0.6143026947975159	0.6740058660507202	0.6852597594261169	0.7000176310539246	0.7006711959838867	0.6418144106864929	0.618494987487793	0.614047646522522	0.5988960862159729	0.5891231894493103	0.6081733703613281	0.602773904800415	0.6681572794914246	0.6342043876647949	0.5589051246643066	0.6021059155464172	0.5924555659294128	0.573070764541626	0.5714103579521179	0.6174575090408325	0.555090069770813	0.5718989968299866	0.5471957921981812	0.5951586961746216	0.539807140827179	0.5779966711997986	0.5544403195381165	0.2583627700805664	0	0.641559898853302	0.6502608060836792	0.5831958055496216	0.5970353484153748	0.5904711484909058	0.6166493892669678	0.6058088541030884	0.6332987546920776	0.6362928152084351	0.6360592246055603	0.6038602590560913	0.6074489951133728	0.6564470529556274	0.6407603621482849	0.6527368426322937	0.6354677677154541	0.6366146206855774	0.6849215626716614	0.6910591721534729	0.2380824685096741	0.649654746055603	0.6422932744026184	0.534994900226593	0.617709755897522	0.6221536993980408	0.5703434348106384	0.5957903265953064	0.6313609480857849	0.6110399961471558	0.6309994459152222	0.5986461043357849	0.5617231130599976	0.6623176336288452	0.6190871000289917	0.6418831348419189	0.6138064861297607	0.58283931016922	0.6419545412063599	0.6279802918434143	0.6553953886032104	0.5923517346382141	0.6269569396972656	0.7122648954391479	0.6501082181930542	0.599839448928833	0.5996450185775757	0.7328227162361145	0.6070348620414734	0.6532049775123596	0.6787343621253967	0.6342533230781555	0.6367860436439514	0.630504846572876	0.6362025737762451	0.6606055498123169	0.538867712020874	0.5840684771537781	0.5425905585289001	0.5797463059425354	0.5797721743583679	0.6106943488121033	0.6926240921020508	0.7058315873146057	0.6899927854537964	0.5677862167358398	0.6539220213890076	0.5882790684700012	0.5720622539520264	0.5908023118972778	0.5660717487335205	0.5735458731651306	0.6113695502281189	0.6326813697814941	0.6372261643409729	0.5087214112281799	0.7180024981498718	0.6440975069999695	0.6977274417877197	0.7154552936553955
SRR19621156	0.571985125541687	0.6009135246276855	0.602130651473999	0.6784909963607788	0.5008646249771118	0.5788766741752625	0.5675681233406067	0.5563850998878479	0.5876538157463074	0.5192787647247314	0.6391456723213196	0.5247582197189331	0.5624936819076538	0.515825092792511	0.6704743504524231	0.4842268526554108	0.4742842316627502	0.5197314620018005	0.517231822013855	0.5057274699211121	0.6206316947937012	0.7101931571960449	0.59074866771698	0.5808264017105103	0.7069252133369446	0.697184681892395	0.6943897604942322	0.6621453166007996	0.6787892580032349	0.6652141809463501	0.5465080738067627	0.4698199927806854	0.67530357837677	0.5533032417297363	0.6148008108139038	0.6508175134658813	0.6483713388442993	0.641559898853302	0	0.4674416482448578	0.5797070264816284	0.605929434299469	0.580986499786377	0.6389127373695374	0.6015830039978027	0.6168288588523865	0.6459977626800537	0.6893178820610046	0.6683476567268372	0.6831666231155396	0.5387676358222961	0.5144198536872864	0.5179861783981323	0.4970034956932068	0.6580289006233215	0.4945178031921387	0.5038588643074036	0.650806188583374	0.3095216453075409	0.2790629863739014	0.6454329490661621	0.6581962704658508	0.6939769387245178	0.664637565612793	0.5781337022781372	0.6394974589347839	0.6012570858001709	0.7003514766693115	0.6861205101013184	0.6509495973587036	0.6955443024635315	0.6736688613891602	0.6072483062744141	0.5935240387916565	0.6371493339538574	0.6562865972518921	0.6887733340263367	0.6820449233055115	0.6770622730255127	0.6671262979507446	0.6004356741905212	0.5856208205223083	0.6767410039901733	0.6928258538246155	0.5913217067718506	0.6843936443328857	0.5388403534889221	0.6329581737518311	0.5579022765159607	0.555678129196167	0.5808423757553101	0.6254963278770447	0.6668051481246948	0.5922592878341675	0.5253476500511169	0.594806432723999	0.5849598050117493	0.552014172077179	0.5714045166969299	0.5456727147102356	0.5403841137886047	0.5236574411392212	0.6431431770324707	0.6436258554458618	0.684938371181488	0.5965443253517151	0.5247809290885925	0.5451213121414185	0.5538740754127502	0.693011462688446	0.6919095516204834	0.6740188002586365	0.557777464389801	0.7359101176261902	0.6647709012031555	0.5762801766395569	0.5212795734405518
SRR19621157	0.5184992551803589	0.558946967124939	0.584263026714325	0.6787105798721313	0.5236339569091797	0.5963022112846375	0.5412818789482117	0.5673335194587708	0.5856644511222839	0.5196816325187683	0.6469554901123047	0.5708798766136169	0.5799728035926819	0.567247211933136	0.6708400845527649	0.2858630418777466	0.2866114675998688	0.5525025725364685	0.5300583839416504	0.5340725183486938	0.6254958510398865	0.7265658378601074	0.5784703493118286	0.5715551376342773	0.7103040218353271	0.6982569098472595	0.7049171924591064	0.6121772527694702	0.6413138508796692	0.6265870332717896	0.5854573845863342	0.5508784651756287	0.6798955202102661	0.5905265808105469	0.610780656337738	0.6446357369422913	0.6653302311897278	0.6502608060836792	0.4674416482448578	0	0.6034212112426758	0.6379862427711487	0.5836402177810669	0.6829916834831238	0.5758825540542603	0.5913651585578918	0.6341426968574524	0.6873492002487183	0.6910663247108459	0.6930785775184631	0.5726420283317566	0.5537479519844055	0.5565145611763	0.5691973567008972	0.6599234938621521	0.5646792054176331	0.5894761085510254	0.6691316366195679	0.4903834164142609	0.4521617889404297	0.6581897139549255	0.6759316921234131	0.6950134634971619	0.6760345697402954	0.6067919135093689	0.6552981734275818	0.6205719709396362	0.6858989000320435	0.6692785024642944	0.6365731358528137	0.7006512880325317	0.6987053155899048	0.6268376708030701	0.5893551707267761	0.643025279045105	0.6732847690582275	0.6877059936523438	0.7011986374855042	0.7150131464004517	0.694859504699707	0.6156047582626343	0.613831102848053	0.7049285173416138	0.7037261724472046	0.6278136968612671	0.6879873275756836	0.5740697979927063	0.6252574920654297	0.5827728509902954	0.5941329002380371	0.5624645948410034	0.6335713267326355	0.6686191558837891	0.5747526884078979	0.5383839011192322	0.5887762904167175	0.5604737401008606	0.5222064256668091	0.5459427833557129	0.559420108795166	0.5851843953132629	0.5583935976028442	0.6692071557044983	0.6223688125610352	0.7219892740249634	0.6278913021087646	0.559314489364624	0.5533134341239929	0.5780784487724304	0.7010800242424011	0.6922194957733154	0.6610047221183777	0.5878607630729675	0.747103214263916	0.6545842885971069	0.5956392884254456	0.5632592439651489
SRR19621158	0.6166136264801025	0.6545636653900146	0.6736887693405151	0.5951100587844849	0.5866140723228455	0.5779775381088257	0.5550230145454407	0.6075558066368103	0.6185204386711121	0.5743698477745056	0.5957533121109009	0.6637427806854248	0.6664884686470032	0.6668668985366821	0.559761106967926	0.6312363743782043	0.5880743265151978	0.5866082310676575	0.6038137078285217	0.606391966342926	0.6317751407623291	0.6426962614059448	0.6220435500144958	0.5804297924041748	0.6171319484710693	0.6225302219390869	0.5952123999595642	0.5558388829231262	0.5676162838935852	0.5193161368370056	0.535803496837616	0.5156073570251465	0.6063477396965027	0.5276700258255005	0.5428908467292786	0.5321604609489441	0.6032480597496033	0.5831958055496216	0.5797070264816284	0.6034212112426758	0	0.3728446066379547	0.3214580416679382	0.6080195307731628	0.5740894675254822	0.6151473522186279	0.6369524002075195	0.620577871799469	0.6514248847961426	0.5977462530136108	0.6417084336280823	0.6383191347122192	0.6281622648239136	0.6377626657485962	0.5814996957778931	0.6529882550239563	0.6587491631507874	0.5883033871650696	0.6153315305709839	0.6120010614395142	0.5409731268882751	0.5923014283180237	0.6246988773345947	0.5893331170082092	0.5767049193382263	0.6389500498771667	0.6139635443687439	0.7058964967727661	0.6193217635154724	0.6160226464271545	0.6538136005401611	0.6001347303390503	0.6259084939956665	0.6223863959312439	0.5597229599952698	0.5995098352432251	0.5965035557746887	0.6277607679367065	0.6235590577125549	0.6272072792053223	0.6517582535743713	0.6390984058380127	0.577450692653656	0.5958177447319031	0.703615665435791	0.5833349823951721	0.6212853193283081	0.6543737649917603	0.6130198836326599	0.6019420027732849	0.5910820364952087	0.5970306992530823	0.6380451917648315	0.5257091522216797	0.5521443486213684	0.5468636155128479	0.5275776386260986	0.5338711142539978	0.5241294503211975	0.6692935824394226	0.7026662826538086	0.6639646887779236	0.5495384335517883	0.5594611167907715	0.5487899780273438	0.5820475220680237	0.566268265247345	0.5743486285209656	0.5485669374465942	0.6465373039245605	0.6761483550071716	0.6202267408370972	0.4636500477790833	0.7247344255447388	0.5792949199676514	0.6902719140052795	0.6775751709938049
SRR19621159	0.6460554003715515	0.6665648221969604	0.7063146233558655	0.5771333575248718	0.619248628616333	0.5817596316337585	0.5869343876838684	0.6136336922645569	0.6348007321357727	0.602830171585083	0.6173798441886902	0.685573399066925	0.6995002031326294	0.6640648245811462	0.5872548222541809	0.6244243979454041	0.6143345832824707	0.5775916576385498	0.603491485118866	0.6141273975372314	0.6100009083747864	0.6428793668746948	0.6381285786628723	0.5792666077613831	0.6467146277427673	0.6479347348213196	0.5922459363937378	0.5584481358528137	0.5988409519195557	0.5403675436973572	0.5851315855979919	0.5338394641876221	0.6258347630500793	0.5427156090736389	0.5575199127197266	0.552814245223999	0.5698299407958984	0.5970353484153748	0.605929434299469	0.6379862427711487	0.3728446066379547	0	0.37824347615242	0.5949581861495972	0.6166811585426331	0.6295017004013062	0.652739405632019	0.6336907148361206	0.6350850462913513	0.5940576195716858	0.6425007581710815	0.6623740196228027	0.646867036819458	0.6367330551147461	0.6149407029151917	0.6380428075790405	0.6482215523719788	0.5703624486923218	0.5934855341911316	0.6195554137229919	0.5597805380821228	0.6385157108306885	0.6345369815826416	0.575939953327179	0.5805075168609619	0.6493715643882751	0.6226162314414978	0.7094171047210693	0.6399853229522705	0.6373226642608643	0.6606075763702393	0.6017717123031616	0.6180020570755005	0.626307487487793	0.6011039614677429	0.5677078366279602	0.6129807233810425	0.6307884454727173	0.5828772187232971	0.6196174621582031	0.662201464176178	0.6286322474479675	0.6041671633720398	0.6137665510177612	0.6949522495269775	0.607302725315094	0.618834912776947	0.6338055729866028	0.5935246348381042	0.6274401545524597	0.5987907648086548	0.6126641631126404	0.6377466320991516	0.531959056854248	0.5474656224250793	0.5190335512161255	0.5296254754066467	0.5579126477241516	0.5779044628143311	0.6807408928871155	0.7080702185630798	0.6726970076560974	0.5739534497261047	0.5937647223472595	0.5952349305152893	0.6190409064292908	0.5551406145095825	0.5777860283851624	0.5614016056060791	0.6710510849952698	0.6830319166183472	0.6510718464851379	0.4861890077590942	0.7193304896354675	0.6206836104393005	0.695483386516571	0.6997268199920654
SRR19621160	0.6223441958427429	0.6660186052322388	0.6780673861503601	0.644733726978302	0.6087037324905396	0.5747138857841492	0.5942680239677429	0.588953971862793	0.6056485176086426	0.5783313512802124	0.6285465359687805	0.663056492805481	0.6619465351104736	0.6494269371032715	0.6283006072044373	0.6150550246238708	0.5676817297935486	0.5980680584907532	0.5905011892318726	0.6213557720184326	0.6489298939704895	0.6476337313652039	0.6328416466712952	0.5930936932563782	0.6360334157943726	0.6070017218589783	0.6144745349884033	0.6061366200447083	0.6195447444915771	0.6025432944297791	0.5899706482887268	0.5305662155151367	0.6117311716079712	0.5862568020820618	0.5685155391693115	0.5905734300613403	0.6066673994064331	0.5904711484909058	0.580986499786377	0.5836402177810669	0.3214580416679382	0.37824347615242	0	0.6234087944030762	0.6199034452438354	0.6557226777076721	0.6549976468086243	0.6556630730628967	0.6635565161705017	0.6227536797523499	0.6354085206985474	0.6269829869270325	0.6259056329727173	0.614038348197937	0.6075314879417419	0.6119009852409363	0.6312556266784668	0.5963242650032043	0.5764010548591614	0.5834181904792786	0.5526150465011597	0.6045819520950317	0.611077606678009	0.6365066766738892	0.596464216709137	0.6433495879173279	0.6257181167602539	0.6908260583877563	0.6715796589851379	0.632373571395874	0.685255229473114	0.6304566860198975	0.619059681892395	0.60130375623703	0.6244179606437683	0.6266881227493286	0.660661518573761	0.6999695897102356	0.6122803092002869	0.67128986120224	0.6471991539001465	0.6184074878692627	0.6342800259590149	0.6284584403038025	0.7034595012664795	0.6294565200805664	0.6468132734298706	0.6693213582038879	0.6281574368476868	0.5928072929382324	0.6077835559844971	0.5870950818061829	0.665989875793457	0.5278565287590027	0.5855691432952881	0.5596423149108887	0.5812134742736816	0.5674773454666138	0.5828210711479187	0.6791111826896667	0.7145835757255554	0.6717420220375061	0.6131360530853271	0.5684176087379456	0.6282076835632324	0.6260045766830444	0.5758388042449951	0.5715523958206177	0.5873753428459167	0.6688749194145203	0.7043434977531433	0.6804787516593933	0.5136969685554504	0.736011266708374	0.6119016408920288	0.6724443435668945	0.6942054629325867
SRR19621161	0.7045710682868958	0.741375207901001	0.6897946000099182	0.5746414065361023	0.5791237354278564	0.5650237798690796	0.5914998054504395	0.6821384429931641	0.7294017672538757	0.6495103240013123	0.5325107574462891	0.7379823327064514	0.7520203590393066	0.7282260060310364	0.5549756288528442	0.6273515224456787	0.6472857594490051	0.6385582089424133	0.6581400632858276	0.6469457149505615	0.6676591634750366	0.4269894063472748	0.7010332345962524	0.6533551812171936	0.6335324048995972	0.6013866066932678	0.5919836759567261	0.551533043384552	0.5747778415679932	0.5533927083015442	0.5845223665237427	0.5816799402236938	0.3945865631103516	0.57295161485672	0.5995990633964539	0.5607544183731079	0.6305073499679565	0.6166493892669678	0.6389127373695374	0.6829916834831238	0.6080195307731628	0.5949581861495972	0.6234087944030762	0	0.6538498401641846	0.6390842199325562	0.6858214139938354	0.5847399234771729	0.5691897869110107	0.5444753170013428	0.6854960322380066	0.6821184158325195	0.6842802166938782	0.6756711602210999	0.6202875375747681	0.6753560304641724	0.686199963092804	0.6136993169784546	0.6470624804496765	0.6521201729774475	0.6310953497886658	0.7094401717185974	0.6622195839881897	0.6091826558113098	0.6204456686973572	0.6653314232826233	0.650593638420105	0.6531066298484802	0.6161893606185913	0.6362932324409485	0.6549506187438965	0.5837982892990112	0.6586424112319946	0.679211437702179	0.5690892934799194	0.5680193901062012	0.5850719213485718	0.6000426411628723	0.5930416584014893	0.6463467478752136	0.6991258263587952	0.6738733649253845	0.6110268235206604	0.650324285030365	0.6932070255279541	0.6391710042953491	0.6272624731063843	0.6971201300621033	0.640484631061554	0.6763257384300232	0.5487368106842041	0.5418770909309387	0.5658876895904541	0.6059434413909912	0.5857687592506409	0.5708048343658447	0.5854408740997314	0.5640214681625366	0.5998926162719727	0.6961538791656494	0.690551221370697	0.6863079071044922	0.5791134238243103	0.536249577999115	0.5785221457481384	0.6249924898147583	0.5956502556800842	0.632968544960022	0.5670564770698547	0.6405174136161804	0.6490646600723267	0.6191619634628296	0.5263840556144714	0.7195205688476562	0.5211068391799927	0.6884047985076904	0.6815342307090759
SRR19621162	0.5511865615844727	0.5993372201919556	0.5814468860626221	0.6511946320533752	0.5930794477462769	0.661846935749054	0.6536988019943237	0.5797560214996338	0.6096667647361755	0.5699513554573059	0.661832869052887	0.6614328026771545	0.6557459235191345	0.6580872535705566	0.6202109456062317	0.5981963872909546	0.5775445103645325	0.5815063714981079	0.5713458657264709	0.5677493214607239	0.5423913598060608	0.684461236000061	0.5147827863693237	0.5203471183776855	0.6311926245689392	0.6345740556716919	0.6271315813064575	0.5530992150306702	0.5845142006874084	0.5129646062850952	0.5662285685539246	0.5876697301864624	0.6474969387054443	0.5875615477561951	0.5858457088470459	0.5566660165786743	0.6266565918922424	0.6058088541030884	0.6015830039978027	0.5758825540542603	0.5740894675254822	0.6166811585426331	0.6199034452438354	0.6538498401641846	0	0.3381710946559906	0.4337500929832458	0.6247900724411011	0.6710001826286316	0.6282614469528198	0.6181192398071289	0.6222509741783142	0.612987756729126	0.6503292918205261	0.5988582372665405	0.6548143625259399	0.6542049050331116	0.6279839873313904	0.6246628761291504	0.6056252121925354	0.566606879234314	0.5873435139656067	0.6182953715324402	0.5564839839935303	0.6614260077476501	0.6762791872024536	0.6750362515449524	0.6761382222175598	0.6151623129844666	0.6187853813171387	0.6127996444702148	0.6348251700401306	0.5597359538078308	0.573999285697937	0.599854588508606	0.6395100355148315	0.6456751823425293	0.6302714347839355	0.6567203998565674	0.6402868032455444	0.6964079737663269	0.6926906108856201	0.6045888662338257	0.5830170512199402	0.6698002815246582	0.5955590009689331	0.621825098991394	0.6153134107589722	0.5823023915290833	0.669488787651062	0.5939164161682129	0.6282919049263	0.6558651924133301	0.5229489803314209	0.5360387563705444	0.579706609249115	0.5609943866729736	0.5417134165763855	0.5392686128616333	0.6561254262924194	0.675621509552002	0.6514871120452881	0.5440197587013245	0.6312088370323181	0.5719387531280518	0.4768765270709991	0.6328064203262329	0.6554980278015137	0.6502232551574707	0.6615960001945496	0.6873721480369568	0.6225554347038269	0.5553436279296875	0.7411569356918335	0.6123359799385071	0.6627632975578308	0.6590451598167419
SRR19621163	0.5717217326164246	0.6169722080230713	0.6235318779945374	0.6467348337173462	0.6073682904243469	0.6621646285057068	0.6798012256622314	0.6170602440834045	0.6387981772422791	0.5650976896286011	0.6890898942947388	0.7009132504463196	0.6897658109664917	0.6731685400009155	0.5725861191749573	0.6047850847244263	0.5916389226913452	0.5907588005065918	0.6115991473197937	0.6131314635276794	0.5575846433639526	0.6658453941345215	0.590646505355835	0.5421191453933716	0.6083310842514038	0.6160784363746643	0.6150938868522644	0.5350193381309509	0.6041094660758972	0.5235082507133484	0.6143350601196289	0.6269180774688721	0.6340303421020508	0.6035977005958557	0.6265857815742493	0.5804574489593506	0.6231814026832581	0.6332987546920776	0.6168288588523865	0.5913651585578918	0.6151473522186279	0.6295017004013062	0.6557226777076721	0.6390842199325562	0.3381710946559906	0	0.4051701426506042	0.6108283400535583	0.6505815982818604	0.6206642985343933	0.6445459127426147	0.6513100266456604	0.649613618850708	0.661287248134613	0.6196677684783936	0.6731002330780029	0.6906342506408691	0.6266921162605286	0.6280382871627808	0.6074816584587097	0.5903950929641724	0.6281717419624329	0.6428190469741821	0.5890775918960571	0.665985643863678	0.6635393500328064	0.682759702205658	0.6974535584449768	0.6261321902275085	0.6265411376953125	0.6144627332687378	0.6831222176551819	0.5929604768753052	0.6321458220481873	0.6456247568130493	0.6399070620536804	0.6479524374008179	0.6368653774261475	0.6638278961181641	0.6806868314743042	0.7372367978096008	0.7223877310752869	0.6317852735519409	0.6197906136512756	0.6616648435592651	0.6196421980857849	0.6140908598899841	0.6318276524543762	0.6041194200515747	0.7000543475151062	0.6338099837303162	0.6625238060951233	0.689227819442749	0.5894482135772705	0.5452786087989807	0.5901773571968079	0.5767772793769836	0.5792338848114014	0.6087860465049744	0.6958565711975098	0.7062898278236389	0.6950904130935669	0.5786145925521851	0.6718390583992004	0.5971748232841492	0.5370793342590332	0.6514163017272949	0.6710089445114136	0.6333277225494385	0.6592893004417419	0.6860097050666809	0.6270523071289062	0.6078847646713257	0.7508708834648132	0.6460927724838257	0.6775676012039185	0.6636377573013306
SRR19621164	0.5453445911407471	0.5634379982948303	0.5987445116043091	0.7029532194137573	0.6449708938598633	0.6927422881126404	0.7019453644752502	0.5987695455551147	0.6027393937110901	0.6104201078414917	0.7009713053703308	0.6849010586738586	0.6745596528053284	0.6929278373718262	0.6307843327522278	0.6260948777198792	0.6010767817497253	0.6263623237609863	0.6102357506752014	0.6169335842132568	0.5240293741226196	0.7042089700698853	0.5302045941352844	0.5268107056617737	0.5737842917442322	0.6134375929832458	0.6415622234344482	0.5931869745254517	0.6659144759178162	0.5729561448097229	0.6287603378295898	0.6516992449760437	0.6385452747344971	0.6412334442138672	0.6009446978569031	0.6026579141616821	0.61161869764328	0.6362928152084351	0.6459977626800537	0.6341426968574524	0.6369524002075195	0.652739405632019	0.6549976468086243	0.6858214139938354	0.4337500929832458	0.4051701426506042	0	0.6554878354072571	0.6773334741592407	0.6424822211265564	0.644341766834259	0.6527010798454285	0.6644737124443054	0.6867495775222778	0.6065383553504944	0.6905779242515564	0.7002580761909485	0.629555881023407	0.651340126991272	0.6309112310409546	0.6277342438697815	0.6170139312744141	0.6318457126617432	0.6294998526573181	0.6932691335678101	0.6819487810134888	0.7217912673950195	0.7098225355148315	0.6547089219093323	0.664126455783844	0.6471261382102966	0.6668014526367188	0.5544170141220093	0.6212639808654785	0.6405571699142456	0.6814836859703064	0.6765138506889343	0.6808533668518066	0.6957027912139893	0.690471351146698	0.7229501008987427	0.7082372903823853	0.5803006291389465	0.5459712147712708	0.6821171045303345	0.6104727983474731	0.6738516688346863	0.6658049821853638	0.6283668279647827	0.6798867583274841	0.6505993008613586	0.6793138384819031	0.7256283760070801	0.5721575617790222	0.5843077301979065	0.6175047159194946	0.6419606804847717	0.6210911870002747	0.6640754342079163	0.6897864937782288	0.6999748349189758	0.6823136210441589	0.5553562045097351	0.6875020861625671	0.6230188608169556	0.5056372284889221	0.6653158068656921	0.6510013341903687	0.6793110370635986	0.6979596018791199	0.7138387560844421	0.6593688130378723	0.6088954210281372	0.7603057622909546	0.6564264893531799	0.6864687204360962	0.6751152873039246
SRR19621165	0.6833632588386536	0.7165539264678955	0.673713743686676	0.5710706114768982	0.6475093960762024	0.6035870909690857	0.6140357255935669	0.6981309652328491	0.7442309260368347	0.6715008020401001	0.5972349047660828	0.7533062100410461	0.7484749555587769	0.7435945868492126	0.5485103726387024	0.6753537058830261	0.6594922542572021	0.6680583357810974	0.6864036321640015	0.6804370284080505	0.6877827048301697	0.6484305858612061	0.6962597370147705	0.6375860571861267	0.6299960613250732	0.6046082377433777	0.6295114159584045	0.579367995262146	0.577977180480957	0.5552763938903809	0.5776386260986328	0.6026284694671631	0.6376134753227234	0.5723540186882019	0.5787966251373291	0.5809053778648376	0.6310667991638184	0.6360592246055603	0.6893178820610046	0.6873492002487183	0.620577871799469	0.6336907148361206	0.6556630730628967	0.5847399234771729	0.6247900724411011	0.6108283400535583	0.6554878354072571	0	0.3481074571609497	0.3377105891704559	0.6991189122200012	0.7074031233787537	0.7269690036773682	0.6973679065704346	0.6758701801300049	0.7267064452171326	0.7319949865341187	0.6328793168067932	0.6834051609039307	0.6952707767486572	0.6218997240066528	0.7082352042198181	0.7094182372093201	0.5919042825698853	0.6254532933235168	0.6866606473922729	0.6456301212310791	0.6738705039024353	0.6064577698707581	0.6244329810142517	0.6856670379638672	0.6302753090858459	0.7119365930557251	0.715836226940155	0.5792624950408936	0.5982184410095215	0.5943645834922791	0.5959912538528442	0.6269980072975159	0.6234059929847717	0.7402155995368958	0.7071697115898132	0.5902094841003418	0.6305811405181885	0.7207006216049194	0.6742713451385498	0.6971908807754517	0.7096232175827026	0.6903582811355591	0.7006542682647705	0.5816146731376648	0.6299310326576233	0.6277788877487183	0.6071581840515137	0.6410228610038757	0.6037200093269348	0.6099095344543457	0.5943824052810669	0.5753850936889648	0.729338526725769	0.7373363375663757	0.732092022895813	0.5620102882385254	0.6231475472450256	0.6160022020339966	0.6235763430595398	0.6304141879081726	0.6435452699661255	0.56467604637146	0.6097397804260254	0.5498714447021484	0.5674903988838196	0.5903461575508118	0.7729026079177856	0.6146699786186218	0.7347941994667053	0.7022739052772522
SRR19621166	0.6771501302719116	0.7010286450386047	0.6720646619796753	0.5622372031211853	0.6609060764312744	0.6094127893447876	0.6314108371734619	0.7082387804985046	0.7477856278419495	0.6966676712036133	0.6207737326622009	0.7340174317359924	0.7444038391113281	0.7452763915061951	0.5880303382873535	0.6503328680992126	0.6552466154098511	0.6595746874809265	0.6880488395690918	0.6867758631706238	0.6877093911170959	0.6323137879371643	0.6994966268539429	0.6486020088195801	0.6474013328552246	0.6337268352508545	0.6418208479881287	0.6120444536209106	0.6295590400695801	0.5931921601295471	0.6165919899940491	0.6327694058418274	0.6251689791679382	0.6009865999221802	0.5862416625022888	0.6057899594306946	0.6241552233695984	0.6038602590560913	0.6683476567268372	0.6910663247108459	0.6514248847961426	0.6350850462913513	0.6635565161705017	0.5691897869110107	0.6710001826286316	0.6505815982818604	0.6773334741592407	0.3481074571609497	0	0.2926989793777466	0.7080350518226624	0.7120819091796875	0.7321199774742126	0.7009491920471191	0.7089081406593323	0.7301396727561951	0.7316866517066956	0.6269141435623169	0.6750730872154236	0.6836249828338623	0.6649526357650757	0.7057111859321594	0.7250733375549316	0.6414763331413269	0.6444389820098877	0.714861273765564	0.6745951771736145	0.6510919332504272	0.6227871775627136	0.6488057374954224	0.705299437046051	0.605240523815155	0.680031955242157	0.6684023141860962	0.5960346460342407	0.5977190732955933	0.5880778431892395	0.6258195638656616	0.6289342045783997	0.6740813851356506	0.7363733053207397	0.7028641700744629	0.6254448890686035	0.6482439637184143	0.7098820209503174	0.6926491856575012	0.6747767329216003	0.7093496322631836	0.6624488830566406	0.6945252418518066	0.5693057775497437	0.6698253750801086	0.649625301361084	0.6257590055465698	0.6467370390892029	0.6356173157691956	0.6126280426979065	0.6115285754203796	0.582467794418335	0.7143059968948364	0.6956095695495605	0.7058972716331482	0.6089031100273132	0.6427133679389954	0.616369903087616	0.6363747119903564	0.6166653633117676	0.6232289671897888	0.5731889009475708	0.6278515458106995	0.6109899878501892	0.5572966933250427	0.5837534666061401	0.7553765177726746	0.6030846238136292	0.7165623307228088	0.6767021417617798
SRR19621167	0.6623751521110535	0.686786949634552	0.6551362872123718	0.5379687547683716	0.6477653980255127	0.5818712711334229	0.6081113815307617	0.695507824420929	0.7375636100769043	0.6719967126846313	0.5698721408843994	0.7385784387588501	0.7452088594436646	0.7466793060302734	0.5417999625205994	0.6545156836509705	0.662375807762146	0.6352739334106445	0.6585351228713989	0.6585666537284851	0.6594251394271851	0.6347830295562744	0.6665602326393127	0.6074874997138977	0.5990557670593262	0.5948493480682373	0.565603494644165	0.5714552998542786	0.5597110390663147	0.535395085811615	0.5385674238204956	0.6045665144920349	0.602380633354187	0.5678836107254028	0.5232468843460083	0.5372629165649414	0.6251494884490967	0.6074489951133728	0.6831666231155396	0.6930785775184631	0.5977462530136108	0.5940576195716858	0.6227536797523499	0.5444753170013428	0.6282614469528198	0.6206642985343933	0.6424822211265564	0.3377105891704559	0.2926989793777466	0	0.6812164783477783	0.6891972422599792	0.710659384727478	0.6932772994041443	0.6807516813278198	0.7270405292510986	0.7279624938964844	0.6296828985214233	0.6790765523910522	0.6910142302513123	0.6255753636360168	0.6746975183486938	0.6976367831230164	0.5832444429397583	0.6134359240531921	0.6836913228034973	0.6472291946411133	0.6382774710655212	0.6022403240203857	0.6441490650177002	0.6797939538955688	0.5467596650123596	0.6484797596931458	0.6535692811012268	0.5416324734687805	0.5630130767822266	0.5598511099815369	0.5813987255096436	0.599520742893219	0.6447482705116272	0.7254389524459839	0.6954681277275085	0.571951687335968	0.6064390540122986	0.7094452977180481	0.6762588024139404	0.6719675064086914	0.6770473122596741	0.633212685585022	0.6941447854042053	0.5805591344833374	0.6327558159828186	0.5935030579566956	0.5839276313781738	0.5919648408889771	0.5864610075950623	0.5791898369789124	0.5916208624839783	0.554452121257782	0.7050706148147583	0.7058149576187134	0.7066928744316101	0.5268874764442444	0.6052939295768738	0.5295761227607727	0.5715659260749817	0.6107308268547058	0.6134398579597473	0.5748594999313354	0.6255115270614624	0.6087116003036499	0.5534272193908691	0.5215083956718445	0.7409118413925171	0.5756902694702148	0.7215251326560974	0.6943356394767761
SRR19621168	0.5770071148872375	0.6160206198692322	0.6112781763076782	0.7220818996429443	0.5011932253837585	0.5369600653648376	0.5976494550704956	0.5026144981384277	0.5987942218780518	0.5756384134292603	0.6530187726020813	0.5349545478820801	0.573396623134613	0.5360094308853149	0.7159115076065063	0.5848590731620789	0.5575037002563477	0.4668627977371216	0.462168425321579	0.4680597484111786	0.6228877902030945	0.7246159911155701	0.6071425676345825	0.5637925267219543	0.6937896013259888	0.6804167032241821	0.6909058094024658	0.6704116463661194	0.6859236359596252	0.6643849611282349	0.5840356945991516	0.5525036454200745	0.6941482424736023	0.6080260872840881	0.6402463316917419	0.6576741933822632	0.6466356515884399	0.6564470529556274	0.5387676358222961	0.5726420283317566	0.6417084336280823	0.6425007581710815	0.6354085206985474	0.6854960322380066	0.6181192398071289	0.6445459127426147	0.644341766834259	0.6991189122200012	0.7080350518226624	0.6812164783477783	0	0.2791898846626282	0.2917731702327728	0.4919202923774719	0.685449481010437	0.4588400423526764	0.4715492427349091	0.6441564559936523	0.5334963798522949	0.5372031331062317	0.6185648441314697	0.6439400911331177	0.7087745666503906	0.6741507649421692	0.5726698040962219	0.6150820255279541	0.5919042229652405	0.7211980819702148	0.7006498575210571	0.693913459777832	0.7031763792037964	0.6736992001533508	0.6040127873420715	0.569817841053009	0.6778887510299683	0.719461977481842	0.7201868891716003	0.7285093665122986	0.707643985748291	0.6832138895988464	0.5836507678031921	0.5652815103530884	0.688468337059021	0.6756134629249573	0.5550236105918884	0.7200532555580139	0.6012162566184998	0.6005694270133972	0.5834545493125916	0.540030300617218	0.6072526574134827	0.6131585240364075	0.6662321090698242	0.5764414072036743	0.5717109441757202	0.62645024061203	0.6536540985107422	0.6152024865150452	0.6538417935371399	0.4842797517776489	0.5186073780059814	0.5208638310432434	0.6905009150505066	0.638828456401825	0.7303102016448975	0.6413489580154419	0.5847760438919067	0.576241135597229	0.600144624710083	0.7364760041236877	0.7378774881362915	0.7163105010986328	0.6176260113716125	0.7256821990013123	0.6612161993980408	0.5445770025253296	0.5611374974250793
SRR19621169	0.5935661196708679	0.6175419688224792	0.616094708442688	0.7113272547721863	0.4544577300548553	0.5170740485191345	0.574590802192688	0.5251049399375916	0.5858774185180664	0.5599918365478516	0.6540022492408752	0.511283278465271	0.5454187989234924	0.5206388831138611	0.7114644646644592	0.5711413025856018	0.5534838438034058	0.4742273390293121	0.4662248492240906	0.4587152004241943	0.6129577159881592	0.7118711471557617	0.6131072640419006	0.5648437738418579	0.6798299551010132	0.6475643515586853	0.6793369650840759	0.6667352318763733	0.6764755249023438	0.6616559028625488	0.5865553617477417	0.5577360987663269	0.699541449546814	0.6039802432060242	0.6287015080451965	0.64780592918396	0.6378037333488464	0.6407603621482849	0.5144198536872864	0.5537479519844055	0.6383191347122192	0.6623740196228027	0.6269829869270325	0.6821184158325195	0.6222509741783142	0.6513100266456604	0.6527010798454285	0.7074031233787537	0.7120819091796875	0.6891972422599792	0.2791898846626282	0	0.2285418808460236	0.4607819318771362	0.6983329653739929	0.4428951442241669	0.4616941213607788	0.6223599910736084	0.5477953553199768	0.5271263718605042	0.6390512585639954	0.6405848860740662	0.7099580764770508	0.6798279285430908	0.5626271963119507	0.6062185764312744	0.5730442404747009	0.7133411765098572	0.697344183921814	0.6852228045463562	0.7276330590248108	0.6782490611076355	0.6352438926696777	0.5737301707267761	0.6623662710189819	0.706769585609436	0.7173318266868591	0.7439714670181274	0.7179818749427795	0.7025641202926636	0.6135432124137878	0.5559518337249756	0.6996923089027405	0.6813857555389404	0.57070392370224	0.705838143825531	0.5857464075088501	0.6111360788345337	0.5681156516075134	0.5514714121818542	0.594756543636322	0.6050313115119934	0.6607800722122192	0.5622331500053406	0.5790886878967285	0.6232087016105652	0.6463137865066528	0.6156536936759949	0.642077624797821	0.4711801111698151	0.5069146752357483	0.5004120469093323	0.6827547550201416	0.6489478945732117	0.7347594499588013	0.6322641968727112	0.5865312814712524	0.580096423625946	0.6095572710037231	0.7167322039604187	0.7271271347999573	0.716092050075531	0.6072893142700195	0.7355018854141235	0.6604586243629456	0.5541569590568542	0.5488382577896118
SRR19621170	0.5868874192237854	0.6208299398422241	0.6216972470283508	0.7103487253189087	0.4671677649021149	0.5214457511901855	0.5764384865760803	0.5305365920066833	0.6006658673286438	0.5660603046417236	0.6572083234786987	0.5245468616485596	0.5612671971321106	0.5295427441596985	0.7120204567909241	0.5741202235221863	0.5705708861351013	0.4768018126487732	0.4757569134235382	0.4616950154304504	0.6262611150741577	0.7215518951416016	0.6156543493270874	0.578396737575531	0.6970548629760742	0.6680146455764771	0.6931427121162415	0.6796201467514038	0.6705381870269775	0.6775972843170166	0.584799587726593	0.5321958065032959	0.7099372744560242	0.5997833013534546	0.6262935400009155	0.6624214053153992	0.6421709656715393	0.6527368426322937	0.5179861783981323	0.5565145611763	0.6281622648239136	0.646867036819458	0.6259056329727173	0.6842802166938782	0.612987756729126	0.649613618850708	0.6644737124443054	0.7269690036773682	0.7321199774742126	0.710659384727478	0.2917731702327728	0.2285418808460236	0	0.4867243468761444	0.6980540752410889	0.4681493937969208	0.491443932056427	0.6392257213592529	0.552193820476532	0.5394301414489746	0.6213564872741699	0.6350172758102417	0.7080652713775635	0.6871407032012939	0.5771504640579224	0.6205006241798401	0.5908352732658386	0.7216281890869141	0.7028125524520874	0.6873493194580078	0.7269636392593384	0.6878629922866821	0.6416398286819458	0.5794121026992798	0.6819849610328674	0.7112504839897156	0.7346919775009155	0.7426812052726746	0.7036555409431458	0.7035416960716248	0.6174440383911133	0.5601433515548706	0.7086148858070374	0.6966204643249512	0.5695284605026245	0.7047336101531982	0.5799980759620667	0.6275138854980469	0.579613208770752	0.5615508556365967	0.6056739091873169	0.6078940033912659	0.6697791814804077	0.5668458342552185	0.5608381032943726	0.6092490553855896	0.6417196393013	0.6131249070167542	0.6346954107284546	0.4920710325241089	0.5281578898429871	0.5238333940505981	0.6902307868003845	0.6460503935813904	0.7325382232666016	0.6489613652229309	0.5786402821540833	0.5872803330421448	0.6061921119689941	0.7127609252929688	0.7310124635696411	0.728909969329834	0.6170661449432373	0.7411006689071655	0.6679970026016235	0.5495520830154419	0.5552504062652588
SRR19621171	0.6150516271591187	0.6495224833488464	0.6411773562431335	0.7173120379447937	0.4927574992179871	0.5208249688148499	0.6105950474739075	0.5306665897369385	0.5992120504379272	0.5450494885444641	0.6661221385002136	0.5386026501655579	0.5716472864151001	0.5307047963142395	0.703705370426178	0.5753502249717712	0.563750684261322	0.4821909666061401	0.5083311796188354	0.5047150850296021	0.5954416394233704	0.7106085419654846	0.6269491314888	0.5840470790863037	0.7156499028205872	0.6836621165275574	0.6634480357170105	0.6617321968078613	0.6717396378517151	0.6609131693840027	0.6042279601097107	0.5525267720222473	0.6948705911636353	0.5760990977287292	0.6450271606445312	0.6307290196418762	0.6392260789871216	0.6354677677154541	0.4970034956932068	0.5691973567008972	0.6377626657485962	0.6367330551147461	0.614038348197937	0.6756711602210999	0.6503292918205261	0.661287248134613	0.6867495775222778	0.6973679065704346	0.7009491920471191	0.6932772994041443	0.4919202923774719	0.4607819318771362	0.4867243468761444	0	0.7046066522598267	0.3420209288597107	0.3758375942707062	0.6174825429916382	0.4983856678009033	0.5049643516540527	0.6256898045539856	0.6666900515556335	0.7092804908752441	0.6715810298919678	0.536447286605835	0.5776057839393616	0.5510516166687012	0.6927018165588379	0.6709138751029968	0.6487755179405212	0.7077072858810425	0.6810418963432312	0.6324811577796936	0.5997244715690613	0.6881719827651978	0.6882835030555725	0.7054545879364014	0.7123521566390991	0.6937544345855713	0.684575080871582	0.6070809364318848	0.5504884123802185	0.6977787017822266	0.688517689704895	0.5951017141342163	0.718622088432312	0.5826565027236938	0.6164095997810364	0.5861659646034241	0.5458884239196777	0.6030672192573547	0.6093289256095886	0.6407973766326904	0.5960442423820496	0.5594988465309143	0.6048604249954224	0.6637496948242188	0.6362525820732117	0.6675290465354919	0.5181958675384521	0.5259779691696167	0.5161512494087219	0.7092901468276978	0.6593683958053589	0.7313883900642395	0.6601836681365967	0.5801452398300171	0.5698589086532593	0.5718291997909546	0.7064012885093689	0.7216513752937317	0.719770610332489	0.6242085695266724	0.7300424575805664	0.6860608458518982	0.5686662197113037	0.5758538246154785
SRR19621172	0.6717407703399658	0.7016855478286743	0.7054228186607361	0.6833773851394653	0.681942880153656	0.6852157711982727	0.6902509331703186	0.6211279034614563	0.6283475160598755	0.6350658535957336	0.6771864295005798	0.7061368227005005	0.6915491819381714	0.7137095928192139	0.6672621965408325	0.67009037733078	0.6448951363563538	0.6478201150894165	0.6344234943389893	0.6584419012069702	0.6234474182128906	0.6262180805206299	0.6218386888504028	0.6261575222015381	0.6187477111816406	0.6194049715995789	0.6406039595603943	0.5872259140014648	0.6285540461540222	0.5791426301002502	0.6015039682388306	0.6040132641792297	0.5830320119857788	0.6096053123474121	0.6153376698493958	0.6099403500556946	0.6048120856285095	0.6366146206855774	0.6580289006233215	0.6599234938621521	0.5814996957778931	0.6149407029151917	0.6075314879417419	0.6202875375747681	0.5988582372665405	0.6196677684783936	0.6065383553504944	0.6758701801300049	0.7089081406593323	0.6807516813278198	0.685449481010437	0.6983329653739929	0.6980540752410889	0.7046066522598267	0	0.6933899521827698	0.7026857733726501	0.628459095954895	0.6599019765853882	0.6556335687637329	0.5946604609489441	0.6318835616111755	0.4196309149265289	0.6515804529190063	0.6730828285217285	0.6828593015670776	0.6920321583747864	0.6988250613212585	0.6433559060096741	0.6349432468414307	0.4709649980068207	0.6774030923843384	0.6533982157707214	0.6812476515769958	0.6508715152740479	0.6905482411384583	0.6881561875343323	0.6736713647842407	0.6524081230163574	0.6472731232643127	0.6557115912437439	0.6742097139358521	0.6282514333724976	0.6200914978981018	0.7147543430328369	0.615403950214386	0.6976519227027893	0.6999694108963013	0.678064227104187	0.6816343665122986	0.6462845206260681	0.6295114159584045	0.6824826598167419	0.5831674337387085	0.6249582767486572	0.6049638986587524	0.6273964643478394	0.6122728586196899	0.6535654664039612	0.7179022431373596	0.7178681492805481	0.717420220375061	0.5979529619216919	0.6488658785820007	0.6397820115089417	0.6228954195976257	0.6430632472038269	0.642366349697113	0.6432594656944275	0.6899805665016174	0.694341778755188	0.671251118183136	0.6099806427955627	0.7227645516395569	0.6331730484962463	0.6993735432624817	0.717937171459198
SRR19621173	0.6264280676841736	0.6474471688270569	0.6613281965255737	0.7297112345695496	0.5336397886276245	0.5693172216415405	0.6118731498718262	0.5242709517478943	0.5674638748168945	0.5735931396484375	0.6695877313613892	0.5229712724685669	0.5492668151855469	0.53433758020401	0.7289564609527588	0.5623322725296021	0.5833489298820496	0.5122271180152893	0.4971414506435394	0.5120118260383606	0.6470475792884827	0.7003411054611206	0.6158997416496277	0.617257833480835	0.7377151250839233	0.7126952409744263	0.7156209349632263	0.6897449493408203	0.6974313855171204	0.6943292021751404	0.6423702836036682	0.5868492126464844	0.689839780330658	0.6476317048072815	0.674200177192688	0.6861122846603394	0.6836811304092407	0.6849215626716614	0.4945178031921387	0.5646792054176331	0.6529882550239563	0.6380428075790405	0.6119009852409363	0.6753560304641724	0.6548143625259399	0.6731002330780029	0.6905779242515564	0.7267064452171326	0.7301396727561951	0.7270405292510986	0.4588400423526764	0.4428951442241669	0.4681493937969208	0.3420209288597107	0.6933899521827698	0	0.2926492094993591	0.6647617816925049	0.4934213161468506	0.5056977868080139	0.6573561429977417	0.6807677745819092	0.6987084746360779	0.702826976776123	0.588331937789917	0.6124703884124756	0.6046162247657776	0.7205687165260315	0.7150760293006897	0.7025246620178223	0.7154168486595154	0.7015981078147888	0.6188110709190369	0.6114140748977661	0.7141528129577637	0.7147160768508911	0.7413758635520935	0.7330010533332825	0.7074259519577026	0.7050560712814331	0.5845238566398621	0.5514940619468689	0.7160274982452393	0.695345401763916	0.5929173231124878	0.703068733215332	0.6043940186500549	0.6531684994697571	0.6202215552330017	0.5864431858062744	0.5968074798583984	0.6117722392082214	0.6635345220565796	0.621242344379425	0.5996996164321899	0.6490965485572815	0.6712450981140137	0.6220355033874512	0.6637992858886719	0.4826862215995789	0.5016430616378784	0.4975986778736115	0.7169016003608704	0.6310329437255859	0.760804295539856	0.684540867805481	0.583279550075531	0.602939248085022	0.6225770115852356	0.7156274318695068	0.7320199608802795	0.7425125241279602	0.6269644498825073	0.7370951771736145	0.6722757816314697	0.5564929246902466	0.5558334589004517
SRR19621174	0.6351270079612732	0.659127950668335	0.6633689403533936	0.7321484088897705	0.517438530921936	0.5789539217948914	0.6161932945251465	0.5021673440933228	0.5772045850753784	0.5802853107452393	0.674089252948761	0.5237041711807251	0.5584354400634766	0.5154680013656616	0.7365269660949707	0.572994589805603	0.5754491090774536	0.5051756501197815	0.5168459415435791	0.5088053345680237	0.6429497599601746	0.7194586396217346	0.6169649958610535	0.6216641068458557	0.7458553910255432	0.7304027080535889	0.7362605929374695	0.7043570876121521	0.7236074805259705	0.7054386138916016	0.6479089260101318	0.5889657735824585	0.7100064158439636	0.6449872255325317	0.6756879687309265	0.6989952921867371	0.6925204396247864	0.6910591721534729	0.5038588643074036	0.5894761085510254	0.6587491631507874	0.6482215523719788	0.6312556266784668	0.686199963092804	0.6542049050331116	0.6906342506408691	0.7002580761909485	0.7319949865341187	0.7316866517066956	0.7279624938964844	0.4715492427349091	0.4616941213607788	0.491443932056427	0.3758375942707062	0.7026857733726501	0.2926492094993591	0	0.6802208423614502	0.5261894464492798	0.5275904536247253	0.6689516305923462	0.6886396408081055	0.7227913737297058	0.7241273522377014	0.5759093761444092	0.6343787908554077	0.5974113345146179	0.7404934763908386	0.7358230948448181	0.7226991653442383	0.7182289361953735	0.7059768438339233	0.6184095144271851	0.6257118582725525	0.716475784778595	0.7197920680046082	0.7457382678985596	0.7418604493141174	0.7280927300453186	0.7057396769523621	0.5935114026069641	0.5600924491882324	0.7113805413246155	0.6968778967857361	0.6071276664733887	0.7142278552055359	0.5893735289573669	0.6519396305084229	0.6114113926887512	0.5879867076873779	0.6155906319618225	0.6424037218093872	0.6796910166740417	0.6357772350311279	0.6180898547172546	0.6587887406349182	0.6817584633827209	0.6308076977729797	0.6593519449234009	0.4796200692653656	0.4933053255081177	0.4757397174835205	0.7169615030288696	0.6467670798301697	0.7526216506958008	0.6818970441818237	0.5966253280639648	0.6131531596183777	0.6317654848098755	0.7417901754379272	0.7476576566696167	0.7560150623321533	0.6509943604469299	0.7432292103767395	0.6873512864112854	0.5774808526039124	0.5671017169952393
SRR19621175	0.6553859114646912	0.6919731497764587	0.6609286069869995	0.5856716632843018	0.6058582663536072	0.5452008843421936	0.6396501064300537	0.5975268483161926	0.6408681273460388	0.5916022062301636	0.6882951855659485	0.6836076974868774	0.7086313962936401	0.6848199367523193	0.6452288031578064	0.6493933796882629	0.6273756623268127	0.5791034698486328	0.5965889096260071	0.600277841091156	0.5991547703742981	0.6489694714546204	0.6375794410705566	0.5555606484413147	0.6245142221450806	0.5979926586151123	0.5879558324813843	0.555878221988678	0.6341502070426941	0.5562090277671814	0.5854312777519226	0.5614380836486816	0.6112430691719055	0.5492294430732727	0.5819531083106995	0.5585781931877136	0.2047367841005325	0.2380824685096741	0.650806188583374	0.6691316366195679	0.5883033871650696	0.5703624486923218	0.5963242650032043	0.6136993169784546	0.6279839873313904	0.6266921162605286	0.629555881023407	0.6328793168067932	0.6269141435623169	0.6296828985214233	0.6441564559936523	0.6223599910736084	0.6392257213592529	0.6174825429916382	0.628459095954895	0.6647617816925049	0.6802208423614502	0	0.6544947028160095	0.6420685648918152	0.5380472540855408	0.6200231909751892	0.6532698273658752	0.5966686606407166	0.5803043246269226	0.6284330487251282	0.5946080088615417	0.6571982502937317	0.605599582195282	0.5527886748313904	0.6615525484085083	0.6305584907531738	0.6288807988166809	0.6096107959747314	0.6045492887496948	0.6465679407119751	0.6238256096839905	0.6738662123680115	0.5966106057167053	0.6137049794197083	0.6972468495368958	0.64726722240448	0.6015785932540894	0.5917134284973145	0.7089877724647522	0.6025384068489075	0.6291192173957825	0.6680745482444763	0.6163407564163208	0.6107023954391479	0.6207338571548462	0.6370299458503723	0.664883017539978	0.5198037028312683	0.5890425443649292	0.5386793613433838	0.5748695731163025	0.5864226222038269	0.6384357213973999	0.6857553720474243	0.6995611190795898	0.6886038780212402	0.5902804136276245	0.6674728393554688	0.6148638725280762	0.6066734194755554	0.5812709331512451	0.5702863335609436	0.5611977577209473	0.6229023337364197	0.644967257976532	0.6398317217826843	0.5317211747169495	0.7120097279548645	0.6640887260437012	0.6926907896995544	0.7089710235595703
SRR19621176	0.5805806517601013	0.6091590523719788	0.6130769848823547	0.6908324956893921	0.5314422249794006	0.5993043184280396	0.5799542665481567	0.533915102481842	0.5951175093650818	0.5872824192047119	0.6528118252754211	0.5584726929664612	0.5910581946372986	0.5587200522422791	0.7043272852897644	0.4853273034095764	0.4758878946304321	0.5349411368370056	0.5188131928443909	0.5219556093215942	0.6304028034210205	0.7016643285751343	0.6145854592323303	0.5888561606407166	0.6913756728172302	0.6844555139541626	0.6807215809822083	0.6422293186187744	0.6783820390701294	0.663446843624115	0.5636818408966064	0.5044981241226196	0.6633345484733582	0.575384259223938	0.6181206107139587	0.6470639109611511	0.6436525583267212	0.649654746055603	0.3095216453075409	0.4903834164142609	0.6153315305709839	0.5934855341911316	0.5764010548591614	0.6470624804496765	0.6246628761291504	0.6280382871627808	0.651340126991272	0.6834051609039307	0.6750730872154236	0.6790765523910522	0.5334963798522949	0.5477953553199768	0.552193820476532	0.4983856678009033	0.6599019765853882	0.4934213161468506	0.5261894464492798	0.6544947028160095	0	0.2512324154376984	0.5918856859207153	0.6531508564949036	0.6831555366516113	0.644494891166687	0.5831788182258606	0.6148501634597778	0.6032617092132568	0.6768567562103271	0.660603940486908	0.6218916177749634	0.6987419128417969	0.6742707490921021	0.6173544526100159	0.5867735147476196	0.6597185134887695	0.672081470489502	0.6997196078300476	0.6953970789909363	0.6479483246803284	0.6407585144042969	0.5991432666778564	0.605463445186615	0.6784572005271912	0.6892780661582947	0.5939847230911255	0.6851006150245667	0.5882144570350647	0.6231673359870911	0.6141511201858521	0.566766619682312	0.5772108435630798	0.6220083236694336	0.6621206402778625	0.5828685164451599	0.539595901966095	0.5923409461975098	0.5946142673492432	0.5567127466201782	0.6015836596488953	0.5404662489891052	0.5606573820114136	0.5629448890686035	0.6724054217338562	0.6285562515258789	0.7105726599693298	0.6248409152030945	0.5293201208114624	0.5505308508872986	0.5590724349021912	0.711447536945343	0.7060030698776245	0.6897794604301453	0.5831642150878906	0.7251719236373901	0.6614239811897278	0.5794544219970703	0.5400242209434509
SRR19621177	0.5763312578201294	0.6059775352478027	0.6015285849571228	0.6817921996116638	0.5201811790466309	0.5754063129425049	0.5728583335876465	0.5614215135574341	0.6141952872276306	0.5587000250816345	0.6621983051300049	0.562417209148407	0.5960056185722351	0.5307531952857971	0.6900357007980347	0.4437641501426697	0.4822596907615662	0.5467345714569092	0.5224905610084534	0.5191749930381775	0.6260573267936707	0.7122250199317932	0.6072574853897095	0.577225923538208	0.6845866441726685	0.6835851073265076	0.6796793937683105	0.6348767876625061	0.6732365489006042	0.6542353630065918	0.5592988133430481	0.4954551756381989	0.6631980538368225	0.553838312625885	0.610339343547821	0.6381068229675293	0.6277084946632385	0.6422932744026184	0.2790629863739014	0.4521617889404297	0.6120010614395142	0.6195554137229919	0.5834181904792786	0.6521201729774475	0.6056252121925354	0.6074816584587097	0.6309112310409546	0.6952707767486572	0.6836249828338623	0.6910142302513123	0.5372031331062317	0.5271263718605042	0.5394301414489746	0.5049643516540527	0.6556335687637329	0.5056977868080139	0.5275904536247253	0.6420685648918152	0.2512324154376984	0	0.649014413356781	0.6616498231887817	0.7002392411231995	0.6533967852592468	0.5757529735565186	0.6143221855163574	0.6010263562202454	0.6750012040138245	0.6770399212837219	0.6306344866752625	0.7019240260124207	0.6707741022109985	0.6266754269599915	0.5870023965835571	0.6502087712287903	0.6832825541496277	0.6993572115898132	0.7093647122383118	0.6638379096984863	0.6703521013259888	0.6136840581893921	0.6098933815956116	0.6843483448028564	0.6894568800926208	0.6005486845970154	0.6911558508872986	0.5791578888893127	0.6311871409416199	0.6017295718193054	0.5662657022476196	0.5722035765647888	0.6287992000579834	0.6780942678451538	0.5752145051956177	0.5309672355651855	0.5739261507987976	0.5961484313011169	0.5512511730194092	0.6016265749931335	0.5528328418731689	0.5467166900634766	0.5501895546913147	0.6695939302444458	0.6389696002006531	0.7088570594787598	0.6204831600189209	0.5068806409835815	0.541006863117218	0.5592365860939026	0.6996526718139648	0.6934416890144348	0.6768490672111511	0.5745841264724731	0.7360264658927917	0.6683349013328552	0.5853844881057739	0.5261312127113342
SRR19621178	0.6102620363235474	0.6371168494224548	0.6752055883407593	0.6385635733604431	0.5880499482154846	0.5493882298469543	0.6089580059051514	0.5771914124488831	0.6047264933586121	0.5970743298530579	0.656562328338623	0.6687569618225098	0.6655128598213196	0.6706244349479675	0.5826795697212219	0.6553124785423279	0.6231697201728821	0.5749766230583191	0.6015685200691223	0.6043773293495178	0.5966707468032837	0.6637256145477295	0.6208228468894958	0.5950767397880554	0.5762666463851929	0.5640506744384766	0.5435525178909302	0.527262806892395	0.5155619978904724	0.5222185850143433	0.5424314141273499	0.5324676036834717	0.6258856058120728	0.5052024126052856	0.5401119589805603	0.5213520526885986	0.5211014747619629	0.534994900226593	0.6454329490661621	0.6581897139549255	0.5409731268882751	0.5597805380821228	0.5526150465011597	0.6310953497886658	0.566606879234314	0.5903950929641724	0.6277342438697815	0.6218997240066528	0.6649526357650757	0.6255753636360168	0.6185648441314697	0.6390512585639954	0.6213564872741699	0.6256898045539856	0.5946604609489441	0.6573561429977417	0.6689516305923462	0.5380472540855408	0.5918856859207153	0.649014413356781	0	0.4511832892894745	0.6038755178451538	0.4285140633583069	0.5811107158660889	0.5891593098640442	0.5828113555908203	0.6528853178024292	0.5677401423454285	0.5204210877418518	0.6476104855537415	0.6139242649078369	0.6080365180969238	0.589583694934845	0.6210711598396301	0.6314228773117065	0.6258995532989502	0.5954635143280029	0.5789448022842407	0.57433021068573	0.673909068107605	0.6476266980171204	0.6013872623443604	0.604573667049408	0.7123762369155884	0.595043420791626	0.6286526322364807	0.6350554227828979	0.6235827207565308	0.6342470049858093	0.6377983689308167	0.6144736409187317	0.6348232626914978	0.513365626335144	0.548112690448761	0.5237125158309937	0.5516233444213867	0.5810115933418274	0.5794975757598877	0.689622700214386	0.7195349931716919	0.7001325488090515	0.5729934573173523	0.6293884515762329	0.5567232966423035	0.5820539593696594	0.6006960272789001	0.6013015508651733	0.5696923732757568	0.6549239754676819	0.7001566886901855	0.6544842123985291	0.5557315349578857	0.7113470435142517	0.6264270544052124	0.7163339853286743	0.7327216863632202
SRR19621179	0.5996628999710083	0.6330485939979553	0.6582086682319641	0.6933048367500305	0.6277846693992615	0.6324396729469299	0.6823524832725525	0.6037739515304565	0.6079286932945251	0.6594683527946472	0.6976301670074463	0.6625379920005798	0.6451635360717773	0.6675043702125549	0.6976945996284485	0.6783422231674194	0.643688976764679	0.6237319707870483	0.6167042851448059	0.6257385611534119	0.5887463688850403	0.716366171836853	0.5963711738586426	0.6016656160354614	0.6216314435005188	0.6229702830314636	0.6379033327102661	0.6342145800590515	0.6405141949653625	0.6319561004638672	0.6282892227172852	0.6004261374473572	0.6832307577133179	0.6310936212539673	0.6186792254447937	0.6301323771476746	0.6156895160675049	0.617709755897522	0.6581962704658508	0.6759316921234131	0.5923014283180237	0.6385157108306885	0.6045819520950317	0.7094401717185974	0.5873435139656067	0.6281717419624329	0.6170139312744141	0.7082352042198181	0.7057111859321594	0.6746975183486938	0.6439400911331177	0.6405848860740662	0.6350172758102417	0.6666900515556335	0.6318835616111755	0.6807677745819092	0.6886396408081055	0.6200231909751892	0.6531508564949036	0.6616498231887817	0.4511832892894745	0	0.6434639096260071	0.5610122084617615	0.6822496652603149	0.6814955472946167	0.6760169863700867	0.7234210968017578	0.6656336784362793	0.6380857825279236	0.6774725317955017	0.6460564732551575	0.6142208576202393	0.5814646482467651	0.6783494353294373	0.6844370365142822	0.6856568455696106	0.7130011320114136	0.6638695597648621	0.6537414789199829	0.7104817628860474	0.6942540407180786	0.6523128747940063	0.6282894611358643	0.7151357531547546	0.6451525092124939	0.6514970064163208	0.6282282471656799	0.6082376837730408	0.6777991056442261	0.6847736835479736	0.6733562350273132	0.7204499840736389	0.5500524044036865	0.6018281579017639	0.6171937584877014	0.6515696048736572	0.6294656991958618	0.6368237137794495	0.6970335245132446	0.7307649254798889	0.7053884267807007	0.6380142569541931	0.663641095161438	0.6420549154281616	0.606727659702301	0.6430680751800537	0.6513580679893494	0.6679931879043579	0.7260048985481262	0.7611739039421082	0.7300616502761841	0.5907338857650757	0.7236320972442627	0.6751603484153748	0.6991683840751648	0.7228062152862549
SRR19621180	0.6900085210800171	0.7145313620567322	0.7168005108833313	0.7031961679458618	0.7223247289657593	0.714695930480957	0.7279122471809387	0.6485773324966431	0.6178891658782959	0.6662771701812744	0.6881440281867981	0.6953110098838806	0.6890239715576172	0.7336523532867432	0.6998350024223328	0.6923022866249084	0.6756834983825684	0.6822878122329712	0.6627482175827026	0.6861767768859863	0.6523195505142212	0.6320227980613708	0.6585797071456909	0.6382414102554321	0.6227601170539856	0.6173821091651917	0.6403897404670715	0.6423344612121582	0.6616777777671814	0.6259375214576721	0.6499859690666199	0.6335183382034302	0.6146884560585022	0.6615997552871704	0.636388897895813	0.6389036178588867	0.6331857442855835	0.6221536993980408	0.6939769387245178	0.6950134634971619	0.6246988773345947	0.6345369815826416	0.611077606678009	0.6622195839881897	0.6182953715324402	0.6428190469741821	0.6318457126617432	0.7094182372093201	0.7250733375549316	0.6976367831230164	0.7087745666503906	0.7099580764770508	0.7080652713775635	0.7092804908752441	0.4196309149265289	0.6987084746360779	0.7227913737297058	0.6532698273658752	0.6831555366516113	0.7002392411231995	0.6038755178451538	0.6434639096260071	0	0.6550151109695435	0.683827817440033	0.7051870226860046	0.7089419960975647	0.681849479675293	0.6203745603561401	0.6362521052360535	0.5534641146659851	0.6907708644866943	0.659687876701355	0.6827585697174072	0.6905860304832458	0.6815611124038696	0.7060592174530029	0.6832995414733887	0.655017077922821	0.673134446144104	0.682456374168396	0.6933588981628418	0.6455955505371094	0.6242428421974182	0.7389495372772217	0.6405810117721558	0.7260417342185974	0.7157799601554871	0.685461699962616	0.7005742192268372	0.6700011491775513	0.6129616498947144	0.7101457715034485	0.6176185011863708	0.6649765372276306	0.6458383202552795	0.6661253571510315	0.6447926163673401	0.6957823634147644	0.750176727771759	0.7401072382926941	0.7366587519645691	0.6198518872261047	0.6707896590232849	0.6580012440681458	0.6345211863517761	0.6804615259170532	0.6769698858261108	0.7056209444999695	0.6809719204902649	0.7177507877349854	0.708109438419342	0.6372869610786438	0.7551068067550659	0.6758731007575989	0.7115249037742615	0.7417989373207092
SRR19621181	0.6231952309608459	0.6409720778465271	0.6299775838851929	0.5840985774993896	0.597402036190033	0.5681754350662231	0.5783795714378357	0.6478772759437561	0.693271815776825	0.6694905757904053	0.6340426802635193	0.7285907864570618	0.7366297841072083	0.7317054867744446	0.5786045789718628	0.6598421335220337	0.6331191062927246	0.6384124159812927	0.6389588117599487	0.6336013078689575	0.6032689213752747	0.6670374274253845	0.6426348090171814	0.5703979730606079	0.5680397152900696	0.5705576539039612	0.48089599609375	0.5282865166664124	0.5455496311187744	0.5131814479827881	0.5292642712593079	0.5621987581253052	0.6118148565292358	0.5039267539978027	0.5331509113311768	0.4921456873416901	0.5913353562355042	0.5703434348106384	0.664637565612793	0.6760345697402954	0.5893331170082092	0.575939953327179	0.6365066766738892	0.6091826558113098	0.5564839839935303	0.5890775918960571	0.6294998526573181	0.5919042825698853	0.6414763331413269	0.5832444429397583	0.6741507649421692	0.6798279285430908	0.6871407032012939	0.6715810298919678	0.6515804529190063	0.702826976776123	0.7241273522377014	0.5966686606407166	0.644494891166687	0.6533967852592468	0.4285140633583069	0.5610122084617615	0.6550151109695435	0	0.5938829779624939	0.5899569392204285	0.6285592913627625	0.6253073215484619	0.5509457588195801	0.5663058757781982	0.6568955183029175	0.5564811229705811	0.6178362965583801	0.6259969472885132	0.601536750793457	0.6161017417907715	0.6070287227630615	0.5158481597900391	0.5974715352058411	0.5668549537658691	0.725875198841095	0.692533016204834	0.5483043193817139	0.586085319519043	0.7270423173904419	0.6194089651107788	0.6582379341125488	0.6112106442451477	0.6275427341461182	0.6483326554298401	0.5920560956001282	0.6152058839797974	0.5895134806632996	0.5106004476547241	0.5458112359046936	0.4978651106357574	0.5344770550727844	0.5526135563850403	0.5395124554634094	0.699334442615509	0.7326733469963074	0.69162917137146	0.5193154811859131	0.6212689876556396	0.5507465600967407	0.5515807867050171	0.5964823961257935	0.6058768033981323	0.5781258344650269	0.6498086452484131	0.6528085470199585	0.5799596905708313	0.5028991103172302	0.7227107882499695	0.5768213272094727	0.7225794196128845	0.7375892400741577
SRR19621182	0.6646480560302734	0.6812494397163391	0.6715641021728516	0.6475186944007874	0.5350582599639893	0.5029383301734924	0.5516456961631775	0.6170873641967773	0.6772436499595642	0.5975812077522278	0.5897789001464844	0.6351533532142639	0.6686302423477173	0.6286091804504395	0.6329630017280579	0.6000447869300842	0.5743920207023621	0.5264056921005249	0.5811759233474731	0.5556153655052185	0.6405657529830933	0.6695938110351562	0.6638414263725281	0.5750700831413269	0.6768546104431152	0.6523259282112122	0.6346832513809204	0.6195431351661682	0.6627699732780457	0.6156764030456543	0.5260555744171143	0.5072587132453918	0.633467972278595	0.4912547469139099	0.577142059803009	0.5507989525794983	0.5838447213172913	0.5957903265953064	0.5781337022781372	0.6067919135093689	0.5767049193382263	0.5805075168609619	0.596464216709137	0.6204456686973572	0.6614260077476501	0.665985643863678	0.6932691335678101	0.6254532933235168	0.6444389820098877	0.6134359240531921	0.5726698040962219	0.5626271963119507	0.5771504640579224	0.536447286605835	0.6730828285217285	0.588331937789917	0.5759093761444092	0.5803043246269226	0.5831788182258606	0.5757529735565186	0.5811107158660889	0.6822496652603149	0.683827817440033	0.5938829779624939	0	0.3944503664970398	0.3516898155212402	0.6269403696060181	0.6103701591491699	0.6006923317909241	0.6735495924949646	0.6137419939041138	0.6333197951316833	0.6093742847442627	0.5975131988525391	0.5809828042984009	0.6148724555969238	0.6014959812164307	0.6527789831161499	0.62542724609375	0.6273775696754456	0.5642253756523132	0.6297354698181152	0.6479493975639343	0.6501016020774841	0.6846931576728821	0.571632981300354	0.6083758473396301	0.5799645185470581	0.5683259963989258	0.5222083330154419	0.5787681341171265	0.576968789100647	0.5369044542312622	0.5692840814590454	0.5463487505912781	0.5744359493255615	0.5803959369659424	0.5872316956520081	0.6194836497306824	0.6087944507598877	0.5949119925498962	0.6641813516616821	0.5788002610206604	0.6853325963020325	0.6737225651741028	0.5383310914039612	0.5369305014610291	0.5076031684875488	0.6953039169311523	0.685512363910675	0.6584911346435547	0.5474616289138794	0.6960439682006836	0.6361942887306213	0.645365297794342	0.649742066860199
SRR19621183	0.6464641094207764	0.6738813519477844	0.6835633516311646	0.7035902738571167	0.5779039263725281	0.5618088841438293	0.5935574769973755	0.6478703618049622	0.6857477426528931	0.6594741940498352	0.6410555839538574	0.6643138527870178	0.6776567697525024	0.6552831530570984	0.6726799011230469	0.633456289768219	0.6188523769378662	0.5855006575584412	0.6198721528053284	0.606932520866394	0.6597001552581787	0.6811466217041016	0.6690887212753296	0.6427393555641174	0.6565123796463013	0.6430809497833252	0.6296329498291016	0.6214854121208191	0.6590235233306885	0.6130648255348206	0.5649712085723877	0.552320659160614	0.6490926146507263	0.536148726940155	0.6328524947166443	0.5736390948295593	0.6125619411468506	0.6313609480857849	0.6394974589347839	0.6552981734275818	0.6389500498771667	0.6493715643882751	0.6433495879173279	0.6653314232826233	0.6762791872024536	0.6635393500328064	0.6819487810134888	0.6866606473922729	0.714861273765564	0.6836913228034973	0.6150820255279541	0.6062185764312744	0.6205006241798401	0.5776057839393616	0.6828593015670776	0.6124703884124756	0.6343787908554077	0.6284330487251282	0.6148501634597778	0.6143221855163574	0.5891593098640442	0.6814955472946167	0.7051870226860046	0.5899569392204285	0.3944503664970398	0	0.2981874048709869	0.548164963722229	0.6413017511367798	0.6162568926811218	0.7050657868385315	0.6593334078788757	0.6616883277893066	0.6315703392028809	0.6597394347190857	0.6673266887664795	0.6720412373542786	0.649878203868866	0.6848441958427429	0.6719914078712463	0.6373786330223083	0.5762921571731567	0.6426681876182556	0.6201372146606445	0.6533622145652771	0.6725032925605774	0.589933454990387	0.6251327991485596	0.6474656462669373	0.5870893597602844	0.5764054656028748	0.5847610235214233	0.6156096458435059	0.5443952083587646	0.5904483199119568	0.5428366661071777	0.6171473860740662	0.6119751930236816	0.6363723874092102	0.6590031981468201	0.6574955582618713	0.6394635438919067	0.6716011762619019	0.5983197093009949	0.6919016242027283	0.6920928955078125	0.5830622911453247	0.5891970992088318	0.5678668022155762	0.7151287794113159	0.7066251635551453	0.6868336796760559	0.6039043664932251	0.6917886734008789	0.6106555461883545	0.6637372374534607	0.6709689497947693
SRR19621184	0.6493554711341858	0.6765129566192627	0.6727641224861145	0.6704903244972229	0.5596550107002258	0.5216980576515198	0.5619217157363892	0.635038435459137	0.683807373046875	0.6254891157150269	0.6085746884346008	0.637018084526062	0.6628264188766479	0.6344587206840515	0.6441622376441956	0.6170836091041565	0.6004039645195007	0.5574964880943298	0.5936897993087769	0.5909945368766785	0.6515277624130249	0.6859496235847473	0.6669281125068665	0.630842387676239	0.6778759360313416	0.6553661823272705	0.6524574756622314	0.6216399669647217	0.6402276158332825	0.6231932640075684	0.5492404699325562	0.5328124761581421	0.6519367098808289	0.5213934779167175	0.6082990169525146	0.5827146768569946	0.5851913690567017	0.6110399961471558	0.6012570858001709	0.6205719709396362	0.6139635443687439	0.6226162314414978	0.6257181167602539	0.650593638420105	0.6750362515449524	0.682759702205658	0.7217912673950195	0.6456301212310791	0.6745951771736145	0.6472291946411133	0.5919042229652405	0.5730442404747009	0.5908352732658386	0.5510516166687012	0.6920321583747864	0.6046162247657776	0.5974113345146179	0.5946080088615417	0.6032617092132568	0.6010263562202454	0.5828113555908203	0.6760169863700867	0.7089419960975647	0.6285592913627625	0.3516898155212402	0.2981874048709869	0	0.5956573486328125	0.632533848285675	0.6064352989196777	0.7105749249458313	0.6552647352218628	0.6802436113357544	0.6139959692955017	0.6484490633010864	0.6356845498085022	0.6543902158737183	0.6651985049247742	0.678936243057251	0.6601811647415161	0.6424668431282043	0.5585371255874634	0.6545259356498718	0.6461412310600281	0.6510456800460815	0.6825444102287292	0.5576211810112	0.6185100674629211	0.6136839389801025	0.5973811149597168	0.5645479559898376	0.5840615630149841	0.5997196435928345	0.5330328345298767	0.5859702825546265	0.5563127398490906	0.6126054525375366	0.6035653948783875	0.5959580540657043	0.6355453729629517	0.6323148012161255	0.6151778697967529	0.6747530102729797	0.5821949243545532	0.6903006434440613	0.6844797134399414	0.5608081221580505	0.5552479028701782	0.5338977575302124	0.6943021416664124	0.6911081075668335	0.6762229204177856	0.5715267062187195	0.694093644618988	0.6356106996536255	0.6505445837974548	0.652393102645874
SRR19621185	0.7050016522407532	0.7258157134056091	0.6935803890228271	0.6893688440322876	0.677960216999054	0.6458206176757812	0.6449633240699768	0.7096526026725769	0.7419086098670959	0.6952067017555237	0.6735742688179016	0.7336108684539795	0.7423542141914368	0.7462790012359619	0.690518856048584	0.6661071181297302	0.6783726215362549	0.6894838213920593	0.6968724727630615	0.70097416639328	0.7001674175262451	0.6732691526412964	0.7140805721282959	0.6459065675735474	0.63008052110672	0.5888159871101379	0.5801462531089783	0.6433132290840149	0.644741952419281	0.6104637384414673	0.6128470301628113	0.6312562823295593	0.6380441188812256	0.6164477467536926	0.6004302501678467	0.5971903800964355	0.6629115343093872	0.6309994459152222	0.7003514766693115	0.6858989000320435	0.7058964967727661	0.7094171047210693	0.6908260583877563	0.6531066298484802	0.6761382222175598	0.6974535584449768	0.7098225355148315	0.6738705039024353	0.6510919332504272	0.6382774710655212	0.7211980819702148	0.7133411765098572	0.7216281890869141	0.6927018165588379	0.6988250613212585	0.7205687165260315	0.7404934763908386	0.6571982502937317	0.6768567562103271	0.6750012040138245	0.6528853178024292	0.7234210968017578	0.681849479675293	0.6253073215484619	0.6269403696060181	0.548164963722229	0.5956573486328125	0	0.5188536643981934	0.5336917042732239	0.6949471831321716	0.6273228526115417	0.7043974995613098	0.6163859367370605	0.6214105486869812	0.6667371988296509	0.6578590273857117	0.6285372376441956	0.6579039692878723	0.6901372075080872	0.6889950633049011	0.6575021743774414	0.6136235594749451	0.6147544980049133	0.7332834005355835	0.6920363903045654	0.7023668885231018	0.7101894021034241	0.7220177054405212	0.6723313927650452	0.6149045825004578	0.642110288143158	0.6691554188728333	0.6144407987594604	0.6459912061691284	0.6230879426002502	0.653412938117981	0.6304839849472046	0.6368528008460999	0.7242876887321472	0.7139159440994263	0.7208436727523804	0.6442622542381287	0.6622627377510071	0.6953045129776001	0.6721242666244507	0.6118938326835632	0.6453413963317871	0.624331533908844	0.6385142803192139	0.6711894273757935	0.619035542011261	0.6349557638168335	0.7486779093742371	0.6502323746681213	0.7162003517150879	0.7168430089950562
SRR19621186	0.6608404517173767	0.696937620639801	0.6606708765029907	0.6547586917877197	0.6454229354858398	0.623015820980072	0.6161159873008728	0.6849769353866577	0.7073119878768921	0.6639822125434875	0.613935649394989	0.7097023725509644	0.7318708896636963	0.7244292497634888	0.6226598024368286	0.6701304316520691	0.6461512446403503	0.667573869228363	0.6710498929023743	0.6845582127571106	0.6427064538002014	0.6400666236877441	0.6747379899024963	0.6156134009361267	0.581528902053833	0.5608235597610474	0.5383116006851196	0.5613439679145813	0.5566882491111755	0.5404905080795288	0.5530127286911011	0.6001163125038147	0.5940198302268982	0.5425543785095215	0.5787314176559448	0.5430304408073425	0.6001986861228943	0.5986461043357849	0.6861205101013184	0.6692785024642944	0.6193217635154724	0.6399853229522705	0.6715796589851379	0.6161893606185913	0.6151623129844666	0.6261321902275085	0.6547089219093323	0.6064577698707581	0.6227871775627136	0.6022403240203857	0.7006498575210571	0.697344183921814	0.7028125524520874	0.6709138751029968	0.6433559060096741	0.7150760293006897	0.7358230948448181	0.605599582195282	0.660603940486908	0.6770399212837219	0.5677401423454285	0.6656336784362793	0.6203745603561401	0.5509457588195801	0.6103701591491699	0.6413017511367798	0.632533848285675	0.5188536643981934	0	0.3960326611995697	0.6500327587127686	0.5856985449790955	0.6538099646568298	0.622983992099762	0.5721721053123474	0.6138694882392883	0.5748769640922546	0.584520697593689	0.596412181854248	0.6125882267951965	0.695231556892395	0.6982070803642273	0.582119882106781	0.6063875555992126	0.7002096176147461	0.5746023654937744	0.7161090970039368	0.6893157362937927	0.6600744724273682	0.662161648273468	0.580044686794281	0.5775642395019531	0.6028977036476135	0.5649417042732239	0.5894747376441956	0.5757747888565063	0.5784175395965576	0.5871168375015259	0.5963724255561829	0.7084271907806396	0.6937209963798523	0.7009266018867493	0.6045883297920227	0.6252284646034241	0.6398073434829712	0.6241887807846069	0.5844045877456665	0.6019222736358643	0.5746074914932251	0.6115508675575256	0.64656001329422	0.5501884818077087	0.5780391693115234	0.7388426661491394	0.6181356310844421	0.70601886510849	0.7110881209373474
SRR19621187	0.6579284071922302	0.6972008347511292	0.6546475887298584	0.6578530669212341	0.6467613577842712	0.610073447227478	0.6323011517524719	0.6446106433868408	0.6659518480300903	0.6411128044128418	0.6718860864639282	0.6914653182029724	0.7061192989349365	0.6876672506332397	0.6411174535751343	0.650878369808197	0.6254394054412842	0.655090868473053	0.652897834777832	0.655415952205658	0.6615176796913147	0.632142186164856	0.6872698664665222	0.6324480772018433	0.5977096557617188	0.590628445148468	0.5823028683662415	0.5862812995910645	0.5928676724433899	0.5566214919090271	0.5746580362319946	0.5900408029556274	0.6222147345542908	0.554002583026886	0.5795627236366272	0.5446881651878357	0.564501941204071	0.5617231130599976	0.6509495973587036	0.6365731358528137	0.6160226464271545	0.6373226642608643	0.632373571395874	0.6362932324409485	0.6187853813171387	0.6265411376953125	0.664126455783844	0.6244329810142517	0.6488057374954224	0.6441490650177002	0.693913459777832	0.6852228045463562	0.6873493194580078	0.6487755179405212	0.6349432468414307	0.7025246620178223	0.7226991653442383	0.5527886748313904	0.6218916177749634	0.6306344866752625	0.5204210877418518	0.6380857825279236	0.6362521052360535	0.5663058757781982	0.6006923317909241	0.6162568926811218	0.6064352989196777	0.5336917042732239	0.3960326611995697	0	0.661359965801239	0.6098318696022034	0.6650233864784241	0.6033679246902466	0.5820048451423645	0.6184366345405579	0.6088994145393372	0.6425091624259949	0.5953873991966248	0.6172007322311401	0.6760730743408203	0.6807560920715332	0.6097762584686279	0.6158605813980103	0.7133781909942627	0.6151754856109619	0.6832970380783081	0.6747251152992249	0.6426810622215271	0.6303545832633972	0.6140100359916687	0.6414602994918823	0.6537913084030151	0.5661205649375916	0.6028838753700256	0.5631108283996582	0.5704295039176941	0.5738636255264282	0.5952824950218201	0.6957820653915405	0.7126612663269043	0.6975568532943726	0.6267134547233582	0.6320973038673401	0.6329903602600098	0.6345648765563965	0.588031530380249	0.5966527462005615	0.5518362522125244	0.62698894739151	0.6746282577514648	0.5911111235618591	0.5852235555648804	0.7131822109222412	0.6551258563995361	0.7029290199279785	0.7100406289100647
SRR19621188	0.7061843276023865	0.7333276867866516	0.7201577425003052	0.7199723720550537	0.7050104141235352	0.7160555124282837	0.7355505228042603	0.6668336391448975	0.6927234530448914	0.6427059173583984	0.6796588897705078	0.7422775626182556	0.7460119724273682	0.7441442608833313	0.68501877784729	0.6848542094230652	0.6674209833145142	0.6847013831138611	0.6907302141189575	0.692198634147644	0.6491639018058777	0.6661274433135986	0.6812902688980103	0.6443329453468323	0.6879077553749084	0.6854690909385681	0.6701786518096924	0.6309324502944946	0.683195948600769	0.6154194474220276	0.655121386051178	0.6646441221237183	0.6526179909706116	0.6532019376754761	0.6526898145675659	0.6070689558982849	0.6588621735572815	0.6623176336288452	0.6955443024635315	0.7006512880325317	0.6538136005401611	0.6606075763702393	0.685255229473114	0.6549506187438965	0.6127996444702148	0.6144627332687378	0.6471261382102966	0.6856670379638672	0.705299437046051	0.6797939538955688	0.7031763792037964	0.7276330590248108	0.7269636392593384	0.7077072858810425	0.4709649980068207	0.7154168486595154	0.7182289361953735	0.6615525484085083	0.6987419128417969	0.7019240260124207	0.6476104855537415	0.6774725317955017	0.5534641146659851	0.6568955183029175	0.6735495924949646	0.7050657868385315	0.7105749249458313	0.6949471831321716	0.6500327587127686	0.661359965801239	0	0.6793949007987976	0.6492692828178406	0.6873659491539001	0.6883726119995117	0.6948543190956116	0.690119206905365	0.6407607197761536	0.6883808970451355	0.642252504825592	0.7223550081253052	0.7209697365760803	0.6512693762779236	0.6656395196914673	0.7053334712982178	0.6703673601150513	0.6561213731765747	0.6738998889923096	0.674001157283783	0.7202194929122925	0.6698533892631531	0.6560660004615784	0.6681872010231018	0.6510817408561707	0.6327144503593445	0.6374123096466064	0.6633808016777039	0.6767047643661499	0.6960616111755371	0.7275495529174805	0.7390221953392029	0.74027019739151	0.6511458158493042	0.6622740030288696	0.6679510474205017	0.6381046175956726	0.7021488547325134	0.7025027871131897	0.6684265732765198	0.7299124598503113	0.7333102822303772	0.7007825374603271	0.6636073589324951	0.7220811247825623	0.6958903074264526	0.706175684928894	0.7256364226341248
SRR19621189	0.6768757700920105	0.6945791244506836	0.6644566655158997	0.5986940860748291	0.6091972589492798	0.5805892944335938	0.5921274423599243	0.6654857993125916	0.7163665294647217	0.6891621351242065	0.566483199596405	0.7237074971199036	0.7345101833343506	0.7343976497650146	0.576012909412384	0.6684262156486511	0.6638825535774231	0.6541503667831421	0.6520904302597046	0.6384958624839783	0.677437961101532	0.6704558730125427	0.6778781414031982	0.6187809705734253	0.6060870885848999	0.5904824733734131	0.5427559018135071	0.597958505153656	0.5946897268295288	0.5471776723861694	0.5232682228088379	0.5600705146789551	0.6202676892280579	0.5456199049949646	0.5370447635650635	0.5102184414863586	0.642865002155304	0.6190871000289917	0.6736688613891602	0.6987053155899048	0.6001347303390503	0.6017717123031616	0.6304566860198975	0.5837982892990112	0.6348251700401306	0.6831222176551819	0.6668014526367188	0.6302753090858459	0.605240523815155	0.5467596650123596	0.6736992001533508	0.6782490611076355	0.6878629922866821	0.6810418963432312	0.6774030923843384	0.7015981078147888	0.7059768438339233	0.6305584907531738	0.6742707490921021	0.6707741022109985	0.6139242649078369	0.6460564732551575	0.6907708644866943	0.5564811229705811	0.6137419939041138	0.6593334078788757	0.6552647352218628	0.6273228526115417	0.5856985449790955	0.6098318696022034	0.6793949007987976	0	0.5588317513465881	0.55089271068573	0.5883381366729736	0.604232132434845	0.6069228649139404	0.5930526256561279	0.5949956774711609	0.6305793523788452	0.7285028100013733	0.6581989526748657	0.5820527672767639	0.6002182364463806	0.7234569191932678	0.6276763677597046	0.6361339688301086	0.6299425959587097	0.5989194512367249	0.6765822172164917	0.532164454460144	0.601131796836853	0.5757244229316711	0.5505042672157288	0.5866348743438721	0.5718228220939636	0.5756238698959351	0.566467821598053	0.5581768751144409	0.6932302117347717	0.6798049211502075	0.6939216256141663	0.5527387857437134	0.5970070362091064	0.5955063104629517	0.591005802154541	0.5948178768157959	0.5971808433532715	0.5932212471961975	0.6832197904586792	0.6751528382301331	0.6318634748458862	0.4917758703231812	0.6966161727905273	0.5880116820335388	0.691413402557373	0.7144195437431335
SRR19621190	0.552251935005188	0.583298921585083	0.6061893105506897	0.7164251208305359	0.5950056910514832	0.6338984370231628	0.6768594980239868	0.5439892411231995	0.5856060981750488	0.6259074211120605	0.6565387845039368	0.6217226982116699	0.629358172416687	0.6411253213882446	0.6868778467178345	0.6253430843353271	0.5849211812019348	0.5518009066581726	0.5595343708992004	0.5784216523170471	0.5518479943275452	0.687650203704834	0.5278418064117432	0.565184473991394	0.6398358941078186	0.6629266142845154	0.6458761692047119	0.649241030216217	0.692033052444458	0.611798882484436	0.6242443323135376	0.6318849325180054	0.6500747203826904	0.6355445384979248	0.6074544787406921	0.6007596850395203	0.6358122825622559	0.6418831348419189	0.6072483062744141	0.6268376708030701	0.6259084939956665	0.6180020570755005	0.619059681892395	0.6586424112319946	0.5597359538078308	0.5929604768753052	0.5544170141220093	0.7119365930557251	0.680031955242157	0.6484797596931458	0.6040127873420715	0.6352438926696777	0.6416398286819458	0.6324811577796936	0.6533982157707214	0.6188110709190369	0.6184095144271851	0.6288807988166809	0.6173544526100159	0.6266754269599915	0.6080365180969238	0.6142208576202393	0.659687876701355	0.6178362965583801	0.6333197951316833	0.6616883277893066	0.6802436113357544	0.7043974995613098	0.6538099646568298	0.6650233864784241	0.6492692828178406	0.5588317513465881	0	0.4383876621723175	0.667300283908844	0.6703067421913147	0.661791980266571	0.6736901998519897	0.6771178245544434	0.6521350741386414	0.6784926652908325	0.6585655808448792	0.634139358997345	0.6061936020851135	0.655672013759613	0.6642975807189941	0.5748118162155151	0.553615927696228	0.492242306470871	0.6688017845153809	0.630906343460083	0.6644256711006165	0.6665480732917786	0.5602959990501404	0.5678465962409973	0.60374516248703	0.6293261051177979	0.6029166579246521	0.6525946855545044	0.6386600136756897	0.6544128060340881	0.6159231662750244	0.6544320583343506	0.618635356426239	0.6496433615684509	0.5985649824142456	0.6237340569496155	0.6231816411018372	0.6675129532814026	0.7348222136497498	0.7482955455780029	0.6987451314926147	0.5929874181747437	0.6691201329231262	0.6101453304290771	0.6343704462051392	0.6560378670692444
SRR19621191	0.5375558733940125	0.5714007616043091	0.5972108244895935	0.6932964324951172	0.5690674185752869	0.5916985869407654	0.6184076070785522	0.5596535205841064	0.6153234243392944	0.6243507862091064	0.6669425368309021	0.6022250056266785	0.6151425838470459	0.6201865673065186	0.7056973576545715	0.6011766195297241	0.5636445283889771	0.5482067465782166	0.5362506508827209	0.5383250117301941	0.59136962890625	0.6909242272377014	0.57779461145401	0.5620074868202209	0.6501201391220093	0.6376307010650635	0.6300100088119507	0.6518136262893677	0.6656473278999329	0.620919942855835	0.5958352088928223	0.5910189747810364	0.6815260648727417	0.6074478030204773	0.6060032248497009	0.5961245894432068	0.6150042414665222	0.6138064861297607	0.5935240387916565	0.5893551707267761	0.6223863959312439	0.626307487487793	0.60130375623703	0.679211437702179	0.573999285697937	0.6321458220481873	0.6212639808654785	0.715836226940155	0.6684023141860962	0.6535692811012268	0.569817841053009	0.5737301707267761	0.5794121026992798	0.5997244715690613	0.6812476515769958	0.6114140748977661	0.6257118582725525	0.6096107959747314	0.5867735147476196	0.5870023965835571	0.589583694934845	0.5814646482467651	0.6827585697174072	0.6259969472885132	0.6093742847442627	0.6315703392028809	0.6139959692955017	0.6163859367370605	0.622983992099762	0.6033679246902466	0.6873659491539001	0.55089271068573	0.4383876621723175	0	0.6631396412849426	0.679348349571228	0.6823291778564453	0.6985472440719604	0.6713588833808899	0.6466107964515686	0.6545218229293823	0.6179033517837524	0.6585967540740967	0.6064171195030212	0.6373604536056519	0.6790870428085327	0.6029356122016907	0.569238543510437	0.5346644520759583	0.6418028473854065	0.5823001265525818	0.650155246257782	0.6607207655906677	0.5480360984802246	0.5521860122680664	0.6022399067878723	0.5910171866416931	0.576472282409668	0.611229419708252	0.6028403043746948	0.6249894499778748	0.5987346768379211	0.6733725666999817	0.6228972673416138	0.6866973638534546	0.6125280261039734	0.5936173796653748	0.5957479476928711	0.6189423203468323	0.7342749834060669	0.7507038712501526	0.6888335943222046	0.5744322538375854	0.6845729351043701	0.6387678980827332	0.5998356342315674	0.6392411589622498
SRR19621192	0.6691901087760925	0.6971816420555115	0.6626793146133423	0.5913450717926025	0.5875640511512756	0.6102868914604187	0.5854712128639221	0.6835478544235229	0.6977732181549072	0.6403371691703796	0.5569106340408325	0.6977367401123047	0.7262601852416992	0.7232143878936768	0.5816315412521362	0.6219457387924194	0.6048582196235657	0.6463235020637512	0.6590600609779358	0.6423845291137695	0.6817684769630432	0.6525502800941467	0.6665461659431458	0.6045631170272827	0.6172094345092773	0.6045464277267456	0.5920249819755554	0.5743162035942078	0.588039219379425	0.5402945876121521	0.4767398834228516	0.5208351016044617	0.5892816185951233	0.4816771745681763	0.5322825908660889	0.5355549454689026	0.6175786852836609	0.58283931016922	0.6371493339538574	0.643025279045105	0.5597229599952698	0.6011039614677429	0.6244179606437683	0.5690892934799194	0.599854588508606	0.6456247568130493	0.6405571699142456	0.5792624950408936	0.5960346460342407	0.5416324734687805	0.6778887510299683	0.6623662710189819	0.6819849610328674	0.6881719827651978	0.6508715152740479	0.7141528129577637	0.716475784778595	0.6045492887496948	0.6597185134887695	0.6502087712287903	0.6210711598396301	0.6783494353294373	0.6905860304832458	0.601536750793457	0.5975131988525391	0.6597394347190857	0.6484490633010864	0.6214105486869812	0.5721721053123474	0.5820048451423645	0.6883726119995117	0.5883381366729736	0.667300283908844	0.6631396412849426	0	0.4434027373790741	0.4200395941734314	0.5962345600128174	0.5982414484024048	0.6179974675178528	0.6780914664268494	0.6615750789642334	0.5619339346885681	0.6153513789176941	0.7105500102043152	0.5999321937561035	0.6599754691123962	0.6811850666999817	0.6369235515594482	0.6477662324905396	0.5707303285598755	0.5771430730819702	0.6058194041252136	0.5440919995307922	0.5594459176063538	0.5660095810890198	0.5913594961166382	0.5782115459442139	0.5638421773910522	0.703737199306488	0.6907353401184082	0.6931893825531006	0.5239540934562683	0.5820415019989014	0.5774010419845581	0.5662305355072021	0.5767419934272766	0.6001460552215576	0.5748504400253296	0.5953973531723022	0.6216049194335938	0.5506108999252319	0.5091645121574402	0.7349042892456055	0.5533085465431213	0.7079766392707825	0.6817212104797363
SRR19621193	0.6892806887626648	0.7171638011932373	0.7038996815681458	0.5546355843544006	0.6381121277809143	0.6136556267738342	0.6185832023620605	0.6965340375900269	0.7177532911300659	0.652127206325531	0.5676140785217285	0.7281666994094849	0.7402678728103638	0.7231847643852234	0.5578513741493225	0.6460334062576294	0.649839460849762	0.6505508422851562	0.6833829283714294	0.6723074316978455	0.6815444827079773	0.644585907459259	0.6830034255981445	0.654940128326416	0.6510573625564575	0.6097888946533203	0.6096161007881165	0.5722190141677856	0.5862912535667419	0.5689932107925415	0.5564185976982117	0.5515010952949524	0.6117302179336548	0.5252609252929688	0.5602114796638489	0.5690940022468567	0.6553232073783875	0.6419545412063599	0.6562865972518921	0.6732847690582275	0.5995098352432251	0.5677078366279602	0.6266881227493286	0.5680193901062012	0.6395100355148315	0.6399070620536804	0.6814836859703064	0.5982184410095215	0.5977190732955933	0.5630130767822266	0.719461977481842	0.706769585609436	0.7112504839897156	0.6882835030555725	0.6905482411384583	0.7147160768508911	0.7197920680046082	0.6465679407119751	0.672081470489502	0.6832825541496277	0.6314228773117065	0.6844370365142822	0.6815611124038696	0.6161017417907715	0.5809828042984009	0.6673266887664795	0.6356845498085022	0.6667371988296509	0.6138694882392883	0.6184366345405579	0.6948543190956116	0.604232132434845	0.6703067421913147	0.679348349571228	0.4434027373790741	0	0.42359259724617	0.5840686559677124	0.6168220639228821	0.6674958467483521	0.7173030376434326	0.6884251832962036	0.6039618253707886	0.6390935778617859	0.7255844473838806	0.6391111612319946	0.6367282867431641	0.6829841732978821	0.6277680993080139	0.6877689361572266	0.585235059261322	0.60527104139328	0.6292067170143127	0.5760402083396912	0.5629472732543945	0.5357655882835388	0.5904536843299866	0.6184625029563904	0.6013749241828918	0.7279530763626099	0.7241888642311096	0.7124556303024292	0.5825138688087463	0.6053140163421631	0.5603998303413391	0.6176952719688416	0.6108057498931885	0.6263079643249512	0.5805572271347046	0.5717450976371765	0.6107820272445679	0.5806493759155273	0.5309953093528748	0.7400972843170166	0.5946293473243713	0.7219769358634949	0.7197890281677246
SRR19621194	0.7034465074539185	0.7351943254470825	0.7088986039161682	0.5779372453689575	0.6429426074028015	0.6300274133682251	0.6375697255134583	0.7091296911239624	0.722461462020874	0.6555371880531311	0.5987011194229126	0.7268387675285339	0.7499932646751404	0.7427002191543579	0.6050981879234314	0.6806066632270813	0.6578251123428345	0.6679345369338989	0.6920445561408997	0.6837246417999268	0.6889663338661194	0.651276707649231	0.6975702047348022	0.6398122906684875	0.646885097026825	0.6403722167015076	0.6217266917228699	0.5816255211830139	0.5945934057235718	0.5521690249443054	0.5582823753356934	0.6051988005638123	0.5954946875572205	0.5228098034858704	0.5959987640380859	0.5702381134033203	0.630910336971283	0.6279802918434143	0.6887733340263367	0.6877059936523438	0.5965035557746887	0.6129807233810425	0.660661518573761	0.5850719213485718	0.6456751823425293	0.6479524374008179	0.6765138506889343	0.5943645834922791	0.5880778431892395	0.5598511099815369	0.7201868891716003	0.7173318266868591	0.7346919775009155	0.7054545879364014	0.6881561875343323	0.7413758635520935	0.7457382678985596	0.6238256096839905	0.6997196078300476	0.6993572115898132	0.6258995532989502	0.6856568455696106	0.7060592174530029	0.6070287227630615	0.6148724555969238	0.6720412373542786	0.6543902158737183	0.6578590273857117	0.5748769640922546	0.6088994145393372	0.690119206905365	0.6069228649139404	0.661791980266571	0.6823291778564453	0.4200395941734314	0.42359259724617	0	0.6204309463500977	0.637825608253479	0.6587581634521484	0.7288080453872681	0.7035351991653442	0.6113492846488953	0.635195255279541	0.7359876036643982	0.666073203086853	0.6564358472824097	0.6659404039382935	0.6375176906585693	0.690807580947876	0.612700343132019	0.6269860863685608	0.6260684132575989	0.5918605327606201	0.589316189289093	0.588662326335907	0.6180916428565979	0.6300034523010254	0.622262716293335	0.7431210279464722	0.7282476425170898	0.7213432788848877	0.597679615020752	0.634544312953949	0.580126166343689	0.6196896433830261	0.6172154545783997	0.6533451080322266	0.6040587425231934	0.6324389576911926	0.6411787867546082	0.5841577053070068	0.5465742349624634	0.7391080856323242	0.6012133359909058	0.7257469296455383	0.7327718138694763
SRR19621195	0.6894257068634033	0.7111561298370361	0.6914485096931458	0.6188724040985107	0.6594616174697876	0.6348967552185059	0.6094138622283936	0.733551561832428	0.7357277870178223	0.6645879745483398	0.6005837917327881	0.7505465745925903	0.7576181888580322	0.7497493624687195	0.5126790404319763	0.6518725752830505	0.6383350491523743	0.68141108751297	0.7155830860137939	0.6912912726402283	0.6693460941314697	0.6919093132019043	0.6945468783378601	0.6478623151779175	0.6600411534309387	0.6409679055213928	0.5989961624145508	0.5786662697792053	0.5572314858436584	0.5590415596961975	0.5406120419502258	0.5993776321411133	0.618213951587677	0.556380033493042	0.5610674023628235	0.5247694253921509	0.6700863242149353	0.6553953886032104	0.6820449233055115	0.7011986374855042	0.6277607679367065	0.6307884454727173	0.6999695897102356	0.6000426411628723	0.6302714347839355	0.6368653774261475	0.6808533668518066	0.5959912538528442	0.6258195638656616	0.5813987255096436	0.7285093665122986	0.7439714670181274	0.7426812052726746	0.7123521566390991	0.6736713647842407	0.7330010533332825	0.7418604493141174	0.6738662123680115	0.6953970789909363	0.7093647122383118	0.5954635143280029	0.7130011320114136	0.6832995414733887	0.5158481597900391	0.6014959812164307	0.649878203868866	0.6651985049247742	0.6285372376441956	0.584520697593689	0.6425091624259949	0.6407607197761536	0.5930526256561279	0.6736901998519897	0.6985472440719604	0.5962345600128174	0.5840686559677124	0.6204309463500977	0	0.5518834590911865	0.5401714444160461	0.7576169967651367	0.6987739205360413	0.5730425715446472	0.6551580429077148	0.7263550758361816	0.650029182434082	0.6440277099609375	0.680071234703064	0.6636922955513	0.7129877805709839	0.5826865434646606	0.6352960467338562	0.5977252125740051	0.629092276096344	0.6019335985183716	0.6123052835464478	0.5919350385665894	0.6236209869384766	0.6059509515762329	0.7389241456985474	0.7127036452293396	0.7196012139320374	0.5748991370201111	0.6508264541625977	0.5872634649276733	0.6005723476409912	0.6352682113647461	0.6468909382820129	0.5828549265861511	0.6280146837234497	0.6389027833938599	0.5631981492042542	0.5413468480110168	0.7582540512084961	0.6110032200813293	0.7343212366104126	0.7152907252311707
SRR19621196	0.7029814720153809	0.7336577773094177	0.7100380659103394	0.5749163627624512	0.6598789095878601	0.6081808805465698	0.6751471161842346	0.6925599575042725	0.7088191509246826	0.6705624461174011	0.6372029781341553	0.7565118074417114	0.7616027593612671	0.7216952443122864	0.6078028678894043	0.6466441750526428	0.6700263619422913	0.6803213357925415	0.6963831186294556	0.6904139518737793	0.6814125180244446	0.6385975480079651	0.6933630108833313	0.6378779411315918	0.6197807788848877	0.6009001135826111	0.5573844313621521	0.6132103800773621	0.5793159008026123	0.5890710353851318	0.5890197157859802	0.5691507458686829	0.6022940874099731	0.5675953030586243	0.5754055380821228	0.5821458101272583	0.596285879611969	0.5923517346382141	0.6770622730255127	0.7150131464004517	0.6235590577125549	0.5828772187232971	0.6122803092002869	0.5930416584014893	0.6567203998565674	0.6638278961181641	0.6957027912139893	0.6269980072975159	0.6289342045783997	0.599520742893219	0.707643985748291	0.7179818749427795	0.7036555409431458	0.6937544345855713	0.6524081230163574	0.7074259519577026	0.7280927300453186	0.5966106057167053	0.6479483246803284	0.6638379096984863	0.5789448022842407	0.6638695597648621	0.655017077922821	0.5974715352058411	0.6527789831161499	0.6848441958427429	0.678936243057251	0.6579039692878723	0.596412181854248	0.5953873991966248	0.6883808970451355	0.5949956774711609	0.6771178245544434	0.6713588833808899	0.5982414484024048	0.6168220639228821	0.637825608253479	0.5518834590911865	0	0.4780339002609253	0.735890805721283	0.7073764204978943	0.635744571685791	0.6614104509353638	0.7278581857681274	0.6570091247558594	0.6820499897003174	0.7098565697669983	0.6813182830810547	0.6994007229804993	0.6587983369827271	0.6284293532371521	0.6738278865814209	0.6058536767959595	0.5966782569885254	0.559339702129364	0.6425427794456482	0.6424182057380676	0.6676943302154541	0.7256483435630798	0.719264030456543	0.7468470335006714	0.61567622423172	0.6410331130027771	0.5994564294815063	0.648074209690094	0.609830379486084	0.6283953785896301	0.6120137572288513	0.6140422224998474	0.6407999396324158	0.6545739769935608	0.5539553165435791	0.7499796152114868	0.6085342764854431	0.7211740016937256	0.7254086136817932
SRR19621197	0.6784659028053284	0.706689715385437	0.6807606816291809	0.6496005654335022	0.6347730159759521	0.6299340128898621	0.6625521779060364	0.6585280895233154	0.6988178491592407	0.6844232082366943	0.6532977819442749	0.7284292578697205	0.7321457266807556	0.7116782069206238	0.6324462294578552	0.6541797518730164	0.6287014484405518	0.6557714939117432	0.6730615496635437	0.6554733514785767	0.6436432003974915	0.6921525001525879	0.6785289645195007	0.6181058883666992	0.6544202566146851	0.6771053075790405	0.6275845170021057	0.6419453024864197	0.6411150097846985	0.605063259601593	0.5918095707893372	0.5796495079994202	0.6412663459777832	0.5760420560836792	0.5650483369827271	0.5525527000427246	0.6239544749259949	0.6269569396972656	0.6671262979507446	0.694859504699707	0.6272072792053223	0.6196174621582031	0.67128986120224	0.6463467478752136	0.6402868032455444	0.6806868314743042	0.690471351146698	0.6234059929847717	0.6740813851356506	0.6447482705116272	0.6832138895988464	0.7025641202926636	0.7035416960716248	0.684575080871582	0.6472731232643127	0.7050560712814331	0.7057396769523621	0.6137049794197083	0.6407585144042969	0.6703521013259888	0.57433021068573	0.6537414789199829	0.673134446144104	0.5668549537658691	0.62542724609375	0.6719914078712463	0.6601811647415161	0.6901372075080872	0.6125882267951965	0.6172007322311401	0.642252504825592	0.6305793523788452	0.6521350741386414	0.6466107964515686	0.6179974675178528	0.6674958467483521	0.6587581634521484	0.5401714444160461	0.4780339002609253	0	0.7027935981750488	0.6960712671279907	0.6196258664131165	0.6622864603996277	0.7156062126159668	0.6798016428947449	0.6372300982475281	0.648344099521637	0.6314703226089478	0.6919334530830383	0.6339849829673767	0.6679593324661255	0.6548987627029419	0.6026636362075806	0.5874897837638855	0.5910837054252625	0.6143538951873779	0.6285227537155151	0.6468362808227539	0.6784248948097229	0.6946111917495728	0.7043812870979309	0.6033133268356323	0.6614277958869934	0.6451908349990845	0.6158575415611267	0.6277826428413391	0.6347699761390686	0.5921658277511597	0.7036526799201965	0.6686538457870483	0.6677694916725159	0.5839500427246094	0.7125601768493652	0.6576229929924011	0.7199849486351013	0.7335889935493469
SRR19621198	0.6573779582977295	0.6652166843414307	0.6741936206817627	0.7425796985626221	0.6206091046333313	0.6442946791648865	0.620836615562439	0.6098239421844482	0.6396908164024353	0.6693590879440308	0.6919402480125427	0.5934717059135437	0.6230236887931824	0.6144717335700989	0.7525472044944763	0.6348735690116882	0.6387894749641418	0.6103242039680481	0.6126992702484131	0.6203488707542419	0.6938998103141785	0.6920482516288757	0.674841582775116	0.6718499660491943	0.7103075385093689	0.7116961479187012	0.7447494864463806	0.6973723173141479	0.7281986474990845	0.6953899264335632	0.6378706097602844	0.6048070192337036	0.6951152682304382	0.639980137348175	0.6781773567199707	0.6896208524703979	0.6993966102600098	0.7122648954391479	0.6004356741905212	0.6156047582626343	0.6517582535743713	0.662201464176178	0.6471991539001465	0.6991258263587952	0.6964079737663269	0.7372367978096008	0.7229501008987427	0.7402155995368958	0.7363733053207397	0.7254389524459839	0.5836507678031921	0.6135432124137878	0.6174440383911133	0.6070809364318848	0.6557115912437439	0.5845238566398621	0.5935114026069641	0.6972468495368958	0.5991432666778564	0.6136840581893921	0.673909068107605	0.7104817628860474	0.682456374168396	0.725875198841095	0.6273775696754456	0.6373786330223083	0.6424668431282043	0.6889950633049011	0.695231556892395	0.6760730743408203	0.7223550081253052	0.7285028100013733	0.6784926652908325	0.6545218229293823	0.6780914664268494	0.7173030376434326	0.7288080453872681	0.7576169967651367	0.735890805721283	0.7027935981750488	0	0.4032695889472961	0.6664540767669678	0.6297565102577209	0.644145131111145	0.7157154083251953	0.6857526898384094	0.6927294731140137	0.6538758873939514	0.4465414583683014	0.622948944568634	0.6517263650894165	0.6998417973518372	0.6154112219810486	0.6705052852630615	0.657194972038269	0.6553056836128235	0.626363217830658	0.6428515911102295	0.6019518375396729	0.609716534614563	0.6081581115722656	0.713801383972168	0.6479871869087219	0.7576408386230469	0.7235667705535889	0.6057840585708618	0.6109117865562439	0.6421446800231934	0.7514249086380005	0.7465905547142029	0.7217865586280823	0.6528548002243042	0.7302517294883728	0.6885698437690735	0.6424398422241211	0.635567843914032
SRR19621199	0.650279700756073	0.6689003109931946	0.6719233989715576	0.702067494392395	0.5645868182182312	0.5573710799217224	0.5771695375442505	0.5835363268852234	0.6454511284828186	0.6220402121543884	0.645491898059845	0.594237744808197	0.6238817572593689	0.6039019227027893	0.7044771909713745	0.6161074042320251	0.6122981309890747	0.577211856842041	0.5779693722724915	0.5976115465164185	0.6889575719833374	0.7066845893859863	0.6707861423492432	0.6508607864379883	0.7038708925247192	0.6707437634468079	0.7074137330055237	0.654094398021698	0.6921743154525757	0.6694216132164001	0.5944949388504028	0.5537989139556885	0.6632568836212158	0.5897523164749146	0.629441499710083	0.651187539100647	0.6496651768684387	0.6501082181930542	0.5856208205223083	0.613831102848053	0.6390984058380127	0.6286322474479675	0.6184074878692627	0.6738733649253845	0.6926906108856201	0.7223877310752869	0.7082372903823853	0.7071697115898132	0.7028641700744629	0.6954681277275085	0.5652815103530884	0.5559518337249756	0.5601433515548706	0.5504884123802185	0.6742097139358521	0.5514940619468689	0.5600924491882324	0.64726722240448	0.605463445186615	0.6098933815956116	0.6476266980171204	0.6942540407180786	0.6933588981628418	0.692533016204834	0.5642253756523132	0.5762921571731567	0.5585371255874634	0.6575021743774414	0.6982070803642273	0.6807560920715332	0.7209697365760803	0.6581989526748657	0.6585655808448792	0.6179033517837524	0.6615750789642334	0.6884251832962036	0.7035351991653442	0.6987739205360413	0.7073764204978943	0.6960712671279907	0.4032695889472961	0	0.6623010039329529	0.6372590065002441	0.629743218421936	0.6962827444076538	0.63460773229599	0.665613055229187	0.6317301988601685	0.5016000866889954	0.5841635465621948	0.6027136445045471	0.6504152417182922	0.5826451182365417	0.6400400996208191	0.6365898847579956	0.655107855796814	0.5952566862106323	0.6256412863731384	0.6005309224128723	0.5919861793518066	0.5711736083030701	0.6898717284202576	0.6123313307762146	0.7455443143844604	0.6983858346939087	0.57792729139328	0.5710787773132324	0.5953385233879089	0.7068306803703308	0.7141600847244263	0.7091636657714844	0.5868897438049316	0.7172828912734985	0.6739045977592468	0.6103653311729431	0.6131896376609802
SRR19621200	0.6533816456794739	0.6640819907188416	0.6254119873046875	0.5976736545562744	0.6450992226600647	0.6314786076545715	0.6043310761451721	0.6477530002593994	0.6827176809310913	0.6746543049812317	0.6243038773536682	0.7298669219017029	0.7351776361465454	0.746610701084137	0.5779873728752136	0.6677203178405762	0.6512523889541626	0.6651710271835327	0.6556188464164734	0.6630471348762512	0.6298993229866028	0.6258611679077148	0.6371638774871826	0.58203125	0.5623778104782104	0.5826932191848755	0.5405239462852478	0.5731784701347351	0.5716375112533569	0.5337800979614258	0.5465468764305115	0.5679840445518494	0.5945950746536255	0.5568364858627319	0.5237621068954468	0.5478881001472473	0.600892186164856	0.599839448928833	0.6767410039901733	0.7049285173416138	0.577450692653656	0.6041671633720398	0.6342800259590149	0.6110268235206604	0.6045888662338257	0.6317852735519409	0.5803006291389465	0.5902094841003418	0.6254448890686035	0.571951687335968	0.688468337059021	0.6996923089027405	0.7086148858070374	0.6977787017822266	0.6282514333724976	0.7160274982452393	0.7113805413246155	0.6015785932540894	0.6784572005271912	0.6843483448028564	0.6013872623443604	0.6523128747940063	0.6455955505371094	0.5483043193817139	0.6297354698181152	0.6426681876182556	0.6545259356498718	0.6136235594749451	0.582119882106781	0.6097762584686279	0.6512693762779236	0.5820527672767639	0.634139358997345	0.6585967540740967	0.5619339346885681	0.6039618253707886	0.6113492846488953	0.5730425715446472	0.635744571685791	0.6196258664131165	0.6664540767669678	0.6623010039329529	0	0.392176479101181	0.726652204990387	0.5220188498497009	0.6859005689620972	0.6874336004257202	0.6659226417541504	0.6623829007148743	0.5748344659805298	0.6210895776748657	0.6486498713493347	0.5323835611343384	0.5771059393882751	0.5397042632102966	0.5869620442390442	0.5713352560997009	0.5921114683151245	0.7235516309738159	0.7257929444313049	0.714378297328949	0.5317039489746094	0.627301812171936	0.5847366452217102	0.5446008443832397	0.6150493621826172	0.6136133670806885	0.624891996383667	0.5909890532493591	0.6071369051933289	0.5361508727073669	0.5478500127792358	0.7458738088607788	0.5772200226783752	0.7373045682907104	0.718529999256134
SRR19621201	0.616888165473938	0.6295252442359924	0.6392911076545715	0.6742576360702515	0.6715106964111328	0.6621370911598206	0.6424642205238342	0.6058498620986938	0.6539634466171265	0.665794312953949	0.660605788230896	0.6969590783119202	0.7034959197044373	0.7337063550949097	0.6517429351806641	0.6632912755012512	0.6610854864120483	0.6452840566635132	0.6471024751663208	0.6440041065216064	0.619361937046051	0.6407684087753296	0.6136071681976318	0.5728655457496643	0.5513373613357544	0.5780628323554993	0.5869681835174561	0.5754894018173218	0.6059824824333191	0.5115630030632019	0.6004534959793091	0.605760931968689	0.6065229177474976	0.607003927230835	0.5741861462593079	0.5747780799865723	0.5995492935180664	0.5996450185775757	0.6928258538246155	0.7037261724472046	0.5958177447319031	0.6137665510177612	0.6284584403038025	0.650324285030365	0.5830170512199402	0.6197906136512756	0.5459712147712708	0.6305811405181885	0.6482439637184143	0.6064390540122986	0.6756134629249573	0.6813857555389404	0.6966204643249512	0.688517689704895	0.6200914978981018	0.695345401763916	0.6968778967857361	0.5917134284973145	0.6892780661582947	0.6894568800926208	0.604573667049408	0.6282894611358643	0.6242428421974182	0.586085319519043	0.6479493975639343	0.6201372146606445	0.6461412310600281	0.6147544980049133	0.6063875555992126	0.6158605813980103	0.6656395196914673	0.6002182364463806	0.6061936020851135	0.6064171195030212	0.6153513789176941	0.6390935778617859	0.635195255279541	0.6551580429077148	0.6614104509353638	0.6622864603996277	0.6297565102577209	0.6372590065002441	0.392176479101181	0	0.708685040473938	0.4991368055343628	0.6847308278083801	0.6622985005378723	0.6380342841148376	0.6456736326217651	0.5880028605461121	0.6208868622779846	0.6643978357315063	0.5189977288246155	0.6150542497634888	0.549827516078949	0.6181554198265076	0.5916702747344971	0.6333407163619995	0.7145335078239441	0.7116851210594177	0.6934922933578491	0.5619271397590637	0.6199561357498169	0.6224812865257263	0.5704875588417053	0.642666757106781	0.6391228437423706	0.6747270822525024	0.6439380645751953	0.6593373417854309	0.6113023161888123	0.6033790111541748	0.7177531123161316	0.582192063331604	0.6987724304199219	0.7026176452636719
SRR19621202	0.6086702942848206	0.6370556950569153	0.6267659664154053	0.7398463487625122	0.5806310772895813	0.6076076030731201	0.6339813470840454	0.6546865701675415	0.6820954084396362	0.6525294184684753	0.6649996638298035	0.5780170559883118	0.6179038286209106	0.5702455043792725	0.7280305624008179	0.6102952361106873	0.5947516560554504	0.5928710699081421	0.6102179288864136	0.6262833476066589	0.6719403862953186	0.7078779339790344	0.6648746728897095	0.6326716542243958	0.7320586442947388	0.7119767069816589	0.7224972248077393	0.6819660067558289	0.7119528651237488	0.6858946084976196	0.6388882994651794	0.6377231478691101	0.7167026400566101	0.6491971015930176	0.7061357498168945	0.6958805918693542	0.7172492742538452	0.7328227162361145	0.5913217067718506	0.6278136968612671	0.703615665435791	0.6949522495269775	0.7034595012664795	0.6932070255279541	0.6698002815246582	0.6616648435592651	0.6821171045303345	0.7207006216049194	0.7098820209503174	0.7094452977180481	0.5550236105918884	0.57070392370224	0.5695284605026245	0.5951017141342163	0.7147543430328369	0.5929173231124878	0.6071276664733887	0.7089877724647522	0.5939847230911255	0.6005486845970154	0.7123762369155884	0.7151357531547546	0.7389495372772217	0.7270423173904419	0.6501016020774841	0.6533622145652771	0.6510456800460815	0.7332834005355835	0.7002096176147461	0.7133781909942627	0.7053334712982178	0.7234569191932678	0.655672013759613	0.6373604536056519	0.7105500102043152	0.7255844473838806	0.7359876036643982	0.7263550758361816	0.7278581857681274	0.7156062126159668	0.644145131111145	0.629743218421936	0.726652204990387	0.708685040473938	0	0.7299388647079468	0.6306139826774597	0.6625189781188965	0.626366913318634	0.6160464882850647	0.6354452967643738	0.6215975880622864	0.670782208442688	0.6514943242073059	0.6166519522666931	0.6724866628646851	0.6678271889686584	0.6482232213020325	0.6772742867469788	0.5733689069747925	0.5718074440956116	0.568692684173584	0.7250943183898926	0.6601753234863281	0.7410005331039429	0.6808385252952576	0.6356706023216248	0.6257670521736145	0.6295744180679321	0.7475783824920654	0.751288115978241	0.7136943340301514	0.6843765377998352	0.7319549322128296	0.6827976107597351	0.3407043814659119	0.4010728001594543
SRR19621203	0.6581328511238098	0.6753109097480774	0.7005120515823364	0.6302900910377502	0.665286123752594	0.6693830490112305	0.6511759161949158	0.6842953562736511	0.6787434220314026	0.6475479006767273	0.6274245977401733	0.739186704158783	0.7401865124702454	0.7487812638282776	0.581857442855835	0.6756563782691956	0.6644370555877686	0.6750999093055725	0.6776941418647766	0.6841768622398376	0.6673509478569031	0.6274901628494263	0.6597967743873596	0.6200737953186035	0.6155219078063965	0.5845603346824646	0.5878890156745911	0.5571221709251404	0.5625475645065308	0.4994455575942993	0.5947966575622559	0.5863901972770691	0.6101080179214478	0.576803982257843	0.5585641860961914	0.5704399943351746	0.6081835627555847	0.6070348620414734	0.6843936443328857	0.6879873275756836	0.5833349823951721	0.607302725315094	0.6294565200805664	0.6391710042953491	0.5955590009689331	0.6196421980857849	0.6104727983474731	0.6742713451385498	0.6926491856575012	0.6762588024139404	0.7200532555580139	0.705838143825531	0.7047336101531982	0.718622088432312	0.615403950214386	0.703068733215332	0.7142278552055359	0.6025384068489075	0.6851006150245667	0.6911558508872986	0.595043420791626	0.6451525092124939	0.6405810117721558	0.6194089651107788	0.6846931576728821	0.6725032925605774	0.6825444102287292	0.6920363903045654	0.5746023654937744	0.6151754856109619	0.6703673601150513	0.6276763677597046	0.6642975807189941	0.6790870428085327	0.5999321937561035	0.6391111612319946	0.666073203086853	0.650029182434082	0.6570091247558594	0.6798016428947449	0.7157154083251953	0.6962827444076538	0.5220188498497009	0.4991368055343628	0.7299388647079468	0	0.6878617405891418	0.717837393283844	0.6666573882102966	0.7020002603530884	0.6076438426971436	0.5990767478942871	0.6524251103401184	0.5588369369506836	0.6115826964378357	0.588177502155304	0.563726544380188	0.5857101678848267	0.6203299164772034	0.7469262480735779	0.7456916570663452	0.7373412847518921	0.5878213047981262	0.5919960737228394	0.6402676105499268	0.6267598867416382	0.6483275294303894	0.6604093313217163	0.6588829159736633	0.5883857011795044	0.633648693561554	0.5973466634750366	0.5756204724311829	0.7329934239387512	0.6076716780662537	0.7321447730064392	0.7256157398223877
SRR19621204	0.6283910274505615	0.6522029638290405	0.6462655663490295	0.67037034034729	0.5157885551452637	0.5654153227806091	0.6287273168563843	0.6001522541046143	0.631051242351532	0.57171231508255	0.6363076567649841	0.6227061152458191	0.6323416829109192	0.6062891483306885	0.6537045240402222	0.5504430532455444	0.5492776036262512	0.5511434078216553	0.5858749151229858	0.5709526538848877	0.617523193359375	0.6934027671813965	0.6248972415924072	0.6243525743484497	0.73790043592453	0.7333146333694458	0.717139720916748	0.6609833240509033	0.6839010119438171	0.6510811448097229	0.6009742617607117	0.5664765238761902	0.640064001083374	0.5875608325004578	0.6439393162727356	0.6193342804908752	0.655975878238678	0.6532049775123596	0.5388403534889221	0.5740697979927063	0.6212853193283081	0.618834912776947	0.6468132734298706	0.6272624731063843	0.621825098991394	0.6140908598899841	0.6738516688346863	0.6971908807754517	0.6747767329216003	0.6719675064086914	0.6012162566184998	0.5857464075088501	0.5799980759620667	0.5826565027236938	0.6976519227027893	0.6043940186500549	0.5893735289573669	0.6291192173957825	0.5882144570350647	0.5791578888893127	0.6286526322364807	0.6514970064163208	0.7260417342185974	0.6582379341125488	0.571632981300354	0.589933454990387	0.5576211810112	0.7023668885231018	0.7161090970039368	0.6832970380783081	0.6561213731765747	0.6361339688301086	0.5748118162155151	0.6029356122016907	0.6599754691123962	0.6367282867431641	0.6564358472824097	0.6440277099609375	0.6820499897003174	0.6372300982475281	0.6857526898384094	0.63460773229599	0.6859005689620972	0.6847308278083801	0.6306139826774597	0.6878617405891418	0	0.4744076728820801	0.40736323595047	0.6617603302001953	0.6053545475006104	0.6585357189178467	0.6602076888084412	0.6029773950576782	0.5357819795608521	0.6004663109779358	0.6100090146064758	0.6178286075592041	0.6393871903419495	0.6280819177627563	0.6390243768692017	0.6230388879776001	0.6860582828521729	0.6297873258590698	0.6675832271575928	0.6354214549064636	0.6368100643157959	0.6428660750389099	0.6115719676017761	0.7393143773078918	0.7447411417961121	0.70842444896698	0.5762225389480591	0.6695759296417236	0.6456937789916992	0.6311917304992676	0.619735062122345
SRR19621205	0.6238746047019958	0.6234782338142395	0.6292718052864075	0.7328386902809143	0.5831567049026489	0.6237292885780334	0.6527756452560425	0.595639169216156	0.6207401752471924	0.6436375975608826	0.7005943059921265	0.6554837822914124	0.656302273273468	0.6535080671310425	0.7104085087776184	0.6390782594680786	0.5979057550430298	0.5667734742164612	0.5908150672912598	0.5879839658737183	0.5940369367599487	0.7246015667915344	0.6261465549468994	0.5794735550880432	0.7068118453025818	0.7140572071075439	0.6924784183502197	0.6740720868110657	0.7069032788276672	0.6562026143074036	0.6175644993782043	0.6265034675598145	0.6839809417724609	0.6006699204444885	0.6455426812171936	0.6301174163818359	0.6652201414108276	0.6787343621253967	0.6329581737518311	0.6252574920654297	0.6543737649917603	0.6338055729866028	0.6693213582038879	0.6971201300621033	0.6153134107589722	0.6318276524543762	0.6658049821853638	0.7096232175827026	0.7093496322631836	0.6770473122596741	0.6005694270133972	0.6111360788345337	0.6275138854980469	0.6164095997810364	0.6999694108963013	0.6531684994697571	0.6519396305084229	0.6680745482444763	0.6231673359870911	0.6311871409416199	0.6350554227828979	0.6282282471656799	0.7157799601554871	0.6112106442451477	0.6083758473396301	0.6251327991485596	0.6185100674629211	0.7101894021034241	0.6893157362937927	0.6747251152992249	0.6738998889923096	0.6299425959587097	0.553615927696228	0.569238543510437	0.6811850666999817	0.6829841732978821	0.6659404039382935	0.680071234703064	0.7098565697669983	0.648344099521637	0.6927294731140137	0.665613055229187	0.6874336004257202	0.6622985005378723	0.6625189781188965	0.717837393283844	0.4744076728820801	0	0.3939855396747589	0.6440383195877075	0.6506533622741699	0.6852697730064392	0.6916771531105042	0.592333972454071	0.5671445727348328	0.6304072141647339	0.6452421545982361	0.6442684531211853	0.6774848699569702	0.6446642875671387	0.6806344389915466	0.6539363265037537	0.684579074382782	0.6715406775474548	0.6818974018096924	0.6256258487701416	0.6533486843109131	0.6533467173576355	0.6494673490524292	0.7758002281188965	0.7720643877983093	0.7195532917976379	0.6349864602088928	0.6921501755714417	0.6587002277374268	0.664870023727417	0.6941093802452087
SRR19621206	0.5841278433799744	0.598260223865509	0.5988263487815857	0.6753978133201599	0.5294240713119507	0.5766808390617371	0.6297912001609802	0.5783241391181946	0.6049726605415344	0.5951160192489624	0.6397917866706848	0.5979605913162231	0.6061423420906067	0.6047396659851074	0.6700788736343384	0.5790963172912598	0.5563450455665588	0.5171775817871094	0.5581960082054138	0.5624099373817444	0.5461363196372986	0.6931832432746887	0.5703387856483459	0.5557233691215515	0.6876951456069946	0.6894278526306152	0.6689031720161438	0.6448346376419067	0.6659567952156067	0.6081728339195251	0.5800954103469849	0.5692680478096008	0.6648824214935303	0.5746877789497375	0.6141986846923828	0.5980478525161743	0.6301717162132263	0.6342533230781555	0.5579022765159607	0.5827728509902954	0.6130198836326599	0.5935246348381042	0.6281574368476868	0.640484631061554	0.5823023915290833	0.6041194200515747	0.6283668279647827	0.6903582811355591	0.6624488830566406	0.633212685585022	0.5834545493125916	0.5681156516075134	0.579613208770752	0.5861659646034241	0.678064227104187	0.6202215552330017	0.6114113926887512	0.6163407564163208	0.6141511201858521	0.6017295718193054	0.6235827207565308	0.6082376837730408	0.685461699962616	0.6275427341461182	0.5799645185470581	0.6474656462669373	0.6136839389801025	0.7220177054405212	0.6600744724273682	0.6426810622215271	0.674001157283783	0.5989194512367249	0.492242306470871	0.5346644520759583	0.6369235515594482	0.6277680993080139	0.6375176906585693	0.6636922955513	0.6813182830810547	0.6314703226089478	0.6538758873939514	0.6317301988601685	0.6659226417541504	0.6380342841148376	0.626366913318634	0.6666573882102966	0.40736323595047	0.3939855396747589	0	0.6116154789924622	0.5908695459365845	0.6443902254104614	0.6563792824745178	0.5541303753852844	0.533170223236084	0.5958184599876404	0.5954263806343079	0.6105273962020874	0.6209351420402527	0.6125306487083435	0.6350792646408081	0.6034356951713562	0.6475582122802734	0.6294818520545959	0.6429224014282227	0.5896710157394409	0.6320907473564148	0.6277779340744019	0.6303165555000305	0.7322328090667725	0.732035219669342	0.6889714002609253	0.5799781680107117	0.6596496105194092	0.6328939199447632	0.6194679141044617	0.6204938292503357
SRR19621207	0.6171437501907349	0.6060197353363037	0.6208745837211609	0.7099679112434387	0.5651364922523499	0.5595225095748901	0.5492597818374634	0.6041513085365295	0.6486849188804626	0.6274478435516357	0.6822763085365295	0.5950367450714111	0.6105046272277832	0.5975016355514526	0.7103288173675537	0.5990157127380371	0.5646291971206665	0.5728533864021301	0.5762028694152832	0.5566604733467102	0.6334550976753235	0.7143120169639587	0.6519589424133301	0.6049748659133911	0.6661115288734436	0.6450635194778442	0.6428028345108032	0.6587113738059998	0.6971356868743896	0.6607895493507385	0.5758741497993469	0.5448998212814331	0.6918905377388	0.570123553276062	0.6190955638885498	0.6294745802879333	0.6347199082374573	0.6367860436439514	0.555678129196167	0.5941329002380371	0.6019420027732849	0.6274401545524597	0.5928072929382324	0.6763257384300232	0.669488787651062	0.7000543475151062	0.6798867583274841	0.7006542682647705	0.6945252418518066	0.6941447854042053	0.540030300617218	0.5514714121818542	0.5615508556365967	0.5458884239196777	0.6816343665122986	0.5864431858062744	0.5879867076873779	0.6107023954391479	0.566766619682312	0.5662657022476196	0.6342470049858093	0.6777991056442261	0.7005742192268372	0.6483326554298401	0.5683259963989258	0.5870893597602844	0.5973811149597168	0.6723313927650452	0.662161648273468	0.6303545832633972	0.7202194929122925	0.6765822172164917	0.6688017845153809	0.6418028473854065	0.6477662324905396	0.6877689361572266	0.690807580947876	0.7129877805709839	0.6994007229804993	0.6919334530830383	0.4465414583683014	0.5016000866889954	0.6623829007148743	0.6456736326217651	0.6160464882850647	0.7020002603530884	0.6617603302001953	0.6440383195877075	0.6116154789924622	0	0.5908876061439514	0.6354023814201355	0.6738622784614563	0.5318623781204224	0.6190128326416016	0.5776049494743347	0.6096944212913513	0.5942972898483276	0.6044967174530029	0.5750704407691956	0.6037256717681885	0.5792840719223022	0.6382903456687927	0.6601961255073547	0.7029359936714172	0.6652103662490845	0.5498482584953308	0.5277933478355408	0.5692369341850281	0.725351095199585	0.7319534420967102	0.6816912889480591	0.6002989411354065	0.7445962429046631	0.6520082354545593	0.6200926899909973	0.6148287653923035
SRR19621208	0.6016232967376709	0.6322636008262634	0.5991230010986328	0.6261583566665649	0.5668296217918396	0.5462020039558411	0.4818777740001678	0.6303049921989441	0.6866887807846069	0.640002965927124	0.541770875453949	0.6492908000946045	0.6709525585174561	0.6608973145484924	0.5925294160842896	0.5469310283660889	0.5586117506027222	0.5805143117904663	0.5936741828918457	0.5644128918647766	0.6439458727836609	0.6304515600204468	0.6155340075492859	0.5975083112716675	0.655086874961853	0.6054260730743408	0.6082009673118591	0.5513639450073242	0.5703603029251099	0.5475558638572693	0.4734469950199127	0.4921247065067291	0.5986281037330627	0.512073278427124	0.5451321005821228	0.5287529826164246	0.6286500096321106	0.630504846572876	0.5808423757553101	0.5624645948410034	0.5910820364952087	0.5987907648086548	0.6077835559844971	0.5487368106842041	0.5939164161682129	0.6338099837303162	0.6505993008613586	0.5816146731376648	0.5693057775497437	0.5805591344833374	0.6072526574134827	0.594756543636322	0.6056739091873169	0.6030672192573547	0.6462845206260681	0.5968074798583984	0.6155906319618225	0.6207338571548462	0.5772108435630798	0.5722035765647888	0.6377983689308167	0.6847736835479736	0.6700011491775513	0.5920560956001282	0.5222083330154419	0.5764054656028748	0.5645479559898376	0.6149045825004578	0.580044686794281	0.6140100359916687	0.6698533892631531	0.532164454460144	0.630906343460083	0.5823001265525818	0.5707303285598755	0.585235059261322	0.612700343132019	0.5826865434646606	0.6587983369827271	0.6339849829673767	0.622948944568634	0.5841635465621948	0.5748344659805298	0.5880028605461121	0.6354452967643738	0.6076438426971436	0.6053545475006104	0.6506533622741699	0.5908695459365845	0.5908876061439514	0	0.432735949754715	0.4803971350193024	0.5137163996696472	0.5829986929893494	0.5544316172599792	0.5192350149154663	0.457597017288208	0.4799542427062988	0.5948118567466736	0.5875503420829773	0.5926523804664612	0.5756191611289978	0.5305309295654297	0.6518889665603638	0.6160291433334351	0.4886832237243652	0.5313732028007507	0.481135755777359	0.6531258821487427	0.6239417791366577	0.5805211663246155	0.5232051610946655	0.7186566591262817	0.5275859832763672	0.6034751534461975	0.5998000502586365
SRR19621209	0.6358785629272461	0.6795169711112976	0.6631741523742676	0.6579796075820923	0.5767514109611511	0.5593942403793335	0.5604308247566223	0.664438009262085	0.6834994554519653	0.6492862701416016	0.4746814072132111	0.6545844674110413	0.7017428874969482	0.6711554527282715	0.6107415556907654	0.609440803527832	0.6008219122886658	0.6342811584472656	0.6466967463493347	0.6225584745407104	0.6815058588981628	0.6029587388038635	0.6743705272674561	0.6250940561294556	0.631094753742218	0.5626364350318909	0.5802285671234131	0.5537146329879761	0.5604114532470703	0.5665473341941833	0.490152508020401	0.5145672559738159	0.6089743971824646	0.5233263969421387	0.5741910338401794	0.5608361959457397	0.6538623571395874	0.6362025737762451	0.6254963278770447	0.6335713267326355	0.5970306992530823	0.6126641631126404	0.5870950818061829	0.5418770909309387	0.6282919049263	0.6625238060951233	0.6793138384819031	0.6299310326576233	0.6698253750801086	0.6327558159828186	0.6131585240364075	0.6050313115119934	0.6078940033912659	0.6093289256095886	0.6295114159584045	0.6117722392082214	0.6424037218093872	0.6370299458503723	0.6220083236694336	0.6287992000579834	0.6144736409187317	0.6733562350273132	0.6129616498947144	0.6152058839797974	0.5787681341171265	0.5847610235214233	0.5840615630149841	0.642110288143158	0.5775642395019531	0.6414602994918823	0.6560660004615784	0.601131796836853	0.6644256711006165	0.650155246257782	0.5771430730819702	0.60527104139328	0.6269860863685608	0.6352960467338562	0.6284293532371521	0.6679593324661255	0.6517263650894165	0.6027136445045471	0.6210895776748657	0.6208868622779846	0.6215975880622864	0.5990767478942871	0.6585357189178467	0.6852697730064392	0.6443902254104614	0.6354023814201355	0.432735949754715	0	0.4736163020133972	0.5339843034744263	0.592246949672699	0.5771335959434509	0.6144219636917114	0.5874523520469666	0.5849897265434265	0.6762367486953735	0.6741251349449158	0.6577496528625488	0.5965632796287537	0.4472091495990753	0.6710829138755798	0.6271244883537292	0.5824167132377625	0.5909437537193298	0.576195240020752	0.621522843837738	0.6544286608695984	0.624284029006958	0.5513671636581421	0.7331339120864868	0.5158545970916748	0.6170266270637512	0.6274687051773071
SRR19621210	0.6910485029220581	0.725759744644165	0.6890630722045898	0.6673544049263	0.6264911293983459	0.5863565802574158	0.5764539241790771	0.6985563039779663	0.7341485023498535	0.6965303421020508	0.5242921710014343	0.7287255525588989	0.7451950311660767	0.7272798418998718	0.5973851680755615	0.6586830615997314	0.6491844058036804	0.644994854927063	0.668254554271698	0.6544577479362488	0.7023363709449768	0.6730014085769653	0.7126338481903076	0.6543601751327515	0.6797581315040588	0.6322933435440063	0.5916726589202881	0.5889548063278198	0.6059425473213196	0.580157458782196	0.5422054529190063	0.5713003873825073	0.6499066352844238	0.5128411650657654	0.5887771248817444	0.5273035168647766	0.6757926344871521	0.6606055498123169	0.6668051481246948	0.6686191558837891	0.6380451917648315	0.6377466320991516	0.665989875793457	0.5658876895904541	0.6558651924133301	0.689227819442749	0.7256283760070801	0.6277788877487183	0.649625301361084	0.5935030579566956	0.6662321090698242	0.6607800722122192	0.6697791814804077	0.6407973766326904	0.6824826598167419	0.6635345220565796	0.6796910166740417	0.664883017539978	0.6621206402778625	0.6780942678451538	0.6348232626914978	0.7204499840736389	0.7101457715034485	0.5895134806632996	0.576968789100647	0.6156096458435059	0.5997196435928345	0.6691554188728333	0.6028977036476135	0.6537913084030151	0.6681872010231018	0.5757244229316711	0.6665480732917786	0.6607207655906677	0.6058194041252136	0.6292067170143127	0.6260684132575989	0.5977252125740051	0.6738278865814209	0.6548987627029419	0.6998417973518372	0.6504152417182922	0.6486498713493347	0.6643978357315063	0.670782208442688	0.6524251103401184	0.6602076888084412	0.6916771531105042	0.6563792824745178	0.6738622784614563	0.4803971350193024	0.4736163020133972	0	0.5879765748977661	0.5961481332778931	0.5897071957588196	0.5740855932235718	0.5824839472770691	0.557933509349823	0.681918203830719	0.6865915656089783	0.6708827614784241	0.6170756220817566	0.5050054788589478	0.6428870558738708	0.6464067101478577	0.6028855443000793	0.6206737756729126	0.5504693388938904	0.691348671913147	0.6844756007194519	0.6441505551338196	0.5614380836486816	0.7072293758392334	0.6046813726425171	0.6728628873825073	0.6886742115020752
SRR19621211	0.511561393737793	0.5547652840614319	0.5427308678627014	0.6225470304489136	0.5258293747901917	0.4980320632457733	0.5329551696777344	0.5590715408325195	0.622020423412323	0.6127535104751587	0.5916086435317993	0.6319146752357483	0.6462816596031189	0.656948447227478	0.6106733083724976	0.594731330871582	0.5301294326782227	0.5235708951950073	0.5301451086997986	0.5443530678749084	0.5541576743125916	0.6574938297271729	0.5685843229293823	0.5213651657104492	0.5240622162818909	0.498521476984024	0.5250122547149658	0.5074834823608398	0.5690383315086365	0.4865253269672394	0.4535969793796539	0.4391551613807678	0.61192387342453	0.4546366930007935	0.4593685269355774	0.4484065175056458	0.5421363115310669	0.538867712020874	0.5922592878341675	0.5747526884078979	0.5257091522216797	0.531959056854248	0.5278565287590027	0.6059434413909912	0.5229489803314209	0.5894482135772705	0.5721575617790222	0.6071581840515137	0.6257590055465698	0.5839276313781738	0.5764414072036743	0.5622331500053406	0.5668458342552185	0.5960442423820496	0.5831674337387085	0.621242344379425	0.6357772350311279	0.5198037028312683	0.5828685164451599	0.5752145051956177	0.513365626335144	0.5500524044036865	0.6176185011863708	0.5106004476547241	0.5369044542312622	0.5443952083587646	0.5330328345298767	0.6144407987594604	0.5649417042732239	0.5661205649375916	0.6510817408561707	0.5505042672157288	0.5602959990501404	0.5480360984802246	0.5440919995307922	0.5760402083396912	0.5918605327606201	0.629092276096344	0.6058536767959595	0.6026636362075806	0.6154112219810486	0.5826451182365417	0.5323835611343384	0.5189977288246155	0.6514943242073059	0.5588369369506836	0.6029773950576782	0.592333972454071	0.5541303753852844	0.5318623781204224	0.5137163996696472	0.5339843034744263	0.5879765748977661	0	0.3948797285556793	0.3158784508705139	0.5302492380142212	0.4987482130527496	0.5029946565628052	0.6236769556999207	0.6572018265724182	0.6134056448936462	0.5445184111595154	0.5621615648269653	0.5852154493331909	0.5536028146743774	0.5037179589271545	0.4989744424819946	0.5263040661811829	0.6278212666511536	0.6403033137321472	0.596835196018219	0.4665113687515259	0.6989492774009705	0.5376849770545959	0.6373703479766846	0.6381166577339172
SRR19621212	0.5435211658477783	0.5755605697631836	0.5731837749481201	0.5966984033584595	0.4817038476467133	0.506087601184845	0.5737539529800415	0.5543626546859741	0.6088715791702271	0.5176019668579102	0.599022388458252	0.6299265027046204	0.6262849569320679	0.6090500354766846	0.5644921660423279	0.5141907930374146	0.5063756108283997	0.4746652245521545	0.5153838396072388	0.5001635551452637	0.5416346788406372	0.6651977896690369	0.559727668762207	0.4983051121234894	0.6111864447593689	0.5942115783691406	0.5365995168685913	0.5557368993759155	0.5366612076759338	0.5352903008460999	0.4626842141151428	0.4514251947402954	0.6306916475296021	0.4458126723766327	0.5019428730010986	0.4613386988639832	0.5846511125564575	0.5840684771537781	0.5253476500511169	0.5383839011192322	0.5521443486213684	0.5474656224250793	0.5855691432952881	0.5857687592506409	0.5360387563705444	0.5452786087989807	0.5843077301979065	0.6410228610038757	0.6467370390892029	0.5919648408889771	0.5717109441757202	0.5790886878967285	0.5608381032943726	0.5594988465309143	0.6249582767486572	0.5996996164321899	0.6180898547172546	0.5890425443649292	0.539595901966095	0.5309672355651855	0.548112690448761	0.6018281579017639	0.6649765372276306	0.5458112359046936	0.5692840814590454	0.5904483199119568	0.5859702825546265	0.6459912061691284	0.5894747376441956	0.6028838753700256	0.6327144503593445	0.5866348743438721	0.5678465962409973	0.5521860122680664	0.5594459176063538	0.5629472732543945	0.589316189289093	0.6019335985183716	0.5966782569885254	0.5874897837638855	0.6705052852630615	0.6400400996208191	0.5771059393882751	0.6150542497634888	0.6166519522666931	0.6115826964378357	0.5357819795608521	0.5671445727348328	0.533170223236084	0.6190128326416016	0.5829986929893494	0.592246949672699	0.5961481332778931	0.3948797285556793	0	0.3366240859031677	0.5106704235076904	0.5205866694450378	0.5340586304664612	0.6063060760498047	0.6279967427253723	0.6093935966491699	0.5394430160522461	0.5945742726325989	0.5560839176177979	0.5202330350875854	0.5193482041358948	0.5390980839729309	0.4943625032901764	0.6013906002044678	0.6343088150024414	0.5858261585235596	0.4979492723941803	0.7223024368286133	0.5887715816497803	0.6208683848381042	0.6140055656433105
SRR19621213	0.5624170899391174	0.6163495779037476	0.6157047152519226	0.594266951084137	0.5337692499160767	0.4978293776512146	0.5460209250450134	0.588715136051178	0.6697151660919189	0.59610915184021	0.5961509346961975	0.681556224822998	0.6898244023323059	0.6618444323539734	0.5599294304847717	0.5674238801002502	0.5435934066772461	0.5465002655982971	0.576465904712677	0.569283127784729	0.5880500674247742	0.6330861449241638	0.6077678203582764	0.5489569902420044	0.551877498626709	0.5503031611442566	0.517010509967804	0.5038022994995117	0.5479576587677002	0.4764399528503418	0.5033671855926514	0.431440144777298	0.6028463840484619	0.4496621787548065	0.4934538900852203	0.4360087513923645	0.5398297309875488	0.5425905585289001	0.594806432723999	0.5887762904167175	0.5468636155128479	0.5190335512161255	0.5596423149108887	0.5708048343658447	0.579706609249115	0.5901773571968079	0.6175047159194946	0.6037200093269348	0.6356173157691956	0.5864610075950623	0.62645024061203	0.6232087016105652	0.6092490553855896	0.6048604249954224	0.6049638986587524	0.6490965485572815	0.6587887406349182	0.5386793613433838	0.5923409461975098	0.5739261507987976	0.5237125158309937	0.6171937584877014	0.6458383202552795	0.4978651106357574	0.5463487505912781	0.5428366661071777	0.5563127398490906	0.6230879426002502	0.5757747888565063	0.5631108283996582	0.6374123096466064	0.5718228220939636	0.60374516248703	0.6022399067878723	0.5660095810890198	0.5357655882835388	0.588662326335907	0.6123052835464478	0.559339702129364	0.5910837054252625	0.657194972038269	0.6365898847579956	0.5397042632102966	0.549827516078949	0.6724866628646851	0.588177502155304	0.6004663109779358	0.6304072141647339	0.5958184599876404	0.5776049494743347	0.5544316172599792	0.5771335959434509	0.5897071957588196	0.3158784508705139	0.3366240859031677	0	0.4899381399154663	0.5040427446365356	0.5165203213691711	0.6573634743690491	0.6871311664581299	0.6543640494346619	0.5561395883560181	0.5751404762268066	0.5485271811485291	0.5980951189994812	0.5120578408241272	0.505459189414978	0.5106086134910583	0.5971752405166626	0.6106407642364502	0.5928232073783875	0.5187633633613586	0.7065693736076355	0.5620792508125305	0.6724831461906433	0.6819925308227539
SRR19621214	0.5720231533050537	0.5864747166633606	0.5854365229606628	0.5798001885414124	0.583183228969574	0.5550406575202942	0.5090060234069824	0.6496070623397827	0.6667467951774597	0.5848044157028198	0.5940433740615845	0.6643016934394836	0.6769463419914246	0.6505500674247742	0.5566900968551636	0.5758755207061768	0.5535376667976379	0.5876651406288147	0.6003336906433105	0.5776627659797668	0.6207875609397888	0.660225510597229	0.6231204867362976	0.5880715847015381	0.6418499946594238	0.6355344653129578	0.5591943860054016	0.5247533917427063	0.5540381073951721	0.4738048911094666	0.5014690756797791	0.5032781958580017	0.6328153610229492	0.4878382682800293	0.5652012228965759	0.5099613070487976	0.5848370790481567	0.5797463059425354	0.5849598050117493	0.5604737401008606	0.5275776386260986	0.5296254754066467	0.5812134742736816	0.5854408740997314	0.5609943866729736	0.5767772793769836	0.6419606804847717	0.6099095344543457	0.6126280426979065	0.5791898369789124	0.6536540985107422	0.6463137865066528	0.6417196393013	0.6637496948242188	0.6273964643478394	0.6712450981140137	0.6817584633827209	0.5748695731163025	0.5946142673492432	0.5961484313011169	0.5516233444213867	0.6515696048736572	0.6661253571510315	0.5344770550727844	0.5744359493255615	0.6171473860740662	0.6126054525375366	0.653412938117981	0.5784175395965576	0.5704295039176941	0.6633808016777039	0.5756238698959351	0.6293261051177979	0.5910171866416931	0.5913594961166382	0.5904536843299866	0.6180916428565979	0.5919350385665894	0.6425427794456482	0.6143538951873779	0.6553056836128235	0.655107855796814	0.5869620442390442	0.6181554198265076	0.6678271889686584	0.563726544380188	0.6100090146064758	0.6452421545982361	0.5954263806343079	0.6096944212913513	0.5192350149154663	0.6144219636917114	0.5740855932235718	0.5302492380142212	0.5106704235076904	0.4899381399154663	0	0.3046061098575592	0.3677437901496887	0.6492922306060791	0.6801629662513733	0.6508323550224304	0.5558407306671143	0.5833448171615601	0.5755182504653931	0.5919716954231262	0.5451199412345886	0.5475624203681946	0.5072850584983826	0.6544573307037354	0.6583665013313293	0.5690338015556335	0.4713871479034424	0.7089357376098633	0.5984589457511902	0.6645655632019043	0.6785240769386292
SRR19621215	0.5455982685089111	0.5887193083763123	0.5490320920944214	0.584481418132782	0.5539710521697998	0.5401942133903503	0.5059948563575745	0.5808297991752625	0.6448796987533569	0.5870862007141113	0.581657350063324	0.6336765885353088	0.6400096416473389	0.6198486089706421	0.5940858721733093	0.5302253365516663	0.5191335082054138	0.5834367871284485	0.5685080885887146	0.5607573390007019	0.6315106749534607	0.640113353729248	0.5807178020477295	0.5728880763053894	0.6335904598236084	0.6341872215270996	0.5932956337928772	0.5681456327438354	0.5892499089241028	0.5336821675300598	0.5069946646690369	0.4892644584178925	0.6119190454483032	0.5196273922920227	0.5498099327087402	0.5343083143234253	0.5872153043746948	0.5797721743583679	0.552014172077179	0.5222064256668091	0.5338711142539978	0.5579126477241516	0.5674773454666138	0.5640214681625366	0.5417134165763855	0.5792338848114014	0.6210911870002747	0.5943824052810669	0.6115285754203796	0.5916208624839783	0.6152024865150452	0.6156536936759949	0.6131249070167542	0.6362525820732117	0.6122728586196899	0.6220355033874512	0.6308076977729797	0.5864226222038269	0.5567127466201782	0.5512511730194092	0.5810115933418274	0.6294656991958618	0.6447926163673401	0.5526135563850403	0.5803959369659424	0.6119751930236816	0.6035653948783875	0.6304839849472046	0.5871168375015259	0.5738636255264282	0.6767047643661499	0.566467821598053	0.6029166579246521	0.576472282409668	0.5782115459442139	0.6184625029563904	0.6300034523010254	0.6236209869384766	0.6424182057380676	0.6285227537155151	0.626363217830658	0.5952566862106323	0.5713352560997009	0.5916702747344971	0.6482232213020325	0.5857101678848267	0.6178286075592041	0.6442684531211853	0.6105273962020874	0.5942972898483276	0.457597017288208	0.5874523520469666	0.5824839472770691	0.4987482130527496	0.5205866694450378	0.5040427446365356	0.3046061098575592	0	0.2992664277553558	0.6061049699783325	0.6346983909606934	0.6002406477928162	0.5670207142829895	0.5575270056724548	0.6196954846382141	0.5976447463035583	0.4992723762989044	0.5340548157691956	0.5170700550079346	0.6573148965835571	0.6510992646217346	0.6034324765205383	0.4597741663455963	0.6940420866012573	0.584395706653595	0.6284362077713013	0.6273680925369263
SRR19621216	0.5549116134643555	0.6082296967506409	0.5749698877334595	0.5676135420799255	0.5549690127372742	0.5456915497779846	0.4617057144641876	0.6426188945770264	0.6928678154945374	0.6354299187660217	0.556329071521759	0.6610695719718933	0.6717668175697327	0.6617130637168884	0.5544596910476685	0.5567626357078552	0.5601363778114319	0.5919963121414185	0.604458749294281	0.588952898979187	0.6514642238616943	0.6848034858703613	0.6127552390098572	0.6128182411193848	0.6367712020874023	0.6186860203742981	0.5759061574935913	0.5615877509117126	0.5419878959655762	0.5418264865875244	0.4960705935955048	0.4952661097049713	0.6689929962158203	0.5017338991165161	0.535456120967865	0.5355338454246521	0.6338434219360352	0.6106943488121033	0.5714045166969299	0.5459427833557129	0.5241294503211975	0.5779044628143311	0.5828210711479187	0.5998926162719727	0.5392686128616333	0.6087860465049744	0.6640754342079163	0.5753850936889648	0.582467794418335	0.554452121257782	0.6538417935371399	0.642077624797821	0.6346954107284546	0.6675290465354919	0.6535654664039612	0.6637992858886719	0.6593519449234009	0.6384357213973999	0.6015836596488953	0.6016265749931335	0.5794975757598877	0.6368237137794495	0.6957823634147644	0.5395124554634094	0.5872316956520081	0.6363723874092102	0.5959580540657043	0.6368528008460999	0.5963724255561829	0.5952824950218201	0.6960616111755371	0.5581768751144409	0.6525946855545044	0.611229419708252	0.5638421773910522	0.6013749241828918	0.622262716293335	0.6059509515762329	0.6676943302154541	0.6468362808227539	0.6428515911102295	0.6256412863731384	0.5921114683151245	0.6333407163619995	0.6772742867469788	0.6203299164772034	0.6393871903419495	0.6774848699569702	0.6209351420402527	0.6044967174530029	0.4799542427062988	0.5849897265434265	0.557933509349823	0.5029946565628052	0.5340586304664612	0.5165203213691711	0.3677437901496887	0.2992664277553558	0	0.6369988322257996	0.6601844429969788	0.6177249550819397	0.5388025045394897	0.5510950088500977	0.5880363583564758	0.572862982749939	0.5396561026573181	0.5543779134750366	0.5116772651672363	0.6459937691688538	0.6411504745483398	0.5743898153305054	0.4533712863922119	0.7327201962471008	0.5892031788825989	0.6672271490097046	0.6448026895523071
SRR19621217	0.6010509729385376	0.6154911518096924	0.6188907027244568	0.7311544418334961	0.5484857559204102	0.5999367237091064	0.6127339601516724	0.5613123178482056	0.6359068155288696	0.6353999972343445	0.6820977330207825	0.5084975957870483	0.5571703910827637	0.5327494144439697	0.7455084323883057	0.5561941862106323	0.5584591031074524	0.5181692838668823	0.506557285785675	0.5201212167739868	0.6400384902954102	0.7429816722869873	0.6224470138549805	0.6120132803916931	0.7328471541404724	0.7234403491020203	0.7179877161979675	0.7136691808700562	0.731156051158905	0.706377387046814	0.6152674555778503	0.5988438129425049	0.7227343916893005	0.6364379525184631	0.6463245749473572	0.6777369976043701	0.6949099898338318	0.6926240921020508	0.5456727147102356	0.559420108795166	0.6692935824394226	0.6807408928871155	0.6791111826896667	0.6961538791656494	0.6561254262924194	0.6958565711975098	0.6897864937782288	0.729338526725769	0.7143059968948364	0.7050706148147583	0.4842797517776489	0.4711801111698151	0.4920710325241089	0.5181958675384521	0.7179022431373596	0.4826862215995789	0.4796200692653656	0.6857553720474243	0.5404662489891052	0.5528328418731689	0.689622700214386	0.6970335245132446	0.750176727771759	0.699334442615509	0.6194836497306824	0.6590031981468201	0.6355453729629517	0.7242876887321472	0.7084271907806396	0.6957820653915405	0.7275495529174805	0.6932302117347717	0.6386600136756897	0.6028403043746948	0.703737199306488	0.7279530763626099	0.7431210279464722	0.7389241456985474	0.7256483435630798	0.6784248948097229	0.6019518375396729	0.6005309224128723	0.7235516309738159	0.7145335078239441	0.5733689069747925	0.7469262480735779	0.6280819177627563	0.6446642875671387	0.6125306487083435	0.5750704407691956	0.5948118567466736	0.6762367486953735	0.681918203830719	0.6236769556999207	0.6063060760498047	0.6573634743690491	0.6492922306060791	0.6061049699783325	0.6369988322257996	0	0.3264184296131134	0.3452084362506866	0.7031872868537903	0.6811723113059998	0.7469555139541626	0.6677064299583435	0.5595868229866028	0.5733488202095032	0.5842005014419556	0.7658992409706116	0.750252902507782	0.7281085848808289	0.6393833160400391	0.730501651763916	0.6897773742675781	0.5502340197563171	0.5358364582061768
SRR19621218	0.6309384107589722	0.6412566304206848	0.6583681702613831	0.7385875582695007	0.5543577075004578	0.6177039742469788	0.6277418732643127	0.5874423980712891	0.6393542289733887	0.6296731233596802	0.6743291020393372	0.52296382188797	0.5738131999969482	0.5580393671989441	0.7433061599731445	0.5601550936698914	0.5896502137184143	0.540915310382843	0.5369207859039307	0.5421648621559143	0.6477072834968567	0.7372444272041321	0.6372578144073486	0.6087506413459778	0.7443121671676636	0.7263972163200378	0.7365378737449646	0.7122649550437927	0.7334203720092773	0.6977798938751221	0.622340977191925	0.6077241897583008	0.6866152286529541	0.6349258422851562	0.6494730114936829	0.6874600648880005	0.7091068029403687	0.7058315873146057	0.5403841137886047	0.5851843953132629	0.7026662826538086	0.7080702185630798	0.7145835757255554	0.690551221370697	0.675621509552002	0.7062898278236389	0.6999748349189758	0.7373363375663757	0.6956095695495605	0.7058149576187134	0.5186073780059814	0.5069146752357483	0.5281578898429871	0.5259779691696167	0.7178681492805481	0.5016430616378784	0.4933053255081177	0.6995611190795898	0.5606573820114136	0.5467166900634766	0.7195349931716919	0.7307649254798889	0.7401072382926941	0.7326733469963074	0.6087944507598877	0.6574955582618713	0.6323148012161255	0.7139159440994263	0.6937209963798523	0.7126612663269043	0.7390221953392029	0.6798049211502075	0.6544128060340881	0.6249894499778748	0.6907353401184082	0.7241888642311096	0.7282476425170898	0.7127036452293396	0.719264030456543	0.6946111917495728	0.609716534614563	0.5919861793518066	0.7257929444313049	0.7116851210594177	0.5718074440956116	0.7456916570663452	0.6390243768692017	0.6806344389915466	0.6350792646408081	0.6037256717681885	0.5875503420829773	0.6741251349449158	0.6865915656089783	0.6572018265724182	0.6279967427253723	0.6871311664581299	0.6801629662513733	0.6346983909606934	0.6601844429969788	0.3264184296131134	0	0.3498541116714478	0.715078592300415	0.6956585645675659	0.7658503651618958	0.6772764921188354	0.568835437297821	0.5857200026512146	0.5963963866233826	0.7518083453178406	0.7182806134223938	0.7063043117523193	0.6511579155921936	0.7582826614379883	0.7002938985824585	0.5321040153503418	0.5150636434555054
SRR19621219	0.5843342542648315	0.6062279343605042	0.6225884556770325	0.7270204424858093	0.5514028072357178	0.5939995646476746	0.5975849032402039	0.5554841160774231	0.6287423968315125	0.622594952583313	0.6873020529747009	0.5143134593963623	0.5604889988899231	0.5365964770317078	0.740416407585144	0.5498569011688232	0.5439246892929077	0.5318997502326965	0.5311135053634644	0.537253737449646	0.6275786757469177	0.7424720525741577	0.6066817045211792	0.6032190918922424	0.7291125655174255	0.715349555015564	0.7223407626152039	0.7036694884300232	0.7255889773368835	0.6919748783111572	0.6293436288833618	0.6085403561592102	0.7061412334442139	0.6350792050361633	0.6548419594764709	0.6888810396194458	0.6990244388580322	0.6899927854537964	0.5236574411392212	0.5583935976028442	0.6639646887779236	0.6726970076560974	0.6717420220375061	0.6863079071044922	0.6514871120452881	0.6950904130935669	0.6823136210441589	0.732092022895813	0.7058972716331482	0.7066928744316101	0.5208638310432434	0.5004120469093323	0.5238333940505981	0.5161512494087219	0.717420220375061	0.4975986778736115	0.4757397174835205	0.6886038780212402	0.5629448890686035	0.5501895546913147	0.7001325488090515	0.7053884267807007	0.7366587519645691	0.69162917137146	0.5949119925498962	0.6394635438919067	0.6151778697967529	0.7208436727523804	0.7009266018867493	0.6975568532943726	0.74027019739151	0.6939216256141663	0.6159231662750244	0.5987346768379211	0.6931893825531006	0.7124556303024292	0.7213432788848877	0.7196012139320374	0.7468470335006714	0.7043812870979309	0.6081581115722656	0.5711736083030701	0.714378297328949	0.6934922933578491	0.568692684173584	0.7373412847518921	0.6230388879776001	0.6539363265037537	0.6034356951713562	0.5792840719223022	0.5926523804664612	0.6577496528625488	0.6708827614784241	0.6134056448936462	0.6093935966491699	0.6543640494346619	0.6508323550224304	0.6002406477928162	0.6177249550819397	0.3452084362506866	0.3498541116714478	0	0.6989596486091614	0.675936222076416	0.7436156868934631	0.6547648906707764	0.566672146320343	0.5768986344337463	0.6006495952606201	0.7533962726593018	0.746431291103363	0.7139499187469482	0.6195024251937866	0.7264420390129089	0.6870546936988831	0.53413325548172	0.536508321762085
SRR19621220	0.6358404755592346	0.643176257610321	0.6338305473327637	0.5792447924613953	0.6437656879425049	0.624717652797699	0.584790050983429	0.6567166447639465	0.6669493317604065	0.6716693639755249	0.5991854667663574	0.713626503944397	0.7112888097763062	0.7207806706428528	0.5633567571640015	0.6396678686141968	0.6392560601234436	0.6500847935676575	0.6478371024131775	0.62581467628479	0.5968860387802124	0.6840969324111938	0.6108607649803162	0.5599832534790039	0.5567305088043213	0.5672787427902222	0.5251381397247314	0.525080144405365	0.5206382274627686	0.4918444454669952	0.5003236532211304	0.559613823890686	0.6080812215805054	0.5531775951385498	0.5114263296127319	0.5438787341117859	0.5877799987792969	0.5677862167358398	0.6431431770324707	0.6692071557044983	0.5495384335517883	0.5739534497261047	0.6131360530853271	0.5791134238243103	0.5440197587013245	0.5786145925521851	0.5553562045097351	0.5620102882385254	0.6089031100273132	0.5268874764442444	0.6905009150505066	0.6827547550201416	0.6902307868003845	0.7092901468276978	0.5979529619216919	0.7169016003608704	0.7169615030288696	0.5902804136276245	0.6724054217338562	0.6695939302444458	0.5729934573173523	0.6380142569541931	0.6198518872261047	0.5193154811859131	0.6641813516616821	0.6716011762619019	0.6747530102729797	0.6442622542381287	0.6045883297920227	0.6267134547233582	0.6511458158493042	0.5527387857437134	0.6544320583343506	0.6733725666999817	0.5239540934562683	0.5825138688087463	0.597679615020752	0.5748991370201111	0.61567622423172	0.6033133268356323	0.713801383972168	0.6898717284202576	0.5317039489746094	0.5619271397590637	0.7250943183898926	0.5878213047981262	0.6860582828521729	0.684579074382782	0.6475582122802734	0.6382903456687927	0.5756191611289978	0.5965632796287537	0.6170756220817566	0.5445184111595154	0.5394430160522461	0.5561395883560181	0.5558407306671143	0.5670207142829895	0.5388025045394897	0.7031872868537903	0.715078592300415	0.6989596486091614	0	0.624410092830658	0.3361331522464752	0.3157909214496613	0.5978527665138245	0.5974755883216858	0.5848663449287415	0.6197947859764099	0.6025153398513794	0.5677875876426697	0.514263927936554	0.7645471096038818	0.5849671363830566	0.7207355499267578	0.7020331621170044
SRR19621221	0.6503068208694458	0.6855369210243225	0.6556533575057983	0.6376124620437622	0.6036892533302307	0.5816316604614258	0.5883565545082092	0.6507145166397095	0.6981210112571716	0.6705524921417236	0.3855560719966888	0.6944541335105896	0.70717453956604	0.7017872929573059	0.5960730910301208	0.6209913492202759	0.6299878358840942	0.6245906949043274	0.6473815441131592	0.6319652795791626	0.7060774564743042	0.6082629561424255	0.6921399831771851	0.6470788717269897	0.6490719318389893	0.6391100287437439	0.6520341634750366	0.5929834842681885	0.5824334621429443	0.5797100067138672	0.5505533218383789	0.5341815948486328	0.608489990234375	0.5675579309463501	0.5951908826828003	0.5703607797622681	0.6671580076217651	0.6539220213890076	0.6436258554458618	0.6223688125610352	0.5594611167907715	0.5937647223472595	0.5684176087379456	0.536249577999115	0.6312088370323181	0.6718390583992004	0.6875020861625671	0.6231475472450256	0.6427133679389954	0.6052939295768738	0.638828456401825	0.6489478945732117	0.6460503935813904	0.6593683958053589	0.6488658785820007	0.6310329437255859	0.6467670798301697	0.6674728393554688	0.6285562515258789	0.6389696002006531	0.6293884515762329	0.663641095161438	0.6707896590232849	0.6212689876556396	0.5788002610206604	0.5983197093009949	0.5821949243545532	0.6622627377510071	0.6252284646034241	0.6320973038673401	0.6622740030288696	0.5970070362091064	0.618635356426239	0.6228972673416138	0.5820415019989014	0.6053140163421631	0.634544312953949	0.6508264541625977	0.6410331130027771	0.6614277958869934	0.6479871869087219	0.6123313307762146	0.627301812171936	0.6199561357498169	0.6601753234863281	0.5919960737228394	0.6297873258590698	0.6715406775474548	0.6294818520545959	0.6601961255073547	0.5305309295654297	0.4472091495990753	0.5050054788589478	0.5621615648269653	0.5945742726325989	0.5751404762268066	0.5833448171615601	0.5575270056724548	0.5510950088500977	0.6811723113059998	0.6956585645675659	0.675936222076416	0.624410092830658	0	0.6576366424560547	0.6663321852684021	0.5764292478561401	0.5983949899673462	0.5592911243438721	0.6607984304428101	0.6781529784202576	0.6351886987686157	0.5299535989761353	0.704130232334137	0.4179439842700958	0.6389328241348267	0.6509260535240173
SRR19621222	0.6869204044342041	0.7163787484169006	0.6891442537307739	0.5829519033432007	0.6916539669036865	0.6493242979049683	0.6600156426429749	0.7042645215988159	0.7206897735595703	0.6865690946578979	0.6512274742126465	0.7522470355033875	0.751679539680481	0.7374864816665649	0.551632285118103	0.6897280216217041	0.682185173034668	0.6656322479248047	0.6833853125572205	0.6820404529571533	0.6194595098495483	0.6769868135452271	0.6402148008346558	0.6107497811317444	0.582875669002533	0.6029651761054993	0.5444498062133789	0.5495687127113342	0.5356437563896179	0.5018083453178406	0.5662742257118225	0.600163459777832	0.6126465201377869	0.5675607323646545	0.586591899394989	0.5607411861419678	0.6128438711166382	0.5882790684700012	0.684938371181488	0.7219892740249634	0.5487899780273438	0.5952349305152893	0.6282076835632324	0.5785221457481384	0.5719387531280518	0.5971748232841492	0.6230188608169556	0.6160022020339966	0.616369903087616	0.5295761227607727	0.7303102016448975	0.7347594499588013	0.7325382232666016	0.7313883900642395	0.6397820115089417	0.760804295539856	0.7526216506958008	0.6148638725280762	0.7105726599693298	0.7088570594787598	0.5567232966423035	0.6420549154281616	0.6580012440681458	0.5507465600967407	0.6853325963020325	0.6919016242027283	0.6903006434440613	0.6953045129776001	0.6398073434829712	0.6329903602600098	0.6679510474205017	0.5955063104629517	0.6496433615684509	0.6866973638534546	0.5774010419845581	0.5603998303413391	0.580126166343689	0.5872634649276733	0.5994564294815063	0.6451908349990845	0.7576408386230469	0.7455443143844604	0.5847366452217102	0.6224812865257263	0.7410005331039429	0.6402676105499268	0.6675832271575928	0.6818974018096924	0.6429224014282227	0.7029359936714172	0.6518889665603638	0.6710829138755798	0.6428870558738708	0.5852154493331909	0.5560839176177979	0.5485271811485291	0.5755182504653931	0.6196954846382141	0.5880363583564758	0.7469555139541626	0.7658503651618958	0.7436156868934631	0.3361331522464752	0.6576366424560547	0	0.4029051065444946	0.6400590538978577	0.6467829942703247	0.6167557835578918	0.6650516986846924	0.6898412108421326	0.6241348385810852	0.5464169979095459	0.7648189067840576	0.6107797026634216	0.7576431035995483	0.7509574294090271
SRR19621223	0.5826850533485413	0.5874626636505127	0.576262354850769	0.642457902431488	0.5874907970428467	0.6429613828659058	0.6154640316963196	0.6178168058395386	0.614798903465271	0.6155466437339783	0.6486369967460632	0.6624194979667664	0.6716097593307495	0.6866597533226013	0.6131250262260437	0.5932269096374512	0.5805964469909668	0.6007958650588989	0.5999447703361511	0.5856302976608276	0.5234112739562988	0.7100361585617065	0.5547861456871033	0.5079541206359863	0.5916938781738281	0.6063315272331238	0.5699843168258667	0.5590447187423706	0.5849736928939819	0.5312583446502686	0.5366672873497009	0.5895536541938782	0.6259320378303528	0.5769100189208984	0.5617215037345886	0.5818023681640625	0.6042472720146179	0.5720622539520264	0.5965443253517151	0.6278913021087646	0.5820475220680237	0.6190409064292908	0.6260045766830444	0.6249924898147583	0.4768765270709991	0.5370793342590332	0.5056372284889221	0.6235763430595398	0.6363747119903564	0.5715659260749817	0.6413489580154419	0.6322641968727112	0.6489613652229309	0.6601836681365967	0.6228954195976257	0.684540867805481	0.6818970441818237	0.6066734194755554	0.6248409152030945	0.6204831600189209	0.5820539593696594	0.606727659702301	0.6345211863517761	0.5515807867050171	0.6737225651741028	0.6920928955078125	0.6844797134399414	0.6721242666244507	0.6241887807846069	0.6345648765563965	0.6381046175956726	0.591005802154541	0.5985649824142456	0.6125280261039734	0.5662305355072021	0.6176952719688416	0.6196896433830261	0.6005723476409912	0.648074209690094	0.6158575415611267	0.7235667705535889	0.6983858346939087	0.5446008443832397	0.5704875588417053	0.6808385252952576	0.6267598867416382	0.6354214549064636	0.6256258487701416	0.5896710157394409	0.6652103662490845	0.6160291433334351	0.6271244883537292	0.6464067101478577	0.5536028146743774	0.5202330350875854	0.5980951189994812	0.5919716954231262	0.5976447463035583	0.572862982749939	0.6677064299583435	0.6772764921188354	0.6547648906707764	0.3157909214496613	0.6663321852684021	0.4029051065444946	0	0.6219947934150696	0.611061155796051	0.6291252970695496	0.6701535582542419	0.6673732995986938	0.6159802079200745	0.5511114001274109	0.7508928179740906	0.6223065853118896	0.6762821674346924	0.6608012914657593
SRR19621224	0.6287506818771362	0.64540034532547	0.6252631545066833	0.6151296496391296	0.5360063314437866	0.5292180180549622	0.5009682774543762	0.5970730185508728	0.6788570284843445	0.6329365968704224	0.5863969922065735	0.6291927695274353	0.6462055444717407	0.627795398235321	0.6137288212776184	0.545629620552063	0.5594044923782349	0.548698365688324	0.5566321015357971	0.575323760509491	0.6449306011199951	0.6698268055915833	0.6263771057128906	0.5809907913208008	0.6176236867904663	0.6030018329620361	0.619774341583252	0.6112165451049805	0.6281079053878784	0.6060288548469543	0.5054696202278137	0.4545872807502747	0.6342207789421082	0.5045532584190369	0.5451899170875549	0.5559942126274109	0.5591101050376892	0.5908023118972778	0.5247809290885925	0.559314489364624	0.566268265247345	0.5551406145095825	0.5758388042449951	0.5956502556800842	0.6328064203262329	0.6514163017272949	0.6653158068656921	0.6304141879081726	0.6166653633117676	0.6107308268547058	0.5847760438919067	0.5865312814712524	0.5786402821540833	0.5801452398300171	0.6430632472038269	0.583279550075531	0.5966253280639648	0.5812709331512451	0.5293201208114624	0.5068806409835815	0.6006960272789001	0.6430680751800537	0.6804615259170532	0.5964823961257935	0.5383310914039612	0.5830622911453247	0.5608081221580505	0.6118938326835632	0.5844045877456665	0.588031530380249	0.7021488547325134	0.5948178768157959	0.6237340569496155	0.5936173796653748	0.5767419934272766	0.6108057498931885	0.6172154545783997	0.6352682113647461	0.609830379486084	0.6277826428413391	0.6057840585708618	0.57792729139328	0.6150493621826172	0.642666757106781	0.6356706023216248	0.6483275294303894	0.6368100643157959	0.6533486843109131	0.6320907473564148	0.5498482584953308	0.4886832237243652	0.5824167132377625	0.6028855443000793	0.5037179589271545	0.5193482041358948	0.5120578408241272	0.5451199412345886	0.4992723762989044	0.5396561026573181	0.5595868229866028	0.568835437297821	0.566672146320343	0.5978527665138245	0.5764292478561401	0.6400590538978577	0.6219947934150696	0	0.3045890927314758	0.3080086708068848	0.6439803838729858	0.6353048086166382	0.6160545945167542	0.5087869167327881	0.7174475193023682	0.609677255153656	0.6045688986778259	0.5881776809692383
SRR19621225	0.5991144776344299	0.6180405020713806	0.6071673035621643	0.6559992432594299	0.5366543531417847	0.5066042542457581	0.5084546208381653	0.6060191988945007	0.6563358306884766	0.6368669867515564	0.5914170145988464	0.6310399770736694	0.6465396881103516	0.6417796015739441	0.6123490333557129	0.5354683399200439	0.5157590508460999	0.5682823061943054	0.5466861128807068	0.5877843499183655	0.6300317049026489	0.6895359754562378	0.6296162009239197	0.5757714509963989	0.6232180595397949	0.5996676087379456	0.6074824333190918	0.6100968718528748	0.641068696975708	0.6124187707901001	0.5181166529655457	0.4874054789543152	0.6168451309204102	0.5152422785758972	0.5662940740585327	0.5690116286277771	0.5796594619750977	0.5660717487335205	0.5451213121414185	0.5533134341239929	0.5743486285209656	0.5777860283851624	0.5715523958206177	0.632968544960022	0.6554980278015137	0.6710089445114136	0.6510013341903687	0.6435452699661255	0.6232289671897888	0.6134398579597473	0.576241135597229	0.580096423625946	0.5872803330421448	0.5698589086532593	0.642366349697113	0.602939248085022	0.6131531596183777	0.5702863335609436	0.5505308508872986	0.541006863117218	0.6013015508651733	0.6513580679893494	0.6769698858261108	0.6058768033981323	0.5369305014610291	0.5891970992088318	0.5552479028701782	0.6453413963317871	0.6019222736358643	0.5966527462005615	0.7025027871131897	0.5971808433532715	0.6231816411018372	0.5957479476928711	0.6001460552215576	0.6263079643249512	0.6533451080322266	0.6468909382820129	0.6283953785896301	0.6347699761390686	0.6109117865562439	0.5710787773132324	0.6136133670806885	0.6391228437423706	0.6257670521736145	0.6604093313217163	0.6428660750389099	0.6533467173576355	0.6277779340744019	0.5277933478355408	0.5313732028007507	0.5909437537193298	0.6206737756729126	0.4989744424819946	0.5390980839729309	0.505459189414978	0.5475624203681946	0.5340548157691956	0.5543779134750366	0.5733488202095032	0.5857200026512146	0.5768986344337463	0.5974755883216858	0.5983949899673462	0.6467829942703247	0.611061155796051	0.3045890927314758	0	0.3222103714942932	0.6640456914901733	0.6700415015220642	0.6144726276397705	0.5363136529922485	0.7176350951194763	0.6117600798606873	0.6051169037818909	0.6018872857093811
SRR19621226	0.6310844421386719	0.6686926484107971	0.6319301128387451	0.6134421229362488	0.5147871375083923	0.4794290661811829	0.4862699210643768	0.6292198300361633	0.7042742371559143	0.6048211455345154	0.536888599395752	0.6564508080482483	0.6783093810081482	0.6404916644096375	0.5379980206489563	0.5704577565193176	0.5606570243835449	0.5565353035926819	0.5942875742912292	0.5927958488464355	0.6486185789108276	0.6487886905670166	0.6768384575843811	0.5878632068634033	0.6444435715675354	0.6062316298484802	0.6019997000694275	0.5642408728599548	0.5853816866874695	0.5682599544525146	0.4691770076751709	0.4501127898693085	0.6090165376663208	0.4464248418807983	0.5305631160736084	0.49036505818367	0.5672737956047058	0.5735458731651306	0.5538740754127502	0.5780784487724304	0.5485669374465942	0.5614016056060791	0.5873753428459167	0.5670564770698547	0.6502232551574707	0.6333277225494385	0.6793110370635986	0.56467604637146	0.5731889009475708	0.5748594999313354	0.600144624710083	0.6095572710037231	0.6061921119689941	0.5718291997909546	0.6432594656944275	0.6225770115852356	0.6317654848098755	0.5611977577209473	0.5590724349021912	0.5592365860939026	0.5696923732757568	0.6679931879043579	0.7056209444999695	0.5781258344650269	0.5076031684875488	0.5678668022155762	0.5338977575302124	0.624331533908844	0.5746074914932251	0.5518362522125244	0.6684265732765198	0.5932212471961975	0.6675129532814026	0.6189423203468323	0.5748504400253296	0.5805572271347046	0.6040587425231934	0.5828549265861511	0.6120137572288513	0.5921658277511597	0.6421446800231934	0.5953385233879089	0.624891996383667	0.6747270822525024	0.6295744180679321	0.6588829159736633	0.6115719676017761	0.6494673490524292	0.6303165555000305	0.5692369341850281	0.481135755777359	0.576195240020752	0.5504693388938904	0.5263040661811829	0.4943625032901764	0.5106086134910583	0.5072850584983826	0.5170700550079346	0.5116772651672363	0.5842005014419556	0.5963963866233826	0.6006495952606201	0.5848663449287415	0.5592911243438721	0.6167557835578918	0.6291252970695496	0.3080086708068848	0.3222103714942932	0	0.638542652130127	0.6294155716896057	0.579204797744751	0.5103221535682678	0.7336731553077698	0.603211522102356	0.6260404586791992	0.6014239192008972
SRR19621227	0.716501772403717	0.7366521954536438	0.7224065065383911	0.5711053013801575	0.6906288266181946	0.6560290455818176	0.6658276319503784	0.7327682971954346	0.7396920919418335	0.6638492345809937	0.6309801340103149	0.7695021033287048	0.773307204246521	0.7600132822990417	0.5824646353721619	0.6683366894721985	0.6916337609291077	0.7194603085517883	0.7321085333824158	0.7181040644645691	0.725793182849884	0.6680593490600586	0.7192438840866089	0.6599999070167542	0.6315396428108215	0.5678052306175232	0.5939241051673889	0.6048431992530823	0.5349810123443604	0.5756736397743225	0.6286945939064026	0.5907551050186157	0.6513428688049316	0.5985202789306641	0.5487366318702698	0.6070953011512756	0.6326392889022827	0.6113695502281189	0.693011462688446	0.7010800242424011	0.6465373039245605	0.6710510849952698	0.6688749194145203	0.6405174136161804	0.6615960001945496	0.6592893004417419	0.6979596018791199	0.6097397804260254	0.6278515458106995	0.6255115270614624	0.7364760041236877	0.7167322039604187	0.7127609252929688	0.7064012885093689	0.6899805665016174	0.7156274318695068	0.7417901754379272	0.6229023337364197	0.711447536945343	0.6996526718139648	0.6549239754676819	0.7260048985481262	0.6809719204902649	0.6498086452484131	0.6953039169311523	0.7151287794113159	0.6943021416664124	0.6385142803192139	0.6115508675575256	0.62698894739151	0.7299124598503113	0.6832197904586792	0.7348222136497498	0.7342749834060669	0.5953973531723022	0.5717450976371765	0.6324389576911926	0.6280146837234497	0.6140422224998474	0.7036526799201965	0.7514249086380005	0.7068306803703308	0.5909890532493591	0.6439380645751953	0.7475783824920654	0.5883857011795044	0.7393143773078918	0.7758002281188965	0.7322328090667725	0.725351095199585	0.6531258821487427	0.621522843837738	0.691348671913147	0.6278212666511536	0.6013906002044678	0.5971752405166626	0.6544573307037354	0.6573148965835571	0.6459937691688538	0.7658992409706116	0.7518083453178406	0.7533962726593018	0.6197947859764099	0.6607984304428101	0.6650516986846924	0.6701535582542419	0.6439803838729858	0.6640456914901733	0.638542652130127	0	0.315299779176712	0.3678847849369049	0.6050697565078735	0.8154672384262085	0.6366596221923828	0.7375931143760681	0.7204967737197876
SRR19621228	0.7262636423110962	0.7526189088821411	0.7434884309768677	0.564928412437439	0.6888917088508606	0.6745635867118835	0.6555637121200562	0.7411574721336365	0.75384920835495	0.7090298533439636	0.6193565130233765	0.7777801752090454	0.7800169587135315	0.7793477177619934	0.6410211324691772	0.6550401449203491	0.6852777600288391	0.7205936908721924	0.7321093082427979	0.7148365378379822	0.7275748252868652	0.693882167339325	0.7182084918022156	0.6704224944114685	0.6470491886138916	0.6304941773414612	0.6461987495422363	0.6067709922790527	0.5925131440162659	0.5764127373695374	0.622081458568573	0.5824018120765686	0.6482676863670349	0.5921698212623596	0.5458424687385559	0.618787407875061	0.6273163557052612	0.6326813697814941	0.6919095516204834	0.6922194957733154	0.6761483550071716	0.6830319166183472	0.7043434977531433	0.6490646600723267	0.6873721480369568	0.6860097050666809	0.7138387560844421	0.5498714447021484	0.6109899878501892	0.6087116003036499	0.7378774881362915	0.7271271347999573	0.7310124635696411	0.7216513752937317	0.694341778755188	0.7320199608802795	0.7476576566696167	0.644967257976532	0.7060030698776245	0.6934416890144348	0.7001566886901855	0.7611739039421082	0.7177507877349854	0.6528085470199585	0.685512363910675	0.7066251635551453	0.6911081075668335	0.6711894273757935	0.64656001329422	0.6746282577514648	0.7333102822303772	0.6751528382301331	0.7482955455780029	0.7507038712501526	0.6216049194335938	0.6107820272445679	0.6411787867546082	0.6389027833938599	0.6407999396324158	0.6686538457870483	0.7465905547142029	0.7141600847244263	0.6071369051933289	0.6593373417854309	0.751288115978241	0.633648693561554	0.7447411417961121	0.7720643877983093	0.732035219669342	0.7319534420967102	0.6239417791366577	0.6544286608695984	0.6844756007194519	0.6403033137321472	0.6343088150024414	0.6106407642364502	0.6583665013313293	0.6510992646217346	0.6411504745483398	0.750252902507782	0.7182806134223938	0.746431291103363	0.6025153398513794	0.6781529784202576	0.6898412108421326	0.6673732995986938	0.6353048086166382	0.6700415015220642	0.6294155716896057	0.315299779176712	0	0.3855440318584442	0.6136478185653687	0.8123844861984253	0.6612829566001892	0.747104823589325	0.7242093682289124
SRR19621229	0.6677752137184143	0.6862396001815796	0.6740700602531433	0.5689959526062012	0.6639110445976257	0.6574416756629944	0.5785691142082214	0.7376330494880676	0.7426009178161621	0.6775820255279541	0.5948941707611084	0.7402622699737549	0.7407616972923279	0.7563151717185974	0.5404948592185974	0.6382327079772949	0.6308797001838684	0.688586950302124	0.7000181674957275	0.6853440999984741	0.6862621307373047	0.6810724139213562	0.7055745124816895	0.6320281028747559	0.6185871958732605	0.5786131620407104	0.5890542268753052	0.5526793599128723	0.4957301020622253	0.4814475476741791	0.5592631697654724	0.6113636493682861	0.6115400791168213	0.5594886541366577	0.5070640444755554	0.5242100358009338	0.6496289968490601	0.6372261643409729	0.6740188002586365	0.6610047221183777	0.6202267408370972	0.6510718464851379	0.6804787516593933	0.6191619634628296	0.6225554347038269	0.6270523071289062	0.6593688130378723	0.5674903988838196	0.5572966933250427	0.5534272193908691	0.7163105010986328	0.716092050075531	0.728909969329834	0.719770610332489	0.671251118183136	0.7425125241279602	0.7560150623321533	0.6398317217826843	0.6897794604301453	0.6768490672111511	0.6544842123985291	0.7300616502761841	0.708109438419342	0.5799596905708313	0.6584911346435547	0.6868336796760559	0.6762229204177856	0.619035542011261	0.5501884818077087	0.5911111235618591	0.7007825374603271	0.6318634748458862	0.6987451314926147	0.6888335943222046	0.5506108999252319	0.5806493759155273	0.5841577053070068	0.5631981492042542	0.6545739769935608	0.6677694916725159	0.7217865586280823	0.7091636657714844	0.5361508727073669	0.6113023161888123	0.7136943340301514	0.5973466634750366	0.70842444896698	0.7195532917976379	0.6889714002609253	0.6816912889480591	0.5805211663246155	0.624284029006958	0.6441505551338196	0.596835196018219	0.5858261585235596	0.5928232073783875	0.5690338015556335	0.6034324765205383	0.5743898153305054	0.7281085848808289	0.7063043117523193	0.7139499187469482	0.5677875876426697	0.6351886987686157	0.6241348385810852	0.6159802079200745	0.6160545945167542	0.6144726276397705	0.579204797744751	0.3678847849369049	0.3855440318584442	0	0.5796491503715515	0.802817702293396	0.5674055218696594	0.713162362575531	0.6998856663703918
SRR19621230	0.5923287868499756	0.638517439365387	0.6101198792457581	0.4355169236660004	0.5525847673416138	0.5052584409713745	0.5000225901603699	0.6217775940895081	0.6437395811080933	0.588298499584198	0.5260213613510132	0.6522460579872131	0.6662050485610962	0.6566804647445679	0.5244019627571106	0.5646811127662659	0.5465763807296753	0.5686638951301575	0.5650249719619751	0.5496225357055664	0.6213248372077942	0.6023310422897339	0.6240849494934082	0.5636038780212402	0.6006509065628052	0.5660690069198608	0.5413191318511963	0.5326893925666809	0.5512799620628357	0.5131280422210693	0.4569869339466095	0.4469349086284637	0.550649881362915	0.449737012386322	0.4834973812103271	0.500557005405426	0.5359362959861755	0.5087214112281799	0.557777464389801	0.5878607630729675	0.4636500477790833	0.4861890077590942	0.5136969685554504	0.5263840556144714	0.5553436279296875	0.6078847646713257	0.6088954210281372	0.5903461575508118	0.5837534666061401	0.5215083956718445	0.6176260113716125	0.6072893142700195	0.6170661449432373	0.6242085695266724	0.6099806427955627	0.6269644498825073	0.6509943604469299	0.5317211747169495	0.5831642150878906	0.5745841264724731	0.5557315349578857	0.5907338857650757	0.6372869610786438	0.5028991103172302	0.5474616289138794	0.6039043664932251	0.5715267062187195	0.6349557638168335	0.5780391693115234	0.5852235555648804	0.6636073589324951	0.4917758703231812	0.5929874181747437	0.5744322538375854	0.5091645121574402	0.5309953093528748	0.5465742349624634	0.5413468480110168	0.5539553165435791	0.5839500427246094	0.6528548002243042	0.5868897438049316	0.5478500127792358	0.6033790111541748	0.6843765377998352	0.5756204724311829	0.5762225389480591	0.6349864602088928	0.5799781680107117	0.6002989411354065	0.5232051610946655	0.5513671636581421	0.5614380836486816	0.4665113687515259	0.4979492723941803	0.5187633633613586	0.4713871479034424	0.4597741663455963	0.4533712863922119	0.6393833160400391	0.6511579155921936	0.6195024251937866	0.514263927936554	0.5299535989761353	0.5464169979095459	0.5511114001274109	0.5087869167327881	0.5363136529922485	0.5103221535682678	0.6050697565078735	0.6136478185653687	0.5796491503715515	0	0.6419162750244141	0.5315236449241638	0.657249927520752	0.6550898551940918
SRR19621231	0.7385508418083191	0.7616461515426636	0.7639539241790771	0.7424793243408203	0.7337355613708496	0.713628351688385	0.7537429332733154	0.7103070616722107	0.7463475465774536	0.7513640522956848	0.7242428660392761	0.7399843335151672	0.760698139667511	0.746893584728241	0.7749454975128174	0.7314022183418274	0.7227057814598083	0.707008957862854	0.7111740112304688	0.7143591046333313	0.7346088886260986	0.7269395589828491	0.7367681264877319	0.7296607494354248	0.7617564797401428	0.7827999591827393	0.7504612803459167	0.7440933585166931	0.7783073782920837	0.7299165725708008	0.7289735078811646	0.7148016691207886	0.7264689803123474	0.726360023021698	0.7470132112503052	0.7291576862335205	0.7174613475799561	0.7180024981498718	0.7359101176261902	0.747103214263916	0.7247344255447388	0.7193304896354675	0.736011266708374	0.7195205688476562	0.7411569356918335	0.7508708834648132	0.7603057622909546	0.7729026079177856	0.7553765177726746	0.7409118413925171	0.7256821990013123	0.7355018854141235	0.7411006689071655	0.7300424575805664	0.7227645516395569	0.7370951771736145	0.7432292103767395	0.7120097279548645	0.7251719236373901	0.7360264658927917	0.7113470435142517	0.7236320972442627	0.7551068067550659	0.7227107882499695	0.6960439682006836	0.6917886734008789	0.694093644618988	0.7486779093742371	0.7388426661491394	0.7131822109222412	0.7220811247825623	0.6966161727905273	0.6691201329231262	0.6845729351043701	0.7349042892456055	0.7400972843170166	0.7391080856323242	0.7582540512084961	0.7499796152114868	0.7125601768493652	0.7302517294883728	0.7172828912734985	0.7458738088607788	0.7177531123161316	0.7319549322128296	0.7329934239387512	0.6695759296417236	0.6921501755714417	0.6596496105194092	0.7445962429046631	0.7186566591262817	0.7331339120864868	0.7072293758392334	0.6989492774009705	0.7223024368286133	0.7065693736076355	0.7089357376098633	0.6940420866012573	0.7327201962471008	0.730501651763916	0.7582826614379883	0.7264420390129089	0.7645471096038818	0.704130232334137	0.7648189067840576	0.7508928179740906	0.7174475193023682	0.7176350951194763	0.7336731553077698	0.8154672384262085	0.8123844861984253	0.802817702293396	0.6419162750244141	0	0.7346718311309814	0.7261998057365417	0.7605984807014465
SRR19621232	0.632131814956665	0.6496530771255493	0.6374750733375549	0.6406644582748413	0.5998421907424927	0.5877953171730042	0.5886482000350952	0.6698101758956909	0.6942808628082275	0.6770240068435669	0.4468480348587036	0.7067925930023193	0.7120972275733948	0.7399165034294128	0.5846250653266907	0.6319084167480469	0.6177381277084351	0.6413193345069885	0.6437140703201294	0.6371181011199951	0.655016303062439	0.5680992007255554	0.6523260474205017	0.6249587535858154	0.5961488485336304	0.5916791558265686	0.5787612199783325	0.5561563968658447	0.5256540775299072	0.5229635238647461	0.5243608355522156	0.5740889310836792	0.5543556213378906	0.5481957793235779	0.576752781867981	0.5618035197257996	0.6645078063011169	0.6440975069999695	0.6647709012031555	0.6545842885971069	0.5792949199676514	0.6206836104393005	0.6119016408920288	0.5211068391799927	0.6123359799385071	0.6460927724838257	0.6564264893531799	0.6146699786186218	0.6030846238136292	0.5756902694702148	0.6612161993980408	0.6604586243629456	0.6679970026016235	0.6860608458518982	0.6331730484962463	0.6722757816314697	0.6873512864112854	0.6640887260437012	0.6614239811897278	0.6683349013328552	0.6264270544052124	0.6751603484153748	0.6758731007575989	0.5768213272094727	0.6361942887306213	0.6106555461883545	0.6356106996536255	0.6502323746681213	0.6181356310844421	0.6551258563995361	0.6958903074264526	0.5880116820335388	0.6101453304290771	0.6387678980827332	0.5533085465431213	0.5946293473243713	0.6012133359909058	0.6110032200813293	0.6085342764854431	0.6576229929924011	0.6885698437690735	0.6739045977592468	0.5772200226783752	0.582192063331604	0.6827976107597351	0.6076716780662537	0.6456937789916992	0.6587002277374268	0.6328939199447632	0.6520082354545593	0.5275859832763672	0.5158545970916748	0.6046813726425171	0.5376849770545959	0.5887715816497803	0.5620792508125305	0.5984589457511902	0.584395706653595	0.5892031788825989	0.6897773742675781	0.7002938985824585	0.6870546936988831	0.5849671363830566	0.4179439842700958	0.6107797026634216	0.6223065853118896	0.609677255153656	0.6117600798606873	0.603211522102356	0.6366596221923828	0.6612829566001892	0.5674055218696594	0.5315236449241638	0.7346718311309814	0	0.6690101623535156	0.6703169941902161
SRR19621233	0.6042636036872864	0.6284520626068115	0.6257040500640869	0.7422395348548889	0.564106285572052	0.5815607905387878	0.6181451082229614	0.622140109539032	0.6608543992042542	0.6334661245346069	0.6503463983535767	0.5604957342147827	0.5857461094856262	0.5780168771743774	0.7367484569549561	0.6007492542266846	0.585710883140564	0.5793302059173584	0.5886458158493042	0.6014729738235474	0.6661167740821838	0.7231088280677795	0.6443666815757751	0.6136162877082825	0.7217006087303162	0.6895003318786621	0.711358368396759	0.6874638795852661	0.711347222328186	0.6810765266418457	0.6305918097496033	0.6382362842559814	0.7103753089904785	0.6588000655174255	0.7068636417388916	0.7043030261993408	0.7014503479003906	0.6977274417877197	0.5762801766395569	0.5956392884254456	0.6902719140052795	0.695483386516571	0.6724443435668945	0.6884047985076904	0.6627632975578308	0.6775676012039185	0.6864687204360962	0.7347941994667053	0.7165623307228088	0.7215251326560974	0.5445770025253296	0.5541569590568542	0.5495520830154419	0.5686662197113037	0.6993735432624817	0.5564929246902466	0.5774808526039124	0.6926907896995544	0.5794544219970703	0.5853844881057739	0.7163339853286743	0.6991683840751648	0.7115249037742615	0.7225794196128845	0.645365297794342	0.6637372374534607	0.6505445837974548	0.7162003517150879	0.70601886510849	0.7029290199279785	0.706175684928894	0.691413402557373	0.6343704462051392	0.5998356342315674	0.7079766392707825	0.7219769358634949	0.7257469296455383	0.7343212366104126	0.7211740016937256	0.7199849486351013	0.6424398422241211	0.6103653311729431	0.7373045682907104	0.6987724304199219	0.3407043814659119	0.7321447730064392	0.6311917304992676	0.664870023727417	0.6194679141044617	0.6200926899909973	0.6034751534461975	0.6170266270637512	0.6728628873825073	0.6373703479766846	0.6208683848381042	0.6724831461906433	0.6645655632019043	0.6284362077713013	0.6672271490097046	0.5502340197563171	0.5321040153503418	0.53413325548172	0.7207355499267578	0.6389328241348267	0.7576431035995483	0.6762821674346924	0.6045688986778259	0.6051169037818909	0.6260404586791992	0.7375931143760681	0.747104823589325	0.713162362575531	0.657249927520752	0.7261998057365417	0.6690101623535156	0	0.3725953698158264
SRR19621234	0.5883432030677795	0.617519736289978	0.6013402342796326	0.7316949963569641	0.5468771457672119	0.5947465896606445	0.5967260003089905	0.6425453424453735	0.6646111607551575	0.6340723633766174	0.6618557572364807	0.5607937574386597	0.5923110842704773	0.577726423740387	0.7188437581062317	0.5429978966712952	0.5630109310150146	0.5973246693611145	0.6023906469345093	0.6122701168060303	0.6802751421928406	0.7117433547973633	0.6483461260795593	0.6328098773956299	0.7290894389152527	0.7078839540481567	0.7308706641197205	0.6772739291191101	0.7000430226325989	0.6823059916496277	0.6084663271903992	0.6064131259918213	0.7028887867927551	0.6391822695732117	0.6757598519325256	0.7022715210914612	0.7159579992294312	0.7154552936553955	0.5212795734405518	0.5632592439651489	0.6775751709938049	0.6997268199920654	0.6942054629325867	0.6815342307090759	0.6590451598167419	0.6636377573013306	0.6751152873039246	0.7022739052772522	0.6767021417617798	0.6943356394767761	0.5611374974250793	0.5488382577896118	0.5552504062652588	0.5758538246154785	0.717937171459198	0.5558334589004517	0.5671017169952393	0.7089710235595703	0.5400242209434509	0.5261312127113342	0.7327216863632202	0.7228062152862549	0.7417989373207092	0.7375892400741577	0.649742066860199	0.6709689497947693	0.652393102645874	0.7168430089950562	0.7110881209373474	0.7100406289100647	0.7256364226341248	0.7144195437431335	0.6560378670692444	0.6392411589622498	0.6817212104797363	0.7197890281677246	0.7327718138694763	0.7152907252311707	0.7254086136817932	0.7335889935493469	0.635567843914032	0.6131896376609802	0.718529999256134	0.7026176452636719	0.4010728001594543	0.7256157398223877	0.619735062122345	0.6941093802452087	0.6204938292503357	0.6148287653923035	0.5998000502586365	0.6274687051773071	0.6886742115020752	0.6381166577339172	0.6140055656433105	0.6819925308227539	0.6785240769386292	0.6273680925369263	0.6448026895523071	0.5358364582061768	0.5150636434555054	0.536508321762085	0.7020331621170044	0.6509260535240173	0.7509574294090271	0.6608012914657593	0.5881776809692383	0.6018872857093811	0.6014239192008972	0.7204967737197876	0.7242093682289124	0.6998856663703918	0.6550898551940918	0.7605984807014465	0.6703169941902161	0.3725953698158264	0
