	SRR19621115	SRR19621116	SRR19621117	SRR19621118	SRR19621119	SRR19621120	SRR19621121	SRR19621125	SRR19621126	SRR19621127	SRR19621128	SRR19621129	SRR19621130	SRR19621131	SRR19621132	SRR19621133	SRR19621134	SRR19621135	SRR19621136	SRR19621137	SRR19621138	SRR19621139	SRR19621140	SRR19621141	SRR19621142	SRR19621143	SRR19621144	SRR19621145	SRR19621146	SRR19621147	SRR19621148	SRR19621149	SRR19621150	SRR19621151	SRR19621152	SRR19621153	SRR19621154	SRR19621155	SRR19621156	SRR19621157	SRR19621158	SRR19621159	SRR19621160	SRR19621161	SRR19621162	SRR19621163	SRR19621164	SRR19621165	SRR19621166	SRR19621167	SRR19621168	SRR19621169	SRR19621170	SRR19621171	SRR19621172	SRR19621173	SRR19621174	SRR19621175	SRR19621176	SRR19621177	SRR19621178	SRR19621179	SRR19621180	SRR19621181	SRR19621182	SRR19621183	SRR19621184	SRR19621185	SRR19621186	SRR19621187	SRR19621188	SRR19621189	SRR19621190	SRR19621191	SRR19621192	SRR19621193	SRR19621194	SRR19621195	SRR19621196	SRR19621197	SRR19621198	SRR19621199	SRR19621200	SRR19621201	SRR19621202	SRR19621203	SRR19621204	SRR19621205	SRR19621206	SRR19621207	SRR19621208	SRR19621209	SRR19621210	SRR19621211	SRR19621212	SRR19621213	SRR19621214	SRR19621215	SRR19621216	SRR19621217	SRR19621218	SRR19621219	SRR19621220	SRR19621221	SRR19621222	SRR19621223	SRR19621224	SRR19621225	SRR19621226	SRR19621227	SRR19621228	SRR19621229	SRR19621230	SRR19621231	SRR19621232	SRR19621233	SRR19621234
SRR19621115	0.0	0.37876923076923075	0.6601538461538462	0.9012307692307693	0.7758461538461539	0.7838461538461539	0.79	0.7669230769230769	0.8678461538461538	0.8369230769230769	0.8810769230769231	0.7406153846153846	0.7355384615384616	0.824	0.8781538461538462	0.8633846153846154	0.8658461538461538	0.7535384615384615	0.7690769230769231	0.7352307692307692	0.8001538461538461	0.9226153846153846	0.7286153846153847	0.6946153846153846	0.9295384615384615	0.8695384615384616	0.8186153846153846	0.8072307692307692	0.788	0.8092307692307692	0.72	0.8366153846153846	0.9009230769230769	0.7209230769230769	0.8989230769230769	0.8776923076923077	0.8558461538461538	0.8312307692307692	0.8738461538461538	0.8066153846153846	0.9093846153846153	0.8892307692307693	0.918	0.9164615384615384	0.8246153846153846	0.7443076923076923	0.8903076923076924	0.8167692307692308	0.8567692307692307	0.8673846153846154	0.744	0.6732307692307692	0.6630769230769231	0.8633846153846154	0.9447692307692308	0.856	0.809076923076923	0.8621538461538462	0.9092307692307692	0.8927692307692308	0.825076923076923	0.8763076923076923	0.9515384615384616	0.8275384615384616	0.8287692307692308	0.804923076923077	0.7695384615384615	0.924923076923077	0.922923076923077	0.932	0.9178461538461539	0.7926153846153846	0.7863076923076923	0.7856923076923077	0.8927692307692308	0.914	0.9083076923076923	0.8987692307692308	0.9190769230769231	0.9195384615384615	0.8195384615384615	0.8633846153846154	0.9036923076923077	0.8532307692307692	0.7107692307692308	0.8766153846153846	0.744	0.8146153846153846	0.7141538461538461	0.8592307692307692	0.7876923076923077	0.8178461538461539	0.8652307692307692	0.7661538461538462	0.7696923076923077	0.7883076923076923	0.809076923076923	0.7710769230769231	0.8507692307692307	0.8481538461538461	0.8798461538461538	0.8372307692307692	0.8329230769230769	0.8635384615384616	0.9130769230769231	0.8924615384615384	0.9144615384615384	0.8949230769230769	0.9136923076923077	0.933076923076923	0.9335384615384615	0.9236923076923077	0.8461538461538461	0.8306153846153846	0.8741538461538462	0.7195384615384616	0.7630769230769231
SRR19621116	0.37876923076923075	0.0	0.7152307692307692	0.9076923076923077	0.8247692307692308	0.8392307692307692	0.8533846153846154	0.7593846153846154	0.784923076923077	0.8963076923076924	0.9296923076923077	0.7916923076923077	0.7952307692307692	0.8567692307692307	0.9324615384615385	0.9095384615384615	0.9016923076923077	0.7656923076923077	0.7575384615384615	0.7655384615384615	0.7661538461538462	0.9244615384615384	0.6753846153846154	0.7530769230769231	0.9132307692307692	0.8632307692307692	0.8472307692307692	0.8615384615384616	0.8609230769230769	0.8595384615384616	0.7661538461538462	0.8747692307692307	0.9106153846153846	0.7736923076923077	0.9304615384615385	0.9067692307692308	0.8844615384615384	0.8752307692307693	0.8992307692307693	0.8847692307692308	0.9287692307692308	0.9318461538461539	0.9373846153846154	0.9392307692307692	0.8226153846153846	0.8096923076923077	0.8810769230769231	0.8909230769230769	0.9112307692307692	0.8989230769230769	0.7850769230769231	0.7329230769230769	0.7189230769230769	0.8915384615384615	0.953076923076923	0.8881538461538462	0.8556923076923076	0.9046153846153846	0.922923076923077	0.9223076923076923	0.8612307692307692	0.8796923076923077	0.9638461538461538	0.8916923076923077	0.8829230769230769	0.8652307692307692	0.8535384615384616	0.9632307692307692	0.9573846153846154	0.9564615384615385	0.9421538461538461	0.8215384615384616	0.8293846153846154	0.8207692307692308	0.9173846153846154	0.929076923076923	0.9210769230769231	0.9276923076923077	0.9461538461538461	0.9513846153846154	0.8681538461538462	0.9032307692307693	0.9216923076923077	0.8316923076923077	0.7466153846153846	0.8669230769230769	0.8289230769230769	0.833076923076923	0.7490769230769231	0.9141538461538462	0.85	0.8412307692307692	0.8973846153846153	0.800923076923077	0.8424615384615385	0.8510769230769231	0.8396923076923077	0.8507692307692307	0.8995384615384615	0.8653846153846154	0.908	0.8603076923076923	0.8638461538461538	0.8983076923076924	0.9392307692307692	0.9186153846153846	0.9267692307692308	0.9096923076923077	0.9284615384615384	0.9507692307692308	0.953076923076923	0.9513846153846154	0.8990769230769231	0.8775384615384615	0.9076923076923077	0.7601538461538462	0.848
SRR19621117	0.6601538461538462	0.7152307692307692	0.0	0.8718461538461538	0.8333846153846154	0.856	0.8281538461538461	0.8623076923076923	0.943076923076923	0.92	0.8804615384615384	0.8296923076923077	0.8196923076923077	0.8858461538461538	0.8935384615384615	0.9049230769230769	0.8650769230769231	0.8033846153846154	0.8313846153846154	0.8378461538461538	0.8364615384615385	0.8643076923076923	0.8601538461538462	0.828	0.8633846153846154	0.8416923076923077	0.821076923076923	0.8569230769230769	0.8435384615384616	0.8518461538461538	0.7738461538461539	0.782	0.8430769230769231	0.8161538461538461	0.8435384615384616	0.8690769230769231	0.9130769230769231	0.8535384615384616	0.884	0.8913846153846153	0.8446153846153847	0.709076923076923	0.8656923076923076	0.8392307692307692	0.8466153846153847	0.7915384615384615	0.8841538461538462	0.812923076923077	0.8106153846153846	0.8687692307692307	0.7035384615384616	0.7238461538461538	0.8184615384615385	0.7729230769230769	0.9273846153846154	0.8533846153846154	0.8176923076923077	0.9226153846153846	0.8892307692307693	0.8998461538461539	0.8261538461538461	0.8709230769230769	0.941076923076923	0.824	0.9050769230769231	0.8232307692307692	0.8136923076923077	0.8655384615384616	0.9032307692307693	0.7706153846153846	0.912	0.8086153846153846	0.7261538461538461	0.7487692307692307	0.8452307692307692	0.8881538461538462	0.902	0.8995384615384615	0.8666153846153846	0.9116923076923077	0.8352307692307692	0.8550769230769231	0.8675384615384616	0.8518461538461538	0.8010769230769231	0.8964615384615384	0.8026153846153846	0.7773846153846153	0.7884615384615384	0.9187692307692308	0.8561538461538462	0.812923076923077	0.866	0.7890769230769231	0.8481538461538461	0.8292307692307692	0.7873846153846153	0.8007692307692308	0.8589230769230769	0.8873846153846154	0.886	0.8941538461538462	0.8527692307692307	0.8313846153846154	0.9158461538461539	0.8729230769230769	0.8516923076923076	0.8046153846153846	0.8858461538461538	0.8261538461538461	0.8489230769230769	0.8813846153846154	0.8970769230769231	0.9118461538461539	0.8713846153846154	0.796923076923077	0.8263076923076923
SRR19621118	0.9012307692307693	0.9076923076923077	0.8718461538461538	0.0	0.676923076923077	0.6356923076923077	0.6166153846153846	0.67	0.7618461538461538	0.5189230769230769	0.5230769230769231	0.7843076923076923	0.9023076923076923	0.7183076923076923	0.4743076923076923	0.6633846153846154	0.6578461538461539	0.7006153846153846	0.7389230769230769	0.758	0.8589230769230769	0.6553846153846153	0.9053846153846153	0.708	0.8629230769230769	0.7372307692307692	0.542	0.573076923076923	0.5458461538461539	0.6112307692307692	0.6141538461538462	0.6656923076923077	0.612	0.6093846153846154	0.47384615384615386	0.4606153846153846	0.6427692307692308	0.6618461538461539	0.678	0.7066153846153846	0.6447692307692308	0.6544615384615384	0.688923076923077	0.5604615384615385	0.6761538461538461	0.682923076923077	0.8853846153846154	0.690923076923077	0.6161538461538462	0.6604615384615384	0.8006153846153846	0.8041538461538461	0.7610769230769231	0.7390769230769231	0.7043076923076923	0.7635384615384615	0.7146153846153847	0.6332307692307693	0.8429230769230769	0.6090769230769231	0.5787692307692308	0.7109230769230769	0.7089230769230769	0.584	0.6432307692307693	0.6746153846153846	0.6836923076923077	0.6367692307692308	0.6341538461538462	0.6770769230769231	0.6798461538461539	0.6513846153846153	0.7464615384615385	0.6496923076923077	0.5416923076923077	0.6224615384615385	0.5723076923076923	0.5996923076923077	0.6515384615384615	0.6509230769230769	0.6921538461538461	0.6601538461538462	0.5952307692307692	0.6807692307692308	0.8163076923076923	0.6381538461538462	0.7227692307692307	0.688	0.6818461538461539	0.7312307692307692	0.550923076923077	0.5761538461538461	0.6415384615384615	0.6735384615384615	0.6553846153846153	0.6332307692307693	0.6050769230769231	0.6695384615384615	0.7181538461538461	0.7841538461538462	0.6886153846153846	0.7413846153846154	0.6275384615384615	0.5756923076923077	0.574	0.6693846153846154	0.6976923076923077	0.6824615384615385	0.6430769230769231	0.6843076923076923	0.712	0.5924615384615385	0.45169230769230767	0.5744615384615385	0.6255384615384615	0.8173846153846154	0.943076923076923
SRR19621119	0.7758461538461539	0.8247692307692308	0.8333846153846154	0.676923076923077	0.0	0.30338461538461536	0.3089230769230769	0.6306153846153846	0.7632307692307693	0.5916923076923077	0.556	0.6984615384615385	0.8750769230769231	0.6538461538461539	0.6924615384615385	0.6041538461538462	0.6227692307692307	0.616	0.6472307692307693	0.6410769230769231	0.933076923076923	0.7352307692307692	0.8989230769230769	0.7372307692307692	0.9413846153846154	0.7978461538461539	0.6912307692307692	0.5964615384615385	0.5187692307692308	0.6236923076923077	0.44153846153846155	0.4412307692307692	0.6676923076923077	0.512	0.6521538461538462	0.618	0.642	0.6212307692307693	0.5547692307692308	0.5443076923076923	0.7738461538461539	0.6658461538461539	0.7132307692307692	0.5821538461538461	0.8550769230769231	0.8283076923076923	0.9607692307692308	0.634	0.6512307692307693	0.6138461538461538	0.6561538461538462	0.6403076923076924	0.5738461538461539	0.658923076923077	0.8893846153846154	0.6823076923076923	0.5090769230769231	0.6767692307692308	0.7541538461538462	0.5109230769230769	0.6573846153846153	0.7878461538461539	0.8912307692307693	0.7066153846153846	0.5696923076923077	0.6309230769230769	0.61	0.5941538461538461	0.6153846153846154	0.6524615384615384	0.8261538461538461	0.46215384615384614	0.6898461538461539	0.6133846153846154	0.6269230769230769	0.6283076923076923	0.6436923076923077	0.7190769230769231	0.712	0.7195384615384616	0.6304615384615384	0.6338461538461538	0.6938461538461539	0.7247692307692307	0.6993846153846154	0.6872307692307692	0.5116923076923077	0.6741538461538461	0.5835384615384616	0.7173846153846154	0.5010769230769231	0.49138461538461536	0.6153846153846154	0.6012307692307692	0.5601538461538461	0.5738461538461539	0.6109230769230769	0.52	0.6744615384615384	0.6973846153846154	0.6661538461538462	0.668	0.6518461538461539	0.589076923076923	0.732	0.7741538461538462	0.6216923076923077	0.6004615384615385	0.5829230769230769	0.662923076923077	0.6384615384615384	0.7084615384615385	0.536923076923077	0.6163076923076923	0.5778461538461539	0.7087692307692308	0.8832307692307693
SRR19621120	0.7838461538461539	0.8392307692307692	0.856	0.6356923076923077	0.30338461538461536	0.0	0.3116923076923077	0.6358461538461538	0.7584615384615384	0.49	0.5733846153846154	0.6981538461538461	0.87	0.6650769230769231	0.6781538461538461	0.6483076923076924	0.6638461538461539	0.63	0.6463076923076924	0.6435384615384615	0.916923076923077	0.772	0.8833846153846154	0.7341538461538462	0.9472307692307692	0.8087692307692308	0.6626153846153846	0.5266153846153846	0.5115384615384615	0.5376923076923077	0.44261538461538463	0.5230769230769231	0.7003076923076923	0.5384615384615384	0.6615384615384615	0.5432307692307692	0.6472307692307693	0.6258461538461538	0.5718461538461539	0.5467692307692308	0.7743076923076923	0.7075384615384616	0.7658461538461538	0.5867692307692308	0.8526153846153847	0.8527692307692307	0.9569230769230769	0.656	0.6772307692307692	0.658923076923077	0.6983076923076923	0.6604615384615384	0.5767692307692308	0.6903076923076923	0.9012307692307693	0.7138461538461538	0.5367692307692308	0.6844615384615385	0.7730769230769231	0.49815384615384617	0.6426153846153846	0.8007692307692308	0.9016923076923077	0.7043076923076923	0.4723076923076923	0.6407692307692308	0.6089230769230769	0.6044615384615385	0.6547692307692308	0.6832307692307692	0.8421538461538461	0.446	0.6938461538461539	0.5575384615384615	0.6253846153846154	0.6626153846153846	0.6578461538461539	0.7106153846153846	0.764	0.7776923076923077	0.6552307692307693	0.6615384615384615	0.6801538461538461	0.7247692307692307	0.7261538461538461	0.7067692307692308	0.4970769230769231	0.7041538461538461	0.6172307692307692	0.6655384615384615	0.47015384615384614	0.5018461538461538	0.5884615384615385	0.6109230769230769	0.48753846153846153	0.5124615384615384	0.6181538461538462	0.5129230769230769	0.6467692307692308	0.7092307692307692	0.7101538461538461	0.6570769230769231	0.7187692307692307	0.6007692307692307	0.7572307692307693	0.7884615384615384	0.6623076923076923	0.636	0.6243076923076923	0.6875384615384615	0.7052307692307692	0.6938461538461539	0.5423076923076923	0.6184615384615385	0.6129230769230769	0.7358461538461538	0.8890769230769231
SRR19621121	0.79	0.8533846153846154	0.8281538461538461	0.6166153846153846	0.3089230769230769	0.3116923076923077	0.0	0.6730769230769231	0.7970769230769231	0.557076923076923	0.559076923076923	0.7267692307692307	0.8750769230769231	0.6564615384615384	0.6667692307692308	0.6104615384615385	0.6250769230769231	0.6553846153846153	0.69	0.6641538461538462	0.9175384615384615	0.718	0.8913846153846153	0.6866153846153846	0.9066153846153846	0.7664615384615384	0.6524615384615384	0.5347692307692308	0.4006153846153846	0.5484615384615384	0.39907692307692305	0.42215384615384616	0.6596923076923077	0.5013846153846154	0.6161538461538462	0.592	0.6746153846153846	0.5761538461538461	0.5533846153846154	0.5007692307692307	0.7496923076923077	0.6278461538461538	0.672923076923077	0.5312307692307693	0.8441538461538461	0.8075384615384615	0.9275384615384615	0.6273846153846154	0.6327692307692308	0.6064615384615385	0.6710769230769231	0.6458461538461538	0.567076923076923	0.6513846153846153	0.8766153846153846	0.682923076923077	0.4966153846153846	0.6784615384615384	0.7761538461538462	0.48846153846153845	0.616	0.7786153846153846	0.8827692307692308	0.660923076923077	0.5195384615384615	0.6526153846153846	0.648	0.4878461538461539	0.6009230769230769	0.6370769230769231	0.8349230769230769	0.4786153846153846	0.7098461538461538	0.5575384615384615	0.5895384615384616	0.6387692307692308	0.6532307692307693	0.679076923076923	0.6558461538461539	0.6826153846153846	0.6604615384615384	0.6646153846153846	0.6527692307692308	0.699076923076923	0.6995384615384616	0.695076923076923	0.5187692307692308	0.6933846153846154	0.6123076923076923	0.7013846153846154	0.4403076923076923	0.4847692307692308	0.5676923076923077	0.6110769230769231	0.5418461538461539	0.48523076923076924	0.5698461538461539	0.49446153846153845	0.6424615384615384	0.712	0.666	0.6847692307692308	0.6413846153846153	0.5764615384615385	0.7264615384615385	0.7469230769230769	0.6124615384615385	0.579076923076923	0.5756923076923077	0.6747692307692308	0.6796923076923077	0.6764615384615384	0.4936923076923077	0.6107692307692307	0.5956923076923077	0.7133846153846154	0.8950769230769231
SRR19621125	0.7669230769230769	0.7593846153846154	0.8623076923076923	0.67	0.6306153846153846	0.6358461538461538	0.6730769230769231	0.0	0.5827692307692308	0.524	0.7003076923076923	0.7021538461538461	0.8333846153846154	0.7230769230769231	0.6818461538461539	0.6938461538461539	0.6995384615384616	0.5749230769230769	0.566923076923077	0.6824615384615385	0.8107692307692308	0.7149230769230769	0.7958461538461539	0.6941538461538461	0.9084615384615384	0.7904615384615384	0.7444615384615385	0.6913846153846154	0.6784615384615384	0.7123076923076923	0.6613846153846153	0.678	0.6123076923076923	0.6989230769230769	0.6832307692307692	0.6338461538461538	0.583076923076923	0.6803076923076923	0.688	0.6752307692307692	0.7455384615384615	0.7550769230769231	0.758	0.7350769230769231	0.7775384615384615	0.7632307692307693	0.8573846153846154	0.7541538461538462	0.73	0.7364615384615385	0.7046153846153846	0.6981538461538461	0.6784615384615384	0.7164615384615385	0.7995384615384615	0.7249230769230769	0.6493846153846153	0.6646153846153846	0.8515384615384616	0.6995384615384616	0.6358461538461538	0.7636923076923077	0.7821538461538462	0.7356923076923076	0.6227692307692307	0.5861538461538461	0.5761538461538461	0.7403076923076923	0.6449230769230769	0.6621538461538462	0.7549230769230769	0.6806153846153846	0.6706153846153846	0.6364615384615384	0.714	0.6224615384615385	0.614	0.7387692307692307	0.7684615384615384	0.7616923076923077	0.6130769230769231	0.6615384615384615	0.6766153846153846	0.6827692307692308	0.8203076923076923	0.6492307692307693	0.6509230769230769	0.6656923076923077	0.5801538461538461	0.7210769230769231	0.5941538461538461	0.6106153846153846	0.7058461538461539	0.583076923076923	0.6423076923076924	0.6492307692307693	0.6643076923076923	0.6376923076923077	0.7673846153846153	0.7381538461538462	0.6987692307692308	0.7033846153846154	0.7550769230769231	0.6570769230769231	0.7895384615384615	0.8233846153846154	0.7155384615384616	0.6952307692307692	0.6927692307692308	0.7426153846153846	0.7350769230769231	0.7101538461538461	0.6703076923076923	0.6553846153846153	0.6987692307692308	0.8053846153846154	0.9326153846153846
SRR19621126	0.8678461538461538	0.784923076923077	0.943076923076923	0.7618461538461538	0.7632307692307693	0.7584615384615384	0.7970769230769231	0.5827692307692308	0.0	0.6535384615384615	0.7675384615384615	0.7289230769230769	0.8	0.8047692307692308	0.7926153846153846	0.8026153846153846	0.8176923076923077	0.693076923076923	0.6672307692307692	0.7333846153846154	0.7615384615384615	0.8352307692307692	0.6278461538461538	0.8216923076923077	0.9421538461538461	0.8490769230769231	0.7836923076923077	0.7938461538461539	0.7944615384615384	0.820923076923077	0.7772307692307693	0.7886153846153846	0.7898461538461539	0.7472307692307693	0.7975384615384615	0.7575384615384615	0.7690769230769231	0.7926153846153846	0.8015384615384615	0.7958461538461539	0.8452307692307692	0.8429230769230769	0.8656923076923076	0.7687692307692308	0.8147692307692308	0.8570769230769231	0.8527692307692307	0.8118461538461539	0.8087692307692308	0.8147692307692308	0.8303076923076923	0.8272307692307692	0.8172307692307692	0.813076923076923	0.8583076923076923	0.8329230769230769	0.7996923076923077	0.7761538461538462	0.9103076923076923	0.7923076923076923	0.7647692307692308	0.7570769230769231	0.818	0.8038461538461539	0.78	0.7473846153846154	0.7776923076923077	0.796923076923077	0.7763076923076923	0.8073846153846154	0.8455384615384616	0.802	0.7598461538461538	0.7472307692307693	0.7921538461538462	0.7835384615384615	0.7638461538461538	0.8141538461538461	0.8638461538461538	0.8498461538461538	0.7844615384615384	0.8044615384615385	0.7613846153846154	0.7944615384615384	0.8587692307692307	0.7693846153846153	0.8292307692307692	0.7883076923076923	0.7507692307692307	0.817076923076923	0.7569230769230769	0.7756923076923077	0.7633846153846154	0.6250769230769231	0.7867692307692308	0.798923076923077	0.7952307692307692	0.7883076923076923	0.8216923076923077	0.811076923076923	0.8215384615384616	0.7484615384615385	0.8244615384615385	0.7775384615384615	0.8292307692307692	0.8483076923076923	0.8401538461538461	0.8095384615384615	0.7970769230769231	0.774	0.8503076923076923	0.7990769230769231	0.7810769230769231	0.7483076923076923	0.7513846153846154	0.8612307692307692	0.9616923076923077
SRR19621127	0.8369230769230769	0.8963076923076924	0.92	0.5189230769230769	0.5916923076923077	0.49	0.557076923076923	0.524	0.6535384615384615	0.0	0.560923076923077	0.7358461538461538	0.8815384615384615	0.6933846153846154	0.5501538461538461	0.6232307692307693	0.6209230769230769	0.6496923076923077	0.6813846153846154	0.696923076923077	0.9	0.6852307692307692	0.8721538461538462	0.6743076923076923	0.9498461538461539	0.8032307692307692	0.5876923076923077	0.468	0.5336923076923077	0.5295384615384615	0.5652307692307692	0.6487692307692308	0.6146153846153846	0.5766153846153846	0.5878461538461538	0.5181538461538462	0.6209230769230769	0.5783076923076923	0.6503076923076923	0.586	0.6195384615384616	0.5943076923076923	0.6583076923076923	0.6326153846153846	0.8249230769230769	0.7678461538461538	0.9418461538461539	0.7406153846153846	0.6570769230769231	0.7287692307692307	0.7313846153846154	0.7215384615384616	0.6583076923076923	0.7096923076923077	0.7358461538461538	0.7210769230769231	0.6318461538461538	0.5607692307692308	0.8653846153846154	0.616	0.6133846153846154	0.7695384615384615	0.7312307692307692	0.5886153846153847	0.5029230769230769	0.6566153846153846	0.6446153846153846	0.6267692307692307	0.562923076923077	0.6176923076923077	0.6573846153846153	0.6509230769230769	0.7307692307692307	0.6223076923076923	0.5749230769230769	0.6181538461538462	0.5501538461538461	0.612	0.652	0.6418461538461538	0.6047692307692307	0.575076923076923	0.6947692307692308	0.7101538461538461	0.820923076923077	0.6712307692307692	0.5964615384615385	0.7364615384615385	0.6546153846153846	0.5696923076923077	0.4887692307692308	0.5752307692307692	0.6041538461538462	0.6506153846153846	0.5130769230769231	0.5787692307692308	0.581076923076923	0.571076923076923	0.688	0.7604615384615384	0.67	0.6821538461538461	0.6676923076923077	0.5816923076923077	0.6784615384615384	0.8538461538461538	0.7169230769230769	0.6756923076923077	0.5992307692307692	0.7198461538461538	0.7536923076923077	0.6175384615384616	0.5452307692307692	0.5983076923076923	0.6303076923076923	0.809076923076923	0.9264615384615384
SRR19621128	0.8810769230769231	0.9296923076923077	0.8804615384615384	0.5230769230769231	0.556	0.5733846153846154	0.559076923076923	0.7003076923076923	0.7675384615384615	0.560923076923077	0.0	0.705076923076923	0.8555384615384616	0.6750769230769231	0.4978461538461538	0.5673846153846154	0.5935384615384616	0.6561538461538462	0.6646153846153846	0.6392307692307693	0.9050769230769231	0.6798461538461539	0.9295384615384615	0.7507692307692307	0.9607692307692308	0.7967692307692308	0.5633846153846154	0.5595384615384615	0.5361538461538462	0.6329230769230769	0.5415384615384615	0.5396923076923077	0.5715384615384616	0.44353846153846155	0.5695384615384615	0.5203076923076924	0.6693846153846154	0.6292307692307693	0.6370769230769231	0.5976923076923077	0.6938461538461539	0.6475384615384615	0.6616923076923077	0.5026153846153846	0.8327692307692308	0.7506153846153846	0.9627692307692308	0.6524615384615384	0.5909230769230769	0.6210769230769231	0.7973846153846154	0.7775384615384615	0.7410769230769231	0.6943076923076923	0.8124615384615385	0.728	0.6558461538461539	0.6483076923076924	0.8384615384615385	0.6307692307692307	0.6816923076923077	0.8001538461538461	0.8103076923076923	0.6341538461538462	0.6916923076923077	0.6272307692307693	0.666	0.587076923076923	0.5084615384615384	0.5601538461538461	0.7241538461538461	0.5427692307692308	0.6515384615384615	0.5978461538461538	0.5113846153846154	0.5527692307692308	0.5507692307692308	0.5343076923076923	0.608	0.6023076923076923	0.6	0.5632307692307692	0.6067692307692307	0.6733846153846154	0.7341538461538462	0.6267692307692307	0.7043076923076923	0.707076923076923	0.6863076923076923	0.6198461538461538	0.4909230769230769	0.526	0.5453846153846154	0.6753846153846154	0.5593846153846154	0.6247692307692307	0.586	0.6164615384615385	0.7330769230769231	0.7132307692307692	0.6523076923076923	0.6693846153846154	0.6203076923076923	0.3066153846153846	0.5553846153846154	0.6995384615384616	0.6166153846153846	0.542923076923077	0.48938461538461536	0.687076923076923	0.6906153846153846	0.5798461538461539	0.5316923076923077	0.646	0.36215384615384616	0.7323076923076923	0.892
SRR19621129	0.7406153846153846	0.7916923076923077	0.8296923076923077	0.7843076923076923	0.6984615384615385	0.6981538461538461	0.7267692307692307	0.7021538461538461	0.7289230769230769	0.7358461538461538	0.705076923076923	0.0	0.4216923076923077	0.46415384615384614	0.798923076923077	0.7326153846153847	0.7584615384615384	0.5552307692307692	0.5256923076923077	0.6423076923076924	0.782	0.8107692307692308	0.7590769230769231	0.7350769230769231	0.9384615384615385	0.8372307692307692	0.7963076923076923	0.7836923076923077	0.774	0.8092307692307692	0.676923076923077	0.6996923076923077	0.7627692307692308	0.688	0.7975384615384615	0.7807692307692308	0.7649230769230769	0.7749230769230769	0.7136923076923077	0.7316923076923076	0.8226153846153846	0.8138461538461539	0.7966153846153846	0.7684615384615384	0.8232307692307692	0.7870769230769231	0.8906153846153846	0.7283076923076923	0.7344615384615385	0.7527692307692307	0.7209230769230769	0.712	0.6743076923076923	0.6592307692307692	0.8601538461538462	0.6724615384615384	0.6444615384615384	0.7626153846153846	0.8307692307692308	0.7273846153846154	0.7627692307692308	0.816	0.8507692307692307	0.8176923076923077	0.7303076923076923	0.7023076923076923	0.6687692307692308	0.7776923076923077	0.7561538461538462	0.7772307692307693	0.820923076923077	0.7198461538461538	0.6927692307692308	0.6695384615384615	0.7996923076923077	0.7623076923076924	0.7721538461538462	0.792	0.8083076923076923	0.8167692307692308	0.6023076923076923	0.64	0.8018461538461539	0.754	0.6781538461538461	0.7456923076923077	0.7483076923076923	0.7323076923076923	0.7192307692307692	0.7584615384615384	0.7009230769230769	0.7072307692307692	0.7513846153846154	0.6490769230769231	0.7172307692307692	0.7329230769230769	0.7621538461538462	0.7283076923076923	0.7670769230769231	0.6647692307692308	0.7178461538461538	0.6466153846153846	0.8244615384615385	0.7141538461538461	0.8252307692307692	0.8356923076923077	0.7521538461538462	0.7261538461538461	0.7366153846153846	0.8106153846153846	0.804	0.8186153846153846	0.7712307692307693	0.76	0.6907692307692308	0.7053846153846154	0.8516923076923076
SRR19621130	0.7355384615384616	0.7952307692307692	0.8196923076923077	0.9023076923076923	0.8750769230769231	0.87	0.8750769230769231	0.8333846153846154	0.8	0.8815384615384615	0.8555384615384616	0.4216923076923077	0.0	0.6507692307692308	0.8772307692307693	0.8718461538461538	0.8890769230769231	0.7570769230769231	0.7438461538461538	0.7530769230769231	0.7696923076923077	0.9127692307692308	0.7729230769230769	0.7823076923076923	0.9446153846153846	0.8707692307692307	0.8352307692307692	0.9041538461538462	0.8972307692307693	0.9013846153846153	0.8303076923076923	0.8415384615384616	0.8986153846153846	0.7935384615384615	0.8909230769230769	0.8835384615384615	0.9133846153846154	0.912	0.8506153846153847	0.8693846153846154	0.916	0.9298461538461539	0.9083076923076923	0.9058461538461539	0.8487692307692307	0.8052307692307692	0.8709230769230769	0.8295384615384616	0.8535384615384616	0.8635384615384616	0.8138461538461539	0.7789230769230769	0.75	0.8161538461538461	0.9095384615384615	0.7984615384615384	0.796	0.8993846153846153	0.9090769230769231	0.8658461538461538	0.8743076923076923	0.8861538461538462	0.9009230769230769	0.8833846153846154	0.86	0.8283076923076923	0.7936923076923077	0.8896923076923077	0.8870769230769231	0.902	0.8929230769230769	0.8626153846153846	0.7933846153846154	0.8184615384615385	0.9121538461538462	0.9069230769230769	0.9075384615384615	0.8910769230769231	0.9055384615384615	0.9056923076923077	0.8113846153846154	0.8113846153846154	0.9112307692307692	0.9003076923076923	0.768	0.9086153846153846	0.8493846153846154	0.8516923076923076	0.8506153846153847	0.8575384615384616	0.8529230769230769	0.8595384615384616	0.8701538461538462	0.7941538461538461	0.8327692307692308	0.836	0.8661538461538462	0.858	0.8684615384615385	0.8010769230769231	0.8489230769230769	0.782	0.9101538461538462	0.8584615384615385	0.9121538461538462	0.8967692307692308	0.8793846153846154	0.8755384615384615	0.8870769230769231	0.9150769230769231	0.9146153846153846	0.8998461538461539	0.8953846153846153	0.8846153846153846	0.854	0.762	0.7987692307692308
SRR19621131	0.824	0.8567692307692307	0.8858461538461538	0.7183076923076923	0.6538461538461539	0.6650769230769231	0.6564615384615384	0.7230769230769231	0.8047692307692308	0.6933846153846154	0.6750769230769231	0.46415384615384614	0.6507692307692308	0.0	0.742	0.678	0.6964615384615385	0.6267692307692307	0.6584615384615384	0.6386153846153846	0.8881538461538462	0.83	0.8966153846153846	0.7223076923076923	0.9495384615384616	0.796	0.7129230769230769	0.7106153846153846	0.6924615384615385	0.7543076923076923	0.6078461538461538	0.6155384615384616	0.7732307692307693	0.6221538461538462	0.7096923076923077	0.7206153846153847	0.7764615384615384	0.7933846153846154	0.6046153846153847	0.6566153846153846	0.758	0.7516923076923077	0.7404615384615385	0.6995384615384616	0.7936923076923077	0.7838461538461539	0.942923076923077	0.7435384615384616	0.7466153846153846	0.7309230769230769	0.6958461538461539	0.6892307692307692	0.6296923076923077	0.5606153846153846	0.8936923076923077	0.5729230769230769	0.5658461538461539	0.7703076923076924	0.8086153846153846	0.6169230769230769	0.7532307692307693	0.8167692307692308	0.8801538461538462	0.82	0.6423076923076924	0.6826153846153846	0.6569230769230769	0.7156923076923077	0.7658461538461538	0.7781538461538462	0.8769230769230769	0.6501538461538462	0.7315384615384616	0.7112307692307692	0.6863076923076923	0.7647692307692308	0.7530769230769231	0.7495384615384615	0.7853846153846153	0.7867692307692308	0.6686153846153846	0.67	0.7298461538461538	0.7778461538461539	0.7026153846153846	0.7564615384615384	0.6753846153846154	0.7147692307692308	0.676923076923077	0.7078461538461538	0.6084615384615385	0.6430769230769231	0.6852307692307692	0.7032307692307692	0.6733846153846154	0.6770769230769231	0.6587692307692308	0.6583076923076923	0.7163076923076923	0.5950769230769231	0.6047692307692307	0.5855384615384616	0.7546153846153846	0.6815384615384615	0.7992307692307692	0.8235384615384616	0.7123076923076923	0.7169230769230769	0.73	0.7913846153846154	0.7943076923076923	0.7316923076923076	0.6564615384615384	0.6801538461538461	0.6952307692307692	0.6976923076923077	0.8513846153846154
SRR19621132	0.8781538461538462	0.9324615384615385	0.8935384615384615	0.4743076923076923	0.6924615384615385	0.6781538461538461	0.6667692307692308	0.6818461538461539	0.7926153846153846	0.5501538461538461	0.4978461538461538	0.798923076923077	0.8772307692307693	0.742	0.0	0.646	0.644	0.6743076923076923	0.7246153846153847	0.634	0.9010769230769231	0.695076923076923	0.9050769230769231	0.726	0.9327692307692308	0.7756923076923077	0.5	0.5592307692307692	0.5990769230769231	0.6366153846153846	0.6792307692307692	0.7058461538461539	0.6309230769230769	0.5584615384615385	0.39676923076923076	0.3016923076923077	0.6884615384615385	0.6343076923076924	0.6590769230769231	0.6763076923076923	0.6607692307692308	0.6776923076923077	0.6864615384615385	0.6092307692307692	0.8246153846153846	0.7438461538461538	0.9272307692307692	0.7361538461538462	0.6533846153846153	0.7069230769230769	0.8409230769230769	0.8333846153846154	0.7984615384615384	0.7486153846153846	0.7352307692307692	0.7618461538461538	0.7221538461538461	0.6009230769230769	0.8927692307692308	0.6412307692307693	0.6312307692307693	0.7801538461538462	0.7309230769230769	0.5806153846153846	0.6667692307692308	0.6416923076923077	0.6573846153846153	0.6726153846153846	0.6144615384615385	0.6967692307692308	0.6712307692307692	0.6133846153846154	0.6984615384615385	0.686	0.6058461538461538	0.6773846153846154	0.6158461538461538	0.5398461538461539	0.668923076923077	0.6690769230769231	0.7467692307692307	0.7218461538461538	0.5729230769230769	0.7281538461538462	0.8324615384615385	0.7053846153846154	0.6436923076923077	0.7481538461538462	0.6793846153846154	0.7343076923076923	0.596	0.648	0.6533846153846153	0.7535384615384615	0.5852307692307692	0.6563076923076923	0.5752307692307692	0.646	0.7532307692307693	0.8289230769230769	0.7281538461538462	0.7904615384615384	0.6593846153846153	0.5906153846153847	0.5350769230769231	0.6844615384615385	0.7258461538461538	0.6758461538461539	0.5936923076923077	0.7269230769230769	0.692	0.5370769230769231	0.6018461538461538	0.7361538461538462	0.6675384615384615	0.825076923076923	0.8469230769230769
SRR19621133	0.8633846153846154	0.9095384615384615	0.9049230769230769	0.6633846153846154	0.6041538461538462	0.6483076923076924	0.6104615384615385	0.6938461538461539	0.8026153846153846	0.6232307692307693	0.5673846153846154	0.7326153846153847	0.8718461538461538	0.678	0.646	0.0	0.20184615384615384	0.6443076923076924	0.6441538461538462	0.5936923076923077	0.9056923076923077	0.6858461538461539	0.91	0.7169230769230769	0.9321538461538461	0.8001538461538461	0.7078461538461538	0.5806153846153846	0.59	0.6526153846153846	0.5963076923076923	0.5181538461538462	0.6369230769230769	0.5704615384615385	0.5792307692307692	0.6109230769230769	0.5212307692307693	0.5836923076923077	0.6386153846153846	0.29923076923076924	0.616	0.5983076923076923	0.6053846153846154	0.626	0.8198461538461539	0.7338461538461538	0.961076923076923	0.6923076923076923	0.6247692307692307	0.6758461538461539	0.6984615384615385	0.712	0.666	0.6124615384615385	0.8032307692307692	0.6084615384615385	0.5987692307692307	0.575076923076923	0.7830769230769231	0.6404615384615384	0.6503076923076923	0.7333846153846154	0.8078461538461539	0.7544615384615385	0.5904615384615385	0.6493846153846153	0.6418461538461538	0.6893846153846154	0.664923076923077	0.6738461538461539	0.7749230769230769	0.6450769230769231	0.7166153846153847	0.7018461538461539	0.5716923076923077	0.5976923076923077	0.6024615384615385	0.6258461538461538	0.5944615384615385	0.6064615384615385	0.5833846153846154	0.5432307692307692	0.7352307692307692	0.7352307692307692	0.7712307692307693	0.7304615384615385	0.6229230769230769	0.6616923076923077	0.6450769230769231	0.6330769230769231	0.5596923076923077	0.5956923076923077	0.6661538461538462	0.6513846153846153	0.5536923076923077	0.557076923076923	0.5252307692307693	0.548	0.695076923076923	0.692	0.581076923076923	0.6546153846153846	0.6887692307692308	0.5623076923076923	0.7084615384615385	0.8243076923076923	0.5763076923076923	0.5178461538461538	0.5490769230769231	0.7093846153846154	0.7041538461538461	0.6092307692307692	0.5232307692307693	0.6066153846153847	0.5269230769230769	0.7546153846153846	0.9138461538461539
SRR19621134	0.8658461538461538	0.9016923076923077	0.8650769230769231	0.6578461538461539	0.6227692307692307	0.6638461538461539	0.6250769230769231	0.6995384615384616	0.8176923076923077	0.6209230769230769	0.5935384615384616	0.7584615384615384	0.8890769230769231	0.6964615384615385	0.644	0.20184615384615384	0.0	0.6573846153846153	0.6543076923076923	0.6270769230769231	0.9207692307692308	0.7063076923076923	0.9143076923076923	0.7315384615384616	0.9416923076923077	0.8084615384615385	0.7101538461538461	0.5766153846153846	0.6212307692307693	0.6752307692307692	0.6330769230769231	0.5518461538461539	0.6378461538461538	0.6161538461538462	0.5883076923076923	0.6187692307692307	0.5584615384615385	0.6069230769230769	0.6423076923076924	0.31953846153846155	0.568	0.5361538461538462	0.5356923076923077	0.678923076923077	0.8406153846153847	0.7493846153846154	0.9616923076923077	0.7141538461538461	0.6435384615384615	0.693076923076923	0.6630769230769231	0.6856923076923077	0.6673846153846154	0.5838461538461538	0.784923076923077	0.5853846153846154	0.5964615384615385	0.5876923076923077	0.7526153846153846	0.6469230769230769	0.5958461538461538	0.6863076923076923	0.7910769230769231	0.7270769230769231	0.6164615384615385	0.6486153846153846	0.6516923076923077	0.7144615384615385	0.6663076923076923	0.6381538461538462	0.7732307692307693	0.6767692307692308	0.7075384615384616	0.6684615384615384	0.5924615384615385	0.63	0.62	0.6427692307692308	0.6152307692307692	0.6375384615384615	0.5738461538461539	0.5384615384615384	0.7581538461538462	0.7398461538461538	0.798	0.7303076923076923	0.6323076923076923	0.6955384615384615	0.6533846153846153	0.6498461538461539	0.6050769230769231	0.6138461538461538	0.7081538461538461	0.680923076923077	0.569076923076923	0.5972307692307692	0.5456923076923077	0.5847692307692308	0.7304615384615385	0.7227692307692307	0.6130769230769231	0.7046153846153846	0.692	0.6	0.71	0.8364615384615385	0.6033846153846154	0.5144615384615384	0.5584615384615385	0.7513846153846154	0.7496923076923077	0.6246153846153846	0.5658461538461539	0.6558461538461539	0.5986153846153847	0.7855384615384615	0.9138461538461539
SRR19621135	0.7535384615384615	0.7656923076923077	0.8033846153846154	0.7006153846153846	0.616	0.63	0.6553846153846153	0.5749230769230769	0.693076923076923	0.6496923076923077	0.6561538461538462	0.5552307692307692	0.7570769230769231	0.6267692307692307	0.6743076923076923	0.6443076923076924	0.6573846153846153	0.0	0.22030769230769232	0.38784615384615384	0.7798461538461539	0.7367692307692307	0.7767692307692308	0.7327692307692307	0.9126153846153846	0.7910769230769231	0.7003076923076923	0.6553846153846153	0.668923076923077	0.6773846153846154	0.5598461538461539	0.604	0.6083076923076923	0.6229230769230769	0.6736923076923077	0.6084615384615385	0.6338461538461538	0.7156923076923077	0.5936923076923077	0.65	0.7435384615384616	0.7486153846153846	0.7424615384615385	0.6813846153846154	0.7578461538461538	0.7493846153846154	0.8796923076923077	0.712	0.7164615384615385	0.7281538461538462	0.6747692307692308	0.6750769230769231	0.6086153846153847	0.642	0.8353846153846154	0.6364615384615384	0.5915384615384616	0.6946153846153846	0.8044615384615385	0.6072307692307692	0.664923076923077	0.7607692307692308	0.8404615384615385	0.7510769230769231	0.5686153846153846	0.5852307692307692	0.5523076923076923	0.6853846153846154	0.6493846153846153	0.7009230769230769	0.7904615384615384	0.6061538461538462	0.6216923076923077	0.5976923076923077	0.684923076923077	0.6624615384615384	0.6327692307692308	0.7170769230769231	0.7564615384615384	0.7726153846153846	0.6049230769230769	0.6443076923076924	0.6875384615384615	0.6723076923076923	0.6693846153846154	0.5938461538461538	0.6195384615384616	0.6489230769230769	0.569076923076923	0.7772307692307693	0.5766153846153846	0.6126153846153846	0.6469230769230769	0.5376923076923077	0.6492307692307693	0.6403076923076924	0.6110769230769231	0.6290769230769231	0.6833846153846154	0.6607692307692308	0.6315384615384615	0.6486153846153846	0.7835384615384615	0.5987692307692307	0.8186153846153846	0.8173846153846154	0.6555384615384615	0.6184615384615385	0.6250769230769231	0.7172307692307692	0.692923076923077	0.67	0.6798461538461539	0.66	0.6378461538461538	0.6913846153846154	0.8689230769230769
SRR19621136	0.7690769230769231	0.7575384615384615	0.8313846153846154	0.7389230769230769	0.6472307692307693	0.6463076923076924	0.69	0.566923076923077	0.6672307692307692	0.6813846153846154	0.6646153846153846	0.5256923076923077	0.7438461538461538	0.6584615384615384	0.7246153846153847	0.6441538461538462	0.6543076923076923	0.22030769230769232	0.0	0.40984615384615386	0.7941538461538461	0.7693846153846153	0.7710769230769231	0.76	0.9403076923076923	0.83	0.7670769230769231	0.6972307692307692	0.6963076923076923	0.7396923076923076	0.5903076923076923	0.6281538461538462	0.6438461538461538	0.6435384615384615	0.7004615384615385	0.6536923076923077	0.6352307692307693	0.732	0.6272307692307693	0.6535384615384615	0.7730769230769231	0.7536923076923077	0.7495384615384615	0.7167692307692307	0.794923076923077	0.8	0.8933846153846153	0.718	0.7264615384615385	0.7361538461538462	0.6972307692307692	0.699076923076923	0.6530769230769231	0.6615384615384615	0.8555384615384616	0.6592307692307692	0.6069230769230769	0.7250769230769231	0.8083076923076923	0.6318461538461538	0.7053846153846154	0.786	0.8550769230769231	0.7863076923076923	0.6209230769230769	0.5856923076923077	0.5583076923076923	0.7233846153846154	0.6607692307692308	0.6878461538461539	0.8247692307692308	0.6356923076923077	0.6470769230769231	0.6033846153846154	0.7183076923076923	0.6452307692307693	0.6386153846153846	0.758	0.7693846153846153	0.7873846153846153	0.5953846153846154	0.6718461538461539	0.7327692307692307	0.6941538461538461	0.7007692307692308	0.5878461538461538	0.6635384615384615	0.682	0.6133846153846154	0.7804615384615384	0.6110769230769231	0.6555384615384615	0.6821538461538461	0.582	0.683076923076923	0.6712307692307692	0.6447692307692308	0.642	0.6958461538461539	0.6764615384615384	0.6664615384615384	0.6512307692307693	0.7913846153846154	0.6321538461538462	0.8207692307692308	0.8296923076923077	0.6646153846153846	0.624	0.6432307692307693	0.7441538461538462	0.7136923076923077	0.6986153846153846	0.7058461538461539	0.6973846153846154	0.6424615384615384	0.7272307692307692	0.8907692307692308
SRR19621137	0.7352307692307692	0.7655384615384615	0.8378461538461538	0.758	0.6410769230769231	0.6435384615384615	0.6641538461538462	0.6824615384615385	0.7333846153846154	0.696923076923077	0.6392307692307693	0.6423076923076924	0.7530769230769231	0.6386153846153846	0.634	0.5936923076923077	0.6270769230769231	0.38784615384615384	0.40984615384615386	0.0	0.8550769230769231	0.7738461538461539	0.8743076923076923	0.6690769230769231	0.944	0.8041538461538461	0.6698461538461539	0.6653846153846154	0.6684615384615384	0.7056923076923077	0.5849230769230769	0.6227692307692307	0.6767692307692308	0.4530769230769231	0.6241538461538462	0.5623076923076923	0.6793846153846154	0.7404615384615385	0.6007692307692307	0.6044615384615385	0.7935384615384615	0.7892307692307692	0.7990769230769231	0.6832307692307692	0.7170769230769231	0.6966153846153846	0.934	0.7213846153846154	0.7158461538461538	0.7236923076923077	0.7210769230769231	0.7058461538461539	0.5944615384615385	0.6493846153846153	0.9030769230769231	0.6287692307692307	0.5966153846153847	0.7275384615384616	0.8295384615384616	0.6058461538461538	0.6912307692307692	0.841076923076923	0.8987692307692308	0.7787692307692308	0.5552307692307692	0.6067692307692307	0.6107692307692307	0.728	0.7236923076923077	0.7561538461538462	0.8246153846153846	0.6083076923076923	0.6736923076923077	0.685076923076923	0.7096923076923077	0.7038461538461539	0.6915384615384615	0.7112307692307692	0.7926153846153846	0.8004615384615384	0.7164615384615385	0.7195384615384616	0.7084615384615385	0.7484615384615385	0.6441538461538462	0.7169230769230769	0.5863076923076923	0.6886153846153846	0.6224615384615385	0.7706153846153846	0.6298461538461538	0.6532307692307693	0.6541538461538462	0.6018461538461538	0.5841538461538461	0.5986153846153847	0.6021538461538462	0.6355384615384615	0.6998461538461539	0.7132307692307692	0.6773846153846154	0.6596923076923077	0.8024615384615384	0.6498461538461539	0.8132307692307692	0.8318461538461538	0.6881538461538461	0.6415384615384615	0.6363076923076924	0.7084615384615385	0.6921538461538461	0.6486153846153846	0.6947692307692308	0.6681538461538462	0.6313846153846154	0.6501538461538462	0.7632307692307693
SRR19621138	0.8001538461538461	0.7661538461538462	0.8364615384615385	0.8589230769230769	0.933076923076923	0.916923076923077	0.9175384615384615	0.8107692307692308	0.7615384615384615	0.9	0.9050769230769231	0.782	0.7696923076923077	0.8881538461538462	0.9010769230769231	0.9056923076923077	0.9207692307692308	0.7798461538461539	0.7941538461538461	0.8550769230769231	0.0	0.9016923076923077	0.32046153846153846	0.7195384615384616	0.8443076923076923	0.8201538461538461	0.8756923076923077	0.8806153846153846	0.8849230769230769	0.8604615384615385	0.822	0.8663076923076923	0.8890769230769231	0.8509230769230769	0.8815384615384615	0.8932307692307693	0.8498461538461538	0.8524615384615385	0.9190769230769231	0.9156923076923077	0.9061538461538462	0.9406153846153846	0.9152307692307692	0.8975384615384615	0.8238461538461539	0.8296923076923077	0.7432307692307693	0.8818461538461538	0.8878461538461538	0.8976923076923077	0.8855384615384615	0.8570769230769231	0.8696923076923077	0.9047692307692308	0.8632307692307692	0.9213846153846154	0.9123076923076923	0.8524615384615385	0.9401538461538461	0.9295384615384615	0.8453846153846154	0.808923076923077	0.8716923076923077	0.9061538461538462	0.9187692307692308	0.8755384615384615	0.8715384615384615	0.9227692307692308	0.9086153846153846	0.9267692307692308	0.8881538461538462	0.9132307692307692	0.8321538461538461	0.8610769230769231	0.908923076923077	0.9256923076923077	0.9267692307692308	0.9073846153846153	0.9056923076923077	0.8958461538461538	0.8855384615384615	0.902	0.8647692307692307	0.8343076923076923	0.9123076923076923	0.8829230769230769	0.888	0.8496923076923077	0.8549230769230769	0.9170769230769231	0.8776923076923077	0.8803076923076923	0.9049230769230769	0.816923076923077	0.9001538461538462	0.8649230769230769	0.8835384615384615	0.8841538461538462	0.9178461538461539	0.876	0.8998461538461539	0.8744615384615385	0.9201538461538461	0.8701538461538462	0.9021538461538462	0.8464615384615385	0.9090769230769231	0.8752307692307693	0.916923076923077	0.9047692307692308	0.9227692307692308	0.9253846153846154	0.8773846153846154	0.8570769230769231	0.8713846153846154	0.9004615384615384	0.9336923076923077
SRR19621139	0.9226153846153846	0.9244615384615384	0.8643076923076923	0.6553846153846153	0.7352307692307692	0.772	0.718	0.7149230769230769	0.8352307692307692	0.6852307692307692	0.6798461538461539	0.8107692307692308	0.9127692307692308	0.83	0.695076923076923	0.6858461538461539	0.7063076923076923	0.7367692307692307	0.7693846153846153	0.7738461538461539	0.9016923076923077	0.0	0.931076923076923	0.7486153846153846	0.7541538461538462	0.6618461538461539	0.7056923076923077	0.6766153846153846	0.6730769230769231	0.6675384615384615	0.7624615384615384	0.7184615384615385	0.29923076923076924	0.7023076923076923	0.5992307692307692	0.6715384615384615	0.7533846153846154	0.696923076923077	0.7343076923076923	0.7535384615384615	0.7333846153846154	0.7681538461538462	0.6695384615384615	0.5030769230769231	0.8327692307692308	0.7523076923076923	0.9123076923076923	0.7196923076923077	0.5738461538461539	0.7093846153846154	0.8346153846153846	0.8430769230769231	0.8158461538461539	0.8115384615384615	0.7587692307692308	0.833076923076923	0.7664615384615384	0.7261538461538461	0.7710769230769231	0.7396923076923076	0.7376923076923076	0.816	0.7532307692307693	0.75	0.7818461538461539	0.7686153846153846	0.7850769230769231	0.6623076923076923	0.6163076923076923	0.646	0.7453846153846154	0.7267692307692307	0.7398461538461538	0.707076923076923	0.6475384615384615	0.6081538461538462	0.6118461538461538	0.7026153846153846	0.674	0.6978461538461539	0.6864615384615385	0.6726153846153846	0.6893846153846154	0.6584615384615384	0.7981538461538461	0.6590769230769231	0.7858461538461539	0.7538461538461538	0.7741538461538462	0.7532307692307693	0.6338461538461538	0.5824615384615385	0.7341538461538462	0.7256923076923077	0.7023076923076923	0.6853846153846154	0.6787692307692308	0.7201538461538461	0.8164615384615385	0.8415384615384616	0.714	0.8018461538461539	0.7409230769230769	0.5952307692307692	0.7707692307692308	0.8446153846153847	0.7049230769230769	0.692	0.6792307692307692	0.7076923076923077	0.7107692307692308	0.715076923076923	0.6784615384615384	0.7484615384615385	0.6258461538461538	0.8044615384615385	0.940923076923077
SRR19621140	0.7286153846153847	0.6753846153846154	0.8601538461538462	0.9053846153846153	0.8989230769230769	0.8833846153846154	0.8913846153846153	0.7958461538461539	0.6278461538461538	0.8721538461538462	0.9295384615384615	0.7590769230769231	0.7729230769230769	0.8966153846153846	0.9050769230769231	0.91	0.9143076923076923	0.7767692307692308	0.7710769230769231	0.8743076923076923	0.32046153846153846	0.931076923076923	0.0	0.6992307692307692	0.8958461538461538	0.8769230769230769	0.9093846153846153	0.8709230769230769	0.8730769230769231	0.8687692307692307	0.8156923076923077	0.8855384615384615	0.9163076923076923	0.8792307692307693	0.9144615384615384	0.9055384615384615	0.8450769230769231	0.8498461538461538	0.9392307692307692	0.8767692307692307	0.8941538461538462	0.9070769230769231	0.9163076923076923	0.9378461538461539	0.8730769230769231	0.8735384615384615	0.7755384615384615	0.8995384615384615	0.9144615384615384	0.9110769230769231	0.8523076923076923	0.8303076923076923	0.8424615384615385	0.9172307692307692	0.9043076923076923	0.9235384615384615	0.8918461538461538	0.8576923076923076	0.9649230769230769	0.953076923076923	0.8529230769230769	0.84	0.9092307692307692	0.9292307692307692	0.8798461538461538	0.8690769230769231	0.8449230769230769	0.9364615384615385	0.9146153846153846	0.9267692307692308	0.9196923076923077	0.9103076923076923	0.8161538461538461	0.8163076923076923	0.9361538461538461	0.9364615384615385	0.924	0.9218461538461539	0.9281538461538461	0.9253846153846154	0.8446153846153847	0.8923076923076924	0.8926153846153846	0.819076923076923	0.8835384615384615	0.8749230769230769	0.8641538461538462	0.8693846153846154	0.8343076923076923	0.8989230769230769	0.8643076923076923	0.8806153846153846	0.9235384615384615	0.8155384615384615	0.8690769230769231	0.8503076923076923	0.8824615384615384	0.8512307692307692	0.9183076923076923	0.8893846153846154	0.9210769230769231	0.8915384615384615	0.9256923076923077	0.916923076923077	0.9090769230769231	0.8846153846153846	0.9198461538461539	0.8983076923076924	0.9353846153846154	0.9463076923076923	0.9541538461538461	0.9426153846153846	0.8707692307692307	0.8450769230769231	0.9073846153846153	0.8927692307692308	0.9363076923076923
SRR19621141	0.6946153846153846	0.7530769230769231	0.828	0.708	0.7372307692307692	0.7341538461538462	0.6866153846153846	0.6941538461538461	0.8216923076923077	0.6743076923076923	0.7507692307692307	0.7350769230769231	0.7823076923076923	0.7223076923076923	0.726	0.7169230769230769	0.7315384615384616	0.7327692307692307	0.76	0.6690769230769231	0.7195384615384616	0.7486153846153846	0.6992307692307692	0.0	0.8672307692307692	0.7147692307692308	0.7258461538461538	0.6763076923076923	0.6684615384615384	0.6787692307692308	0.6476923076923077	0.67	0.711076923076923	0.5724615384615385	0.6884615384615385	0.7255384615384616	0.7135384615384616	0.6607692307692308	0.7675384615384615	0.6924615384615385	0.7430769230769231	0.7321538461538462	0.7607692307692308	0.7104615384615385	0.7201538461538461	0.6475384615384615	0.809076923076923	0.7567692307692307	0.6918461538461539	0.7441538461538462	0.7693846153846153	0.7253846153846154	0.6458461538461538	0.7855384615384615	0.8206153846153846	0.8252307692307692	0.7352307692307692	0.7129230769230769	0.8933846153846153	0.7958461538461539	0.7515384615384615	0.7810769230769231	0.8404615384615385	0.8161538461538461	0.748	0.7689230769230769	0.7653846153846153	0.7198461538461538	0.7650769230769231	0.7926153846153846	0.8013846153846154	0.7587692307692308	0.784	0.7310769230769231	0.7324615384615385	0.7653846153846153	0.7692307692307693	0.7607692307692308	0.7189230769230769	0.7613846153846154	0.7104615384615385	0.7473846153846154	0.7669230769230769	0.7463076923076923	0.658	0.7646153846153846	0.7232307692307692	0.7755384615384615	0.7170769230769231	0.7313846153846154	0.6498461538461539	0.6675384615384615	0.7663076923076924	0.7055384615384616	0.6461538461538462	0.6646153846153846	0.7004615384615385	0.646	0.8052307692307692	0.8092307692307692	0.7541538461538462	0.7775384615384615	0.7755384615384615	0.7213846153846154	0.7778461538461539	0.8195384615384615	0.7373846153846154	0.7496923076923077	0.7650769230769231	0.7423076923076923	0.7606153846153846	0.7673846153846153	0.6647692307692308	0.6943076923076923	0.7201538461538461	0.6309230769230769	0.716
SRR19621142	0.9295384615384615	0.9132307692307692	0.8633846153846154	0.8629230769230769	0.9413846153846154	0.9472307692307692	0.9066153846153846	0.9084615384615384	0.9421538461538461	0.9498461538461539	0.9607692307692308	0.9384615384615385	0.9446153846153846	0.9495384615384616	0.9327692307692308	0.9321538461538461	0.9416923076923077	0.9126153846153846	0.9403076923076923	0.944	0.8443076923076923	0.7541538461538462	0.8958461538461538	0.8672307692307692	0.0	0.30230769230769233	0.7910769230769231	0.8907692307692308	0.8730769230769231	0.8103076923076923	0.9333846153846154	0.8933846153846153	0.7947692307692308	0.9453846153846154	0.8693846153846154	0.9283076923076923	0.9138461538461539	0.8641538461538462	0.9629230769230769	0.9481538461538461	0.8910769230769231	0.957076923076923	0.9021538461538462	0.7863076923076923	0.8423076923076923	0.8607692307692307	0.8701538461538462	0.8953846153846153	0.8478461538461538	0.8692307692307693	0.9296923076923077	0.9152307692307692	0.9301538461538461	0.9418461538461539	0.8404615384615385	0.9598461538461538	0.9210769230769231	0.8989230769230769	0.9603076923076923	0.9673846153846154	0.8535384615384616	0.7756923076923077	0.8261538461538461	0.8667692307692307	0.9436923076923077	0.9472307692307692	0.9416923076923077	0.833076923076923	0.9035384615384615	0.926923076923077	0.856	0.9296923076923077	0.8847692307692308	0.9009230769230769	0.8724615384615385	0.8886153846153846	0.916	0.9378461538461539	0.8203076923076923	0.8624615384615385	0.951076923076923	0.9544615384615385	0.8730769230769231	0.8193846153846154	0.9493846153846154	0.8646153846153846	0.9355384615384615	0.8967692307692308	0.9215384615384615	0.9646153846153847	0.9144615384615384	0.8647692307692307	0.9195384615384615	0.8910769230769231	0.9372307692307692	0.9210769230769231	0.8998461538461539	0.8638461538461538	0.9049230769230769	0.9453846153846154	0.9323076923076923	0.944923076923077	0.8721538461538462	0.9272307692307692	0.8749230769230769	0.776	0.9104615384615384	0.9104615384615384	0.9438461538461539	0.8107692307692308	0.7875384615384615	0.918	0.9135384615384615	0.9013846153846153	0.9072307692307693	0.942923076923077	0.9707692307692307
SRR19621143	0.8695384615384616	0.8632307692307692	0.8416923076923077	0.7372307692307692	0.7978461538461539	0.8087692307692308	0.7664615384615384	0.7904615384615384	0.8490769230769231	0.8032307692307692	0.7967692307692308	0.8372307692307692	0.8707692307692307	0.796	0.7756923076923077	0.8001538461538461	0.8084615384615385	0.7910769230769231	0.83	0.8041538461538461	0.8201538461538461	0.6618461538461539	0.8769230769230769	0.7147692307692308	0.30230769230769233	0.0	0.6195384615384616	0.7343076923076923	0.7416923076923077	0.6781538461538461	0.788	0.7461538461538462	0.6738461538461539	0.7461538461538462	0.7223076923076923	0.7755384615384615	0.8273846153846154	0.7690769230769231	0.8112307692307692	0.806	0.805076923076923	0.8493846153846154	0.800923076923077	0.6538461538461539	0.7743076923076923	0.7529230769230769	0.8655384615384616	0.7913846153846154	0.7438461538461538	0.7490769230769231	0.8483076923076923	0.8233846153846154	0.796	0.8429230769230769	0.7736923076923077	0.8770769230769231	0.8058461538461539	0.808923076923077	0.9075384615384615	0.8241538461538461	0.7510769230769231	0.6872307692307692	0.7552307692307693	0.7787692307692308	0.8589230769230769	0.8423076923076923	0.8510769230769231	0.7206153846153847	0.7927692307692308	0.8192307692307692	0.8018461538461539	0.7946153846153846	0.8147692307692308	0.7855384615384615	0.7433846153846154	0.7756923076923077	0.805076923076923	0.7958461538461539	0.7167692307692307	0.7609230769230769	0.8201538461538461	0.8329230769230769	0.7752307692307693	0.7076923076923077	0.8421538461538461	0.7186153846153847	0.816923076923077	0.7984615384615384	0.8033846153846154	0.8218461538461539	0.7701538461538462	0.7098461538461538	0.7896923076923077	0.7781538461538462	0.7706153846153846	0.7701538461538462	0.7615384615384615	0.7275384615384616	0.8221538461538461	0.8804615384615384	0.8121538461538461	0.8429230769230769	0.7863076923076923	0.7652307692307693	0.7976923076923077	0.7641538461538462	0.8038461538461539	0.814923076923077	0.8286153846153846	0.7121538461538461	0.707076923076923	0.7716923076923077	0.7775384615384615	0.8061538461538461	0.7632307692307693	0.8175384615384615	0.9176923076923077
SRR19621144	0.8186153846153846	0.8472307692307692	0.821076923076923	0.542	0.6912307692307692	0.6626153846153846	0.6524615384615384	0.7444615384615385	0.7836923076923077	0.5876923076923077	0.5633846153846154	0.7963076923076923	0.8352307692307692	0.7129230769230769	0.5	0.7078461538461538	0.7101538461538461	0.7003076923076923	0.7670769230769231	0.6698461538461539	0.8756923076923077	0.7056923076923077	0.9093846153846153	0.7258461538461538	0.7910769230769231	0.6195384615384616	0.0	0.5246153846153846	0.5344615384615384	0.5212307692307693	0.6209230769230769	0.6998461538461539	0.6655384615384615	0.5021538461538462	0.5983076923076923	0.5043076923076923	0.7707692307692308	0.7310769230769231	0.7072307692307692	0.7470769230769231	0.694923076923077	0.7046153846153846	0.7290769230769231	0.5781538461538461	0.7395384615384616	0.7249230769230769	0.8876923076923077	0.7613846153846154	0.6876923076923077	0.7301538461538462	0.8432307692307692	0.8113846153846154	0.7692307692307693	0.796923076923077	0.7173846153846154	0.8293846153846154	0.7324615384615385	0.7	0.904	0.6852307692307692	0.6613846153846153	0.7450769230769231	0.6715384615384615	0.5433846153846154	0.7409230769230769	0.7533846153846154	0.7841538461538462	0.5993846153846154	0.5963076923076923	0.6635384615384615	0.6858461538461539	0.608	0.7046153846153846	0.6490769230769231	0.5393846153846154	0.6867692307692308	0.6238461538461538	0.565076923076923	0.713076923076923	0.7081538461538461	0.7623076923076924	0.7218461538461538	0.5776923076923077	0.6713846153846154	0.7892307692307692	0.67	0.7166153846153847	0.7407692307692307	0.6907692307692308	0.748	0.6016923076923076	0.636	0.5701538461538461	0.7166153846153847	0.586	0.6203076923076923	0.5915384615384616	0.6773846153846154	0.7333846153846154	0.8353846153846154	0.7615384615384615	0.7529230769230769	0.6436923076923077	0.6013846153846154	0.6478461538461538	0.7824615384615384	0.7510769230769231	0.6967692307692308	0.6293846153846154	0.6913846153846154	0.7633846153846154	0.5232307692307693	0.6393846153846154	0.7484615384615385	0.6435384615384615	0.7823076923076923	0.8956923076923077
SRR19621145	0.8072307692307692	0.8615384615384616	0.8569230769230769	0.573076923076923	0.5964615384615385	0.5266153846153846	0.5347692307692308	0.6913846153846154	0.7938461538461539	0.468	0.5595384615384615	0.7836923076923077	0.9041538461538462	0.7106153846153846	0.5592307692307692	0.5806153846153846	0.5766153846153846	0.6553846153846153	0.6972307692307692	0.6653846153846154	0.8806153846153846	0.6766153846153846	0.8709230769230769	0.6763076923076923	0.8907692307692308	0.7343076923076923	0.5246153846153846	0.0	0.3313846153846154	0.34276923076923077	0.5472307692307692	0.5889230769230769	0.6095384615384616	0.5203076923076924	0.5681538461538461	0.5293846153846153	0.6387692307692308	0.5472307692307692	0.6167692307692307	0.5658461538461539	0.6386153846153846	0.5963076923076923	0.6556923076923077	0.6084615384615385	0.782	0.7193846153846154	0.920923076923077	0.7483076923076923	0.6638461538461539	0.7187692307692307	0.7552307692307693	0.73	0.6770769230769231	0.7121538461538461	0.7573846153846154	0.7536923076923077	0.6464615384615384	0.5916923076923077	0.8647692307692307	0.6486153846153846	0.6196923076923077	0.6927692307692308	0.7527692307692307	0.6803076923076923	0.5864615384615385	0.7172307692307692	0.706	0.6373846153846154	0.6004615384615385	0.6403076923076924	0.7361538461538462	0.5861538461538461	0.6858461538461539	0.6372307692307693	0.4886153846153846	0.6435384615384615	0.5763076923076923	0.5893846153846154	0.6496923076923077	0.6703076923076923	0.6244615384615385	0.6001538461538461	0.5875384615384616	0.6550769230769231	0.803076923076923	0.6613846153846153	0.6203076923076923	0.7424615384615385	0.6630769230769231	0.5043076923076923	0.5167692307692308	0.5935384615384616	0.6353846153846154	0.6163076923076923	0.5007692307692307	0.563076923076923	0.5158461538461538	0.5287692307692308	0.7083076923076923	0.8086153846153846	0.697076923076923	0.7583076923076923	0.6310769230769231	0.5698461538461539	0.6441538461538462	0.7616923076923077	0.7084615384615385	0.6836923076923077	0.6410769230769231	0.7044615384615385	0.7709230769230769	0.5212307692307693	0.48307692307692307	0.6307692307692307	0.6227692307692307	0.7987692307692308	0.9315384615384615
SRR19621146	0.788	0.8609230769230769	0.8435384615384616	0.5458461538461539	0.5187692307692308	0.5115384615384615	0.4006153846153846	0.6784615384615384	0.7944615384615384	0.5336923076923077	0.5361538461538462	0.774	0.8972307692307693	0.6924615384615385	0.5990769230769231	0.59	0.6212307692307693	0.668923076923077	0.6963076923076923	0.6684615384615384	0.8849230769230769	0.6730769230769231	0.8730769230769231	0.6684615384615384	0.8730769230769231	0.7416923076923077	0.5344615384615384	0.3313846153846154	0.0	0.37415384615384617	0.4052307692307692	0.5132307692307693	0.6226153846153846	0.4436923076923077	0.5955384615384616	0.5336923076923077	0.6329230769230769	0.5775384615384616	0.604	0.5593846153846154	0.6724615384615384	0.5947692307692307	0.681076923076923	0.5532307692307692	0.7563076923076923	0.687076923076923	0.9103076923076923	0.674923076923077	0.6403076923076924	0.6221538461538462	0.7201538461538461	0.6884615384615385	0.6547692307692308	0.6856923076923077	0.8046153846153846	0.7233846153846154	0.5675384615384615	0.6452307692307693	0.8521538461538462	0.5916923076923077	0.5684615384615385	0.7049230769230769	0.8035384615384615	0.654	0.5915384615384616	0.695076923076923	0.7063076923076923	0.47	0.5803076923076923	0.5963076923076923	0.7435384615384616	0.4966153846153846	0.6596923076923077	0.562923076923077	0.5166153846153846	0.6446153846153846	0.579076923076923	0.6229230769230769	0.6556923076923077	0.6395384615384615	0.6307692307692307	0.6387692307692308	0.579076923076923	0.6412307692307693	0.7621538461538462	0.6478461538461538	0.6153846153846154	0.7483076923076923	0.6663076923076923	0.6761538461538461	0.42	0.5356923076923077	0.5415384615384615	0.6118461538461538	0.5503076923076923	0.4867692307692308	0.5143076923076924	0.5021538461538462	0.6450769230769231	0.7953846153846154	0.6644615384615384	0.7398461538461538	0.5835384615384616	0.5558461538461539	0.6306153846153846	0.689076923076923	0.6356923076923077	0.6121538461538462	0.6226153846153846	0.6978461538461539	0.7227692307692307	0.559076923076923	0.4693846153846154	0.5853846153846154	0.5575384615384615	0.7570769230769231	0.9150769230769231
SRR19621147	0.8092307692307692	0.8595384615384616	0.8518461538461538	0.6112307692307692	0.6236923076923077	0.5376923076923077	0.5484615384615384	0.7123076923076923	0.820923076923077	0.5295384615384615	0.6329230769230769	0.8092307692307692	0.9013846153846153	0.7543076923076923	0.6366153846153846	0.6526153846153846	0.6752307692307692	0.6773846153846154	0.7396923076923076	0.7056923076923077	0.8604615384615385	0.6675384615384615	0.8687692307692307	0.6787692307692308	0.8103076923076923	0.6781538461538461	0.5212307692307693	0.34276923076923077	0.37415384615384617	0.0	0.5507692307692308	0.6593846153846153	0.6347692307692308	0.5781538461538461	0.6512307692307693	0.5883076923076923	0.6907692307692308	0.6315384615384615	0.6570769230769231	0.6229230769230769	0.6912307692307692	0.6655384615384615	0.7387692307692307	0.6164615384615385	0.7453846153846154	0.7135384615384616	0.8724615384615385	0.7463076923076923	0.6938461538461539	0.7229230769230769	0.7695384615384615	0.7358461538461538	0.6927692307692308	0.7764615384615384	0.7492307692307693	0.7883076923076923	0.6655384615384615	0.6744615384615384	0.8592307692307692	0.6684615384615384	0.6109230769230769	0.6784615384615384	0.6903076923076923	0.6750769230769231	0.6170769230769231	0.7443076923076923	0.742	0.6206153846153846	0.6147692307692307	0.6367692307692308	0.7213846153846154	0.6353846153846154	0.7424615384615385	0.6313846153846154	0.6135384615384616	0.6813846153846154	0.6155384615384616	0.666923076923077	0.728	0.7035384615384616	0.664923076923077	0.6730769230769231	0.5958461538461538	0.6552307692307693	0.7612307692307693	0.6303076923076923	0.6452307692307693	0.8015384615384615	0.7198461538461538	0.6403076923076924	0.4847692307692308	0.5646153846153846	0.6104615384615385	0.6547692307692308	0.5683076923076923	0.5424615384615384	0.5535384615384615	0.5495384615384615	0.6983076923076923	0.8313846153846154	0.7395384615384616	0.7730769230769231	0.7063076923076923	0.6221538461538462	0.7032307692307692	0.7655384615384615	0.7376923076923076	0.7072307692307692	0.7089230769230769	0.7583076923076923	0.7678461538461538	0.6347692307692308	0.5849230769230769	0.688923076923077	0.6427692307692308	0.7616923076923077	0.9152307692307692
SRR19621148	0.72	0.7661538461538462	0.7738461538461539	0.6141538461538462	0.44153846153846155	0.44261538461538463	0.39907692307692305	0.6613846153846153	0.7772307692307693	0.5652307692307692	0.5415384615384615	0.676923076923077	0.8303076923076923	0.6078461538461538	0.6792307692307692	0.5963076923076923	0.6330769230769231	0.5598461538461539	0.5903076923076923	0.5849230769230769	0.822	0.7624615384615384	0.8156923076923077	0.6476923076923077	0.9333846153846154	0.788	0.6209230769230769	0.5472307692307692	0.4052307692307692	0.5507692307692308	0.0	0.35984615384615387	0.7058461538461539	0.34292307692307694	0.6476923076923077	0.5841538461538461	0.6343076923076924	0.5930769230769231	0.5726153846153846	0.5516923076923077	0.7289230769230769	0.6326153846153846	0.7224615384615385	0.5809230769230769	0.7626153846153846	0.7436923076923077	0.924923076923077	0.6264615384615385	0.6733846153846154	0.6035384615384616	0.6407692307692308	0.6172307692307692	0.5473846153846154	0.674923076923077	0.8724615384615385	0.6947692307692308	0.5196923076923077	0.6570769230769231	0.7910769230769231	0.5501538461538461	0.6256923076923077	0.7490769230769231	0.8718461538461538	0.6978461538461539	0.5196923076923077	0.596	0.5901538461538461	0.5149230769230769	0.6169230769230769	0.6503076923076923	0.8113846153846154	0.45169230769230767	0.6427692307692308	0.5276923076923077	0.5553846153846154	0.6644615384615384	0.6483076923076924	0.6727692307692308	0.6981538461538461	0.6884615384615385	0.6303076923076923	0.642	0.6663076923076923	0.6886153846153846	0.6884615384615385	0.678923076923077	0.49876923076923074	0.7021538461538461	0.5990769230769231	0.7035384615384616	0.44076923076923075	0.5164615384615384	0.5292307692307693	0.557076923076923	0.5446153846153846	0.48815384615384616	0.5230769230769231	0.5072307692307693	0.6092307692307692	0.7227692307692307	0.6821538461538461	0.648	0.6089230769230769	0.5852307692307692	0.6724615384615384	0.7106153846153846	0.6196923076923077	0.5715384615384616	0.591076923076923	0.7161538461538461	0.7366153846153846	0.668923076923077	0.4909230769230769	0.5338461538461539	0.576	0.6755384615384615	0.8584615384615385
SRR19621149	0.8366153846153846	0.8747692307692307	0.782	0.6656923076923077	0.4412307692307692	0.5230769230769231	0.42215384615384616	0.678	0.7886153846153846	0.6487692307692308	0.5396923076923077	0.6996923076923077	0.8415384615384616	0.6155384615384616	0.7058461538461539	0.5181538461538462	0.5518461538461539	0.604	0.6281538461538462	0.6227692307692307	0.8663076923076923	0.7184615384615385	0.8855384615384615	0.67	0.8933846153846153	0.7461538461538462	0.6998461538461539	0.5889230769230769	0.5132307692307693	0.6593846153846153	0.35984615384615387	0.0	0.6586153846153846	0.4358461538461538	0.6033846153846154	0.6536923076923077	0.6198461538461538	0.5456923076923077	0.553076923076923	0.5501538461538461	0.6764615384615384	0.583076923076923	0.5964615384615385	0.5467692307692308	0.7924615384615384	0.73	0.9056923076923077	0.6406153846153846	0.622	0.6073846153846154	0.6292307692307693	0.6361538461538462	0.5456923076923077	0.594	0.8663076923076923	0.6415384615384615	0.5275384615384615	0.6353846153846154	0.7341538461538462	0.5441538461538461	0.6698461538461539	0.712	0.8572307692307692	0.804	0.6016923076923076	0.6249230769230769	0.6201538461538462	0.56	0.6230769230769231	0.624	0.8186153846153846	0.528	0.6607692307692308	0.5913846153846154	0.5356923076923077	0.6349230769230769	0.6449230769230769	0.6730769230769231	0.5752307692307692	0.6218461538461538	0.5933846153846154	0.5772307692307692	0.6770769230769231	0.697076923076923	0.713076923076923	0.6886153846153846	0.5472307692307692	0.6407692307692308	0.6132307692307692	0.6975384615384616	0.5201538461538462	0.5184615384615384	0.6349230769230769	0.5906153846153847	0.6087692307692307	0.6136923076923076	0.5615384615384615	0.5315384615384615	0.6684615384615384	0.6941538461538461	0.6413846153846153	0.6610769230769231	0.6255384615384615	0.5506153846153846	0.6933846153846154	0.7106153846153846	0.546	0.4978461538461538	0.542923076923077	0.6550769230769231	0.6675384615384615	0.6636923076923077	0.5053846153846154	0.5383076923076923	0.5893846153846154	0.7161538461538461	0.8713846153846154
SRR19621150	0.9009230769230769	0.9106153846153846	0.8430769230769231	0.612	0.6676923076923077	0.7003076923076923	0.6596923076923077	0.6123076923076923	0.7898461538461539	0.6146153846153846	0.5715384615384616	0.7627692307692308	0.8986153846153846	0.7732307692307693	0.6309230769230769	0.6369230769230769	0.6378461538461538	0.6083076923076923	0.6438461538461538	0.6767692307692308	0.8890769230769231	0.29923076923076924	0.9163076923076923	0.711076923076923	0.7947692307692308	0.6738461538461539	0.6655384615384615	0.6095384615384616	0.6226153846153846	0.6347692307692308	0.7058461538461539	0.6586153846153846	0.0	0.6424615384615384	0.5555384615384615	0.5726153846153846	0.6595384615384615	0.644	0.6712307692307692	0.6967692307692308	0.6883076923076923	0.7246153846153847	0.6750769230769231	0.4596923076923077	0.8041538461538461	0.7224615384615385	0.8992307692307693	0.6995384615384616	0.568923076923077	0.6923076923076923	0.812923076923077	0.8052307692307692	0.7813846153846153	0.7501538461538462	0.7512307692307693	0.7675384615384615	0.6861538461538461	0.6672307692307692	0.8323076923076923	0.6863076923076923	0.6536923076923077	0.7856923076923077	0.7427692307692307	0.6807692307692308	0.682923076923077	0.6546153846153846	0.6755384615384615	0.6295384615384615	0.504	0.5581538461538461	0.7058461538461539	0.6495384615384615	0.6647692307692308	0.6143076923076923	0.5907692307692308	0.5173846153846153	0.5166153846153846	0.6387692307692308	0.6301538461538462	0.676	0.6161538461538462	0.608	0.6301538461538462	0.6058461538461538	0.7664615384615384	0.5607692307692308	0.7227692307692307	0.6875384615384615	0.662923076923077	0.7256923076923077	0.5295384615384615	0.5115384615384615	0.6683076923076923	0.6333846153846154	0.6186153846153846	0.6178461538461538	0.6247692307692307	0.6726153846153846	0.7769230769230769	0.7841538461538462	0.6552307692307693	0.7692307692307693	0.7036923076923077	0.472	0.7284615384615385	0.8155384615384615	0.6444615384615384	0.6229230769230769	0.5927692307692307	0.6716923076923077	0.6550769230769231	0.6372307692307693	0.6321538461538462	0.7155384615384616	0.5727692307692308	0.7770769230769231	0.9326153846153846
SRR19621151	0.7209230769230769	0.7736923076923077	0.8161538461538461	0.6093846153846154	0.512	0.5384615384615384	0.5013846153846154	0.6989230769230769	0.7472307692307693	0.5766153846153846	0.44353846153846155	0.688	0.7935384615384615	0.6221538461538462	0.5584615384615385	0.5704615384615385	0.6161538461538462	0.6229230769230769	0.6435384615384615	0.4530769230769231	0.8509230769230769	0.7023076923076923	0.8792307692307693	0.5724615384615385	0.9453846153846154	0.7461538461538462	0.5021538461538462	0.5203076923076924	0.4436923076923077	0.5781538461538461	0.34292307692307694	0.4358461538461538	0.6424615384615384	0.0	0.5772307692307692	0.518	0.6421538461538462	0.596	0.567076923076923	0.5964615384615385	0.7226153846153847	0.6550769230769231	0.7089230769230769	0.5095384615384615	0.7261538461538461	0.6290769230769231	0.9393846153846154	0.6432307692307693	0.5978461538461538	0.6136923076923076	0.7549230769230769	0.7166153846153847	0.6149230769230769	0.6926153846153846	0.828	0.7181538461538461	0.5993846153846154	0.6470769230769231	0.8155384615384615	0.5706153846153846	0.6655384615384615	0.7764615384615384	0.8313846153846154	0.6773846153846154	0.6296923076923077	0.6129230769230769	0.6364615384615384	0.5667692307692308	0.563076923076923	0.6055384615384616	0.752	0.4696923076923077	0.662923076923077	0.6156923076923076	0.4916923076923077	0.6029230769230769	0.6049230769230769	0.5912307692307692	0.664	0.664923076923077	0.6555384615384615	0.6289230769230769	0.6189230769230769	0.6506153846153846	0.6316923076923077	0.6547692307692308	0.5921538461538461	0.7172307692307692	0.6572307692307693	0.6983076923076923	0.48846153846153845	0.5441538461538461	0.5247692307692308	0.6309230769230769	0.4989230769230769	0.5478461538461539	0.5375384615384615	0.556923076923077	0.6655384615384615	0.7396923076923076	0.658923076923077	0.6464615384615384	0.6126153846153846	0.5252307692307693	0.6406153846153846	0.7378461538461538	0.6152307692307692	0.552923076923077	0.5321538461538462	0.6695384615384615	0.7158461538461538	0.5723076923076923	0.5061538461538462	0.6056923076923076	0.49923076923076926	0.6287692307692307	0.7692307692307693
SRR19621152	0.8989230769230769	0.9304615384615385	0.8435384615384616	0.47384615384615386	0.6521538461538462	0.6615384615384615	0.6161538461538462	0.6832307692307692	0.7975384615384615	0.5878461538461538	0.5695384615384615	0.7975384615384615	0.8909230769230769	0.7096923076923077	0.39676923076923076	0.5792307692307692	0.5883076923076923	0.6736923076923077	0.7004615384615385	0.6241538461538462	0.8815384615384615	0.5992307692307692	0.9144615384615384	0.6884615384615385	0.8693846153846154	0.7223076923076923	0.5983076923076923	0.5681538461538461	0.5955384615384616	0.6512307692307693	0.6476923076923077	0.6033846153846154	0.5555384615384615	0.5772307692307692	0.0	0.32	0.6455384615384615	0.6276923076923077	0.6272307692307693	0.6376923076923077	0.6686153846153846	0.6627692307692308	0.6467692307692308	0.5513846153846154	0.7887692307692308	0.7112307692307692	0.894	0.703076923076923	0.5783076923076923	0.69	0.7990769230769231	0.794	0.7449230769230769	0.6675384615384615	0.728	0.7047692307692308	0.6453846153846153	0.6407692307692308	0.8289230769230769	0.5970769230769231	0.6329230769230769	0.7676923076923077	0.7575384615384615	0.6778461538461539	0.6047692307692307	0.6703076923076923	0.6693846153846154	0.6361538461538462	0.6435384615384615	0.666923076923077	0.7155384615384616	0.6352307692307693	0.688	0.6563076923076923	0.5738461538461539	0.6529230769230769	0.6387692307692308	0.6244615384615385	0.6101538461538462	0.6443076923076924	0.6963076923076923	0.6624615384615384	0.6210769230769231	0.6453846153846153	0.8409230769230769	0.696	0.6203076923076923	0.7058461538461539	0.6770769230769231	0.72	0.5973846153846154	0.5793846153846154	0.6746153846153846	0.6895384615384615	0.604	0.6107692307692307	0.5192307692307693	0.6023076923076923	0.7295384615384616	0.8172307692307692	0.676923076923077	0.7818461538461539	0.6732307692307692	0.5726153846153846	0.6646153846153846	0.7423076923076923	0.6518461538461539	0.6269230769230769	0.6210769230769231	0.6395384615384615	0.6318461538461538	0.5478461538461539	0.5421538461538462	0.6781538461538461	0.6527692307692308	0.84	0.9287692307692308
SRR19621153	0.8776923076923077	0.9067692307692308	0.8690769230769231	0.4606153846153846	0.618	0.5432307692307692	0.592	0.6338461538461538	0.7575384615384615	0.5181538461538462	0.5203076923076924	0.7807692307692308	0.8835384615384615	0.7206153846153847	0.3016923076923077	0.6109230769230769	0.6187692307692307	0.6084615384615385	0.6536923076923077	0.5623076923076923	0.8932307692307693	0.6715384615384615	0.9055384615384615	0.7255384615384616	0.9283076923076923	0.7755384615384615	0.5043076923076923	0.5293846153846153	0.5336923076923077	0.5883076923076923	0.5841538461538461	0.6536923076923077	0.5726153846153846	0.518	0.32	0.0	0.6164615384615385	0.6343076923076924	0.6286153846153846	0.6241538461538462	0.6987692307692308	0.688	0.7156923076923077	0.5758461538461539	0.8101538461538461	0.7393846153846154	0.9155384615384615	0.7324615384615385	0.6506153846153846	0.705076923076923	0.8236923076923077	0.8141538461538461	0.7626153846153846	0.7015384615384616	0.7733846153846153	0.7155384615384616	0.6547692307692308	0.6329230769230769	0.8873846153846154	0.5686153846153846	0.5835384615384616	0.7835384615384615	0.7710769230769231	0.5727692307692308	0.5495384615384615	0.5886153846153847	0.6070769230769231	0.6158461538461538	0.5953846153846154	0.632	0.6693846153846154	0.5315384615384615	0.6686153846153846	0.5824615384615385	0.579076923076923	0.6213846153846154	0.5847692307692308	0.5615384615384615	0.6903076923076923	0.6938461538461539	0.6803076923076923	0.6516923076923077	0.5753846153846154	0.7129230769230769	0.8146153846153846	0.6569230769230769	0.5407692307692308	0.7066153846153846	0.6035384615384616	0.7187692307692307	0.4963076923076923	0.5906153846153847	0.5781538461538461	0.6606153846153846	0.5284615384615384	0.5121538461538462	0.5281538461538462	0.6116923076923076	0.7027692307692308	0.808	0.7023076923076923	0.7709230769230769	0.6727692307692308	0.5343076923076923	0.6561538461538462	0.7718461538461538	0.697076923076923	0.6423076923076924	0.6029230769230769	0.6933846153846154	0.6721538461538461	0.5032307692307693	0.5252307692307693	0.685076923076923	0.6450769230769231	0.8178461538461539	0.8866153846153846
SRR19621154	0.8558461538461538	0.8844615384615384	0.9130769230769231	0.6427692307692308	0.642	0.6472307692307693	0.6746153846153846	0.583076923076923	0.7690769230769231	0.6209230769230769	0.6693846153846154	0.7649230769230769	0.9133846153846154	0.7764615384615384	0.6884615384615385	0.5212307692307693	0.5584615384615385	0.6338461538461538	0.6352307692307693	0.6793846153846154	0.8498461538461538	0.7533846153846154	0.8450769230769231	0.7135384615384616	0.9138461538461539	0.8273846153846154	0.7707692307692308	0.6387692307692308	0.6329230769230769	0.6907692307692308	0.6343076923076924	0.6198461538461538	0.6595384615384615	0.6421538461538462	0.6455384615384615	0.6164615384615385	0.0	0.3303076923076923	0.7156923076923077	0.5966153846153847	0.6776923076923077	0.6647692307692308	0.6304615384615384	0.7196923076923077	0.7772307692307693	0.7310769230769231	0.8910769230769231	0.7364615384615385	0.703076923076923	0.7266153846153847	0.786	0.7895384615384615	0.7392307692307692	0.7289230769230769	0.7976923076923077	0.7603076923076924	0.7056923076923077	0.24815384615384614	0.828	0.6941538461538461	0.5470769230769231	0.6963076923076923	0.7933846153846154	0.7107692307692308	0.5507692307692308	0.6213846153846154	0.5996923076923077	0.7524615384615385	0.6416923076923077	0.6606153846153846	0.7461538461538462	0.7172307692307692	0.786	0.7141538461538461	0.664	0.6083076923076923	0.6049230769230769	0.7006153846153846	0.66	0.685076923076923	0.5801538461538461	0.6049230769230769	0.7275384615384616	0.7256923076923077	0.8563076923076923	0.6656923076923077	0.6793846153846154	0.6704615384615384	0.6363076923076924	0.714	0.5896923076923077	0.6681538461538462	0.7355384615384616	0.6336923076923077	0.6530769230769231	0.644	0.6115384615384616	0.5915384615384616	0.7567692307692307	0.7770769230769231	0.7212307692307692	0.7496923076923077	0.678923076923077	0.6533846153846153	0.680923076923077	0.7626153846153846	0.6406153846153846	0.5686153846153846	0.6009230769230769	0.7626153846153846	0.7429230769230769	0.7009230769230769	0.5547692307692308	0.5947692307692307	0.6429230769230769	0.8556923076923076	0.9301538461538461
SRR19621155	0.8312307692307692	0.8752307692307693	0.8535384615384616	0.6618461538461539	0.6212307692307693	0.6258461538461538	0.5761538461538461	0.6803076923076923	0.7926153846153846	0.5783076923076923	0.6292307692307693	0.7749230769230769	0.912	0.7933846153846154	0.6343076923076924	0.5836923076923077	0.6069230769230769	0.7156923076923077	0.732	0.7404615384615385	0.8524615384615385	0.696923076923077	0.8498461538461538	0.6607692307692308	0.8641538461538462	0.7690769230769231	0.7310769230769231	0.5472307692307692	0.5775384615384616	0.6315384615384615	0.5930769230769231	0.5456923076923077	0.644	0.596	0.6276923076923077	0.6343076923076924	0.3303076923076923	0.0	0.7623076923076924	0.644	0.6710769230769231	0.6190769230769231	0.5967692307692307	0.6726153846153846	0.7958461538461539	0.7006153846153846	0.8552307692307692	0.7258461538461538	0.6336923076923077	0.692	0.7736923076923077	0.7607692307692308	0.7133846153846154	0.7796923076923077	0.7833846153846153	0.8446153846153847	0.7009230769230769	0.27384615384615385	0.8650769230769231	0.7407692307692307	0.6196923076923077	0.7013846153846154	0.7746153846153846	0.706	0.6209230769230769	0.6781538461538461	0.6821538461538461	0.6884615384615385	0.6550769230769231	0.6795384615384615	0.728	0.699076923076923	0.8012307692307692	0.7572307692307693	0.6163076923076923	0.6561538461538462	0.6858461538461539	0.6698461538461539	0.5315384615384615	0.6035384615384616	0.6638461538461539	0.6218461538461538	0.7553846153846154	0.7327692307692307	0.8538461538461538	0.7487692307692307	0.6618461538461539	0.6663076923076923	0.6915384615384615	0.6369230769230769	0.6255384615384615	0.6793846153846154	0.7466153846153846	0.6796923076923077	0.6024615384615385	0.6492307692307693	0.6601538461538462	0.5949230769230769	0.7698461538461538	0.8056923076923077	0.7329230769230769	0.7836923076923077	0.6176923076923077	0.6492307692307693	0.6418461538461538	0.7378461538461538	0.6338461538461538	0.5587692307692308	0.542923076923077	0.7155384615384616	0.7376923076923076	0.7143076923076923	0.5292307692307693	0.62	0.6436923076923077	0.8506153846153847	0.8703076923076923
SRR19621156	0.8738461538461538	0.8992307692307693	0.884	0.678	0.5547692307692308	0.5718461538461539	0.5533846153846154	0.688	0.8015384615384615	0.6503076923076923	0.6370769230769231	0.7136923076923077	0.8506153846153847	0.6046153846153847	0.6590769230769231	0.6386153846153846	0.6423076923076924	0.5936923076923077	0.6272307692307693	0.6007692307692307	0.9190769230769231	0.7343076923076923	0.9392307692307692	0.7675384615384615	0.9629230769230769	0.8112307692307692	0.7072307692307692	0.6167692307692307	0.604	0.6570769230769231	0.5726153846153846	0.553076923076923	0.6712307692307692	0.567076923076923	0.6272307692307693	0.6286153846153846	0.7156923076923077	0.7623076923076924	0.0	0.6133846153846154	0.7621538461538462	0.7343076923076923	0.7190769230769231	0.6141538461538462	0.7761538461538462	0.7403076923076923	0.8669230769230769	0.697076923076923	0.6761538461538461	0.6786153846153846	0.7178461538461538	0.7173846153846154	0.6412307692307693	0.6061538461538462	0.8778461538461538	0.6116923076923076	0.5646153846153846	0.7558461538461538	0.5966153846153847	0.23353846153846153	0.72	0.8036923076923077	0.8875384615384615	0.7930769230769231	0.6175384615384616	0.6230769230769231	0.5955384615384616	0.6486153846153846	0.703076923076923	0.7253846153846154	0.8470769230769231	0.5778461538461539	0.7270769230769231	0.6815384615384615	0.5655384615384615	0.6836923076923077	0.6187692307692307	0.6956923076923077	0.7672307692307693	0.7723076923076924	0.6664615384615384	0.670923076923077	0.6924615384615385	0.7446153846153846	0.6666153846153846	0.6926153846153846	0.6416923076923077	0.7336923076923076	0.6803076923076923	0.7190769230769231	0.5958461538461538	0.6110769230769231	0.6463076923076924	0.6578461538461539	0.6093846153846154	0.6115384615384616	0.5373846153846153	0.5335384615384615	0.5995384615384616	0.6704615384615384	0.6281538461538462	0.6190769230769231	0.7310769230769231	0.6409230769230769	0.7566153846153846	0.8001538461538461	0.6595384615384615	0.6573846153846153	0.6556923076923077	0.724	0.6710769230769231	0.5703076923076923	0.6346153846153846	0.6613846153846153	0.6704615384615384	0.6743076923076923	0.8855384615384615
SRR19621157	0.8066153846153846	0.8847692307692308	0.8913846153846153	0.7066153846153846	0.5443076923076923	0.5467692307692308	0.5007692307692307	0.6752307692307692	0.7958461538461539	0.586	0.5976923076923077	0.7316923076923076	0.8693846153846154	0.6566153846153846	0.6763076923076923	0.29923076923076924	0.31953846153846155	0.65	0.6535384615384615	0.6044615384615385	0.9156923076923077	0.7535384615384615	0.8767692307692307	0.6924615384615385	0.9481538461538461	0.806	0.7470769230769231	0.5658461538461539	0.5593846153846154	0.6229230769230769	0.5516923076923077	0.5501538461538461	0.6967692307692308	0.5964615384615385	0.6376923076923077	0.6241538461538462	0.5966153846153847	0.644	0.6133846153846154	0.0	0.746	0.6841538461538461	0.7229230769230769	0.6284615384615385	0.8127692307692308	0.7846153846153846	0.9489230769230769	0.6872307692307692	0.6981538461538461	0.676923076923077	0.696923076923077	0.6884615384615385	0.6261538461538462	0.5941538461538461	0.8536923076923076	0.6096923076923076	0.5781538461538461	0.6687692307692308	0.8092307692307692	0.5998461538461538	0.7109230769230769	0.81	0.8683076923076923	0.8132307692307692	0.5266153846153846	0.6375384615384615	0.6366153846153846	0.6806153846153846	0.7172307692307692	0.7353846153846154	0.8326153846153846	0.6064615384615385	0.7072307692307692	0.662923076923077	0.6361538461538462	0.6552307692307693	0.6633846153846154	0.6872307692307692	0.7169230769230769	0.7273846153846154	0.6226153846153846	0.6333846153846154	0.6906153846153846	0.7412307692307692	0.7495384615384615	0.7223076923076923	0.5743076923076923	0.7144615384615385	0.6416923076923077	0.6513846153846153	0.5341538461538462	0.5967692307692307	0.6583076923076923	0.6458461538461538	0.5672307692307692	0.5872307692307692	0.576	0.5009230769230769	0.7167692307692307	0.7038461538461539	0.6444615384615384	0.6786153846153846	0.7307692307692307	0.6032307692307692	0.7696923076923077	0.8184615384615385	0.6226153846153846	0.6069230769230769	0.6226153846153846	0.74	0.7212307692307692	0.6524615384615384	0.5726153846153846	0.6138461538461538	0.5872307692307692	0.7369230769230769	0.9141538461538462
SRR19621158	0.9093846153846153	0.9287692307692308	0.8446153846153847	0.6447692307692308	0.7738461538461539	0.7743076923076923	0.7496923076923077	0.7455384615384615	0.8452307692307692	0.6195384615384616	0.6938461538461539	0.8226153846153846	0.916	0.758	0.6607692307692308	0.616	0.568	0.7435384615384616	0.7730769230769231	0.7935384615384615	0.9061538461538462	0.7333846153846154	0.8941538461538462	0.7430769230769231	0.8910769230769231	0.805076923076923	0.694923076923077	0.6386153846153846	0.6724615384615384	0.6912307692307692	0.7289230769230769	0.6764615384615384	0.6883076923076923	0.7226153846153847	0.6686153846153846	0.6987692307692308	0.6776923076923077	0.6710769230769231	0.7621538461538462	0.746	0.0	0.404	0.41723076923076924	0.7916923076923077	0.792	0.7016923076923077	0.937076923076923	0.803076923076923	0.7258461538461538	0.7873846153846153	0.7003076923076923	0.705076923076923	0.7567692307692307	0.694923076923077	0.5715384615384616	0.7452307692307693	0.7255384615384616	0.5826153846153846	0.8321538461538461	0.7673846153846153	0.5792307692307692	0.6083076923076923	0.6847692307692308	0.6486153846153846	0.7329230769230769	0.7415384615384616	0.738	0.7598461538461538	0.6490769230769231	0.6043076923076923	0.5176923076923077	0.7709230769230769	0.7295384615384616	0.7158461538461538	0.697076923076923	0.7518461538461538	0.6684615384615384	0.6798461538461539	0.648	0.6441538461538462	0.6524615384615384	0.646	0.7469230769230769	0.7241538461538461	0.8578461538461538	0.6956923076923077	0.7298461538461538	0.7469230769230769	0.7470769230769231	0.7293846153846154	0.6713846153846154	0.7170769230769231	0.7773846153846153	0.7490769230769231	0.5738461538461539	0.682923076923077	0.6333846153846154	0.6924615384615385	0.7693846153846153	0.817076923076923	0.732	0.7843076923076923	0.6646153846153846	0.6766153846153846	0.5786153846153846	0.8386153846153847	0.7109230769230769	0.6455384615384615	0.5824615384615385	0.7938461538461539	0.8027692307692308	0.7021538461538461	0.6218461538461538	0.6670769230769231	0.702	0.834	0.9352307692307692
SRR19621159	0.8892307692307693	0.9318461538461539	0.709076923076923	0.6544615384615384	0.6658461538461539	0.7075384615384616	0.6278461538461538	0.7550769230769231	0.8429230769230769	0.5943076923076923	0.6475384615384615	0.8138461538461539	0.9298461538461539	0.7516923076923077	0.6776923076923077	0.5983076923076923	0.5361538461538462	0.7486153846153846	0.7536923076923077	0.7892307692307692	0.9406153846153846	0.7681538461538462	0.9070769230769231	0.7321538461538462	0.957076923076923	0.8493846153846154	0.7046153846153846	0.5963076923076923	0.5947692307692307	0.6655384615384615	0.6326153846153846	0.583076923076923	0.7246153846153847	0.6550769230769231	0.6627692307692308	0.688	0.6647692307692308	0.6190769230769231	0.7343076923076923	0.6841538461538461	0.404	0.0	0.39753846153846156	0.7353846153846154	0.8376923076923077	0.7564615384615384	0.9616923076923077	0.7790769230769231	0.7236923076923077	0.7350769230769231	0.6263076923076923	0.6695384615384615	0.7138461538461538	0.6823076923076923	0.7855384615384615	0.7430769230769231	0.6672307692307692	0.6212307692307693	0.828	0.7410769230769231	0.6086153846153847	0.6638461538461539	0.7772307692307693	0.6847692307692308	0.6958461538461539	0.7429230769230769	0.7226153846153847	0.6986153846153846	0.587076923076923	0.4929230769230769	0.7710769230769231	0.7146153846153847	0.7804615384615384	0.7187692307692307	0.6569230769230769	0.7253846153846154	0.6750769230769231	0.7092307692307692	0.6070769230769231	0.63	0.6255384615384615	0.6161538461538462	0.8041538461538461	0.7856923076923077	0.856	0.7524615384615385	0.6947692307692308	0.7964615384615384	0.7656923076923077	0.7013846153846154	0.6650769230769231	0.6976923076923077	0.7866153846153846	0.7355384615384616	0.6047692307692307	0.6616923076923077	0.6538461538461539	0.6684615384615384	0.7690769230769231	0.824	0.7415384615384616	0.7778461538461539	0.6463076923076924	0.695076923076923	0.674	0.8249230769230769	0.690923076923077	0.6035384615384616	0.6372307692307693	0.8021538461538461	0.8292307692307692	0.7201538461538461	0.5678461538461539	0.6676923076923077	0.6956923076923077	0.8423076923076923	0.9427692307692308
SRR19621160	0.918	0.9373846153846154	0.8656923076923076	0.688923076923077	0.7132307692307692	0.7658461538461538	0.672923076923077	0.758	0.8656923076923076	0.6583076923076923	0.6616923076923077	0.7966153846153846	0.9083076923076923	0.7404615384615385	0.6864615384615385	0.6053846153846154	0.5356923076923077	0.7424615384615385	0.7495384615384615	0.7990769230769231	0.9152307692307692	0.6695384615384615	0.9163076923076923	0.7607692307692308	0.9021538461538462	0.800923076923077	0.7290769230769231	0.6556923076923077	0.681076923076923	0.7387692307692307	0.7224615384615385	0.5964615384615385	0.6750769230769231	0.7089230769230769	0.6467692307692308	0.7156923076923077	0.6304615384615384	0.5967692307692307	0.7190769230769231	0.7229230769230769	0.41723076923076924	0.39753846153846156	0.0	0.7230769230769231	0.8589230769230769	0.7638461538461538	0.955076923076923	0.7596923076923077	0.672923076923077	0.7175384615384616	0.7463076923076923	0.7552307692307693	0.7623076923076924	0.6864615384615385	0.7253846153846154	0.7538461538461538	0.7046153846153846	0.5735384615384616	0.7458461538461538	0.7149230769230769	0.6330769230769231	0.6543076923076923	0.7107692307692308	0.6952307692307692	0.7569230769230769	0.7652307692307693	0.7443076923076923	0.7389230769230769	0.5763076923076923	0.5732307692307692	0.715076923076923	0.7423076923076923	0.7556923076923077	0.7429230769230769	0.6932307692307692	0.7330769230769231	0.6804615384615385	0.707076923076923	0.5595384615384615	0.5546153846153846	0.6621538461538462	0.6358461538461538	0.7956923076923077	0.7703076923076924	0.864	0.752	0.7487692307692307	0.7375384615384616	0.7635384615384615	0.7443076923076923	0.73	0.7492307692307693	0.8158461538461539	0.7695384615384615	0.6195384615384616	0.7087692307692308	0.662	0.696923076923077	0.7864615384615384	0.8176923076923077	0.7272307692307692	0.807076923076923	0.5976923076923077	0.7041538461538461	0.6633846153846154	0.81	0.6670769230769231	0.5741538461538461	0.5893846153846154	0.8024615384615384	0.8266153846153846	0.7175384615384616	0.6290769230769231	0.7244615384615385	0.7149230769230769	0.8470769230769231	0.9432307692307692
SRR19621161	0.9164615384615384	0.9392307692307692	0.8392307692307692	0.5604615384615385	0.5821538461538461	0.5867692307692308	0.5312307692307693	0.7350769230769231	0.7687692307692308	0.6326153846153846	0.5026153846153846	0.7684615384615384	0.9058461538461539	0.6995384615384616	0.6092307692307692	0.626	0.678923076923077	0.6813846153846154	0.7167692307692307	0.6832307692307692	0.8975384615384615	0.5030769230769231	0.9378461538461539	0.7104615384615385	0.7863076923076923	0.6538461538461539	0.5781538461538461	0.6084615384615385	0.5532307692307692	0.6164615384615385	0.5809230769230769	0.5467692307692308	0.4596923076923077	0.5095384615384615	0.5513846153846154	0.5758461538461539	0.7196923076923077	0.6726153846153846	0.6141538461538462	0.6284615384615385	0.7916923076923077	0.7353846153846154	0.7230769230769231	0.0	0.7853846153846153	0.7958461538461539	0.8883076923076924	0.6326153846153846	0.57	0.6106153846153846	0.8158461538461539	0.8044615384615385	0.7690769230769231	0.7276923076923076	0.8547692307692307	0.7841538461538462	0.6566153846153846	0.718	0.8003076923076923	0.5946153846153847	0.718	0.8023076923076923	0.8515384615384616	0.7178461538461538	0.704	0.6896923076923077	0.7207692307692307	0.5024615384615385	0.5963076923076923	0.6456923076923077	0.8092307692307692	0.5744615384615385	0.7321538461538462	0.6275384615384615	0.49046153846153845	0.5952307692307692	0.6113846153846154	0.6510769230769231	0.6267692307692307	0.6847692307692308	0.6883076923076923	0.6833846153846154	0.5969230769230769	0.6681538461538462	0.7476923076923077	0.6593846153846153	0.709076923076923	0.7446153846153846	0.7318461538461538	0.7761538461538462	0.548923076923077	0.5115384615384615	0.5807692307692308	0.6821538461538461	0.6398461538461538	0.6213846153846154	0.6290769230769231	0.6292307692307693	0.7330769230769231	0.7466153846153846	0.6813846153846154	0.695076923076923	0.7046153846153846	0.544	0.7098461538461538	0.7390769230769231	0.6532307692307693	0.6375384615384615	0.6072307692307692	0.5378461538461539	0.6095384615384616	0.6427692307692308	0.5432307692307692	0.6693846153846154	0.52	0.7630769230769231	0.9255384615384615
SRR19621162	0.8246153846153846	0.8226153846153846	0.8466153846153847	0.6761538461538461	0.8550769230769231	0.8526153846153847	0.8441538461538461	0.7775384615384615	0.8147692307692308	0.8249230769230769	0.8327692307692308	0.8232307692307692	0.8487692307692307	0.7936923076923077	0.8246153846153846	0.8198461538461539	0.8406153846153847	0.7578461538461538	0.794923076923077	0.7170769230769231	0.8238461538461539	0.8327692307692308	0.8730769230769231	0.7201538461538461	0.8423076923076923	0.7743076923076923	0.7395384615384616	0.782	0.7563076923076923	0.7453846153846154	0.7626153846153846	0.7924615384615384	0.8041538461538461	0.7261538461538461	0.7887692307692308	0.8101538461538461	0.7772307692307693	0.7958461538461539	0.7761538461538462	0.8127692307692308	0.792	0.8376923076923077	0.8589230769230769	0.7853846153846153	0.0	0.41107692307692306	0.7516923076923077	0.8296923076923077	0.8233846153846154	0.7984615384615384	0.826	0.800923076923077	0.7352307692307692	0.8332307692307692	0.8018461538461539	0.841076923076923	0.8101538461538461	0.7823076923076923	0.8484615384615385	0.8175384615384615	0.6906153846153846	0.694923076923077	0.794	0.732	0.7943076923076923	0.7567692307692307	0.7841538461538462	0.8056923076923077	0.812	0.8233846153846154	0.8364615384615385	0.8266153846153846	0.834	0.8307692307692308	0.7296923076923076	0.800923076923077	0.7489230769230769	0.7846153846153846	0.8106153846153846	0.8163076923076923	0.8607692307692307	0.8687692307692307	0.7661538461538462	0.8163076923076923	0.758	0.7743076923076923	0.846	0.7750769230769231	0.7887692307692308	0.8898461538461538	0.7984615384615384	0.7729230769230769	0.8196923076923077	0.6864615384615385	0.7721538461538462	0.7487692307692307	0.7852307692307692	0.7816923076923077	0.7872307692307692	0.8067692307692308	0.7906153846153846	0.7773846153846153	0.7727692307692308	0.7944615384615384	0.7724615384615384	0.7318461538461538	0.7896923076923077	0.7772307692307693	0.8238461538461539	0.7133846153846154	0.7833846153846153	0.7238461538461538	0.7616923076923077	0.6953846153846154	0.7612307692307693	0.7595384615384615	0.8524615384615385
SRR19621163	0.7443076923076923	0.8096923076923077	0.7915384615384615	0.682923076923077	0.8283076923076923	0.8527692307692307	0.8075384615384615	0.7632307692307693	0.8570769230769231	0.7678461538461538	0.7506153846153846	0.7870769230769231	0.8052307692307692	0.7838461538461539	0.7438461538461538	0.7338461538461538	0.7493846153846154	0.7493846153846154	0.8	0.6966153846153846	0.8296923076923077	0.7523076923076923	0.8735384615384615	0.6475384615384615	0.8607692307692307	0.7529230769230769	0.7249230769230769	0.7193846153846154	0.687076923076923	0.7135384615384616	0.7436923076923077	0.73	0.7224615384615385	0.6290769230769231	0.7112307692307692	0.7393846153846154	0.7310769230769231	0.7006153846153846	0.7403076923076923	0.7846153846153846	0.7016923076923077	0.7564615384615384	0.7638461538461538	0.7958461538461539	0.41107692307692306	0.0	0.7290769230769231	0.7433846153846154	0.685076923076923	0.7443076923076923	0.820923076923077	0.8023076923076923	0.7341538461538462	0.8229230769230769	0.7875384615384615	0.8381538461538461	0.8073846153846154	0.708	0.8541538461538462	0.7649230769230769	0.654	0.688	0.7790769230769231	0.7041538461538461	0.8138461538461539	0.7695384615384615	0.7843076923076923	0.7652307692307693	0.7570769230769231	0.7587692307692308	0.7444615384615385	0.7990769230769231	0.7864615384615384	0.8067692307692308	0.7426153846153846	0.7812307692307693	0.7538461538461538	0.7604615384615384	0.7244615384615385	0.7384615384615385	0.7744615384615384	0.7758461538461539	0.7783076923076923	0.7516923076923077	0.674	0.7253846153846154	0.7938461538461539	0.7666153846153846	0.7807692307692308	0.8027692307692308	0.7193846153846154	0.7264615384615385	0.8024615384615384	0.7421538461538462	0.7089230769230769	0.7061538461538461	0.666923076923077	0.692	0.7375384615384616	0.8496923076923077	0.7469230769230769	0.8332307692307692	0.7213846153846154	0.7041538461538461	0.7387692307692307	0.7576923076923077	0.7276923076923076	0.698	0.7572307692307693	0.6924615384615385	0.7312307692307692	0.6615384615384615	0.7023076923076923	0.7258461538461538	0.6973846153846154	0.6555384615384615	0.7881538461538462
SRR19621164	0.8903076923076924	0.8810769230769231	0.8841538461538462	0.8853846153846154	0.9607692307692308	0.9569230769230769	0.9275384615384615	0.8573846153846154	0.8527692307692307	0.9418461538461539	0.9627692307692308	0.8906153846153846	0.8709230769230769	0.942923076923077	0.9272307692307692	0.961076923076923	0.9616923076923077	0.8796923076923077	0.8933846153846153	0.934	0.7432307692307693	0.9123076923076923	0.7755384615384615	0.809076923076923	0.8701538461538462	0.8655384615384616	0.8876923076923077	0.920923076923077	0.9103076923076923	0.8724615384615385	0.924923076923077	0.9056923076923077	0.8992307692307693	0.9393846153846154	0.894	0.9155384615384615	0.8910769230769231	0.8552307692307692	0.8669230769230769	0.9489230769230769	0.937076923076923	0.9616923076923077	0.955076923076923	0.8883076923076924	0.7516923076923077	0.7290769230769231	0.0	0.9366153846153846	0.9063076923076923	0.9384615384615385	0.9233846153846154	0.9035384615384615	0.9196923076923077	0.93	0.8913846153846153	0.9361538461538461	0.928923076923077	0.8761538461538462	0.9312307692307692	0.8670769230769231	0.8958461538461538	0.8526153846153847	0.8610769230769231	0.934923076923077	0.9521538461538461	0.9473846153846154	0.9484615384615385	0.8909230769230769	0.928923076923077	0.9452307692307692	0.9047692307692308	0.9478461538461539	0.9061538461538462	0.91	0.8953846153846153	0.9378461538461539	0.9432307692307692	0.9407692307692308	0.8787692307692307	0.9232307692307692	0.9595384615384616	0.9633846153846154	0.8603076923076923	0.8921538461538462	0.8243076923076923	0.9150769230769231	0.934923076923077	0.8938461538461538	0.9004615384615384	0.9627692307692308	0.9489230769230769	0.9344615384615385	0.9675384615384616	0.8821538461538462	0.918	0.9112307692307692	0.8855384615384615	0.8830769230769231	0.8730769230769231	0.9266153846153846	0.9406153846153846	0.9292307692307692	0.9096923076923077	0.9261538461538461	0.9267692307692308	0.8586153846153847	0.9175384615384615	0.9196923076923077	0.9407692307692308	0.86	0.8484615384615385	0.8535384615384616	0.912	0.92	0.9306153846153846	0.8703076923076923	0.9584615384615385
SRR19621165	0.8167692307692308	0.8909230769230769	0.812923076923077	0.690923076923077	0.634	0.656	0.6273846153846154	0.7541538461538462	0.8118461538461539	0.7406153846153846	0.6524615384615384	0.7283076923076923	0.8295384615384616	0.7435384615384616	0.7361538461538462	0.6923076923076923	0.7141538461538461	0.712	0.718	0.7213846153846154	0.8818461538461538	0.7196923076923077	0.8995384615384615	0.7567692307692307	0.8953846153846153	0.7913846153846154	0.7613846153846154	0.7483076923076923	0.674923076923077	0.7463076923076923	0.6264615384615385	0.6406153846153846	0.6995384615384616	0.6432307692307693	0.703076923076923	0.7324615384615385	0.7364615384615385	0.7258461538461538	0.697076923076923	0.6872307692307692	0.803076923076923	0.7790769230769231	0.7596923076923077	0.6326153846153846	0.8296923076923077	0.7433846153846154	0.9366153846153846	0.0	0.3889230769230769	0.3435384615384615	0.7823076923076923	0.7767692307692308	0.7503076923076923	0.7516923076923077	0.8758461538461538	0.8013846153846154	0.7178461538461538	0.7578461538461538	0.796	0.692923076923077	0.7393846153846154	0.8313846153846154	0.8741538461538462	0.7598461538461538	0.7778461538461539	0.7098461538461538	0.6824615384615385	0.6684615384615384	0.7444615384615385	0.7630769230769231	0.8175384615384615	0.6216923076923077	0.7426153846153846	0.7023076923076923	0.7224615384615385	0.7366153846153846	0.7369230769230769	0.7052307692307692	0.7153846153846154	0.7049230769230769	0.7376923076923076	0.7661538461538462	0.7376923076923076	0.7406153846153846	0.7644615384615384	0.7321538461538462	0.7590769230769231	0.7658461538461538	0.7561538461538462	0.8107692307692308	0.6741538461538461	0.6838461538461539	0.7283076923076923	0.7695384615384615	0.7636923076923077	0.7543076923076923	0.7269230769230769	0.6764615384615384	0.7710769230769231	0.7903076923076923	0.7506153846153846	0.7747692307692308	0.6995384615384616	0.6763076923076923	0.7076923076923077	0.7196923076923077	0.6664615384615384	0.6264615384615385	0.6650769230769231	0.774	0.7476923076923077	0.7829230769230769	0.6596923076923077	0.705076923076923	0.6235384615384615	0.7658461538461538	0.7226153846153847
SRR19621166	0.8567692307692307	0.9112307692307692	0.8106153846153846	0.6161538461538462	0.6512307692307693	0.6772307692307692	0.6327692307692308	0.73	0.8087692307692308	0.6570769230769231	0.5909230769230769	0.7344615384615385	0.8535384615384616	0.7466153846153846	0.6533846153846153	0.6247692307692307	0.6435384615384615	0.7164615384615385	0.7264615384615385	0.7158461538461538	0.8878461538461538	0.5738461538461539	0.9144615384615384	0.6918461538461539	0.8478461538461538	0.7438461538461538	0.6876923076923077	0.6638461538461539	0.6403076923076924	0.6938461538461539	0.6733846153846154	0.622	0.568923076923077	0.5978461538461538	0.5783076923076923	0.6506153846153846	0.703076923076923	0.6336923076923077	0.6761538461538461	0.6981538461538461	0.7258461538461538	0.7236923076923077	0.672923076923077	0.57	0.8233846153846154	0.685076923076923	0.9063076923076923	0.3889230769230769	0.0	0.31323076923076926	0.7843076923076923	0.7846153846153846	0.7546153846153846	0.7504615384615385	0.7972307692307692	0.796923076923077	0.7027692307692308	0.6750769230769231	0.7569230769230769	0.6744615384615384	0.6872307692307692	0.8164615384615385	0.798923076923077	0.6866153846153846	0.7810769230769231	0.738	0.7287692307692307	0.6198461538461538	0.6813846153846154	0.7035384615384616	0.7166153846153847	0.6510769230769231	0.7324615384615385	0.7007692307692308	0.616	0.6383076923076924	0.6427692307692308	0.6243076923076923	0.6133846153846154	0.6223076923076923	0.7115384615384616	0.6704615384615384	0.7330769230769231	0.7181538461538461	0.7830769230769231	0.7218461538461538	0.7490769230769231	0.7538461538461538	0.7521538461538462	0.7421538461538462	0.6109230769230769	0.6387692307692308	0.6967692307692308	0.7558461538461538	0.678923076923077	0.703076923076923	0.6301538461538462	0.6233846153846154	0.7256923076923077	0.8015384615384615	0.696923076923077	0.7835384615384615	0.6244615384615385	0.5838461538461538	0.6349230769230769	0.7121538461538461	0.6438461538461538	0.6112307692307692	0.6293846153846154	0.7206153846153847	0.7107692307692308	0.6967692307692308	0.6150769230769231	0.692923076923077	0.5803076923076923	0.7816923076923077	0.8746153846153846
SRR19621167	0.8673846153846154	0.8989230769230769	0.8687692307692307	0.6604615384615384	0.6138461538461538	0.658923076923077	0.6064615384615385	0.7364615384615385	0.8147692307692308	0.7287692307692307	0.6210769230769231	0.7527692307692307	0.8635384615384616	0.7309230769230769	0.7069230769230769	0.6758461538461539	0.693076923076923	0.7281538461538462	0.7361538461538462	0.7236923076923077	0.8976923076923077	0.7093846153846154	0.9110769230769231	0.7441538461538462	0.8692307692307693	0.7490769230769231	0.7301538461538462	0.7187692307692307	0.6221538461538462	0.7229230769230769	0.6035384615384616	0.6073846153846154	0.6923076923076923	0.6136923076923076	0.69	0.705076923076923	0.7266153846153847	0.692	0.6786153846153846	0.676923076923077	0.7873846153846153	0.7350769230769231	0.7175384615384616	0.6106153846153846	0.7984615384615384	0.7443076923076923	0.9384615384615385	0.3435384615384615	0.31323076923076926	0.0	0.7743076923076923	0.7583076923076923	0.7272307692307692	0.7455384615384615	0.8607692307692307	0.7952307692307692	0.7109230769230769	0.7467692307692307	0.7836923076923077	0.6816923076923077	0.722	0.7892307692307692	0.8630769230769231	0.7583076923076923	0.7687692307692308	0.7250769230769231	0.7324615384615385	0.6016923076923076	0.7109230769230769	0.7296923076923076	0.7956923076923077	0.6044615384615385	0.7189230769230769	0.7156923076923077	0.697076923076923	0.7232307692307692	0.7167692307692307	0.6841538461538461	0.6706153846153846	0.6026153846153847	0.7473846153846154	0.7561538461538462	0.7203076923076923	0.74	0.786923076923077	0.7447692307692307	0.7373846153846154	0.7646153846153846	0.7469230769230769	0.7990769230769231	0.6247692307692307	0.6732307692307692	0.6792307692307692	0.7630769230769231	0.7489230769230769	0.7410769230769231	0.6772307692307692	0.6536923076923077	0.6727692307692308	0.788923076923077	0.7423076923076923	0.7672307692307693	0.559076923076923	0.6786153846153846	0.6152307692307692	0.6029230769230769	0.6556923076923077	0.5996923076923077	0.6606153846153846	0.7878461538461539	0.7686153846153846	0.7481538461538462	0.6327692307692308	0.6395384615384615	0.6230769230769231	0.786	0.841076923076923
SRR19621168	0.744	0.7850769230769231	0.7035384615384616	0.8006153846153846	0.6561538461538462	0.6983076923076923	0.6710769230769231	0.7046153846153846	0.8303076923076923	0.7313846153846154	0.7973846153846154	0.7209230769230769	0.8138461538461539	0.6958461538461539	0.8409230769230769	0.6984615384615385	0.6630769230769231	0.6747692307692308	0.6972307692307692	0.7210769230769231	0.8855384615384615	0.8346153846153846	0.8523076923076923	0.7693846153846153	0.9296923076923077	0.8483076923076923	0.8432307692307692	0.7552307692307693	0.7201538461538461	0.7695384615384615	0.6407692307692308	0.6292307692307693	0.812923076923077	0.7549230769230769	0.7990769230769231	0.8236923076923077	0.786	0.7736923076923077	0.7178461538461538	0.696923076923077	0.7003076923076923	0.6263076923076923	0.7463076923076923	0.8158461538461539	0.826	0.820923076923077	0.9233846153846154	0.7823076923076923	0.7843076923076923	0.7743076923076923	0.0	0.24723076923076923	0.36630769230769233	0.5921538461538461	0.9061538461538462	0.6290769230769231	0.6070769230769231	0.7963076923076923	0.7512307692307693	0.7278461538461538	0.7306153846153847	0.7736923076923077	0.9076923076923077	0.8692307692307693	0.6755384615384615	0.7104615384615385	0.6838461538461539	0.819076923076923	0.8421538461538461	0.7056923076923077	0.8932307692307693	0.7403076923076923	0.6933846153846154	0.7075384615384616	0.7704615384615384	0.7947692307692308	0.7878461538461539	0.8335384615384616	0.8203076923076923	0.8181538461538461	0.6492307692307693	0.6606153846153846	0.8264615384615385	0.8216923076923077	0.7432307692307693	0.8281538461538461	0.6313846153846154	0.7216923076923077	0.6776923076923077	0.722	0.668923076923077	0.6838461538461539	0.7976923076923077	0.6883076923076923	0.7126153846153847	0.7049230769230769	0.7332307692307692	0.6964615384615385	0.7673846153846153	0.7126153846153847	0.7015384615384616	0.6858461538461539	0.8283076923076923	0.7530769230769231	0.8778461538461538	0.8709230769230769	0.748	0.7032307692307692	0.78	0.829076923076923	0.8321538461538461	0.8124615384615385	0.7358461538461538	0.7147692307692308	0.7752307692307693	0.7332307692307692	0.8793846153846154
SRR19621169	0.6732307692307692	0.7329230769230769	0.7238461538461538	0.8041538461538461	0.6403076923076924	0.6604615384615384	0.6458461538461538	0.6981538461538461	0.8272307692307692	0.7215384615384616	0.7775384615384615	0.712	0.7789230769230769	0.6892307692307692	0.8333846153846154	0.712	0.6856923076923077	0.6750769230769231	0.699076923076923	0.7058461538461539	0.8570769230769231	0.8430769230769231	0.8303076923076923	0.7253846153846154	0.9152307692307692	0.8233846153846154	0.8113846153846154	0.73	0.6884615384615385	0.7358461538461538	0.6172307692307692	0.6361538461538462	0.8052307692307692	0.7166153846153847	0.794	0.8141538461538461	0.7895384615384615	0.7607692307692308	0.7173846153846154	0.6884615384615385	0.705076923076923	0.6695384615384615	0.7552307692307693	0.8044615384615385	0.800923076923077	0.8023076923076923	0.9035384615384615	0.7767692307692308	0.7846153846153846	0.7583076923076923	0.24723076923076923	0.0	0.3123076923076923	0.6015384615384616	0.9076923076923077	0.6241538461538462	0.5884615384615385	0.7926153846153846	0.7658461538461538	0.7264615384615385	0.728	0.7603076923076924	0.9195384615384615	0.8436923076923077	0.6704615384615384	0.7124615384615385	0.6927692307692308	0.8072307692307692	0.8338461538461538	0.7352307692307692	0.8893846153846154	0.706	0.6766153846153846	0.6983076923076923	0.7915384615384615	0.7938461538461539	0.8055384615384615	0.8372307692307692	0.824	0.8252307692307692	0.6767692307692308	0.6944615384615385	0.8332307692307692	0.8223076923076923	0.7178461538461538	0.8416923076923077	0.6155384615384616	0.7346153846153847	0.71	0.7316923076923076	0.6490769230769231	0.6661538461538462	0.7867692307692308	0.6706153846153846	0.674923076923077	0.6661538461538462	0.7284615384615385	0.666	0.7666153846153846	0.6941538461538461	0.707076923076923	0.6732307692307692	0.829076923076923	0.7438461538461538	0.8750769230769231	0.8736923076923077	0.7487692307692307	0.7056923076923077	0.7755384615384615	0.8373846153846154	0.823076923076923	0.8247692307692308	0.7372307692307692	0.7204615384615385	0.7710769230769231	0.7126153846153847	0.8516923076923076
SRR19621170	0.6630769230769231	0.7189230769230769	0.8184615384615385	0.7610769230769231	0.5738461538461539	0.5767692307692308	0.567076923076923	0.6784615384615384	0.8172307692307692	0.6583076923076923	0.7410769230769231	0.6743076923076923	0.75	0.6296923076923077	0.7984615384615384	0.666	0.6673846153846154	0.6086153846153847	0.6530769230769231	0.5944615384615385	0.8696923076923077	0.8158461538461539	0.8424615384615385	0.6458461538461538	0.9301538461538461	0.796	0.7692307692307693	0.6770769230769231	0.6547692307692308	0.6927692307692308	0.5473846153846154	0.5456923076923077	0.7813846153846153	0.6149230769230769	0.7449230769230769	0.7626153846153846	0.7392307692307692	0.7133846153846154	0.6412307692307693	0.6261538461538462	0.7567692307692307	0.7138461538461538	0.7623076923076924	0.7690769230769231	0.7352307692307692	0.7341538461538462	0.9196923076923077	0.7503076923076923	0.7546153846153846	0.7272307692307692	0.36630769230769233	0.3123076923076923	0.0	0.6569230769230769	0.8955384615384615	0.6335384615384615	0.5546153846153846	0.7530769230769231	0.7189230769230769	0.6470769230769231	0.7215384615384616	0.7718461538461538	0.8989230769230769	0.8267692307692308	0.592	0.6555384615384615	0.6146153846153846	0.7746153846153846	0.7966153846153846	0.782	0.8507692307692307	0.684	0.7393846153846154	0.7043076923076923	0.7346153846153847	0.7507692307692307	0.7436923076923077	0.7924615384615384	0.8001538461538461	0.7923076923076923	0.6718461538461539	0.6632307692307692	0.8238461538461539	0.812923076923077	0.6304615384615384	0.8007692307692308	0.562923076923077	0.7304615384615385	0.6616923076923077	0.6913846153846154	0.6089230769230769	0.6361538461538462	0.7646153846153846	0.612	0.5986153846153847	0.6223076923076923	0.6906153846153846	0.6115384615384616	0.7290769230769231	0.6687692307692308	0.678	0.6232307692307693	0.7896923076923077	0.71	0.8349230769230769	0.8443076923076923	0.7016923076923077	0.6730769230769231	0.7273846153846154	0.8041538461538461	0.7950769230769231	0.7946153846153846	0.67	0.6224615384615385	0.7356923076923076	0.6146153846153846	0.7864615384615384
SRR19621171	0.8633846153846154	0.8915384615384615	0.7729230769230769	0.7390769230769231	0.658923076923077	0.6903076923076923	0.6513846153846153	0.7164615384615385	0.813076923076923	0.7096923076923077	0.6943076923076923	0.6592307692307692	0.8161538461538461	0.5606153846153846	0.7486153846153846	0.6124615384615385	0.5838461538461538	0.642	0.6615384615384615	0.6493846153846153	0.9047692307692308	0.8115384615384615	0.9172307692307692	0.7855384615384615	0.9418461538461539	0.8429230769230769	0.796923076923077	0.7121538461538461	0.6856923076923077	0.7764615384615384	0.674923076923077	0.594	0.7501538461538462	0.6926153846153846	0.6675384615384615	0.7015384615384616	0.7289230769230769	0.7796923076923077	0.6061538461538462	0.5941538461538461	0.694923076923077	0.6823076923076923	0.6864615384615385	0.7276923076923076	0.8332307692307692	0.8229230769230769	0.93	0.7516923076923077	0.7504615384615385	0.7455384615384615	0.5921538461538461	0.6015384615384616	0.6569230769230769	0.0	0.9175384615384615	0.2783076923076923	0.3850769230769231	0.7730769230769231	0.7643076923076924	0.6324615384615384	0.6944615384615385	0.7904615384615384	0.9144615384615384	0.8501538461538461	0.6476923076923077	0.6915384615384615	0.672	0.738	0.7846153846153846	0.6783076923076923	0.8850769230769231	0.6663076923076923	0.6336923076923077	0.6546153846153846	0.6938461538461539	0.7436923076923077	0.7387692307692307	0.7527692307692307	0.7816923076923077	0.7844615384615384	0.6301538461538462	0.6429230769230769	0.7623076923076924	0.807076923076923	0.7633846153846154	0.7833846153846153	0.6569230769230769	0.714	0.6847692307692308	0.7416923076923077	0.6495384615384615	0.6853846153846154	0.7332307692307692	0.7189230769230769	0.7127692307692308	0.7170769230769231	0.6104615384615385	0.622	0.7233846153846154	0.5992307692307692	0.6146153846153846	0.6523076923076923	0.7835384615384615	0.6743076923076923	0.8415384615384616	0.8183076923076923	0.6901538461538461	0.6401538461538462	0.7098461538461538	0.7733846153846153	0.7530769230769231	0.696	0.6816923076923077	0.7167692307692307	0.7169230769230769	0.7686153846153846	0.898
SRR19621172	0.9447692307692308	0.953076923076923	0.9273846153846154	0.7043076923076923	0.8893846153846154	0.9012307692307693	0.8766153846153846	0.7995384615384615	0.8583076923076923	0.7358461538461538	0.8124615384615385	0.8601538461538462	0.9095384615384615	0.8936923076923077	0.7352307692307692	0.8032307692307692	0.784923076923077	0.8353846153846154	0.8555384615384616	0.9030769230769231	0.8632307692307692	0.7587692307692308	0.9043076923076923	0.8206153846153846	0.8404615384615385	0.7736923076923077	0.7173846153846154	0.7573846153846154	0.8046153846153846	0.7492307692307693	0.8724615384615385	0.8663076923076923	0.7512307692307693	0.828	0.728	0.7733846153846153	0.7976923076923077	0.7833846153846153	0.8778461538461538	0.8536923076923076	0.5715384615384616	0.7855384615384615	0.7253846153846154	0.8547692307692307	0.8018461538461539	0.7875384615384615	0.8913846153846153	0.8758461538461538	0.7972307692307692	0.8607692307692307	0.9061538461538462	0.9076923076923077	0.8955384615384615	0.9175384615384615	0.0	0.9190769230769231	0.9132307692307692	0.6886153846153846	0.935076923076923	0.8892307692307693	0.7493846153846154	0.7407692307692307	0.3829230769230769	0.6641538461538462	0.9153846153846154	0.9152307692307692	0.9156923076923077	0.8555384615384616	0.7341538461538462	0.7941538461538461	0.42153846153846153	0.8913846153846153	0.8643076923076923	0.8836923076923077	0.7652307692307693	0.7932307692307692	0.7544615384615385	0.7152307692307692	0.7178461538461538	0.689076923076923	0.8327692307692308	0.798923076923077	0.8116923076923077	0.7550769230769231	0.9261538461538461	0.7853846153846153	0.8898461538461538	0.8112307692307692	0.8530769230769231	0.8336923076923077	0.8207692307692308	0.8187692307692308	0.8793846153846154	0.8512307692307692	0.7047692307692308	0.8255384615384616	0.8001538461538461	0.832	0.9121538461538462	0.9238461538461539	0.8441538461538461	0.8921538461538462	0.6983076923076923	0.7990769230769231	0.6029230769230769	0.8550769230769231	0.8418461538461538	0.8221538461538461	0.6692307692307692	0.8533846153846154	0.8909230769230769	0.7401538461538462	0.7726153846153846	0.837076923076923	0.8156923076923077	0.9133846153846154	0.9732307692307692
SRR19621173	0.856	0.8881538461538462	0.8533846153846154	0.7635384615384615	0.6823076923076923	0.7138461538461538	0.682923076923077	0.7249230769230769	0.8329230769230769	0.7210769230769231	0.728	0.6724615384615384	0.7984615384615384	0.5729230769230769	0.7618461538461538	0.6084615384615385	0.5853846153846154	0.6364615384615384	0.6592307692307692	0.6287692307692307	0.9213846153846154	0.833076923076923	0.9235384615384615	0.8252307692307692	0.9598461538461538	0.8770769230769231	0.8293846153846154	0.7536923076923077	0.7233846153846154	0.7883076923076923	0.6947692307692308	0.6415384615384615	0.7675384615384615	0.7181538461538461	0.7047692307692308	0.7155384615384616	0.7603076923076924	0.8446153846153847	0.6116923076923076	0.6096923076923076	0.7452307692307693	0.7430769230769231	0.7538461538461538	0.7841538461538462	0.841076923076923	0.8381538461538461	0.9361538461538461	0.8013846153846154	0.796923076923077	0.7952307692307692	0.6290769230769231	0.6241538461538462	0.6335384615384615	0.2783076923076923	0.9190769230769231	0.0	0.3610769230769231	0.8227692307692308	0.7570769230769231	0.6343076923076924	0.6975384615384616	0.7915384615384615	0.9304615384615385	0.8506153846153847	0.6323076923076923	0.6903076923076923	0.6756923076923077	0.7843076923076923	0.7826153846153846	0.7452307692307693	0.8870769230769231	0.6978461538461539	0.7093846153846154	0.7049230769230769	0.7556923076923077	0.7776923076923077	0.7801538461538462	0.8052307692307692	0.8329230769230769	0.8292307692307692	0.6804615384615385	0.672	0.8038461538461539	0.8081538461538461	0.7787692307692308	0.7913846153846154	0.6469230769230769	0.7363076923076923	0.7081538461538461	0.7503076923076923	0.6793846153846154	0.668923076923077	0.7504615384615385	0.7347692307692307	0.7218461538461538	0.7041538461538461	0.6370769230769231	0.6592307692307692	0.7206153846153847	0.604	0.6247692307692307	0.6196923076923077	0.8533846153846154	0.7124615384615385	0.8904615384615384	0.8789230769230769	0.7043076923076923	0.6601538461538462	0.7335384615384616	0.790923076923077	0.7613846153846154	0.7255384615384616	0.7283076923076923	0.7433846153846154	0.7469230769230769	0.7806153846153846	0.8884615384615384
SRR19621174	0.809076923076923	0.8556923076923076	0.8176923076923077	0.7146153846153847	0.5090769230769231	0.5367692307692308	0.4966153846153846	0.6493846153846153	0.7996923076923077	0.6318461538461538	0.6558461538461539	0.6444615384615384	0.796	0.5658461538461539	0.7221538461538461	0.5987692307692307	0.5964615384615385	0.5915384615384616	0.6069230769230769	0.5966153846153847	0.9123076923076923	0.7664615384615384	0.8918461538461538	0.7352307692307692	0.9210769230769231	0.8058461538461539	0.7324615384615385	0.6464615384615384	0.5675384615384615	0.6655384615384615	0.5196923076923077	0.5275384615384615	0.6861538461538461	0.5993846153846154	0.6453846153846153	0.6547692307692308	0.7056923076923077	0.7009230769230769	0.5646153846153846	0.5781538461538461	0.7255384615384616	0.6672307692307692	0.7046153846153846	0.6566153846153846	0.8101538461538461	0.8073846153846154	0.928923076923077	0.7178461538461538	0.7027692307692308	0.7109230769230769	0.6070769230769231	0.5884615384615385	0.5546153846153846	0.3850769230769231	0.9132307692307692	0.3610769230769231	0.0	0.7206153846153847	0.756	0.562	0.6469230769230769	0.7623076923076924	0.9073846153846153	0.7727692307692308	0.5718461538461539	0.6172307692307692	0.6047692307692307	0.6533846153846153	0.7207692307692307	0.695076923076923	0.8789230769230769	0.544923076923077	0.67	0.5924615384615385	0.6766153846153846	0.707076923076923	0.7453846153846154	0.76	0.7618461538461538	0.7752307692307693	0.6103076923076923	0.6221538461538462	0.7496923076923077	0.7749230769230769	0.7367692307692307	0.7613846153846154	0.526	0.7023076923076923	0.6161538461538462	0.6884615384615385	0.556923076923077	0.5493846153846154	0.6603076923076923	0.6206153846153846	0.5813846153846154	0.5566153846153846	0.6078461538461538	0.5598461538461539	0.6446153846153846	0.618	0.6172307692307692	0.6050769230769231	0.762	0.6373846153846154	0.8256923076923077	0.8232307692307692	0.6215384615384615	0.608	0.6501538461538462	0.7289230769230769	0.7224615384615385	0.7058461538461539	0.588	0.6544615384615384	0.6766153846153846	0.7430769230769231	0.8883076923076924
SRR19621175	0.8621538461538462	0.9046153846153846	0.9226153846153846	0.6332307692307693	0.6767692307692308	0.6844615384615385	0.6784615384615384	0.6646153846153846	0.7761538461538462	0.5607692307692308	0.6483076923076924	0.7626153846153846	0.8993846153846153	0.7703076923076924	0.6009230769230769	0.575076923076923	0.5876923076923077	0.6946153846153846	0.7250769230769231	0.7275384615384616	0.8524615384615385	0.7261538461538461	0.8576923076923076	0.7129230769230769	0.8989230769230769	0.808923076923077	0.7	0.5916923076923077	0.6452307692307693	0.6744615384615384	0.6570769230769231	0.6353846153846154	0.6672307692307692	0.6470769230769231	0.6407692307692308	0.6329230769230769	0.24815384615384614	0.27384615384615385	0.7558461538461538	0.6687692307692308	0.5826153846153846	0.6212307692307693	0.5735384615384616	0.718	0.7823076923076923	0.708	0.8761538461538462	0.7578461538461538	0.6750769230769231	0.7467692307692307	0.7963076923076923	0.7926153846153846	0.7530769230769231	0.7730769230769231	0.6886153846153846	0.8227692307692308	0.7206153846153847	0.0	0.8653846153846154	0.7367692307692307	0.5866153846153846	0.6913846153846154	0.6843076923076923	0.6367692307692308	0.6475384615384615	0.6847692307692308	0.6715384615384615	0.7610769230769231	0.644	0.716	0.6526153846153846	0.7493846153846154	0.8072307692307692	0.778	0.6333846153846154	0.6509230769230769	0.6310769230769231	0.6593846153846153	0.5915384615384616	0.6021538461538462	0.6570769230769231	0.6063076923076923	0.7450769230769231	0.7327692307692307	0.8689230769230769	0.7267692307692307	0.6923076923076923	0.680923076923077	0.690923076923077	0.6861538461538461	0.6386153846153846	0.6938461538461539	0.7610769230769231	0.67	0.5332307692307693	0.6433846153846153	0.6592307692307692	0.6287692307692307	0.7796923076923077	0.7964615384615384	0.7249230769230769	0.7793846153846153	0.6012307692307692	0.6647692307692308	0.6178461538461538	0.7783076923076923	0.6656923076923077	0.5892307692307692	0.5050769230769231	0.7518461538461538	0.7647692307692308	0.7041538461538461	0.5503076923076923	0.6184615384615385	0.6670769230769231	0.8684615384615385	0.9104615384615384
SRR19621176	0.9092307692307692	0.922923076923077	0.8892307692307693	0.8429230769230769	0.7541538461538462	0.7730769230769231	0.7761538461538462	0.8515384615384616	0.9103076923076923	0.8653846153846154	0.8384615384615385	0.8307692307692308	0.9090769230769231	0.8086153846153846	0.8927692307692308	0.7830769230769231	0.7526153846153846	0.8044615384615385	0.8083076923076923	0.8295384615384616	0.9401538461538461	0.7710769230769231	0.9649230769230769	0.8933846153846153	0.9603076923076923	0.9075384615384615	0.904	0.8647692307692307	0.8521538461538462	0.8592307692307692	0.7910769230769231	0.7341538461538462	0.8323076923076923	0.8155384615384615	0.8289230769230769	0.8873846153846154	0.828	0.8650769230769231	0.5966153846153847	0.8092307692307692	0.8321538461538461	0.828	0.7458461538461538	0.8003076923076923	0.8484615384615385	0.8541538461538462	0.9312307692307692	0.796	0.7569230769230769	0.7836923076923077	0.7512307692307693	0.7658461538461538	0.7189230769230769	0.7643076923076924	0.935076923076923	0.7570769230769231	0.756	0.8653846153846154	0.0	0.5847692307692308	0.8133846153846154	0.8616923076923076	0.942	0.8875384615384615	0.8244615384615385	0.8133846153846154	0.7861538461538462	0.864	0.874	0.8538461538461538	0.9336923076923077	0.8198461538461539	0.8667692307692307	0.8295384615384616	0.8235384615384616	0.8273846153846154	0.8258461538461539	0.8761538461538462	0.8687692307692307	0.862	0.802923076923077	0.7926153846153846	0.8953846153846153	0.8909230769230769	0.7776923076923077	0.8804615384615384	0.8232307692307692	0.8569230769230769	0.8532307692307692	0.8610769230769231	0.82	0.7923076923076923	0.8656923076923076	0.82	0.822	0.8104615384615385	0.7578461538461538	0.7524615384615385	0.7566153846153846	0.7758461538461539	0.7955384615384615	0.7832307692307693	0.8486153846153847	0.808	0.8610769230769231	0.8781538461538462	0.7844615384615384	0.7706153846153846	0.815076923076923	0.8536923076923076	0.7983076923076923	0.8361538461538461	0.8403076923076923	0.8187692307692308	0.8269230769230769	0.7801538461538462	0.9012307692307693
SRR19621177	0.8927692307692308	0.9223076923076923	0.8998461538461539	0.6090769230769231	0.5109230769230769	0.49815384615384617	0.48846153846153845	0.6995384615384616	0.7923076923076923	0.616	0.6307692307692307	0.7273846153846154	0.8658461538461538	0.6169230769230769	0.6412307692307693	0.6404615384615384	0.6469230769230769	0.6072307692307692	0.6318461538461538	0.6058461538461538	0.9295384615384615	0.7396923076923076	0.953076923076923	0.7958461538461539	0.9673846153846154	0.8241538461538461	0.6852307692307692	0.6486153846153846	0.5916923076923077	0.6684615384615384	0.5501538461538461	0.5441538461538461	0.6863076923076923	0.5706153846153846	0.5970769230769231	0.5686153846153846	0.6941538461538461	0.7407692307692307	0.23353846153846153	0.5998461538461538	0.7673846153846153	0.7410769230769231	0.7149230769230769	0.5946153846153847	0.8175384615384615	0.7649230769230769	0.8670769230769231	0.692923076923077	0.6744615384615384	0.6816923076923077	0.7278461538461538	0.7264615384615385	0.6470769230769231	0.6324615384615384	0.8892307692307693	0.6343076923076924	0.562	0.7367692307692307	0.5847692307692308	0.0	0.6627692307692308	0.8213846153846154	0.8895384615384615	0.7447692307692307	0.5881538461538461	0.6558461538461539	0.6241538461538462	0.6229230769230769	0.7089230769230769	0.7238461538461538	0.8327692307692308	0.5715384615384616	0.7236923076923077	0.6447692307692308	0.6150769230769231	0.6715384615384615	0.6523076923076923	0.6973846153846154	0.768	0.7723076923076924	0.6864615384615385	0.6758461538461539	0.6864615384615385	0.7496923076923077	0.6429230769230769	0.6941538461538461	0.646	0.7284615384615385	0.6913846153846154	0.7413846153846154	0.5487692307692308	0.5747692307692308	0.6092307692307692	0.6624615384615384	0.616	0.581076923076923	0.532	0.5366153846153846	0.548	0.6876923076923077	0.6541538461538462	0.6481538461538462	0.7244615384615385	0.6136923076923076	0.7444615384615385	0.7910769230769231	0.6318461538461538	0.6275384615384615	0.63	0.6718461538461539	0.6301538461538462	0.5778461538461539	0.6169230769230769	0.6549230769230769	0.6410769230769231	0.6746153846153846	0.8866153846153846
SRR19621178	0.825076923076923	0.8612307692307692	0.8261538461538461	0.5787692307692308	0.6573846153846153	0.6426153846153846	0.616	0.6358461538461538	0.7647692307692308	0.6133846153846154	0.6816923076923077	0.7627692307692308	0.8743076923076923	0.7532307692307693	0.6312307692307693	0.6503076923076923	0.5958461538461538	0.664923076923077	0.7053846153846154	0.6912307692307692	0.8453846153846154	0.7376923076923076	0.8529230769230769	0.7515384615384615	0.8535384615384616	0.7510769230769231	0.6613846153846153	0.6196923076923077	0.5684615384615385	0.6109230769230769	0.6256923076923077	0.6698461538461539	0.6536923076923077	0.6655384615384615	0.6329230769230769	0.5835384615384616	0.5470769230769231	0.6196923076923077	0.72	0.7109230769230769	0.5792307692307692	0.6086153846153847	0.6330769230769231	0.718	0.6906153846153846	0.654	0.8958461538461538	0.7393846153846154	0.6872307692307692	0.722	0.7306153846153847	0.728	0.7215384615384616	0.6944615384615385	0.7493846153846154	0.6975384615384616	0.6469230769230769	0.5866153846153846	0.8133846153846154	0.6627692307692308	0.0	0.42830769230769233	0.7496923076923077	0.40184615384615385	0.572	0.6272307692307693	0.6389230769230769	0.6570769230769231	0.6538461538461539	0.5958461538461538	0.7192307692307692	0.7175384615384616	0.662923076923077	0.5866153846153846	0.7176923076923077	0.7184615384615385	0.6887692307692308	0.6933846153846154	0.7390769230769231	0.7593846153846154	0.6301538461538462	0.6406153846153846	0.7281538461538462	0.7253846153846154	0.85	0.6647692307692308	0.6186153846153846	0.7132307692307692	0.6350769230769231	0.7413846153846154	0.5809230769230769	0.6141538461538462	0.6875384615384615	0.6716923076923077	0.6715384615384615	0.5598461538461539	0.5752307692307692	0.6093846153846154	0.6989230769230769	0.808	0.7238461538461538	0.7863076923076923	0.7113846153846154	0.6756923076923077	0.6978461538461539	0.7264615384615385	0.690923076923077	0.5998461538461538	0.6852307692307692	0.7575384615384615	0.7376923076923076	0.676923076923077	0.5981538461538461	0.656	0.681076923076923	0.8441538461538461	0.9138461538461539
SRR19621179	0.8763076923076923	0.8796923076923077	0.8709230769230769	0.7109230769230769	0.7878461538461539	0.8007692307692308	0.7786153846153846	0.7636923076923077	0.7570769230769231	0.7695384615384615	0.8001538461538461	0.816	0.8861538461538462	0.8167692307692308	0.7801538461538462	0.7333846153846154	0.6863076923076923	0.7607692307692308	0.786	0.841076923076923	0.808923076923077	0.816	0.84	0.7810769230769231	0.7756923076923077	0.6872307692307692	0.7450769230769231	0.6927692307692308	0.7049230769230769	0.6784615384615384	0.7490769230769231	0.712	0.7856923076923077	0.7764615384615384	0.7676923076923077	0.7835384615384615	0.6963076923076923	0.7013846153846154	0.8036923076923077	0.81	0.6083076923076923	0.6638461538461539	0.6543076923076923	0.8023076923076923	0.694923076923077	0.688	0.8526153846153847	0.8313846153846154	0.8164615384615385	0.7892307692307692	0.7736923076923077	0.7603076923076924	0.7718461538461538	0.7904615384615384	0.7407692307692307	0.7915384615384615	0.7623076923076924	0.6913846153846154	0.8616923076923076	0.8213846153846154	0.42830769230769233	0.0	0.7018461538461539	0.6472307692307693	0.7901538461538462	0.7773846153846153	0.8	0.7609230769230769	0.7304615384615385	0.682	0.8035384615384615	0.8004615384615384	0.7447692307692307	0.7173846153846154	0.7853846153846153	0.8186153846153846	0.7796923076923077	0.804	0.7853846153846153	0.7986153846153846	0.7207692307692307	0.7490769230769231	0.7655384615384615	0.7433846153846154	0.8907692307692308	0.701076923076923	0.7510769230769231	0.7323076923076923	0.7561538461538462	0.8038461538461539	0.7498461538461538	0.7438461538461538	0.8247692307692308	0.6907692307692308	0.7667692307692308	0.7427692307692307	0.7069230769230769	0.7056923076923077	0.7955384615384615	0.8650769230769231	0.7910769230769231	0.8272307692307692	0.7892307692307692	0.7646153846153846	0.8012307692307692	0.78	0.778	0.7270769230769231	0.8126153846153846	0.8224615384615385	0.844	0.7872307692307692	0.7006153846153846	0.7096923076923077	0.7489230769230769	0.8750769230769231	0.9595384615384616
SRR19621180	0.9515384615384616	0.9638461538461538	0.941076923076923	0.7089230769230769	0.8912307692307693	0.9016923076923077	0.8827692307692308	0.7821538461538462	0.818	0.7312307692307692	0.8103076923076923	0.8507692307692307	0.9009230769230769	0.8801538461538462	0.7309230769230769	0.8078461538461539	0.7910769230769231	0.8404615384615385	0.8550769230769231	0.8987692307692308	0.8716923076923077	0.7532307692307693	0.9092307692307692	0.8404615384615385	0.8261538461538461	0.7552307692307693	0.6715384615384615	0.7527692307692307	0.8035384615384615	0.6903076923076923	0.8718461538461538	0.8572307692307692	0.7427692307692307	0.8313846153846154	0.7575384615384615	0.7710769230769231	0.7933846153846154	0.7746153846153846	0.8875384615384615	0.8683076923076923	0.6847692307692308	0.7772307692307693	0.7107692307692308	0.8515384615384616	0.794	0.7790769230769231	0.8610769230769231	0.8741538461538462	0.798923076923077	0.8630769230769231	0.9076923076923077	0.9195384615384615	0.8989230769230769	0.9144615384615384	0.3829230769230769	0.9304615384615385	0.9073846153846153	0.6843076923076923	0.942	0.8895384615384615	0.7496923076923077	0.7018461538461539	0.0	0.6681538461538462	0.8998461538461539	0.8989230769230769	0.8990769230769231	0.8438461538461538	0.7218461538461538	0.7778461538461539	0.5373846153846153	0.8909230769230769	0.8449230769230769	0.8815384615384615	0.7715384615384615	0.7952307692307692	0.7441538461538462	0.724	0.7278461538461538	0.6995384615384616	0.8293846153846154	0.802923076923077	0.7966153846153846	0.7863076923076923	0.9252307692307692	0.7701538461538462	0.8755384615384615	0.8201538461538461	0.8403076923076923	0.8236923076923077	0.8313846153846154	0.8249230769230769	0.8843076923076924	0.8046153846153846	0.7213846153846154	0.814	0.804923076923077	0.8398461538461538	0.9110769230769231	0.930923076923077	0.8464615384615385	0.8904615384615384	0.6973846153846154	0.8047692307692308	0.6907692307692308	0.8463076923076923	0.838	0.8152307692307692	0.7364615384615385	0.8573846153846154	0.8856923076923077	0.7535384615384615	0.7804615384615384	0.8523076923076923	0.8144615384615385	0.916	0.9776923076923076
SRR19621181	0.8275384615384616	0.8916923076923077	0.824	0.584	0.7066153846153846	0.7043076923076923	0.660923076923077	0.7356923076923076	0.8038461538461539	0.5886153846153847	0.6341538461538462	0.8176923076923077	0.8833846153846154	0.82	0.5806153846153846	0.7544615384615385	0.7270769230769231	0.7510769230769231	0.7863076923076923	0.7787692307692308	0.9061538461538462	0.75	0.9292307692307692	0.8161538461538461	0.8667692307692307	0.7787692307692308	0.5433846153846154	0.6803076923076923	0.654	0.6750769230769231	0.6978461538461539	0.804	0.6807692307692308	0.6773846153846154	0.6778461538461539	0.5727692307692308	0.7107692307692308	0.706	0.7930769230769231	0.8132307692307692	0.6486153846153846	0.6847692307692308	0.6952307692307692	0.7178461538461538	0.732	0.7041538461538461	0.934923076923077	0.7598461538461538	0.6866153846153846	0.7583076923076923	0.8692307692307693	0.8436923076923077	0.8267692307692308	0.8501538461538461	0.6641538461538462	0.8506153846153847	0.7727692307692308	0.6367692307692308	0.8875384615384615	0.7447692307692307	0.40184615384615385	0.6472307692307693	0.6681538461538462	0.0	0.7095384615384616	0.7015384615384616	0.7326153846153847	0.6804615384615385	0.6164615384615385	0.6766153846153846	0.6375384615384615	0.703076923076923	0.7823076923076923	0.6796923076923077	0.7012307692307692	0.7089230769230769	0.6686153846153846	0.6095384615384616	0.7081538461538461	0.7018461538461539	0.7698461538461538	0.752	0.766	0.7732307692307693	0.8667692307692307	0.7204615384615385	0.7216923076923077	0.7412307692307692	0.7029230769230769	0.7867692307692308	0.6387692307692308	0.6847692307692308	0.66	0.7447692307692307	0.6221538461538462	0.6224615384615385	0.6907692307692308	0.7376923076923076	0.7733846153846153	0.8521538461538462	0.7958461538461539	0.8161538461538461	0.6095384615384616	0.6604615384615384	0.6258461538461538	0.8036923076923077	0.7724615384615384	0.7243076923076923	0.6267692307692307	0.7773846153846153	0.7883076923076923	0.6701538461538461	0.6966153846153846	0.7855384615384615	0.7116923076923077	0.8607692307692307	0.9043076923076923
SRR19621182	0.8287692307692308	0.8829230769230769	0.9050769230769231	0.6432307692307693	0.5696923076923077	0.4723076923076923	0.5195384615384615	0.6227692307692307	0.78	0.5029230769230769	0.6916923076923077	0.7303076923076923	0.86	0.6423076923076924	0.6667692307692308	0.5904615384615385	0.6164615384615385	0.5686153846153846	0.6209230769230769	0.5552307692307692	0.9187692307692308	0.7818461538461539	0.8798461538461538	0.748	0.9436923076923077	0.8589230769230769	0.7409230769230769	0.5864615384615385	0.5915384615384616	0.6170769230769231	0.5196923076923077	0.6016923076923076	0.682923076923077	0.6296923076923077	0.6047692307692307	0.5495384615384615	0.5507692307692308	0.6209230769230769	0.6175384615384616	0.5266153846153846	0.7329230769230769	0.6958461538461539	0.7569230769230769	0.704	0.7943076923076923	0.8138461538461539	0.9521538461538461	0.7778461538461539	0.7810769230769231	0.7687692307692308	0.6755384615384615	0.6704615384615384	0.592	0.6476923076923077	0.9153846153846154	0.6323076923076923	0.5718461538461539	0.6475384615384615	0.8244615384615385	0.5881538461538461	0.572	0.7901538461538462	0.8998461538461539	0.7095384615384616	0.0	0.4613846153846154	0.42646153846153845	0.662923076923077	0.6895384615384615	0.706	0.8530769230769231	0.6435384615384615	0.6995384615384616	0.5833846153846154	0.6766153846153846	0.6881538461538461	0.6584615384615384	0.7707692307692308	0.7904615384615384	0.8124615384615385	0.6292307692307693	0.6332307692307693	0.7190769230769231	0.7453846153846154	0.7713846153846153	0.7270769230769231	0.4970769230769231	0.674923076923077	0.5515384615384615	0.6210769230769231	0.484	0.5821538461538461	0.6064615384615385	0.5638461538461539	0.6138461538461538	0.5698461538461539	0.6104615384615385	0.5743076923076923	0.6730769230769231	0.6966153846153846	0.6496923076923077	0.6475384615384615	0.8204615384615385	0.6673846153846154	0.8589230769230769	0.8573846153846154	0.6732307692307692	0.6466153846153846	0.6684615384615384	0.7175384615384616	0.6966153846153846	0.678	0.6098461538461538	0.5815384615384616	0.7069230769230769	0.7878461538461539	0.8916923076923077
SRR19621183	0.804923076923077	0.8652307692307692	0.8232307692307692	0.6746153846153846	0.6309230769230769	0.6407692307692308	0.6526153846153846	0.5861538461538461	0.7473846153846154	0.6566153846153846	0.6272307692307693	0.7023076923076923	0.8283076923076923	0.6826153846153846	0.6416923076923077	0.6493846153846153	0.6486153846153846	0.5852307692307692	0.5856923076923077	0.6067692307692307	0.8755384615384615	0.7686153846153846	0.8690769230769231	0.7689230769230769	0.9472307692307692	0.8423076923076923	0.7533846153846154	0.7172307692307692	0.695076923076923	0.7443076923076923	0.596	0.6249230769230769	0.6546153846153846	0.6129230769230769	0.6703076923076923	0.5886153846153847	0.6213846153846154	0.6781538461538461	0.6230769230769231	0.6375384615384615	0.7415384615384616	0.7429230769230769	0.7652307692307693	0.6896923076923077	0.7567692307692307	0.7695384615384615	0.9473846153846154	0.7098461538461538	0.738	0.7250769230769231	0.7104615384615385	0.7124615384615385	0.6555384615384615	0.6915384615384615	0.9152307692307692	0.6903076923076923	0.6172307692307692	0.6847692307692308	0.8133846153846154	0.6558461538461539	0.6272307692307693	0.7773846153846153	0.8989230769230769	0.7015384615384616	0.4613846153846154	0.0	0.19446153846153846	0.7273846153846154	0.6158461538461538	0.6378461538461538	0.8336923076923077	0.6644615384615384	0.6364615384615384	0.562	0.6586153846153846	0.5058461538461538	0.5386153846153846	0.7430769230769231	0.7981538461538461	0.813076923076923	0.5913846153846154	0.6695384615384615	0.6936923076923077	0.714	0.7224615384615385	0.558	0.6118461538461538	0.6666153846153846	0.5744615384615385	0.7433846153846154	0.5541538461538461	0.5855384615384616	0.6443076923076924	0.5766153846153846	0.6524615384615384	0.6612307692307692	0.6641538461538462	0.6733846153846154	0.722	0.7007692307692308	0.6836923076923077	0.6512307692307693	0.794	0.5973846153846154	0.8104615384615385	0.8316923076923077	0.682	0.6167692307692307	0.6726153846153846	0.7233846153846154	0.73	0.7269230769230769	0.6701538461538461	0.6087692307692307	0.6352307692307693	0.7284615384615385	0.823076923076923
SRR19621184	0.7695384615384615	0.8535384615384616	0.8136923076923077	0.6836923076923077	0.61	0.6089230769230769	0.648	0.5761538461538461	0.7776923076923077	0.6446153846153846	0.666	0.6687692307692308	0.7936923076923077	0.6569230769230769	0.6573846153846153	0.6418461538461538	0.6516923076923077	0.5523076923076923	0.5583076923076923	0.6107692307692307	0.8715384615384615	0.7850769230769231	0.8449230769230769	0.7653846153846153	0.9416923076923077	0.8510769230769231	0.7841538461538462	0.706	0.7063076923076923	0.742	0.5901538461538461	0.6201538461538462	0.6755384615384615	0.6364615384615384	0.6693846153846154	0.6070769230769231	0.5996923076923077	0.6821538461538461	0.5955384615384616	0.6366153846153846	0.738	0.7226153846153847	0.7443076923076923	0.7207692307692307	0.7841538461538462	0.7843076923076923	0.9484615384615385	0.6824615384615385	0.7287692307692307	0.7324615384615385	0.6838461538461539	0.6927692307692308	0.6146153846153846	0.672	0.9156923076923077	0.6756923076923077	0.6047692307692307	0.6715384615384615	0.7861538461538462	0.6241538461538462	0.6389230769230769	0.8	0.8990769230769231	0.7326153846153847	0.42646153846153845	0.19446153846153846	0.0	0.7424615384615385	0.6321538461538462	0.6646153846153846	0.8407692307692308	0.666	0.6583076923076923	0.575076923076923	0.680923076923077	0.5598461538461539	0.558	0.7549230769230769	0.7938461538461539	0.8038461538461539	0.5758461538461539	0.6381538461538462	0.7264615384615385	0.7378461538461538	0.7181538461538461	0.5887692307692308	0.6096923076923076	0.6803076923076923	0.5753846153846154	0.7381538461538462	0.5661538461538461	0.5935384615384616	0.6824615384615385	0.5726153846153846	0.6496923076923077	0.648	0.6792307692307692	0.6538461538461539	0.6989230769230769	0.7035384615384616	0.6907692307692308	0.6572307692307693	0.8035384615384615	0.6383076923076924	0.8127692307692308	0.8198461538461539	0.6593846153846153	0.6210769230769231	0.682923076923077	0.7516923076923077	0.7316923076923076	0.7381538461538462	0.6513846153846153	0.5978461538461538	0.680923076923077	0.7343076923076923	0.7958461538461539
SRR19621185	0.924923076923077	0.9632307692307692	0.8655384615384616	0.6367692307692308	0.5941538461538461	0.6044615384615385	0.4878461538461539	0.7403076923076923	0.796923076923077	0.6267692307692307	0.587076923076923	0.7776923076923077	0.8896923076923077	0.7156923076923077	0.6726153846153846	0.6893846153846154	0.7144615384615385	0.6853846153846154	0.7233846153846154	0.728	0.9227692307692308	0.6623076923076923	0.9364615384615385	0.7198461538461538	0.833076923076923	0.7206153846153847	0.5993846153846154	0.6373846153846154	0.47	0.6206153846153846	0.5149230769230769	0.56	0.6295384615384615	0.5667692307692308	0.6361538461538462	0.6158461538461538	0.7524615384615385	0.6884615384615385	0.6486153846153846	0.6806153846153846	0.7598461538461538	0.6986153846153846	0.7389230769230769	0.5024615384615385	0.8056923076923077	0.7652307692307693	0.8909230769230769	0.6684615384615384	0.6198461538461538	0.6016923076923076	0.819076923076923	0.8072307692307692	0.7746153846153846	0.738	0.8555384615384616	0.7843076923076923	0.6533846153846153	0.7610769230769231	0.864	0.6229230769230769	0.6570769230769231	0.7609230769230769	0.8438461538461538	0.6804615384615385	0.662923076923077	0.7273846153846154	0.7424615384615385	0.0	0.4909230769230769	0.5492307692307692	0.7650769230769231	0.5518461538461539	0.6750769230769231	0.5843076923076923	0.5613846153846154	0.6687692307692308	0.6473846153846153	0.6456923076923077	0.6306153846153846	0.6512307692307693	0.7195384615384616	0.722	0.6406153846153846	0.685076923076923	0.8038461538461539	0.678	0.7315384615384616	0.79	0.7595384615384615	0.7904615384615384	0.5352307692307692	0.5896923076923077	0.5553846153846154	0.7327692307692307	0.6995384615384616	0.5966153846153847	0.6121538461538462	0.6009230769230769	0.6813846153846154	0.7955384615384615	0.6656923076923077	0.726	0.6556923076923077	0.6212307692307693	0.6901538461538461	0.7266153846153847	0.5695384615384615	0.606	0.6169230769230769	0.6636923076923077	0.6673846153846154	0.6461538461538462	0.6209230769230769	0.6755384615384615	0.6053846153846154	0.7975384615384615	0.8838461538461538
SRR19621186	0.922923076923077	0.9573846153846154	0.9032307692307693	0.6341538461538462	0.6153846153846154	0.6547692307692308	0.6009230769230769	0.6449230769230769	0.7763076923076923	0.562923076923077	0.5084615384615384	0.7561538461538462	0.8870769230769231	0.7658461538461538	0.6144615384615385	0.664923076923077	0.6663076923076923	0.6493846153846153	0.6607692307692308	0.7236923076923077	0.9086153846153846	0.6163076923076923	0.9146153846153846	0.7650769230769231	0.9035384615384615	0.7927692307692308	0.5963076923076923	0.6004615384615385	0.5803076923076923	0.6147692307692307	0.6169230769230769	0.6230769230769231	0.504	0.563076923076923	0.6435384615384615	0.5953846153846154	0.6416923076923077	0.6550769230769231	0.703076923076923	0.7172307692307692	0.6490769230769231	0.587076923076923	0.5763076923076923	0.5963076923076923	0.812	0.7570769230769231	0.928923076923077	0.7444615384615385	0.6813846153846154	0.7109230769230769	0.8421538461538461	0.8338461538461538	0.7966153846153846	0.7846153846153846	0.7341538461538462	0.7826153846153846	0.7207692307692307	0.644	0.874	0.7089230769230769	0.6538461538461539	0.7304615384615385	0.7218461538461538	0.6164615384615385	0.6895384615384615	0.6158461538461538	0.6321538461538462	0.4909230769230769	0.0	0.2449230769230769	0.668923076923077	0.6238461538461538	0.7209230769230769	0.6053846153846154	0.6009230769230769	0.49323076923076925	0.42738461538461536	0.6353846153846154	0.5906153846153847	0.546923076923077	0.6116923076923076	0.6264615384615385	0.6063076923076923	0.6009230769230769	0.774	0.4936923076923077	0.7633846153846154	0.7770769230769231	0.7256923076923077	0.7544615384615385	0.5443076923076923	0.5543076923076923	0.6461538461538462	0.6630769230769231	0.5892307692307692	0.6333846153846154	0.6383076923076924	0.6652307692307692	0.7684615384615384	0.7993846153846154	0.7112307692307692	0.7296923076923076	0.5889230769230769	0.5327692307692308	0.6450769230769231	0.8066153846153846	0.648	0.578	0.5250769230769231	0.7136923076923077	0.7327692307692307	0.6204615384615385	0.6383076923076924	0.7427692307692307	0.5924615384615385	0.79	0.9392307692307692
SRR19621187	0.932	0.9564615384615385	0.7706153846153846	0.6770769230769231	0.6524615384615384	0.6832307692307692	0.6370769230769231	0.6621538461538462	0.8073846153846154	0.6176923076923077	0.5601538461538461	0.7772307692307693	0.902	0.7781538461538462	0.6967692307692308	0.6738461538461539	0.6381538461538462	0.7009230769230769	0.6878461538461539	0.7561538461538462	0.9267692307692308	0.646	0.9267692307692308	0.7926153846153846	0.926923076923077	0.8192307692307692	0.6635384615384615	0.6403076923076924	0.5963076923076923	0.6367692307692308	0.6503076923076923	0.624	0.5581538461538461	0.6055384615384616	0.666923076923077	0.632	0.6606153846153846	0.6795384615384615	0.7253846153846154	0.7353846153846154	0.6043076923076923	0.4929230769230769	0.5732307692307692	0.6456923076923077	0.8233846153846154	0.7587692307692308	0.9452307692307692	0.7630769230769231	0.7035384615384616	0.7296923076923076	0.7056923076923077	0.7352307692307692	0.782	0.6783076923076923	0.7941538461538461	0.7452307692307693	0.695076923076923	0.716	0.8538461538461538	0.7238461538461538	0.5958461538461538	0.682	0.7778461538461539	0.6766153846153846	0.706	0.6378461538461538	0.6646153846153846	0.5492307692307692	0.2449230769230769	0.0	0.7236923076923077	0.6538461538461539	0.65	0.5695384615384615	0.6506153846153846	0.5356923076923077	0.5378461538461539	0.7004615384615385	0.6553846153846153	0.6389230769230769	0.5584615384615385	0.5758461538461539	0.6710769230769231	0.6395384615384615	0.7895384615384615	0.5424615384615384	0.748	0.7784615384615384	0.7455384615384615	0.7529230769230769	0.577076923076923	0.5961538461538461	0.6730769230769231	0.6915384615384615	0.6578461538461539	0.6410769230769231	0.6301538461538462	0.6916923076923077	0.7735384615384615	0.8227692307692308	0.7207692307692307	0.752	0.6692307692307692	0.566923076923077	0.7072307692307692	0.82	0.662923076923077	0.5515384615384615	0.6064615384615385	0.7569230769230769	0.7607692307692308	0.6663076923076923	0.6612307692307692	0.7772307692307693	0.6047692307692307	0.8063076923076923	0.9464615384615385
SRR19621188	0.9178461538461539	0.9421538461538461	0.912	0.6798461538461539	0.8261538461538461	0.8421538461538461	0.8349230769230769	0.7549230769230769	0.8455384615384616	0.6573846153846153	0.7241538461538461	0.820923076923077	0.8929230769230769	0.8769230769230769	0.6712307692307692	0.7749230769230769	0.7732307692307693	0.7904615384615384	0.8247692307692308	0.8246153846153846	0.8881538461538462	0.7453846153846154	0.9196923076923077	0.8013846153846154	0.856	0.8018461538461539	0.6858461538461539	0.7361538461538462	0.7435384615384616	0.7213846153846154	0.8113846153846154	0.8186153846153846	0.7058461538461539	0.752	0.7155384615384616	0.6693846153846154	0.7461538461538462	0.728	0.8470769230769231	0.8326153846153846	0.5176923076923077	0.7710769230769231	0.715076923076923	0.8092307692307692	0.8364615384615385	0.7444615384615385	0.9047692307692308	0.8175384615384615	0.7166153846153847	0.7956923076923077	0.8932307692307693	0.8893846153846154	0.8507692307692307	0.8850769230769231	0.42153846153846153	0.8870769230769231	0.8789230769230769	0.6526153846153846	0.9336923076923077	0.8327692307692308	0.7192307692307692	0.8035384615384615	0.5373846153846153	0.6375384615384615	0.8530769230769231	0.8336923076923077	0.8407692307692308	0.7650769230769231	0.668923076923077	0.7236923076923077	0.0	0.8183076923076923	0.8018461538461539	0.8086153846153846	0.7466153846153846	0.7473846153846154	0.6833846153846154	0.6753846153846154	0.6973846153846154	0.6441538461538462	0.7830769230769231	0.7278461538461538	0.784	0.7706153846153846	0.8686153846153846	0.7312307692307692	0.8403076923076923	0.838	0.8221538461538461	0.808	0.7246153846153847	0.7670769230769231	0.7664615384615384	0.8033846153846154	0.6447692307692308	0.7712307692307693	0.7372307692307692	0.7716923076923077	0.848	0.908	0.8367692307692308	0.8789230769230769	0.6473846153846153	0.7232307692307692	0.5470769230769231	0.8086153846153846	0.7993846153846154	0.7489230769230769	0.5944615384615385	0.848	0.8309230769230769	0.766	0.7493846153846154	0.7901538461538462	0.756	0.8610769230769231	0.939076923076923
SRR19621189	0.7926153846153846	0.8215384615384616	0.8086153846153846	0.6513846153846153	0.46215384615384614	0.446	0.4786153846153846	0.6806153846153846	0.802	0.6509230769230769	0.5427692307692308	0.7198461538461538	0.8626153846153846	0.6501538461538462	0.6133846153846154	0.6450769230769231	0.6767692307692308	0.6061538461538462	0.6356923076923077	0.6083076923076923	0.9132307692307692	0.7267692307692307	0.9103076923076923	0.7587692307692308	0.9296923076923077	0.7946153846153846	0.608	0.5861538461538461	0.4966153846153846	0.6353846153846154	0.45169230769230767	0.528	0.6495384615384615	0.4696923076923077	0.6352307692307693	0.5315384615384615	0.7172307692307692	0.699076923076923	0.5778461538461539	0.6064615384615385	0.7709230769230769	0.7146153846153847	0.7423076923076923	0.5744615384615385	0.8266153846153846	0.7990769230769231	0.9478461538461539	0.6216923076923077	0.6510769230769231	0.6044615384615385	0.7403076923076923	0.706	0.684	0.6663076923076923	0.8913846153846153	0.6978461538461539	0.544923076923077	0.7493846153846154	0.8198461538461539	0.5715384615384616	0.7175384615384616	0.8004615384615384	0.8909230769230769	0.703076923076923	0.6435384615384615	0.6644615384615384	0.666	0.5518461538461539	0.6238461538461538	0.6538461538461539	0.8183076923076923	0.0	0.5572307692307692	0.5149230769230769	0.5829230769230769	0.6775384615384615	0.6526153846153846	0.6176923076923077	0.7143076923076923	0.7272307692307692	0.7044615384615385	0.7061538461538461	0.6318461538461538	0.7153846153846154	0.744	0.7083076923076923	0.5130769230769231	0.6663076923076923	0.5970769230769231	0.7709230769230769	0.5189230769230769	0.5552307692307692	0.5684615384615385	0.6610769230769231	0.5518461538461539	0.5446153846153846	0.5727692307692308	0.5729230769230769	0.6596923076923077	0.7472307692307693	0.6921538461538461	0.7078461538461538	0.63	0.5603076923076923	0.7133846153846154	0.7507692307692307	0.6143076923076923	0.5949230769230769	0.5703076923076923	0.7218461538461538	0.6963076923076923	0.6486153846153846	0.5352307692307692	0.6463076923076924	0.5938461538461538	0.7452307692307693	0.9101538461538462
SRR19621190	0.7863076923076923	0.8293846153846154	0.7261538461538461	0.7464615384615385	0.6898461538461539	0.6938461538461539	0.7098461538461538	0.6706153846153846	0.7598461538461538	0.7307692307692307	0.6515384615384615	0.6927692307692308	0.7933846153846154	0.7315384615384616	0.6984615384615385	0.7166153846153847	0.7075384615384616	0.6216923076923077	0.6470769230769231	0.6736923076923077	0.8321538461538461	0.7398461538461538	0.8161538461538461	0.784	0.8847692307692308	0.8147692307692308	0.7046153846153846	0.6858461538461539	0.6596923076923077	0.7424615384615385	0.6427692307692308	0.6607692307692308	0.6647692307692308	0.662923076923077	0.688	0.6686153846153846	0.786	0.8012307692307692	0.7270769230769231	0.7072307692307692	0.7295384615384616	0.7804615384615384	0.7556923076923077	0.7321538461538462	0.834	0.7864615384615384	0.9061538461538462	0.7426153846153846	0.7324615384615385	0.7189230769230769	0.6933846153846154	0.6766153846153846	0.7393846153846154	0.6336923076923077	0.8643076923076923	0.7093846153846154	0.67	0.8072307692307692	0.8667692307692307	0.7236923076923077	0.662923076923077	0.7447692307692307	0.8449230769230769	0.7823076923076923	0.6995384615384616	0.6364615384615384	0.6583076923076923	0.6750769230769231	0.7209230769230769	0.65	0.8018461538461539	0.5572307692307692	0.0	0.37153846153846154	0.6803076923076923	0.7432307692307693	0.703076923076923	0.7250769230769231	0.8164615384615385	0.8015384615384615	0.6355384615384615	0.6801538461538461	0.6121538461538462	0.678923076923077	0.7470769230769231	0.7161538461538461	0.6130769230769231	0.6504615384615384	0.5944615384615385	0.7798461538461539	0.6041538461538462	0.6603076923076923	0.636	0.6510769230769231	0.718	0.7178461538461538	0.6266153846153846	0.6561538461538462	0.7287692307692307	0.8181538461538461	0.7778461538461539	0.812	0.724	0.616	0.7664615384615384	0.7583076923076923	0.7373846153846154	0.6529230769230769	0.7418461538461538	0.7593846153846154	0.7663076923076924	0.6641538461538462	0.7426153846153846	0.6913846153846154	0.648	0.7589230769230769	0.8956923076923077
SRR19621191	0.7856923076923077	0.8207692307692308	0.7487692307692307	0.6496923076923077	0.6133846153846154	0.5575384615384615	0.5575384615384615	0.6364615384615384	0.7472307692307693	0.6223076923076923	0.5978461538461538	0.6695384615384615	0.8184615384615385	0.7112307692307692	0.686	0.7018461538461539	0.6684615384615384	0.5976923076923077	0.6033846153846154	0.685076923076923	0.8610769230769231	0.707076923076923	0.8163076923076923	0.7310769230769231	0.9009230769230769	0.7855384615384615	0.6490769230769231	0.6372307692307693	0.562923076923077	0.6313846153846154	0.5276923076923077	0.5913846153846154	0.6143076923076923	0.6156923076923076	0.6563076923076923	0.5824615384615385	0.7141538461538461	0.7572307692307693	0.6815384615384615	0.662923076923077	0.7158461538461538	0.7187692307692307	0.7429230769230769	0.6275384615384615	0.8307692307692308	0.8067692307692308	0.91	0.7023076923076923	0.7007692307692308	0.7156923076923077	0.7075384615384616	0.6983076923076923	0.7043076923076923	0.6546153846153846	0.8836923076923077	0.7049230769230769	0.5924615384615385	0.778	0.8295384615384616	0.6447692307692308	0.5866153846153846	0.7173846153846154	0.8815384615384615	0.6796923076923077	0.5833846153846154	0.562	0.575076923076923	0.5843076923076923	0.6053846153846154	0.5695384615384615	0.8086153846153846	0.5149230769230769	0.37153846153846154	0.0	0.6396923076923077	0.6476923076923077	0.6310769230769231	0.7232307692307692	0.7987692307692308	0.8136923076923077	0.5316923076923077	0.6010769230769231	0.6647692307692308	0.662	0.716	0.6243076923076923	0.6009230769230769	0.6873846153846154	0.5833846153846154	0.7421538461538462	0.45246153846153847	0.5113846153846154	0.5490769230769231	0.6073846153846154	0.6690769230769231	0.6166153846153846	0.6098461538461538	0.6193846153846154	0.6775384615384615	0.7830769230769231	0.7524615384615385	0.7656923076923077	0.7583076923076923	0.5329230769230769	0.8135384615384615	0.7983076923076923	0.6966153846153846	0.6492307692307693	0.6989230769230769	0.7186153846153847	0.7463076923076923	0.6975384615384616	0.6513846153846153	0.6907692307692308	0.6310769230769231	0.7453846153846154	0.9101538461538462
SRR19621192	0.8927692307692308	0.9173846153846154	0.8452307692307692	0.5416923076923077	0.6269230769230769	0.6253846153846154	0.5895384615384616	0.714	0.7921538461538462	0.5749230769230769	0.5113846153846154	0.7996923076923077	0.9121538461538462	0.6863076923076923	0.6058461538461538	0.5716923076923077	0.5924615384615385	0.684923076923077	0.7183076923076923	0.7096923076923077	0.908923076923077	0.6475384615384615	0.9361538461538461	0.7324615384615385	0.8724615384615385	0.7433846153846154	0.5393846153846154	0.4886153846153846	0.5166153846153846	0.6135384615384616	0.5553846153846154	0.5356923076923077	0.5907692307692308	0.4916923076923077	0.5738461538461539	0.579076923076923	0.664	0.6163076923076923	0.5655384615384615	0.6361538461538462	0.697076923076923	0.6569230769230769	0.6932307692307692	0.49046153846153845	0.7296923076923076	0.7426153846153846	0.8953846153846153	0.7224615384615385	0.616	0.697076923076923	0.7704615384615384	0.7915384615384615	0.7346153846153847	0.6938461538461539	0.7652307692307693	0.7556923076923077	0.6766153846153846	0.6333846153846154	0.8235384615384616	0.6150769230769231	0.7176923076923077	0.7853846153846153	0.7715384615384615	0.7012307692307692	0.6766153846153846	0.6586153846153846	0.680923076923077	0.5613846153846154	0.6009230769230769	0.6506153846153846	0.7466153846153846	0.5829230769230769	0.6803076923076923	0.6396923076923077	0.0	0.48415384615384616	0.41784615384615387	0.5818461538461538	0.578	0.6055384615384616	0.6569230769230769	0.5990769230769231	0.5938461538461538	0.6803076923076923	0.7841538461538462	0.6933846153846154	0.7041538461538461	0.7269230769230769	0.7121538461538461	0.7007692307692308	0.542	0.570923076923077	0.5896923076923077	0.6578461538461539	0.5744615384615385	0.6333846153846154	0.5773846153846154	0.6096923076923076	0.7347692307692307	0.7487692307692307	0.6587692307692308	0.6506153846153846	0.5987692307692307	0.538	0.6393846153846154	0.7363076923076923	0.658923076923077	0.6290769230769231	0.5767692307692308	0.6515384615384615	0.7275384615384616	0.524	0.5175384615384615	0.6063076923076923	0.5693846153846154	0.7870769230769231	0.9258461538461539
SRR19621193	0.914	0.929076923076923	0.8881538461538462	0.6224615384615385	0.6283076923076923	0.6626153846153846	0.6387692307692308	0.6224615384615385	0.7835384615384615	0.6181538461538462	0.5527692307692308	0.7623076923076924	0.9069230769230769	0.7647692307692308	0.6773846153846154	0.5976923076923077	0.63	0.6624615384615384	0.6452307692307693	0.7038461538461539	0.9256923076923077	0.6081538461538462	0.9364615384615385	0.7653846153846153	0.8886153846153846	0.7756923076923077	0.6867692307692308	0.6435384615384615	0.6446153846153846	0.6813846153846154	0.6644615384615384	0.6349230769230769	0.5173846153846153	0.6029230769230769	0.6529230769230769	0.6213846153846154	0.6083076923076923	0.6561538461538462	0.6836923076923077	0.6552307692307693	0.7518461538461538	0.7253846153846154	0.7330769230769231	0.5952307692307692	0.800923076923077	0.7812307692307693	0.9378461538461539	0.7366153846153846	0.6383076923076924	0.7232307692307692	0.7947692307692308	0.7938461538461539	0.7507692307692307	0.7436923076923077	0.7932307692307692	0.7776923076923077	0.707076923076923	0.6509230769230769	0.8273846153846154	0.6715384615384615	0.7184615384615385	0.8186153846153846	0.7952307692307692	0.7089230769230769	0.6881538461538461	0.5058461538461538	0.5598461538461539	0.6687692307692308	0.49323076923076925	0.5356923076923077	0.7473846153846154	0.6775384615384615	0.7432307692307693	0.6476923076923077	0.48415384615384616	0.0	0.29646153846153844	0.6801538461538461	0.678	0.6861538461538461	0.562923076923077	0.5835384615384616	0.7215384615384616	0.7075384615384616	0.7487692307692307	0.5353846153846153	0.7687692307692308	0.7424615384615385	0.7087692307692308	0.7236923076923077	0.5483076923076923	0.5316923076923077	0.6473846153846153	0.6269230769230769	0.6213846153846154	0.6318461538461538	0.6606153846153846	0.6687692307692308	0.7821538461538462	0.7510769230769231	0.680923076923077	0.6995384615384616	0.6923076923076923	0.5027692307692307	0.7152307692307692	0.8203076923076923	0.6447692307692308	0.6138461538461538	0.5847692307692308	0.6987692307692308	0.691076923076923	0.6873846153846154	0.6252307692307693	0.7101538461538461	0.5487692307692308	0.7632307692307693	0.920923076923077
SRR19621194	0.9083076923076923	0.9210769230769231	0.902	0.5723076923076923	0.6436923076923077	0.6578461538461539	0.6532307692307693	0.614	0.7638461538461538	0.5501538461538461	0.5507692307692308	0.7721538461538462	0.9075384615384615	0.7530769230769231	0.6158461538461538	0.6024615384615385	0.62	0.6327692307692308	0.6386153846153846	0.6915384615384615	0.9267692307692308	0.6118461538461538	0.924	0.7692307692307693	0.916	0.805076923076923	0.6238461538461538	0.5763076923076923	0.579076923076923	0.6155384615384616	0.6483076923076924	0.6449230769230769	0.5166153846153846	0.6049230769230769	0.6387692307692308	0.5847692307692308	0.6049230769230769	0.6858461538461539	0.6187692307692307	0.6633846153846154	0.6684615384615384	0.6750769230769231	0.6804615384615385	0.6113846153846154	0.7489230769230769	0.7538461538461538	0.9432307692307692	0.7369230769230769	0.6427692307692308	0.7167692307692307	0.7878461538461539	0.8055384615384615	0.7436923076923077	0.7387692307692307	0.7544615384615385	0.7801538461538462	0.7453846153846154	0.6310769230769231	0.8258461538461539	0.6523076923076923	0.6887692307692308	0.7796923076923077	0.7441538461538462	0.6686153846153846	0.6584615384615384	0.5386153846153846	0.558	0.6473846153846153	0.42738461538461536	0.5378461538461539	0.6833846153846154	0.6526153846153846	0.703076923076923	0.6310769230769231	0.41784615384615387	0.29646153846153844	0.0	0.612	0.6523076923076923	0.6343076923076924	0.5816923076923077	0.59	0.6203076923076923	0.6572307692307693	0.7458461538461538	0.5378461538461539	0.7381538461538462	0.7263076923076923	0.6450769230769231	0.7244615384615385	0.4829230769230769	0.5390769230769231	0.6244615384615385	0.58	0.5864615384615385	0.6363076923076924	0.6016923076923076	0.6530769230769231	0.7323076923076923	0.7716923076923077	0.6821538461538461	0.6984615384615385	0.6287692307692307	0.48184615384615387	0.6530769230769231	0.7973846153846154	0.6803076923076923	0.6326153846153846	0.5836923076923077	0.7133846153846154	0.738	0.6329230769230769	0.6152307692307692	0.632	0.568	0.762	0.9267692307692308
SRR19621195	0.8987692307692308	0.9276923076923077	0.8995384615384615	0.5996923076923077	0.7190769230769231	0.7106153846153846	0.679076923076923	0.7387692307692307	0.8141538461538461	0.612	0.5343076923076923	0.792	0.8910769230769231	0.7495384615384615	0.5398461538461539	0.6258461538461538	0.6427692307692308	0.7170769230769231	0.758	0.7112307692307692	0.9073846153846153	0.7026153846153846	0.9218461538461539	0.7607692307692308	0.9378461538461539	0.7958461538461539	0.565076923076923	0.5893846153846154	0.6229230769230769	0.666923076923077	0.6727692307692308	0.6730769230769231	0.6387692307692308	0.5912307692307692	0.6244615384615385	0.5615384615384615	0.7006153846153846	0.6698461538461539	0.6956923076923077	0.6872307692307692	0.6798461538461539	0.7092307692307692	0.707076923076923	0.6510769230769231	0.7846153846153846	0.7604615384615384	0.9407692307692308	0.7052307692307692	0.6243076923076923	0.6841538461538461	0.8335384615384616	0.8372307692307692	0.7924615384615384	0.7527692307692307	0.7152307692307692	0.8052307692307692	0.76	0.6593846153846153	0.8761538461538462	0.6973846153846154	0.6933846153846154	0.804	0.724	0.6095384615384616	0.7707692307692308	0.7430769230769231	0.7549230769230769	0.6456923076923077	0.6353846153846154	0.7004615384615385	0.6753846153846154	0.6176923076923077	0.7250769230769231	0.7232307692307692	0.5818461538461538	0.6801538461538461	0.612	0.0	0.47323076923076923	0.45753846153846156	0.7121538461538461	0.6681538461538462	0.6464615384615384	0.7347692307692307	0.7907692307692308	0.708	0.7103076923076923	0.6623076923076923	0.6792307692307692	0.7032307692307692	0.5823076923076923	0.6704615384615384	0.680923076923077	0.7898461538461539	0.6304615384615384	0.6918461538461539	0.6323076923076923	0.69	0.7826153846153846	0.8012307692307692	0.7224615384615385	0.7823076923076923	0.6346153846153846	0.5467692307692308	0.61	0.7753846153846153	0.694	0.6261538461538462	0.602	0.776	0.7793846153846153	0.57	0.4847692307692308	0.6476923076923077	0.5886153846153847	0.7913846153846154	0.9263076923076923
SRR19621196	0.9190769230769231	0.9461538461538461	0.8666153846153846	0.6515384615384615	0.712	0.764	0.6558461538461539	0.7684615384615384	0.8638461538461538	0.652	0.608	0.8083076923076923	0.9055384615384615	0.7853846153846153	0.668923076923077	0.5944615384615385	0.6152307692307692	0.7564615384615384	0.7693846153846153	0.7926153846153846	0.9056923076923077	0.674	0.9281538461538461	0.7189230769230769	0.8203076923076923	0.7167692307692307	0.713076923076923	0.6496923076923077	0.6556923076923077	0.728	0.6981538461538461	0.5752307692307692	0.6301538461538462	0.664	0.6101538461538462	0.6903076923076923	0.66	0.5315384615384615	0.7672307692307693	0.7169230769230769	0.648	0.6070769230769231	0.5595384615384615	0.6267692307692307	0.8106153846153846	0.7244615384615385	0.8787692307692307	0.7153846153846154	0.6133846153846154	0.6706153846153846	0.8203076923076923	0.824	0.8001538461538461	0.7816923076923077	0.7178461538461538	0.8329230769230769	0.7618461538461538	0.5915384615384616	0.8687692307692307	0.768	0.7390769230769231	0.7853846153846153	0.7278461538461538	0.7081538461538461	0.7904615384615384	0.7981538461538461	0.7938461538461539	0.6306153846153846	0.5906153846153847	0.6553846153846153	0.6973846153846154	0.7143076923076923	0.8164615384615385	0.7987692307692308	0.578	0.678	0.6523076923076923	0.47323076923076923	0.0	0.27276923076923076	0.7076923076923077	0.6435384615384615	0.7596923076923077	0.7329230769230769	0.84	0.7507692307692307	0.7710769230769231	0.7206153846153847	0.7750769230769231	0.7346153846153847	0.6943076923076923	0.6867692307692308	0.7686153846153846	0.7783076923076923	0.6498461538461539	0.7104615384615385	0.698	0.7121538461538461	0.819076923076923	0.8075384615384615	0.7038461538461539	0.7944615384615384	0.5847692307692308	0.6486153846153846	0.616	0.762	0.6309230769230769	0.566923076923077	0.5541538461538461	0.7204615384615385	0.7312307692307692	0.7129230769230769	0.5895384615384616	0.7064615384615385	0.6221538461538462	0.8355384615384616	0.9404615384615385
SRR19621197	0.9195384615384615	0.9513846153846154	0.9116923076923077	0.6509230769230769	0.7195384615384616	0.7776923076923077	0.6826153846153846	0.7616923076923077	0.8498461538461538	0.6418461538461538	0.6023076923076923	0.8167692307692308	0.9056923076923077	0.7867692307692308	0.6690769230769231	0.6064615384615385	0.6375384615384615	0.7726153846153846	0.7873846153846153	0.8004615384615384	0.8958461538461538	0.6978461538461539	0.9253846153846154	0.7613846153846154	0.8624615384615385	0.7609230769230769	0.7081538461538461	0.6703076923076923	0.6395384615384615	0.7035384615384616	0.6884615384615385	0.6218461538461538	0.676	0.664923076923077	0.6443076923076924	0.6938461538461539	0.685076923076923	0.6035384615384616	0.7723076923076924	0.7273846153846154	0.6441538461538462	0.63	0.5546153846153846	0.6847692307692308	0.8163076923076923	0.7384615384615385	0.9232307692307692	0.7049230769230769	0.6223076923076923	0.6026153846153847	0.8181538461538461	0.8252307692307692	0.7923076923076923	0.7844615384615384	0.689076923076923	0.8292307692307692	0.7752307692307693	0.6021538461538462	0.862	0.7723076923076924	0.7593846153846154	0.7986153846153846	0.6995384615384616	0.7018461538461539	0.8124615384615385	0.813076923076923	0.8038461538461539	0.6512307692307693	0.546923076923077	0.6389230769230769	0.6441538461538462	0.7272307692307692	0.8015384615384615	0.8136923076923077	0.6055384615384616	0.6861538461538461	0.6343076923076924	0.45753846153846156	0.27276923076923076	0.0	0.7190769230769231	0.6652307692307692	0.76	0.7336923076923076	0.8409230769230769	0.7427692307692307	0.7733846153846153	0.7386153846153846	0.7941538461538461	0.7270769230769231	0.6824615384615385	0.7081538461538461	0.7301538461538462	0.8023076923076923	0.6463076923076924	0.7236923076923077	0.6847692307692308	0.6912307692307692	0.7532307692307693	0.825076923076923	0.7210769230769231	0.7903076923076923	0.4593846153846154	0.6652307692307692	0.5495384615384615	0.6833846153846154	0.6566153846153846	0.570923076923077	0.554	0.8	0.8006153846153846	0.7187692307692307	0.5713846153846154	0.6406153846153846	0.6298461538461538	0.8343076923076923	0.9398461538461539
SRR19621198	0.8195384615384615	0.8681538461538462	0.8352307692307692	0.6921538461538461	0.6304615384615384	0.6552307692307693	0.6604615384615384	0.6130769230769231	0.7844615384615384	0.6047692307692307	0.6	0.6023076923076923	0.8113846153846154	0.6686153846153846	0.7467692307692307	0.5833846153846154	0.5738461538461539	0.6049230769230769	0.5953846153846154	0.7164615384615385	0.8855384615384615	0.6864615384615385	0.8446153846153847	0.7104615384615385	0.951076923076923	0.8201538461538461	0.7623076923076924	0.6244615384615385	0.6307692307692307	0.664923076923077	0.6303076923076923	0.5933846153846154	0.6161538461538462	0.6555384615384615	0.6963076923076923	0.6803076923076923	0.5801538461538461	0.6638461538461539	0.6664615384615384	0.6226153846153846	0.6524615384615384	0.6255384615384615	0.6621538461538462	0.6883076923076923	0.8607692307692307	0.7744615384615384	0.9595384615384616	0.7376923076923076	0.7115384615384616	0.7473846153846154	0.6492307692307693	0.6767692307692308	0.6718461538461539	0.6301538461538462	0.8327692307692308	0.6804615384615385	0.6103076923076923	0.6570769230769231	0.802923076923077	0.6864615384615385	0.6301538461538462	0.7207692307692307	0.8293846153846154	0.7698461538461538	0.6292307692307693	0.5913846153846154	0.5758461538461539	0.7195384615384616	0.6116923076923076	0.5584615384615385	0.7830769230769231	0.7044615384615385	0.6355384615384615	0.5316923076923077	0.6569230769230769	0.562923076923077	0.5816923076923077	0.7121538461538461	0.7076923076923077	0.7190769230769231	0.0	0.26415384615384613	0.7326153846153847	0.6598461538461539	0.7298461538461538	0.5809230769230769	0.6464615384615384	0.6638461538461539	0.61	0.5344615384615384	0.5026153846153846	0.588	0.6735384615384615	0.6138461538461538	0.6349230769230769	0.6569230769230769	0.6503076923076923	0.6415384615384615	0.7566153846153846	0.7535384615384615	0.6707692307692308	0.7023076923076923	0.7761538461538462	0.5593846153846154	0.8044615384615385	0.8724615384615385	0.6793846153846154	0.6052307692307692	0.6835384615384615	0.7509230769230769	0.7692307692307693	0.7164615384615385	0.6107692307692307	0.656	0.5955384615384616	0.74	0.924
SRR19621199	0.8633846153846154	0.9032307692307693	0.8550769230769231	0.6601538461538462	0.6338461538461538	0.6615384615384615	0.6646153846153846	0.6615384615384615	0.8044615384615385	0.575076923076923	0.5632307692307692	0.64	0.8113846153846154	0.67	0.7218461538461538	0.5432307692307692	0.5384615384615384	0.6443076923076924	0.6718461538461539	0.7195384615384616	0.902	0.6726153846153846	0.8923076923076924	0.7473846153846154	0.9544615384615385	0.8329230769230769	0.7218461538461538	0.6001538461538461	0.6387692307692308	0.6730769230769231	0.642	0.5772307692307692	0.608	0.6289230769230769	0.6624615384615384	0.6516923076923077	0.6049230769230769	0.6218461538461538	0.670923076923077	0.6333846153846154	0.646	0.6161538461538462	0.6358461538461538	0.6833846153846154	0.8687692307692307	0.7758461538461539	0.9633846153846154	0.7661538461538462	0.6704615384615384	0.7561538461538462	0.6606153846153846	0.6944615384615385	0.6632307692307692	0.6429230769230769	0.798923076923077	0.672	0.6221538461538462	0.6063076923076923	0.7926153846153846	0.6758461538461539	0.6406153846153846	0.7490769230769231	0.802923076923077	0.752	0.6332307692307693	0.6695384615384615	0.6381538461538462	0.722	0.6264615384615385	0.5758461538461539	0.7278461538461538	0.7061538461538461	0.6801538461538461	0.6010769230769231	0.5990769230769231	0.5835384615384616	0.59	0.6681538461538462	0.6435384615384615	0.6652307692307692	0.26415384615384613	0.0	0.7446153846153846	0.7009230769230769	0.7635384615384615	0.6803076923076923	0.65	0.6733846153846154	0.6304615384615384	0.5284615384615384	0.5398461538461539	0.5623076923076923	0.6706153846153846	0.6592307692307692	0.6133846153846154	0.6567692307692308	0.6326153846153846	0.6532307692307693	0.7584615384615384	0.7476923076923077	0.6455384615384615	0.692923076923077	0.7489230769230769	0.5521538461538461	0.7750769230769231	0.8830769230769231	0.6598461538461539	0.5863076923076923	0.6206153846153846	0.7472307692307693	0.7613846153846154	0.6772307692307692	0.5964615384615385	0.6706153846153846	0.581076923076923	0.7676923076923077	0.9150769230769231
SRR19621200	0.9036923076923077	0.9216923076923077	0.8675384615384616	0.5952307692307692	0.6938461538461539	0.6801538461538461	0.6527692307692308	0.6766153846153846	0.7613846153846154	0.6947692307692308	0.6067692307692307	0.8018461538461539	0.9112307692307692	0.7298461538461538	0.5729230769230769	0.7352307692307692	0.7581538461538462	0.6875384615384615	0.7327692307692307	0.7084615384615385	0.8647692307692307	0.6893846153846154	0.8926153846153846	0.7669230769230769	0.8730769230769231	0.7752307692307693	0.5776923076923077	0.5875384615384616	0.579076923076923	0.5958461538461538	0.6663076923076923	0.6770769230769231	0.6301538461538462	0.6189230769230769	0.6210769230769231	0.5753846153846154	0.7275384615384616	0.7553846153846154	0.6924615384615385	0.6906153846153846	0.7469230769230769	0.8041538461538461	0.7956923076923077	0.5969230769230769	0.7661538461538462	0.7783076923076923	0.8603076923076923	0.7376923076923076	0.7330769230769231	0.7203076923076923	0.8264615384615385	0.8332307692307692	0.8238461538461539	0.7623076923076924	0.8116923076923077	0.8038461538461539	0.7496923076923077	0.7450769230769231	0.8953846153846153	0.6864615384615385	0.7281538461538462	0.7655384615384615	0.7966153846153846	0.766	0.7190769230769231	0.6936923076923077	0.7264615384615385	0.6406153846153846	0.6063076923076923	0.6710769230769231	0.784	0.6318461538461538	0.6121538461538462	0.6647692307692308	0.5938461538461538	0.7215384615384616	0.6203076923076923	0.6464615384615384	0.7596923076923077	0.76	0.7326153846153847	0.7446153846153846	0.0	0.4503076923076923	0.7736923076923077	0.5452307692307692	0.7230769230769231	0.704	0.664	0.7753846153846153	0.5873846153846154	0.6363076923076924	0.6244615384615385	0.6595384615384615	0.7112307692307692	0.676923076923077	0.6410769230769231	0.6832307692307692	0.7587692307692308	0.808	0.7423076923076923	0.7644615384615384	0.7535384615384615	0.6050769230769231	0.6984615384615385	0.7175384615384616	0.7329230769230769	0.7107692307692308	0.718	0.6823076923076923	0.7215384615384616	0.5298461538461539	0.6530769230769231	0.69	0.6564615384615384	0.786923076923077	0.9426153846153846
SRR19621201	0.8532307692307692	0.8316923076923077	0.8518461538461538	0.6807692307692308	0.7247692307692307	0.7247692307692307	0.699076923076923	0.6827692307692308	0.7944615384615384	0.7101538461538461	0.6733846153846154	0.754	0.9003076923076923	0.7778461538461539	0.7281538461538462	0.7352307692307692	0.7398461538461538	0.6723076923076923	0.6941538461538461	0.7484615384615385	0.8343076923076923	0.6584615384615384	0.819076923076923	0.7463076923076923	0.8193846153846154	0.7076923076923077	0.6713846153846154	0.6550769230769231	0.6412307692307693	0.6552307692307693	0.6886153846153846	0.697076923076923	0.6058461538461538	0.6506153846153846	0.6453846153846153	0.7129230769230769	0.7256923076923077	0.7327692307692307	0.7446153846153846	0.7412307692307692	0.7241538461538461	0.7856923076923077	0.7703076923076924	0.6681538461538462	0.8163076923076923	0.7516923076923077	0.8921538461538462	0.7406153846153846	0.7181538461538461	0.74	0.8216923076923077	0.8223076923076923	0.812923076923077	0.807076923076923	0.7550769230769231	0.8081538461538461	0.7749230769230769	0.7327692307692307	0.8909230769230769	0.7496923076923077	0.7253846153846154	0.7433846153846154	0.7863076923076923	0.7732307692307693	0.7453846153846154	0.714	0.7378461538461538	0.685076923076923	0.6009230769230769	0.6395384615384615	0.7706153846153846	0.7153846153846154	0.678923076923077	0.662	0.6803076923076923	0.7075384615384616	0.6572307692307693	0.7347692307692307	0.7329230769230769	0.7336923076923076	0.6598461538461539	0.7009230769230769	0.4503076923076923	0.0	0.7516923076923077	0.40107692307692305	0.7626153846153846	0.7230769230769231	0.7275384615384616	0.7527692307692307	0.6301538461538462	0.5861538461538461	0.6867692307692308	0.666923076923077	0.7209230769230769	0.6912307692307692	0.6989230769230769	0.7247692307692307	0.8086153846153846	0.8212307692307692	0.7156923076923077	0.7755384615384615	0.7835384615384615	0.6153846153846154	0.7955384615384615	0.8276923076923077	0.7298461538461538	0.7021538461538461	0.7249230769230769	0.7069230769230769	0.7603076923076924	0.6466153846153846	0.7027692307692308	0.7163076923076923	0.6367692307692308	0.7856923076923077	0.9526153846153846
SRR19621202	0.7107692307692308	0.7466153846153846	0.8010769230769231	0.8163076923076923	0.6993846153846154	0.7261538461538461	0.6995384615384616	0.8203076923076923	0.8587692307692307	0.820923076923077	0.7341538461538462	0.6781538461538461	0.768	0.7026153846153846	0.8324615384615385	0.7712307692307693	0.798	0.6693846153846154	0.7007692307692308	0.6441538461538462	0.9123076923076923	0.7981538461538461	0.8835384615384615	0.658	0.9493846153846154	0.8421538461538461	0.7892307692307692	0.803076923076923	0.7621538461538462	0.7612307692307693	0.6884615384615385	0.713076923076923	0.7664615384615384	0.6316923076923077	0.8409230769230769	0.8146153846153846	0.8563076923076923	0.8538461538461538	0.6666153846153846	0.7495384615384615	0.8578461538461538	0.856	0.864	0.7476923076923077	0.758	0.674	0.8243076923076923	0.7644615384615384	0.7830769230769231	0.786923076923077	0.7432307692307693	0.7178461538461538	0.6304615384615384	0.7633846153846154	0.9261538461538461	0.7787692307692308	0.7367692307692307	0.8689230769230769	0.7776923076923077	0.6429230769230769	0.85	0.8907692307692308	0.9252307692307692	0.8667692307692307	0.7713846153846153	0.7224615384615385	0.7181538461538461	0.8038461538461539	0.774	0.7895384615384615	0.8686153846153846	0.744	0.7470769230769231	0.716	0.7841538461538462	0.7487692307692307	0.7458461538461538	0.7907692307692308	0.84	0.8409230769230769	0.7298461538461538	0.7635384615384615	0.7736923076923077	0.7516923076923077	0.0	0.7330769230769231	0.7809230769230769	0.782	0.7707692307692308	0.8366153846153846	0.6858461538461539	0.6912307692307692	0.7636923076923077	0.7138461538461538	0.7038461538461539	0.7166153846153847	0.7190769230769231	0.7135384615384616	0.7044615384615385	0.7424615384615385	0.7590769230769231	0.7387692307692307	0.8263076923076923	0.6995384615384616	0.8576923076923076	0.8721538461538462	0.7612307692307693	0.7415384615384616	0.7713846153846153	0.8075384615384615	0.7675384615384615	0.7550769230769231	0.79	0.7964615384615384	0.7244615384615385	0.2210769230769231	0.5838461538461538
SRR19621203	0.8766153846153846	0.8669230769230769	0.8964615384615384	0.6381538461538462	0.6872307692307692	0.7067692307692308	0.695076923076923	0.6492307692307693	0.7693846153846153	0.6712307692307692	0.6267692307692307	0.7456923076923077	0.9086153846153846	0.7564615384615384	0.7053846153846154	0.7304615384615385	0.7303076923076923	0.5938461538461538	0.5878461538461538	0.7169230769230769	0.8829230769230769	0.6590769230769231	0.8749230769230769	0.7646153846153846	0.8646153846153846	0.7186153846153847	0.67	0.6613846153846153	0.6478461538461538	0.6303076923076923	0.678923076923077	0.6886153846153846	0.5607692307692308	0.6547692307692308	0.696	0.6569230769230769	0.6656923076923077	0.7487692307692307	0.6926153846153846	0.7223076923076923	0.6956923076923077	0.7524615384615385	0.752	0.6593846153846153	0.7743076923076923	0.7253846153846154	0.9150769230769231	0.7321538461538462	0.7218461538461538	0.7447692307692307	0.8281538461538461	0.8416923076923077	0.8007692307692308	0.7833846153846153	0.7853846153846153	0.7913846153846154	0.7613846153846154	0.7267692307692307	0.8804615384615384	0.6941538461538461	0.6647692307692308	0.701076923076923	0.7701538461538462	0.7204615384615385	0.7270769230769231	0.558	0.5887692307692308	0.678	0.4936923076923077	0.5424615384615384	0.7312307692307692	0.7083076923076923	0.7161538461538461	0.6243076923076923	0.6933846153846154	0.5353846153846153	0.5378461538461539	0.708	0.7507692307692307	0.7427692307692307	0.5809230769230769	0.6803076923076923	0.5452307692307692	0.40107692307692305	0.7330769230769231	0.0	0.7863076923076923	0.7536923076923077	0.7072307692307692	0.7635384615384615	0.5667692307692308	0.5769230769230769	0.666923076923077	0.6710769230769231	0.7158461538461538	0.7084615384615385	0.6744615384615384	0.6984615384615385	0.7815384615384615	0.817076923076923	0.7336923076923076	0.7792307692307693	0.7644615384615384	0.5518461538461539	0.7698461538461538	0.7973846153846154	0.7332307692307692	0.7076923076923077	0.7195384615384616	0.7378461538461538	0.7603076923076924	0.688	0.6750769230769231	0.7156923076923077	0.6064615384615385	0.7709230769230769	0.944
SRR19621204	0.744	0.8289230769230769	0.8026153846153846	0.7227692307692307	0.5116923076923077	0.4970769230769231	0.5187692307692308	0.6509230769230769	0.8292307692307692	0.5964615384615385	0.7043076923076923	0.7483076923076923	0.8493846153846154	0.6753846153846154	0.6436923076923077	0.6229230769230769	0.6323076923076923	0.6195384615384616	0.6635384615384615	0.5863076923076923	0.888	0.7858461538461539	0.8641538461538462	0.7232307692307692	0.9355384615384615	0.816923076923077	0.7166153846153847	0.6203076923076923	0.6153846153846154	0.6452307692307693	0.49876923076923074	0.5472307692307692	0.7227692307692307	0.5921538461538461	0.6203076923076923	0.5407692307692308	0.6793846153846154	0.6618461538461539	0.6416923076923077	0.5743076923076923	0.7298461538461538	0.6947692307692308	0.7487692307692307	0.709076923076923	0.846	0.7938461538461539	0.934923076923077	0.7590769230769231	0.7490769230769231	0.7373846153846154	0.6313846153846154	0.6155384615384616	0.562923076923077	0.6569230769230769	0.8898461538461538	0.6469230769230769	0.526	0.6923076923076923	0.8232307692307692	0.646	0.6186153846153846	0.7510769230769231	0.8755384615384615	0.7216923076923077	0.4970769230769231	0.6118461538461538	0.6096923076923076	0.7315384615384616	0.7633846153846154	0.748	0.8403076923076923	0.5130769230769231	0.6130769230769231	0.6009230769230769	0.7041538461538461	0.7687692307692308	0.7381538461538462	0.7103076923076923	0.7710769230769231	0.7733846153846153	0.6464615384615384	0.65	0.7230769230769231	0.7626153846153846	0.7809230769230769	0.7863076923076923	0.0	0.5621538461538461	0.4416923076923077	0.6509230769230769	0.553076923076923	0.6244615384615385	0.672	0.6283076923076923	0.5204615384615384	0.5058461538461538	0.5852307692307692	0.5355384615384615	0.6927692307692308	0.7730769230769231	0.7209230769230769	0.7364615384615385	0.7170769230769231	0.6826153846153846	0.816	0.835076923076923	0.7149230769230769	0.6610769230769231	0.7	0.7446153846153846	0.7366153846153846	0.6683076923076923	0.5706153846153846	0.6121538461538462	0.7206153846153847	0.764	0.8878461538461538
SRR19621205	0.8146153846153846	0.833076923076923	0.7773846153846153	0.688	0.6741538461538461	0.7041538461538461	0.6933846153846154	0.6656923076923077	0.7883076923076923	0.7364615384615385	0.707076923076923	0.7323076923076923	0.8516923076923076	0.7147692307692308	0.7481538461538462	0.6616923076923077	0.6955384615384615	0.6489230769230769	0.682	0.6886153846153846	0.8496923076923077	0.7538461538461538	0.8693846153846154	0.7755384615384615	0.8967692307692308	0.7984615384615384	0.7407692307692307	0.7424615384615385	0.7483076923076923	0.8015384615384615	0.7021538461538461	0.6407692307692308	0.6875384615384615	0.7172307692307692	0.7058461538461539	0.7066153846153846	0.6704615384615384	0.6663076923076923	0.7336923076923076	0.7144615384615385	0.7469230769230769	0.7964615384615384	0.7375384615384616	0.7446153846153846	0.7750769230769231	0.7666153846153846	0.8938461538461538	0.7658461538461538	0.7538461538461538	0.7646153846153846	0.7216923076923077	0.7346153846153847	0.7304615384615385	0.714	0.8112307692307692	0.7363076923076923	0.7023076923076923	0.680923076923077	0.8569230769230769	0.7284615384615385	0.7132307692307692	0.7323076923076923	0.8201538461538461	0.7412307692307692	0.674923076923077	0.6666153846153846	0.6803076923076923	0.79	0.7770769230769231	0.7784615384615384	0.838	0.6663076923076923	0.6504615384615384	0.6873846153846154	0.7269230769230769	0.7424615384615385	0.7263076923076923	0.6623076923076923	0.7206153846153847	0.7386153846153846	0.6638461538461539	0.6733846153846154	0.704	0.7230769230769231	0.782	0.7536923076923077	0.5621538461538461	0.0	0.33676923076923077	0.7256923076923077	0.6563076923076923	0.672923076923077	0.7173846153846154	0.6730769230769231	0.7292307692307692	0.7327692307692307	0.7136923076923077	0.7129230769230769	0.766	0.7724615384615384	0.7109230769230769	0.7436923076923077	0.7653846153846153	0.6764615384615384	0.8376923076923077	0.8356923076923077	0.7253846153846154	0.69	0.7167692307692307	0.7210769230769231	0.7652307692307693	0.7204615384615385	0.6423076923076924	0.6349230769230769	0.6806153846153846	0.7838461538461539	0.9186153846153846
SRR19621206	0.7141538461538461	0.7490769230769231	0.7884615384615384	0.6818461538461539	0.5835384615384616	0.6172307692307692	0.6123076923076923	0.5801538461538461	0.7507692307692307	0.6546153846153846	0.6863076923076923	0.7192307692307692	0.8506153846153847	0.676923076923077	0.6793846153846154	0.6450769230769231	0.6533846153846153	0.569076923076923	0.6133846153846154	0.6224615384615385	0.8549230769230769	0.7741538461538462	0.8343076923076923	0.7170769230769231	0.9215384615384615	0.8033846153846154	0.6907692307692308	0.6630769230769231	0.6663076923076923	0.7198461538461538	0.5990769230769231	0.6132307692307692	0.662923076923077	0.6572307692307693	0.6770769230769231	0.6035384615384616	0.6363076923076924	0.6915384615384615	0.6803076923076923	0.6416923076923077	0.7470769230769231	0.7656923076923077	0.7635384615384615	0.7318461538461538	0.7887692307692308	0.7807692307692308	0.9004615384615384	0.7561538461538462	0.7521538461538462	0.7469230769230769	0.6776923076923077	0.71	0.6616923076923077	0.6847692307692308	0.8530769230769231	0.7081538461538461	0.6161538461538462	0.690923076923077	0.8532307692307692	0.6913846153846154	0.6350769230769231	0.7561538461538462	0.8403076923076923	0.7029230769230769	0.5515384615384615	0.5744615384615385	0.5753846153846154	0.7595384615384615	0.7256923076923077	0.7455384615384615	0.8221538461538461	0.5970769230769231	0.5944615384615385	0.5833846153846154	0.7121538461538461	0.7087692307692308	0.6450769230769231	0.6792307692307692	0.7750769230769231	0.7941538461538461	0.61	0.6304615384615384	0.664	0.7275384615384616	0.7707692307692308	0.7072307692307692	0.4416923076923077	0.33676923076923077	0.0	0.6926153846153846	0.5476923076923077	0.6172307692307692	0.6573846153846153	0.5827692307692308	0.6644615384615384	0.6615384615384615	0.6272307692307693	0.6295384615384615	0.722	0.7673846153846153	0.7096923076923077	0.7395384615384616	0.7258461538461538	0.6161538461538462	0.8063076923076923	0.8213846153846154	0.7196923076923077	0.681076923076923	0.683076923076923	0.7196923076923077	0.7436923076923077	0.6498461538461539	0.6466153846153846	0.6324615384615384	0.689076923076923	0.7706153846153846	0.9101538461538462
SRR19621207	0.8592307692307692	0.9141538461538462	0.9187692307692308	0.7312307692307692	0.7173846153846154	0.6655384615384615	0.7013846153846154	0.7210769230769231	0.817076923076923	0.5696923076923077	0.6198461538461538	0.7584615384615384	0.8575384615384616	0.7078461538461538	0.7343076923076923	0.6330769230769231	0.6498461538461539	0.7772307692307693	0.7804615384615384	0.7706153846153846	0.9170769230769231	0.7532307692307693	0.8989230769230769	0.7313846153846154	0.9646153846153847	0.8218461538461539	0.748	0.5043076923076923	0.6761538461538461	0.6403076923076924	0.7035384615384616	0.6975384615384616	0.7256923076923077	0.6983076923076923	0.72	0.7187692307692307	0.714	0.6369230769230769	0.7190769230769231	0.6513846153846153	0.7293846153846154	0.7013846153846154	0.7443076923076923	0.7761538461538462	0.8898461538461538	0.8027692307692308	0.9627692307692308	0.8107692307692308	0.7421538461538462	0.7990769230769231	0.722	0.7316923076923076	0.6913846153846154	0.7416923076923077	0.8336923076923077	0.7503076923076923	0.6884615384615385	0.6861538461538461	0.8610769230769231	0.7413846153846154	0.7413846153846154	0.8038461538461539	0.8236923076923077	0.7867692307692308	0.6210769230769231	0.7433846153846154	0.7381538461538462	0.7904615384615384	0.7544615384615385	0.7529230769230769	0.808	0.7709230769230769	0.7798461538461539	0.7421538461538462	0.7007692307692308	0.7236923076923077	0.7244615384615385	0.7032307692307692	0.7346153846153847	0.7270769230769231	0.5344615384615384	0.5284615384615384	0.7753846153846153	0.7527692307692307	0.8366153846153846	0.7635384615384615	0.6509230769230769	0.7256923076923077	0.6926153846153846	0.0	0.5989230769230769	0.6781538461538461	0.7427692307692307	0.7363076923076923	0.6315384615384615	0.678923076923077	0.678	0.6424615384615384	0.7901538461538462	0.7921538461538462	0.7175384615384616	0.7330769230769231	0.7778461538461539	0.592	0.8013846153846154	0.9146153846153846	0.7398461538461538	0.7055384615384616	0.7221538461538461	0.8095384615384615	0.824	0.714	0.6446153846153846	0.7033846153846154	0.5846153846153846	0.8218461538461539	0.9358461538461539
SRR19621208	0.7876923076923077	0.85	0.8561538461538462	0.550923076923077	0.5010769230769231	0.47015384615384614	0.4403076923076923	0.5941538461538461	0.7569230769230769	0.4887692307692308	0.4909230769230769	0.7009230769230769	0.8529230769230769	0.6084615384615385	0.596	0.5596923076923077	0.6050769230769231	0.5766153846153846	0.6110769230769231	0.6298461538461538	0.8776923076923077	0.6338461538461538	0.8643076923076923	0.6498461538461539	0.9144615384615384	0.7701538461538462	0.6016923076923076	0.5167692307692308	0.42	0.4847692307692308	0.44076923076923075	0.5201538461538462	0.5295384615384615	0.48846153846153845	0.5973846153846154	0.4963076923076923	0.5896923076923077	0.6255384615384615	0.5958461538461538	0.5341538461538462	0.6713846153846154	0.6650769230769231	0.73	0.548923076923077	0.7984615384615384	0.7193846153846154	0.9489230769230769	0.6741538461538461	0.6109230769230769	0.6247692307692307	0.668923076923077	0.6490769230769231	0.6089230769230769	0.6495384615384615	0.8207692307692308	0.6793846153846154	0.556923076923077	0.6386153846153846	0.82	0.5487692307692308	0.5809230769230769	0.7498461538461538	0.8313846153846154	0.6387692307692308	0.484	0.5541538461538461	0.5661538461538461	0.5352307692307692	0.5443076923076923	0.577076923076923	0.7246153846153847	0.5189230769230769	0.6041538461538462	0.45246153846153847	0.542	0.5483076923076923	0.4829230769230769	0.5823076923076923	0.6943076923076923	0.6824615384615385	0.5026153846153846	0.5398461538461539	0.5873846153846154	0.6301538461538462	0.6858461538461539	0.5667692307692308	0.553076923076923	0.6563076923076923	0.5476923076923077	0.5989230769230769	0.0	0.32753846153846156	0.4155384615384615	0.5586153846153846	0.5226153846153846	0.49446153846153845	0.4989230769230769	0.486	0.604	0.7133846153846154	0.6223076923076923	0.6641538461538462	0.6663076923076923	0.3950769230769231	0.715076923076923	0.7927692307692308	0.6149230769230769	0.5783076923076923	0.5855384615384616	0.7196923076923077	0.6863076923076923	0.62	0.5081538461538462	0.5644615384615385	0.5067692307692307	0.7007692307692308	0.8970769230769231
SRR19621209	0.8178461538461539	0.8412307692307692	0.812923076923077	0.5761538461538461	0.49138461538461536	0.5018461538461538	0.4847692307692308	0.6106153846153846	0.7756923076923077	0.5752307692307692	0.526	0.7072307692307692	0.8595384615384616	0.6430769230769231	0.648	0.5956923076923077	0.6138461538461538	0.6126153846153846	0.6555384615384615	0.6532307692307693	0.8803076923076923	0.5824615384615385	0.8806153846153846	0.6675384615384615	0.8647692307692307	0.7098461538461538	0.636	0.5935384615384616	0.5356923076923077	0.5646153846153846	0.5164615384615384	0.5184615384615384	0.5115384615384615	0.5441538461538461	0.5793846153846154	0.5906153846153847	0.6681538461538462	0.6793846153846154	0.6110769230769231	0.5967692307692307	0.7170769230769231	0.6976923076923077	0.7492307692307693	0.5115384615384615	0.7729230769230769	0.7264615384615385	0.9344615384615385	0.6838461538461539	0.6387692307692308	0.6732307692307692	0.6838461538461539	0.6661538461538462	0.6361538461538462	0.6853846153846154	0.8187692307692308	0.668923076923077	0.5493846153846154	0.6938461538461539	0.7923076923076923	0.5747692307692308	0.6141538461538462	0.7438461538461538	0.8249230769230769	0.6847692307692308	0.5821538461538461	0.5855384615384616	0.5935384615384616	0.5896923076923077	0.5543076923076923	0.5961538461538461	0.7670769230769231	0.5552307692307692	0.6603076923076923	0.5113846153846154	0.570923076923077	0.5316923076923077	0.5390769230769231	0.6704615384615384	0.6867692307692308	0.7081538461538461	0.588	0.5623076923076923	0.6363076923076924	0.5861538461538461	0.6912307692307692	0.5769230769230769	0.6244615384615385	0.672923076923077	0.6172307692307692	0.6781538461538461	0.32753846153846156	0.0	0.49923076923076926	0.5664615384615385	0.5861538461538461	0.5346153846153846	0.5875384615384616	0.5726153846153846	0.6770769230769231	0.6935384615384615	0.6046153846153847	0.6549230769230769	0.7249230769230769	0.4481538461538462	0.7864615384615384	0.8383076923076923	0.5950769230769231	0.5955384615384616	0.5967692307692307	0.6270769230769231	0.6403076923076924	0.6718461538461539	0.5626153846153846	0.6435384615384615	0.5106153846153846	0.713076923076923	0.9023076923076923
SRR19621210	0.8652307692307692	0.8973846153846153	0.866	0.6415384615384615	0.6153846153846154	0.5884615384615385	0.5676923076923077	0.7058461538461539	0.7633846153846154	0.6041538461538462	0.5453846153846154	0.7513846153846154	0.8701538461538462	0.6852307692307692	0.6533846153846153	0.6661538461538462	0.7081538461538461	0.6469230769230769	0.6821538461538461	0.6541538461538462	0.9049230769230769	0.7341538461538462	0.9235384615384615	0.7663076923076924	0.9195384615384615	0.7896923076923077	0.5701538461538461	0.6353846153846154	0.5415384615384615	0.6104615384615385	0.5292307692307693	0.6349230769230769	0.6683076923076923	0.5247692307692308	0.6746153846153846	0.5781538461538461	0.7355384615384616	0.7466153846153846	0.6463076923076924	0.6583076923076923	0.7773846153846153	0.7866153846153846	0.8158461538461539	0.5807692307692308	0.8196923076923077	0.8024615384615384	0.9675384615384616	0.7283076923076923	0.6967692307692308	0.6792307692307692	0.7976923076923077	0.7867692307692308	0.7646153846153846	0.7332307692307692	0.8793846153846154	0.7504615384615385	0.6603076923076923	0.7610769230769231	0.8656923076923076	0.6092307692307692	0.6875384615384615	0.8247692307692308	0.8843076923076924	0.66	0.6064615384615385	0.6443076923076924	0.6824615384615385	0.5553846153846154	0.6461538461538462	0.6730769230769231	0.7664615384615384	0.5684615384615385	0.636	0.5490769230769231	0.5896923076923077	0.6473846153846153	0.6244615384615385	0.680923076923077	0.7686153846153846	0.7301538461538462	0.6735384615384615	0.6706153846153846	0.6244615384615385	0.6867692307692308	0.7636923076923077	0.666923076923077	0.672	0.7173846153846154	0.6573846153846153	0.7427692307692307	0.4155384615384615	0.49923076923076926	0.0	0.6424615384615384	0.6484615384615384	0.5843076923076923	0.5883076923076923	0.6218461538461538	0.6087692307692307	0.7583076923076923	0.6998461538461539	0.6835384615384615	0.6993846153846154	0.5695384615384615	0.7503076923076923	0.79	0.7292307692307692	0.6755384615384615	0.6529230769230769	0.694	0.6955384615384615	0.6447692307692308	0.6621538461538462	0.6475384615384615	0.5912307692307692	0.7533846153846154	0.9035384615384615
SRR19621211	0.7661538461538462	0.800923076923077	0.7890769230769231	0.6735384615384615	0.6012307692307692	0.6109230769230769	0.6110769230769231	0.583076923076923	0.6250769230769231	0.6506153846153846	0.6753846153846154	0.6490769230769231	0.7941538461538461	0.7032307692307692	0.7535384615384615	0.6513846153846153	0.680923076923077	0.5376923076923077	0.582	0.6018461538461538	0.816923076923077	0.7256923076923077	0.8155384615384615	0.7055384615384616	0.8910769230769231	0.7781538461538462	0.7166153846153847	0.6163076923076923	0.6118461538461538	0.6547692307692308	0.557076923076923	0.5906153846153847	0.6333846153846154	0.6309230769230769	0.6895384615384615	0.6606153846153846	0.6336923076923077	0.6796923076923077	0.6578461538461539	0.6458461538461538	0.7490769230769231	0.7355384615384616	0.7695384615384615	0.6821538461538461	0.6864615384615385	0.7421538461538462	0.8821538461538462	0.7695384615384615	0.7558461538461538	0.7630769230769231	0.6883076923076923	0.6706153846153846	0.612	0.7189230769230769	0.8512307692307692	0.7347692307692307	0.6206153846153846	0.67	0.82	0.6624615384615384	0.6716923076923077	0.6907692307692308	0.8046153846153846	0.7447692307692307	0.5638461538461539	0.5766153846153846	0.5726153846153846	0.7327692307692307	0.6630769230769231	0.6915384615384615	0.8033846153846154	0.6610769230769231	0.6510769230769231	0.6073846153846154	0.6578461538461539	0.6269230769230769	0.58	0.7898461538461539	0.7783076923076923	0.8023076923076923	0.6138461538461538	0.6592307692307692	0.6595384615384615	0.666923076923077	0.7138461538461538	0.6710769230769231	0.6283076923076923	0.6730769230769231	0.5827692307692308	0.7363076923076923	0.5586153846153846	0.5664615384615385	0.6424615384615384	0.0	0.5135384615384615	0.45876923076923076	0.6455384615384615	0.6435384615384615	0.7026153846153846	0.754	0.7181538461538461	0.682	0.768	0.6012307692307692	0.8101538461538461	0.7876923076923077	0.7358461538461538	0.7213846153846154	0.7215384615384616	0.690923076923077	0.7501538461538462	0.7435384615384616	0.616	0.5644615384615385	0.6318461538461538	0.7367692307692307	0.882
SRR19621212	0.7696923076923077	0.8424615384615385	0.8481538461538461	0.6553846153846153	0.5601538461538461	0.48753846153846153	0.5418461538461539	0.6423076923076924	0.7867692307692308	0.5130769230769231	0.5593846153846154	0.7172307692307692	0.8327692307692308	0.6733846153846154	0.5852307692307692	0.5536923076923077	0.569076923076923	0.6492307692307693	0.683076923076923	0.5841538461538461	0.9001538461538462	0.7023076923076923	0.8690769230769231	0.6461538461538462	0.9372307692307692	0.7706153846153846	0.586	0.5007692307692307	0.5503076923076923	0.5683076923076923	0.5446153846153846	0.6087692307692307	0.6186153846153846	0.4989230769230769	0.604	0.5284615384615384	0.6530769230769231	0.6024615384615385	0.6093846153846154	0.5672307692307692	0.5738461538461539	0.6047692307692307	0.6195384615384616	0.6398461538461538	0.7721538461538462	0.7089230769230769	0.918	0.7636923076923077	0.678923076923077	0.7489230769230769	0.7126153846153847	0.674923076923077	0.5986153846153847	0.7127692307692308	0.7047692307692308	0.7218461538461538	0.5813846153846154	0.5332307692307693	0.822	0.616	0.6715384615384615	0.7667692307692308	0.7213846153846154	0.6221538461538462	0.6138461538461538	0.6524615384615384	0.6496923076923077	0.6995384615384616	0.5892307692307692	0.6578461538461539	0.6447692307692308	0.5518461538461539	0.718	0.6690769230769231	0.5744615384615385	0.6213846153846154	0.5864615384615385	0.6304615384615384	0.6498461538461539	0.6463076923076924	0.6349230769230769	0.6133846153846154	0.7112307692307692	0.7209230769230769	0.7038461538461539	0.7158461538461538	0.5204615384615384	0.7292307692307692	0.6644615384615384	0.6315384615384615	0.5226153846153846	0.5861538461538461	0.6484615384615384	0.5135384615384615	0.0	0.32261538461538464	0.5258461538461539	0.5013846153846154	0.6603076923076923	0.7653846153846153	0.6793846153846154	0.6927692307692308	0.6144615384615385	0.5853846153846154	0.6203076923076923	0.8475384615384616	0.6618461538461539	0.6281538461538462	0.496	0.6743076923076923	0.7170769230769231	0.6012307692307692	0.5173846153846153	0.6549230769230769	0.5867692307692308	0.7029230769230769	0.868
SRR19621213	0.7883076923076923	0.8510769230769231	0.8292307692307692	0.6332307692307693	0.5738461538461539	0.5124615384615384	0.48523076923076924	0.6492307692307693	0.798923076923077	0.5787692307692308	0.6247692307692307	0.7329230769230769	0.836	0.6770769230769231	0.6563076923076923	0.557076923076923	0.5972307692307692	0.6403076923076924	0.6712307692307692	0.5986153846153847	0.8649230769230769	0.6853846153846154	0.8503076923076923	0.6646153846153846	0.9210769230769231	0.7701538461538462	0.6203076923076923	0.563076923076923	0.4867692307692308	0.5424615384615384	0.48815384615384616	0.6136923076923076	0.6178461538461538	0.5478461538461539	0.6107692307692307	0.5121538461538462	0.644	0.6492307692307693	0.6115384615384616	0.5872307692307692	0.682923076923077	0.6616923076923077	0.7087692307692308	0.6213846153846154	0.7487692307692307	0.7061538461538461	0.9112307692307692	0.7543076923076923	0.703076923076923	0.7410769230769231	0.7049230769230769	0.6661538461538462	0.6223076923076923	0.7170769230769231	0.8255384615384616	0.7041538461538461	0.5566153846153846	0.6433846153846153	0.8104615384615385	0.581076923076923	0.5598461538461539	0.7427692307692307	0.814	0.6224615384615385	0.5698461538461539	0.6612307692307692	0.648	0.5966153846153847	0.6333846153846154	0.6410769230769231	0.7712307692307693	0.5446153846153846	0.7178461538461538	0.6166153846153846	0.6333846153846154	0.6318461538461538	0.6363076923076924	0.6918461538461539	0.7104615384615385	0.7236923076923077	0.6569230769230769	0.6567692307692308	0.676923076923077	0.6912307692307692	0.7166153846153847	0.7084615384615385	0.5058461538461538	0.7327692307692307	0.6615384615384615	0.678923076923077	0.49446153846153845	0.5346153846153846	0.5843076923076923	0.45876923076923076	0.32261538461538464	0.0	0.5044615384615385	0.5010769230769231	0.6198461538461538	0.7496923076923077	0.6513846153846153	0.6833846153846154	0.7076923076923077	0.6023076923076923	0.7627692307692308	0.8558461538461538	0.6261538461538462	0.5878461538461538	0.6150769230769231	0.6946153846153846	0.6823076923076923	0.626	0.5090769230769231	0.6333846153846154	0.6078461538461538	0.714	0.8670769230769231
SRR19621214	0.809076923076923	0.8396923076923077	0.7873846153846153	0.6050769230769231	0.6109230769230769	0.6181538461538462	0.5698461538461539	0.6643076923076923	0.7952307692307692	0.581076923076923	0.586	0.7621538461538462	0.8661538461538462	0.6587692307692308	0.5752307692307692	0.5252307692307693	0.5456923076923077	0.6110769230769231	0.6447692307692308	0.6021538461538462	0.8835384615384615	0.6787692307692308	0.8824615384615384	0.7004615384615385	0.8998461538461539	0.7615384615384615	0.5915384615384616	0.5158461538461538	0.5143076923076924	0.5535384615384615	0.5230769230769231	0.5615384615384615	0.6247692307692307	0.5375384615384615	0.5192307692307693	0.5281538461538462	0.6115384615384616	0.6601538461538462	0.5373846153846153	0.576	0.6333846153846154	0.6538461538461539	0.662	0.6290769230769231	0.7852307692307692	0.666923076923077	0.8855384615384615	0.7269230769230769	0.6301538461538462	0.6772307692307692	0.7332307692307692	0.7284615384615385	0.6906153846153846	0.6104615384615385	0.8001538461538461	0.6370769230769231	0.6078461538461538	0.6592307692307692	0.7578461538461538	0.532	0.5752307692307692	0.7069230769230769	0.804923076923077	0.6907692307692308	0.6104615384615385	0.6641538461538462	0.6792307692307692	0.6121538461538462	0.6383076923076924	0.6301538461538462	0.7372307692307692	0.5727692307692308	0.6266153846153846	0.6098461538461538	0.5773846153846154	0.6606153846153846	0.6016923076923076	0.6323076923076923	0.698	0.6847692307692308	0.6503076923076923	0.6326153846153846	0.6410769230769231	0.6989230769230769	0.7190769230769231	0.6744615384615384	0.5852307692307692	0.7136923076923077	0.6272307692307693	0.678	0.4989230769230769	0.5875384615384616	0.5883076923076923	0.6455384615384615	0.5258461538461539	0.5044615384615385	0.0	0.2875384615384615	0.4603076923076923	0.7824615384615384	0.6632307692307692	0.736	0.6109230769230769	0.5641538461538461	0.6412307692307693	0.7407692307692307	0.6541538461538462	0.6052307692307692	0.6313846153846154	0.7056923076923077	0.6343076923076924	0.48323076923076924	0.5327692307692308	0.6481538461538462	0.6129230769230769	0.702	0.8967692307692308
SRR19621215	0.7710769230769231	0.8507692307692307	0.8007692307692308	0.6695384615384615	0.52	0.5129230769230769	0.49446153846153845	0.6376923076923077	0.7883076923076923	0.571076923076923	0.6164615384615385	0.7283076923076923	0.858	0.6583076923076923	0.646	0.548	0.5847692307692308	0.6290769230769231	0.642	0.6355384615384615	0.8841538461538462	0.7201538461538461	0.8512307692307692	0.646	0.8638461538461538	0.7275384615384616	0.6773846153846154	0.5287692307692308	0.5021538461538462	0.5495384615384615	0.5072307692307693	0.5315384615384615	0.6726153846153846	0.556923076923077	0.6023076923076923	0.6116923076923076	0.5915384615384616	0.5949230769230769	0.5335384615384615	0.5009230769230769	0.6924615384615385	0.6684615384615384	0.696923076923077	0.6292307692307693	0.7816923076923077	0.692	0.8830769230769231	0.6764615384615384	0.6233846153846154	0.6536923076923077	0.6964615384615385	0.666	0.6115384615384616	0.622	0.832	0.6592307692307692	0.5598461538461539	0.6287692307692307	0.7524615384615385	0.5366153846153846	0.6093846153846154	0.7056923076923077	0.8398461538461538	0.7376923076923076	0.5743076923076923	0.6733846153846154	0.6538461538461539	0.6009230769230769	0.6652307692307692	0.6916923076923077	0.7716923076923077	0.5729230769230769	0.6561538461538462	0.6193846153846154	0.6096923076923076	0.6687692307692308	0.6530769230769231	0.69	0.7121538461538461	0.6912307692307692	0.6415384615384615	0.6532307692307693	0.6832307692307692	0.7247692307692307	0.7135384615384616	0.6984615384615385	0.5355384615384615	0.7129230769230769	0.6295384615384615	0.6424615384615384	0.486	0.5726153846153846	0.6218461538461538	0.6435384615384615	0.5013846153846154	0.5010769230769231	0.2875384615384615	0.0	0.44769230769230767	0.7406153846153846	0.6561538461538462	0.7021538461538461	0.6258461538461538	0.6036923076923076	0.6767692307692308	0.7166153846153847	0.6046153846153847	0.5889230769230769	0.6143076923076923	0.6898461538461539	0.6090769230769231	0.5752307692307692	0.5616923076923077	0.6263076923076923	0.6183076923076923	0.698	0.8889230769230769
SRR19621216	0.8507692307692307	0.8995384615384615	0.8589230769230769	0.7181538461538461	0.6744615384615384	0.6467692307692308	0.6424615384615384	0.7673846153846153	0.8216923076923077	0.688	0.7330769230769231	0.7670769230769231	0.8684615384615385	0.7163076923076923	0.7532307692307693	0.695076923076923	0.7304615384615385	0.6833846153846154	0.6958461538461539	0.6998461538461539	0.9178461538461539	0.8164615384615385	0.9183076923076923	0.8052307692307692	0.9049230769230769	0.8221538461538461	0.7333846153846154	0.7083076923076923	0.6450769230769231	0.6983076923076923	0.6092307692307692	0.6684615384615384	0.7769230769230769	0.6655384615384615	0.7295384615384616	0.7027692307692308	0.7567692307692307	0.7698461538461538	0.5995384615384616	0.7167692307692307	0.7693846153846153	0.7690769230769231	0.7864615384615384	0.7330769230769231	0.7872307692307692	0.7375384615384616	0.8730769230769231	0.7710769230769231	0.7256923076923077	0.6727692307692308	0.7673846153846153	0.7666153846153846	0.7290769230769231	0.7233846153846154	0.9121538461538462	0.7206153846153847	0.6446153846153846	0.7796923076923077	0.7566153846153846	0.548	0.6989230769230769	0.7955384615384615	0.9110769230769231	0.7733846153846153	0.6730769230769231	0.722	0.6989230769230769	0.6813846153846154	0.7684615384615384	0.7735384615384615	0.848	0.6596923076923077	0.7287692307692307	0.6775384615384615	0.7347692307692307	0.7821538461538462	0.7323076923076923	0.7826153846153846	0.819076923076923	0.7532307692307693	0.7566153846153846	0.7584615384615384	0.7587692307692308	0.8086153846153846	0.7044615384615385	0.7815384615384615	0.6927692307692308	0.766	0.722	0.7901538461538462	0.604	0.6770769230769231	0.6087692307692307	0.7026153846153846	0.6603076923076923	0.6198461538461538	0.4603076923076923	0.44769230769230767	0.0	0.7796923076923077	0.7563076923076923	0.7475384615384615	0.6653846153846154	0.7247692307692307	0.7607692307692308	0.6895384615384615	0.7383076923076923	0.7210769230769231	0.7407692307692307	0.7378461538461538	0.7261538461538461	0.6721538461538461	0.6932307692307692	0.6887692307692308	0.7313846153846154	0.7084615384615385	0.8927692307692308
SRR19621217	0.8481538461538461	0.8653846153846154	0.8873846153846154	0.7841538461538462	0.6973846153846154	0.7092307692307692	0.712	0.7381538461538462	0.811076923076923	0.7604615384615384	0.7132307692307692	0.6647692307692308	0.8010769230769231	0.5950769230769231	0.8289230769230769	0.692	0.7227692307692307	0.6607692307692308	0.6764615384615384	0.7132307692307692	0.876	0.8415384615384616	0.8893846153846154	0.8092307692307692	0.9453846153846154	0.8804615384615384	0.8353846153846154	0.8086153846153846	0.7953846153846154	0.8313846153846154	0.7227692307692307	0.6941538461538461	0.7841538461538462	0.7396923076923076	0.8172307692307692	0.808	0.7770769230769231	0.8056923076923077	0.6704615384615384	0.7038461538461539	0.817076923076923	0.824	0.8176923076923077	0.7466153846153846	0.8067692307692308	0.8496923076923077	0.9266153846153846	0.7903076923076923	0.8015384615384615	0.788923076923077	0.7126153846153847	0.6941538461538461	0.6687692307692308	0.5992307692307692	0.9238461538461539	0.604	0.618	0.7964615384615384	0.7758461538461539	0.6876923076923077	0.808	0.8650769230769231	0.930923076923077	0.8521538461538462	0.6966153846153846	0.7007692307692308	0.7035384615384616	0.7955384615384615	0.7993846153846154	0.8227692307692308	0.908	0.7472307692307693	0.8181538461538461	0.7830769230769231	0.7487692307692307	0.7510769230769231	0.7716923076923077	0.8012307692307692	0.8075384615384615	0.825076923076923	0.7535384615384615	0.7476923076923077	0.808	0.8212307692307692	0.7424615384615385	0.817076923076923	0.7730769230769231	0.7724615384615384	0.7673846153846153	0.7921538461538462	0.7133846153846154	0.6935384615384615	0.7583076923076923	0.754	0.7653846153846153	0.7496923076923077	0.7824615384615384	0.7406153846153846	0.7796923076923077	0.0	0.37953846153846155	0.33415384615384613	0.8506153846153847	0.7006153846153846	0.8773846153846154	0.8795384615384615	0.6578461538461539	0.6386153846153846	0.6856923076923077	0.7806153846153846	0.7773846153846153	0.8026153846153846	0.7544615384615385	0.7369230769230769	0.7103076923076923	0.7456923076923077	0.8753846153846154
SRR19621218	0.8798461538461538	0.908	0.886	0.6886153846153846	0.6661538461538462	0.7101538461538461	0.666	0.6987692307692308	0.8215384615384616	0.67	0.6523076923076923	0.7178461538461538	0.8489230769230769	0.6047692307692307	0.7281538461538462	0.581076923076923	0.6130769230769231	0.6315384615384615	0.6664615384615384	0.6773846153846154	0.8998461538461539	0.714	0.9210769230769231	0.7541538461538462	0.9323076923076923	0.8121538461538461	0.7615384615384615	0.697076923076923	0.6644615384615384	0.7395384615384616	0.6821538461538461	0.6413846153846153	0.6552307692307693	0.658923076923077	0.676923076923077	0.7023076923076923	0.7212307692307692	0.7329230769230769	0.6281538461538462	0.6444615384615384	0.732	0.7415384615384616	0.7272307692307692	0.6813846153846154	0.7906153846153846	0.7469230769230769	0.9406153846153846	0.7506153846153846	0.696923076923077	0.7423076923076923	0.7015384615384616	0.707076923076923	0.678	0.6146153846153846	0.8441538461538461	0.6247692307692307	0.6172307692307692	0.7249230769230769	0.7955384615384615	0.6541538461538462	0.7238461538461538	0.7910769230769231	0.8464615384615385	0.7958461538461539	0.6496923076923077	0.6836923076923077	0.6907692307692308	0.6656923076923077	0.7112307692307692	0.7207692307692307	0.8367692307692308	0.6921538461538461	0.7778461538461539	0.7524615384615385	0.6587692307692308	0.680923076923077	0.6821538461538461	0.7224615384615385	0.7038461538461539	0.7210769230769231	0.6707692307692308	0.6455384615384615	0.7423076923076923	0.7156923076923077	0.7590769230769231	0.7336923076923076	0.7209230769230769	0.7109230769230769	0.7096923076923077	0.7175384615384616	0.6223076923076923	0.6046153846153847	0.6998461538461539	0.7181538461538461	0.6793846153846154	0.6513846153846153	0.6632307692307692	0.6561538461538462	0.7563076923076923	0.37953846153846155	0.0	0.39292307692307693	0.7776923076923077	0.6206153846153846	0.8215384615384616	0.8726153846153846	0.5343076923076923	0.5784615384615385	0.6069230769230769	0.7063076923076923	0.678923076923077	0.6796923076923077	0.6510769230769231	0.7186153846153847	0.632	0.7429230769230769	0.8363076923076923
SRR19621219	0.8372307692307692	0.8603076923076923	0.8941538461538462	0.7413846153846154	0.668	0.6570769230769231	0.6847692307692308	0.7033846153846154	0.7484615384615385	0.6821538461538461	0.6693846153846154	0.6466153846153846	0.782	0.5855384615384616	0.7904615384615384	0.6546153846153846	0.7046153846153846	0.6486153846153846	0.6512307692307693	0.6596923076923077	0.8744615384615385	0.8018461538461539	0.8915384615384615	0.7775384615384615	0.944923076923077	0.8429230769230769	0.7529230769230769	0.7583076923076923	0.7398461538461538	0.7730769230769231	0.648	0.6610769230769231	0.7692307692307693	0.6464615384615384	0.7818461538461539	0.7709230769230769	0.7496923076923077	0.7836923076923077	0.6190769230769231	0.6786153846153846	0.7843076923076923	0.7778461538461539	0.807076923076923	0.695076923076923	0.7773846153846153	0.8332307692307692	0.9292307692307692	0.7747692307692308	0.7835384615384615	0.7672307692307693	0.6858461538461539	0.6732307692307692	0.6232307692307693	0.6523076923076923	0.8921538461538462	0.6196923076923077	0.6050769230769231	0.7793846153846153	0.7832307692307693	0.6481538461538462	0.7863076923076923	0.8272307692307692	0.8904615384615384	0.8161538461538461	0.6475384615384615	0.6512307692307693	0.6572307692307693	0.726	0.7296923076923076	0.752	0.8789230769230769	0.7078461538461538	0.812	0.7656923076923077	0.6506153846153846	0.6995384615384616	0.6984615384615385	0.7823076923076923	0.7944615384615384	0.7903076923076923	0.7023076923076923	0.692923076923077	0.7644615384615384	0.7755384615384615	0.7387692307692307	0.7792307692307693	0.7364615384615385	0.7436923076923077	0.7395384615384616	0.7330769230769231	0.6641538461538462	0.6549230769230769	0.6835384615384615	0.682	0.6927692307692308	0.6833846153846154	0.736	0.7021538461538461	0.7475384615384615	0.33415384615384613	0.39292307692307693	0.0	0.8155384615384615	0.688923076923077	0.8384615384615385	0.8732307692307693	0.6583076923076923	0.6366153846153846	0.6487692307692308	0.7272307692307692	0.7564615384615384	0.7390769230769231	0.7096923076923077	0.6704615384615384	0.6672307692307692	0.7203076923076923	0.8695384615384616
SRR19621220	0.8329230769230769	0.8638461538461538	0.8527692307692307	0.6275384615384615	0.6518461538461539	0.7187692307692307	0.6413846153846153	0.7550769230769231	0.8244615384615385	0.6676923076923077	0.6203076923076923	0.8244615384615385	0.9101538461538462	0.7546153846153846	0.6593846153846153	0.6887692307692308	0.692	0.7835384615384615	0.7913846153846154	0.8024615384615384	0.9201538461538461	0.7409230769230769	0.9256923076923077	0.7755384615384615	0.8721538461538462	0.7863076923076923	0.6436923076923077	0.6310769230769231	0.5835384615384616	0.7063076923076923	0.6089230769230769	0.6255384615384615	0.7036923076923077	0.6126153846153846	0.6732307692307692	0.6727692307692308	0.678923076923077	0.6176923076923077	0.7310769230769231	0.7307692307692307	0.6646153846153846	0.6463076923076924	0.5976923076923077	0.7046153846153846	0.7727692307692308	0.7213846153846154	0.9096923076923077	0.6995384615384616	0.6244615384615385	0.559076923076923	0.8283076923076923	0.829076923076923	0.7896923076923077	0.7835384615384615	0.6983076923076923	0.8533846153846154	0.762	0.6012307692307692	0.8486153846153847	0.7244615384615385	0.7113846153846154	0.7892307692307692	0.6973846153846154	0.6095384615384616	0.8204615384615385	0.794	0.8035384615384615	0.6556923076923077	0.5889230769230769	0.6692307692307692	0.6473846153846153	0.63	0.724	0.7583076923076923	0.5987692307692307	0.6923076923076923	0.6287692307692307	0.6346153846153846	0.5847692307692308	0.4593846153846154	0.7761538461538462	0.7489230769230769	0.7535384615384615	0.7835384615384615	0.8263076923076923	0.7644615384615384	0.7170769230769231	0.7653846153846153	0.7258461538461538	0.7778461538461539	0.6663076923076923	0.7249230769230769	0.6993846153846154	0.768	0.6144615384615385	0.7076923076923077	0.6109230769230769	0.6258461538461538	0.6653846153846154	0.8506153846153847	0.7776923076923077	0.8155384615384615	0.0	0.6615384615384615	0.3589230769230769	0.47584615384615386	0.7038461538461539	0.6264615384615385	0.5716923076923077	0.8167692307692308	0.8353846153846154	0.7029230769230769	0.61	0.6750769230769231	0.666	0.820923076923077	0.9313846153846154
SRR19621221	0.8635384615384616	0.8983076923076924	0.8313846153846154	0.5756923076923077	0.589076923076923	0.6007692307692307	0.5764615384615385	0.6570769230769231	0.7775384615384615	0.5816923076923077	0.3066153846153846	0.7141538461538461	0.8584615384615385	0.6815384615384615	0.5906153846153847	0.5623076923076923	0.6	0.5987692307692307	0.6321538461538462	0.6498461538461539	0.8701538461538462	0.5952307692307692	0.916923076923077	0.7213846153846154	0.9272307692307692	0.7652307692307693	0.6013846153846154	0.5698461538461539	0.5558461538461539	0.6221538461538462	0.5852307692307692	0.5506153846153846	0.472	0.5252307692307693	0.5726153846153846	0.5343076923076923	0.6533846153846153	0.6492307692307693	0.6409230769230769	0.6032307692307692	0.6766153846153846	0.695076923076923	0.7041538461538461	0.544	0.7944615384615384	0.7041538461538461	0.9261538461538461	0.6763076923076923	0.5838461538461538	0.6786153846153846	0.7530769230769231	0.7438461538461538	0.71	0.6743076923076923	0.7990769230769231	0.7124615384615385	0.6373846153846154	0.6647692307692308	0.808	0.6136923076923076	0.6756923076923077	0.7646153846153846	0.8047692307692308	0.6604615384615384	0.6673846153846154	0.5973846153846154	0.6383076923076924	0.6212307692307693	0.5327692307692308	0.566923076923077	0.7232307692307692	0.5603076923076923	0.616	0.5329230769230769	0.538	0.5027692307692307	0.48184615384615387	0.5467692307692308	0.6486153846153846	0.6652307692307692	0.5593846153846154	0.5521538461538461	0.6050769230769231	0.6153846153846154	0.6995384615384616	0.5518461538461539	0.6826153846153846	0.6764615384615384	0.6161538461538462	0.592	0.3950769230769231	0.4481538461538462	0.5695384615384615	0.6012307692307692	0.5853846153846154	0.6023076923076923	0.5641538461538461	0.6036923076923076	0.7247692307692307	0.7006153846153846	0.6206153846153846	0.688923076923077	0.6615384615384615	0.0	0.7184615384615385	0.8203076923076923	0.588	0.5452307692307692	0.5207692307692308	0.6467692307692308	0.6487692307692308	0.5832307692307692	0.5715384615384616	0.6561538461538462	0.28507692307692306	0.7087692307692308	0.9135384615384615
SRR19621222	0.9130769230769231	0.9392307692307692	0.9158461538461539	0.574	0.732	0.7572307692307693	0.7264615384615385	0.7895384615384615	0.8292307692307692	0.6784615384615384	0.5553846153846154	0.8252307692307692	0.9121538461538462	0.7992307692307692	0.5350769230769231	0.7084615384615385	0.71	0.8186153846153846	0.8207692307692308	0.8132307692307692	0.9021538461538462	0.7707692307692308	0.9090769230769231	0.7778461538461539	0.8749230769230769	0.7976923076923077	0.6478461538461538	0.6441538461538462	0.6306153846153846	0.7032307692307692	0.6724615384615384	0.6933846153846154	0.7284615384615385	0.6406153846153846	0.6646153846153846	0.6561538461538462	0.680923076923077	0.6418461538461538	0.7566153846153846	0.7696923076923077	0.5786153846153846	0.674	0.6633846153846154	0.7098461538461538	0.7724615384615384	0.7387692307692307	0.9267692307692308	0.7076923076923077	0.6349230769230769	0.6152307692307692	0.8778461538461538	0.8750769230769231	0.8349230769230769	0.8415384615384616	0.6029230769230769	0.8904615384615384	0.8256923076923077	0.6178461538461538	0.8610769230769231	0.7444615384615385	0.6978461538461539	0.8012307692307692	0.6907692307692308	0.6258461538461538	0.8589230769230769	0.8104615384615385	0.8127692307692308	0.6901538461538461	0.6450769230769231	0.7072307692307692	0.5470769230769231	0.7133846153846154	0.7664615384615384	0.8135384615384615	0.6393846153846154	0.7152307692307692	0.6530769230769231	0.61	0.616	0.5495384615384615	0.8044615384615385	0.7750769230769231	0.6984615384615385	0.7955384615384615	0.8576923076923076	0.7698461538461538	0.816	0.8376923076923077	0.8063076923076923	0.8013846153846154	0.715076923076923	0.7864615384615384	0.7503076923076923	0.8101538461538461	0.6203076923076923	0.7627692307692308	0.6412307692307693	0.6767692307692308	0.7607692307692308	0.8773846153846154	0.8215384615384616	0.8384615384615385	0.3589230769230769	0.7184615384615385	0.0	0.3966153846153846	0.7486153846153846	0.6756923076923077	0.5552307692307692	0.8403076923076923	0.8647692307692307	0.6766153846153846	0.6387692307692308	0.7136923076923077	0.6923076923076923	0.8512307692307692	0.9241538461538461
SRR19621223	0.8924615384615384	0.9186153846153846	0.8729230769230769	0.6693846153846154	0.7741538461538462	0.7884615384615384	0.7469230769230769	0.8233846153846154	0.8483076923076923	0.8538461538461538	0.6995384615384616	0.8356923076923077	0.8967692307692308	0.8235384615384616	0.6844615384615385	0.8243076923076923	0.8364615384615385	0.8173846153846154	0.8296923076923077	0.8318461538461538	0.8464615384615385	0.8446153846153847	0.8846153846153846	0.8195384615384615	0.776	0.7641538461538462	0.7824615384615384	0.7616923076923077	0.689076923076923	0.7655384615384615	0.7106153846153846	0.7106153846153846	0.8155384615384615	0.7378461538461538	0.7423076923076923	0.7718461538461538	0.7626153846153846	0.7378461538461538	0.8001538461538461	0.8184615384615385	0.8386153846153847	0.8249230769230769	0.81	0.7390769230769231	0.7318461538461538	0.7576923076923077	0.8586153846153847	0.7196923076923077	0.7121538461538461	0.6029230769230769	0.8709230769230769	0.8736923076923077	0.8443076923076923	0.8183076923076923	0.8550769230769231	0.8789230769230769	0.8232307692307692	0.7783076923076923	0.8781538461538462	0.7910769230769231	0.7264615384615385	0.78	0.8463076923076923	0.8036923076923077	0.8573846153846154	0.8316923076923077	0.8198461538461539	0.7266153846153847	0.8066153846153846	0.82	0.8086153846153846	0.7507692307692307	0.7583076923076923	0.7983076923076923	0.7363076923076923	0.8203076923076923	0.7973846153846154	0.7753846153846153	0.762	0.6833846153846154	0.8724615384615385	0.8830769230769231	0.7175384615384616	0.8276923076923077	0.8721538461538462	0.7973846153846154	0.835076923076923	0.8356923076923077	0.8213846153846154	0.9146153846153846	0.7927692307692308	0.8383076923076923	0.79	0.7876923076923077	0.8475384615384616	0.8558461538461538	0.7407692307692307	0.7166153846153847	0.6895384615384615	0.8795384615384615	0.8726153846153846	0.8732307692307693	0.47584615384615386	0.8203076923076923	0.3966153846153846	0.0	0.7904615384615384	0.7658461538461538	0.810923076923077	0.841076923076923	0.8846153846153846	0.817076923076923	0.7184615384615385	0.7193846153846154	0.7795384615384615	0.8792307692307693	0.9153846153846154
SRR19621224	0.9144615384615384	0.9267692307692308	0.8516923076923076	0.6976923076923077	0.6216923076923077	0.6623076923076923	0.6124615384615385	0.7155384615384616	0.8401538461538461	0.7169230769230769	0.6166153846153846	0.7521538461538462	0.8793846153846154	0.7123076923076923	0.7258461538461538	0.5763076923076923	0.6033846153846154	0.6555384615384615	0.6646153846153846	0.6881538461538461	0.9090769230769231	0.7049230769230769	0.9198461538461539	0.7373846153846154	0.9104615384615384	0.8038461538461539	0.7510769230769231	0.7084615384615385	0.6356923076923077	0.7376923076923076	0.6196923076923077	0.546	0.6444615384615384	0.6152307692307692	0.6518461538461539	0.697076923076923	0.6406153846153846	0.6338461538461538	0.6595384615384615	0.6226153846153846	0.7109230769230769	0.690923076923077	0.6670769230769231	0.6532307692307693	0.7896923076923077	0.7276923076923076	0.9175384615384615	0.6664615384615384	0.6438461538461538	0.6556923076923077	0.748	0.7487692307692307	0.7016923076923077	0.6901538461538461	0.8418461538461538	0.7043076923076923	0.6215384615384615	0.6656923076923077	0.7844615384615384	0.6318461538461538	0.690923076923077	0.778	0.838	0.7724615384615384	0.6732307692307692	0.682	0.6593846153846153	0.5695384615384615	0.648	0.662923076923077	0.7993846153846154	0.6143076923076923	0.7373846153846154	0.6966153846153846	0.658923076923077	0.6447692307692308	0.6803076923076923	0.694	0.6309230769230769	0.6566153846153846	0.6793846153846154	0.6598461538461539	0.7329230769230769	0.7298461538461538	0.7612307692307693	0.7332307692307692	0.7149230769230769	0.7253846153846154	0.7196923076923077	0.7398461538461538	0.6149230769230769	0.5950769230769231	0.7292307692307692	0.7358461538461538	0.6618461538461539	0.6261538461538462	0.6541538461538462	0.6046153846153847	0.7383076923076923	0.6578461538461539	0.5343076923076923	0.6583076923076923	0.7038461538461539	0.588	0.7486153846153846	0.7904615384615384	0.0	0.3116923076923077	0.4093846153846154	0.7015384615384616	0.6532307692307693	0.6876923076923077	0.6232307692307693	0.7076923076923077	0.5832307692307692	0.7564615384615384	0.8166153846153846
SRR19621225	0.8949230769230769	0.9096923076923077	0.8046153846153846	0.6824615384615385	0.6004615384615385	0.636	0.579076923076923	0.6952307692307692	0.8095384615384615	0.6756923076923077	0.542923076923077	0.7261538461538461	0.8755384615384615	0.7169230769230769	0.6758461538461539	0.5178461538461538	0.5144615384615384	0.6184615384615385	0.624	0.6415384615384615	0.8752307692307693	0.692	0.8983076923076924	0.7496923076923077	0.9104615384615384	0.814923076923077	0.6967692307692308	0.6836923076923077	0.6121538461538462	0.7072307692307692	0.5715384615384616	0.4978461538461538	0.6229230769230769	0.552923076923077	0.6269230769230769	0.6423076923076924	0.5686153846153846	0.5587692307692308	0.6573846153846153	0.6069230769230769	0.6455384615384615	0.6035384615384616	0.5741538461538461	0.6375384615384615	0.7772307692307693	0.698	0.9196923076923077	0.6264615384615385	0.6112307692307692	0.5996923076923077	0.7032307692307692	0.7056923076923077	0.6730769230769231	0.6401538461538462	0.8221538461538461	0.6601538461538462	0.608	0.5892307692307692	0.7706153846153846	0.6275384615384615	0.5998461538461538	0.7270769230769231	0.8152307692307692	0.7243076923076923	0.6466153846153846	0.6167692307692307	0.6210769230769231	0.606	0.578	0.5515384615384615	0.7489230769230769	0.5949230769230769	0.6529230769230769	0.6492307692307693	0.6290769230769231	0.6138461538461538	0.6326153846153846	0.6261538461538462	0.566923076923077	0.570923076923077	0.6052307692307692	0.5863076923076923	0.7107692307692308	0.7021538461538461	0.7415384615384616	0.7076923076923077	0.6610769230769231	0.69	0.681076923076923	0.7055384615384616	0.5783076923076923	0.5955384615384616	0.6755384615384615	0.7213846153846154	0.6281538461538462	0.5878461538461538	0.6052307692307692	0.5889230769230769	0.7210769230769231	0.6386153846153846	0.5784615384615385	0.6366153846153846	0.6264615384615385	0.5452307692307692	0.6756923076923077	0.7658461538461538	0.3116923076923077	0.0	0.32384615384615384	0.6983076923076923	0.668923076923077	0.6547692307692308	0.5923076923076923	0.658923076923077	0.5084615384615384	0.7396923076923076	0.8927692307692308
SRR19621226	0.9136923076923077	0.9284615384615384	0.8858461538461538	0.6430769230769231	0.5829230769230769	0.6243076923076923	0.5756923076923077	0.6927692307692308	0.7970769230769231	0.5992307692307692	0.48938461538461536	0.7366153846153846	0.8870769230769231	0.73	0.5936923076923077	0.5490769230769231	0.5584615384615385	0.6250769230769231	0.6432307692307693	0.6363076923076924	0.916923076923077	0.6792307692307692	0.9353846153846154	0.7650769230769231	0.9438461538461539	0.8286153846153846	0.6293846153846154	0.6410769230769231	0.6226153846153846	0.7089230769230769	0.591076923076923	0.542923076923077	0.5927692307692307	0.5321538461538462	0.6210769230769231	0.6029230769230769	0.6009230769230769	0.542923076923077	0.6556923076923077	0.6226153846153846	0.5824615384615385	0.6372307692307693	0.5893846153846154	0.6072307692307692	0.8238461538461539	0.7572307692307693	0.9407692307692308	0.6650769230769231	0.6293846153846154	0.6606153846153846	0.78	0.7755384615384615	0.7273846153846154	0.7098461538461538	0.6692307692307692	0.7335384615384616	0.6501538461538462	0.5050769230769231	0.815076923076923	0.63	0.6852307692307692	0.8126153846153846	0.7364615384615385	0.6267692307692307	0.6684615384615384	0.6726153846153846	0.682923076923077	0.6169230769230769	0.5250769230769231	0.6064615384615385	0.5944615384615385	0.5703076923076923	0.7418461538461538	0.6989230769230769	0.5767692307692308	0.5847692307692308	0.5836923076923077	0.602	0.5541538461538461	0.554	0.6835384615384615	0.6206153846153846	0.718	0.7249230769230769	0.7713846153846153	0.7195384615384616	0.7	0.7167692307692307	0.683076923076923	0.7221538461538461	0.5855384615384616	0.5967692307692307	0.6529230769230769	0.7215384615384616	0.496	0.6150769230769231	0.6313846153846154	0.6143076923076923	0.7407692307692307	0.6856923076923077	0.6069230769230769	0.6487692307692308	0.5716923076923077	0.5207692307692308	0.5552307692307692	0.810923076923077	0.4093846153846154	0.32384615384615384	0.0	0.6795384615384615	0.6523076923076923	0.6170769230769231	0.6010769230769231	0.7124615384615385	0.544923076923077	0.7743076923076923	0.8947692307692308
SRR19621227	0.933076923076923	0.9507692307692308	0.8261538461538461	0.6843076923076923	0.662923076923077	0.6875384615384615	0.6747692307692308	0.7426153846153846	0.774	0.7198461538461538	0.687076923076923	0.8106153846153846	0.9150769230769231	0.7913846153846154	0.7269230769230769	0.7093846153846154	0.7513846153846154	0.7172307692307692	0.7441538461538462	0.7084615384615385	0.9047692307692308	0.7076923076923077	0.9463076923076923	0.7423076923076923	0.8107692307692308	0.7121538461538461	0.6913846153846154	0.7044615384615385	0.6978461538461539	0.7583076923076923	0.7161538461538461	0.6550769230769231	0.6716923076923077	0.6695384615384615	0.6395384615384615	0.6933846153846154	0.7626153846153846	0.7155384615384616	0.724	0.74	0.7938461538461539	0.8021538461538461	0.8024615384615384	0.5378461538461539	0.7133846153846154	0.6924615384615385	0.86	0.774	0.7206153846153847	0.7878461538461539	0.829076923076923	0.8373846153846154	0.8041538461538461	0.7733846153846153	0.8533846153846154	0.790923076923077	0.7289230769230769	0.7518461538461538	0.8536923076923076	0.6718461538461539	0.7575384615384615	0.8224615384615385	0.8573846153846154	0.7773846153846153	0.7175384615384616	0.7233846153846154	0.7516923076923077	0.6636923076923077	0.7136923076923077	0.7569230769230769	0.848	0.7218461538461538	0.7593846153846154	0.7186153846153847	0.6515384615384615	0.6987692307692308	0.7133846153846154	0.776	0.7204615384615385	0.8	0.7509230769230769	0.7472307692307693	0.6823076923076923	0.7069230769230769	0.8075384615384615	0.7378461538461538	0.7446153846153846	0.7210769230769231	0.7196923076923077	0.8095384615384615	0.7196923076923077	0.6270769230769231	0.694	0.690923076923077	0.6743076923076923	0.6946153846153846	0.7056923076923077	0.6898461538461539	0.7378461538461538	0.7806153846153846	0.7063076923076923	0.7272307692307692	0.8167692307692308	0.6467692307692308	0.8403076923076923	0.841076923076923	0.7015384615384616	0.6983076923076923	0.6795384615384615	0.0	0.37415384615384617	0.5404615384615384	0.7210769230769231	0.7387692307692307	0.6076923076923076	0.806	0.9367692307692308
SRR19621228	0.9335384615384615	0.953076923076923	0.8489230769230769	0.712	0.6384615384615384	0.7052307692307692	0.6796923076923077	0.7350769230769231	0.8503076923076923	0.7536923076923077	0.6906153846153846	0.804	0.9146153846153846	0.7943076923076923	0.692	0.7041538461538461	0.7496923076923077	0.692923076923077	0.7136923076923077	0.6921538461538461	0.9227692307692308	0.7107692307692308	0.9541538461538461	0.7606153846153846	0.7875384615384615	0.707076923076923	0.7633846153846154	0.7709230769230769	0.7227692307692307	0.7678461538461538	0.7366153846153846	0.6675384615384615	0.6550769230769231	0.7158461538461538	0.6318461538461538	0.6721538461538461	0.7429230769230769	0.7376923076923076	0.6710769230769231	0.7212307692307692	0.8027692307692308	0.8292307692307692	0.8266153846153846	0.6095384615384616	0.7833846153846153	0.7312307692307692	0.8484615384615385	0.7476923076923077	0.7107692307692308	0.7686153846153846	0.8321538461538461	0.823076923076923	0.7950769230769231	0.7530769230769231	0.8909230769230769	0.7613846153846154	0.7224615384615385	0.7647692307692308	0.7983076923076923	0.6301538461538462	0.7376923076923076	0.844	0.8856923076923077	0.7883076923076923	0.6966153846153846	0.73	0.7316923076923076	0.6673846153846154	0.7327692307692307	0.7607692307692308	0.8309230769230769	0.6963076923076923	0.7663076923076924	0.7463076923076923	0.7275384615384616	0.691076923076923	0.738	0.7793846153846153	0.7312307692307692	0.8006153846153846	0.7692307692307693	0.7613846153846154	0.7215384615384616	0.7603076923076924	0.7675384615384615	0.7603076923076924	0.7366153846153846	0.7652307692307693	0.7436923076923077	0.824	0.6863076923076923	0.6403076923076924	0.6955384615384615	0.7501538461538462	0.7170769230769231	0.6823076923076923	0.6343076923076924	0.6090769230769231	0.7261538461538461	0.7773846153846153	0.678923076923077	0.7564615384615384	0.8353846153846154	0.6487692307692308	0.8647692307692307	0.8846153846153846	0.6532307692307693	0.668923076923077	0.6523076923076923	0.37415384615384617	0.0	0.5952307692307692	0.7530769230769231	0.7827692307692308	0.6550769230769231	0.7633846153846154	0.9001538461538462
SRR19621229	0.9236923076923077	0.9513846153846154	0.8813846153846154	0.5924615384615385	0.7084615384615385	0.6938461538461539	0.6764615384615384	0.7101538461538461	0.7990769230769231	0.6175384615384616	0.5798461538461539	0.8186153846153846	0.8998461538461539	0.7316923076923076	0.5370769230769231	0.6092307692307692	0.6246153846153846	0.67	0.6986153846153846	0.6486153846153846	0.9253846153846154	0.715076923076923	0.9426153846153846	0.7673846153846153	0.918	0.7716923076923077	0.5232307692307693	0.5212307692307693	0.559076923076923	0.6347692307692308	0.668923076923077	0.6636923076923077	0.6372307692307693	0.5723076923076923	0.5478461538461539	0.5032307692307693	0.7009230769230769	0.7143076923076923	0.5703076923076923	0.6524615384615384	0.7021538461538461	0.7201538461538461	0.7175384615384616	0.6427692307692308	0.7238461538461538	0.6615384615384615	0.8535384615384616	0.7829230769230769	0.6967692307692308	0.7481538461538462	0.8124615384615385	0.8247692307692308	0.7946153846153846	0.696	0.7401538461538462	0.7255384615384616	0.7058461538461539	0.7041538461538461	0.8361538461538461	0.5778461538461539	0.676923076923077	0.7872307692307692	0.7535384615384615	0.6701538461538461	0.678	0.7269230769230769	0.7381538461538462	0.6461538461538462	0.6204615384615385	0.6663076923076923	0.766	0.6486153846153846	0.6641538461538462	0.6975384615384616	0.524	0.6873846153846154	0.6329230769230769	0.57	0.7129230769230769	0.7187692307692307	0.7164615384615385	0.6772307692307692	0.5298461538461539	0.6466153846153846	0.7550769230769231	0.688	0.6683076923076923	0.7204615384615385	0.6498461538461539	0.714	0.62	0.6718461538461539	0.6447692307692308	0.7435384615384616	0.6012307692307692	0.626	0.48323076923076924	0.5752307692307692	0.6721538461538461	0.8026153846153846	0.6796923076923077	0.7390769230769231	0.7029230769230769	0.5832307692307692	0.6766153846153846	0.817076923076923	0.6876923076923077	0.6547692307692308	0.6170769230769231	0.5404615384615384	0.5952307692307692	0.0	0.6150769230769231	0.7304615384615385	0.6536923076923077	0.756	0.942923076923077
SRR19621230	0.8461538461538461	0.8990769230769231	0.8970769230769231	0.45169230769230767	0.536923076923077	0.5423076923076923	0.4936923076923077	0.6703076923076923	0.7810769230769231	0.5452307692307692	0.5316923076923077	0.7712307692307693	0.8953846153846153	0.6564615384615384	0.6018461538461538	0.5232307692307693	0.5658461538461539	0.6798461538461539	0.7058461538461539	0.6947692307692308	0.8773846153846154	0.6784615384615384	0.8707692307692307	0.6647692307692308	0.9135384615384615	0.7775384615384615	0.6393846153846154	0.48307692307692307	0.4693846153846154	0.5849230769230769	0.4909230769230769	0.5053846153846154	0.6321538461538462	0.5061538461538462	0.5421538461538462	0.5252307692307693	0.5547692307692308	0.5292307692307693	0.6346153846153846	0.5726153846153846	0.6218461538461538	0.5678461538461539	0.6290769230769231	0.5432307692307692	0.7616923076923077	0.7023076923076923	0.912	0.6596923076923077	0.6150769230769231	0.6327692307692308	0.7358461538461538	0.7372307692307692	0.67	0.6816923076923077	0.7726153846153846	0.7283076923076923	0.588	0.5503076923076923	0.8403076923076923	0.6169230769230769	0.5981538461538461	0.7006153846153846	0.7804615384615384	0.6966153846153846	0.6098461538461538	0.6701538461538461	0.6513846153846153	0.6209230769230769	0.6383076923076924	0.6612307692307692	0.7493846153846154	0.5352307692307692	0.7426153846153846	0.6513846153846153	0.5175384615384615	0.6252307692307693	0.6152307692307692	0.4847692307692308	0.5895384615384616	0.5713846153846154	0.6107692307692307	0.5964615384615385	0.6530769230769231	0.7027692307692308	0.79	0.6750769230769231	0.5706153846153846	0.6423076923076924	0.6466153846153846	0.6446153846153846	0.5081538461538462	0.5626153846153846	0.6621538461538462	0.616	0.5173846153846153	0.5090769230769231	0.5327692307692308	0.5616923076923077	0.6932307692307692	0.7544615384615385	0.6510769230769231	0.7096923076923077	0.61	0.5715384615384616	0.6387692307692308	0.7184615384615385	0.6232307692307693	0.5923076923076923	0.6010769230769231	0.7210769230769231	0.7530769230769231	0.6150769230769231	0.0	0.3821538461538462	0.583076923076923	0.7930769230769231	0.9286153846153846
SRR19621231	0.8306153846153846	0.8775384615384615	0.9118461538461539	0.5744615384615385	0.6163076923076923	0.6184615384615385	0.6107692307692307	0.6553846153846153	0.7483076923076923	0.5983076923076923	0.646	0.76	0.8846153846153846	0.6801538461538461	0.7361538461538462	0.6066153846153847	0.6558461538461539	0.66	0.6973846153846154	0.6681538461538462	0.8570769230769231	0.7484615384615385	0.8450769230769231	0.6943076923076923	0.9013846153846153	0.8061538461538461	0.7484615384615385	0.6307692307692307	0.5853846153846154	0.688923076923077	0.5338461538461539	0.5383076923076923	0.7155384615384616	0.6056923076923076	0.6781538461538461	0.685076923076923	0.5947692307692307	0.62	0.6613846153846153	0.6138461538461538	0.6670769230769231	0.6676923076923077	0.7244615384615385	0.6693846153846154	0.6953846153846154	0.7258461538461538	0.92	0.705076923076923	0.692923076923077	0.6395384615384615	0.7147692307692308	0.7204615384615385	0.6224615384615385	0.7167692307692307	0.837076923076923	0.7433846153846154	0.6544615384615384	0.6184615384615385	0.8187692307692308	0.6549230769230769	0.656	0.7096923076923077	0.8523076923076923	0.7855384615384615	0.5815384615384616	0.6087692307692307	0.5978461538461538	0.6755384615384615	0.7427692307692307	0.7772307692307693	0.7901538461538462	0.6463076923076924	0.6913846153846154	0.6907692307692308	0.6063076923076923	0.7101538461538461	0.632	0.6476923076923077	0.7064615384615385	0.6406153846153846	0.656	0.6706153846153846	0.69	0.7163076923076923	0.7964615384615384	0.7156923076923077	0.6121538461538462	0.6349230769230769	0.6324615384615384	0.7033846153846154	0.5644615384615385	0.6435384615384615	0.6475384615384615	0.5644615384615385	0.6549230769230769	0.6333846153846154	0.6481538461538462	0.6263076923076923	0.6887692307692308	0.7369230769230769	0.7186153846153847	0.6704615384615384	0.6750769230769231	0.6561538461538462	0.7136923076923077	0.7193846153846154	0.7076923076923077	0.658923076923077	0.7124615384615385	0.7387692307692307	0.7827692307692308	0.7304615384615385	0.3821538461538462	0.0	0.6383076923076924	0.7858461538461539	0.9155384615384615
SRR19621232	0.8741538461538462	0.9076923076923077	0.8713846153846154	0.6255384615384615	0.5778461538461539	0.6129230769230769	0.5956923076923077	0.6987692307692308	0.7513846153846154	0.6303076923076923	0.36215384615384616	0.6907692307692308	0.854	0.6952307692307692	0.6675384615384615	0.5269230769230769	0.5986153846153847	0.6378461538461538	0.6424615384615384	0.6313846153846154	0.8713846153846154	0.6258461538461538	0.9073846153846153	0.7201538461538461	0.9072307692307693	0.7632307692307693	0.6435384615384615	0.6227692307692307	0.5575384615384615	0.6427692307692308	0.576	0.5893846153846154	0.5727692307692308	0.49923076923076926	0.6527692307692308	0.6450769230769231	0.6429230769230769	0.6436923076923077	0.6704615384615384	0.5872307692307692	0.702	0.6956923076923077	0.7149230769230769	0.52	0.7612307692307693	0.6973846153846154	0.9306153846153846	0.6235384615384615	0.5803076923076923	0.6230769230769231	0.7752307692307693	0.7710769230769231	0.7356923076923076	0.7169230769230769	0.8156923076923077	0.7469230769230769	0.6766153846153846	0.6670769230769231	0.8269230769230769	0.6410769230769231	0.681076923076923	0.7489230769230769	0.8144615384615385	0.7116923076923077	0.7069230769230769	0.6352307692307693	0.680923076923077	0.6053846153846154	0.5924615384615385	0.6047692307692307	0.756	0.5938461538461538	0.648	0.6310769230769231	0.5693846153846154	0.5487692307692308	0.568	0.5886153846153847	0.6221538461538462	0.6298461538461538	0.5955384615384616	0.581076923076923	0.6564615384615384	0.6367692307692308	0.7244615384615385	0.6064615384615385	0.7206153846153847	0.6806153846153846	0.689076923076923	0.5846153846153846	0.5067692307692307	0.5106153846153846	0.5912307692307692	0.6318461538461538	0.5867692307692308	0.6078461538461538	0.6129230769230769	0.6183076923076923	0.7313846153846154	0.7103076923076923	0.632	0.6672307692307692	0.666	0.28507692307692306	0.6923076923076923	0.7795384615384615	0.5832307692307692	0.5084615384615384	0.544923076923077	0.6076923076923076	0.6550769230769231	0.6536923076923077	0.583076923076923	0.6383076923076924	0.0	0.7183076923076923	0.9083076923076923
SRR19621233	0.7195384615384616	0.7601538461538462	0.796923076923077	0.8173846153846154	0.7087692307692308	0.7358461538461538	0.7133846153846154	0.8053846153846154	0.8612307692307692	0.809076923076923	0.7323076923076923	0.7053846153846154	0.762	0.6976923076923077	0.825076923076923	0.7546153846153846	0.7855384615384615	0.6913846153846154	0.7272307692307692	0.6501538461538462	0.9004615384615384	0.8044615384615385	0.8927692307692308	0.6309230769230769	0.942923076923077	0.8175384615384615	0.7823076923076923	0.7987692307692308	0.7570769230769231	0.7616923076923077	0.6755384615384615	0.7161538461538461	0.7770769230769231	0.6287692307692307	0.84	0.8178461538461539	0.8556923076923076	0.8506153846153847	0.6743076923076923	0.7369230769230769	0.834	0.8423076923076923	0.8470769230769231	0.7630769230769231	0.7595384615384615	0.6555384615384615	0.8703076923076923	0.7658461538461538	0.7816923076923077	0.786	0.7332307692307692	0.7126153846153847	0.6146153846153846	0.7686153846153846	0.9133846153846154	0.7806153846153846	0.7430769230769231	0.8684615384615385	0.7801538461538462	0.6746153846153846	0.8441538461538461	0.8750769230769231	0.916	0.8607692307692307	0.7878461538461539	0.7284615384615385	0.7343076923076923	0.7975384615384615	0.79	0.8063076923076923	0.8610769230769231	0.7452307692307693	0.7589230769230769	0.7453846153846154	0.7870769230769231	0.7632307692307693	0.762	0.7913846153846154	0.8355384615384616	0.8343076923076923	0.74	0.7676923076923077	0.786923076923077	0.7856923076923077	0.2210769230769231	0.7709230769230769	0.764	0.7838461538461539	0.7706153846153846	0.8218461538461539	0.7007692307692308	0.713076923076923	0.7533846153846154	0.7367692307692307	0.7029230769230769	0.714	0.702	0.698	0.7084615384615385	0.7456923076923077	0.7429230769230769	0.7203076923076923	0.820923076923077	0.7087692307692308	0.8512307692307692	0.8792307692307693	0.7564615384615384	0.7396923076923076	0.7743076923076923	0.806	0.7633846153846154	0.756	0.7930769230769231	0.7858461538461539	0.7183076923076923	0.0	0.5273846153846153
SRR19621234	0.7630769230769231	0.848	0.8263076923076923	0.943076923076923	0.8832307692307693	0.8890769230769231	0.8950769230769231	0.9326153846153846	0.9616923076923077	0.9264615384615384	0.892	0.8516923076923076	0.7987692307692308	0.8513846153846154	0.8469230769230769	0.9138461538461539	0.9138461538461539	0.8689230769230769	0.8907692307692308	0.7632307692307693	0.9336923076923077	0.940923076923077	0.9363076923076923	0.716	0.9707692307692307	0.9176923076923077	0.8956923076923077	0.9315384615384615	0.9150769230769231	0.9152307692307692	0.8584615384615385	0.8713846153846154	0.9326153846153846	0.7692307692307693	0.9287692307692308	0.8866153846153846	0.9301538461538461	0.8703076923076923	0.8855384615384615	0.9141538461538462	0.9352307692307692	0.9427692307692308	0.9432307692307692	0.9255384615384615	0.8524615384615385	0.7881538461538462	0.9584615384615385	0.7226153846153847	0.8746153846153846	0.841076923076923	0.8793846153846154	0.8516923076923076	0.7864615384615384	0.898	0.9732307692307692	0.8884615384615384	0.8883076923076924	0.9104615384615384	0.9012307692307693	0.8866153846153846	0.9138461538461539	0.9595384615384616	0.9776923076923076	0.9043076923076923	0.8916923076923077	0.823076923076923	0.7958461538461539	0.8838461538461538	0.9392307692307692	0.9464615384615385	0.939076923076923	0.9101538461538462	0.8956923076923077	0.9101538461538462	0.9258461538461539	0.920923076923077	0.9267692307692308	0.9263076923076923	0.9404615384615385	0.9398461538461539	0.924	0.9150769230769231	0.9426153846153846	0.9526153846153846	0.5838461538461538	0.944	0.8878461538461538	0.9186153846153846	0.9101538461538462	0.9358461538461539	0.8970769230769231	0.9023076923076923	0.9035384615384615	0.882	0.868	0.8670769230769231	0.8967692307692308	0.8889230769230769	0.8927692307692308	0.8753846153846154	0.8363076923076923	0.8695384615384616	0.9313846153846154	0.9135384615384615	0.9241538461538461	0.9153846153846154	0.8166153846153846	0.8927692307692308	0.8947692307692308	0.9367692307692308	0.9001538461538462	0.942923076923077	0.9286153846153846	0.9155384615384615	0.9083076923076923	0.5273846153846153	0.0
