	SRR19621115	SRR19621116	SRR19621117	SRR19621118	SRR19621119	SRR19621120	SRR19621121	SRR19621125	SRR19621126	SRR19621127	SRR19621128	SRR19621129	SRR19621130	SRR19621131	SRR19621132	SRR19621133	SRR19621134	SRR19621135	SRR19621136	SRR19621137	SRR19621138	SRR19621139	SRR19621140	SRR19621141	SRR19621142	SRR19621143	SRR19621144	SRR19621145	SRR19621146	SRR19621147	SRR19621148	SRR19621149	SRR19621150	SRR19621151	SRR19621152	SRR19621153	SRR19621154	SRR19621155	SRR19621156	SRR19621157	SRR19621158	SRR19621159	SRR19621160	SRR19621161	SRR19621162	SRR19621163	SRR19621164	SRR19621165	SRR19621166	SRR19621167	SRR19621168	SRR19621169	SRR19621170	SRR19621171	SRR19621172	SRR19621173	SRR19621174	SRR19621175	SRR19621176	SRR19621177	SRR19621178	SRR19621179	SRR19621180	SRR19621181	SRR19621182	SRR19621183	SRR19621184	SRR19621185	SRR19621186	SRR19621187	SRR19621188	SRR19621189	SRR19621190	SRR19621191	SRR19621192	SRR19621193	SRR19621194	SRR19621195	SRR19621196	SRR19621197	SRR19621198	SRR19621199	SRR19621200	SRR19621201	SRR19621202	SRR19621203	SRR19621204	SRR19621205	SRR19621206	SRR19621207	SRR19621208	SRR19621209	SRR19621210	SRR19621211	SRR19621212	SRR19621213	SRR19621214	SRR19621215	SRR19621216	SRR19621217	SRR19621218	SRR19621219	SRR19621220	SRR19621221	SRR19621222	SRR19621223	SRR19621224	SRR19621225	SRR19621226	SRR19621227	SRR19621228	SRR19621229	SRR19621230	SRR19621231	SRR19621232	SRR19621233	SRR19621234
SRR19621115	0	0.6979722380638123	1.066588163375854	1.106671690940857	1.04560387134552	1.075646281242371	1.059642314910889	0.8682859539985657	1.759934186935425	0.9508103728294373	1.053829431533813	0.8370538353919983	1.199471354484558	0.8576906323432922	0.932364284992218	1.057164549827576	1.094666838645935	0.8128087520599365	0.81597501039505	0.7938263416290283	0.9284159541130066	1.408600330352783	1.410352230072021	0.7304444313049316	1.485068202018738	1.288283824920654	0.9505277276039124	0.9816914200782776	0.989423930644989	0.9530537128448486	0.9020975828170776	1.151006460189819	1.197293996810913	0.8589445352554321	1.106906175613403	0.9945254325866699	1.017281651496887	0.9903516173362732	1.052699685096741	0.9803586006164551	1.125544190406799	1.305988311767578	1.280668616294861	1.28048038482666	0.8543683290481567	0.8904693722724915	1.091488838195801	1.12544584274292	1.280384302139282	1.207634329795837	0.9573522210121155	0.8038577437400818	0.7875589728355408	1.015686750411987	0.997631311416626	0.9216962456703186	1.048834800720215	1.002679109573364	1.577767968177795	1.101707696914673	0.9512274265289307	0.9795372486114502	1.051129579544067	0.8940626978874207	1.00308096408844	0.9385382533073425	0.9311565756797791	1.251912832260132	1.141482710838318	1.243369817733765	1.030381798744202	1.017744064331055	0.9352192282676697	1.02079701423645	1.136803507804871	1.10890805721283	1.097707986831665	1.111904859542847	1.254745721817017	1.166078925132751	1.03337574005127	1.059675335884094	1.023838639259338	0.9875078201293945	0.7999169230461121	1.015620589256287	0.910246729850769	0.9244081974029541	0.8142099380493164	1.015466809272766	0.9448463916778564	1.083064913749695	1.03085994720459	0.9478358030319214	1.003833055496216	0.9580581784248352	1.002370476722717	0.9675149917602539	1.077599048614502	0.8779779076576233	1.059107661247253	0.8924070596694946	0.9787384271621704	1.068432450294495	1.074153542518616	1.074808478355408	1.390450835227966	1.160623550415039	1.120833039283752	1.4173663854599	1.388020038604736	1.117235779762268	1.103978276252747	1.064520955085754	1.078787922859192	0.7995473146438599	1.126075267791748
SRR19621116	0.6979722380638123	0	1.323080778121948	1.352880477905273	1.35171377658844	1.410520911216736	1.331851601600647	1.103198528289795	1.359875440597534	1.296028733253479	1.373263120651245	0.9417040348052979	0.8786269426345825	1.163447976112366	1.269923567771912	1.385857820510864	1.418938994407654	1.074780464172363	1.073843717575073	1.109641075134277	0.7899343371391296	1.668784499168396	1.030374050140381	1.10797381401062	1.739249467849731	1.548190355300903	1.273532032966614	1.308477878570557	1.302933096885681	1.269062519073486	1.203994750976562	1.414889097213745	1.455420613288879	1.212269425392151	1.383427858352661	1.301351428031921	1.337082505226135	1.289170503616333	1.344523072242737	1.327832341194153	1.456421852111816	1.65281093120575	1.54970109462738	1.546340107917786	1.152348518371582	1.23447597026825	1.156571388244629	1.408179402351379	1.561987161636353	1.458967685699463	1.244484305381775	1.074469327926636	1.086624979972839	1.317988276481628	1.316344618797302	1.231954097747803	1.300745844841003	1.318687796592712	1.834466934204102	1.383387207984924	1.292880296707153	1.309940576553345	1.372918486595154	1.236492395401001	1.332144498825073	1.265963792800903	1.254136800765991	1.507726550102234	1.461076140403748	1.564009666442871	1.359530210494995	1.33048415184021	1.239335179328918	1.282312035560608	1.397071838378906	1.406318187713623	1.409330487251282	1.441454529762268	1.526121497154236	1.423340082168579	1.361811280250549	1.356303215026855	1.32303524017334	1.249592065811157	1.191142678260803	1.327840328216553	1.261036157608032	1.232476115226746	1.126709580421448	1.294035792350769	1.286235094070435	1.341555953025818	1.35168981552124	1.232513785362244	1.343755125999451	1.281342029571533	1.305678367614746	1.320324301719666	1.393542528152466	1.179195642471313	1.31729781627655	1.19863486289978	1.289642333984375	1.317774057388306	1.399861216545105	1.324884653091431	1.647573232650757	1.426599740982056	1.440823316574097	1.684299468994141	1.653904557228088	1.430828213691711	1.410044312477112	1.363731741905212	1.287588596343994	1.200399994850159	1.55548083782196
SRR19621117	1.066588163375854	1.323080778121948	0	1.015174269676208	1.087198138237	1.156847476959229	1.043201684951782	1.018990755081177	2.217129230499268	1.158510208129883	1.055136561393738	1.167904257774353	1.359364986419678	1.099048733711243	0.952028751373291	1.054423332214355	1.012280702590942	1.085964322090149	1.152407169342041	0.9609605669975281	1.283909201622009	1.097384691238403	1.918199062347412	0.9138613343238831	1.158414602279663	0.9811920523643494	0.9402813315391541	1.074137210845947	1.034307479858398	1.040581107139587	0.9377304315567017	0.9811743497848511	0.9233817458152771	0.8776365518569946	0.862199068069458	0.9997954368591309	1.058277726173401	0.8723679184913635	1.119415044784546	1.082082867622375	0.9799869060516357	0.8652089834213257	0.952502965927124	0.9718953371047974	0.8929176330566406	0.7844510078430176	1.247125387191772	0.914655864238739	0.9642205238342285	0.9329001903533936	0.8727239966392517	0.8971238732337952	1.014471411705017	0.9748771786689758	1.078596472740173	1.117549419403076	0.9994897842407227	0.9699183702468872	1.173977136611938	1.077082633972168	0.9005494117736816	0.9439849853515625	1.095686912536621	0.8999905586242676	1.082975625991821	0.9555394053459167	0.9679250121116638	1.060925602912903	1.131760239601135	0.9418173432350159	1.055271863937378	1.059255480766296	0.8230189085006714	0.831803023815155	1.00838041305542	1.086297273635864	1.099789381027222	1.117013335227966	0.9557652473449707	1.072964191436768	0.9894140362739563	0.9687449932098389	0.9998397827148438	0.9635409712791443	1.011072397232056	1.102096676826477	0.9785507917404175	0.9498819708824158	0.9525624513626099	1.116519212722778	1.011323213577271	0.913891613483429	1.060120463371277	0.9487038850784302	1.074011564254761	0.9970292448997498	0.9467924237251282	1.002582311630249	1.161035180091858	1.214033007621765	1.113455414772034	1.247077226638794	1.047053217887878	0.9221174120903015	1.088092803955078	1.019063472747803	1.210929393768311	0.9746086001396179	1.08881676197052	1.065121054649353	1.052444815635681	1.090475082397461	1.122906684875488	1.141906976699829	1.016724824905396	1.044134020805359	1.269248723983765
SRR19621118	1.106671690940857	1.352880477905273	1.015174269676208	0	0.5693444609642029	0.5764489769935608	0.4570746421813965	0.6495394110679626	1.811276793479919	0.4778719842433929	0.4247178137302399	1.029202938079834	1.624565005302429	0.78932785987854	0.3588650822639465	0.4794600009918213	0.5143933892250061	0.6498621106147766	0.7647879123687744	0.6860007643699646	1.069005608558655	0.7147092223167419	1.694666862487793	0.7873221039772034	0.9829128980636597	0.7451567649841309	0.4030512869358063	0.4649883508682251	0.398019939661026	0.4256910979747772	0.52840656042099	0.484885185956955	0.4733244776725769	0.5227060914039612	0.3978114724159241	0.348604291677475	0.4576970934867859	0.5716348886489868	0.5837381482124329	0.5375596880912781	0.5077869296073914	0.7176568508148193	0.587567925453186	0.487376868724823	0.6110383272171021	0.7383130788803101	0.9599818587303162	0.6733437180519104	0.6962378621101379	0.7006135582923889	0.8555654883384705	0.8776271343231201	0.7772668600082397	0.6965445280075073	0.5353497862815857	0.6669917106628418	0.5527135133743286	0.4635826945304871	1.033639788627625	0.508410632610321	0.4959050714969635	0.5916466116905212	0.4802453517913818	0.4738463163375854	0.4633834064006805	0.5431913733482361	0.5928129553794861	0.585971474647522	0.4411487579345703	0.580654501914978	0.4830453097820282	0.5369733572006226	0.6253690719604492	0.4550463557243347	0.3252502679824829	0.441330760717392	0.3825322389602661	0.4943754076957703	0.5253861546516418	0.5001318454742432	0.5561120510101318	0.515442430973053	0.3333583474159241	0.4343143701553345	0.899588406085968	0.3934508562088013	0.5844379067420959	0.5516532063484192	0.54216468334198	0.6637083888053894	0.4050332307815552	0.4377559721469879	0.6217492818832397	0.4888286888599396	0.5167383551597595	0.4590729475021362	0.587404191493988	0.6390062570571899	0.8188916444778442	0.7813475131988525	0.6257501840591431	0.8099642992019653	0.5876859426498413	0.405512660741806	0.4446967244148254	0.5135309100151062	0.7217288017272949	0.5308765172958374	0.4488756358623505	0.6862910985946655	0.7091522812843323	0.4112501442432404	0.4168858230113983	0.5797978043556213	0.5187862515449524	0.9580848217010498	1.235571146011353
SRR19621119	1.04560387134552	1.35171377658844	1.087198138237	0.5693444609642029	0	0.3163115084171295	0.2435726225376129	0.7452688217163086	1.868058204650879	0.5748726725578308	0.5278864502906799	0.9544647336006165	1.650928497314453	0.7083141207695007	0.6531365513801575	0.4973325431346893	0.5341007709503174	0.6088277697563171	0.70504230260849	0.6400073170661926	1.196784973144531	0.9270285367965698	1.738560080528259	0.9037823677062988	1.131905198097229	0.912005603313446	0.5849970579147339	0.5440058708190918	0.4136654734611511	0.5357494950294495	0.3916601538658142	0.3749825358390808	0.6792148947715759	0.5090041756629944	0.643383800983429	0.5204012989997864	0.4704127013683319	0.574597954750061	0.503970742225647	0.4239475429058075	0.7012030482292175	0.7278778553009033	0.5715930461883545	0.6380048394203186	0.7671619057655334	0.9451978802680969	1.165099740028381	0.730485200881958	0.8154693245887756	0.7342306971549988	0.7630599737167358	0.8258035778999329	0.6072350740432739	0.6660486459732056	0.6561601758003235	0.6486905813217163	0.4502752125263214	0.5381942987442017	1.104382753372192	0.4458487331867218	0.5936020016670227	0.6855567097663879	0.6638535261154175	0.5840157866477966	0.4451898038387299	0.5073568820953369	0.5092230439186096	0.6865243315696716	0.4732185304164886	0.6332546472549438	0.6615634560585022	0.3562302887439728	0.6492278575897217	0.5426867604255676	0.48102667927742	0.4844604730606079	0.4647326767444611	0.673891544342041	0.6663404107093811	0.5481878519058228	0.5721648931503296	0.5430752635002136	0.5785506367683411	0.6102898716926575	0.8213059306144714	0.5547314286231995	0.4520557522773743	0.596181333065033	0.5033634305000305	0.7326140403747559	0.438931792974472	0.501989483833313	0.7004758715629578	0.4721090793609619	0.4604898393154144	0.4453009963035583	0.6661077737808228	0.563248336315155	0.8426633477210999	0.6899048686027527	0.6571952700614929	0.7066946029663086	0.4921751022338867	0.5799311995506287	0.5851355791091919	0.6342700123786926	0.7421268820762634	0.4478698074817657	0.4359108209609985	0.8578819036483765	0.8258517384529114	0.649614155292511	0.4642759561538696	0.558515727519989	0.5618747472763062	0.9035691022872925	1.266191005706787
SRR19621120	1.075646281242371	1.410520911216736	1.156847476959229	0.5764489769935608	0.3163115084171295	0	0.3220285475254059	0.7975872159004211	1.838613748550415	0.5031775832176208	0.5299522280693054	0.9522469639778137	1.648443222045898	0.7328196167945862	0.6365638971328735	0.5070370435714722	0.543677031993866	0.6384075284004211	0.6891731023788452	0.6479508876800537	1.185361623764038	0.9878649115562439	1.706863880157471	0.9244745969772339	1.201510071754456	0.969108521938324	0.5647719502449036	0.4453584849834442	0.4277720749378204	0.4540080428123474	0.4177949726581573	0.4880205392837524	0.7394173145294189	0.5225218534469604	0.6386197209358215	0.4708844423294067	0.4831217527389526	0.5784196853637695	0.5262992382049561	0.419538676738739	0.6704540848731995	0.7163315415382385	0.690509021282196	0.6732326149940491	0.8209471106529236	1.010375380516052	1.19208836555481	0.7809909582138062	0.8803884387016296	0.8050965666770935	0.8259101510047913	0.8690672516822815	0.6376006007194519	0.7281831502914429	0.6784455180168152	0.6732664704322815	0.5293402671813965	0.5478832721710205	1.167919874191284	0.4893492162227631	0.5788996815681458	0.6763724684715271	0.6549340486526489	0.6114819645881653	0.344320684671402	0.5075615048408508	0.4984212517738342	0.7318389415740967	0.5108073949813843	0.6328004598617554	0.6607084274291992	0.3523047268390656	0.6831141710281372	0.5507939457893372	0.517302930355072	0.5486732721328735	0.4654887616634369	0.6520311236381531	0.7126010656356812	0.6646735668182373	0.5820290446281433	0.6060742735862732	0.5830077528953552	0.6059743165969849	0.8433371186256409	0.5188139081001282	0.4552311301231384	0.6358513236045837	0.5333328247070312	0.6534193158149719	0.4490334093570709	0.5625622868537903	0.6731938123703003	0.4411246776580811	0.3514969050884247	0.3967277109622955	0.6629651188850403	0.5557628870010376	0.8319932818412781	0.7039535045623779	0.7521877288818359	0.6987916827201843	0.6187803149223328	0.5975669622421265	0.5924679636955261	0.6826366782188416	0.8064746260643005	0.5578079223632812	0.4886373281478882	0.8797144889831543	0.8638535737991333	0.6533372402191162	0.4962331354618073	0.5777677297592163	0.6261730790138245	0.9257585406303406	1.289314150810242
SRR19621121	1.059642314910889	1.331851601600647	1.043201684951782	0.4570746421813965	0.2435726225376129	0.3220285475254059	0	0.6990897059440613	1.87745475769043	0.5404103994369507	0.5032652020454407	0.9761137962341309	1.649285316467285	0.7220450639724731	0.62530916929245	0.4687094688415527	0.5054997205734253	0.6215140819549561	0.715496838092804	0.6398057341575623	1.129990696907043	0.8291900157928467	1.722394943237305	0.8085537552833557	1.047322034835815	0.8276091814041138	0.5569987893104553	0.4876124858856201	0.3122519254684448	0.4757417738437653	0.3583604693412781	0.3043392598628998	0.5807549357414246	0.4874848425388336	0.5394273400306702	0.5168171525001526	0.474891185760498	0.493337869644165	0.4954678118228912	0.3736060559749603	0.6565974950790405	0.6849027276039124	0.5012487173080444	0.5237643718719482	0.7034854292869568	0.8674057722091675	1.076932907104492	0.6498385667800903	0.7291178703308105	0.644208550453186	0.7607631087303162	0.7707632780075073	0.6071099638938904	0.6772461533546448	0.6153138279914856	0.6488144397735596	0.4251899719238281	0.5053799748420715	1.036087036132812	0.399203360080719	0.5748254060745239	0.6730055212974548	0.6138535141944885	0.5722484588623047	0.4507246911525726	0.5545108914375305	0.5619862675666809	0.558096170425415	0.4532682597637177	0.6081314086914062	0.6452837586402893	0.3816305696964264	0.6250496506690979	0.4324783384799957	0.379506379365921	0.468734472990036	0.4650385975837708	0.6328049302101135	0.5550203323364258	0.4637461602687836	0.5750007033348083	0.5480476021766663	0.5228161215782166	0.5099805593490601	0.8326567411422729	0.5285946726799011	0.4849776029586792	0.6016086935997009	0.5272769927978516	0.6992567181587219	0.3854953348636627	0.4183867871761322	0.6690624952316284	0.4697844386100769	0.4547164142131805	0.412846177816391	0.63489830493927	0.5350267291069031	0.8332340121269226	0.6982805728912354	0.6278867125511169	0.724301278591156	0.4961097836494446	0.4785743355751038	0.5641056299209595	0.5742373466491699	0.6579666137695312	0.4235284924507141	0.4223378002643585	0.755832314491272	0.7350828051567078	0.6098317503929138	0.4431452751159668	0.5831270813941956	0.4787185192108154	0.916056215763092	1.274300575256348
SRR19621125	0.8682859539985657	1.103198528289795	1.018990755081177	0.6495394110679626	0.7452688217163086	0.7975872159004211	0.6990897059440613	0	1.525450229644775	0.596729040145874	0.7912372946739197	0.6618216037750244	1.201894402503967	0.6463897228240967	0.7936866283416748	0.7164996266365051	0.6419658064842224	0.5119509100914001	0.4790194630622864	0.6967682838439941	0.8367341160774231	0.9613677263259888	1.45302414894104	0.7599544525146484	1.155721068382263	0.9505718350410461	0.7625257968902588	0.7486681342124939	0.6840701699256897	0.7366056442260742	0.7498491406440735	0.6710074543952942	0.7050285339355469	0.8046132922172546	0.7075278162956238	0.7535527944564819	0.6663691997528076	0.7576051950454712	0.6758717894554138	0.7155340909957886	0.6455784440040588	0.8301454186439514	0.7044635415077209	0.8566222190856934	0.7266325950622559	0.8800536394119263	0.8524837493896484	0.938151478767395	0.9569696187973022	0.9413900971412659	0.5689910054206848	0.4832580387592316	0.6094835996627808	0.4807440042495728	0.703097403049469	0.4780228435993195	0.5650904774665833	0.6439739465713501	1.158556818962097	0.7274479866027832	0.5754951238632202	0.636304497718811	0.7107643485069275	0.7640610933303833	0.7030928134918213	0.6718139052391052	0.7030802369117737	0.8263486623764038	0.7654145956039429	0.700714111328125	0.7686355710029602	0.8019602298736572	0.5627442598342896	0.5290576815605164	0.7028583288192749	0.6960741877555847	0.7049154043197632	0.8353474736213684	0.8547214865684509	0.7857112884521484	0.5590135455131531	0.5858713984489441	0.7178824543952942	0.6335864067077637	0.9675846695899963	0.6763398051261902	0.6786045432090759	0.6143013834953308	0.5991519689559937	0.8111665844917297	0.6187512874603271	0.6300410628318787	0.8773884773254395	0.6062910556793213	0.7552403211593628	0.7312046885490417	0.8013309240341187	0.7872456908226013	1.055055022239685	0.6038591861724854	0.6379590034484863	0.6354774236679077	0.8470525741577148	0.6644988656044006	0.8501561880111694	0.8502714037895203	0.9545791149139404	0.6797400712966919	0.7789092659950256	1.018397808074951	1.010619282722473	0.8096883296966553	0.7468903660774231	0.7486599683761597	0.7437180876731873	1.018227100372314	1.421558260917664
SRR19621126	1.759934186935425	1.359875440597534	2.217129230499268	1.811276793479919	1.868058204650879	1.838613748550415	1.87745475769043	1.525450229644775	0	1.591800451278687	1.834004163742065	1.401532292366028	1.202411651611328	1.616292834281921	1.803746461868286	1.7807297706604	1.791707515716553	1.603383302688599	1.501382350921631	1.723922610282898	1.376469612121582	2.141841888427734	0.69462651014328	1.812643647193909	2.249665021896362	2.054799556732178	1.743526101112366	1.777860164642334	1.820178270339966	1.77226459980011	1.840354561805725	1.890548229217529	1.92190957069397	1.829402804374695	1.890986680984497	1.817980289459229	1.779327392578125	1.889786243438721	1.805731773376465	1.767547845840454	1.799610257148743	1.996148467063904	1.995699763298035	1.978148937225342	1.866373777389526	1.981208086013794	1.678205847740173	1.997112631797791	2.11768102645874	2.062539339065552	1.806330323219299	1.745287418365479	1.725776076316833	1.699982166290283	1.733429551124573	1.631108283996582	1.786653161048889	1.758279800415039	2.342624425888062	1.842676758766174	1.742473125457764	1.713826179504395	1.728590726852417	1.7796391248703	1.767210006713867	1.778656959533691	1.810260534286499	1.965139389038086	1.824594378471375	1.88553261756897	1.772053122520447	1.888720989227295	1.751747608184814	1.790390253067017	1.88240659236908	1.844003438949585	1.787337303161621	1.811112761497498	2.015063285827637	1.9242262840271	1.727745890617371	1.760584115982056	1.743413090705872	1.765486001968384	1.851437091827393	1.696330547332764	1.809489369392395	1.710980415344238	1.668078184127808	1.768685698509216	1.753244638442993	1.864192128181458	1.793421983718872	1.726414203643799	1.815358519554138	1.840631246566772	1.775475859642029	1.809418916702271	1.921821475028992	1.632500529289246	1.810292482376099	1.639492988586426	1.89232325553894	1.840917944908142	1.831761121749878	1.907644152641296	2.142601490020752	1.90228545665741	1.858015060424805	2.128234148025513	2.163859605789185	1.824424743652344	1.864446640014648	1.830908894538879	1.851616263389587	1.885523796081543	2.280418872833252
SRR19621127	0.9508103728294373	1.296028733253479	1.158510208129883	0.4778719842433929	0.5748726725578308	0.5031775832176208	0.5404103994369507	0.596729040145874	1.591800451278687	0	0.5044469833374023	0.8311517834663391	1.477586150169373	0.5906716585159302	0.5106293559074402	0.466154158115387	0.4979201853275299	0.4701711535453796	0.5216025114059448	0.5327613353729248	0.9918579459190369	0.8899407386779785	1.516917586326599	0.7292981147766113	1.134907722473145	0.9033383727073669	0.4700863361358643	0.3713593184947968	0.4546341598033905	0.3851330280303955	0.5167617797851562	0.6227962374687195	0.6287081837654114	0.5592244863510132	0.582307755947113	0.4936980903148651	0.452058345079422	0.5712578892707825	0.4950295686721802	0.4176902174949646	0.4989868700504303	0.6809518933296204	0.7202141284942627	0.6842777729034424	0.7079892754554749	0.8102958798408508	1.014937281608582	0.8353856801986694	0.8623827695846558	0.8697563409805298	0.7372210621833801	0.7771522998809814	0.635094165802002	0.5373989939689636	0.4843791723251343	0.4988577365875244	0.54319828748703	0.4489820599555969	1.16236412525177	0.5253316164016724	0.4966489672660828	0.5864469408988953	0.5156688690185547	0.5037142634391785	0.3560491800308228	0.5637778639793396	0.5752671957015991	0.7242305278778076	0.4892541468143463	0.6063741445541382	0.4827323853969574	0.623124897480011	0.6234352588653564	0.5544949769973755	0.5323888659477234	0.5274575352668762	0.4386099278926849	0.4709722399711609	0.6789067387580872	0.6231350302696228	0.4482429921627045	0.466415137052536	0.5006169676780701	0.5103967785835266	0.7429243326187134	0.3845933675765991	0.5200017094612122	0.5125143527984619	0.4415102601051331	0.5082324743270874	0.3903847336769104	0.5661414265632629	0.6038683652877808	0.5219807624816895	0.4466290473937988	0.4877206683158875	0.5612894296646118	0.5828160047531128	0.7926164269447327	0.5761306881904602	0.525343120098114	0.5814250111579895	0.6632720232009888	0.5520278811454773	0.5441223382949829	0.742709755897522	0.8600794076919556	0.6318707466125488	0.5039833188056946	0.8782072067260742	0.891595184803009	0.5239729285240173	0.5127919912338257	0.5893288850784302	0.6199831962585449	0.7983542084693909	1.204265832901001
SRR19621128	1.053829431533813	1.373263120651245	1.055136561393738	0.4247178137302399	0.5278864502906799	0.5299522280693054	0.5032652020454407	0.7912372946739197	1.834004163742065	0.5044469833374023	0	0.934417188167572	1.591214895248413	0.7087053656578064	0.3680669367313385	0.372156023979187	0.4520106613636017	0.6190497875213623	0.7025999426841736	0.6251459717750549	1.05510401725769	0.8352949023246765	1.674918413162231	0.814663827419281	1.116404414176941	0.8407036662101746	0.3630067110061646	0.4831797480583191	0.4046530425548553	0.4411076605319977	0.3915815353393555	0.495148628950119	0.5682940483093262	0.3647252321243286	0.5851248502731323	0.3846866190433502	0.4416767656803131	0.5147224068641663	0.6132532358169556	0.4429173469543457	0.5644829273223877	0.6961997151374817	0.6491656303405762	0.5199193358421326	0.6932842135429382	0.7561128735542297	1.016442060470581	0.657684326171875	0.6796321272850037	0.6484314799308777	0.8881844878196716	0.8873738646507263	0.776667594909668	0.6959325075149536	0.5641241669654846	0.6925604343414307	0.6224309206008911	0.4574536979198456	1.116161227226257	0.5430505871772766	0.5257420539855957	0.5983153581619263	0.5534648895263672	0.4591199457645416	0.5037822127342224	0.5125412940979004	0.570038914680481	0.5932955145835876	0.3642402291297913	0.5166887044906616	0.4630653560161591	0.4324242174625397	0.567395806312561	0.5095952153205872	0.4082667827606201	0.3843219876289368	0.4004687964916229	0.3955703377723694	0.5225467085838318	0.4221466779708862	0.4954366087913513	0.482166975736618	0.388413280248642	0.5416497588157654	0.7123464345932007	0.4281368553638458	0.5767310261726379	0.5126643776893616	0.5303192734718323	0.5639753937721252	0.364798367023468	0.5143543481826782	0.5162988305091858	0.5509732365608215	0.4629288911819458	0.453203946352005	0.4911012053489685	0.5211970806121826	0.7226468324661255	0.751740574836731	0.6994288563728333	0.7691061496734619	0.5133550763130188	0.2869767546653748	0.3509178161621094	0.5166779756546021	0.7418084144592285	0.4629740715026855	0.3651234209537506	0.7420335412025452	0.6866191029548645	0.4196461737155914	0.4075707197189331	0.5513737201690674	0.3338183164596558	0.7709556221961975	1.153393268585205
SRR19621129	0.8370538353919983	0.9417040348052979	1.167904257774353	1.029202938079834	0.9544647336006165	0.9522469639778137	0.9761137962341309	0.6618216037750244	1.401532292366028	0.8311517834663391	0.934417188167572	0	0.8607799410820007	0.5058197379112244	0.9539122581481934	0.8817653059959412	0.8211666941642761	0.6686589121818542	0.5482870936393738	0.7667106986045837	0.7010023593902588	1.322747111320496	1.224929213523865	0.8953356742858887	1.431758999824524	1.2062166929245	0.9031368494033813	0.9647685289382935	0.9564361572265625	0.9598129987716675	0.8592506051063538	0.9300779700279236	1.078829765319824	0.8589397072792053	1.044952750205994	0.9362296462059021	0.8742451667785645	0.9180585145950317	0.8749276399612427	0.8801380395889282	0.955237865447998	1.091423273086548	1.027426719665527	1.140154123306274	0.9716783165931702	1.088066697120667	0.8951756954193115	1.018197894096375	1.144046187400818	1.095321297645569	0.7623187899589539	0.6684832572937012	0.6558366417884827	0.7036994695663452	0.9012836813926697	0.6371683478355408	0.7892717719078064	0.856738269329071	1.404345750808716	0.9075412750244141	0.767728328704834	0.8076562881469727	0.958918571472168	0.9064838886260986	0.8961857557296753	0.8373870253562927	0.8170484900474548	1.102705597877502	0.9701815843582153	0.9835098385810852	0.9459879994392395	0.9927708506584167	0.8019449710845947	0.8163512349128723	1.014378786087036	0.9423697590827942	0.9261146187782288	1.031895279884338	1.127111077308655	1.044863939285278	0.7173166871070862	0.7268537878990173	0.9753536581993103	0.9405308961868286	0.8217185139656067	0.9194411039352417	0.8582655787467957	0.8459429144859314	0.8141064643859863	0.9444714188575745	0.9019376635551453	0.9713953137397766	0.9947752952575684	0.8557560443878174	0.9356295466423035	0.9213671684265137	0.932589054107666	0.8665842413902283	1.05359935760498	0.6277487277984619	0.874843955039978	0.6706312298774719	1.006620645523071	0.9630271196365356	0.953406810760498	0.9721336960792542	1.195571541786194	0.9004282355308533	0.9653623104095459	1.297065734863281	1.262038469314575	1.056219816207886	0.9883644580841064	0.9795786142349243	0.9496873021125793	0.9022015929222107	1.361074566841125
SRR19621130	1.199471354484558	0.8786269426345825	1.359364986419678	1.624565005302429	1.650928497314453	1.648443222045898	1.649285316467285	1.201894402503967	1.202411651611328	1.477586150169373	1.591214895248413	0.8607799410820007	0	1.225498080253601	1.445287227630615	1.549850106239319	1.468489527702332	1.350735068321228	1.252072334289551	1.291980504989624	1.059798240661621	1.880282282829285	0.988297700881958	1.341375827789307	1.963429927825928	1.761876225471497	1.472771406173706	1.604726791381836	1.615613460540771	1.581422328948975	1.558750987052917	1.607083916664124	1.670919418334961	1.42335045337677	1.633451700210571	1.542680859565735	1.57005512714386	1.579716324806213	1.539745688438416	1.559528827667236	1.416860342025757	1.468799829483032	1.60383665561676	1.764507055282593	1.51161253452301	1.51855993270874	1.420433402061462	1.641752004623413	1.77009129524231	1.719772934913635	1.150986552238464	1.145827770233154	1.303557872772217	1.245980739593506	1.478734135627747	1.29520857334137	1.456394791603088	1.514007091522217	2.005413055419922	1.597837805747986	1.357188105583191	1.412268042564392	1.511911988258362	1.462361097335815	1.555310249328613	1.418756604194641	1.396904110908508	1.720721006393433	1.611444473266602	1.415578484535217	1.520584225654602	1.646090865135193	1.318218588829041	1.412442088127136	1.664531588554382	1.604690194129944	1.594368815422058	1.609769344329834	1.736758947372437	1.672540426254272	1.39030909538269	1.412254691123962	1.559270143508911	1.570425868034363	1.34105920791626	1.552633285522461	1.51118528842926	1.451005339622498	1.462357878684998	1.553759574890137	1.527497291564941	1.609934449195862	1.578049898147583	1.51736056804657	1.580352544784546	1.546960115432739	1.554094910621643	1.567308306694031	1.627121686935425	1.35418975353241	1.540382504463196	1.36748480796814	1.650250792503357	1.602291941642761	1.596343755722046	1.614576816558838	1.851130485534668	1.564821839332581	1.632683277130127	1.895443916320801	1.869530439376831	1.624774813652039	1.647615790367126	1.619421720504761	1.604128837585449	1.37214720249176	1.705930352210999
SRR19621131	0.8576906323432922	1.163447976112366	1.099048733711243	0.78932785987854	0.7083141207695007	0.7328196167945862	0.7220450639724731	0.6463897228240967	1.616292834281921	0.5906716585159302	0.7087053656578064	0.5058197379112244	1.225498080253601	0	0.7290114164352417	0.6458737850189209	0.658425509929657	0.5097484588623047	0.4810100793838501	0.5314440131187439	0.9505196809768677	1.109459519386292	1.488715648651123	0.7434691786766052	1.212439656257629	0.9534229040145874	0.65323406457901	0.73017817735672	0.728946328163147	0.7330942153930664	0.6132827401161194	0.6878020167350769	0.8582664132118225	0.6244966983795166	0.8171802759170532	0.6995567679405212	0.6778004169464111	0.7676823735237122	0.5635913610458374	0.6356987357139587	0.7932875156402588	0.939053475856781	0.8760421276092529	0.8800942897796631	0.7603674530982971	0.9083163738250732	1.032202243804932	0.8567859530448914	0.9566930532455444	0.8816705942153931	0.6117573380470276	0.590676486492157	0.4594529271125793	0.506958544254303	0.712190568447113	0.4423063695430756	0.5509967803955078	0.6645327806472778	1.183397769927979	0.6322168111801147	0.6537950038909912	0.6979403495788574	0.7627610564231873	0.7041180729866028	0.6343706846237183	0.6380444765090942	0.6120297312736511	0.9042484760284424	0.7679275870323181	0.8690009713172913	0.7678391933441162	0.734366774559021	0.6801588535308838	0.7078678607940674	0.7232556343078613	0.6953815221786499	0.6762871146202087	0.7753452062606812	0.9157949090003967	0.8013816475868225	0.6326906085014343	0.6239579916000366	0.7395316958427429	0.7830294370651245	0.6615715622901917	0.7324674129486084	0.6471832990646362	0.6713037490844727	0.5945339798927307	0.7266287207603455	0.6360903382301331	0.6988658905029297	0.7600491642951965	0.6944522857666016	0.6693787574768066	0.658082902431488	0.6762421727180481	0.6658417582511902	0.8467564582824707	0.441572368144989	0.6175124645233154	0.4740919172763824	0.7539505958557129	0.750519335269928	0.7020068764686584	0.7531839609146118	0.9843645095825195	0.7521249651908875	0.7469261884689331	1.099316000938416	1.069782853126526	0.8091273903846741	0.7017002105712891	0.6989420056343079	0.7257468104362488	0.7258768081665039	1.190415263175964
SRR19621132	0.932364284992218	1.269923567771912	0.952028751373291	0.3588650822639465	0.6531365513801575	0.6365638971328735	0.62530916929245	0.7936866283416748	1.803746461868286	0.5106293559074402	0.3680669367313385	0.9539122581481934	1.445287227630615	0.7290114164352417	0	0.4937257766723633	0.5290790200233459	0.6275032162666321	0.7378999590873718	0.4965650737285614	1.076993584632874	0.8591548204421997	1.622082948684692	0.7200608253479004	1.098530650138855	0.7858937978744507	0.265579879283905	0.4565960466861725	0.4738612174987793	0.4228413105010986	0.5337870121002197	0.6362605690956116	0.6084802746772766	0.3434090614318848	0.4913374483585358	0.2627383470535278	0.5112760663032532	0.5494213104248047	0.6784486770629883	0.5387265086174011	0.5339291095733643	0.7781549692153931	0.7377704977989197	0.6585648655891418	0.6561906337738037	0.6751527190208435	1.055461883544922	0.7195358276367188	0.7391418218612671	0.750177800655365	0.9226534366607666	0.9337785840034485	0.7630878090858459	0.7472275495529175	0.5131344795227051	0.7179377675056458	0.6905913352966309	0.4740079641342163	1.196745038032532	0.6292675733566284	0.4211433231830597	0.56716388463974	0.4859470725059509	0.3344764411449432	0.5158044695854187	0.4494851529598236	0.482898473739624	0.7100140452384949	0.4678772389888763	0.6340194344520569	0.4357314705848694	0.5515636205673218	0.5911251902580261	0.5738478899002075	0.5271004438400269	0.4951089322566986	0.455626517534256	0.4296741485595703	0.6694666743278503	0.6062984466552734	0.599542498588562	0.6025388836860657	0.3663931787014008	0.5460116267204285	0.7470608949661255	0.430507630109787	0.5853415131568909	0.5859680771827698	0.5431169867515564	0.6510739922523499	0.4356498718261719	0.582261860370636	0.5560424327850342	0.5600713491439819	0.4724489450454712	0.4728280603885651	0.5360732674598694	0.6303832530975342	0.7833201885223389	0.8508283495903015	0.7521270513534546	0.8539565205574036	0.6219658255577087	0.4947470128536224	0.3948343694210052	0.5671404600143433	0.8657549023628235	0.6212382912635803	0.4789960086345673	0.8439524173736572	0.8174819946289062	0.3926275372505188	0.5479804277420044	0.6717895269393921	0.5923121571540833	0.8047789335250854	1.061552762985229
SRR19621133	1.057164549827576	1.385857820510864	1.054423332214355	0.4794600009918213	0.4973325431346893	0.5070370435714722	0.4687094688415527	0.7164996266365051	1.7807297706604	0.466154158115387	0.372156023979187	0.8817653059959412	1.549850106239319	0.6458737850189209	0.4937257766723633	0	0.1921174973249435	0.5760908126831055	0.6118830442428589	0.5816003084182739	1.080646395683289	0.8468114733695984	1.645267009735107	0.7985775470733643	1.090252280235291	0.8735249042510986	0.4674355089664459	0.4566637277603149	0.3870315253734589	0.4561104774475098	0.4218848943710327	0.4230115413665771	0.5806331038475037	0.4532888531684875	0.5615886449813843	0.4697908759117126	0.3579683303833008	0.5168310403823853	0.5281967520713806	0.2587072849273682	0.4738090038299561	0.5876657366752625	0.5222983956336975	0.5840176343917847	0.7086030840873718	0.8024265766143799	1.063406229019165	0.6975029110908508	0.7300302982330322	0.7026206851005554	0.7682843208312988	0.8169718384742737	0.6863512992858887	0.5744078159332275	0.5096820592880249	0.5726668834686279	0.5197524428367615	0.3829536736011505	1.04174280166626	0.4705159068107605	0.4919694066047668	0.5554156303405762	0.52952641248703	0.5169549584388733	0.4554242789745331	0.5143359303474426	0.5495120882987976	0.6361187696456909	0.3963113129138947	0.5114525556564331	0.4742798507213593	0.4903392791748047	0.5834330916404724	0.5423499941825867	0.4238546192646027	0.4021868407726288	0.3808261454105377	0.473596066236496	0.4816085696220398	0.4220276176929474	0.4225967228412628	0.3965893983840942	0.4567214846611023	0.5259360671043396	0.7551332116127014	0.457286924123764	0.5066376328468323	0.4896341562271118	0.4885159730911255	0.5417376160621643	0.3813998699188232	0.5134980082511902	0.6087137460708618	0.49924036860466	0.4297900795936584	0.4138388931751251	0.4819808900356293	0.4940216243267059	0.7456055283546448	0.6373870372772217	0.5785829424858093	0.6595476865768433	0.5069329142570496	0.4202858805656433	0.4324132204055786	0.5933321118354797	0.6411138772964478	0.3906700611114502	0.3256753087043762	0.7430779337882996	0.71578449010849	0.4492840766906738	0.4295962750911713	0.544406533241272	0.4302147626876831	0.8181431889533997	1.176209330558777
SRR19621134	1.094666838645935	1.418938994407654	1.012280702590942	0.5143933892250061	0.5341007709503174	0.543677031993866	0.5054997205734253	0.6419658064842224	1.791707515716553	0.4979201853275299	0.4520106613636017	0.8211666941642761	1.468489527702332	0.658425509929657	0.5290790200233459	0.1921174973249435	0	0.6021961569786072	0.6085093021392822	0.6016694307327271	1.134780406951904	0.8702111840248108	1.66251003742218	0.8483757972717285	1.122244000434875	0.8932273983955383	0.501345157623291	0.4778494834899902	0.4392309486865997	0.512353241443634	0.4987551867961884	0.4534971117973328	0.6031408309936523	0.5172770619392395	0.5882977843284607	0.5073374509811401	0.4306348264217377	0.5799924731254578	0.5696403980255127	0.2957571446895599	0.3978187739849091	0.5310507416725159	0.460781067609787	0.6377606391906738	0.7899230122566223	0.8811503052711487	1.108742475509644	0.7532957792282104	0.7704227566719055	0.7763026356697083	0.6858493089675903	0.7488160729408264	0.6829401850700378	0.4959893524646759	0.5094268321990967	0.5013608336448669	0.4927293360233307	0.4199694991111755	1.039208769798279	0.5225692391395569	0.4174644947052002	0.4967772960662842	0.5191239714622498	0.5310788154602051	0.4827795326709747	0.5139665007591248	0.5555167198181152	0.6696977019309998	0.441509485244751	0.4600709974765778	0.5028594732284546	0.5540174841880798	0.5285007953643799	0.4620488286018372	0.4709400534629822	0.4361529648303986	0.4176220893859863	0.5338794589042664	0.5553032159805298	0.5138669610023499	0.3766312003135681	0.3854349553585052	0.5217191576957703	0.5603355169296265	0.8109299540519714	0.4722630381584167	0.4895625710487366	0.5378772020339966	0.5066449642181396	0.5873164534568787	0.4525511860847473	0.5280739068984985	0.6778649687767029	0.5169963240623474	0.4803436994552612	0.4682737588882446	0.5385316610336304	0.5657526850700378	0.8214321136474609	0.6849276423454285	0.6074861884117126	0.7174328565597534	0.5773730874061584	0.4866523146629333	0.4866415560245514	0.6422520875930786	0.6919801831245422	0.3885533511638641	0.4061990082263947	0.8035895824432373	0.8045772910118103	0.5216013789176941	0.4976454973220825	0.6240507960319519	0.5205770134925842	0.8780810236930847	1.216728091239929
SRR19621135	0.8128087520599365	1.074780464172363	1.085964322090149	0.6498621106147766	0.6088277697563171	0.6384075284004211	0.6215140819549561	0.5119509100914001	1.603383302688599	0.4701711535453796	0.6190497875213623	0.6686589121818542	1.350735068321228	0.5097484588623047	0.6275032162666321	0.5760908126831055	0.6021961569786072	0	0.2496944218873978	0.4026934504508972	0.8508167266845703	0.9666665196418762	1.390179395675659	0.6849860548973083	1.170197486877441	0.9275496006011963	0.600532591342926	0.5211178064346313	0.5659611225128174	0.4989508092403412	0.4956347942352295	0.6354222893714905	0.6916751265525818	0.6047303080558777	0.6706350445747375	0.5642542839050293	0.5246004462242126	0.636261522769928	0.5402119755744934	0.5779299139976501	0.7151675820350647	0.8677203059196472	0.8033928275108337	0.79497230052948	0.6821644902229309	0.8463914394378662	0.9479632973670959	0.8433412313461304	0.8981499075889587	0.8797928690910339	0.6193448305130005	0.6316980719566345	0.4797661602497101	0.5034003257751465	0.6117210388183594	0.4424597024917603	0.539720892906189	0.5507519841194153	1.186060428619385	0.6004422903060913	0.5677939653396606	0.6197977066040039	0.6486142873764038	0.6477560997009277	0.5149237513542175	0.5570034384727478	0.5430242419242859	0.7927537560462952	0.6443459987640381	0.7824192643165588	0.631041944026947	0.650208055973053	0.5860381126403809	0.5625348687171936	0.6514027118682861	0.5847795605659485	0.5806402564048767	0.6797890067100525	0.7995942234992981	0.7261123657226562	0.5488544106483459	0.5564821362495422	0.6240440011024475	0.5844364762306213	0.7543913722038269	0.5445741415023804	0.5711050629615784	0.5247373580932617	0.4655625224113464	0.7072749137878418	0.4920673668384552	0.5883393883705139	0.7055896520614624	0.4848833084106445	0.5873749256134033	0.5562818050384521	0.6334912180900574	0.6195290684700012	0.8534561395645142	0.5130228400230408	0.554905891418457	0.5477234125137329	0.7476651668548584	0.630543053150177	0.6942557096481323	0.7405915856361389	0.8977750539779663	0.6453284025192261	0.6127497553825378	0.952498733997345	0.9355980753898621	0.6803478002548218	0.6273407340049744	0.6265319585800171	0.6453009843826294	0.8138454556465149	1.270778059959412
SRR19621136	0.81597501039505	1.073843717575073	1.152407169342041	0.7647879123687744	0.70504230260849	0.6891731023788452	0.715496838092804	0.4790194630622864	1.501382350921631	0.5216025114059448	0.7025999426841736	0.5482870936393738	1.252072334289551	0.4810100793838501	0.7378999590873718	0.6118830442428589	0.6085093021392822	0.2496944218873978	0	0.4431767463684082	0.8449987173080444	1.048830151557922	1.371044993400574	0.7982891798019409	1.232125997543335	1.003350138664246	0.7133303284645081	0.6051114797592163	0.6659157276153564	0.6238914728164673	0.5981858968734741	0.6707231402397156	0.7641071081161499	0.6815289855003357	0.7610833048820496	0.6772876977920532	0.5958036184310913	0.7295434474945068	0.615688681602478	0.6023934483528137	0.7478249669075012	0.8636367917060852	0.8284676671028137	0.8664685487747192	0.7947791218757629	0.959950864315033	0.9571195840835571	0.9245877265930176	0.9848355054855347	0.9659041166305542	0.6478313207626343	0.6036361455917358	0.5228654742240906	0.5620439052581787	0.6556673049926758	0.4743973910808563	0.5755982398986816	0.6408429145812988	1.207056999206543	0.6700558066368103	0.6368323564529419	0.6765914559364319	0.702268123626709	0.7301424145698547	0.5930736660957336	0.6197372674942017	0.6042750477790833	0.8705785870552063	0.6915309429168701	0.7673103809356689	0.6864572167396545	0.7260764241218567	0.6412999033927917	0.6354743838310242	0.7381476163864136	0.6318343877792358	0.6389793157577515	0.7559177875518799	0.8797506093978882	0.7981266975402832	0.5639147162437439	0.6047119498252869	0.731289803981781	0.6815940737724304	0.7841911911964417	0.5922249555587769	0.6326245665550232	0.6031633019447327	0.5159971117973328	0.7281765937805176	0.6149495244026184	0.6797128319740295	0.7818381190299988	0.5674737691879272	0.6651399731636047	0.6582396030426025	0.6646518111228943	0.6804746985435486	0.9038773775100708	0.4776355624198914	0.6481717228889465	0.5101758241653442	0.8196486234664917	0.707417368888855	0.7323751449584961	0.8246673345565796	0.9531174898147583	0.6936323046684265	0.687889039516449	1.041025757789612	1.014927625656128	0.7850201725959778	0.7258555889129639	0.7214334011077881	0.7200737595558167	0.85896235704422	1.32353413105011
SRR19621137	0.7938263416290283	1.109641075134277	0.9609605669975281	0.6860007643699646	0.6400073170661926	0.6479508876800537	0.6398057341575623	0.6967682838439941	1.723922610282898	0.5327613353729248	0.6251459717750549	0.7667106986045837	1.291980504989624	0.5314440131187439	0.4965650737285614	0.5816003084182739	0.6016694307327271	0.4026934504508972	0.4431767463684082	0	1.001416683197021	0.9809505343437195	1.524674654006958	0.5986015200614929	1.185885906219482	0.9214637279510498	0.5629730820655823	0.5413432717323303	0.575778603553772	0.5517095327377319	0.4973745942115784	0.6356282830238342	0.7118099927902222	0.3968534469604492	0.6877105832099915	0.4937586188316345	0.5752995014190674	0.6408575177192688	0.5355568528175354	0.5695838332176208	0.7302504777908325	0.8783213496208191	0.845481276512146	0.8076454401016235	0.6075711846351624	0.6979807615280151	1.088656544685364	0.7976034879684448	0.884269654750824	0.8409210443496704	0.6916056871414185	0.7137910127639771	0.5107467770576477	0.6319915056228638	0.6353422999382019	0.5608340501785278	0.5575680136680603	0.5971617698669434	1.175755500793457	0.5982037782669067	0.5490908026695251	0.6750363111495972	0.6706147789955139	0.5742296576499939	0.5208530426025391	0.4864415526390076	0.4682726860046387	0.8495672345161438	0.6720396280288696	0.7882498502731323	0.6467664241790771	0.6307133436203003	0.6135769486427307	0.6381141543388367	0.6630948185920715	0.596651017665863	0.5829344391822815	0.6635843515396118	0.8531997799873352	0.7562064528465271	0.6226808428764343	0.641004741191864	0.6470332741737366	0.674883246421814	0.5922027826309204	0.6167687177658081	0.5773000121116638	0.6093267202377319	0.5305918455123901	0.705741822719574	0.5548937916755676	0.6152871251106262	0.6877883672714233	0.5486958026885986	0.5286844372749329	0.5197343230247498	0.6000853776931763	0.6353894472122192	0.8179019689559937	0.6473217606544495	0.631443977355957	0.6362098455429077	0.7513946294784546	0.6725041270256042	0.6716147065162659	0.7243300080299377	0.9329885244369507	0.6734955906867981	0.6356750130653381	0.9891470074653625	0.969062328338623	0.6921226382255554	0.6382861733436584	0.6305671334266663	0.6495317816734314	0.6546673178672791	1.081010222434998
SRR19621138	0.9284159541130066	0.7899343371391296	1.283909201622009	1.069005608558655	1.196784973144531	1.185361623764038	1.129990696907043	0.8367341160774231	1.376469612121582	0.9918579459190369	1.05510401725769	0.7010023593902588	1.059798240661621	0.9505196809768677	1.076993584632874	1.080646395683289	1.134780406951904	0.8508167266845703	0.8449987173080444	1.001416683197021	0	1.368538618087769	0.8384620547294617	0.9077652096748352	1.407274127006531	1.217199325561523	1.00647759437561	1.024499773979187	1.058207154273987	1.028319120407104	1.009714841842651	1.132514953613281	1.162667870521545	1.051606774330139	1.12136435508728	1.082558870315552	1.035799503326416	1.009301662445068	1.049707889556885	1.124182105064392	1.14743983745575	1.378607988357544	1.248361349105835	1.232574105262756	0.9725777506828308	1.048891186714172	0.7440001368522644	1.195289015769958	1.293382525444031	1.236265420913696	1.069595217704773	0.9191638827323914	0.9413883090019226	1.049424767494202	0.9929907917976379	0.9948853850364685	1.075929641723633	0.9834589958190918	1.539705038070679	1.090833187103271	1.031800985336304	0.9619029760360718	1.022696256637573	1.064251065254211	1.081338167190552	1.086846351623535	1.082402586936951	1.213369131088257	1.162519216537476	1.256783127784729	1.060181975364685	1.196980834007263	1.008388042449951	1.019864320755005	1.078695774078369	1.134736180305481	1.14111602306366	1.088089227676392	1.180659055709839	1.07269811630249	1.04603123664856	1.033953905105591	0.9956079721450806	0.9200246930122375	1.099620223045349	1.040631413459778	1.092517733573914	0.915418267250061	0.990098774433136	1.0000821352005	1.022529125213623	1.097996950149536	1.106889247894287	0.9538226127624512	1.108837962150574	1.067288756370544	1.045298933982849	1.041710495948792	1.217135906219482	0.9320613145828247	1.061791062355042	0.9308746457099915	1.176947355270386	1.049715518951416	1.125798106193542	1.078565001487732	1.365594148635864	1.121973633766174	1.1649169921875	1.357012391090393	1.310601592063904	1.075359106063843	1.091089248657227	1.059460043907166	1.041030406951904	1.143183588981628	1.539758801460266
SRR19621139	1.408600330352783	1.668784499168396	1.097384691238403	0.7147092223167419	0.9270285367965698	0.9878649115562439	0.8291900157928467	0.9613677263259888	2.141841888427734	0.8899407386779785	0.8352949023246765	1.322747111320496	1.880282282829285	1.109459519386292	0.8591548204421997	0.8468114733695984	0.8702111840248108	0.9666665196418762	1.048830151557922	0.9809505343437195	1.368538618087769	0	1.986080408096313	0.980212390422821	0.4480657875537872	0.4285361170768738	0.8370522260665894	0.8754057288169861	0.7926844358444214	0.8292563557624817	0.9394447207450867	0.8152617216110229	0.3925393521785736	0.9260627031326294	0.6191256642341614	0.8588159084320068	0.8666097521781921	0.8133537769317627	0.9644517302513123	0.9117534756660461	0.883531391620636	1.0728679895401	0.7738804817199707	0.4638742208480835	0.9373660087585449	0.8348538875579834	1.153719902038574	0.861363410949707	0.4273128509521484	0.6907501220703125	1.153260350227356	1.166901111602783	1.11060631275177	1.037997007369995	0.825228214263916	1.032528758049011	0.8955035209655762	0.8437188863754272	0.6576042175292969	0.9192699193954468	0.8755196928977966	0.927535355091095	0.7693720459938049	0.8764743804931641	0.8880358934402466	0.916756272315979	0.9591281414031982	0.8045424818992615	0.8054671287536621	0.9057009816169739	0.8542004227638245	0.9298704266548157	0.893928587436676	0.7478063702583313	0.7202928066253662	0.7206200361251831	0.7943778038024902	0.8817989230155945	0.566679060459137	0.8135880827903748	0.8543421626091003	0.8553242087364197	0.7524930238723755	0.7060368061065674	1.192850589752197	0.7532883882522583	0.9672537446022034	0.8786164522171021	0.9160257577896118	0.9954824447631836	0.7642438411712646	0.6095154881477356	0.9851216077804565	0.8573640584945679	0.912110447883606	0.8484874367713928	0.960976779460907	0.9708681702613831	1.178443551063538	1.133057713508606	0.927641749382019	1.162310481071472	0.9609255790710449	0.7042403817176819	0.9300880432128906	0.9715138673782349	1.001112937927246	0.8686975836753845	0.8540969491004944	0.4016945064067841	0.4603866338729858	0.8366460800170898	0.8875648975372314	0.9635419249534607	0.7986911535263062	1.252017259597778	1.527708053588867
SRR19621140	1.410352230072021	1.030374050140381	1.918199062347412	1.694666862487793	1.738560080528259	1.706863880157471	1.722394943237305	1.45302414894104	0.69462651014328	1.516917586326599	1.674918413162231	1.224929213523865	0.988297700881958	1.488715648651123	1.622082948684692	1.645267009735107	1.66251003742218	1.390179395675659	1.371044993400574	1.524674654006958	0.8384620547294617	1.986080408096313	0	1.472778916358948	2.03844690322876	1.838815569877625	1.570146918296814	1.562249422073364	1.629692673683167	1.584864139556885	1.586508274078369	1.756454110145569	1.778226256370544	1.621619462966919	1.73122251033783	1.638087868690491	1.598993301391602	1.634198427200317	1.654577851295471	1.64297890663147	1.706281900405884	1.90862774848938	1.854819059371948	1.86198878288269	1.633123159408569	1.724178075790405	1.416140675544739	1.792092323303223	1.923389911651611	1.862662076950073	1.628629684448242	1.525976777076721	1.504938840866089	1.611355304718018	1.558636069297791	1.534531354904175	1.67610764503479	1.577344655990601	2.184278964996338	1.706242442131042	1.574710249900818	1.522552967071533	1.583443880081177	1.618995666503906	1.598650217056274	1.617213606834412	1.606940746307373	1.837183952331543	1.700575232505798	1.804109692573547	1.63490903377533	1.753496050834656	1.565790176391602	1.620249032974243	1.73225998878479	1.689976334571838	1.690231084823608	1.695942640304565	1.82641613483429	1.751861214637756	1.598244547843933	1.631343483924866	1.592377424240112	1.518757224082947	1.649751424789429	1.571619391441345	1.632118940353394	1.529849410057068	1.519842863082886	1.534946203231812	1.5904700756073	1.703582763671875	1.651459217071533	1.526854157447815	1.639424681663513	1.602672100067139	1.657896876335144	1.626095771789551	1.780393838882446	1.480675101280212	1.654207110404968	1.477057218551636	1.753039240837097	1.704209089279175	1.687526702880859	1.700117826461792	1.976744413375854	1.733061909675598	1.712794542312622	1.983321070671082	1.967764019966125	1.670557379722595	1.704705357551575	1.667695164680481	1.696421980857849	1.690281271934509	2.044378280639648
SRR19621141	0.7304444313049316	1.10797381401062	0.9138613343238831	0.7873221039772034	0.9037823677062988	0.9244745969772339	0.8085537552833557	0.7599544525146484	1.812643647193909	0.7292981147766113	0.814663827419281	0.8953356742858887	1.341375827789307	0.7434691786766052	0.7200608253479004	0.7985775470733643	0.8483757972717285	0.6849860548973083	0.7982891798019409	0.5986015200614929	0.9077652096748352	0.980212390422821	1.472778916358948	0	1.132552266120911	0.88348788022995	0.7672330737113953	0.7849829196929932	0.7361248731613159	0.7587302327156067	0.7384914755821228	0.7923606634140015	0.7547032833099365	0.6278839707374573	0.7131733894348145	0.810945451259613	0.7851722836494446	0.6074864864349365	0.7804531455039978	0.7992724776268005	0.9005011916160583	1.077993273735046	0.8703709840774536	0.8299390077590942	0.6427841782569885	0.6115527153015137	0.9033890962600708	0.7487778067588806	0.8498213887214661	0.8066422939300537	0.8729285001754761	0.8008447885513306	0.6684497594833374	0.8131437301635742	0.8478313088417053	0.7897793054580688	0.7869137525558472	0.7281158566474915	1.226526498794556	0.8392621874809265	0.7606737613677979	0.7924121022224426	0.8718978762626648	0.7911699414253235	0.8357598781585693	0.7855739593505859	0.7752939462661743	0.8444847464561462	0.8792745471000671	0.9889124035835266	0.8505949974060059	0.9051151871681213	0.8282873034477234	0.7354487180709839	0.7773646116256714	0.8302488923072815	0.8663800954818726	0.8715112805366516	0.810971200466156	0.8296899199485779	0.8129732012748718	0.8162646889686584	0.7930140495300293	0.6853327751159668	0.7084735631942749	0.7999640703201294	0.8493533134460449	0.7738922238349915	0.7697687149047852	0.8578869104385376	0.7268948554992676	0.6788082122802734	0.8542329072952271	0.7661927342414856	0.8011512160301208	0.7677782773971558	0.8277020454406738	0.7796667814254761	0.9727758169174194	0.813797652721405	0.76244056224823	0.8058763742446899	0.9089239239692688	0.7213785648345947	0.8662272095680237	0.8413469791412354	1.05083703994751	0.8603394031524658	0.8857208490371704	0.9797548055648804	0.9489452242851257	0.8727893233299255	0.831975519657135	0.8364719152450562	0.7713943719863892	0.7196515202522278	0.9856748580932617
SRR19621142	1.485068202018738	1.739249467849731	1.158414602279663	0.9829128980636597	1.131905198097229	1.201510071754456	1.047322034835815	1.155721068382263	2.249665021896362	1.134907722473145	1.116404414176941	1.431758999824524	1.963429927825928	1.212439656257629	1.098530650138855	1.090252280235291	1.122244000434875	1.170197486877441	1.232125997543335	1.185885906219482	1.407274127006531	0.4480657875537872	2.03844690322876	1.132552266120911	0	0.3496526777744293	0.9848485589027405	1.112412095069885	1.042594075202942	1.040296316146851	1.097241163253784	1.030099749565125	0.7623317241668701	1.12915313243866	0.8576601147651672	1.123090386390686	1.042146921157837	0.9849048256874084	1.133357882499695	1.120394587516785	1.112279534339905	1.339090943336487	1.025162696838379	0.7535851001739502	1.067995429039001	0.9939835667610168	1.252003788948059	1.042985677719116	0.6406412124633789	0.8712863326072693	1.27526593208313	1.287142395973206	1.248672485351562	1.197511911392212	0.9462746977806091	1.214925646781921	1.087120890617371	1.031737685203552	0.6833627223968506	1.090199828147888	1.030776739120483	0.952315628528595	0.9385793209075928	1.024673581123352	1.108548283576965	1.132258892059326	1.146787405014038	0.991919994354248	1.092819809913635	1.199671983718872	1.043220162391663	1.15245246887207	1.048545598983765	0.9765255451202393	0.9827775955200195	0.9776352047920227	1.071821451187134	1.123560190200806	0.8130287528038025	1.011337876319885	1.09609580039978	1.076375246047974	0.9638394713401794	0.9127498269081116	1.292398691177368	1.027738690376282	1.139191389083862	1.070026516914368	1.081257343292236	1.146998167037964	1.013974189758301	0.8659833669662476	1.160603165626526	1.064322590827942	1.155475616455078	1.110216856002808	1.077865123748779	1.052293181419373	1.236977100372314	1.266075730323792	1.126219153404236	1.305530428886414	1.06853175163269	0.9883862137794495	1.055040955543518	0.9982326030731201	1.263572931289673	1.11069917678833	1.145644068717957	0.5898124575614929	0.6426902413368225	1.054063081741333	1.105376005172729	1.115557789802551	1.033603310585022	1.306132078170776	1.57122528553009
SRR19621143	1.288283824920654	1.548190355300903	0.9811920523643494	0.7451567649841309	0.912005603313446	0.969108521938324	0.8276091814041138	0.9505718350410461	2.054799556732178	0.9033383727073669	0.8407036662101746	1.2062166929245	1.761876225471497	0.9534229040145874	0.7858937978744507	0.8735249042510986	0.8932273983955383	0.9275496006011963	1.003350138664246	0.9214637279510498	1.217199325561523	0.4285361170768738	1.838815569877625	0.88348788022995	0.3496526777744293	0	0.6943777203559875	0.8698657155036926	0.8265516757965088	0.8063645958900452	0.844794750213623	0.7784482836723328	0.5309683680534363	0.8381632566452026	0.5823478698730469	0.8172868490219116	0.8099473118782043	0.7176553010940552	0.9031720757484436	0.8840570449829102	0.9167307615280151	1.119548201560974	0.815989077091217	0.5266183018684387	0.8468639850616455	0.7629250288009644	1.079782247543335	0.7999961972236633	0.4552487432956696	0.6386270523071289	1.094007611274719	1.093101382255554	1.01555323600769	0.9917805194854736	0.756476104259491	1.02058470249176	0.8799809813499451	0.7729192972183228	0.6967902779579163	0.8595462441444397	0.7555734515190125	0.7227219939231873	0.7269077897071838	0.7609361410140991	0.8788419961929321	0.8620278239250183	0.8834011554718018	0.8089780211448669	0.8796384930610657	0.9883384108543396	0.8405187726020813	0.9366599917411804	0.8271404504776001	0.7393239736557007	0.7579876184463501	0.740844190120697	0.8664280772209167	0.8771911859512329	0.6026634573936462	0.8108850717544556	0.880189836025238	0.8676815032958984	0.742953896522522	0.6991418600082397	1.072864890098572	0.7858153581619263	0.9009412527084351	0.8494981527328491	0.8517580032348633	0.9278627038002014	0.783915638923645	0.6186102628707886	0.9329410791397095	0.8277389407157898	0.8773259520530701	0.8530393242835999	0.8667146563529968	0.8518331050872803	1.058536887168884	1.090269207954407	0.9227398037910461	1.111150026321411	0.8754026293754578	0.7494431734085083	0.8064727783203125	0.7931519746780396	1.056123018264771	0.8973748683929443	0.9147202968597412	0.4912381768226624	0.5010892748832703	0.8113969564437866	0.8692306280136108	0.9317886233329773	0.8115078806877136	1.10316789150238	1.385185360908508
SRR19621144	0.9505277276039124	1.273532032966614	0.9402813315391541	0.4030512869358063	0.5849970579147339	0.5647719502449036	0.5569987893104553	0.7625257968902588	1.743526101112366	0.4700863361358643	0.3630067110061646	0.9031368494033813	1.472771406173706	0.65323406457901	0.265579879283905	0.4674355089664459	0.501345157623291	0.600532591342926	0.7133303284645081	0.5629730820655823	1.00647759437561	0.8370522260665894	1.570146918296814	0.7672330737113953	0.9848485589027405	0.6943777203559875	0	0.4126768410205841	0.4225568473339081	0.3769257366657257	0.4550613462924957	0.5885173082351685	0.5966172218322754	0.3689296543598175	0.5179858803749084	0.2835134863853455	0.4839122295379639	0.5502446889877319	0.6425331234931946	0.5126914381980896	0.5102587342262268	0.760581374168396	0.7018114924430847	0.6108097434043884	0.6414607763290405	0.7303445339202881	0.9725626111030579	0.7142333984375	0.7254096269607544	0.7318013906478882	0.8586380481719971	0.8724590539932251	0.7373073101043701	0.7181981801986694	0.4294111728668213	0.7096351385116577	0.655916154384613	0.4434268176555634	1.148521780967712	0.5816128849983215	0.406277596950531	0.5158633589744568	0.4289286434650421	0.2690246105194092	0.4816909730434418	0.4974427223205566	0.5507760643959045	0.6165359616279602	0.4179843962192535	0.5819748044013977	0.366647332906723	0.4911707639694214	0.5192475318908691	0.4973621368408203	0.4507279694080353	0.4763625860214233	0.3998318016529083	0.3844281136989594	0.6234691739082336	0.5538838505744934	0.5524793863296509	0.5489811301231384	0.3060365319252014	0.4684096872806549	0.7411903738975525	0.3990454375743866	0.5435202717781067	0.5116139054298401	0.4628016352653503	0.5914753675460815	0.3973737359046936	0.5298276543617249	0.4719073474407196	0.5300930738449097	0.4400788247585297	0.439990907907486	0.4676401317119598	0.5720057487487793	0.7093788981437683	0.8122707605361938	0.7238616347312927	0.7955201864242554	0.5439147353172302	0.4616566002368927	0.3985839486122131	0.5650036334991455	0.8393584489822388	0.5950012803077698	0.4575657248497009	0.7668875455856323	0.7950149774551392	0.3316053450107574	0.5171060562133789	0.6419278383255005	0.5444930791854858	0.8039881587028503	1.09181547164917
SRR19621145	0.9816914200782776	1.308477878570557	1.074137210845947	0.4649883508682251	0.5440058708190918	0.4453584849834442	0.4876124858856201	0.7486681342124939	1.777860164642334	0.3713593184947968	0.4831797480583191	0.9647685289382935	1.604726791381836	0.73017817735672	0.4565960466861725	0.4566637277603149	0.4778494834899902	0.5211178064346313	0.6051114797592163	0.5413432717323303	1.024499773979187	0.8754057288169861	1.562249422073364	0.7849829196929932	1.112412095069885	0.8698657155036926	0.4126768410205841	0	0.3062040209770203	0.2263538092374802	0.4182655215263367	0.5445724725723267	0.6168761253356934	0.4531089663505554	0.498476654291153	0.4030603468418121	0.4411844909191132	0.5160539746284485	0.5739801526069641	0.4039702713489532	0.5259926915168762	0.6748623847961426	0.6952724456787109	0.6652490496635437	0.7589426040649414	0.8563570380210876	1.076909899711609	0.8081501126289368	0.8396457433700562	0.829232394695282	0.8384673595428467	0.8693563938140869	0.7208601236343384	0.675287663936615	0.5070666670799255	0.646117091178894	0.6174837350845337	0.4536198973655701	1.173237323760986	0.546470046043396	0.4967292547225952	0.5608676671981812	0.4919100999832153	0.5249291062355042	0.3624856770038605	0.5664202570915222	0.5885169506072998	0.7152268886566162	0.4674524664878845	0.6098741292953491	0.5043244957923889	0.5510565042495728	0.6172752976417542	0.5318176746368408	0.4597892463207245	0.5190536975860596	0.4176435470581055	0.4738174974918365	0.658302366733551	0.616860568523407	0.4936326146125793	0.511896014213562	0.4421227872371674	0.4262031018733978	0.8231700658798218	0.3729816079139709	0.5135159492492676	0.5537236928939819	0.4575212299823761	0.445671558380127	0.3741022050380707	0.5453466773033142	0.5898749232292175	0.4387852549552917	0.4023430347442627	0.4262777864933014	0.4805677235126495	0.5050234198570251	0.7639573216438293	0.7170795202255249	0.6622158885002136	0.7126115560531616	0.6007514595985413	0.5149857401847839	0.511241614818573	0.6498928666114807	0.8284674286842346	0.5983442068099976	0.4661014080047607	0.8160662651062012	0.85503751039505	0.4468040466308594	0.4564131498336792	0.5961311459541321	0.6128782629966736	0.886922299861908	1.221285700798035
SRR19621146	0.989423930644989	1.302933096885681	1.034307479858398	0.398019939661026	0.4136654734611511	0.4277720749378204	0.3122519254684448	0.6840701699256897	1.820178270339966	0.4546341598033905	0.4046530425548553	0.9564361572265625	1.615613460540771	0.728946328163147	0.4738612174987793	0.3870315253734589	0.4392309486865997	0.5659611225128174	0.6659157276153564	0.575778603553772	1.058207154273987	0.7926844358444214	1.629692673683167	0.7361248731613159	1.042594075202942	0.8265516757965088	0.4225568473339081	0.3062040209770203	0	0.2939966022968292	0.3171062767505646	0.4225929975509644	0.5561898350715637	0.3772624135017395	0.4849492311477661	0.4118638634681702	0.4031952023506165	0.4765161573886871	0.496128648519516	0.3642349243164062	0.5260137915611267	0.6466197371482849	0.6103516817092896	0.5339620113372803	0.6555792093276978	0.7666862607002258	1.036649942398071	0.6759850382804871	0.7135549187660217	0.6740938425064087	0.7684777975082397	0.767533540725708	0.646202027797699	0.6361921429634094	0.5185726881027222	0.6176841855049133	0.4976701438426971	0.4344732761383057	1.091520071029663	0.4253394603729248	0.4733964800834656	0.5786152482032776	0.5194254517555237	0.4991715550422668	0.4339594841003418	0.539309024810791	0.5751562118530273	0.5381112098693848	0.4317382574081421	0.5496482849121094	0.5104277729988098	0.4208195805549622	0.5665843486785889	0.4412989616394043	0.3799735307693481	0.4227110743522644	0.4030512273311615	0.502568781375885	0.5542875528335571	0.493094801902771	0.4947717487812042	0.4805913269519806	0.3860622048377991	0.443096250295639	0.7956972718238831	0.41184201836586	0.502758800983429	0.5381284356117249	0.4804409742355347	0.6035482287406921	0.2921239733695984	0.4481551051139832	0.5659456849098206	0.4197752773761749	0.4221403300762177	0.3547269105911255	0.5045276284217834	0.4544598460197449	0.7488048672676086	0.7032839059829712	0.6090540885925293	0.7204385995864868	0.491894394159317	0.4107771813869476	0.4640722572803497	0.5206958651542664	0.6862680315971375	0.4528345763683319	0.4119839370250702	0.7234237790107727	0.7304696440696716	0.4469256997108459	0.3900456130504608	0.517334520816803	0.4691958725452423	0.8700335025787354	1.225837349891663
SRR19621147	0.9530537128448486	1.269062519073486	1.040581107139587	0.4256910979747772	0.5357494950294495	0.4540080428123474	0.4757417738437653	0.7366056442260742	1.77226459980011	0.3851330280303955	0.4411076605319977	0.9598129987716675	1.581422328948975	0.7330942153930664	0.4228413105010986	0.4561104774475098	0.512353241443634	0.4989508092403412	0.6238914728164673	0.5517095327377319	1.028319120407104	0.8292563557624817	1.584864139556885	0.7587302327156067	1.040296316146851	0.8063645958900452	0.3769257366657257	0.2263538092374802	0.2939966022968292	0	0.4018890857696533	0.5639069676399231	0.5909059643745422	0.4631493091583252	0.4894183874130249	0.3816413581371307	0.4378500878810883	0.5413573980331421	0.5722846984863281	0.428180605173111	0.498698502779007	0.6983360052108765	0.7046505808830261	0.6204322576522827	0.7239801287651062	0.8207312822341919	1.038978576660156	0.770881175994873	0.8120154142379761	0.7977718710899353	0.8393583297729492	0.850161612033844	0.7243882417678833	0.687451183795929	0.4579513370990753	0.6478435397148132	0.6125975847244263	0.4568691253662109	1.145755410194397	0.5309012532234192	0.4645665287971497	0.5331493616104126	0.4520049691200256	0.4973524510860443	0.3832691013813019	0.5559788942337036	0.5796055197715759	0.6707404255867004	0.4618322551250458	0.6003624200820923	0.4748636484146118	0.5399020314216614	0.6008492112159729	0.5017873644828796	0.4804007709026337	0.5056023001670837	0.412456601858139	0.4823049008846283	0.655323326587677	0.5889171361923218	0.4783527255058289	0.5120731592178345	0.3719334602355957	0.4335090816020966	0.8071256279945374	0.3523447811603546	0.5104002952575684	0.5543724298477173	0.477930873632431	0.5263429880142212	0.3178317248821259	0.5174460411071777	0.5532597303390503	0.4599581062793732	0.4279474318027496	0.3942561745643616	0.4791119992733002	0.4807882010936737	0.7347119450569153	0.7226153612136841	0.6643654108047485	0.7261664271354675	0.6045217514038086	0.50120609998703	0.4812950789928436	0.6075479984283447	0.8208620548248291	0.585777759552002	0.478763222694397	0.8037025928497314	0.8105272054672241	0.4337944090366364	0.4680800139904022	0.5877529978752136	0.5762131214141846	0.8692046403884888	1.19156539440155
SRR19621148	0.9020975828170776	1.203994750976562	0.9377304315567017	0.52840656042099	0.3916601538658142	0.4177949726581573	0.3583604693412781	0.7498491406440735	1.840354561805725	0.5167617797851562	0.3915815353393555	0.8592506051063538	1.558750987052917	0.6132827401161194	0.5337870121002197	0.4218848943710327	0.4987551867961884	0.4956347942352295	0.5981858968734741	0.4973745942115784	1.009714841842651	0.9394447207450867	1.586508274078369	0.7384914755821228	1.097241163253784	0.844794750213623	0.4550613462924957	0.4182655215263367	0.3171062767505646	0.4018890857696533	0	0.386825829744339	0.6917101144790649	0.298352986574173	0.5755378007888794	0.4245477914810181	0.4081854224205017	0.4590707421302795	0.4982663989067078	0.3867481648921967	0.6330556869506836	0.7098928689956665	0.7045051455497742	0.6295338273048401	0.6258540153503418	0.7866599559783936	1.073423027992249	0.6620970964431763	0.7532449960708618	0.6807343363761902	0.7096413373947144	0.7062928080558777	0.574613094329834	0.6467639207839966	0.5821005702018738	0.6215295791625977	0.4962211847305298	0.4533711373806	1.090474724769592	0.4309202134609222	0.4650059044361115	0.5577311515808105	0.6238151788711548	0.4676540791988373	0.4077240824699402	0.464167982339859	0.4783725738525391	0.6173856258392334	0.4969887435436249	0.631208062171936	0.5647256374359131	0.3769309222698212	0.5357330441474915	0.4831957519054413	0.4542522430419922	0.473051130771637	0.4543498158454895	0.5495885610580444	0.6448549628257751	0.5528455972671509	0.5057363510131836	0.4928277730941772	0.5133360028266907	0.5418246984481812	0.6742316484451294	0.5213316679000854	0.3830481469631195	0.5374060869216919	0.4354695677757263	0.6048838496208191	0.359557181596756	0.5006959438323975	0.5507312417030334	0.4132947623729706	0.4005533754825592	0.3102358877658844	0.4569065272808075	0.4477758705615997	0.6911372542381287	0.6498227715492249	0.6478609442710876	0.6601051092147827	0.4850710928440094	0.4746551811695099	0.4619303345680237	0.5303833484649658	0.7451025247573853	0.4728096425533295	0.4560263156890869	0.8232335448265076	0.7914478778839111	0.5745970606803894	0.4247273504734039	0.503506064414978	0.4786210656166077	0.7497807741165161	1.135413408279419
SRR19621149	1.151006460189819	1.414889097213745	0.9811743497848511	0.484885185956955	0.3749825358390808	0.4880205392837524	0.3043392598628998	0.6710074543952942	1.890548229217529	0.6227962374687195	0.495148628950119	0.9300779700279236	1.607083916664124	0.6878020167350769	0.6362605690956116	0.4230115413665771	0.4534971117973328	0.6354222893714905	0.6707231402397156	0.6356282830238342	1.132514953613281	0.8152617216110229	1.756454110145569	0.7923606634140015	1.030099749565125	0.7784482836723328	0.5885173082351685	0.5445724725723267	0.4225929975509644	0.5639069676399231	0.386825829744339	0	0.5690048933029175	0.4703216850757599	0.5088867545127869	0.5428587794303894	0.4545397162437439	0.4497941434383392	0.4926742315292358	0.4708910882472992	0.6218894720077515	0.6641226410865784	0.4086671471595764	0.5199081301689148	0.68871009349823	0.8341949582099915	1.044067740440369	0.6644912958145142	0.7149601578712463	0.6504428386688232	0.7518831491470337	0.785862922668457	0.6261177659034729	0.604520857334137	0.6420048475265503	0.6344637274742126	0.4220355749130249	0.4437814950942993	0.9302844405174255	0.4516275525093079	0.5312849879264832	0.5903996229171753	0.6185929775238037	0.6365982294082642	0.5048204064369202	0.5265159606933594	0.5551142692565918	0.5944440364837646	0.4886251389980316	0.5703966021537781	0.6525093913078308	0.4687486588954926	0.6029852628707886	0.4356532096862793	0.3568207919597626	0.4549730718135834	0.4927177727222443	0.6214772462844849	0.5105995535850525	0.4302853643894196	0.5189533829689026	0.4742106199264526	0.5573740005493164	0.5257847309112549	0.8509950041770935	0.5747807621955872	0.4765521883964539	0.5671230554580688	0.5620152950286865	0.710148811340332	0.4641877710819244	0.4264959096908569	0.7118876576423645	0.4667491018772125	0.507186233997345	0.4906059205532074	0.5937695503234863	0.5579835772514343	0.8365412950515747	0.736553966999054	0.6317305564880371	0.7748453617095947	0.5350027084350586	0.4291119277477264	0.5689027905464172	0.5825294256210327	0.6184268593788147	0.3102229535579681	0.4101064801216125	0.7321987152099609	0.7014338374137878	0.6014426350593567	0.4610225558280945	0.5767199993133545	0.4723473489284515	0.9268240332603455	1.281712532043457
SRR19621150	1.197293996810913	1.455420613288879	0.9233817458152771	0.4733244776725769	0.6792148947715759	0.7394173145294189	0.5807549357414246	0.7050285339355469	1.92190957069397	0.6287081837654114	0.5682940483093262	1.078829765319824	1.670919418334961	0.8582664132118225	0.6084802746772766	0.5806331038475037	0.6031408309936523	0.6916751265525818	0.7641071081161499	0.7118099927902222	1.162667870521545	0.3925393521785736	1.778226256370544	0.7547032833099365	0.7623317241668701	0.5309683680534363	0.5966172218322754	0.6168761253356934	0.5561898350715637	0.5909059643745422	0.6917101144790649	0.5690048933029175	0	0.6699315309524536	0.4073654115200043	0.5907289385795593	0.5839303731918335	0.5668225288391113	0.7093488574028015	0.6472667455673218	0.659223198890686	0.8489748239517212	0.5432853698730469	0.3505044877529144	0.717918336391449	0.6511076092720032	0.9606567025184631	0.6434470415115356	0.5427742600440979	0.5786756277084351	0.9315346479415894	0.9370982646942139	0.8675835132598877	0.788198709487915	0.5966506004333496	0.7953673005104065	0.6419059038162231	0.5786255598068237	0.8377603888511658	0.6649563908576965	0.6197509765625	0.684380054473877	0.5475860834121704	0.6299441456794739	0.6372200846672058	0.6510668396949768	0.6914374232292175	0.5778805613517761	0.530526876449585	0.642260730266571	0.6026996374130249	0.6773735880851746	0.6686404943466187	0.4765790104866028	0.4628569781780243	0.4218155145645142	0.5107887983322144	0.6345533728599548	0.3899520635604858	0.5715640783309937	0.5681365132331848	0.5869069695472717	0.5256079435348511	0.4850451648235321	0.9562497735023499	0.4995056688785553	0.728183388710022	0.6353734135627747	0.6506254076957703	0.7838118672370911	0.5017302632331848	0.3431436419487	0.7463343739509583	0.6142701506614685	0.6454783082008362	0.5972990393638611	0.7167555689811707	0.7286852598190308	0.9443416595458984	0.8893904685974121	0.6855354309082031	0.9197260737419128	0.7039665579795837	0.4120222330093384	0.6630834937095642	0.7202574610710144	0.7841778993606567	0.6162762641906738	0.5823549628257751	0.5769866108894348	0.569208025932312	0.5958455801010132	0.6384242177009583	0.7429918050765991	0.5434370040893555	1.019804239273071	1.317096352577209
SRR19621151	0.8589445352554321	1.212269425392151	0.8776365518569946	0.5227060914039612	0.5090041756629944	0.5225218534469604	0.4874848425388336	0.8046132922172546	1.829402804374695	0.5592244863510132	0.3647252321243286	0.8589397072792053	1.42335045337677	0.6244966983795166	0.3434090614318848	0.4532888531684875	0.5172770619392395	0.6047303080558777	0.6815289855003357	0.3968534469604492	1.051606774330139	0.9260627031326294	1.621619462966919	0.6278839707374573	1.12915313243866	0.8381632566452026	0.3689296543598175	0.4531089663505554	0.3772624135017395	0.4631493091583252	0.298352986574173	0.4703216850757599	0.6699315309524536	0	0.6135829091072083	0.3629714250564575	0.4494000971317291	0.4619206786155701	0.5766035914421082	0.464094877243042	0.6652902364730835	0.77413409948349	0.7522324323654175	0.6163439750671387	0.59001624584198	0.644192099571228	1.083544611930847	0.6269708275794983	0.6885237097740173	0.6586436629295349	0.8216116428375244	0.8225542902946472	0.6237546801567078	0.7196600437164307	0.6175633668899536	0.6988527774810791	0.5997344255447388	0.4860454201698303	1.118862748146057	0.5103929042816162	0.4629739224910736	0.5885193347930908	0.6253824234008789	0.3869950771331787	0.5063115954399109	0.4339650273323059	0.4569662809371948	0.6627656221389771	0.478086918592453	0.619148313999176	0.5408665537834167	0.4397600591182709	0.5813998579978943	0.5564360618591309	0.4431376159191132	0.4468218386173248	0.4398381412029266	0.4860211312770844	0.6493359208106995	0.5649200677871704	0.5664877891540527	0.5545710325241089	0.4897558689117432	0.586220383644104	0.568386435508728	0.5262817740440369	0.4987546503543854	0.5800439715385437	0.5151858329772949	0.6609175801277161	0.4166675209999084	0.5300018191337585	0.5240932106971741	0.5112180113792419	0.430161327123642	0.3969171941280365	0.4684958755970001	0.4965636432170868	0.6969236731529236	0.7371667623519897	0.7188729643821716	0.7382970452308655	0.5106697678565979	0.4601844251155853	0.4370171427726746	0.5310943722724915	0.798285961151123	0.5288465023040771	0.4548565447330475	0.8066079020500183	0.8042924404144287	0.5197817087173462	0.4631042182445526	0.5960588455200195	0.4701255857944489	0.6387362480163574	0.9786231517791748
SRR19621152	1.106906175613403	1.383427858352661	0.862199068069458	0.3978114724159241	0.643383800983429	0.6386197209358215	0.5394273400306702	0.7075278162956238	1.890986680984497	0.582307755947113	0.5851248502731323	1.044952750205994	1.633451700210571	0.8171802759170532	0.4913374483585358	0.5615886449813843	0.5882977843284607	0.6706350445747375	0.7610833048820496	0.6877105832099915	1.12136435508728	0.6191256642341614	1.73122251033783	0.7131733894348145	0.8576601147651672	0.5823478698730469	0.5179858803749084	0.498476654291153	0.4849492311477661	0.4894183874130249	0.5755378007888794	0.5088867545127869	0.4073654115200043	0.6135829091072083	0	0.4277239441871643	0.5182213187217712	0.4984806776046753	0.6370313763618469	0.5857203602790833	0.6043140292167664	0.7808724045753479	0.5362704992294312	0.4203605353832245	0.7236959338188171	0.6604247093200684	0.9822064638137817	0.6581997871398926	0.5869759321212769	0.6152587532997131	0.8895729780197144	0.8817041516304016	0.7818810343742371	0.7302120327949524	0.6053382158279419	0.7108376026153564	0.5933877825737	0.4867552816867828	0.8999636173248291	0.5794610977172852	0.5401197075843811	0.6509045362472534	0.5742070078849792	0.6050779223442078	0.5182164907455444	0.6079846620559692	0.6424542665481567	0.6274139285087585	0.6126163005828857	0.7025997638702393	0.6027171015739441	0.6820902228355408	0.6643491387367249	0.4810366630554199	0.4684833884239197	0.5892241597175598	0.5757718086242676	0.6270477175712585	0.421694815158844	0.6213391423225403	0.608337938785553	0.5819794535636902	0.5020501017570496	0.4601650536060333	0.9785488247871399	0.5455751419067383	0.5928674936294556	0.6284940838813782	0.5990460515022278	0.7022257447242737	0.4894497692584991	0.4289295375347137	0.7224199175834656	0.4951726496219635	0.5434603095054626	0.5329014658927917	0.6149518489837646	0.643028199672699	0.9037143588066101	0.8506394028663635	0.6760956645011902	0.8799400329589844	0.7106381058692932	0.4958067536354065	0.6245489120483398	0.6732292175292969	0.7941361665725708	0.592276394367218	0.5750362873077393	0.6051485538482666	0.5864574909210205	0.5406712293624878	0.5529800057411194	0.6952952742576599	0.6485514044761658	1.042363166809082	1.324182391166687
SRR19621153	0.9945254325866699	1.301351428031921	0.9997954368591309	0.348604291677475	0.5204012989997864	0.4708844423294067	0.5168171525001526	0.7535527944564819	1.817980289459229	0.4936980903148651	0.3846866190433502	0.9362296462059021	1.542680859565735	0.6995567679405212	0.2627383470535278	0.4697908759117126	0.5073374509811401	0.5642542839050293	0.6772876977920532	0.4937586188316345	1.082558870315552	0.8588159084320068	1.638087868690491	0.810945451259613	1.123090386390686	0.8172868490219116	0.2835134863853455	0.4030603468418121	0.4118638634681702	0.3816413581371307	0.4245477914810181	0.5428587794303894	0.5907289385795593	0.3629714250564575	0.4277239441871643	0	0.440187394618988	0.5652671456336975	0.5558406114578247	0.4993761479854584	0.5722468495368958	0.7639044523239136	0.7262028455734253	0.6114581823348999	0.6318408846855164	0.7780133485794067	1.062699913978577	0.7278030514717102	0.7517034411430359	0.7563627362251282	0.8506296277046204	0.8854250311851501	0.6832133531570435	0.7114281058311462	0.5523849725723267	0.6597384810447693	0.5879046320915222	0.4728678166866302	1.150222301483154	0.5211994051933289	0.4170361161231995	0.595111072063446	0.5180394053459167	0.3700748980045319	0.3746855854988098	0.3829074203968048	0.4421693384647369	0.6790321469306946	0.4490614831447601	0.5970025062561035	0.4463091790676117	0.4248725473880768	0.5840567350387573	0.5127223134040833	0.4061861038208008	0.4518032371997833	0.3380210995674133	0.4536489546298981	0.6562533974647522	0.6142175197601318	0.5802007913589478	0.5749144554138184	0.381059318780899	0.5418407320976257	0.8013109564781189	0.4434817135334015	0.4576191306114197	0.5662460327148438	0.5030874609947205	0.6649117469787598	0.3963398635387421	0.5285648107528687	0.5418024063110352	0.3987960517406464	0.3390597105026245	0.2964112162590027	0.5093356370925903	0.6032199263572693	0.7686484456062317	0.78570157289505	0.7202519774436951	0.7640514373779297	0.6099876165390015	0.4874641001224518	0.4567858576774597	0.601019024848938	0.8170767426490784	0.5719144940376282	0.4286258518695831	0.8187065124511719	0.7924098372459412	0.4020014107227325	0.4260711967945099	0.5707588195800781	0.5974316000938416	0.8679853081703186	1.158725380897522
SRR19621154	1.017281651496887	1.337082505226135	1.058277726173401	0.4576970934867859	0.4704127013683319	0.4831217527389526	0.474891185760498	0.6663691997528076	1.779327392578125	0.452058345079422	0.4416767656803131	0.8742451667785645	1.57005512714386	0.6778004169464111	0.5112760663032532	0.3579683303833008	0.4306348264217377	0.5246004462242126	0.5958036184310913	0.5752995014190674	1.035799503326416	0.8666097521781921	1.598993301391602	0.7851722836494446	1.042146921157837	0.8099473118782043	0.4839122295379639	0.4411844909191132	0.4031952023506165	0.4378500878810883	0.4081854224205017	0.4545397162437439	0.5839303731918335	0.4494000971317291	0.5182213187217712	0.440187394618988	0	0.3487263023853302	0.5079418420791626	0.410991907119751	0.5311526656150818	0.6836786866188049	0.600755512714386	0.642658531665802	0.699476957321167	0.8130490779876709	1.048327803611755	0.7235527038574219	0.7500736117362976	0.7559660673141479	0.7931656837463379	0.8215415477752686	0.6757057905197144	0.6345444917678833	0.5144731402397156	0.6130232214927673	0.5496357083320618	0.1851809471845627	1.032139897346497	0.4402247071266174	0.3939111232757568	0.4888116121292114	0.5222587585449219	0.484727680683136	0.3859302401542664	0.4806538820266724	0.4905517101287842	0.7032198309898376	0.4594054818153381	0.5815070867538452	0.4922873377799988	0.5423259735107422	0.6209400296211243	0.510648250579834	0.4454109966754913	0.3800693154335022	0.3717823028564453	0.5065783858299255	0.5582376718521118	0.5246055722236633	0.4324179887771606	0.425918310880661	0.4634791910648346	0.4970373809337616	0.7560334801673889	0.4190348982810974	0.4728660583496094	0.4695188105106354	0.452283650636673	0.6043151617050171	0.3703720569610596	0.4948649108409882	0.6333955526351929	0.4445706903934479	0.3916439116001129	0.4110090136528015	0.511385440826416	0.4523272812366486	0.7113534808158875	0.6423755884170532	0.598499059677124	0.6687247753143311	0.5267747044563293	0.4718068242073059	0.4232402443885803	0.5502538681030273	0.7433231472969055	0.4672546088695526	0.4044458568096161	0.7738479375839233	0.7551825046539307	0.4886577725410461	0.3976812958717346	0.5239130258560181	0.5251381397247314	0.8263325691223145	1.162558794021606
SRR19621155	0.9903516173362732	1.289170503616333	0.8723679184913635	0.5716348886489868	0.574597954750061	0.5784196853637695	0.493337869644165	0.7576051950454712	1.889786243438721	0.5712578892707825	0.5147224068641663	0.9180585145950317	1.579716324806213	0.7676823735237122	0.5494213104248047	0.5168310403823853	0.5799924731254578	0.636261522769928	0.7295434474945068	0.6408575177192688	1.009301662445068	0.8133537769317627	1.634198427200317	0.6074864864349365	0.9849048256874084	0.7176553010940552	0.5502446889877319	0.5160539746284485	0.4765161573886871	0.5413573980331421	0.4590707421302795	0.4497941434383392	0.5668225288391113	0.4619206786155701	0.4984806776046753	0.5652671456336975	0.3487263023853302	0	0.6317633390426636	0.5199481248855591	0.6861739754676819	0.7648628950119019	0.5377469062805176	0.5747014880180359	0.6156958937644958	0.6428262591362	0.9540857672691345	0.5770891904830933	0.6110352277755737	0.6235707402229309	0.8883098959922791	0.8486904501914978	0.6559448838233948	0.7496581673622131	0.6406993269920349	0.7622624635696411	0.6006420850753784	0.3138055503368378	1.016757130622864	0.5636089444160461	0.4994116723537445	0.5716763138771057	0.649148166179657	0.5263187289237976	0.5451966524124146	0.5734739303588867	0.5824951529502869	0.6154224872589111	0.5926187634468079	0.7068703770637512	0.6247891783714294	0.644339382648468	0.6930254697799683	0.5332546830177307	0.4871044754981995	0.5484562516212463	0.6026771068572998	0.6308228373527527	0.4695456922054291	0.5163705945014954	0.5916799902915955	0.5438573360443115	0.6137217283248901	0.5062861442565918	0.7880462408065796	0.5969231724739075	0.5848961472511292	0.5662987232208252	0.5784083008766174	0.6510471701622009	0.5128183960914612	0.4985370934009552	0.7297570705413818	0.5369430184364319	0.5179430842399597	0.542858362197876	0.6133276224136353	0.5233349800109863	0.8284502029418945	0.7578936219215393	0.6670726537704468	0.7977886199951172	0.5956448316574097	0.4692596793174744	0.5497106909751892	0.5907362699508667	0.7729189991950989	0.5388983488082886	0.5294025540351868	0.6995429992675781	0.6812732219696045	0.6411907076835632	0.5292404890060425	0.6542659997940063	0.5380201935768127	0.8550406098365784	1.174443006515503
SRR19621156	1.052699685096741	1.344523072242737	1.119415044784546	0.5837381482124329	0.503970742225647	0.5262992382049561	0.4954678118228912	0.6758717894554138	1.805731773376465	0.4950295686721802	0.6132532358169556	0.8749276399612427	1.539745688438416	0.5635913610458374	0.6784486770629883	0.5281967520713806	0.5696403980255127	0.5402119755744934	0.615688681602478	0.5355568528175354	1.049707889556885	0.9644517302513123	1.654577851295471	0.7804531455039978	1.133357882499695	0.9031720757484436	0.6425331234931946	0.5739801526069641	0.496128648519516	0.5722846984863281	0.4982663989067078	0.4926742315292358	0.7093488574028015	0.5766035914421082	0.6370313763618469	0.5558406114578247	0.5079418420791626	0.6317633390426636	0	0.5198698043823242	0.7189147472381592	0.8405901789665222	0.7382543683052063	0.7182390689849854	0.6270845532417297	0.7307422757148743	0.9282020926475525	0.8305521011352539	0.8773825168609619	0.8499016165733337	0.6883170008659363	0.7321901321411133	0.5277913808822632	0.5608954429626465	0.6466656923294067	0.5388883948326111	0.4463699460029602	0.5380640625953674	0.97913658618927	0.221725806593895	0.6079630255699158	0.6828382611274719	0.686594545841217	0.6904421448707581	0.4859171807765961	0.5577789545059204	0.5184735059738159	0.7560696005821228	0.648371696472168	0.770318865776062	0.6988279819488525	0.5638386607170105	0.6887398958206177	0.6047667264938354	0.4715820848941803	0.5821321606636047	0.4909960329532623	0.6178430914878845	0.7231575846672058	0.6139793992042542	0.5727648735046387	0.5497686862945557	0.6119245290756226	0.6104364991188049	0.6501068472862244	0.620710015296936	0.5283836126327515	0.5488415360450745	0.5541692972183228	0.6839783787727356	0.4964911043643951	0.5680564045906067	0.7513501048088074	0.4915776252746582	0.4661793410778046	0.4511869847774506	0.5704076886177063	0.5283167958259583	0.7190660834312439	0.5932474136352539	0.5460829138755798	0.5753006339073181	0.6938221454620361	0.6148684024810791	0.6715101003646851	0.6925086379051208	0.8245075941085815	0.5897707343101501	0.5913596153259277	0.8922021985054016	0.8408693671226501	0.5063722729682922	0.4141440689563751	0.4734576940536499	0.6303207874298096	0.7129848599433899	1.277344584465027
SRR19621157	0.9803586006164551	1.327832341194153	1.082082867622375	0.5375596880912781	0.4239475429058075	0.419538676738739	0.3736060559749603	0.7155340909957886	1.767547845840454	0.4176902174949646	0.4429173469543457	0.8801380395889282	1.559528827667236	0.6356987357139587	0.5387265086174011	0.2587072849273682	0.2957571446895599	0.5779299139976501	0.6023934483528137	0.5695838332176208	1.124182105064392	0.9117534756660461	1.64297890663147	0.7992724776268005	1.120394587516785	0.8840570449829102	0.5126914381980896	0.4039702713489532	0.3642349243164062	0.428180605173111	0.3867481648921967	0.4708910882472992	0.6472667455673218	0.464094877243042	0.5857203602790833	0.4993761479854584	0.410991907119751	0.5199481248855591	0.5198698043823242	0	0.5594949126243591	0.6119294762611389	0.6228955984115601	0.6352964639663696	0.7374421954154968	0.8604736924171448	1.113055229187012	0.7290836572647095	0.8007619380950928	0.7274057269096375	0.7393954992294312	0.7739757299423218	0.6398321986198425	0.5694166421890259	0.5076166987419128	0.537790834903717	0.4895046353340149	0.4642322361469269	1.11408269405365	0.462482213973999	0.5118189454078674	0.581174910068512	0.5475773811340332	0.5260481834411621	0.4044529497623444	0.5230559706687927	0.546104907989502	0.6751388311386108	0.4430162608623505	0.5666370391845703	0.5442525744438171	0.4594969153404236	0.5943572521209717	0.5394075512886047	0.4984193742275238	0.464915931224823	0.4367587566375732	0.5295939445495605	0.6026362180709839	0.5328720808029175	0.4337141215801239	0.4536602199077606	0.5042741894721985	0.5177369117736816	0.7512057423591614	0.4465446472167969	0.4376805126667023	0.5367364287376404	0.4382266700267792	0.5452715754508972	0.3616362810134888	0.5057777762413025	0.6323301196098328	0.4826702475547791	0.4094496369361877	0.4095023572444916	0.5323853492736816	0.4741234481334686	0.7847429513931274	0.6035035848617554	0.6010891199111938	0.6262989044189453	0.5100334286689758	0.486926794052124	0.496189296245575	0.6225041747093201	0.7045567631721497	0.4946044981479645	0.4204815626144409	0.8113986849784851	0.7855638861656189	0.5378850102424622	0.4650992751121521	0.5710021257400513	0.4965139627456665	0.8300470113754272	1.206726670265198
SRR19621158	1.125544190406799	1.456421852111816	0.9799869060516357	0.5077869296073914	0.7012030482292175	0.6704540848731995	0.6565974950790405	0.6455784440040588	1.799610257148743	0.4989868700504303	0.5644829273223877	0.955237865447998	1.416860342025757	0.7932875156402588	0.5339291095733643	0.4738090038299561	0.3978187739849091	0.7151675820350647	0.7478249669075012	0.7302504777908325	1.14743983745575	0.883531391620636	1.706281900405884	0.9005011916160583	1.112279534339905	0.9167307615280151	0.5102587342262268	0.5259926915168762	0.5260137915611267	0.498698502779007	0.6330556869506836	0.6218894720077515	0.659223198890686	0.6652902364730835	0.6043140292167664	0.5722468495368958	0.5311526656150818	0.6861739754676819	0.7189147472381592	0.5594949126243591	0	0.4407607614994049	0.4852904975414276	0.762973427772522	0.8145396113395691	0.8688483238220215	1.133044838905334	0.8853347301483154	0.8970322608947754	0.9015880823135376	0.7081906199455261	0.7560745477676392	0.8283448815345764	0.5348638892173767	0.4640919268131256	0.6242733001708984	0.6522135734558105	0.4550115168094635	1.169748783111572	0.6789706945419312	0.4258063435554504	0.4827005565166473	0.4696308374404907	0.545085608959198	0.5520552396774292	0.6026298999786377	0.6582641005516052	0.7938175201416016	0.53113853931427	0.4082561433315277	0.4275064468383789	0.686336874961853	0.5109449028968811	0.507281482219696	0.5938065052032471	0.6052697896957397	0.5016450881958008	0.5301077961921692	0.6551464200019836	0.6196931004524231	0.4171705842018127	0.4690362215042114	0.5049207210540771	0.560743510723114	0.9108927249908447	0.4181993901729584	0.5709633231163025	0.5604514479637146	0.5499652624130249	0.6260154843330383	0.5040894150733948	0.664563000202179	0.69403475522995	0.5707907676696777	0.5192247033119202	0.5534394383430481	0.5732181668281555	0.6695562601089478	0.8491277694702148	0.8485099077224731	0.7445331811904907	0.865780234336853	0.6738376617431641	0.5672903060913086	0.5185812711715698	0.7619607448577881	0.8714894652366638	0.5684072971343994	0.5298260450363159	0.8962924480438232	0.9026297926902771	0.5365602970123291	0.5891991853713989	0.6778253316879272	0.6707706451416016	0.9597023725509644	1.245303153991699
SRR19621159	1.305988311767578	1.65281093120575	0.8652089834213257	0.7176568508148193	0.7278778553009033	0.7163315415382385	0.6849027276039124	0.8301454186439514	1.996148467063904	0.6809518933296204	0.6961997151374817	1.091423273086548	1.468799829483032	0.939053475856781	0.7781549692153931	0.5876657366752625	0.5310507416725159	0.8677203059196472	0.8636367917060852	0.8783213496208191	1.378607988357544	1.0728679895401	1.90862774848938	1.077993273735046	1.339090943336487	1.119548201560974	0.760581374168396	0.6748623847961426	0.6466197371482849	0.6983360052108765	0.7098928689956665	0.6641226410865784	0.8489748239517212	0.77413409948349	0.7808724045753479	0.7639044523239136	0.6836786866188049	0.7648628950119019	0.8405901789665222	0.6119294762611389	0.4407607614994049	0	0.5660532116889954	0.8467742800712585	1.024982571601868	1.09565269947052	1.356005787849426	0.97274249792099	1.001865744590759	0.9618074893951416	0.7479997277259827	0.8775540590286255	0.9390273690223694	0.6761405467987061	0.7859160304069519	0.7751745581626892	0.756151020526886	0.658588171005249	1.283408403396606	0.7945384979248047	0.6414332985877991	0.7151462435722351	0.7277854084968567	0.783765971660614	0.6942716240882874	0.7769163846969604	0.799720823764801	0.920457124710083	0.5986267328262329	0.394739955663681	0.7751598358154297	0.7570041418075562	0.7340282797813416	0.6839260458946228	0.7266690135002136	0.7236648201942444	0.6708045601844788	0.7802960872650146	0.7660154104232788	0.746573269367218	0.608853280544281	0.641477108001709	0.7775043845176697	0.7966572046279907	1.057489514350891	0.6725022196769714	0.7103319764137268	0.7763146758079529	0.7537830471992493	0.8328183889389038	0.706322193145752	0.8095527291297913	0.9228044748306274	0.7301374077796936	0.6599166989326477	0.7008202075958252	0.805345356464386	0.8042105436325073	1.029150485992432	0.9487070441246033	0.8916009664535522	0.9795491099357605	0.762962818145752	0.7613350749015808	0.7097012996673584	0.9029802083969116	0.8983073234558105	0.6282418370246887	0.6298255324363708	0.9846581220626831	0.9878009557723999	0.7778201103210449	0.7229375839233398	0.8509937524795532	0.7727229595184326	1.127793788909912	1.430747747421265
SRR19621160	1.280668616294861	1.54970109462738	0.952502965927124	0.587567925453186	0.5715930461883545	0.690509021282196	0.5012487173080444	0.7044635415077209	1.995699763298035	0.7202141284942627	0.6491656303405762	1.027426719665527	1.60383665561676	0.8760421276092529	0.7377704977989197	0.5222983956336975	0.460781067609787	0.8033928275108337	0.8284676671028137	0.845481276512146	1.248361349105835	0.7738804817199707	1.854819059371948	0.8703709840774536	1.025162696838379	0.815989077091217	0.7018114924430847	0.6952724456787109	0.6103516817092896	0.7046505808830261	0.7045051455497742	0.4086671471595764	0.5432853698730469	0.7522324323654175	0.5362704992294312	0.7262028455734253	0.600755512714386	0.5377469062805176	0.7382543683052063	0.6228955984115601	0.4852904975414276	0.5660532116889954	0	0.5484223961830139	0.8486400246620178	0.8649769425392151	1.077293872833252	0.727331817150116	0.7314335703849792	0.7112670540809631	0.837666392326355	0.8628749251365662	0.8480160236358643	0.66754150390625	0.6751455068588257	0.7577335834503174	0.6066311597824097	0.541918158531189	0.983004629611969	0.6756826043128967	0.6159437894821167	0.666144073009491	0.6281329989433289	0.7332825660705566	0.7017743587493896	0.7262603640556335	0.7439357042312622	0.6629879474639893	0.5183117985725403	0.513020396232605	0.6986397504806519	0.6941145658493042	0.6572437286376953	0.4898424744606018	0.5179069042205811	0.6072105169296265	0.6356870532035828	0.7544991970062256	0.4469220340251923	0.4736084938049316	0.5878039598464966	0.5632585883140564	0.670366108417511	0.6226310133934021	1.03315269947052	0.6631523370742798	0.7245068550109863	0.6929054856300354	0.7399172186851501	0.8274785280227661	0.6747071146965027	0.5499608516693115	0.8932181000709534	0.6638031601905823	0.6602480411529541	0.6728824377059937	0.7822189927101135	0.7634937763214111	1.020002365112305	0.9065584540367126	0.7604764103889465	0.9746300578117371	0.6320664882659912	0.5672035813331604	0.6635399460792542	0.7491732239723206	0.7315422892570496	0.4273876249790192	0.4895929396152496	0.7201689481735229	0.7261776328086853	0.6985846757888794	0.667264997959137	0.8170320391654968	0.6229590773582458	1.098655819892883	1.407306551933289
SRR19621161	1.28048038482666	1.546340107917786	0.9718953371047974	0.487376868724823	0.6380048394203186	0.6732326149940491	0.5237643718719482	0.8566222190856934	1.978148937225342	0.6842777729034424	0.5199193358421326	1.140154123306274	1.764507055282593	0.8800942897796631	0.6585648655891418	0.5840176343917847	0.6377606391906738	0.79497230052948	0.8664685487747192	0.8076454401016235	1.232574105262756	0.4638742208480835	1.86198878288269	0.8299390077590942	0.7535851001739502	0.5266183018684387	0.6108097434043884	0.6652490496635437	0.5339620113372803	0.6204322576522827	0.6295338273048401	0.5199081301689148	0.3505044877529144	0.6163439750671387	0.4203605353832245	0.6114581823348999	0.642658531665802	0.5747014880180359	0.7182390689849854	0.6352964639663696	0.762973427772522	0.8467742800712585	0.5484223961830139	0	0.7623534798622131	0.7339008450508118	0.997819185256958	0.609404981136322	0.4664887487888336	0.4669020771980286	1.003793835639954	1.017067670822144	0.9332504868507385	0.8302357196807861	0.7311387062072754	0.8761003017425537	0.6754280924797058	0.6543083786964417	0.7803937792778015	0.6312736868858337	0.7334531545639038	0.7977719902992249	0.6685640215873718	0.6892188191413879	0.6648933887481689	0.7205278873443604	0.7633295655250549	0.5216585993766785	0.550268828868866	0.6758891940116882	0.7197551727294922	0.6441957950592041	0.7613051533699036	0.5420727133750916	0.4097679555416107	0.5302423238754272	0.5869129300117493	0.6788710951805115	0.3030001521110535	0.5544490218162537	0.6993114352226257	0.6712595224380493	0.5489703416824341	0.5758676528930664	0.9921196699142456	0.6149805188179016	0.7647444009780884	0.7243879437446594	0.7358285188674927	0.8509112000465393	0.5524344444274902	0.436969667673111	0.7336721420288086	0.6949750185012817	0.6876561641693115	0.6380645632743835	0.775359034538269	0.7436608672142029	0.9707892537117004	0.907076358795166	0.7707073092460632	0.9453848600387573	0.7118006348609924	0.4883961081504822	0.6508974432945251	0.6923717856407166	0.7842698693275452	0.6210362911224365	0.5504276156425476	0.3865559697151184	0.4191742539405823	0.6154053807258606	0.6134023666381836	0.7728314399719238	0.5419960021972656	1.069492101669312	1.36518120765686
SRR19621162	0.8543683290481567	1.152348518371582	0.8929176330566406	0.6110383272171021	0.7671619057655334	0.8209471106529236	0.7034854292869568	0.7266325950622559	1.866373777389526	0.7079892754554749	0.6932842135429382	0.9716783165931702	1.51161253452301	0.7603674530982971	0.6561906337738037	0.7086030840873718	0.7899230122566223	0.6821644902229309	0.7947791218757629	0.6075711846351624	0.9725777506828308	0.9373660087585449	1.633123159408569	0.6427841782569885	1.067995429039001	0.8468639850616455	0.6414607763290405	0.7589426040649414	0.6555792093276978	0.7239801287651062	0.6258540153503418	0.68871009349823	0.717918336391449	0.59001624584198	0.7236959338188171	0.6318408846855164	0.699476957321167	0.6156958937644958	0.6270845532417297	0.7374421954154968	0.8145396113395691	1.024982571601868	0.8486400246620178	0.7623534798622131	0	0.4206802546977997	0.8493763208389282	0.7555861473083496	0.8079200387001038	0.7489014267921448	0.7624324560165405	0.7406864762306213	0.6334032416343689	0.7593865990638733	0.7657070755958557	0.7310521006584167	0.6423308253288269	0.6788659691810608	1.092721581459045	0.6874391436576843	0.6580520868301392	0.699258029460907	0.7522704601287842	0.5987581610679626	0.6816153526306152	0.6003462076187134	0.6514487862586975	0.7811589241027832	0.7863167524337769	0.8851526975631714	0.7303062081336975	0.6756625175476074	0.6816563606262207	0.6490013599395752	0.5644711852073669	0.7094365954399109	0.6747764945030212	0.7384358644485474	0.7476655840873718	0.7065653204917908	0.7790674567222595	0.7647383809089661	0.6622046828269958	0.6628199815750122	0.762437641620636	0.7352128624916077	0.6367568969726562	0.6475984454154968	0.6453531980514526	0.8422418832778931	0.6500096321105957	0.6520832777023315	0.7769345045089722	0.6027963161468506	0.6567886471748352	0.5945965647697449	0.7291024327278137	0.7465724349021912	0.8891741633415222	0.7707964181900024	0.696293830871582	0.7658769488334656	0.6795344352722168	0.6053167581558228	0.7304922938346863	0.6718477010726929	0.9367072582244873	0.7278005480766296	0.762607753276825	0.8617212176322937	0.8407135009765625	0.7081513404846191	0.6850644946098328	0.6792381405830383	0.6522442698478699	0.8006895780563354	1.193379998207092
SRR19621163	0.8904693722724915	1.23447597026825	0.7844510078430176	0.7383130788803101	0.9451978802680969	1.010375380516052	0.8674057722091675	0.8800536394119263	1.981208086013794	0.8102958798408508	0.7561128735542297	1.088066697120667	1.51855993270874	0.9083163738250732	0.6751527190208435	0.8024265766143799	0.8811503052711487	0.8463914394378662	0.959950864315033	0.6979807615280151	1.048891186714172	0.8348538875579834	1.724178075790405	0.6115527153015137	0.9939835667610168	0.7629250288009644	0.7303445339202881	0.8563570380210876	0.7666862607002258	0.8207312822341919	0.7866599559783936	0.8341949582099915	0.6511076092720032	0.644192099571228	0.6604247093200684	0.7780133485794067	0.8130490779876709	0.6428262591362	0.7307422757148743	0.8604736924171448	0.8688483238220215	1.09565269947052	0.8649769425392151	0.7339008450508118	0.4206802546977997	0	0.8332348465919495	0.7163448929786682	0.6941559314727783	0.6728638410568237	0.964197039604187	0.9094845652580261	0.841158926486969	0.9087420105934143	0.8567380905151367	0.9162638187408447	0.8372613787651062	0.75722736120224	1.060537457466125	0.7762700915336609	0.7451151013374329	0.7788392901420593	0.835593581199646	0.6654239892959595	0.8646131157875061	0.7693477869033813	0.7959460616111755	0.8534212112426758	0.8629377484321594	0.9578737020492554	0.7882494926452637	0.8596317172050476	0.751963198184967	0.7543294429779053	0.749963104724884	0.8193421959877014	0.8350239396095276	0.7590238451957703	0.6656102538108826	0.7418471574783325	0.8518118262290955	0.8441906571388245	0.7539715766906738	0.7235032320022583	0.6749868988990784	0.7962837815284729	0.8085975050926208	0.6993361711502075	0.7597485184669495	0.8998839259147644	0.7350048422813416	0.7177792191505432	0.8483527898788452	0.7952808141708374	0.8213777542114258	0.759926974773407	0.7270742654800415	0.7853385210037231	0.8945645689964294	0.9798341989517212	0.8268024325370789	1.006827712059021	0.7694055438041687	0.6822718977928162	0.8210995197296143	0.8057684898376465	1.049742102622986	0.8432157635688782	0.8758166432380676	0.810421347618103	0.7465528249740601	0.6859624981880188	0.7786744832992554	0.8074045181274414	0.7348944544792175	0.7102136015892029	1.169760346412659
SRR19621164	1.091488838195801	1.156571388244629	1.247125387191772	0.9599818587303162	1.165099740028381	1.19208836555481	1.076932907104492	0.8524837493896484	1.678205847740173	1.014937281608582	1.016442060470581	0.8951756954193115	1.420433402061462	1.032202243804932	1.055461883544922	1.063406229019165	1.108742475509644	0.9479632973670959	0.9571195840835571	1.088656544685364	0.7440001368522644	1.153719902038574	1.416140675544739	0.9033890962600708	1.252003788948059	1.079782247543335	0.9725626111030579	1.076909899711609	1.036649942398071	1.038978576660156	1.073423027992249	1.044067740440369	0.9606567025184631	1.083544611930847	0.9822064638137817	1.062699913978577	1.048327803611755	0.9540857672691345	0.9282020926475525	1.113055229187012	1.133044838905334	1.356005787849426	1.077293872833252	0.997819185256958	0.8493763208389282	0.8332348465919495	0	1.102577686309814	1.146560072898865	1.137749075889587	1.102362513542175	1.008825540542603	1.03765857219696	1.057835459709167	1.03234851360321	1.010918855667114	1.045920848846436	1.007469773292542	1.328495979309082	0.9477150440216064	1.085828304290771	1.051923155784607	1.013274192810059	1.049089312553406	1.083984375	1.104882001876831	1.143518567085266	1.018405556678772	1.081761598587036	1.189036726951599	1.022448539733887	1.132966160774231	1.045881390571594	0.9687612056732178	0.9390104413032532	1.063517570495605	1.076851963996887	0.9172598719596863	0.9766014814376831	0.9750921130180359	1.097619771957397	1.070491790771484	0.9193481802940369	0.9190992116928101	0.9984590411186218	1.025915741920471	1.11327862739563	0.916090726852417	1.001136660575867	1.117481470108032	1.012681245803833	0.9562592506408691	1.0995192527771	1.039759874343872	1.099023580551147	1.056156039237976	1.014087796211243	1.047338008880615	1.150491952896118	0.9831677079200745	1.046132564544678	1.002435088157654	1.114485263824463	0.923413872718811	1.085544109344482	1.055894732475281	1.294475436210632	1.092378854751587	1.097397804260254	1.096271991729736	1.056805014610291	0.8760772347450256	0.9591366648674011	1.042453408241272	1.017995119094849	1.086089491844177	1.575898766517639
SRR19621165	1.12544584274292	1.408179402351379	0.914655864238739	0.6733437180519104	0.730485200881958	0.7809909582138062	0.6498385667800903	0.938151478767395	1.997112631797791	0.8353856801986694	0.657684326171875	1.018197894096375	1.641752004623413	0.8567859530448914	0.7195358276367188	0.6975029110908508	0.7532957792282104	0.8433412313461304	0.9245877265930176	0.7976034879684448	1.195289015769958	0.861363410949707	1.792092323303223	0.7487778067588806	1.042985677719116	0.7999961972236633	0.7142333984375	0.8081501126289368	0.6759850382804871	0.770881175994873	0.6620970964431763	0.6644912958145142	0.6434470415115356	0.6269708275794983	0.6581997871398926	0.7278030514717102	0.7235527038574219	0.5770891904830933	0.8305521011352539	0.7290836572647095	0.8853347301483154	0.97274249792099	0.727331817150116	0.609404981136322	0.7555861473083496	0.7163448929786682	1.102577686309814	0	0.5374230146408081	0.3663900196552277	1.026110053062439	0.9737161993980408	0.8441879153251648	0.9196636080741882	0.856913685798645	0.9327817559242249	0.7467036247253418	0.7124711871147156	1.095107793807983	0.7487075924873352	0.7172518968582153	0.7939494252204895	0.8502881526947021	0.6977905035018921	0.8125370144844055	0.7400649785995483	0.7471328377723694	0.6992960572242737	0.7335047125816345	0.8497772216796875	0.7917619347572327	0.6990508437156677	0.790096640586853	0.6611078381538391	0.6602200269699097	0.6783024668693542	0.7243678569793701	0.7864714860916138	0.6124390363693237	0.6594423651695251	0.8204003572463989	0.7936233878135681	0.7425212264060974	0.7030823826789856	0.8785012364387512	0.7708437442779541	0.8149900436401367	0.8246892094612122	0.8086573481559753	0.9135425090789795	0.6864809989929199	0.5868759751319885	0.5314562916755676	0.7875155210494995	0.804660439491272	0.7595281600952148	0.7544936537742615	0.7286419272422791	0.8263960480690002	0.9564308524131775	0.8649046421051025	0.9959211945533752	0.6764631271362305	0.6223909854888916	0.6671074628829956	0.6213476657867432	0.8897004723548889	0.7013426423072815	0.7273333668708801	0.8206250071525574	0.7432968020439148	0.8260298371315002	0.7370282411575317	0.8097094893455505	0.5983058214187622	0.9407575726509094	1.025656819343567
SRR19621166	1.280384302139282	1.561987161636353	0.9642205238342285	0.6962378621101379	0.8154693245887756	0.8803884387016296	0.7291178703308105	0.9569696187973022	2.11768102645874	0.8623827695846558	0.6796321272850037	1.144046187400818	1.77009129524231	0.9566930532455444	0.7391418218612671	0.7300302982330322	0.7704227566719055	0.8981499075889587	0.9848355054855347	0.884269654750824	1.293382525444031	0.4273128509521484	1.923389911651611	0.8498213887214661	0.6406412124633789	0.4552487432956696	0.7254096269607544	0.8396457433700562	0.7135549187660217	0.8120154142379761	0.7532449960708618	0.7149601578712463	0.5427742600440979	0.6885237097740173	0.5869759321212769	0.7517034411430359	0.7500736117362976	0.6110352277755737	0.8773825168609619	0.8007619380950928	0.8970322608947754	1.001865744590759	0.7314335703849792	0.4664887487888336	0.8079200387001038	0.6941559314727783	1.146560072898865	0.5374230146408081	0	0.3398058414459229	1.088787436485291	1.052972435951233	0.9511107206344604	0.9577525854110718	0.8551005125045776	0.9876087307929993	0.8060100674629211	0.7303235530853271	0.7022209167480469	0.8100601434707642	0.7603691816329956	0.8312339186668396	0.8466141819953918	0.7168567180633545	0.8773800134658813	0.8161647915840149	0.8373805284500122	0.6915381550788879	0.7730718851089478	0.8927298188209534	0.7704142332077026	0.776584804058075	0.8187193870544434	0.7055554986000061	0.6685441136360168	0.683022141456604	0.73602294921875	0.8063903450965881	0.4856749176979065	0.6755396127700806	0.8496694564819336	0.799868643283844	0.7692121863365173	0.7412059307098389	1.012415051460266	0.8011443614959717	0.8780701160430908	0.8603450655937195	0.8634307980537415	0.9550925493240356	0.7075598835945129	0.6155369281768799	0.8708460927009583	0.8485300540924072	0.8356137871742249	0.809087872505188	0.815473735332489	0.7885807156562805	1.005237221717834	1.043084502220154	0.8843621015548706	1.089241981506348	0.7340611815452576	0.6206215620040894	0.6812689304351807	0.7124581933021545	0.9204346537590027	0.7507360577583313	0.7771356701850891	0.4239412546157837	0.414674699306488	0.8319557309150696	0.7906129360198975	0.8764321804046631	0.6607676148414612	1.072948694229126	1.338256239891052
SRR19621167	1.207634329795837	1.458967685699463	0.9329001903533936	0.7006135582923889	0.7342306971549988	0.8050965666770935	0.644208550453186	0.9413900971412659	2.062539339065552	0.8697563409805298	0.6484314799308777	1.095321297645569	1.719772934913635	0.8816705942153931	0.750177800655365	0.7026206851005554	0.7763026356697083	0.8797928690910339	0.9659041166305542	0.8409210443496704	1.236265420913696	0.6907501220703125	1.862662076950073	0.8066422939300537	0.8712863326072693	0.6386270523071289	0.7318013906478882	0.829232394695282	0.6740938425064087	0.7977718710899353	0.6807343363761902	0.6504428386688232	0.5786756277084351	0.6586436629295349	0.6152587532997131	0.7563627362251282	0.7559660673141479	0.6235707402229309	0.8499016165733337	0.7274057269096375	0.9015880823135376	0.9618074893951416	0.7112670540809631	0.4669020771980286	0.7489014267921448	0.6728638410568237	1.137749075889587	0.3663900196552277	0.3398058414459229	0	1.032270073890686	0.978269636631012	0.8823503851890564	0.9363413453102112	0.8747755289077759	0.9492117166519165	0.7611592411994934	0.7458606362342834	0.9326342344284058	0.7734304070472717	0.7612522840499878	0.8063193559646606	0.8670949935913086	0.7555795311927795	0.8474974036216736	0.7884365916252136	0.8014929890632629	0.6762964129447937	0.7327853441238403	0.8423701524734497	0.7944374084472656	0.6822836995124817	0.7614493370056152	0.701575756072998	0.6622059941291809	0.6797090768814087	0.7335282564163208	0.8052345514297485	0.4873078465461731	0.5856174826622009	0.8452690839767456	0.8190093040466309	0.7588889002799988	0.73983234167099	0.9527276754379272	0.7959673404693604	0.8495667576789856	0.8570380210876465	0.8423200845718384	0.9243748784065247	0.6781342029571533	0.6059526205062866	0.7042194604873657	0.8024887442588806	0.8268672823905945	0.7882655262947083	0.7711464166641235	0.7548629641532898	0.833343505859375	0.9822367429733276	0.8763428926467896	1.022158741950989	0.5741868615150452	0.6143508553504944	0.6441892981529236	0.5557420253753662	0.862160325050354	0.685556173324585	0.7288509607315063	0.6599081158638	0.5906587243080139	0.8409003615379333	0.7528738975524902	0.7681089639663696	0.556229829788208	1.009755492210388	1.207312107086182
SRR19621168	0.9573522210121155	1.244484305381775	0.8727239966392517	0.8555654883384705	0.7630599737167358	0.8259101510047913	0.7607631087303162	0.5689910054206848	1.806330323219299	0.7372210621833801	0.8881844878196716	0.7623187899589539	1.150986552238464	0.6117573380470276	0.9226534366607666	0.7682843208312988	0.6858493089675903	0.6193448305130005	0.6478313207626343	0.6916056871414185	1.069595217704773	1.153260350227356	1.628629684448242	0.8729285001754761	1.27526593208313	1.094007611274719	0.8586380481719971	0.8384673595428467	0.7684777975082397	0.8393583297729492	0.7096413373947144	0.7518831491470337	0.9315346479415894	0.8216116428375244	0.8895729780197144	0.8506296277046204	0.7931656837463379	0.8883098959922791	0.6883170008659363	0.7393954992294312	0.7081906199455261	0.7479997277259827	0.837666392326355	1.003793835639954	0.7624324560165405	0.964197039604187	1.102362513542175	1.026110053062439	1.088787436485291	1.032270073890686	0	0.2819623053073883	0.4508090317249298	0.4582156836986542	0.8213643431663513	0.493895947933197	0.5774604082107544	0.7766452431678772	1.217346787452698	0.7657595276832581	0.727308452129364	0.7490215301513672	0.8637311458587646	0.8386539220809937	0.7384113669395447	0.746955394744873	0.7484942674636841	0.9734745025634766	0.9230936169624329	0.7277355194091797	0.8736628890037537	0.7867432832717896	0.6243408918380737	0.6882139444351196	0.805462658405304	0.8226420283317566	0.8078230023384094	0.9331241250038147	0.9907752871513367	0.906019926071167	0.6735386848449707	0.6451369524002075	0.849043607711792	0.841593325138092	0.8987398743629456	0.8681584596633911	0.6546295881271362	0.6890583634376526	0.6711553931236267	0.8494728803634644	0.737234354019165	0.7895340323448181	0.9486334323883057	0.6901182532310486	0.793351948261261	0.7273257374763489	0.8295418620109558	0.8165233731269836	1.048538446426392	0.6128408312797546	0.6982704997062683	0.630533754825592	0.8635591268539429	0.8441260457038879	0.9244765043258667	0.9084126353263855	1.044876575469971	0.7412632703781128	0.8564130067825317	1.166709303855896	1.145777225494385	0.9298092722892761	0.7898834943771362	0.7775256037712097	0.8518660068511963	0.9504337310791016	1.390087485313416
SRR19621169	0.8038577437400818	1.074469327926636	0.8971238732337952	0.8776271343231201	0.8258035778999329	0.8690672516822815	0.7707632780075073	0.4832580387592316	1.745287418365479	0.7771522998809814	0.8873738646507263	0.6684832572937012	1.145827770233154	0.590676486492157	0.9337785840034485	0.8169718384742737	0.7488160729408264	0.6316980719566345	0.6036361455917358	0.7137910127639771	0.9191638827323914	1.166901111602783	1.525976777076721	0.8008447885513306	1.287142395973206	1.093101382255554	0.8724590539932251	0.8693563938140869	0.767533540725708	0.850161612033844	0.7062928080558777	0.785862922668457	0.9370982646942139	0.8225542902946472	0.8817041516304016	0.8854250311851501	0.8215415477752686	0.8486904501914978	0.7321901321411133	0.7739757299423218	0.7560745477676392	0.8775540590286255	0.8628749251365662	1.017067670822144	0.7406864762306213	0.9094845652580261	1.008825540542603	0.9737161993980408	1.052972435951233	0.978269636631012	0.2819623053073883	0	0.4120133817195892	0.5266364216804504	0.8659416437149048	0.5366345047950745	0.6083930730819702	0.7662416100502014	1.22538959980011	0.7982006072998047	0.7363238334655762	0.7627545595169067	0.9255400896072388	0.8492902517318726	0.7963972687721252	0.7919302582740784	0.8006800413131714	0.9659621715545654	0.9634810090065002	0.8388623595237732	0.9154347777366638	0.8052047491073608	0.6398799419403076	0.6665613651275635	0.8458797931671143	0.8668155670166016	0.8817254900932312	0.9775812029838562	1.002439022064209	0.9214825630187988	0.7234178185462952	0.7049927115440369	0.8952679634094238	0.8468657732009888	0.875069797039032	0.9191353917121887	0.6854588389396667	0.7497453093528748	0.7386077046394348	0.893832266330719	0.7473961114883423	0.7888513803482056	0.9557995796203613	0.7118451595306396	0.8091650009155273	0.7453801035881042	0.8529127240180969	0.8132302165031433	1.04347288608551	0.5756240487098694	0.7190971970558167	0.6193146109580994	0.8785450458526611	0.8310727477073669	0.9334177374839783	0.8752085566520691	1.059496283531189	0.7610020637512207	0.9146503806114197	1.186027407646179	1.137700319290161	0.987270176410675	0.8548729419708252	0.8281016945838928	0.8331168293952942	0.9296764135360718	1.366410970687866
SRR19621170	0.7875589728355408	1.086624979972839	1.014471411705017	0.7772668600082397	0.6072350740432739	0.6376006007194519	0.6071099638938904	0.6094835996627808	1.725776076316833	0.635094165802002	0.776667594909668	0.6558366417884827	1.303557872772217	0.4594529271125793	0.7630878090858459	0.6863512992858887	0.6829401850700378	0.4797661602497101	0.5228654742240906	0.5107467770576477	0.9413883090019226	1.11060631275177	1.504938840866089	0.6684497594833374	1.248672485351562	1.01555323600769	0.7373073101043701	0.7208601236343384	0.646202027797699	0.7243882417678833	0.574613094329834	0.6261177659034729	0.8675835132598877	0.6237546801567078	0.7818810343742371	0.6832133531570435	0.6757057905197144	0.6559448838233948	0.5277913808822632	0.6398321986198425	0.8283448815345764	0.9390273690223694	0.8480160236358643	0.9332504868507385	0.6334032416343689	0.841158926486969	1.03765857219696	0.8441879153251648	0.9511107206344604	0.8823503851890564	0.4508090317249298	0.4120133817195892	0	0.5774217247962952	0.7659165859222412	0.460193932056427	0.4653181731700897	0.6340944170951843	1.174834370613098	0.6284430623054504	0.6639730930328369	0.7182482481002808	0.8317219614982605	0.724252462387085	0.5886029601097107	0.555844783782959	0.5284080505371094	0.9126458168029785	0.8335759043693542	0.9034417867660522	0.7976807355880737	0.680536150932312	0.6908454298973083	0.6606936454772949	0.6959628462791443	0.7373807430267334	0.6936141848564148	0.8662097454071045	0.9195956587791443	0.8162039518356323	0.6751102209091187	0.6228126287460327	0.797867476940155	0.7550203800201416	0.7046433687210083	0.792519748210907	0.5502015948295593	0.6850746273994446	0.6395416855812073	0.7729910016059875	0.6470339298248291	0.7030931115150452	0.8655045628547668	0.5319912433624268	0.5970898866653442	0.5885204672813416	0.741995632648468	0.676726222038269	0.9403813481330872	0.4696188569068909	0.6247785091400146	0.4884010255336761	0.7948006987571716	0.745335578918457	0.8111230134963989	0.7771508693695068	0.9484593868255615	0.6671426892280579	0.7602870464324951	1.108044862747192	1.06330394744873	0.8783831596374512	0.6681680083274841	0.6315404176712036	0.744081974029541	0.7663694024085999	1.230478882789612
SRR19621171	1.015686750411987	1.317988276481628	0.9748771786689758	0.6965445280075073	0.6660486459732056	0.7281831502914429	0.6772461533546448	0.4807440042495728	1.699982166290283	0.5373989939689636	0.6959325075149536	0.7036994695663452	1.245980739593506	0.506958544254303	0.7472275495529175	0.5744078159332275	0.4959893524646759	0.5034003257751465	0.5620439052581787	0.6319915056228638	1.049424767494202	1.037997007369995	1.611355304718018	0.8131437301635742	1.197511911392212	0.9917805194854736	0.7181981801986694	0.675287663936615	0.6361921429634094	0.687451183795929	0.6467639207839966	0.604520857334137	0.788198709487915	0.7196600437164307	0.7302120327949524	0.7114281058311462	0.6345444917678833	0.7496581673622131	0.5608954429626465	0.5694166421890259	0.5348638892173767	0.6761405467987061	0.66754150390625	0.8302357196807861	0.7593865990638733	0.9087420105934143	1.057835459709167	0.9196636080741882	0.9577525854110718	0.9363413453102112	0.4582156836986542	0.5266364216804504	0.5774217247962952	0	0.6918527483940125	0.2768535315990448	0.4118603765964508	0.6099528670310974	1.134263753890991	0.6231215000152588	0.5755590200424194	0.614546537399292	0.7137347459793091	0.7511938810348511	0.607338547706604	0.6348878145217896	0.6401519775390625	0.8309797644615173	0.7361676692962646	0.6188747882843018	0.7329363226890564	0.7276272177696228	0.5254853963851929	0.5526350736618042	0.6703668236732483	0.682191789150238	0.6591762900352478	0.7539345622062683	0.8224309682846069	0.7626914381980896	0.4812162220478058	0.4651628732681274	0.6957917213439941	0.7109488844871521	0.8238691091537476	0.6772105693817139	0.5908713340759277	0.567555844783783	0.5661177635192871	0.7335842251777649	0.5740696787834167	0.6643874645233154	0.8206101655960083	0.62018883228302	0.6890817880630493	0.6545258164405823	0.7050812840461731	0.6750332117080688	0.9486047625541687	0.5287485122680664	0.5043854713439941	0.6153395175933838	0.766524076461792	0.6638535857200623	0.7697293758392334	0.8076087236404419	0.8989434838294983	0.6001874804496765	0.6856822967529297	0.9897964000701904	0.994922399520874	0.7278652787208557	0.6505478024482727	0.6869609951972961	0.725635290145874	0.880039393901825	1.318601489067078
SRR19621172	0.997631311416626	1.316344618797302	1.078596472740173	0.5353497862815857	0.6561601758003235	0.6784455180168152	0.6153138279914856	0.703097403049469	1.733429551124573	0.4843791723251343	0.5641241669654846	0.9012836813926697	1.478734135627747	0.712190568447113	0.5131344795227051	0.5096820592880249	0.5094268321990967	0.6117210388183594	0.6556673049926758	0.6353422999382019	0.9929907917976379	0.825228214263916	1.558636069297791	0.8478313088417053	0.9462746977806091	0.756476104259491	0.4294111728668213	0.5070666670799255	0.5185726881027222	0.4579513370990753	0.5821005702018738	0.6420048475265503	0.5966506004333496	0.6175633668899536	0.6053382158279419	0.5523849725723267	0.5144731402397156	0.6406993269920349	0.6466656923294067	0.5076166987419128	0.4640919268131256	0.7859160304069519	0.6751455068588257	0.7311387062072754	0.7657070755958557	0.8567380905151367	1.03234851360321	0.856913685798645	0.8551005125045776	0.8747755289077759	0.8213643431663513	0.8659416437149048	0.7659165859222412	0.6918527483940125	0	0.6519268751144409	0.6423881649971008	0.4870072305202484	1.139992475509644	0.6251682043075562	0.493742436170578	0.5265307426452637	0.2521616518497467	0.4870353639125824	0.5713147521018982	0.611136257648468	0.6318289637565613	0.7497684359550476	0.5574047565460205	0.687511682510376	0.3334862291812897	0.6684752702713013	0.5894327759742737	0.5933003425598145	0.5741375684738159	0.5469707250595093	0.5164908170700073	0.5118721127510071	0.6392226815223694	0.5283650159835815	0.4803224503993988	0.4751423597335815	0.4694742262363434	0.4565051198005676	0.8424695730209351	0.4580111801624298	0.6116146445274353	0.5525056719779968	0.5294042229652405	0.5550729632377625	0.4640934467315674	0.5665913820266724	0.6641718745231628	0.5769027471542358	0.5404489636421204	0.5638486742973328	0.5944366455078125	0.6066253781318665	0.8530661463737488	0.760259747505188	0.6682993173599243	0.7647483944892883	0.6187947988510132	0.5631434321403503	0.514244019985199	0.6912907958030701	0.9016579389572144	0.6670734286308289	0.5378199815750122	0.894059956073761	0.9057186841964722	0.4997951090335846	0.5842044353485107	0.6467676758766174	0.6016055941581726	0.9149853587150574	1.224881768226624
SRR19621173	0.9216962456703186	1.231954097747803	1.117549419403076	0.6669917106628418	0.6486905813217163	0.6732664704322815	0.6488144397735596	0.4780228435993195	1.631108283996582	0.4988577365875244	0.6925604343414307	0.6371683478355408	1.29520857334137	0.4423063695430756	0.7179377675056458	0.5726668834686279	0.5013608336448669	0.4424597024917603	0.4743973910808563	0.5608340501785278	0.9948853850364685	1.032528758049011	1.534531354904175	0.7897793054580688	1.214925646781921	1.02058470249176	0.7096351385116577	0.646117091178894	0.6176841855049133	0.6478435397148132	0.6215295791625977	0.6344637274742126	0.7953673005104065	0.6988527774810791	0.7108376026153564	0.6597384810447693	0.6130232214927673	0.7622624635696411	0.5388883948326111	0.537790834903717	0.6242733001708984	0.7751745581626892	0.7577335834503174	0.8761003017425537	0.7310521006584167	0.9162638187408447	1.010918855667114	0.9327817559242249	0.9876087307929993	0.9492117166519165	0.493895947933197	0.5366345047950745	0.460193932056427	0.2768535315990448	0.6519268751144409	0	0.3664536476135254	0.6174055337905884	1.134925127029419	0.6054338812828064	0.5593689680099487	0.604133665561676	0.6981139779090881	0.7248697876930237	0.5192387104034424	0.5810052752494812	0.5895992517471313	0.8725730180740356	0.7164074182510376	0.737714946269989	0.6987331509590149	0.6835122108459473	0.6077454090118408	0.6089802980422974	0.6804817914962769	0.6749114394187927	0.6229670643806458	0.7549317479133606	0.846158504486084	0.7771323919296265	0.4947264492511749	0.4853444695472717	0.7098222374916077	0.7023273706436157	0.8078922629356384	0.6388505101203918	0.5192786455154419	0.5744685530662537	0.5364804863929749	0.6930419206619263	0.567113995552063	0.6571338772773743	0.8129163384437561	0.5750769376754761	0.634904682636261	0.605507493019104	0.6918285489082336	0.6791414618492126	0.9287807941436768	0.4102668762207031	0.4868939518928528	0.4742846190929413	0.7914279103279114	0.6890388131141663	0.760373592376709	0.8136253952980042	0.9069594144821167	0.6073740124702454	0.6751830577850342	1.026663661003113	1.020882368087769	0.7405982613563538	0.6370865106582642	0.6346266269683838	0.7301173210144043	0.8723574280738831	1.299430847167969
SRR19621174	1.048834800720215	1.300745844841003	0.9994897842407227	0.5527135133743286	0.4502752125263214	0.5293402671813965	0.4251899719238281	0.5650904774665833	1.786653161048889	0.54319828748703	0.6224309206008911	0.7892717719078064	1.456394791603088	0.5509967803955078	0.6905913352966309	0.5197524428367615	0.4927293360233307	0.539720892906189	0.5755982398986816	0.5575680136680603	1.075929641723633	0.8955035209655762	1.67610764503479	0.7869137525558472	1.087120890617371	0.8799809813499451	0.655916154384613	0.6174837350845337	0.4976701438426971	0.6125975847244263	0.4962211847305298	0.4220355749130249	0.6419059038162231	0.5997344255447388	0.5933877825737	0.5879046320915222	0.5496357083320618	0.6006420850753784	0.4463699460029602	0.4895046353340149	0.6522135734558105	0.756151020526886	0.6066311597824097	0.6754280924797058	0.6423308253288269	0.8372613787651062	1.045920848846436	0.7467036247253418	0.8060100674629211	0.7611592411994934	0.5774604082107544	0.6083930730819702	0.4653181731700897	0.4118603765964508	0.6423881649971008	0.3664536476135254	0	0.5363344550132751	0.9919179081916809	0.4394538402557373	0.5699420571327209	0.6245794892311096	0.686029851436615	0.6691952347755432	0.4697015881538391	0.4882664382457733	0.4909348785877228	0.6891270875930786	0.6388526558876038	0.6973335742950439	0.6927762031555176	0.5245601534843445	0.5756475925445557	0.4614734649658203	0.4700510203838348	0.5737234950065613	0.5470292568206787	0.7261035442352295	0.6866074204444885	0.6178606152534485	0.4933158457279205	0.4454526603221893	0.6405467391014099	0.6061704754829407	0.7701361775398254	0.6289650201797485	0.4334318339824677	0.5467395782470703	0.4953708350658417	0.6881998777389526	0.4942710101604462	0.471645176410675	0.7534638643264771	0.444858580827713	0.5236359834671021	0.4770340621471405	0.6644994616508484	0.6011894345283508	0.8646075129508972	0.5320745706558228	0.4855906069278717	0.5776292681694031	0.6647225618362427	0.5162476301193237	0.6946700811386108	0.6754180788993835	0.7240080237388611	0.4880621731281281	0.5803636312484741	0.8558646440505981	0.839303195476532	0.7045383453369141	0.5037150382995605	0.5611486434936523	0.5740109086036682	0.8591948747634888	1.263838410377502
SRR19621175	1.002679109573364	1.318687796592712	0.9699183702468872	0.4635826945304871	0.5381942987442017	0.5478832721710205	0.5053799748420715	0.6439739465713501	1.758279800415039	0.4489820599555969	0.4574536979198456	0.856738269329071	1.514007091522217	0.6645327806472778	0.4740079641342163	0.3829536736011505	0.4199694991111755	0.5507519841194153	0.6408429145812988	0.5971617698669434	0.9834589958190918	0.8437188863754272	1.577344655990601	0.7281158566474915	1.031737685203552	0.7729192972183228	0.4434268176555634	0.4536198973655701	0.4344732761383057	0.4568691253662109	0.4533711373806	0.4437814950942993	0.5786255598068237	0.4860454201698303	0.4867552816867828	0.4728678166866302	0.1851809471845627	0.3138055503368378	0.5380640625953674	0.4642322361469269	0.4550115168094635	0.658588171005249	0.541918158531189	0.6543083786964417	0.6788659691810608	0.75722736120224	1.007469773292542	0.7124711871147156	0.7303235530853271	0.7458606362342834	0.7766452431678772	0.7662416100502014	0.6340944170951843	0.6099528670310974	0.4870072305202484	0.6174055337905884	0.5363344550132751	0	1.023698210716248	0.4984608292579651	0.3642256557941437	0.4396810233592987	0.4997394979000092	0.4506862759590149	0.4517852067947388	0.4808618128299713	0.514159619808197	0.7017152309417725	0.5049826502799988	0.5991464257240295	0.4618728160858154	0.6096557378768921	0.5642837285995483	0.4592900574207306	0.4640687108039856	0.4510669112205505	0.4447056949138641	0.4970265924930573	0.5360937714576721	0.5006087422370911	0.4326533079147339	0.3908912837505341	0.4679421186447144	0.4865760505199432	0.7861303687095642	0.462069183588028	0.4749640226364136	0.454136073589325	0.4788534045219421	0.5797969698905945	0.4007337093353271	0.5159308314323425	0.6505604982376099	0.4322413802146912	0.3825130760669708	0.4430458247661591	0.516451358795166	0.4949551224708557	0.7468854784965515	0.6951384544372559	0.6017560958862305	0.7235019207000732	0.5544183254241943	0.4538028836250305	0.4474223554134369	0.560051441192627	0.7438555359840393	0.4477065801620483	0.4127546548843384	0.772510290145874	0.7727460265159607	0.506720244884491	0.4430525004863739	0.5644819736480713	0.5377071499824524	0.842944860458374	1.159395217895508
SRR19621176	1.577767968177795	1.834466934204102	1.173977136611938	1.033639788627625	1.104382753372192	1.167919874191284	1.036087036132812	1.158556818962097	2.342624425888062	1.16236412525177	1.116161227226257	1.404345750808716	2.005413055419922	1.183397769927979	1.196745038032532	1.04174280166626	1.039208769798279	1.186060428619385	1.207056999206543	1.175755500793457	1.539705038070679	0.6576042175292969	2.184278964996338	1.226526498794556	0.6833627223968506	0.6967902779579163	1.148521780967712	1.173237323760986	1.091520071029663	1.145755410194397	1.090474724769592	0.9302844405174255	0.8377603888511658	1.118862748146057	0.8999636173248291	1.150222301483154	1.032139897346497	1.016757130622864	0.97913658618927	1.11408269405365	1.169748783111572	1.283408403396606	0.983004629611969	0.7803937792778015	1.092721581459045	1.060537457466125	1.328495979309082	1.095107793807983	0.7022209167480469	0.9326342344284058	1.217346787452698	1.22538959980011	1.174834370613098	1.134263753890991	1.139992475509644	1.134925127029419	0.9919179081916809	1.023698210716248	0	0.9228459596633911	1.067477703094482	1.114142775535583	1.122437715530396	1.14307427406311	1.11289656162262	1.101067066192627	1.11644971370697	0.8974462747573853	1.142903089523315	1.189172863960266	1.171131134033203	1.160407423973083	1.146305799484253	0.9877234101295471	0.9554116129875183	0.993699848651886	1.07148802280426	1.172806859016418	0.8332115411758423	1.046011567115784	1.070446372032166	1.038859605789185	1.113315105438232	1.07851779460907	1.241687417030334	1.155173897743225	1.070429921150208	1.085572838783264	1.126614212989807	1.217557430267334	1.065921545028687	0.8665512800216675	1.261428236961365	1.075279355049133	1.119889736175537	1.086459517478943	1.101382970809937	1.077354311943054	1.237899780273438	1.215100765228271	0.989222526550293	1.23023796081543	1.166526794433594	1.004678249359131	1.13586950302124	1.130779981613159	0.9648325443267822	1.021071553230286	1.065288543701172	0.6587647795677185	0.6242102980613708	1.10263991355896	1.085241913795471	1.131630420684814	1.099208235740662	1.252793073654175	1.383545398712158
SRR19621177	1.101707696914673	1.383387207984924	1.077082633972168	0.508410632610321	0.4458487331867218	0.4893492162227631	0.399203360080719	0.7274479866027832	1.842676758766174	0.5253316164016724	0.5430505871772766	0.9075412750244141	1.597837805747986	0.6322168111801147	0.6292675733566284	0.4705159068107605	0.5225692391395569	0.6004422903060913	0.6700558066368103	0.5982037782669067	1.090833187103271	0.9192699193954468	1.706242442131042	0.8392621874809265	1.090199828147888	0.8595462441444397	0.5816128849983215	0.546470046043396	0.4253394603729248	0.5309012532234192	0.4309202134609222	0.4516275525093079	0.6649563908576965	0.5103929042816162	0.5794610977172852	0.5211994051933289	0.4402247071266174	0.5636089444160461	0.221725806593895	0.462482213973999	0.6789706945419312	0.7945384979248047	0.6756826043128967	0.6312736868858337	0.6874391436576843	0.7762700915336609	0.9477150440216064	0.7487075924873352	0.8100601434707642	0.7734304070472717	0.7657595276832581	0.7982006072998047	0.6284430623054504	0.6231215000152588	0.6251682043075562	0.6054338812828064	0.4394538402557373	0.4984608292579651	0.9228459596633911	0	0.5561162829399109	0.661429226398468	0.6531809568405151	0.6279721260070801	0.4642780721187592	0.5514718294143677	0.5424468517303467	0.6800771951675415	0.5873165726661682	0.7139798998832703	0.6511039733886719	0.5591097474098206	0.6839637756347656	0.5536811351776123	0.433162122964859	0.5237687230110168	0.4763056039810181	0.5476625561714172	0.6432183384895325	0.5480557084083557	0.5511434078216553	0.5090082287788391	0.5470861196517944	0.5626166462898254	0.6229812502861023	0.5675051808357239	0.5237870216369629	0.5705119371414185	0.5605733394622803	0.6697545647621155	0.4374876618385315	0.5037127733230591	0.685480535030365	0.4891462922096252	0.4780350923538208	0.4513006210327148	0.5338298678398132	0.479290634393692	0.6555087566375732	0.6398958563804626	0.5987758040428162	0.6571871042251587	0.6263706684112549	0.5369498133659363	0.5943999886512756	0.6103500723838806	0.7627967596054077	0.5280136466026306	0.5284303426742554	0.8036016821861267	0.7602116465568542	0.4534866511821747	0.3529246151447296	0.4898218512535095	0.5607049465179443	0.7105933427810669	1.214072227478027
SRR19621178	0.9512274265289307	1.292880296707153	0.9005494117736816	0.4959050714969635	0.5936020016670227	0.5788996815681458	0.5748254060745239	0.5754951238632202	1.742473125457764	0.4966489672660828	0.5257420539855957	0.767728328704834	1.357188105583191	0.6537950038909912	0.4211433231830597	0.4919694066047668	0.4174644947052002	0.5677939653396606	0.6368323564529419	0.5490908026695251	1.031800985336304	0.8755196928977966	1.574710249900818	0.7606737613677979	1.030776739120483	0.7555734515190125	0.406277596950531	0.4967292547225952	0.4733964800834656	0.4645665287971497	0.4650059044361115	0.5312849879264832	0.6197509765625	0.4629739224910736	0.5401197075843811	0.4170361161231995	0.3939111232757568	0.4994116723537445	0.6079630255699158	0.5118189454078674	0.4258063435554504	0.6414332985877991	0.6159437894821167	0.7334531545639038	0.6580520868301392	0.7451151013374329	1.085828304290771	0.7172518968582153	0.7603691816329956	0.7612522840499878	0.727308452129364	0.7363238334655762	0.6639730930328369	0.5755590200424194	0.493742436170578	0.5593689680099487	0.5699420571327209	0.3642256557941437	1.067477703094482	0.5561162829399109	0	0.2934050559997559	0.4986368417739868	0.3170263469219208	0.4536533951759338	0.4116672575473785	0.468789279460907	0.7331170439720154	0.552911102771759	0.5258873105049133	0.4972064793109894	0.6049632430076599	0.4455163776874542	0.4143899083137512	0.5874441266059875	0.5097977519035339	0.4934037923812866	0.5595027804374695	0.7146007418632507	0.6638912558555603	0.3929958939552307	0.4414306282997131	0.5199700593948364	0.5281739830970764	0.7692417502403259	0.4512436091899872	0.4542462527751923	0.5111705660820007	0.4681215286254883	0.6266563534736633	0.4209335446357727	0.5344250798225403	0.6150094270706177	0.4483623802661896	0.4856025576591492	0.4333622753620148	0.491857498884201	0.5401787757873535	0.7322862148284912	0.772708535194397	0.6754623651504517	0.7882152199745178	0.6088305711746216	0.5353049635887146	0.496843159198761	0.5976921916007996	0.8294736742973328	0.4976440668106079	0.5295876264572144	0.8791182637214661	0.8625395894050598	0.5445386171340942	0.5460226535797119	0.6178483963012695	0.6043362617492676	0.8241360187530518	1.101842761039734
SRR19621179	0.9795372486114502	1.309940576553345	0.9439849853515625	0.5916466116905212	0.6855567097663879	0.6763724684715271	0.6730055212974548	0.636304497718811	1.713826179504395	0.5864469408988953	0.5983153581619263	0.8076562881469727	1.412268042564392	0.6979403495788574	0.56716388463974	0.5554156303405762	0.4967772960662842	0.6197977066040039	0.6765914559364319	0.6750363111495972	0.9619029760360718	0.927535355091095	1.522552967071533	0.7924121022224426	0.952315628528595	0.7227219939231873	0.5158633589744568	0.5608676671981812	0.5786152482032776	0.5331493616104126	0.5577311515808105	0.5903996229171753	0.684380054473877	0.5885193347930908	0.6509045362472534	0.595111072063446	0.4888116121292114	0.5716763138771057	0.6828382611274719	0.581174910068512	0.4827005565166473	0.7151462435722351	0.666144073009491	0.7977719902992249	0.699258029460907	0.7788392901420593	1.051923155784607	0.7939494252204895	0.8312339186668396	0.8063193559646606	0.7490215301513672	0.7627545595169067	0.7182482481002808	0.614546537399292	0.5265307426452637	0.604133665561676	0.6245794892311096	0.4396810233592987	1.114142775535583	0.661429226398468	0.2934050559997559	0	0.4951243102550507	0.4910779595375061	0.5572535395622253	0.5503482818603516	0.5879242420196533	0.8057445883750916	0.6425239443778992	0.6320830583572388	0.5952783823013306	0.6793094873428345	0.4550459384918213	0.4862006902694702	0.653928816318512	0.604643702507019	0.5931859016418457	0.6479080319404602	0.7588112950325012	0.7006233334541321	0.4322254061698914	0.4879426956176758	0.5653228759765625	0.5345292687416077	0.8170338273048401	0.5005862712860107	0.5050085186958313	0.503021776676178	0.4928975105285645	0.6097131967544556	0.528520941734314	0.6394543647766113	0.7020958065986633	0.4830328226089478	0.598967432975769	0.5753106474876404	0.5258117914199829	0.5356853604316711	0.7744350433349609	0.7733027338981628	0.6997247338294983	0.7931443452835083	0.6431268453598022	0.5918012857437134	0.568246603012085	0.6140629649162292	0.8954299688339233	0.5783894062042236	0.651563286781311	0.938129723072052	0.9275709986686707	0.6233914494514465	0.6089487671852112	0.6267075538635254	0.6252292394638062	0.8345752358436584	1.133926510810852
SRR19621180	1.051129579544067	1.372918486595154	1.095686912536621	0.4802453517913818	0.6638535261154175	0.6549340486526489	0.6138535141944885	0.7107643485069275	1.728590726852417	0.5156688690185547	0.5534648895263672	0.958918571472168	1.511911988258362	0.7627610564231873	0.4859470725059509	0.52952641248703	0.5191239714622498	0.6486142873764038	0.702268123626709	0.6706147789955139	1.022696256637573	0.7693720459938049	1.583443880081177	0.8718978762626648	0.9385793209075928	0.7269077897071838	0.4289286434650421	0.4919100999832153	0.5194254517555237	0.4520049691200256	0.6238151788711548	0.6185929775238037	0.5475860834121704	0.6253824234008789	0.5742070078849792	0.5180394053459167	0.5222587585449219	0.649148166179657	0.686594545841217	0.5475773811340332	0.4696308374404907	0.7277854084968567	0.6281329989433289	0.6685640215873718	0.7522704601287842	0.835593581199646	1.013274192810059	0.8502881526947021	0.8466141819953918	0.8670949935913086	0.8637311458587646	0.9255400896072388	0.8317219614982605	0.7137347459793091	0.2521616518497467	0.6981139779090881	0.686029851436615	0.4997394979000092	1.122437715530396	0.6531809568405151	0.4986368417739868	0.4951243102550507	0	0.4865238070487976	0.5450265407562256	0.6081936955451965	0.6378158330917358	0.7289347648620605	0.5043481588363647	0.609842836856842	0.4053170382976532	0.6626036167144775	0.5697733163833618	0.5639640092849731	0.5384269952774048	0.5285675525665283	0.4967505037784576	0.5168209671974182	0.6255698204040527	0.5711809396743774	0.5144925713539124	0.5528101325035095	0.4528491199016571	0.4734974503517151	0.8860562443733215	0.4174693822860718	0.6144718527793884	0.5386463403701782	0.5514150261878967	0.6120508313179016	0.4893456995487213	0.5813019275665283	0.6793951988220215	0.5450156927108765	0.5351046919822693	0.5555163621902466	0.6359826326370239	0.6592662334442139	0.879780113697052	0.8169108629226685	0.7045224905014038	0.8319275975227356	0.6234076023101807	0.5653181076049805	0.5446820259094238	0.6920953989028931	0.8516730070114136	0.6452810764312744	0.5264742374420166	0.8237074613571167	0.8526204824447632	0.4726448357105255	0.5929309129714966	0.6821284294128418	0.6294910311698914	0.9494521617889404	1.236649394035339
SRR19621181	0.8940626978874207	1.236492395401001	0.8999905586242676	0.4738463163375854	0.5840157866477966	0.6114819645881653	0.5722484588623047	0.7640610933303833	1.7796391248703	0.5037142634391785	0.4591199457645416	0.9064838886260986	1.462361097335815	0.7041180729866028	0.3344764411449432	0.5169549584388733	0.5310788154602051	0.6477560997009277	0.7301424145698547	0.5742296576499939	1.064251065254211	0.8764743804931641	1.618995666503906	0.7911699414253235	1.024673581123352	0.7609361410140991	0.2690246105194092	0.5249291062355042	0.4991715550422668	0.4973524510860443	0.4676540791988373	0.6365982294082642	0.6299441456794739	0.3869950771331787	0.6050779223442078	0.3700748980045319	0.484727680683136	0.5263187289237976	0.6904421448707581	0.5260481834411621	0.545085608959198	0.783765971660614	0.7332825660705566	0.6892188191413879	0.5987581610679626	0.6654239892959595	1.049089312553406	0.6977905035018921	0.7168567180633545	0.7555795311927795	0.8386539220809937	0.8492902517318726	0.724252462387085	0.7511938810348511	0.4870353639125824	0.7248697876930237	0.6691952347755432	0.4506862759590149	1.14307427406311	0.6279721260070801	0.3170263469219208	0.4910779595375061	0.4865238070487976	0	0.5068125128746033	0.4647440314292908	0.5217763781547546	0.6809176206588745	0.4810379445552826	0.61204594373703	0.4183351397514343	0.5028709769248962	0.5371701121330261	0.5273588895797729	0.5608424544334412	0.5122136473655701	0.4654922783374786	0.4508373439311981	0.6652196645736694	0.5997486710548401	0.5786141157150269	0.5831189155578613	0.4673866927623749	0.5679068565368652	0.7467347383499146	0.4728130698204041	0.5046679973602295	0.520063579082489	0.4485257267951965	0.6491979956626892	0.4408665001392365	0.5591391324996948	0.5221867561340332	0.5437789559364319	0.4662308394908905	0.4300612807273865	0.4977218806743622	0.5993894934654236	0.7345768809318542	0.831259548664093	0.7529826760292053	0.8314431309700012	0.5102056860923767	0.507489800453186	0.4493450820446014	0.6129732131958008	0.8658924102783203	0.6228426694869995	0.4913871586322784	0.8349494338035583	0.8305481672286987	0.4715183675289154	0.5944566130638123	0.6981214880943298	0.5906952619552612	0.8021289110183716	1.058133721351624
SRR19621182	1.00308096408844	1.332144498825073	1.082975625991821	0.4633834064006805	0.4451898038387299	0.344320684671402	0.4507246911525726	0.7030928134918213	1.767210006713867	0.3560491800308228	0.5037822127342224	0.8961857557296753	1.555310249328613	0.6343706846237183	0.5158044695854187	0.4554242789745331	0.4827795326709747	0.5149237513542175	0.5930736660957336	0.5208530426025391	1.081338167190552	0.8880358934402466	1.598650217056274	0.8357598781585693	1.108548283576965	0.8788419961929321	0.4816909730434418	0.3624856770038605	0.4339594841003418	0.3832691013813019	0.4077240824699402	0.5048204064369202	0.6372200846672058	0.5063115954399109	0.5182164907455444	0.3746855854988098	0.3859302401542664	0.5451966524124146	0.4859171807765961	0.4044529497623444	0.5520552396774292	0.6942716240882874	0.7017743587493896	0.6648933887481689	0.6816153526306152	0.8646131157875061	1.083984375	0.8125370144844055	0.8773800134658813	0.8474974036216736	0.7384113669395447	0.7963972687721252	0.5886029601097107	0.607338547706604	0.5713147521018982	0.5192387104034424	0.4697015881538391	0.4517852067947388	1.11289656162262	0.4642780721187592	0.4536533951759338	0.5572535395622253	0.5450265407562256	0.5068125128746033	0	0.3504658937454224	0.3596802353858948	0.7219902873039246	0.4792459905147552	0.6036320924758911	0.5527480840682983	0.4882735311985016	0.5754784345626831	0.4968006014823914	0.4554889798164368	0.4912326633930206	0.3763013780117035	0.5410096645355225	0.6839488744735718	0.6456797122955322	0.464398592710495	0.4882050156593323	0.4889019727706909	0.49958735704422	0.780663013458252	0.4064031541347504	0.3325018882751465	0.5140844583511353	0.3925175666809082	0.508769690990448	0.3739044070243835	0.5100610852241516	0.5782315135002136	0.3059003055095673	0.3421383202075958	0.3217773735523224	0.5712956786155701	0.541221022605896	0.7609406113624573	0.5969154238700867	0.5922053456306458	0.5948343276977539	0.6721416115760803	0.5504094958305359	0.582685649394989	0.6860501170158386	0.787543773651123	0.5246030688285828	0.4640388190746307	0.8278555274009705	0.8144527673721313	0.5230717658996582	0.4424669146537781	0.4748620092868805	0.6041149497032166	0.8618389368057251	1.180719614028931
SRR19621183	0.9385382533073425	1.265963792800903	0.9555394053459167	0.5431913733482361	0.5073568820953369	0.5075615048408508	0.5545108914375305	0.6718139052391052	1.778656959533691	0.5637778639793396	0.5125412940979004	0.8373870253562927	1.418756604194641	0.6380444765090942	0.4494851529598236	0.5143359303474426	0.5139665007591248	0.5570034384727478	0.6197372674942017	0.4864415526390076	1.086846351623535	0.916756272315979	1.617213606834412	0.7855739593505859	1.132258892059326	0.8620278239250183	0.4974427223205566	0.5664202570915222	0.539309024810791	0.5559788942337036	0.464167982339859	0.5265159606933594	0.6510668396949768	0.4339650273323059	0.6079846620559692	0.3829074203968048	0.4806538820266724	0.5734739303588867	0.5577789545059204	0.5230559706687927	0.6026298999786377	0.7769163846969604	0.7262603640556335	0.7205278873443604	0.6003462076187134	0.7693477869033813	1.104882001876831	0.7400649785995483	0.8161647915840149	0.7884365916252136	0.746955394744873	0.7919302582740784	0.555844783782959	0.6348878145217896	0.611136257648468	0.5810052752494812	0.4882664382457733	0.4808618128299713	1.101067066192627	0.5514718294143677	0.4116672575473785	0.5503482818603516	0.6081936955451965	0.4647440314292908	0.3504658937454224	0	0.1624414473772049	0.7483248710632324	0.5123797655105591	0.6023264527320862	0.5817801952362061	0.5052065253257751	0.521275520324707	0.4767312407493591	0.5051130652427673	0.4380044043064117	0.3850661516189575	0.599995493888855	0.7450793981552124	0.6762997508049011	0.4978848397731781	0.5259442925453186	0.5387823581695557	0.5908163189888	0.6997727155685425	0.460592657327652	0.4161893129348755	0.5342910289764404	0.458001583814621	0.6684544682502747	0.440291166305542	0.5305427312850952	0.6346777677536011	0.3574689328670502	0.4153391122817993	0.3965023458003998	0.6078616976737976	0.630789041519165	0.8232181668281555	0.709608793258667	0.6779630780220032	0.7040478587150574	0.6820774674415588	0.5336945056915283	0.5892484188079834	0.6626864075660706	0.8349531292915344	0.5347757935523987	0.5458182692527771	0.8922273516654968	0.8745416402816772	0.6042827963829041	0.5283603072166443	0.5201892256736755	0.5984755754470825	0.7675673961639404	1.103123545646667
SRR19621184	0.9311565756797791	1.254136800765991	0.9679250121116638	0.5928129553794861	0.5092230439186096	0.4984212517738342	0.5619862675666809	0.7030802369117737	1.810260534286499	0.5752671957015991	0.570038914680481	0.8170484900474548	1.396904110908508	0.6120297312736511	0.482898473739624	0.5495120882987976	0.5555167198181152	0.5430242419242859	0.6042750477790833	0.4682726860046387	1.082402586936951	0.9591281414031982	1.606940746307373	0.7752939462661743	1.146787405014038	0.8834011554718018	0.5507760643959045	0.5885169506072998	0.5751562118530273	0.5796055197715759	0.4783725738525391	0.5551142692565918	0.6914374232292175	0.4569662809371948	0.6424542665481567	0.4421693384647369	0.4905517101287842	0.5824951529502869	0.5184735059738159	0.546104907989502	0.6582641005516052	0.799720823764801	0.7439357042312622	0.7633295655250549	0.6514487862586975	0.7959460616111755	1.143518567085266	0.7471328377723694	0.8373805284500122	0.8014929890632629	0.7484942674636841	0.8006800413131714	0.5284080505371094	0.6401519775390625	0.6318289637565613	0.5895992517471313	0.4909348785877228	0.514159619808197	1.11644971370697	0.5424468517303467	0.468789279460907	0.5879242420196533	0.6378158330917358	0.5217763781547546	0.3596802353858948	0.1624414473772049	0	0.7718377113342285	0.5533743500709534	0.6587593555450439	0.6183143258094788	0.5244277715682983	0.5664652585983276	0.5133185982704163	0.5488355159759521	0.5043712854385376	0.4246186316013336	0.6442131996154785	0.7741422057151794	0.6878281235694885	0.5141021013259888	0.5258248448371887	0.5932791829109192	0.6173522472381592	0.6822384595870972	0.5064605474472046	0.4540026783943176	0.5621620416641235	0.4731346964836121	0.6701076030731201	0.4767456352710724	0.5498790144920349	0.6739689707756042	0.4048807621002197	0.4314424395561218	0.4220128059387207	0.6526446938514709	0.6368779540061951	0.8189243078231812	0.6719609498977661	0.6648972630500793	0.6714859008789062	0.7038697004318237	0.5976303815841675	0.6198617815971375	0.6771627068519592	0.8392839431762695	0.5639054775238037	0.5722344517707825	0.9223583340644836	0.8940167427062988	0.6553316712379456	0.5408727526664734	0.5020503401756287	0.6283771991729736	0.7541694045066833	1.084082365036011
SRR19621185	1.251912832260132	1.507726550102234	1.060925602912903	0.585971474647522	0.6865243315696716	0.7318389415740967	0.558096170425415	0.8263486623764038	1.965139389038086	0.7242305278778076	0.5932955145835876	1.102705597877502	1.720721006393433	0.9042484760284424	0.7100140452384949	0.6361187696456909	0.6696977019309998	0.7927537560462952	0.8705785870552063	0.8495672345161438	1.213369131088257	0.8045424818992615	1.837183952331543	0.8444847464561462	0.991919994354248	0.8089780211448669	0.6165359616279602	0.7152268886566162	0.5381112098693848	0.6707404255867004	0.6173856258392334	0.5944440364837646	0.5778805613517761	0.6627656221389771	0.6274139285087585	0.6790321469306946	0.7032198309898376	0.6154224872589111	0.7560696005821228	0.6751388311386108	0.7938175201416016	0.920457124710083	0.6629879474639893	0.5216585993766785	0.7811589241027832	0.8534212112426758	1.018405556678772	0.6992960572242737	0.6915381550788879	0.6762964129447937	0.9734745025634766	0.9659621715545654	0.9126458168029785	0.8309797644615173	0.7497684359550476	0.8725730180740356	0.6891270875930786	0.7017152309417725	0.8974462747573853	0.6800771951675415	0.7331170439720154	0.8057445883750916	0.7289347648620605	0.6809176206588745	0.7219902873039246	0.7483248710632324	0.7718377113342285	0	0.5538190007209778	0.6958743929862976	0.6847988963127136	0.6325684785842896	0.7269453406333923	0.5575234293937683	0.5189318656921387	0.6073883175849915	0.6334168910980225	0.7158195376396179	0.5654251575469971	0.570253849029541	0.7377889752388	0.7063144445419312	0.5977299213409424	0.6016450524330139	0.9953211545944214	0.6803287267684937	0.8052410483360291	0.7436026930809021	0.7595272660255432	0.8658522367477417	0.5851972103118896	0.5266810059547424	0.7302111983299255	0.7461537718772888	0.7642925977706909	0.6711652278900146	0.7653420567512512	0.7155806422233582	0.9385012984275818	0.9122846126556396	0.653904139995575	0.9172904491424561	0.6902327537536621	0.5245394706726074	0.6636229753494263	0.6761735677719116	0.6127668023109436	0.6368009448051453	0.6048089265823364	0.7258322238922119	0.7293133735656738	0.6770608425140381	0.6973807215690613	0.745203971862793	0.5974084734916687	1.016961097717285	1.163560152053833
SRR19621186	1.141482710838318	1.461076140403748	1.131760239601135	0.4411487579345703	0.4732185304164886	0.5108073949813843	0.4532682597637177	0.7654145956039429	1.824594378471375	0.4892541468143463	0.3642402291297913	0.9701815843582153	1.611444473266602	0.7679275870323181	0.4678772389888763	0.3963113129138947	0.441509485244751	0.6443459987640381	0.6915309429168701	0.6720396280288696	1.162519216537476	0.8054671287536621	1.700575232505798	0.8792745471000671	1.092819809913635	0.8796384930610657	0.4179843962192535	0.4674524664878845	0.4317382574081421	0.4618322551250458	0.4969887435436249	0.4886251389980316	0.530526876449585	0.478086918592453	0.6126163005828857	0.4490614831447601	0.4594054818153381	0.5926187634468079	0.648371696472168	0.4430162608623505	0.53113853931427	0.5986267328262329	0.5183117985725403	0.550268828868866	0.7863167524337769	0.8629377484321594	1.081761598587036	0.7335047125816345	0.7730718851089478	0.7327853441238403	0.9230936169624329	0.9634810090065002	0.8335759043693542	0.7361676692962646	0.5574047565460205	0.7164074182510376	0.6388526558876038	0.5049826502799988	1.142903089523315	0.5873165726661682	0.552911102771759	0.6425239443778992	0.5043481588363647	0.4810379445552826	0.4792459905147552	0.5123797655105591	0.5533743500709534	0.5538190007209778	0	0.2803917825222015	0.4797230064868927	0.467108428478241	0.6400273442268372	0.5225532054901123	0.4411598443984985	0.3455115258693695	0.3076326251029968	0.495963454246521	0.521949827671051	0.4276052713394165	0.5104061365127563	0.5311484336853027	0.4091542363166809	0.5215449929237366	0.8275429606437683	0.330263614654541	0.6293109059333801	0.5965853333473206	0.5596638321876526	0.6827092170715332	0.4480789005756378	0.5363102555274963	0.6120335459709167	0.5605732798576355	0.4758345186710358	0.4638286530971527	0.6137042045593262	0.6130356192588806	0.8071975708007812	0.7696155309677124	0.7149286270141602	0.7849988341331482	0.4947115778923035	0.4736963510513306	0.4467864036560059	0.637068510055542	0.6873382329940796	0.4434259533882141	0.2920388877391815	0.7036908268928528	0.7228763103485107	0.4390648603439331	0.5286166667938232	0.6785499453544617	0.4962269067764282	0.896203339099884	1.224407315254211
SRR19621187	1.243369817733765	1.564009666442871	0.9418173432350159	0.580654501914978	0.6332546472549438	0.6328004598617554	0.6081314086914062	0.700714111328125	1.88553261756897	0.6063741445541382	0.5166887044906616	0.9835098385810852	1.415578484535217	0.8690009713172913	0.6340194344520569	0.5114525556564331	0.4600709974765778	0.7824192643165588	0.7673103809356689	0.7882498502731323	1.256783127784729	0.9057009816169739	1.804109692573547	0.9889124035835266	1.199671983718872	0.9883384108543396	0.5819748044013977	0.6098741292953491	0.5496482849121094	0.6003624200820923	0.631208062171936	0.5703966021537781	0.642260730266571	0.619148313999176	0.7025997638702393	0.5970025062561035	0.5815070867538452	0.7068703770637512	0.770318865776062	0.5666370391845703	0.4082561433315277	0.394739955663681	0.513020396232605	0.6758891940116882	0.8851526975631714	0.9578737020492554	1.189036726951599	0.8497772216796875	0.8927298188209534	0.8423701524734497	0.7277355194091797	0.8388623595237732	0.9034417867660522	0.6188747882843018	0.687511682510376	0.737714946269989	0.6973335742950439	0.5991464257240295	1.189172863960266	0.7139798998832703	0.5258873105049133	0.6320830583572388	0.609842836856842	0.61204594373703	0.6036320924758911	0.6023264527320862	0.6587593555450439	0.6958743929862976	0.2803917825222015	0	0.609776496887207	0.6039358973503113	0.5812916159629822	0.5103005170822144	0.5902379155158997	0.489808201789856	0.4752257764339447	0.6327729821205139	0.6496837139129639	0.6094288229942322	0.4868892133235931	0.5458831787109375	0.5677584409713745	0.6534240245819092	0.9376596808433533	0.4608733654022217	0.6725906133651733	0.6741418242454529	0.6513170003890991	0.7791664004325867	0.5731441974639893	0.6613506078720093	0.7384094595909119	0.6294665932655334	0.6104056239128113	0.5872460603713989	0.6811230778694153	0.7371677160263062	0.9029808640480042	0.897704005241394	0.837361216545105	0.9201509952545166	0.6465526819229126	0.5779910683631897	0.5864160060882568	0.7545456290245056	0.7883641123771667	0.4937637150287628	0.4752292335033417	0.8246227502822876	0.8334171175956726	0.6035846471786499	0.6618241667747498	0.8078567385673523	0.6160133481025696	1.007770419120789	1.314280867576599
SRR19621188	1.030381798744202	1.359530210494995	1.055271863937378	0.4830453097820282	0.6615634560585022	0.6607084274291992	0.6452837586402893	0.7686355710029602	1.772053122520447	0.4827323853969574	0.4630653560161591	0.9459879994392395	1.520584225654602	0.7678391933441162	0.4357314705848694	0.4742798507213593	0.5028594732284546	0.631041944026947	0.6864572167396545	0.6467664241790771	1.060181975364685	0.8542004227638245	1.63490903377533	0.8505949974060059	1.043220162391663	0.8405187726020813	0.366647332906723	0.5043244957923889	0.5104277729988098	0.4748636484146118	0.5647256374359131	0.6525093913078308	0.6026996374130249	0.5408665537834167	0.6027171015739441	0.4463091790676117	0.4922873377799988	0.6247891783714294	0.6988279819488525	0.5442525744438171	0.4275064468383789	0.7751598358154297	0.6986397504806519	0.7197551727294922	0.7303062081336975	0.7882494926452637	1.022448539733887	0.7917619347572327	0.7704142332077026	0.7944374084472656	0.8736628890037537	0.9154347777366638	0.7976807355880737	0.7329363226890564	0.3334862291812897	0.6987331509590149	0.6927762031555176	0.4618728160858154	1.171131134033203	0.6511039733886719	0.4972064793109894	0.5952783823013306	0.4053170382976532	0.4183351397514343	0.5527480840682983	0.5817801952362061	0.6183143258094788	0.6847988963127136	0.4797230064868927	0.609776496887207	0	0.5967709422111511	0.590800404548645	0.5790752172470093	0.5519446134567261	0.5092045664787292	0.4260087013244629	0.4231567978858948	0.6061345934867859	0.4931336939334869	0.5417325496673584	0.5201696157455444	0.43845534324646	0.5421387553215027	0.7918775081634521	0.418077141046524	0.6375043988227844	0.5797185897827148	0.5416463613510132	0.6301584243774414	0.4417816400527954	0.5832884311676025	0.5304581522941589	0.5829848051071167	0.4916009306907654	0.5130187273025513	0.4940614104270935	0.588964581489563	0.7414453625679016	0.8228338360786438	0.7375107407569885	0.8291404247283936	0.5475838780403137	0.5064127445220947	0.3875755369663239	0.6131388545036316	0.8678607940673828	0.6156159639358521	0.4605325162410736	0.861811637878418	0.8435807228088379	0.4899914860725403	0.5747266411781311	0.6376068592071533	0.5607984662055969	0.8484064340591431	1.148079991340637
SRR19621189	1.017744064331055	1.33048415184021	1.059255480766296	0.5369733572006226	0.3562302887439728	0.3523047268390656	0.3816305696964264	0.8019602298736572	1.888720989227295	0.623124897480011	0.4324242174625397	0.9927708506584167	1.646090865135193	0.734366774559021	0.5515636205673218	0.4903392791748047	0.5540174841880798	0.650208055973053	0.7260764241218567	0.6307133436203003	1.196980834007263	0.9298704266548157	1.753496050834656	0.9051151871681213	1.15245246887207	0.9366599917411804	0.4911707639694214	0.5510565042495728	0.4208195805549622	0.5399020314216614	0.3769309222698212	0.4687486588954926	0.6773735880851746	0.4397600591182709	0.6820902228355408	0.4248725473880768	0.5423259735107422	0.644339382648468	0.5638386607170105	0.4594969153404236	0.686336874961853	0.7570041418075562	0.6941145658493042	0.6441957950592041	0.6756625175476074	0.8596317172050476	1.132966160774231	0.6990508437156677	0.776584804058075	0.6822836995124817	0.7867432832717896	0.8052047491073608	0.680536150932312	0.7276272177696228	0.6684752702713013	0.6835122108459473	0.5245601534843445	0.6096557378768921	1.160407423973083	0.5591097474098206	0.6049632430076599	0.6793094873428345	0.6626036167144775	0.5028709769248962	0.4882735311985016	0.5052065253257751	0.5244277715682983	0.6325684785842896	0.467108428478241	0.6039358973503113	0.5967709422111511	0	0.5686153769493103	0.5554551482200623	0.4805065989494324	0.5017079710960388	0.4324203729629517	0.5772882103919983	0.6652917861938477	0.5632026791572571	0.6362748146057129	0.6324817538261414	0.5287830829620361	0.6443315744400024	0.8211203813552856	0.5680401921272278	0.4467294812202454	0.55910724401474	0.4848683774471283	0.7581403255462646	0.4626723229885101	0.5434122085571289	0.6239336133003235	0.5144292116165161	0.4256086647510529	0.3737606406211853	0.5982383489608765	0.5986548066139221	0.7960459589958191	0.7565544247627258	0.7394620776176453	0.7489866614341736	0.4610195755958557	0.5033015608787537	0.512530505657196	0.6125013828277588	0.7525770664215088	0.4913507401943207	0.4423871338367462	0.8638468384742737	0.7936142086982727	0.6112202405929565	0.4786593317985535	0.5293223857879639	0.5044777393341064	0.887866735458374	1.24950122833252
SRR19621190	0.9352192282676697	1.239335179328918	0.8230189085006714	0.6253690719604492	0.6492278575897217	0.6831141710281372	0.6250496506690979	0.5627442598342896	1.751747608184814	0.6234352588653564	0.567395806312561	0.8019449710845947	1.318218588829041	0.6801588535308838	0.5911251902580261	0.5834330916404724	0.5285007953643799	0.5860381126403809	0.6412999033927917	0.6135769486427307	1.008388042449951	0.893928587436676	1.565790176391602	0.8282873034477234	1.048545598983765	0.8271404504776001	0.5192475318908691	0.6172752976417542	0.5665843486785889	0.6008492112159729	0.5357330441474915	0.6029852628707886	0.6686404943466187	0.5813998579978943	0.6643491387367249	0.5840567350387573	0.6209400296211243	0.6930254697799683	0.6887398958206177	0.5943572521209717	0.5109449028968811	0.7340282797813416	0.6572437286376953	0.7613051533699036	0.6816563606262207	0.751963198184967	1.045881390571594	0.790096640586853	0.8187193870544434	0.7614493370056152	0.6243408918380737	0.6398799419403076	0.6908454298973083	0.5254853963851929	0.5894327759742737	0.6077454090118408	0.5756475925445557	0.5642837285995483	1.146305799484253	0.6839637756347656	0.4455163776874542	0.4550459384918213	0.5697733163833618	0.5371701121330261	0.5754784345626831	0.521275520324707	0.5664652585983276	0.7269453406333923	0.6400273442268372	0.5812916159629822	0.590800404548645	0.5686153769493103	0	0.3434889316558838	0.6294667720794678	0.6290377974510193	0.5964705348014832	0.6401819586753845	0.7908610105514526	0.6487244963645935	0.4823582172393799	0.5165974497795105	0.5215861797332764	0.5530135631561279	0.785778820514679	0.5592122673988342	0.495893120765686	0.4651447832584381	0.4316072762012482	0.6600521802902222	0.4813028275966644	0.6120219826698303	0.5917106866836548	0.4977221488952637	0.6267313361167908	0.5682608485221863	0.5656582713127136	0.6125907897949219	0.796002209186554	0.801659107208252	0.7148799300193787	0.8330231904983521	0.5935288071632385	0.552977979183197	0.6116711497306824	0.6216910481452942	0.8987599611282349	0.5688313245773315	0.6655645370483398	0.930543065071106	0.914639949798584	0.6223723888397217	0.6660407185554504	0.6029221415519714	0.5842421650886536	0.8428789377212524	1.180849313735962
SRR19621191	1.02079701423645	1.282312035560608	0.831803023815155	0.4550463557243347	0.5426867604255676	0.5507939457893372	0.4324783384799957	0.5290576815605164	1.790390253067017	0.5544949769973755	0.5095952153205872	0.8163512349128723	1.412442088127136	0.7078678607940674	0.5738478899002075	0.5423499941825867	0.4620488286018372	0.5625348687171936	0.6354743838310242	0.6381141543388367	1.019864320755005	0.7478063702583313	1.620249032974243	0.7354487180709839	0.9765255451202393	0.7393239736557007	0.4973621368408203	0.5318176746368408	0.4412989616394043	0.5017873644828796	0.4831957519054413	0.4356532096862793	0.4765790104866028	0.5564360618591309	0.4810366630554199	0.5127223134040833	0.510648250579834	0.5332546830177307	0.6047667264938354	0.5394075512886047	0.507281482219696	0.6839260458946228	0.4898424744606018	0.5420727133750916	0.6490013599395752	0.7543294429779053	0.9687612056732178	0.6611078381538391	0.7055554986000061	0.701575756072998	0.6882139444351196	0.6665613651275635	0.6606936454772949	0.5526350736618042	0.5933003425598145	0.6089802980422974	0.4614734649658203	0.4592900574207306	0.9877234101295471	0.5536811351776123	0.4143899083137512	0.4862006902694702	0.5639640092849731	0.5273588895797729	0.4968006014823914	0.4767312407493591	0.5133185982704163	0.5575234293937683	0.5225532054901123	0.5103005170822144	0.5790752172470093	0.5554551482200623	0.3434889316558838	0	0.4472671151161194	0.5203962922096252	0.5079758763313293	0.6012848615646362	0.5978525280952454	0.5776114463806152	0.399064302444458	0.4295894801616669	0.4833837449550629	0.4222227334976196	0.8172115683555603	0.4597076177597046	0.4855415821075439	0.5027320384979248	0.4613348245620728	0.6765365600585938	0.3868608772754669	0.4130284786224365	0.6126337647438049	0.4277791678905487	0.5395671129226685	0.4757409691810608	0.5835393667221069	0.5812042355537415	0.8114334940910339	0.787778377532959	0.6520491242408752	0.8216924667358398	0.6465793251991272	0.3834170997142792	0.6140597462654114	0.6185017228126526	0.7560093402862549	0.4705810248851776	0.5672904253005981	0.738059937953949	0.7315927743911743	0.5804476141929626	0.5644015669822693	0.6563359498977661	0.5277049541473389	0.8899898529052734	1.22624409198761
SRR19621192	1.136803507804871	1.397071838378906	1.00838041305542	0.3252502679824829	0.48102667927742	0.517302930355072	0.379506379365921	0.7028583288192749	1.88240659236908	0.5323888659477234	0.4082667827606201	1.014378786087036	1.664531588554382	0.7232556343078613	0.5271004438400269	0.4238546192646027	0.4709400534629822	0.6514027118682861	0.7381476163864136	0.6630948185920715	1.078695774078369	0.7202928066253662	1.73225998878479	0.7773646116256714	0.9827775955200195	0.7579876184463501	0.4507279694080353	0.4597892463207245	0.3799735307693481	0.4804007709026337	0.4542522430419922	0.3568207919597626	0.4628569781780243	0.4431376159191132	0.4684833884239197	0.4061861038208008	0.4454109966754913	0.4871044754981995	0.4715820848941803	0.4984193742275238	0.5938065052032471	0.7266690135002136	0.5179069042205811	0.4097679555416107	0.5644711852073669	0.749963104724884	0.9390104413032532	0.6602200269699097	0.6685441136360168	0.6622059941291809	0.805462658405304	0.8458797931671143	0.6959628462791443	0.6703668236732483	0.5741375684738159	0.6804817914962769	0.4700510203838348	0.4640687108039856	0.9554116129875183	0.433162122964859	0.5874441266059875	0.653928816318512	0.5384269952774048	0.5608424544334412	0.4554889798164368	0.5051130652427673	0.5488355159759521	0.5189318656921387	0.4411598443984985	0.5902379155158997	0.5519446134567261	0.4805065989494324	0.6294667720794678	0.4472671151161194	0	0.3785934746265411	0.3057566285133362	0.5044631958007812	0.433770626783371	0.4050166010856628	0.548973560333252	0.4957258403301239	0.4047115743160248	0.4454317092895508	0.8385245800018311	0.4983617067337036	0.5497785806655884	0.5603007674217224	0.566378653049469	0.6722441911697388	0.40432009100914	0.39684197306633	0.6251832842826843	0.4755608737468719	0.436518132686615	0.415474146604538	0.5866143107414246	0.5765359997749329	0.8187801241874695	0.723130464553833	0.6061003804206848	0.7132362127304077	0.5555973649024963	0.3405344188213348	0.5131151676177979	0.5642270445823669	0.6802539229393005	0.4727048575878143	0.402788370847702	0.637639045715332	0.6669357419013977	0.4222550392150879	0.3571876585483551	0.5297095775604248	0.4436243772506714	0.9079764485359192	1.252498388290405
SRR19621193	1.10890805721283	1.406318187713623	1.086297273635864	0.441330760717392	0.4844604730606079	0.5486732721328735	0.468734472990036	0.6960741877555847	1.844003438949585	0.5274575352668762	0.3843219876289368	0.9423697590827942	1.604690194129944	0.6953815221786499	0.4951089322566986	0.4021868407726288	0.4361529648303986	0.5847795605659485	0.6318343877792358	0.596651017665863	1.134736180305481	0.7206200361251831	1.689976334571838	0.8302488923072815	0.9776352047920227	0.740844190120697	0.4763625860214233	0.5190536975860596	0.4227110743522644	0.5056023001670837	0.473051130771637	0.4549730718135834	0.4218155145645142	0.4468218386173248	0.5892241597175598	0.4518032371997833	0.3800693154335022	0.5484562516212463	0.5821321606636047	0.464915931224823	0.6052697896957397	0.7236648201942444	0.6072105169296265	0.5302423238754272	0.7094365954399109	0.8193421959877014	1.063517570495605	0.6783024668693542	0.683022141456604	0.6797090768814087	0.8226420283317566	0.8668155670166016	0.7373807430267334	0.682191789150238	0.5469707250595093	0.6749114394187927	0.5737234950065613	0.4510669112205505	0.993699848651886	0.5237687230110168	0.5097977519035339	0.604643702507019	0.5285675525665283	0.5122136473655701	0.4912326633930206	0.4380044043064117	0.5043712854385376	0.6073883175849915	0.3455115258693695	0.489808201789856	0.5092045664787292	0.5017079710960388	0.6290377974510193	0.5203962922096252	0.3785934746265411	0	0.2766328155994415	0.5240767002105713	0.5472709536552429	0.4865666329860687	0.4945723116397858	0.4981245100498199	0.4636154770851135	0.5543886423110962	0.8051555156707764	0.3907428979873657	0.5838678479194641	0.5662240982055664	0.5378236174583435	0.6927402019500732	0.3931682705879211	0.3930774033069611	0.6307066679000854	0.510711669921875	0.4875550270080566	0.4603381752967834	0.6104300022125244	0.5791367292404175	0.8029789924621582	0.7285618185997009	0.6405064463615417	0.7627140283584595	0.534609854221344	0.4175397157669067	0.4569563865661621	0.569638729095459	0.7087422013282776	0.4616869390010834	0.4043900072574615	0.7387561798095703	0.7280680537223816	0.4967569410800934	0.4753155112266541	0.5951875448226929	0.4433502852916718	0.8797534704208374	1.20764148235321
SRR19621194	1.097707986831665	1.409330487251282	1.099789381027222	0.3825322389602661	0.4647326767444611	0.4654887616634369	0.4650385975837708	0.7049154043197632	1.787337303161621	0.4386099278926849	0.4004687964916229	0.9261146187782288	1.594368815422058	0.6762871146202087	0.455626517534256	0.3808261454105377	0.4176220893859863	0.5806402564048767	0.6389793157577515	0.5829344391822815	1.14111602306366	0.7943778038024902	1.690231084823608	0.8663800954818726	1.071821451187134	0.8664280772209167	0.3998318016529083	0.4176435470581055	0.4030512273311615	0.412456601858139	0.4543498158454895	0.4927177727222443	0.5107887983322144	0.4398381412029266	0.5757718086242676	0.3380210995674133	0.3717823028564453	0.6026771068572998	0.4909960329532623	0.4367587566375732	0.5016450881958008	0.6708045601844788	0.6356870532035828	0.5869129300117493	0.6747764945030212	0.8350239396095276	1.076851963996887	0.7243678569793701	0.73602294921875	0.7335282564163208	0.8078230023384094	0.8817254900932312	0.6936141848564148	0.6591762900352478	0.5164908170700073	0.6229670643806458	0.5470292568206787	0.4447056949138641	1.07148802280426	0.4763056039810181	0.4934037923812866	0.5931859016418457	0.4967505037784576	0.4654922783374786	0.3763013780117035	0.3850661516189575	0.4246186316013336	0.6334168910980225	0.3076326251029968	0.4752257764339447	0.4260087013244629	0.4324203729629517	0.5964705348014832	0.5079758763313293	0.3057566285133362	0.2766328155994415	0	0.4372497200965881	0.5615816116333008	0.5024999380111694	0.4566737711429596	0.4620504975318909	0.381966769695282	0.5098699331283569	0.7525898218154907	0.3381339013576508	0.4780368208885193	0.5354692935943604	0.4516654014587402	0.6317187547683716	0.3650358021259308	0.4653928577899933	0.5596408843994141	0.4332543015480042	0.3620443940162659	0.3723759949207306	0.5243421792984009	0.5664666295051575	0.7316316366195679	0.6970223784446716	0.6463319659233093	0.6680490970611572	0.5240286588668823	0.4276747703552246	0.4072068929672241	0.5890968441963196	0.7245548963546753	0.5006307363510132	0.3819248676300049	0.7653332948684692	0.7761059403419495	0.4389853179454803	0.3965272009372711	0.5034852027893066	0.5017251968383789	0.8247182965278625	1.167962074279785
SRR19621195	1.111904859542847	1.441454529762268	1.117013335227966	0.4943754076957703	0.673891544342041	0.6520311236381531	0.6328049302101135	0.8353474736213684	1.811112761497498	0.4709722399711609	0.3955703377723694	1.031895279884338	1.609769344329834	0.7753452062606812	0.4296741485595703	0.473596066236496	0.5338794589042664	0.6797890067100525	0.7559177875518799	0.6635843515396118	1.088089227676392	0.8817989230155945	1.695942640304565	0.8715112805366516	1.123560190200806	0.8771911859512329	0.3844281136989594	0.4738174974918365	0.502568781375885	0.4823049008846283	0.5495885610580444	0.6214772462844849	0.6345533728599548	0.4860211312770844	0.6270477175712585	0.4536489546298981	0.5065783858299255	0.6308228373527527	0.6178430914878845	0.5295939445495605	0.5301077961921692	0.7802960872650146	0.7544991970062256	0.6788710951805115	0.7384358644485474	0.7590238451957703	0.9172598719596863	0.7864714860916138	0.8063903450965881	0.8052345514297485	0.9331241250038147	0.9775812029838562	0.8662097454071045	0.7539345622062683	0.5118721127510071	0.7549317479133606	0.7261035442352295	0.4970265924930573	1.172806859016418	0.5476625561714172	0.5595027804374695	0.6479080319404602	0.5168209671974182	0.4508373439311981	0.5410096645355225	0.599995493888855	0.6442131996154785	0.7158195376396179	0.495963454246521	0.6327729821205139	0.4231567978858948	0.5772882103919983	0.6401819586753845	0.6012848615646362	0.5044631958007812	0.5240767002105713	0.4372497200965881	0	0.5723416209220886	0.4579590857028961	0.571881890296936	0.5633288621902466	0.4301678538322449	0.574192225933075	0.6962472796440125	0.441254049539566	0.605631947517395	0.5054805874824524	0.5314788818359375	0.6253899335861206	0.4143615961074829	0.5974876284599304	0.5359337329864502	0.6248509287834167	0.4780005812644958	0.5128411650657654	0.4639095664024353	0.5953250527381897	0.6879191994667053	0.8343396782875061	0.752425491809845	0.8300708532333374	0.5980505347251892	0.4633756875991821	0.4736336171627045	0.6704199910163879	0.8702976107597351	0.6069089770317078	0.4820384085178375	0.8405125141143799	0.7935011982917786	0.3458437025547028	0.3510718643665314	0.5678460597991943	0.5343679189682007	0.7857944965362549	1.183721661567688
SRR19621196	1.254745721817017	1.526121497154236	0.9557652473449707	0.5253861546516418	0.6663404107093811	0.7126010656356812	0.5550203323364258	0.8547214865684509	2.015063285827637	0.6789067387580872	0.5225467085838318	1.127111077308655	1.736758947372437	0.9157949090003967	0.6694666743278503	0.4816085696220398	0.5553032159805298	0.7995942234992981	0.8797506093978882	0.8531997799873352	1.180659055709839	0.566679060459137	1.82641613483429	0.810971200466156	0.8130287528038025	0.6026634573936462	0.6234691739082336	0.658302366733551	0.5542875528335571	0.655323326587677	0.6448549628257751	0.5105995535850525	0.3899520635604858	0.6493359208106995	0.421694815158844	0.6562533974647522	0.5582376718521118	0.4695456922054291	0.7231575846672058	0.6026362180709839	0.6551464200019836	0.7660154104232788	0.4469220340251923	0.3030001521110535	0.7476655840873718	0.6656102538108826	0.9766014814376831	0.6124390363693237	0.4856749176979065	0.4873078465461731	0.9907752871513367	1.002439022064209	0.9195956587791443	0.8224309682846069	0.6392226815223694	0.846158504486084	0.6866074204444885	0.5360937714576721	0.8332115411758423	0.6432183384895325	0.7146007418632507	0.7588112950325012	0.6255698204040527	0.6652196645736694	0.6839488744735718	0.7450793981552124	0.7741422057151794	0.5654251575469971	0.521949827671051	0.6496837139129639	0.6061345934867859	0.6652917861938477	0.7908610105514526	0.5978525280952454	0.433770626783371	0.5472709536552429	0.5615816116333008	0.5723416209220886	0	0.3462911546230316	0.6670477986335754	0.6058647632598877	0.5879939198493958	0.580757200717926	0.9677659273147583	0.6256368160247803	0.7553855180740356	0.6661932468414307	0.7307927012443542	0.789332389831543	0.5921555757522583	0.4909384548664093	0.7941070795059204	0.7037676572799683	0.6273559331893921	0.6360782384872437	0.7340639233589172	0.7075458765029907	0.9490558505058289	0.8903119564056396	0.7295665740966797	0.9283096194267273	0.6111400127410889	0.4759984612464905	0.5747644305229187	0.6893693804740906	0.7301084399223328	0.5468291640281677	0.4763512015342712	0.4630230069160461	0.4306269288063049	0.599671483039856	0.5737593770027161	0.7468716502189636	0.5163553357124329	1.038280129432678	1.345686912536621
SRR19621197	1.166078925132751	1.423340082168579	1.072964191436768	0.5001318454742432	0.5481878519058228	0.6646735668182373	0.4637461602687836	0.7857112884521484	1.9242262840271	0.6231350302696228	0.4221466779708862	1.044863939285278	1.672540426254272	0.8013816475868225	0.6062984466552734	0.4220276176929474	0.5138669610023499	0.7261123657226562	0.7981266975402832	0.7562064528465271	1.07269811630249	0.8135880827903748	1.751861214637756	0.8296899199485779	1.011337876319885	0.8108850717544556	0.5538838505744934	0.616860568523407	0.493094801902771	0.5889171361923218	0.5528455972671509	0.4302853643894196	0.5715640783309937	0.5649200677871704	0.6213391423225403	0.6142175197601318	0.5246055722236633	0.5163705945014954	0.6139793992042542	0.5328720808029175	0.6196931004524231	0.746573269367218	0.4736084938049316	0.5544490218162537	0.7065653204917908	0.7418471574783325	0.9750921130180359	0.6594423651695251	0.6755396127700806	0.5856174826622009	0.906019926071167	0.9214825630187988	0.8162039518356323	0.7626914381980896	0.5283650159835815	0.7771323919296265	0.6178606152534485	0.5006087422370911	1.046011567115784	0.5480557084083557	0.6638912558555603	0.7006233334541321	0.5711809396743774	0.5997486710548401	0.6456797122955322	0.6762997508049011	0.6878281235694885	0.570253849029541	0.4276052713394165	0.6094288229942322	0.4931336939334869	0.5632026791572571	0.6487244963645935	0.5776114463806152	0.4050166010856628	0.4865666329860687	0.5024999380111694	0.4579590857028961	0.3462911546230316	0	0.6132364869117737	0.5425049066543579	0.5269947648048401	0.5431364178657532	0.8360967040061951	0.5806635022163391	0.7081775665283203	0.5805966854095459	0.6655977368354797	0.6694889664649963	0.5016248822212219	0.5318388938903809	0.6524441838264465	0.6694226264953613	0.5767726898193359	0.5962809920310974	0.5846174955368042	0.5776253938674927	0.7611818313598633	0.8034068942070007	0.677742600440979	0.8394011259078979	0.4117283821105957	0.4312991797924042	0.4527247250080109	0.5324460864067078	0.7094866037368774	0.4412005543708801	0.3935587108135223	0.7475831508636475	0.6834709048271179	0.5279265642166138	0.4631993472576141	0.5456279516220093	0.3762409389019012	0.89983069896698	1.270384192466736
SRR19621198	1.03337574005127	1.361811280250549	0.9894140362739563	0.5561120510101318	0.5721648931503296	0.5820290446281433	0.5750007033348083	0.5590135455131531	1.727745890617371	0.4482429921627045	0.4954366087913513	0.7173166871070862	1.39030909538269	0.6326906085014343	0.599542498588562	0.4225967228412628	0.3766312003135681	0.5488544106483459	0.5639147162437439	0.6226808428764343	1.04603123664856	0.8543421626091003	1.598244547843933	0.8129732012748718	1.09609580039978	0.880189836025238	0.5524793863296509	0.4936326146125793	0.4947717487812042	0.4783527255058289	0.5057363510131836	0.5189533829689026	0.5681365132331848	0.5664877891540527	0.608337938785553	0.5802007913589478	0.4324179887771606	0.5916799902915955	0.5727648735046387	0.4337141215801239	0.4171705842018127	0.608853280544281	0.5878039598464966	0.6993114352226257	0.7790674567222595	0.8518118262290955	1.097619771957397	0.8204003572463989	0.8496694564819336	0.8452690839767456	0.6735386848449707	0.7234178185462952	0.6751102209091187	0.4812162220478058	0.4803224503993988	0.4947264492511749	0.4933158457279205	0.4326533079147339	1.070446372032166	0.5511434078216553	0.3929958939552307	0.4322254061698914	0.5144925713539124	0.5786141157150269	0.464398592710495	0.4978848397731781	0.5141021013259888	0.7377889752388	0.5104061365127563	0.4868892133235931	0.5417325496673584	0.6362748146057129	0.4823582172393799	0.399064302444458	0.548973560333252	0.4945723116397858	0.4566737711429596	0.571881890296936	0.6670477986335754	0.6132364869117737	0	0.2030865550041199	0.5137076377868652	0.4684410989284515	0.7653611302375793	0.3870694041252136	0.47026327252388	0.4560043513774872	0.4232578873634338	0.4826082587242126	0.3752423822879791	0.5357898473739624	0.6434876322746277	0.4518113434314728	0.5201834440231323	0.5058822631835938	0.564325213432312	0.5522622466087341	0.8100349903106689	0.6466724276542664	0.5909490585327148	0.6634609699249268	0.6742751002311707	0.4514796137809753	0.6181811094284058	0.7198746204376221	0.7982790470123291	0.4800112247467041	0.5417411923408508	0.8467742204666138	0.8559414744377136	0.5710486173629761	0.5218744277954102	0.5790369510650635	0.5311050415039062	0.8458330035209656	1.208089113235474
SRR19621199	1.059675335884094	1.356303215026855	0.9687449932098389	0.515442430973053	0.5430752635002136	0.6060742735862732	0.5480476021766663	0.5858713984489441	1.760584115982056	0.466415137052536	0.482166975736618	0.7268537878990173	1.412254691123962	0.6239579916000366	0.6025388836860657	0.3965893983840942	0.3854349553585052	0.5564821362495422	0.6047119498252869	0.641004741191864	1.033953905105591	0.8553242087364197	1.631343483924866	0.8162646889686584	1.076375246047974	0.8676815032958984	0.5489811301231384	0.511896014213562	0.4805913269519806	0.5120731592178345	0.4928277730941772	0.4742106199264526	0.5869069695472717	0.5545710325241089	0.5819794535636902	0.5749144554138184	0.425918310880661	0.5438573360443115	0.5497686862945557	0.4536602199077606	0.4690362215042114	0.641477108001709	0.5632585883140564	0.6712595224380493	0.7647383809089661	0.8441906571388245	1.070491790771484	0.7936233878135681	0.799868643283844	0.8190093040466309	0.6451369524002075	0.7049927115440369	0.6228126287460327	0.4651628732681274	0.4751423597335815	0.4853444695472717	0.4454526603221893	0.3908912837505341	1.038859605789185	0.5090082287788391	0.4414306282997131	0.4879426956176758	0.5528101325035095	0.5831189155578613	0.4882050156593323	0.5259442925453186	0.5258248448371887	0.7063144445419312	0.5311484336853027	0.5458831787109375	0.5201696157455444	0.6324817538261414	0.5165974497795105	0.4295894801616669	0.4957258403301239	0.4981245100498199	0.4620504975318909	0.5633288621902466	0.6058647632598877	0.5425049066543579	0.2030865550041199	0	0.5099760293960571	0.4879784286022186	0.755115270614624	0.4757190346717834	0.4976907074451447	0.4641763269901276	0.4610537588596344	0.5098843574523926	0.4087550044059753	0.486087441444397	0.6507104635238647	0.4663859605789185	0.5247867703437805	0.5155861973762512	0.5491030812263489	0.5394311547279358	0.808799684047699	0.6320738196372986	0.5488200187683105	0.6560248732566833	0.6375463008880615	0.4368516504764557	0.6045430898666382	0.6838045120239258	0.7577398419380188	0.4350209534168243	0.5050086975097656	0.8139273524284363	0.8245947957038879	0.5565621852874756	0.4684314727783203	0.5536470413208008	0.4970694780349731	0.8304399847984314	1.209110617637634
SRR19621200	1.023838639259338	1.32303524017334	0.9998397827148438	0.3333583474159241	0.5785506367683411	0.5830077528953552	0.5228161215782166	0.7178824543952942	1.743413090705872	0.5006169676780701	0.388413280248642	0.9753536581993103	1.559270143508911	0.7395316958427429	0.3663931787014008	0.4567214846611023	0.5217191576957703	0.6240440011024475	0.731289803981781	0.6470332741737366	0.9956079721450806	0.7524930238723755	1.592377424240112	0.7930140495300293	0.9638394713401794	0.742953896522522	0.3060365319252014	0.4421227872371674	0.3860622048377991	0.3719334602355957	0.5133360028266907	0.5573740005493164	0.5256079435348511	0.4897558689117432	0.5020501017570496	0.381059318780899	0.4634791910648346	0.6137217283248901	0.6119245290756226	0.5042741894721985	0.5049207210540771	0.7775043845176697	0.670366108417511	0.5489703416824341	0.6622046828269958	0.7539715766906738	0.9193481802940369	0.7425212264060974	0.7692121863365173	0.7588889002799988	0.849043607711792	0.8952679634094238	0.797867476940155	0.6957917213439941	0.4694742262363434	0.7098222374916077	0.6405467391014099	0.4679421186447144	1.113315105438232	0.5470861196517944	0.5199700593948364	0.5653228759765625	0.4528491199016571	0.4673866927623749	0.4889019727706909	0.5387823581695557	0.5932791829109192	0.5977299213409424	0.4091542363166809	0.5677584409713745	0.43845534324646	0.5287830829620361	0.5215861797332764	0.4833837449550629	0.4047115743160248	0.4636154770851135	0.381966769695282	0.4301678538322449	0.5879939198493958	0.5269947648048401	0.5137076377868652	0.5099760293960571	0	0.3505846261978149	0.8077147006988525	0.3421129882335663	0.5817045569419861	0.5105279684066772	0.4842856824398041	0.58718341588974	0.3750976920127869	0.5229805111885071	0.5202078223228455	0.4839229881763458	0.5184078216552734	0.4629959464073181	0.5216213464736938	0.5668925642967224	0.7554302215576172	0.7777472138404846	0.6821140646934509	0.7944591045379639	0.5837668180465698	0.4256027340888977	0.4490496218204498	0.5429676175117493	0.7702240347862244	0.5591719746589661	0.4633590281009674	0.6987271308898926	0.7335808873176575	0.3020332157611847	0.4756985902786255	0.5768309831619263	0.5146899819374084	0.8681257963180542	1.169155240058899
SRR19621201	0.9875078201293945	1.249592065811157	0.9635409712791443	0.4343143701553345	0.6102898716926575	0.6059743165969849	0.5099805593490601	0.6335864067077637	1.765486001968384	0.5103967785835266	0.5416497588157654	0.9405308961868286	1.570425868034363	0.7830294370651245	0.5460116267204285	0.5259360671043396	0.5603355169296265	0.5844364762306213	0.6815940737724304	0.674883246421814	0.9200246930122375	0.7060368061065674	1.518757224082947	0.6853327751159668	0.9127498269081116	0.6991418600082397	0.4684096872806549	0.4262031018733978	0.443096250295639	0.4335090816020966	0.5418246984481812	0.5257847309112549	0.4850451648235321	0.586220383644104	0.4601650536060333	0.5418407320976257	0.4970373809337616	0.5062861442565918	0.6104364991188049	0.5177369117736816	0.560743510723114	0.7966572046279907	0.6226310133934021	0.5758676528930664	0.6628199815750122	0.7235032320022583	0.9190992116928101	0.7030823826789856	0.7412059307098389	0.73983234167099	0.841593325138092	0.8468657732009888	0.7550203800201416	0.7109488844871521	0.4565051198005676	0.7023273706436157	0.6061704754829407	0.4865760505199432	1.07851779460907	0.5626166462898254	0.5281739830970764	0.5345292687416077	0.4734974503517151	0.5679068565368652	0.49958735704422	0.5908163189888	0.6173522472381592	0.6016450524330139	0.5215449929237366	0.6534240245819092	0.5421387553215027	0.6443315744400024	0.5530135631561279	0.4222227334976196	0.4454317092895508	0.5543886423110962	0.5098699331283569	0.574192225933075	0.580757200717926	0.5431364178657532	0.4684410989284515	0.4879784286022186	0.3505846261978149	0	0.8565248250961304	0.3367705643177032	0.5947149395942688	0.517892062664032	0.4907341301441193	0.531904399394989	0.4215212762355804	0.4553865790367126	0.6278720498085022	0.4400714039802551	0.5618969798088074	0.52698814868927	0.6007888913154602	0.5870975255966187	0.8477798700332642	0.7632149457931519	0.6131258606910706	0.7775120139122009	0.6643938422203064	0.4369191527366638	0.6253267526626587	0.6434012055397034	0.7940162420272827	0.5970375537872314	0.5809630155563354	0.720447838306427	0.7522649168968201	0.4819174110889435	0.5479872822761536	0.6160609722137451	0.5274983644485474	0.9296409487724304	1.244400858879089
SRR19621202	0.7999169230461121	1.191142678260803	1.011072397232056	0.899588406085968	0.8213059306144714	0.8433371186256409	0.8326567411422729	0.9675846695899963	1.851437091827393	0.7429243326187134	0.7123464345932007	0.8217185139656067	1.34105920791626	0.6615715622901917	0.7470608949661255	0.7551332116127014	0.8109299540519714	0.7543913722038269	0.7841911911964417	0.5922027826309204	1.099620223045349	1.192850589752197	1.649751424789429	0.7084735631942749	1.292398691177368	1.072864890098572	0.7411903738975525	0.8231700658798218	0.7956972718238831	0.8071256279945374	0.6742316484451294	0.8509950041770935	0.9562497735023499	0.568386435508728	0.9785488247871399	0.8013109564781189	0.7560334801673889	0.7880462408065796	0.6501068472862244	0.7512057423591614	0.9108927249908447	1.057489514350891	1.03315269947052	0.9921196699142456	0.762437641620636	0.6749868988990784	0.9984590411186218	0.8785012364387512	1.012415051460266	0.9527276754379272	0.8987398743629456	0.875069797039032	0.7046433687210083	0.8238691091537476	0.8424695730209351	0.8078922629356384	0.7701361775398254	0.7861303687095642	1.241687417030334	0.6229812502861023	0.7692417502403259	0.8170338273048401	0.8860562443733215	0.7467347383499146	0.780663013458252	0.6997727155685425	0.6822384595870972	0.9953211545944214	0.8275429606437683	0.9376596808433533	0.7918775081634521	0.8211203813552856	0.785778820514679	0.8172115683555603	0.8385245800018311	0.8051555156707764	0.7525898218154907	0.6962472796440125	0.9677659273147583	0.8360967040061951	0.7653611302375793	0.755115270614624	0.8077147006988525	0.8565248250961304	0	0.7944661974906921	0.7896667718887329	0.7272771000862122	0.7174793481826782	0.814723014831543	0.7300640940666199	0.8356665372848511	0.7887799739837646	0.8060833811759949	0.7235404253005981	0.7499259114265442	0.6631042957305908	0.6782537698745728	0.6805709600448608	0.7930864095687866	0.8284806609153748	0.8134908080101013	0.8200753331184387	0.7812796831130981	0.7465068697929382	0.8054970502853394	1.080083847045898	0.8451812863349915	0.8264676928520203	1.126076817512512	1.043215274810791	0.7502411603927612	0.7090843915939331	0.786575973033905	0.7729686498641968	0.2246898859739304	0.9020629525184631
SRR19621203	1.015620589256287	1.327840328216553	1.102096676826477	0.3934508562088013	0.5547314286231995	0.5188139081001282	0.5285946726799011	0.6763398051261902	1.696330547332764	0.3845933675765991	0.4281368553638458	0.9194411039352417	1.552633285522461	0.7324674129486084	0.430507630109787	0.457286924123764	0.4722630381584167	0.5445741415023804	0.5922249555587769	0.6167687177658081	1.040631413459778	0.7532883882522583	1.571619391441345	0.7999640703201294	1.027738690376282	0.7858153581619263	0.3990454375743866	0.3729816079139709	0.41184201836586	0.3523447811603546	0.5213316679000854	0.5747807621955872	0.4995056688785553	0.5262817740440369	0.5455751419067383	0.4434817135334015	0.4190348982810974	0.5969231724739075	0.620710015296936	0.4465446472167969	0.4181993901729584	0.6725022196769714	0.6631523370742798	0.6149805188179016	0.7352128624916077	0.7962837815284729	1.025915741920471	0.7708437442779541	0.8011443614959717	0.7959673404693604	0.8681584596633911	0.9191353917121887	0.792519748210907	0.6772105693817139	0.4580111801624298	0.6388505101203918	0.6289650201797485	0.462069183588028	1.155173897743225	0.5675051808357239	0.4512436091899872	0.5005862712860107	0.4174693822860718	0.4728130698204041	0.4064031541347504	0.460592657327652	0.5064605474472046	0.6803287267684937	0.330263614654541	0.4608733654022217	0.418077141046524	0.5680401921272278	0.5592122673988342	0.4597076177597046	0.4983617067337036	0.3907428979873657	0.3381339013576508	0.441254049539566	0.6256368160247803	0.5806635022163391	0.3870694041252136	0.4757190346717834	0.3421129882335663	0.3367705643177032	0.7944661974906921	0	0.5467308759689331	0.5013556480407715	0.423268586397171	0.5410444736480713	0.3458136916160583	0.4918914139270782	0.5599554777145386	0.4536784291267395	0.4637312293052673	0.4620889127254486	0.5285287499427795	0.5787723064422607	0.7722269892692566	0.7524250149726868	0.6657575964927673	0.7636867761611938	0.6311519145965576	0.4458977580070496	0.4988400638103485	0.650040864944458	0.8196972012519836	0.6039155721664429	0.4916101396083832	0.7615023851394653	0.7917519211769104	0.4148692488670349	0.4871788620948792	0.5807137489318848	0.5404496192932129	0.873569130897522	1.188107132911682
SRR19621204	0.910246729850769	1.261036157608032	0.9785507917404175	0.5844379067420959	0.4520557522773743	0.4552311301231384	0.4849776029586792	0.6786045432090759	1.809489369392395	0.5200017094612122	0.5767310261726379	0.8582655787467957	1.51118528842926	0.6471832990646362	0.5853415131568909	0.5066376328468323	0.4895625710487366	0.5711050629615784	0.6326245665550232	0.5773000121116638	1.092517733573914	0.9672537446022034	1.632118940353394	0.8493533134460449	1.139191389083862	0.9009412527084351	0.5435202717781067	0.5135159492492676	0.502758800983429	0.5104002952575684	0.3830481469631195	0.4765521883964539	0.728183388710022	0.4987546503543854	0.5928674936294556	0.4576191306114197	0.4728660583496094	0.5848961472511292	0.5283836126327515	0.4376805126667023	0.5709633231163025	0.7103319764137268	0.7245068550109863	0.7647444009780884	0.6367568969726562	0.8085975050926208	1.11327862739563	0.8149900436401367	0.8780701160430908	0.8495667576789856	0.6546295881271362	0.6854588389396667	0.5502015948295593	0.5908713340759277	0.6116146445274353	0.5192786455154419	0.4334318339824677	0.4749640226364136	1.070429921150208	0.5237870216369629	0.4542462527751923	0.5050085186958313	0.6144718527793884	0.5046679973602295	0.3325018882751465	0.4161893129348755	0.4540026783943176	0.8052410483360291	0.6293109059333801	0.6725906133651733	0.6375043988227844	0.4467294812202454	0.495893120765686	0.4855415821075439	0.5497785806655884	0.5838678479194641	0.4780368208885193	0.605631947517395	0.7553855180740356	0.7081775665283203	0.47026327252388	0.4976907074451447	0.5817045569419861	0.5947149395942688	0.7896667718887329	0.5467308759689331	0	0.4682300090789795	0.3491040170192719	0.5942561030387878	0.4392286539077759	0.5680198073387146	0.6525790095329285	0.3798394203186035	0.4081073403358459	0.3647048473358154	0.5532230138778687	0.5381286144256592	0.7861535549163818	0.6641567349433899	0.6468254327774048	0.6662113666534424	0.5837701559066772	0.5794826745986938	0.6150795817375183	0.7071037888526917	0.8363921642303467	0.5377298593521118	0.5814335346221924	0.9166861176490784	0.8699154257774353	0.6189918518066406	0.4979276359081268	0.5326943397521973	0.6528897285461426	0.8541750907897949	1.185814619064331
SRR19621205	0.9244081974029541	1.232476115226746	0.9498819708824158	0.5516532063484192	0.596181333065033	0.6358513236045837	0.6016086935997009	0.6143013834953308	1.710980415344238	0.5125143527984619	0.5126643776893616	0.8459429144859314	1.451005339622498	0.6713037490844727	0.5859680771827698	0.4896341562271118	0.5378772020339966	0.5247373580932617	0.6031633019447327	0.6093267202377319	0.915418267250061	0.8786164522171021	1.529849410057068	0.7738922238349915	1.070026516914368	0.8494981527328491	0.5116139054298401	0.5537236928939819	0.5381284356117249	0.5543724298477173	0.5374060869216919	0.5671230554580688	0.6353734135627747	0.5800439715385437	0.6284940838813782	0.5662460327148438	0.4695188105106354	0.5662987232208252	0.5488415360450745	0.5367364287376404	0.5604514479637146	0.7763146758079529	0.6929054856300354	0.7243879437446594	0.6475984454154968	0.6993361711502075	0.916090726852417	0.8246892094612122	0.8603450655937195	0.8570380210876465	0.6890583634376526	0.7497453093528748	0.6850746273994446	0.567555844783783	0.5525056719779968	0.5744685530662537	0.5467395782470703	0.454136073589325	1.085572838783264	0.5705119371414185	0.5111705660820007	0.503021776676178	0.5386463403701782	0.520063579082489	0.5140844583511353	0.5342910289764404	0.5621620416641235	0.7436026930809021	0.5965853333473206	0.6741418242454529	0.5797185897827148	0.55910724401474	0.4651447832584381	0.5027320384979248	0.5603007674217224	0.5662240982055664	0.5354692935943604	0.5054805874824524	0.6661932468414307	0.5805966854095459	0.4560043513774872	0.4641763269901276	0.5105279684066772	0.517892062664032	0.7272771000862122	0.5013556480407715	0.4682300090789795	0	0.2940347194671631	0.5855976343154907	0.4346545040607452	0.569489061832428	0.6340335011482239	0.4939055144786835	0.5591893792152405	0.5467274785041809	0.5389783382415771	0.5709261894226074	0.79606693983078	0.6912221312522888	0.599096953868866	0.7074820399284363	0.6230027675628662	0.4991650283336639	0.6422340869903564	0.7192401885986328	0.8410348296165466	0.5735624432563782	0.561236560344696	0.8542577028274536	0.8255950212478638	0.5165479779243469	0.5081234574317932	0.5503770112991333	0.5807176232337952	0.788453996181488	1.214053988456726
SRR19621206	0.8142099380493164	1.126709580421448	0.9525624513626099	0.54216468334198	0.5033634305000305	0.5333328247070312	0.5272769927978516	0.5991519689559937	1.668078184127808	0.4415102601051331	0.5303192734718323	0.8141064643859863	1.462357878684998	0.5945339798927307	0.5431169867515564	0.4885159730911255	0.5066449642181396	0.4655625224113464	0.5159971117973328	0.5305918455123901	0.990098774433136	0.9160257577896118	1.519842863082886	0.7697687149047852	1.081257343292236	0.8517580032348633	0.4628016352653503	0.4575212299823761	0.4804409742355347	0.477930873632431	0.4354695677757263	0.5620152950286865	0.6506254076957703	0.5151858329772949	0.5990460515022278	0.5030874609947205	0.452283650636673	0.5784083008766174	0.5541692972183228	0.4382266700267792	0.5499652624130249	0.7537830471992493	0.7399172186851501	0.7358285188674927	0.6453531980514526	0.7597485184669495	1.001136660575867	0.8086573481559753	0.8634307980537415	0.8423200845718384	0.6711553931236267	0.7386077046394348	0.6395416855812073	0.5661177635192871	0.5294042229652405	0.5364804863929749	0.4953708350658417	0.4788534045219421	1.126614212989807	0.5605733394622803	0.4681215286254883	0.4928975105285645	0.5514150261878967	0.4485257267951965	0.3925175666809082	0.458001583814621	0.4731346964836121	0.7595272660255432	0.5596638321876526	0.6513170003890991	0.5416463613510132	0.4848683774471283	0.4316072762012482	0.4613348245620728	0.566378653049469	0.5378236174583435	0.4516654014587402	0.5314788818359375	0.7307927012443542	0.6655977368354797	0.4232578873634338	0.4610537588596344	0.4842856824398041	0.4907341301441193	0.7174793481826782	0.423268586397171	0.3491040170192719	0.2940347194671631	0	0.5461151599884033	0.3918603360652924	0.5282504558563232	0.5626957416534424	0.422445684671402	0.4889184534549713	0.4594115316867828	0.5063799619674683	0.5333590507507324	0.7520528435707092	0.6446496844291687	0.592649519443512	0.6587830781936646	0.5688630938529968	0.5010490417480469	0.570626974105835	0.6744394898414612	0.8369163274765015	0.5788599848747253	0.5409176349639893	0.8670250177383423	0.865642249584198	0.5447432398796082	0.540148138999939	0.5702369809150696	0.5985890030860901	0.7800041437149048	1.145079255104065
SRR19621207	1.015466809272766	1.294035792350769	1.116519212722778	0.6637083888053894	0.7326140403747559	0.6534193158149719	0.6992567181587219	0.8111665844917297	1.768685698509216	0.5082324743270874	0.5639753937721252	0.9444714188575745	1.553759574890137	0.7266287207603455	0.6510739922523499	0.5417376160621643	0.5873164534568787	0.7072749137878418	0.7281765937805176	0.705741822719574	1.0000821352005	0.9954824447631836	1.534946203231812	0.8578869104385376	1.146998167037964	0.9278627038002014	0.5914753675460815	0.445671558380127	0.6035482287406921	0.5263429880142212	0.6048838496208191	0.710148811340332	0.7838118672370911	0.6609175801277161	0.7022257447242737	0.6649117469787598	0.6043151617050171	0.6510471701622009	0.6839783787727356	0.5452715754508972	0.6260154843330383	0.8328183889389038	0.8274785280227661	0.8509112000465393	0.8422418832778931	0.8998839259147644	1.117481470108032	0.9135425090789795	0.9550925493240356	0.9243748784065247	0.8494728803634644	0.893832266330719	0.7729910016059875	0.7335842251777649	0.5550729632377625	0.6930419206619263	0.6881998777389526	0.5797969698905945	1.217557430267334	0.6697545647621155	0.6266563534736633	0.6097131967544556	0.6120508313179016	0.6491979956626892	0.508769690990448	0.6684544682502747	0.6701076030731201	0.8658522367477417	0.6827092170715332	0.7791664004325867	0.6301584243774414	0.7581403255462646	0.6600521802902222	0.6765365600585938	0.6722441911697388	0.6927402019500732	0.6317187547683716	0.6253899335861206	0.789332389831543	0.6694889664649963	0.4826082587242126	0.5098843574523926	0.58718341588974	0.531904399394989	0.814723014831543	0.5410444736480713	0.5942561030387878	0.5855976343154907	0.5461151599884033	0	0.5113444328308105	0.7108823657035828	0.674920380115509	0.6003149747848511	0.6119718551635742	0.6291534900665283	0.5860776901245117	0.5796129107475281	0.8034058809280396	0.7354382276535034	0.738801896572113	0.7197020053863525	0.7295427918434143	0.5534844398498535	0.6870230436325073	0.7860749959945679	0.9382917284965515	0.6953135132789612	0.6710202097892761	0.9903821349143982	0.9789249897003174	0.6156018972396851	0.6182301044464111	0.6239565014839172	0.5549013018608093	0.8690166473388672	1.237025856971741
SRR19621208	0.9448463916778564	1.286235094070435	1.011323213577271	0.4050332307815552	0.438931792974472	0.4490334093570709	0.3854953348636627	0.6187512874603271	1.753244638442993	0.3903847336769104	0.364798367023468	0.9019376635551453	1.527497291564941	0.6360903382301331	0.4356498718261719	0.3813998699188232	0.4525511860847473	0.4920673668384552	0.6149495244026184	0.5548937916755676	1.022529125213623	0.7642438411712646	1.5904700756073	0.7268948554992676	1.013974189758301	0.783915638923645	0.3973737359046936	0.3741022050380707	0.2921239733695984	0.3178317248821259	0.359557181596756	0.4641877710819244	0.5017302632331848	0.4166675209999084	0.4894497692584991	0.3963398635387421	0.3703720569610596	0.5128183960914612	0.4964911043643951	0.3616362810134888	0.5040894150733948	0.706322193145752	0.6747071146965027	0.5524344444274902	0.6500096321105957	0.7350048422813416	1.012681245803833	0.6864809989929199	0.7075598835945129	0.6781342029571533	0.737234354019165	0.7473961114883423	0.6470339298248291	0.5740696787834167	0.4640934467315674	0.567113995552063	0.4942710101604462	0.4007337093353271	1.065921545028687	0.4374876618385315	0.4209335446357727	0.528520941734314	0.4893456995487213	0.4408665001392365	0.3739044070243835	0.440291166305542	0.4767456352710724	0.5851972103118896	0.4480789005756378	0.5731441974639893	0.4417816400527954	0.4626723229885101	0.4813028275966644	0.3868608772754669	0.40432009100914	0.3931682705879211	0.3650358021259308	0.4143615961074829	0.5921555757522583	0.5016248822212219	0.3752423822879791	0.4087550044059753	0.3750976920127869	0.4215212762355804	0.7300640940666199	0.3458136916160583	0.4392286539077759	0.4346545040607452	0.3918603360652924	0.5113444328308105	0	0.3530299067497253	0.4296194016933441	0.4237850904464722	0.4016907811164856	0.3686341941356659	0.4407291114330292	0.4161015152931213	0.6624740958213806	0.6552832126617432	0.5619608759880066	0.6635609865188599	0.5094563364982605	0.3304927051067352	0.4829415082931519	0.5687018632888794	0.7522989511489868	0.4864474833011627	0.4318139851093292	0.7757155895233154	0.7566381096839905	0.427667498588562	0.3954336047172546	0.463117390871048	0.4313324093818665	0.8014968037605286	1.15779185295105
SRR19621209	1.083064913749695	1.341555953025818	0.913891613483429	0.4377559721469879	0.501989483833313	0.5625622868537903	0.4183867871761322	0.6300410628318787	1.864192128181458	0.5661414265632629	0.5143543481826782	0.9713953137397766	1.609934449195862	0.6988658905029297	0.582261860370636	0.5134980082511902	0.5280739068984985	0.5883393883705139	0.6797128319740295	0.6152871251106262	1.097996950149536	0.6095154881477356	1.703582763671875	0.6788082122802734	0.8659833669662476	0.6186102628707886	0.5298276543617249	0.5453466773033142	0.4481551051139832	0.5174460411071777	0.5006959438323975	0.4264959096908569	0.3431436419487	0.5300018191337585	0.4289295375347137	0.5285648107528687	0.4948649108409882	0.4985370934009552	0.5680564045906067	0.5057777762413025	0.664563000202179	0.8095527291297913	0.5499608516693115	0.436969667673111	0.6520832777023315	0.7177792191505432	0.9562592506408691	0.5868759751319885	0.6155369281768799	0.6059526205062866	0.7895340323448181	0.7888513803482056	0.7030931115150452	0.6643874645233154	0.5665913820266724	0.6571338772773743	0.471645176410675	0.5159308314323425	0.8665512800216675	0.5037127733230591	0.5344250798225403	0.6394543647766113	0.5813019275665283	0.5591391324996948	0.5100610852241516	0.5305427312850952	0.5498790144920349	0.5266810059547424	0.5363102555274963	0.6613506078720093	0.5832884311676025	0.5434122085571289	0.6120219826698303	0.4130284786224365	0.39684197306633	0.3930774033069611	0.4653928577899933	0.5974876284599304	0.4909384548664093	0.5318388938903809	0.5357898473739624	0.486087441444397	0.5229805111885071	0.4553865790367126	0.8356665372848511	0.4918914139270782	0.5680198073387146	0.569489061832428	0.5282504558563232	0.7108823657035828	0.3530299067497253	0	0.6238940954208374	0.5035603642463684	0.5407090187072754	0.490283340215683	0.6379965543746948	0.6019905209541321	0.8251559734344482	0.7315181493759155	0.5656658411026001	0.7624426484107971	0.6347727179527283	0.3711644113063812	0.6190525889396667	0.6296974420547485	0.7305187582969666	0.5271415114402771	0.5344499945640564	0.6395719647407532	0.640258252620697	0.5943236351013184	0.5063129067420959	0.6313731074333191	0.4685929417610168	0.9096196889877319	1.246720552444458
SRR19621210	1.03085994720459	1.35168981552124	1.060120463371277	0.6217492818832397	0.7004758715629578	0.6731938123703003	0.6690624952316284	0.8773884773254395	1.793421983718872	0.6038683652877808	0.5162988305091858	0.9947752952575684	1.578049898147583	0.7600491642951965	0.5560424327850342	0.6087137460708618	0.6778649687767029	0.7055896520614624	0.7818381190299988	0.6877883672714233	1.106889247894287	0.9851216077804565	1.651459217071533	0.8542329072952271	1.160603165626526	0.9329410791397095	0.4719073474407196	0.5898749232292175	0.5659456849098206	0.5532597303390503	0.5507312417030334	0.7118876576423645	0.7463343739509583	0.5240932106971741	0.7224199175834656	0.5418024063110352	0.6333955526351929	0.7297570705413818	0.7513501048088074	0.6323301196098328	0.69403475522995	0.9228044748306274	0.8932181000709534	0.7336721420288086	0.7769345045089722	0.8483527898788452	1.0995192527771	0.5314562916755676	0.8708460927009583	0.7042194604873657	0.9486334323883057	0.9557995796203613	0.8655045628547668	0.8206101655960083	0.6641718745231628	0.8129163384437561	0.7534638643264771	0.6505604982376099	1.261428236961365	0.685480535030365	0.6150094270706177	0.7020958065986633	0.6793951988220215	0.5221867561340332	0.5782315135002136	0.6346777677536011	0.6739689707756042	0.7302111983299255	0.6120335459709167	0.7384094595909119	0.5304581522941589	0.6239336133003235	0.5917106866836548	0.6126337647438049	0.6251832842826843	0.6307066679000854	0.5596408843994141	0.5359337329864502	0.7941070795059204	0.6524441838264465	0.6434876322746277	0.6507104635238647	0.5202078223228455	0.6278720498085022	0.7887799739837646	0.5599554777145386	0.6525790095329285	0.6340335011482239	0.5626957416534424	0.674920380115509	0.4296194016933441	0.6238940954208374	0	0.6261252164840698	0.6136850714683533	0.5555151104927063	0.4819031953811646	0.5942550301551819	0.5656325221061707	0.861219048500061	0.827778697013855	0.8448252081871033	0.6104095578193665	0.5555626153945923	0.594069242477417	0.6338777542114258	0.9772522449493408	0.7080121040344238	0.617318332195282	0.9188597202301025	0.9093351364135742	0.5773649215698242	0.6598579883575439	0.6542990803718567	0.5879932045936584	0.8462985754013062	0.9866026043891907
SRR19621211	0.9478358030319214	1.232513785362244	0.9487038850784302	0.4888286888599396	0.4721090793609619	0.4411246776580811	0.4697844386100769	0.6062910556793213	1.726414203643799	0.5219807624816895	0.5509732365608215	0.8557560443878174	1.51736056804657	0.6944522857666016	0.5600713491439819	0.49924036860466	0.5169963240623474	0.4848833084106445	0.5674737691879272	0.5486958026885986	0.9538226127624512	0.8573640584945679	1.526854157447815	0.7661927342414856	1.064322590827942	0.8277389407157898	0.5300930738449097	0.4387852549552917	0.4197752773761749	0.4599581062793732	0.4132947623729706	0.4667491018772125	0.6142701506614685	0.5112180113792419	0.4951726496219635	0.3987960517406464	0.4445706903934479	0.5369430184364319	0.4915776252746582	0.4826702475547791	0.5707907676696777	0.7301374077796936	0.6638031601905823	0.6949750185012817	0.6027963161468506	0.7952808141708374	1.039759874343872	0.7875155210494995	0.8485300540924072	0.8024887442588806	0.6901182532310486	0.7118451595306396	0.5319912433624268	0.62018883228302	0.5769027471542358	0.5750769376754761	0.444858580827713	0.4322413802146912	1.075279355049133	0.4891462922096252	0.4483623802661896	0.4830328226089478	0.5450156927108765	0.5437789559364319	0.3059003055095673	0.3574689328670502	0.4048807621002197	0.7461537718772888	0.5605732798576355	0.6294665932655334	0.5829848051071167	0.5144292116165161	0.4977221488952637	0.4277791678905487	0.4755608737468719	0.510711669921875	0.4332543015480042	0.6248509287834167	0.7037676572799683	0.6694226264953613	0.4518113434314728	0.4663859605789185	0.4839229881763458	0.4400714039802551	0.8060833811759949	0.4536784291267395	0.3798394203186035	0.4939055144786835	0.422445684671402	0.6003149747848511	0.4237850904464722	0.5035603642463684	0.6261252164840698	0	0.3719817399978638	0.3133473992347717	0.5667214393615723	0.5586029887199402	0.8084410429000854	0.6776831150054932	0.6324587464332581	0.6813093423843384	0.6489222645759583	0.5144091844558716	0.6303414106369019	0.6377304196357727	0.7797998189926147	0.5239691734313965	0.5444229245185852	0.8198939561843872	0.8239873051643372	0.579679548740387	0.4720208942890167	0.4860033094882965	0.5781765580177307	0.8822533488273621	1.222851395606995
SRR19621212	1.003833055496216	1.343755125999451	1.074011564254761	0.5167383551597595	0.4604898393154144	0.3514969050884247	0.4547164142131805	0.7552403211593628	1.815358519554138	0.4466290473937988	0.4629288911819458	0.9356295466423035	1.580352544784546	0.6693787574768066	0.4724489450454712	0.4297900795936584	0.4803436994552612	0.5873749256134033	0.6651399731636047	0.5286844372749329	1.108837962150574	0.912110447883606	1.639424681663513	0.8011512160301208	1.155475616455078	0.8773259520530701	0.4400788247585297	0.4023430347442627	0.4221403300762177	0.4279474318027496	0.4005533754825592	0.507186233997345	0.6454783082008362	0.430161327123642	0.5434603095054626	0.3390597105026245	0.3916439116001129	0.5179430842399597	0.4661793410778046	0.4094496369361877	0.5192247033119202	0.6599166989326477	0.6602480411529541	0.6876561641693115	0.6567886471748352	0.8213777542114258	1.099023580551147	0.804660439491272	0.8356137871742249	0.8268672823905945	0.793351948261261	0.8091650009155273	0.5970898866653442	0.6890817880630493	0.5404489636421204	0.634904682636261	0.5236359834671021	0.3825130760669708	1.119889736175537	0.4780350923538208	0.4856025576591492	0.598967432975769	0.5351046919822693	0.4662308394908905	0.3421383202075958	0.4153391122817993	0.4314424395561218	0.7642925977706909	0.4758345186710358	0.6104056239128113	0.4916009306907654	0.4256086647510529	0.6267313361167908	0.5395671129226685	0.436518132686615	0.4875550270080566	0.3620443940162659	0.4780005812644958	0.6273559331893921	0.5767726898193359	0.5201834440231323	0.5247867703437805	0.5184078216552734	0.5618969798088074	0.7235404253005981	0.4637312293052673	0.4081073403358459	0.5591893792152405	0.4889184534549713	0.6119718551635742	0.4016907811164856	0.5407090187072754	0.6136850714683533	0.3719817399978638	0	0.2082290500402451	0.5122705698013306	0.5110888481140137	0.7254102826118469	0.6828556656837463	0.6727481484413147	0.6384257078170776	0.5842434763908386	0.5333492159843445	0.4583985805511475	0.660369873046875	0.8111111521720886	0.5361764430999756	0.4140238463878632	0.8106041550636292	0.8007165789604187	0.4876522719860077	0.4112388789653778	0.5169721245765686	0.5862363576889038	0.7972561717033386	1.177674531936646
SRR19621213	0.9580581784248352	1.281342029571533	0.9970292448997498	0.4590729475021362	0.4453009963035583	0.3967277109622955	0.412846177816391	0.7312046885490417	1.840631246566772	0.4877206683158875	0.453203946352005	0.9213671684265137	1.546960115432739	0.658082902431488	0.4728280603885651	0.4138388931751251	0.4682737588882446	0.5562818050384521	0.6582396030426025	0.5197343230247498	1.067288756370544	0.8484874367713928	1.602672100067139	0.7677782773971558	1.110216856002808	0.8530393242835999	0.439990907907486	0.4262777864933014	0.3547269105911255	0.3942561745643616	0.3102358877658844	0.4906059205532074	0.5972990393638611	0.3969171941280365	0.5329014658927917	0.2964112162590027	0.4110090136528015	0.542858362197876	0.4511869847774506	0.4095023572444916	0.5534394383430481	0.7008202075958252	0.6728824377059937	0.6380645632743835	0.5945965647697449	0.759926974773407	1.056156039237976	0.7595281600952148	0.809087872505188	0.7882655262947083	0.7273257374763489	0.7453801035881042	0.5885204672813416	0.6545258164405823	0.5638486742973328	0.605507493019104	0.4770340621471405	0.4430458247661591	1.086459517478943	0.4513006210327148	0.4333622753620148	0.5753106474876404	0.5555163621902466	0.4300612807273865	0.3217773735523224	0.3965023458003998	0.4220128059387207	0.6711652278900146	0.4638286530971527	0.5872460603713989	0.5130187273025513	0.3737606406211853	0.5682608485221863	0.4757409691810608	0.415474146604538	0.4603381752967834	0.3723759949207306	0.5128411650657654	0.6360782384872437	0.5962809920310974	0.5058822631835938	0.5155861973762512	0.4629959464073181	0.52698814868927	0.7499259114265442	0.4620889127254486	0.3647048473358154	0.5467274785041809	0.4594115316867828	0.6291534900665283	0.3686341941356659	0.490283340215683	0.5555151104927063	0.3133473992347717	0.2082290500402451	0	0.4983614385128021	0.4941422939300537	0.7064043283462524	0.6742535829544067	0.631443977355957	0.6507773399353027	0.5700610876083374	0.5086778998374939	0.5167361497879028	0.6361826658248901	0.7498016953468323	0.4990655481815338	0.4360618591308594	0.7876402735710144	0.7552773356437683	0.485178142786026	0.3946963846683502	0.4930862784385681	0.562192440032959	0.8124531507492065	1.164880037307739
SRR19621214	1.002370476722717	1.305678367614746	0.9467924237251282	0.587404191493988	0.6661077737808228	0.6629651188850403	0.63489830493927	0.8013309240341187	1.775475859642029	0.5612894296646118	0.4911012053489685	0.932589054107666	1.554094910621643	0.6762421727180481	0.5360732674598694	0.4819808900356293	0.5385316610336304	0.6334912180900574	0.6646518111228943	0.6000853776931763	1.045298933982849	0.960976779460907	1.657896876335144	0.8277020454406738	1.077865123748779	0.8667146563529968	0.4676401317119598	0.4805677235126495	0.5045276284217834	0.4791119992733002	0.4569065272808075	0.5937695503234863	0.7167555689811707	0.4684958755970001	0.6149518489837646	0.5093356370925903	0.511385440826416	0.6133276224136353	0.5704076886177063	0.5323853492736816	0.5732181668281555	0.805345356464386	0.7822189927101135	0.775359034538269	0.7291024327278137	0.7270742654800415	1.014087796211243	0.7544936537742615	0.815473735332489	0.7711464166641235	0.8295418620109558	0.8529127240180969	0.741995632648468	0.7050812840461731	0.5944366455078125	0.6918285489082336	0.6644994616508484	0.516451358795166	1.101382970809937	0.5338298678398132	0.491857498884201	0.5258117914199829	0.6359826326370239	0.4977218806743622	0.5712956786155701	0.6078616976737976	0.6526446938514709	0.7653420567512512	0.6137042045593262	0.6811230778694153	0.4940614104270935	0.5982383489608765	0.5656582713127136	0.5835393667221069	0.5866143107414246	0.6104300022125244	0.5243421792984009	0.4639095664024353	0.7340639233589172	0.5846174955368042	0.564325213432312	0.5491030812263489	0.5216213464736938	0.6007888913154602	0.6631042957305908	0.5285287499427795	0.5532230138778687	0.5389783382415771	0.5063799619674683	0.5860776901245117	0.4407291114330292	0.6379965543746948	0.4819031953811646	0.5667214393615723	0.5122705698013306	0.4983614385128021	0	0.3047239482402802	0.4605772495269775	0.8145539164543152	0.7537279725074768	0.7991266250610352	0.5197365880012512	0.5112707614898682	0.4720756709575653	0.5725448727607727	0.896443784236908	0.6190499663352966	0.578705370426178	0.9153692722320557	0.8322281241416931	0.4615731835365295	0.518208384513855	0.5864637494087219	0.5703592300415039	0.6674489378929138	1.064476847648621
SRR19621215	0.9675149917602539	1.320324301719666	1.002582311630249	0.6390062570571899	0.563248336315155	0.5557628870010376	0.5350267291069031	0.7872456908226013	1.809418916702271	0.5828160047531128	0.5211970806121826	0.8665842413902283	1.567308306694031	0.6658417582511902	0.6303832530975342	0.4940216243267059	0.5657526850700378	0.6195290684700012	0.6804746985435486	0.6353894472122192	1.041710495948792	0.9708681702613831	1.626095771789551	0.7796667814254761	1.052293181419373	0.8518331050872803	0.5720057487487793	0.5050234198570251	0.4544598460197449	0.4807882010936737	0.4477758705615997	0.5579835772514343	0.7286852598190308	0.4965636432170868	0.643028199672699	0.6032199263572693	0.4523272812366486	0.5233349800109863	0.5283167958259583	0.4741234481334686	0.6695562601089478	0.8042105436325073	0.7634937763214111	0.7436608672142029	0.7465724349021912	0.7853385210037231	1.047338008880615	0.7286419272422791	0.7885807156562805	0.7548629641532898	0.8165233731269836	0.8132302165031433	0.676726222038269	0.6750332117080688	0.6066253781318665	0.6791414618492126	0.6011894345283508	0.4949551224708557	1.077354311943054	0.479290634393692	0.5401787757873535	0.5356853604316711	0.6592662334442139	0.5993894934654236	0.541221022605896	0.630789041519165	0.6368779540061951	0.7155806422233582	0.6130356192588806	0.7371677160263062	0.588964581489563	0.5986548066139221	0.6125907897949219	0.5812042355537415	0.5765359997749329	0.5791367292404175	0.5664666295051575	0.5953250527381897	0.7075458765029907	0.5776253938674927	0.5522622466087341	0.5394311547279358	0.5668925642967224	0.5870975255966187	0.6782537698745728	0.5787723064422607	0.5381286144256592	0.5709261894226074	0.5333590507507324	0.5796129107475281	0.4161015152931213	0.6019905209541321	0.5942550301551819	0.5586029887199402	0.5110888481140137	0.4941422939300537	0.3047239482402802	0	0.5309489369392395	0.694027841091156	0.6947815418243408	0.7173498272895813	0.5066918134689331	0.5303996205329895	0.5184847116470337	0.5500850677490234	0.8367947936058044	0.583782970905304	0.5664122700691223	0.8828282952308655	0.8025942444801331	0.5635535717010498	0.5149356126785278	0.5745456218719482	0.552498996257782	0.6434511542320251	1.123444318771362
SRR19621216	1.077599048614502	1.393542528152466	1.161035180091858	0.8188916444778442	0.8426633477210999	0.8319932818412781	0.8332340121269226	1.055055022239685	1.921821475028992	0.7926164269447327	0.7226468324661255	1.05359935760498	1.627121686935425	0.8467564582824707	0.7833201885223389	0.7456055283546448	0.8214321136474609	0.8534561395645142	0.9038773775100708	0.8179019689559937	1.217135906219482	1.178443551063538	1.780393838882446	0.9727758169174194	1.236977100372314	1.058536887168884	0.7093788981437683	0.7639573216438293	0.7488048672676086	0.7347119450569153	0.6911372542381287	0.8365412950515747	0.9443416595458984	0.6969236731529236	0.9037143588066101	0.7686484456062317	0.7113534808158875	0.8284502029418945	0.7190660834312439	0.7847429513931274	0.8491277694702148	1.029150485992432	1.020002365112305	0.9707892537117004	0.8891741633415222	0.8945645689964294	1.150491952896118	0.8263960480690002	1.005237221717834	0.833343505859375	1.048538446426392	1.04347288608551	0.9403813481330872	0.9486047625541687	0.8530661463737488	0.9287807941436768	0.8646075129508972	0.7468854784965515	1.237899780273438	0.6555087566375732	0.7322862148284912	0.7744350433349609	0.879780113697052	0.7345768809318542	0.7609406113624573	0.8232181668281555	0.8189243078231812	0.9385012984275818	0.8071975708007812	0.9029808640480042	0.7414453625679016	0.7960459589958191	0.796002209186554	0.8114334940910339	0.8187801241874695	0.8029789924621582	0.7316316366195679	0.6879191994667053	0.9490558505058289	0.7611818313598633	0.8100349903106689	0.808799684047699	0.7554302215576172	0.8477798700332642	0.6805709600448608	0.7722269892692566	0.7861535549163818	0.79606693983078	0.7520528435707092	0.8034058809280396	0.6624740958213806	0.8251559734344482	0.5656325221061707	0.8084410429000854	0.7254102826118469	0.7064043283462524	0.4605772495269775	0.5309489369392395	0	0.9509449601173401	0.9558489322662354	0.9456481337547302	0.6634266376495361	0.7774333953857422	0.6599572896957397	0.6320967674255371	1.078957080841064	0.8349927663803101	0.7823384404182434	1.085299611091614	1.011897087097168	0.6876680850982666	0.7284368276596069	0.7447145581245422	0.7612345218658447	0.663845419883728	1.044102191925049
SRR19621217	0.8779779076576233	1.179195642471313	1.214033007621765	0.7813475131988525	0.6899048686027527	0.7039535045623779	0.6982805728912354	0.6038591861724854	1.632500529289246	0.5761306881904602	0.751740574836731	0.6277487277984619	1.35418975353241	0.441572368144989	0.8508283495903015	0.6373870372772217	0.6849276423454285	0.5130228400230408	0.4776355624198914	0.6473217606544495	0.9320613145828247	1.133057713508606	1.480675101280212	0.813797652721405	1.266075730323792	1.090269207954407	0.8122707605361938	0.7170795202255249	0.7032839059829712	0.7226153612136841	0.6498227715492249	0.736553966999054	0.8893904685974121	0.7371667623519897	0.8506394028663635	0.78570157289505	0.6423755884170532	0.7578936219215393	0.5932474136352539	0.6035035848617554	0.8485099077224731	0.9487070441246033	0.9065584540367126	0.907076358795166	0.7707964181900024	0.9798341989517212	0.9831677079200745	0.9564308524131775	1.043084502220154	0.9822367429733276	0.6128408312797546	0.5756240487098694	0.4696188569068909	0.5287485122680664	0.760259747505188	0.4102668762207031	0.5320745706558228	0.6951384544372559	1.215100765228271	0.6398958563804626	0.772708535194397	0.7733027338981628	0.8169108629226685	0.831259548664093	0.5969154238700867	0.709608793258667	0.6719609498977661	0.9122846126556396	0.7696155309677124	0.897704005241394	0.8228338360786438	0.7565544247627258	0.801659107208252	0.787778377532959	0.723130464553833	0.7285618185997009	0.6970223784446716	0.8343396782875061	0.8903119564056396	0.8034068942070007	0.6466724276542664	0.6320738196372986	0.7777472138404846	0.7632149457931519	0.7930864095687866	0.7524250149726868	0.6641567349433899	0.6912221312522888	0.6446496844291687	0.7354382276535034	0.6552832126617432	0.7315181493759155	0.861219048500061	0.6776831150054932	0.6828556656837463	0.6742535829544067	0.8145539164543152	0.694027841091156	0.9509449601173401	0	0.4543644189834595	0.2438606172800064	0.8334491848945618	0.7705941200256348	0.8096356987953186	0.8401041030883789	0.9276089072227478	0.691440224647522	0.6982125639915466	1.056434035301208	1.049673318862915	0.8345885276794434	0.6815949678421021	0.6638427376747131	0.7588505744934082	0.854762852191925	1.30687415599823
SRR19621218	1.059107661247253	1.31729781627655	1.113455414772034	0.6257501840591431	0.6571952700614929	0.7521877288818359	0.6278867125511169	0.6379590034484863	1.810292482376099	0.525343120098114	0.6994288563728333	0.874843955039978	1.540382504463196	0.6175124645233154	0.7521270513534546	0.5785829424858093	0.6074861884117126	0.554905891418457	0.6481717228889465	0.631443977355957	1.061791062355042	0.927641749382019	1.654207110404968	0.76244056224823	1.126219153404236	0.9227398037910461	0.7238616347312927	0.6622158885002136	0.6090540885925293	0.6643654108047485	0.6478609442710876	0.6317305564880371	0.6855354309082031	0.7188729643821716	0.6760956645011902	0.7202519774436951	0.598499059677124	0.6670726537704468	0.5460829138755798	0.6010891199111938	0.7445331811904907	0.8916009664535522	0.7604764103889465	0.7707073092460632	0.696293830871582	0.8268024325370789	1.046132564544678	0.8649046421051025	0.8843621015548706	0.8763428926467896	0.6982704997062683	0.7190971970558167	0.6247785091400146	0.5043854713439941	0.6682993173599243	0.4868939518928528	0.4855906069278717	0.6017560958862305	0.989222526550293	0.5987758040428162	0.6754623651504517	0.6997247338294983	0.7045224905014038	0.7529826760292053	0.5922053456306458	0.6779630780220032	0.6648972630500793	0.653904139995575	0.7149286270141602	0.837361216545105	0.7375107407569885	0.7394620776176453	0.7148799300193787	0.6520491242408752	0.6061003804206848	0.6405064463615417	0.6463319659233093	0.752425491809845	0.7295665740966797	0.677742600440979	0.5909490585327148	0.5488200187683105	0.6821140646934509	0.6131258606910706	0.8284806609153748	0.6657575964927673	0.6468254327774048	0.599096953868866	0.592649519443512	0.738801896572113	0.5619608759880066	0.5656658411026001	0.827778697013855	0.6324587464332581	0.6727481484413147	0.631443977355957	0.7537279725074768	0.6947815418243408	0.9558489322662354	0.4543644189834595	0	0.5079718828201294	0.7865848541259766	0.6393445730209351	0.7663153409957886	0.8010209798812866	0.6944706439971924	0.6014451384544373	0.6257055997848511	0.9230214953422546	0.9070954918861389	0.7259226441383362	0.6250566840171814	0.6594697237014771	0.6670902967453003	0.8380139470100403	1.150701284408569
SRR19621219	0.8924070596694946	1.19863486289978	1.247077226638794	0.8099642992019653	0.7066946029663086	0.6987916827201843	0.724301278591156	0.6354774236679077	1.639492988586426	0.5814250111579895	0.7691061496734619	0.6706312298774719	1.36748480796814	0.4740919172763824	0.8539565205574036	0.6595476865768433	0.7174328565597534	0.5477234125137329	0.5101758241653442	0.6362098455429077	0.9308746457099915	1.162310481071472	1.477057218551636	0.8058763742446899	1.305530428886414	1.111150026321411	0.7955201864242554	0.7126115560531616	0.7204385995864868	0.7261664271354675	0.6601051092147827	0.7748453617095947	0.9197260737419128	0.7382970452308655	0.8799400329589844	0.7640514373779297	0.6687247753143311	0.7977886199951172	0.5753006339073181	0.6262989044189453	0.865780234336853	0.9795491099357605	0.9746300578117371	0.9453848600387573	0.7658769488334656	1.006827712059021	1.002435088157654	0.9959211945533752	1.089241981506348	1.022158741950989	0.630533754825592	0.6193146109580994	0.4884010255336761	0.6153395175933838	0.7647483944892883	0.4742846190929413	0.5776292681694031	0.7235019207000732	1.23023796081543	0.6571871042251587	0.7882152199745178	0.7931443452835083	0.8319275975227356	0.8314431309700012	0.5948343276977539	0.7040478587150574	0.6714859008789062	0.9172904491424561	0.7849988341331482	0.9201509952545166	0.8291404247283936	0.7489866614341736	0.8330231904983521	0.8216924667358398	0.7132362127304077	0.7627140283584595	0.6680490970611572	0.8300708532333374	0.9283096194267273	0.8394011259078979	0.6634609699249268	0.6560248732566833	0.7944591045379639	0.7775120139122009	0.8134908080101013	0.7636867761611938	0.6662113666534424	0.7074820399284363	0.6587830781936646	0.7197020053863525	0.6635609865188599	0.7624426484107971	0.8448252081871033	0.6813093423843384	0.6384257078170776	0.6507773399353027	0.7991266250610352	0.7173498272895813	0.9456481337547302	0.2438606172800064	0.5079718828201294	0	0.8703106045722961	0.8123284578323364	0.8314813375473022	0.8914326429367065	0.9632170796394348	0.7330085635185242	0.6940366625785828	1.096180200576782	1.084872364997864	0.8336301445960999	0.6750298142433167	0.6467412710189819	0.7863540053367615	0.8365270495414734	1.304050803184509
SRR19621220	0.9787384271621704	1.289642333984375	1.047053217887878	0.5876859426498413	0.4921751022338867	0.6187803149223328	0.4961097836494446	0.8470525741577148	1.89232325553894	0.6632720232009888	0.5133550763130188	1.006620645523071	1.650250792503357	0.7539505958557129	0.6219658255577087	0.5069329142570496	0.5773730874061584	0.7476651668548584	0.8196486234664917	0.7513946294784546	1.176947355270386	0.9609255790710449	1.753039240837097	0.9089239239692688	1.06853175163269	0.8754026293754578	0.5439147353172302	0.6007514595985413	0.491894394159317	0.6045217514038086	0.4850710928440094	0.5350027084350586	0.7039665579795837	0.5106697678565979	0.7106381058692932	0.6099876165390015	0.5267747044563293	0.5956448316574097	0.6938221454620361	0.5100334286689758	0.6738376617431641	0.762962818145752	0.6320664882659912	0.7118006348609924	0.6795344352722168	0.7694055438041687	1.114485263824463	0.6764631271362305	0.7340611815452576	0.5741868615150452	0.8635591268539429	0.8785450458526611	0.7948006987571716	0.766524076461792	0.6187947988510132	0.7914279103279114	0.6647225618362427	0.5544183254241943	1.166526794433594	0.6263706684112549	0.6088305711746216	0.6431268453598022	0.6234076023101807	0.5102056860923767	0.6721416115760803	0.6820774674415588	0.7038697004318237	0.6902327537536621	0.4947115778923035	0.6465526819229126	0.5475838780403137	0.4610195755958557	0.5935288071632385	0.6465793251991272	0.5555973649024963	0.534609854221344	0.5240286588668823	0.5980505347251892	0.6111400127410889	0.4117283821105957	0.6742751002311707	0.6375463008880615	0.5837668180465698	0.6643938422203064	0.8200753331184387	0.6311519145965576	0.5837701559066772	0.6230027675628662	0.5688630938529968	0.7295427918434143	0.5094563364982605	0.6347727179527283	0.6104095578193665	0.6489222645759583	0.5842434763908386	0.5700610876083374	0.5197365880012512	0.5066918134689331	0.6634266376495361	0.8334491848945618	0.7865848541259766	0.8703106045722961	0	0.5561644434928894	0.3388643264770508	0.367205947637558	0.7968984246253967	0.5402450561523438	0.4728048741817474	0.8886726498603821	0.8629319667816162	0.6384207606315613	0.5704712271690369	0.6402401924133301	0.4887694716453552	0.8629236817359924	1.17182993888855
SRR19621221	1.068432450294495	1.317774057388306	0.9221174120903015	0.405512660741806	0.5799311995506287	0.5975669622421265	0.4785743355751038	0.6644988656044006	1.840917944908142	0.5520278811454773	0.2869767546653748	0.9630271196365356	1.602291941642761	0.750519335269928	0.4947470128536224	0.4202858805656433	0.4866523146629333	0.630543053150177	0.707417368888855	0.6725041270256042	1.049715518951416	0.7042403817176819	1.704209089279175	0.7213785648345947	0.9883862137794495	0.7494431734085083	0.4616566002368927	0.5149857401847839	0.4107771813869476	0.50120609998703	0.4746551811695099	0.4291119277477264	0.4120222330093384	0.4601844251155853	0.4958067536354065	0.4874641001224518	0.4718068242073059	0.4692596793174744	0.6148684024810791	0.486926794052124	0.5672903060913086	0.7613350749015808	0.5672035813331604	0.4883961081504822	0.6053167581558228	0.6822718977928162	0.923413872718811	0.6223909854888916	0.6206215620040894	0.6143508553504944	0.8441260457038879	0.8310727477073669	0.745335578918457	0.6638535857200623	0.5631434321403503	0.6890388131141663	0.5162476301193237	0.4538028836250305	1.004678249359131	0.5369498133659363	0.5353049635887146	0.5918012857437134	0.5653181076049805	0.507489800453186	0.5504094958305359	0.5336945056915283	0.5976303815841675	0.5245394706726074	0.4736963510513306	0.5779910683631897	0.5064127445220947	0.5033015608787537	0.552977979183197	0.3834170997142792	0.3405344188213348	0.4175397157669067	0.4276747703552246	0.4633756875991821	0.4759984612464905	0.4312991797924042	0.4514796137809753	0.4368516504764557	0.4256027340888977	0.4369191527366638	0.7812796831130981	0.4458977580070496	0.5794826745986938	0.4991650283336639	0.5010490417480469	0.5534844398498535	0.3304927051067352	0.3711644113063812	0.5555626153945923	0.5144091844558716	0.5333492159843445	0.5086778998374939	0.5112707614898682	0.5303996205329895	0.7774333953857422	0.7705941200256348	0.6393445730209351	0.8123284578323364	0.5561644434928894	0	0.5269333124160767	0.5810976028442383	0.6964006423950195	0.4681586623191833	0.4622988700866699	0.6631810069084167	0.6523562073707581	0.4829345345497131	0.4705441892147064	0.5912360548973083	0.2812219560146332	0.8355699181556702	1.205029726028442
SRR19621222	1.074153542518616	1.399861216545105	1.088092803955078	0.4446967244148254	0.5851355791091919	0.5924679636955261	0.5641056299209595	0.8501561880111694	1.831761121749878	0.5441223382949829	0.3509178161621094	0.953406810760498	1.596343755722046	0.7020068764686584	0.3948343694210052	0.4324132204055786	0.4866415560245514	0.6942557096481323	0.7323751449584961	0.6716147065162659	1.125798106193542	0.9300880432128906	1.687526702880859	0.8662272095680237	1.055040955543518	0.8064727783203125	0.3985839486122131	0.511241614818573	0.4640722572803497	0.4812950789928436	0.4619303345680237	0.5689027905464172	0.6630834937095642	0.4370171427726746	0.6245489120483398	0.4567858576774597	0.4232402443885803	0.5497106909751892	0.6715101003646851	0.496189296245575	0.5185812711715698	0.7097012996673584	0.6635399460792542	0.6508974432945251	0.7304922938346863	0.8210995197296143	1.085544109344482	0.6671074628829956	0.6812689304351807	0.6441892981529236	0.9244765043258667	0.9334177374839783	0.8111230134963989	0.7697293758392334	0.514244019985199	0.760373592376709	0.6946700811386108	0.4474223554134369	1.13586950302124	0.5943999886512756	0.496843159198761	0.568246603012085	0.5446820259094238	0.4493450820446014	0.582685649394989	0.5892484188079834	0.6198617815971375	0.6636229753494263	0.4467864036560059	0.5864160060882568	0.3875755369663239	0.512530505657196	0.6116711497306824	0.6140597462654114	0.5131151676177979	0.4569563865661621	0.4072068929672241	0.4736336171627045	0.5747644305229187	0.4527247250080109	0.6181811094284058	0.6045430898666382	0.4490496218204498	0.6253267526626587	0.7465068697929382	0.4988400638103485	0.6150795817375183	0.6422340869903564	0.570626974105835	0.6870230436325073	0.4829415082931519	0.6190525889396667	0.594069242477417	0.6303414106369019	0.4583985805511475	0.5167361497879028	0.4720756709575653	0.5184847116470337	0.6599572896957397	0.8096356987953186	0.7663153409957886	0.8314813375473022	0.3388643264770508	0.5269333124160767	0	0.3209908604621887	0.815934419631958	0.5584138631820679	0.4270471632480621	0.844753086566925	0.8212106227874756	0.5263969302177429	0.5172745585441589	0.6321384906768799	0.5270177125930786	0.7943803071975708	1.096871852874756
SRR19621223	1.074808478355408	1.324884653091431	1.019063472747803	0.5135309100151062	0.6342700123786926	0.6826366782188416	0.5742373466491699	0.8502714037895203	1.907644152641296	0.742709755897522	0.5166779756546021	0.9721336960792542	1.614576816558838	0.7531839609146118	0.5671404600143433	0.5933321118354797	0.6422520875930786	0.7405915856361389	0.8246673345565796	0.7243300080299377	1.078565001487732	0.9715138673782349	1.700117826461792	0.8413469791412354	0.9982326030731201	0.7931519746780396	0.5650036334991455	0.6498928666114807	0.5206958651542664	0.6075479984283447	0.5303833484649658	0.5825294256210327	0.7202574610710144	0.5310943722724915	0.6732292175292969	0.601019024848938	0.5502538681030273	0.5907362699508667	0.6925086379051208	0.6225041747093201	0.7619607448577881	0.9029802083969116	0.7491732239723206	0.6923717856407166	0.6718477010726929	0.8057684898376465	1.055894732475281	0.6213476657867432	0.7124581933021545	0.5557420253753662	0.9084126353263855	0.8752085566520691	0.7771508693695068	0.8076087236404419	0.6912907958030701	0.8136253952980042	0.6754180788993835	0.560051441192627	1.130779981613159	0.6103500723838806	0.5976921916007996	0.6140629649162292	0.6920953989028931	0.6129732131958008	0.6860501170158386	0.6626864075660706	0.6771627068519592	0.6761735677719116	0.637068510055542	0.7545456290245056	0.6131388545036316	0.6125013828277588	0.6216910481452942	0.6185017228126526	0.5642270445823669	0.569638729095459	0.5890968441963196	0.6704199910163879	0.6893693804740906	0.5324460864067078	0.7198746204376221	0.6838045120239258	0.5429676175117493	0.6434012055397034	0.8054970502853394	0.650040864944458	0.7071037888526917	0.7192401885986328	0.6744394898414612	0.7860749959945679	0.5687018632888794	0.6296974420547485	0.6338777542114258	0.6377304196357727	0.660369873046875	0.6361826658248901	0.5725448727607727	0.5500850677490234	0.6320967674255371	0.8401041030883789	0.8010209798812866	0.8914326429367065	0.367205947637558	0.5810976028442383	0.3209908604621887	0	0.8489132523536682	0.6101616621017456	0.625177800655365	0.8739179372787476	0.8670839071273804	0.6917095184326172	0.5828846096992493	0.6469014286994934	0.5228495001792908	0.8363903760910034	1.113358378410339
SRR19621224	1.390450835227966	1.647573232650757	1.210929393768311	0.7217288017272949	0.7421268820762634	0.8064746260643005	0.6579666137695312	0.9545791149139404	2.142601490020752	0.8600794076919556	0.7418084144592285	1.195571541786194	1.851130485534668	0.9843645095825195	0.8657549023628235	0.6411138772964478	0.6919801831245422	0.8977750539779663	0.9531174898147583	0.9329885244369507	1.365594148635864	1.001112937927246	1.976744413375854	1.05083703994751	1.263572931289673	1.056123018264771	0.8393584489822388	0.8284674286842346	0.6862680315971375	0.8208620548248291	0.7451025247573853	0.6184268593788147	0.7841778993606567	0.798285961151123	0.7941361665725708	0.8170767426490784	0.7433231472969055	0.7729189991950989	0.8245075941085815	0.7045567631721497	0.8714894652366638	0.8983073234558105	0.7315422892570496	0.7842698693275452	0.9367072582244873	1.049742102622986	1.294475436210632	0.8897004723548889	0.9204346537590027	0.862160325050354	1.044876575469971	1.059496283531189	0.9484593868255615	0.8989434838294983	0.9016579389572144	0.9069594144821167	0.7240080237388611	0.7438555359840393	0.9648325443267822	0.7627967596054077	0.8294736742973328	0.8954299688339233	0.8516730070114136	0.8658924102783203	0.787543773651123	0.8349531292915344	0.8392839431762695	0.6127668023109436	0.6873382329940796	0.7883641123771667	0.8678607940673828	0.7525770664215088	0.8987599611282349	0.7560093402862549	0.6802539229393005	0.7087422013282776	0.7245548963546753	0.8702976107597351	0.7301084399223328	0.7094866037368774	0.7982790470123291	0.7577398419380188	0.7702240347862244	0.7940162420272827	1.080083847045898	0.8196972012519836	0.8363921642303467	0.8410348296165466	0.8369163274765015	0.9382917284965515	0.7522989511489868	0.7305187582969666	0.9772522449493408	0.7797998189926147	0.8111111521720886	0.7498016953468323	0.896443784236908	0.8367947936058044	1.078957080841064	0.9276089072227478	0.6944706439971924	0.9632170796394348	0.7968984246253967	0.6964006423950195	0.815934419631958	0.8489132523536682	0	0.5289027690887451	0.5544533133506775	0.9342420101165771	0.8803676962852478	0.8384459018707275	0.7729220390319824	0.8874993920326233	0.705329954624176	1.104373335838318	0.9873225688934326
SRR19621225	1.160623550415039	1.426599740982056	0.9746086001396179	0.5308765172958374	0.4478698074817657	0.5578079223632812	0.4235284924507141	0.6797400712966919	1.90228545665741	0.6318707466125488	0.4629740715026855	0.9004282355308533	1.564821839332581	0.7521249651908875	0.6212382912635803	0.3906700611114502	0.3885533511638641	0.6453284025192261	0.6936323046684265	0.6734955906867981	1.121973633766174	0.8686975836753845	1.733061909675598	0.8603394031524658	1.11069917678833	0.8973748683929443	0.5950012803077698	0.5983442068099976	0.4528345763683319	0.585777759552002	0.4728096425533295	0.3102229535579681	0.6162762641906738	0.5288465023040771	0.592276394367218	0.5719144940376282	0.4672546088695526	0.5388983488082886	0.5897707343101501	0.4946044981479645	0.5684072971343994	0.6282418370246887	0.4273876249790192	0.6210362911224365	0.7278005480766296	0.8432157635688782	1.092378854751587	0.7013426423072815	0.7507360577583313	0.685556173324585	0.7412632703781128	0.7610020637512207	0.6671426892280579	0.6001874804496765	0.6670734286308289	0.6073740124702454	0.4880621731281281	0.4477065801620483	1.021071553230286	0.5280136466026306	0.4976440668106079	0.5783894062042236	0.6452810764312744	0.6228426694869995	0.5246030688285828	0.5347757935523987	0.5639054775238037	0.6368009448051453	0.4434259533882141	0.4937637150287628	0.6156159639358521	0.4913507401943207	0.5688313245773315	0.4705810248851776	0.4727048575878143	0.4616869390010834	0.5006307363510132	0.6069089770317078	0.5468291640281677	0.4412005543708801	0.4800112247467041	0.4350209534168243	0.5591719746589661	0.5970375537872314	0.8451812863349915	0.6039155721664429	0.5377298593521118	0.5735624432563782	0.5788599848747253	0.6953135132789612	0.4864474833011627	0.5271415114402771	0.7080121040344238	0.5239691734313965	0.5361764430999756	0.4990655481815338	0.6190499663352966	0.583782970905304	0.8349927663803101	0.691440224647522	0.6014451384544373	0.7330085635185242	0.5402450561523438	0.4681586623191833	0.5584138631820679	0.6101616621017456	0.5289027690887451	0	0.3095720708370209	0.792802095413208	0.7322129607200623	0.6111313700675964	0.5190733075141907	0.6117563247680664	0.4541194140911102	0.8965663313865662	1.242897391319275
SRR19621226	1.120833039283752	1.440823316574097	1.08881676197052	0.4488756358623505	0.4359108209609985	0.4886373281478882	0.4223378002643585	0.7789092659950256	1.858015060424805	0.5039833188056946	0.3651234209537506	0.9653623104095459	1.632683277130127	0.7469261884689331	0.4789960086345673	0.3256753087043762	0.4061990082263947	0.6127497553825378	0.687889039516449	0.6356750130653381	1.1649169921875	0.8540969491004944	1.712794542312622	0.8857208490371704	1.145644068717957	0.9147202968597412	0.4575657248497009	0.4661014080047607	0.4119839370250702	0.478763222694397	0.4560263156890869	0.4101064801216125	0.5823549628257751	0.4548565447330475	0.5750362873077393	0.4286258518695831	0.4044458568096161	0.5294025540351868	0.5913596153259277	0.4204815626144409	0.5298260450363159	0.6298255324363708	0.4895929396152496	0.5504276156425476	0.762607753276825	0.8758166432380676	1.097397804260254	0.7273333668708801	0.7771356701850891	0.7288509607315063	0.8564130067825317	0.9146503806114197	0.7602870464324951	0.6856822967529297	0.5378199815750122	0.6751830577850342	0.5803636312484741	0.4127546548843384	1.065288543701172	0.5284303426742554	0.5295876264572144	0.651563286781311	0.5264742374420166	0.4913871586322784	0.4640388190746307	0.5458182692527771	0.5722344517707825	0.6048089265823364	0.2920388877391815	0.4752292335033417	0.4605325162410736	0.4423871338367462	0.6655645370483398	0.5672904253005981	0.402788370847702	0.4043900072574615	0.3819248676300049	0.4820384085178375	0.4763512015342712	0.3935587108135223	0.5417411923408508	0.5050086975097656	0.4633590281009674	0.5809630155563354	0.8264676928520203	0.4916101396083832	0.5814335346221924	0.561236560344696	0.5409176349639893	0.6710202097892761	0.4318139851093292	0.5344499945640564	0.617318332195282	0.5444229245185852	0.4140238463878632	0.4360618591308594	0.578705370426178	0.5664122700691223	0.7823384404182434	0.6982125639915466	0.6257055997848511	0.6940366625785828	0.4728048741817474	0.4622988700866699	0.4270471632480621	0.625177800655365	0.5544533133506775	0.3095720708370209	0	0.7411998510360718	0.7124311327934265	0.4658464789390564	0.4700137078762054	0.6465608477592468	0.4869696497917175	0.8581767678260803	1.178614974021912
SRR19621227	1.4173663854599	1.684299468994141	1.065121054649353	0.6862910985946655	0.8578819036483765	0.8797144889831543	0.755832314491272	1.018397808074951	2.128234148025513	0.8782072067260742	0.7420335412025452	1.297065734863281	1.895443916320801	1.099316000938416	0.8439524173736572	0.7430779337882996	0.8035895824432373	0.952498733997345	1.041025757789612	0.9891470074653625	1.357012391090393	0.4016945064067841	1.983321070671082	0.9797548055648804	0.5898124575614929	0.4912381768226624	0.7668875455856323	0.8160662651062012	0.7234237790107727	0.8037025928497314	0.8232335448265076	0.7321987152099609	0.5769866108894348	0.8066079020500183	0.6051485538482666	0.8187065124511719	0.7738479375839233	0.6995429992675781	0.8922021985054016	0.8113986849784851	0.8962924480438232	0.9846581220626831	0.7201689481735229	0.3865559697151184	0.8617212176322937	0.810421347618103	1.096271991729736	0.8206250071525574	0.4239412546157837	0.6599081158638	1.166709303855896	1.186027407646179	1.108044862747192	0.9897964000701904	0.894059956073761	1.026663661003113	0.8558646440505981	0.772510290145874	0.6587647795677185	0.8036016821861267	0.8791182637214661	0.938129723072052	0.8237074613571167	0.8349494338035583	0.8278555274009705	0.8922273516654968	0.9223583340644836	0.7258322238922119	0.7036908268928528	0.8246227502822876	0.861811637878418	0.8638468384742737	0.930543065071106	0.738059937953949	0.637639045715332	0.7387561798095703	0.7653332948684692	0.8405125141143799	0.4630230069160461	0.7475831508636475	0.8467742204666138	0.8139273524284363	0.6987271308898926	0.720447838306427	1.126076817512512	0.7615023851394653	0.9166861176490784	0.8542577028274536	0.8670250177383423	0.9903821349143982	0.7757155895233154	0.6395719647407532	0.9188597202301025	0.8198939561843872	0.8106041550636292	0.7876402735710144	0.9153692722320557	0.8828282952308655	1.085299611091614	1.056434035301208	0.9230214953422546	1.096180200576782	0.8886726498603821	0.6631810069084167	0.844753086566925	0.8739179372787476	0.9342420101165771	0.792802095413208	0.7411998510360718	0	0.2609964311122894	0.6897856593132019	0.8170198202133179	0.9599699974060059	0.7490216493606567	1.196102619171143	1.485851764678955
SRR19621228	1.388020038604736	1.653904557228088	1.052444815635681	0.7091522812843323	0.8258517384529114	0.8638535737991333	0.7350828051567078	1.010619282722473	2.163859605789185	0.891595184803009	0.6866191029548645	1.262038469314575	1.869530439376831	1.069782853126526	0.8174819946289062	0.71578449010849	0.8045772910118103	0.9355980753898621	1.014927625656128	0.969062328338623	1.310601592063904	0.4603866338729858	1.967764019966125	0.9489452242851257	0.6426902413368225	0.5010892748832703	0.7950149774551392	0.85503751039505	0.7304696440696716	0.8105272054672241	0.7914478778839111	0.7014338374137878	0.569208025932312	0.8042924404144287	0.5864574909210205	0.7924098372459412	0.7551825046539307	0.6812732219696045	0.8408693671226501	0.7855638861656189	0.9026297926902771	0.9878009557723999	0.7261776328086853	0.4191742539405823	0.8407135009765625	0.7465528249740601	1.056805014610291	0.7432968020439148	0.414674699306488	0.5906587243080139	1.145777225494385	1.137700319290161	1.06330394744873	0.994922399520874	0.9057186841964722	1.020882368087769	0.839303195476532	0.7727460265159607	0.6242102980613708	0.7602116465568542	0.8625395894050598	0.9275709986686707	0.8526204824447632	0.8305481672286987	0.8144527673721313	0.8745416402816772	0.8940167427062988	0.7293133735656738	0.7228763103485107	0.8334171175956726	0.8435807228088379	0.7936142086982727	0.914639949798584	0.7315927743911743	0.6669357419013977	0.7280680537223816	0.7761059403419495	0.7935011982917786	0.4306269288063049	0.6834709048271179	0.8559414744377136	0.8245947957038879	0.7335808873176575	0.7522649168968201	1.043215274810791	0.7917519211769104	0.8699154257774353	0.8255950212478638	0.865642249584198	0.9789249897003174	0.7566381096839905	0.640258252620697	0.9093351364135742	0.8239873051643372	0.8007165789604187	0.7552773356437683	0.8322281241416931	0.8025942444801331	1.011897087097168	1.049673318862915	0.9070954918861389	1.084872364997864	0.8629319667816162	0.6523562073707581	0.8212106227874756	0.8670839071273804	0.8803676962852478	0.7322129607200623	0.7124311327934265	0.2609964311122894	0	0.699857234954834	0.7853236198425293	0.9202656745910645	0.7068278789520264	1.11345386505127	1.452094554901123
SRR19621229	1.117235779762268	1.430828213691711	1.090475082397461	0.4112501442432404	0.649614155292511	0.6533372402191162	0.6098317503929138	0.8096883296966553	1.824424743652344	0.5239729285240173	0.4196461737155914	1.056219816207886	1.624774813652039	0.8091273903846741	0.3926275372505188	0.4492840766906738	0.5216013789176941	0.6803478002548218	0.7850201725959778	0.6921226382255554	1.075359106063843	0.8366460800170898	1.670557379722595	0.8727893233299255	1.054063081741333	0.8113969564437866	0.3316053450107574	0.4468040466308594	0.4469256997108459	0.4337944090366364	0.5745970606803894	0.6014426350593567	0.5958455801010132	0.5197817087173462	0.5406712293624878	0.4020014107227325	0.4886577725410461	0.6411907076835632	0.5063722729682922	0.5378850102424622	0.5365602970123291	0.7778201103210449	0.6985846757888794	0.6154053807258606	0.7081513404846191	0.6859624981880188	0.8760772347450256	0.8260298371315002	0.8319557309150696	0.8409003615379333	0.9298092722892761	0.987270176410675	0.8783831596374512	0.7278652787208557	0.4997951090335846	0.7405982613563538	0.7045383453369141	0.506720244884491	1.10263991355896	0.4534866511821747	0.5445386171340942	0.6233914494514465	0.4726448357105255	0.4715183675289154	0.5230717658996582	0.6042827963829041	0.6553316712379456	0.6770608425140381	0.4390648603439331	0.6035846471786499	0.4899914860725403	0.6112202405929565	0.6223723888397217	0.5804476141929626	0.4222550392150879	0.4967569410800934	0.4389853179454803	0.3458437025547028	0.599671483039856	0.5279265642166138	0.5710486173629761	0.5565621852874756	0.3020332157611847	0.4819174110889435	0.7502411603927612	0.4148692488670349	0.6189918518066406	0.5165479779243469	0.5447432398796082	0.6156018972396851	0.427667498588562	0.5943236351013184	0.5773649215698242	0.579679548740387	0.4876522719860077	0.485178142786026	0.4615731835365295	0.5635535717010498	0.6876680850982666	0.8345885276794434	0.7259226441383362	0.8336301445960999	0.6384207606315613	0.4829345345497131	0.5263969302177429	0.6917095184326172	0.8384459018707275	0.6111313700675964	0.4658464789390564	0.6897856593132019	0.699857234954834	0	0.4501074552536011	0.606533944606781	0.5869810581207275	0.8115306496620178	1.233630180358887
SRR19621230	1.103978276252747	1.410044312477112	1.122906684875488	0.4168858230113983	0.4642759561538696	0.4962331354618073	0.4431452751159668	0.7468903660774231	1.864446640014648	0.5127919912338257	0.4075707197189331	0.9883644580841064	1.647615790367126	0.7017002105712891	0.5479804277420044	0.4295962750911713	0.4976454973220825	0.6273407340049744	0.7258555889129639	0.6382861733436584	1.091089248657227	0.8875648975372314	1.704705357551575	0.831975519657135	1.105376005172729	0.8692306280136108	0.5171060562133789	0.4564131498336792	0.3900456130504608	0.4680800139904022	0.4247273504734039	0.4610225558280945	0.6384242177009583	0.4631042182445526	0.5529800057411194	0.4260711967945099	0.3976812958717346	0.5292404890060425	0.4141440689563751	0.4650992751121521	0.5891991853713989	0.7229375839233398	0.667264997959137	0.6134023666381836	0.6850644946098328	0.7786744832992554	0.9591366648674011	0.7370282411575317	0.7906129360198975	0.7528738975524902	0.7898834943771362	0.8548729419708252	0.6681680083274841	0.6505478024482727	0.5842044353485107	0.6370865106582642	0.5037150382995605	0.4430525004863739	1.085241913795471	0.3529246151447296	0.5460226535797119	0.6089487671852112	0.5929309129714966	0.5944566130638123	0.4424669146537781	0.5283603072166443	0.5408727526664734	0.6973807215690613	0.5286166667938232	0.6618241667747498	0.5747266411781311	0.4786593317985535	0.6660407185554504	0.5644015669822693	0.3571876585483551	0.4753155112266541	0.3965272009372711	0.3510718643665314	0.5737593770027161	0.4631993472576141	0.5218744277954102	0.4684314727783203	0.4756985902786255	0.5479872822761536	0.7090843915939331	0.4871788620948792	0.4979276359081268	0.5081234574317932	0.540148138999939	0.6182301044464111	0.3954336047172546	0.5063129067420959	0.6598579883575439	0.4720208942890167	0.4112388789653778	0.3946963846683502	0.518208384513855	0.5149356126785278	0.7284368276596069	0.6815949678421021	0.6250566840171814	0.6750298142433167	0.5704712271690369	0.4705441892147064	0.5172745585441589	0.5828846096992493	0.7729220390319824	0.5190733075141907	0.4700137078762054	0.8170198202133179	0.7853236198425293	0.4501074552536011	0	0.3718966543674469	0.5130345821380615	0.8098764419555664	1.255820989608765
SRR19621231	1.064520955085754	1.363731741905212	1.141906976699829	0.5797978043556213	0.558515727519989	0.5777677297592163	0.5831270813941956	0.7486599683761597	1.830908894538879	0.5893288850784302	0.5513737201690674	0.9795786142349243	1.619421720504761	0.6989420056343079	0.6717895269393921	0.544406533241272	0.6240507960319519	0.6265319585800171	0.7214334011077881	0.6305671334266663	1.059460043907166	0.9635419249534607	1.667695164680481	0.8364719152450562	1.115557789802551	0.9317886233329773	0.6419278383255005	0.5961311459541321	0.517334520816803	0.5877529978752136	0.503506064414978	0.5767199993133545	0.7429918050765991	0.5960588455200195	0.6952952742576599	0.5707588195800781	0.5239130258560181	0.6542659997940063	0.4734576940536499	0.5710021257400513	0.6778253316879272	0.8509937524795532	0.8170320391654968	0.7728314399719238	0.6792381405830383	0.8074045181274414	1.042453408241272	0.8097094893455505	0.8764321804046631	0.7681089639663696	0.7775256037712097	0.8281016945838928	0.6315404176712036	0.6869609951972961	0.6467676758766174	0.6346266269683838	0.5611486434936523	0.5644819736480713	1.131630420684814	0.4898218512535095	0.6178483963012695	0.6267075538635254	0.6821284294128418	0.6981214880943298	0.4748620092868805	0.5201892256736755	0.5020503401756287	0.745203971862793	0.6785499453544617	0.8078567385673523	0.6376068592071533	0.5293223857879639	0.6029221415519714	0.6563359498977661	0.5297095775604248	0.5951875448226929	0.5034852027893066	0.5678460597991943	0.7468716502189636	0.5456279516220093	0.5790369510650635	0.5536470413208008	0.5768309831619263	0.6160609722137451	0.786575973033905	0.5807137489318848	0.5326943397521973	0.5503770112991333	0.5702369809150696	0.6239565014839172	0.463117390871048	0.6313731074333191	0.6542990803718567	0.4860033094882965	0.5169721245765686	0.4930862784385681	0.5864637494087219	0.5745456218719482	0.7447145581245422	0.6638427376747131	0.6594697237014771	0.6467412710189819	0.6402401924133301	0.5912360548973083	0.6321384906768799	0.6469014286994934	0.8874993920326233	0.6117563247680664	0.6465608477592468	0.9599699974060059	0.9202656745910645	0.606533944606781	0.3718966543674469	0	0.5625748634338379	0.8455879092216492	1.258191823959351
SRR19621232	1.078787922859192	1.287588596343994	1.016724824905396	0.5187862515449524	0.5618747472763062	0.6261730790138245	0.4787185192108154	0.7437180876731873	1.851616263389587	0.6199831962585449	0.3338183164596558	0.9496873021125793	1.604128837585449	0.7257468104362488	0.5923121571540833	0.4302147626876831	0.5205770134925842	0.6453009843826294	0.7200737595558167	0.6495317816734314	1.041030406951904	0.7986911535263062	1.696421980857849	0.7713943719863892	1.033603310585022	0.8115078806877136	0.5444930791854858	0.6128782629966736	0.4691958725452423	0.5762131214141846	0.4786210656166077	0.4723473489284515	0.5434370040893555	0.4701255857944489	0.6485514044761658	0.5974316000938416	0.5251381397247314	0.5380201935768127	0.6303207874298096	0.4965139627456665	0.6707706451416016	0.7727229595184326	0.6229590773582458	0.5419960021972656	0.6522442698478699	0.7348944544792175	1.017995119094849	0.5983058214187622	0.6607676148414612	0.556229829788208	0.8518660068511963	0.8331168293952942	0.744081974029541	0.725635290145874	0.6016055941581726	0.7301173210144043	0.5740109086036682	0.5377071499824524	1.099208235740662	0.5607049465179443	0.6043362617492676	0.6252292394638062	0.6294910311698914	0.5906952619552612	0.6041149497032166	0.5984755754470825	0.6283771991729736	0.5974084734916687	0.4962269067764282	0.6160133481025696	0.5607984662055969	0.5044777393341064	0.5842421650886536	0.5277049541473389	0.4436243772506714	0.4433502852916718	0.5017251968383789	0.5343679189682007	0.5163553357124329	0.3762409389019012	0.5311050415039062	0.4970694780349731	0.5146899819374084	0.5274983644485474	0.7729686498641968	0.5404496192932129	0.6528897285461426	0.5807176232337952	0.5985890030860901	0.5549013018608093	0.4313324093818665	0.4685929417610168	0.5879932045936584	0.5781765580177307	0.5862363576889038	0.562192440032959	0.5703592300415039	0.552498996257782	0.7612345218658447	0.7588505744934082	0.6670902967453003	0.7863540053367615	0.4887694716453552	0.2812219560146332	0.5270177125930786	0.5228495001792908	0.705329954624176	0.4541194140911102	0.4869696497917175	0.7490216493606567	0.7068278789520264	0.5869810581207275	0.5130345821380615	0.5625748634338379	0	0.8293617963790894	1.200566291809082
SRR19621233	0.7995473146438599	1.200399994850159	1.044134020805359	0.9580848217010498	0.9035691022872925	0.9257585406303406	0.916056215763092	1.018227100372314	1.885523796081543	0.7983542084693909	0.7709556221961975	0.9022015929222107	1.37214720249176	0.7258768081665039	0.8047789335250854	0.8181431889533997	0.8780810236930847	0.8138454556465149	0.85896235704422	0.6546673178672791	1.143183588981628	1.252017259597778	1.690281271934509	0.7196515202522278	1.306132078170776	1.10316789150238	0.8039881587028503	0.886922299861908	0.8700335025787354	0.8692046403884888	0.7497807741165161	0.9268240332603455	1.019804239273071	0.6387362480163574	1.042363166809082	0.8679853081703186	0.8263325691223145	0.8550406098365784	0.7129848599433899	0.8300470113754272	0.9597023725509644	1.127793788909912	1.098655819892883	1.069492101669312	0.8006895780563354	0.7102136015892029	1.086089491844177	0.9407575726509094	1.072948694229126	1.009755492210388	0.9504337310791016	0.9296764135360718	0.7663694024085999	0.880039393901825	0.9149853587150574	0.8723574280738831	0.8591948747634888	0.842944860458374	1.252793073654175	0.7105933427810669	0.8241360187530518	0.8345752358436584	0.9494521617889404	0.8021289110183716	0.8618389368057251	0.7675673961639404	0.7541694045066833	1.016961097717285	0.896203339099884	1.007770419120789	0.8484064340591431	0.887866735458374	0.8428789377212524	0.8899898529052734	0.9079764485359192	0.8797534704208374	0.8247182965278625	0.7857944965362549	1.038280129432678	0.89983069896698	0.8458330035209656	0.8304399847984314	0.8681257963180542	0.9296409487724304	0.2246898859739304	0.873569130897522	0.8541750907897949	0.788453996181488	0.7800041437149048	0.8690166473388672	0.8014968037605286	0.9096196889877319	0.8462985754013062	0.8822533488273621	0.7972561717033386	0.8124531507492065	0.6674489378929138	0.6434511542320251	0.663845419883728	0.854762852191925	0.8380139470100403	0.8365270495414734	0.8629236817359924	0.8355699181556702	0.7943803071975708	0.8363903760910034	1.104373335838318	0.8965663313865662	0.8581767678260803	1.196102619171143	1.11345386505127	0.8115306496620178	0.8098764419555664	0.8455879092216492	0.8293617963790894	0	0.8235281109809875
SRR19621234	1.126075267791748	1.55548083782196	1.269248723983765	1.235571146011353	1.266191005706787	1.289314150810242	1.274300575256348	1.421558260917664	2.280418872833252	1.204265832901001	1.153393268585205	1.361074566841125	1.705930352210999	1.190415263175964	1.061552762985229	1.176209330558777	1.216728091239929	1.270778059959412	1.32353413105011	1.081010222434998	1.539758801460266	1.527708053588867	2.044378280639648	0.9856748580932617	1.57122528553009	1.385185360908508	1.09181547164917	1.221285700798035	1.225837349891663	1.19156539440155	1.135413408279419	1.281712532043457	1.317096352577209	0.9786231517791748	1.324182391166687	1.158725380897522	1.162558794021606	1.174443006515503	1.277344584465027	1.206726670265198	1.245303153991699	1.430747747421265	1.407306551933289	1.36518120765686	1.193379998207092	1.169760346412659	1.575898766517639	1.025656819343567	1.338256239891052	1.207312107086182	1.390087485313416	1.366410970687866	1.230478882789612	1.318601489067078	1.224881768226624	1.299430847167969	1.263838410377502	1.159395217895508	1.383545398712158	1.214072227478027	1.101842761039734	1.133926510810852	1.236649394035339	1.058133721351624	1.180719614028931	1.103123545646667	1.084082365036011	1.163560152053833	1.224407315254211	1.314280867576599	1.148079991340637	1.24950122833252	1.180849313735962	1.22624409198761	1.252498388290405	1.20764148235321	1.167962074279785	1.183721661567688	1.345686912536621	1.270384192466736	1.208089113235474	1.209110617637634	1.169155240058899	1.244400858879089	0.9020629525184631	1.188107132911682	1.185814619064331	1.214053988456726	1.145079255104065	1.237025856971741	1.15779185295105	1.246720552444458	0.9866026043891907	1.222851395606995	1.177674531936646	1.164880037307739	1.064476847648621	1.123444318771362	1.044102191925049	1.30687415599823	1.150701284408569	1.304050803184509	1.17182993888855	1.205029726028442	1.096871852874756	1.113358378410339	0.9873225688934326	1.242897391319275	1.178614974021912	1.485851764678955	1.452094554901123	1.233630180358887	1.255820989608765	1.258191823959351	1.200566291809082	0.8235281109809875	0
